,e1_out_mean,e2_out_mean,e1_out_std,e2_out_std
0,-0.6046691,-0.26443005,0.111168005,0.111930005
1,-0.017734878,0.06479794,0.072045445,0.06659767
2,0.14124651,0.24715172,0.09682878,0.09490718
3,0.2470413,0.19783291,0.07467532,0.06730785
4,0.23990782,-0.11727289,0.06984662,0.06304558
5,-0.0071287416,0.00062663853,0.09400641,0.08463146
6,0.07614124,-0.011555068,0.20312843,0.2108948
7,-0.27416247,-0.09801057,0.12965634,0.12500067
8,-0.0033748876,-0.16245742,0.07868203,0.063127786
9,0.023726556,-0.13490294,0.17401165,0.16307272
10,0.090336084,0.07154937,0.09139006,0.08558576
11,-0.40335077,-0.56501263,0.10706428,0.11453696
12,0.08175251,-0.0023539215,0.13793325,0.12064704
13,-0.01978198,0.044867963,0.07650915,0.06810879
14,0.1995998,0.046639904,0.08788791,0.08547809
15,0.20112254,-0.01360359,0.14311321,0.13173607
16,-0.11029351,-0.2700444,0.09691676,0.093403146
17,0.012828387,0.11946449,0.09035779,0.07446199
18,-0.10547939,-0.030192763,0.13442433,0.12387797
19,-0.06504196,0.42582947,0.100527324,0.10018116
20,-0.050247874,0.10925281,0.09378002,0.09557219
21,-0.023477025,0.084163725,0.081484,0.07358223
22,0.23958123,0.084148005,0.06508487,0.05580035
23,-0.39520326,0.55859,0.14270678,0.13049102
24,-0.0026002005,-0.08315645,0.08499405,0.07974997
25,0.022289574,0.24529226,0.10277661,0.09077604
26,0.014903713,-0.038079888,0.09448526,0.08961601
27,0.018767469,0.025194764,0.11416792,0.10117894
28,-0.13778637,-0.24783386,0.06117885,0.059248656
29,-0.24795419,-0.10369396,0.113582075,0.101932354
30,-0.01892329,0.040942445,0.045256622,0.041666195
31,0.058354963,-0.19681102,0.068568826,0.05669394
32,-0.36254126,0.0025816262,0.06570103,0.06138116
33,0.16604178,0.27239603,0.23643441,0.22615035
34,0.15505196,0.44217372,0.07939361,0.06554659
35,0.10641128,0.057984352,0.07346626,0.055314902
36,-0.13397451,-0.13076651,0.081641994,0.077044375
37,0.3827061,0.14928715,0.13957836,0.1259557
38,-0.10637157,0.2411264,0.1592868,0.14454512
39,-0.25324863,0.19538084,0.08798857,0.08349226
40,-0.029703181,0.020013005,0.10330366,0.09513505
41,-0.008771244,0.15777506,0.08881856,0.08139562
42,-0.48525256,-0.065892816,0.09057397,0.07280307
43,-0.062083717,-0.1466686,0.048837584,0.03913018
44,0.25380373,0.043053314,0.07060206,0.06442635
45,-0.12046152,0.3133043,0.10348727,0.08281628
46,0.17030124,-0.09016187,0.045409516,0.038660083
47,-0.039952174,-0.14639737,0.050171215,0.040259317
48,-0.32533264,-0.008491442,0.08603274,0.071224116
49,-0.28672126,-0.05442947,0.10896629,0.10891601
50,-0.3311757,-0.017347813,0.0794306,0.07741287
51,0.36337236,-0.32783473,0.09315497,0.083924405
52,-0.1363775,0.020515837,0.061548833,0.050671555
53,-0.3781026,-0.033235006,0.0659544,0.062046688
54,-0.002002418,-0.015488386,0.081188805,0.071068905
55,0.4842026,0.12528116,0.040039826,0.02931579
56,0.06501052,0.64468634,0.0757375,0.07731194
57,-0.16481161,-0.03766994,0.06067568,0.051292818
58,0.13221309,0.022050142,0.05106049,0.043710697
59,-0.16341606,0.103564605,0.13968816,0.13310553
60,0.81139696,0.33042234,0.09557885,0.08046334
61,0.023535933,0.042455293,0.06392074,0.057170674
62,0.08400679,-0.2538766,0.085821934,0.076516315
63,-0.06770155,-0.23301606,0.041713905,0.033716794
64,-0.27660143,-0.25284225,0.14913337,0.13502957
65,0.0946029,-0.41586018,0.09313184,0.08856062
66,0.1740161,0.12960202,0.070844084,0.067570694
67,0.7888525,-0.24356955,0.1695987,0.15445319
68,0.30755275,-0.23589775,0.116958424,0.1086976
69,-0.057139955,0.092909046,0.12039096,0.11373799
70,0.014657393,0.077374645,0.07251344,0.07020307
71,0.06646651,-0.07977466,0.09275521,0.08345662
72,-0.033449486,-0.091005474,0.0414884,0.036687266
73,0.1772196,0.22812562,0.08237167,0.06852068
74,0.3260844,0.24882825,0.12408925,0.09644678
75,0.09731154,0.32741112,0.08090749,0.07604206
76,-0.5456392,-0.22072747,0.1424463,0.14163269
77,-0.21403079,0.38560152,0.09643516,0.09712087
78,0.16992666,0.13399999,0.1045485,0.098670244
79,0.17490478,0.1302781,0.102965705,0.092876576
80,-0.08003567,-0.061797544,0.17209433,0.16058612
81,0.016418558,0.053924188,0.09517865,0.085368216
82,-0.07462065,0.1607041,0.08561404,0.07845018
83,0.13064964,-0.11604315,0.061365314,0.050062094
84,-0.0603656,0.0071399063,0.09330917,0.0824555
85,0.1691973,-0.4424966,0.06917005,0.06017322
86,-0.012455396,-0.4874252,0.09110116,0.08816651
87,-0.15363641,-0.05300098,0.064421155,0.06255479
88,-0.09883098,-0.09570308,0.1286511,0.11252141
89,-0.06750353,-0.06461538,0.10745387,0.09655001
90,-0.08102709,-0.01286982,0.24861346,0.22659646
91,0.28349835,0.20308292,0.09413011,0.079995714
92,0.3837301,0.47912407,0.092198975,0.098961525
93,-0.032199405,0.42633808,0.17743103,0.16692948
94,-0.013938114,-0.09091075,0.060581885,0.057933655
95,-0.06599699,-0.30833697,0.07718056,0.07275289
96,0.2738088,-0.27347088,0.07416108,0.06746352
97,-0.14284566,0.08052101,0.05328108,0.050884895
98,-0.0060353093,-0.048893422,0.03642222,0.031161638
99,0.39628902,0.14399852,0.096164815,0.087252654
100,-0.1557218,0.047981977,0.08129069,0.06964625
101,-0.0955977,-0.6731825,0.11621048,0.112979144
102,-0.036094822,-0.1278245,0.050431617,0.043971904
103,-0.05161867,-0.13500765,0.07173437,0.06949291
104,-0.29779744,-0.5637407,0.06525531,0.07280916
105,-0.31199148,-0.05197721,0.082017325,0.076292224
106,0.10335593,-0.03418587,0.1568904,0.15210225
107,0.21855734,-0.06880368,0.15354623,0.14666042
108,0.025914382,-0.49794447,0.110350154,0.10467682
109,0.08789964,-0.045142412,0.073270515,0.053595275
110,-0.2814399,-0.054851502,0.121534795,0.12026294
111,0.07796855,0.2702434,0.16140349,0.14928213
112,0.038300432,0.019006036,0.0887577,0.07532081
113,-0.16550183,-0.11267712,0.055083778,0.050620854
114,-0.29006797,0.51526034,0.051786788,0.053166334
115,0.25848415,0.025762618,0.12722969,0.12068518
116,-0.15440725,-0.057556763,0.05774575,0.050386336
117,-0.013849046,0.1924808,0.07299263,0.058610227
118,0.032625873,0.025940262,0.09081381,0.08638859
119,0.73652154,0.1638574,0.0672282,0.056549434
120,0.026081309,0.036422707,0.07775105,0.070224755
121,-0.18812856,0.085567184,0.12127044,0.12092017
122,-0.46200824,0.21070667,0.08787863,0.08528282
123,0.3169003,-0.07009917,0.07545034,0.063537516
124,-0.013013635,0.05492358,0.11060976,0.095109895
125,0.09911795,0.008868411,0.1289869,0.12369488
126,0.06481929,0.058754817,0.056624297,0.043088924
127,-0.037454564,0.15018283,0.09091211,0.086657494
128,-0.020813059,0.17701349,0.06926348,0.060854387
129,-0.08588734,0.025750391,0.10356392,0.10279997
130,-0.09634347,0.17691667,0.0496981,0.044994067
131,0.018536912,0.071331546,0.073489845,0.062590905
132,-0.7045405,-0.25028622,0.12080001,0.10982151
133,0.03268607,0.025942788,0.16551125,0.15796211
134,0.14674054,-0.062362596,0.16107173,0.14888622
135,-0.12725899,0.22981833,0.22833003,0.22190338
136,0.029127516,-0.008752137,0.06072662,0.056701776
137,-0.009534318,0.30413657,0.057271928,0.05166866
138,0.048927985,0.09366086,0.042941734,0.0363622
139,0.26334724,-0.75397575,0.108051,0.109198
140,0.10807951,-0.16592766,0.06804976,0.0637674
141,0.0038595833,-0.34331983,0.059639055,0.051780634
142,-0.1044513,0.09788136,0.051998097,0.0492644
143,-0.26142418,0.10697739,0.06951229,0.05465594
144,0.1439077,0.2188158,0.19531181,0.19550626
145,0.17091964,0.22709544,0.10543063,0.093028635
146,-0.32801324,-0.13176398,0.12848601,0.11823852
147,-0.13003418,-0.14009541,0.11015606,0.10229877
148,-0.17928912,-0.09990752,0.06269423,0.051708136
149,0.35460043,0.14889489,0.15438102,0.14918683
150,0.029499363,-0.017129913,0.04454781,0.030582117
151,-0.18943988,0.04623566,0.08704643,0.08153247
152,-0.13826053,0.19139232,0.058558956,0.05053357
153,-0.33856413,0.17278527,0.07525321,0.060069323
154,-0.06759608,-0.02866041,0.13835077,0.14441489
155,-0.20100372,-0.43025392,0.04542739,0.040417057
156,-0.55732894,0.0645695,0.13087207,0.13017818
157,-0.13541478,-0.07357097,0.07697815,0.0725247
158,-0.16884449,0.09642079,0.050862014,0.047178887
159,-0.2746175,0.05751551,0.13736297,0.12576741
160,-0.27210578,0.29135412,0.063939415,0.05930034
161,-0.2814965,0.30734634,0.06397206,0.049839564
162,-0.08230223,-0.09505637,0.10288321,0.10043437
163,-0.13263486,-0.16691364,0.1548786,0.1395389
164,-0.058465928,-0.033180624,0.0985919,0.092824966
165,-0.63261765,0.084147975,0.070587955,0.06704356
166,-0.20093222,-0.10170452,0.086224146,0.075634025
167,-0.053830247,0.053318195,0.08605112,0.080673106
168,0.1072485,-0.12171008,0.06941576,0.06306168
169,0.12669052,-0.21290292,0.12903824,0.1268703
170,-0.059009884,-0.32532102,0.10096936,0.10100109
171,-0.18479842,0.060079277,0.057444718,0.05301692
172,-0.103103235,-0.26968485,0.075508155,0.06658322
173,-0.0692641,0.3655414,0.049446024,0.041227534
174,0.13289388,-0.015038423,0.16209713,0.14305256
175,0.3468087,0.4159066,0.11590987,0.10370318
176,0.017580584,0.6782081,0.1226589,0.11596295
177,-0.04094457,-0.013765022,0.13245511,0.12163416
178,-0.14902063,0.09351429,0.08878442,0.07647642
179,-0.21255238,0.33360046,0.088156134,0.07451798
180,0.13465102,-0.035656765,0.091584906,0.08588279
181,0.33382618,-0.05767584,0.111372784,0.102255635
182,-0.006067548,0.05902446,0.044424433,0.038664855
183,0.05735786,-0.01228109,0.06588085,0.059460334
184,0.051525436,0.0133816,0.062883325,0.057939626
185,-0.12903246,-0.23490666,0.114677414,0.10124224
186,-0.021870758,-0.20553045,0.05934127,0.048307113
187,0.21592407,0.13369982,0.15503809,0.16557196
188,-0.11816746,-0.11258209,0.106132984,0.0947779
189,0.24401489,-0.35078722,0.077581726,0.07948762
190,0.09154925,-0.052234143,0.09433506,0.09205513
191,-0.19537814,-0.4754933,0.05692108,0.044194322
192,-0.043324262,-0.20044117,0.07191433,0.0631814
193,0.18465646,0.09047322,0.11760398,0.111598775
194,-0.44677818,-0.23347732,0.21404196,0.21557944
195,0.0026024636,0.0025144592,0.05701297,0.050729964
196,0.43889067,-0.22141393,0.25046104,0.25823823
197,-0.22279601,0.29745746,0.09109191,0.085614
198,-0.071504965,-0.03898433,0.08761229,0.071626894
199,0.3245946,-0.4028116,0.12750782,0.1186583
200,-0.1928581,0.035333052,0.04979224,0.044294767
201,-0.055372946,0.021729052,0.04648273,0.041364316
202,0.058354963,-0.19681102,0.068568826,0.05669394
203,-0.055369947,-0.12251157,0.19079481,0.18211211
204,0.028270587,0.17032614,0.050180744,0.043052215
205,-0.15410405,-0.18523505,0.092539966,0.085275516
206,0.21943848,-0.17826594,0.093107074,0.08663662
207,0.37782222,-0.4081583,0.09739067,0.09467121
208,-0.037342466,-0.0058569387,0.07680174,0.06875123
209,0.08498049,-0.114464104,0.11600998,0.10315215
210,-0.31265616,-0.07709941,0.08308512,0.06854044
211,0.047595195,-0.026136622,0.12042847,0.10060793
212,0.010080155,-0.013950035,0.054611962,0.043995176
213,-0.17144473,-0.06349939,0.11814499,0.11029625
214,0.04297006,-0.048738487,0.047061104,0.036034074
215,0.44609082,-0.0143034905,0.099718876,0.08909572
216,0.16381659,-0.4851876,0.063060515,0.054203928
217,-0.17055707,0.09421815,0.096509956,0.07975065
218,-0.4464495,0.17489243,0.113349214,0.10451508
219,-0.045313492,0.21555634,0.28028196,0.29969358
220,0.4103285,0.35038608,0.15848035,0.15569179
221,-0.095219746,0.19345795,0.066156715,0.06424306
222,-0.12384646,0.12237251,0.07531811,0.069830626
223,0.12131147,0.054580092,0.09228052,0.080877714
224,0.17141253,0.17497489,0.18043,0.16237381
225,0.031572033,-0.16908209,0.11733177,0.0992884
226,0.20771606,-0.73946035,0.060132522,0.05306577
227,0.22293966,-0.20503916,0.14154221,0.13667594
228,0.08325952,0.10373745,0.055009313,0.04508653
229,-0.70118916,-0.23016363,0.14083636,0.13806821
230,-0.035365064,0.8662586,0.10674891,0.11174648
231,0.027688202,0.28118372,0.09969859,0.0878898
232,-0.20233029,0.6919375,0.1515906,0.13925572
233,0.029557545,-0.11534871,0.14682491,0.1569253
234,-0.08430424,0.11172288,0.08445605,0.0787902
235,-0.103297964,0.29057425,0.08552157,0.08413536
236,-0.22039734,-0.24133143,0.11749513,0.15194425
237,0.030606817,-0.23535047,0.12856956,0.1328076
238,-0.0027675033,0.07667805,0.06532566,0.044084772
239,-0.09237553,0.08491637,0.04456103,0.035016943
240,0.08580424,-0.07115136,0.10031126,0.09122229
241,-0.4782524,-0.079126485,0.100614555,0.098226465
242,-0.022131782,0.2599855,0.16674343,0.16677712
243,0.071953684,-0.24676065,0.10518515,0.096831314
244,-0.085733354,0.06837124,0.08808474,0.08313247
245,0.17474131,0.14827974,0.24631314,0.229694
246,0.09459868,0.27896208,0.114376545,0.10533074
247,0.16604178,0.27239603,0.23643441,0.22615035
248,0.018503528,0.39371425,0.096467204,0.09562151
249,0.05237556,0.2386774,0.11716352,0.11864883
250,-0.080787346,-0.32500088,0.1707552,0.17313378
251,-0.15222374,0.4254374,0.057744518,0.05386035
252,-0.07896845,-0.16784799,0.19690746,0.18369457
253,-0.5372899,-0.3164968,0.05722791,0.057114996
254,0.029781908,0.14076917,0.086434856,0.07075444
255,-0.03995985,-0.072849095,0.052625086,0.03958364
256,-0.055335168,-0.054270357,0.07518179,0.06892368
257,0.27396846,0.26545304,0.04878581,0.042125322
258,-0.08743474,-0.025795713,0.051918987,0.043554906
259,-0.027611252,0.060876712,0.09541871,0.09335337
260,-0.14406677,0.019940645,0.08256135,0.072467305
261,0.0010544807,0.14241083,0.048457414,0.04506554
262,-0.013715744,-0.1452198,0.18349472,0.17578013
263,-0.002002418,-0.015488386,0.081188805,0.071068905
264,0.1595187,0.1967785,0.14478314,0.1369045
265,-0.03188395,-0.15340596,0.24884602,0.24751508
266,-0.01036384,-0.020972416,0.114703976,0.103397965
267,-0.0093472395,-0.053817645,0.05984231,0.045857772
268,0.5317411,0.31810325,0.086559825,0.08086953
269,0.3390351,0.1158126,0.05586442,0.04867959
270,-0.013715744,-0.1452198,0.18349472,0.17578013
271,0.4697154,-0.4477679,0.09596242,0.09007931
272,0.48762932,-0.23913771,0.088354655,0.08227978
273,-0.17304783,0.017487563,0.0748104,0.07261417
274,-0.14168441,0.007959843,0.17567569,0.1623458
275,-0.6396644,-0.042379446,0.1043537,0.09984484
276,0.18392797,0.1148773,0.14854538,0.14038604
277,-0.0029683746,-0.046303764,0.054073405,0.043301135
278,0.017086856,-0.22346222,0.1865642,0.17097414
279,0.11041939,-0.024769932,0.058989696,0.04702325
280,-0.061603084,0.050106622,0.06065964,0.055893272
281,-0.15763499,0.33475292,0.060466878,0.044966277
282,0.10257341,-0.19886935,0.07017319,0.05900016
283,-0.11277543,0.052816696,0.1226318,0.11499557
284,0.019049276,0.010110915,0.10023459,0.08506945
285,-0.14881119,0.10588065,0.1179133,0.11320566
286,-0.09894346,-0.12329248,0.057078626,0.05351951
287,-0.02384441,0.12694697,0.04846139,0.041275833
288,0.2509747,0.10779682,0.077786334,0.06392648
289,0.11067152,0.09921162,0.21714713,0.20446123
290,-0.13289388,-0.08117245,0.11001703,0.10386013
291,-0.05106188,0.35574746,0.11034109,0.101509556
292,-0.0154749565,-0.17589557,0.05329374,0.046896975
293,-0.7114381,0.57888424,0.09989408,0.093876526
294,-0.27157015,-0.17869066,0.08447325,0.08119474
295,-0.07648133,0.040506497,0.116598316,0.104109176
296,-0.14373976,-0.023306668,0.15878673,0.15763684
297,0.08456144,-0.07609795,0.08033858,0.070691474
298,-0.11310391,-0.0811363,0.08544944,0.0725869
299,-0.19845006,-0.07458544,0.16575308,0.16140598
300,0.13191369,-0.027716279,0.23870488,0.22890155
301,-0.041789263,0.17898251,0.13737275,0.12827115
302,-0.0011464432,0.056152977,0.09556595,0.081442915
303,0.13303335,0.1591235,0.19434321,0.19375612
304,0.017492142,0.003721796,0.043810416,0.036172155
305,0.07232161,-0.009238653,0.111003935,0.100618616
306,-0.13274314,0.011982553,0.046569783,0.041385736
307,-0.008722583,0.036929958,0.06265941,0.048770554
308,0.36957848,0.19073607,0.100769974,0.08730655
309,0.0060765482,0.045596957,0.05108791,0.047263663
310,-0.5259208,-0.77366865,0.083886094,0.087249294
311,-0.28256392,-0.3713736,0.13210252,0.13211575
312,-0.038654204,-0.02713792,0.06374895,0.045934733
313,-0.12636197,0.087723486,0.13151832,0.11766663
314,0.05464308,-0.18860042,0.19926544,0.19439462
315,0.1538501,-0.23694831,0.08262512,0.07094575
316,-0.124936074,0.11144669,0.15547198,0.15465918
317,-0.34791875,0.037166826,0.12484415,0.12615809
318,-0.04325329,-0.02918268,0.04343724,0.035847448
319,0.049704168,0.033012554,0.06763728,0.061515894
320,-0.29691398,-0.24913377,0.10630289,0.10047504
321,-0.040153105,0.2410477,0.14859469,0.15213935
322,-0.13509943,0.118221074,0.11179724,0.10851759
323,0.017970938,0.35010308,0.061011977,0.051157076
324,0.06523757,0.10991767,0.17204043,0.15338951
325,0.010787118,-0.029085144,0.07805166,0.06422596
326,0.16180798,-0.12796777,0.08240789,0.060809396
327,0.04005771,0.021135062,0.098036215,0.08335289
328,-0.29508397,-0.4465301,0.10706921,0.1079147
329,-0.20293094,0.0052661896,0.052227914,0.040598467
330,-0.122222796,-0.06496082,0.17419103,0.16201645
331,0.32937875,0.14912243,0.06596344,0.060545605
332,-0.40459532,-0.03935729,0.055376403,0.04264092
333,-0.08431575,0.17470124,0.048168335,0.043288168
334,0.12943901,-0.12516628,0.06262862,0.049330145
335,-0.44754615,0.20859857,0.066968456,0.056676526
336,0.20414735,-0.026807733,0.10831666,0.09622261
337,0.01423613,-0.10408731,0.06864517,0.049828954
338,-0.6457987,0.33102447,0.14223549,0.13667083
339,-0.0142866485,-0.53758276,0.13639188,0.13529074
340,-0.043886814,-0.1039875,0.077601366,0.067540325
341,-0.098107085,0.019481555,0.1219629,0.11581681
342,-0.09488894,0.09324802,0.07396181,0.07237507
343,-0.25077,-0.095758155,0.23385221,0.22278222
344,0.48349515,0.50462615,0.14860217,0.1362945
345,0.18973859,-0.3817752,0.070167966,0.06212785
346,-0.002002418,-0.015488386,0.081188805,0.071068905
347,-0.63647544,-0.47422272,0.12560849,0.12173308
348,0.15382273,0.14124197,0.038323242,0.0352159
349,-0.0676603,-0.16497724,0.08479758,0.079664156
350,0.3561642,0.18469109,0.0789848,0.065800816
351,-0.14289235,0.03416396,0.077564634,0.07768954
352,0.010427598,-0.014714889,0.1160035,0.11646157
353,-0.2523093,-0.08393912,0.1312851,0.11668869
354,0.34262797,0.10328603,0.076500095,0.064841576
355,-0.18696572,-0.043567248,0.12191585,0.11928569
356,-0.20162717,0.06881664,0.07187672,0.06705698
357,-0.0026002005,-0.08315645,0.08499405,0.07974997
358,-0.38705614,-0.20456426,0.18614437,0.1839219
359,-0.5593968,0.2632149,0.098284766,0.09488544
360,0.031585064,0.11600955,0.046149366,0.03845486
361,0.24453783,0.18037966,0.05053146,0.04652002
362,0.08876993,0.037396964,0.2170134,0.2225306
363,-0.24639252,-0.14994642,0.2087579,0.2064185
364,0.59372205,0.013385914,0.052805576,0.038292922
365,-0.22989666,-0.1777812,0.19452113,0.19366603
366,-0.14472988,-0.01795365,0.09056252,0.08486145
367,-0.07508907,-0.021676794,0.04518906,0.03709917
368,-0.2363274,-0.12131026,0.049192294,0.04497392
369,-0.21620332,0.18156552,0.05198689,0.052120823
370,0.25613162,0.20893411,0.08622567,0.077440836
371,-0.46861142,0.03061144,0.04282787,0.031086028
372,0.09747225,0.031044543,0.13390632,0.13599245
373,0.12535986,0.112792134,0.07931675,0.054849043
374,-0.156892,0.08208702,0.18990245,0.18292819
375,0.033284545,0.0054890886,0.054850332,0.044139177
376,-0.9236534,0.2398309,0.12157999,0.10302647
377,-0.17253427,-0.17059568,0.1753482,0.17043668
378,-0.20804669,-0.28242826,0.0402668,0.03271885
379,0.08161819,0.13889189,0.053295657,0.044866614
380,0.058168415,-0.013643734,0.04857268,0.039325967
381,0.06807351,0.20233402,0.14119095,0.14769842
382,-0.16687962,-0.07466765,0.21362476,0.20450899
383,0.008169893,0.013373233,0.083548516,0.0743229
384,-0.38029015,-0.46879488,0.058501165,0.052969787
385,-0.020813059,0.17701349,0.06926348,0.060854387
386,-0.15188406,0.09823283,0.12267303,0.120121956
387,-0.14275128,-0.43342853,0.13351995,0.12607856
388,0.11244182,-0.030730113,0.05586442,0.045282334
389,0.018383909,0.013618544,0.08884573,0.07029807
390,0.10016228,-0.053093143,0.063771546,0.05000214
391,-0.4073547,-0.7034914,0.11712831,0.12383918
392,-0.40075266,-0.07096225,0.16621667,0.15908825
393,0.09880328,0.12585427,0.04622187,0.040399846
394,-0.32275447,-0.03261593,0.2077994,0.2078161
395,-0.00560702,-0.5559944,0.14748149,0.14956823
396,0.09411906,0.2511685,0.05848385,0.050543275
397,-0.074451506,0.3351956,0.11383466,0.10503125
398,0.12923943,-0.04812143,0.086540475,0.07925344
399,-0.08076638,-0.07458037,0.042035036,0.03601092
400,-0.14846244,-0.18183686,0.070621274,0.054688107
401,0.044752087,0.2635314,0.07251144,0.069414966
402,-0.19333799,-0.05740778,0.048611518,0.043076094
403,0.087345734,-0.33992106,0.04792428,0.044705093
404,0.060050618,0.15130289,0.10869141,0.10808577
405,-0.09894346,-0.12329248,0.057078626,0.05351951
406,-0.16346565,-0.17692108,0.057391696,0.043242253
407,0.07821733,0.121567845,0.14960884,0.13699079
408,-0.1173888,-0.13588865,0.11424671,0.09446097
409,0.010496769,0.034931526,0.09651396,0.08605901
410,0.21942353,0.02739317,0.062207833,0.04767919
411,-0.048869006,-0.12633637,0.08789861,0.07336642
412,0.043253288,-0.076458305,0.115434684,0.103844106
413,-0.07526836,0.026198626,0.1596476,0.15096375
414,-0.023321044,-0.014231548,0.06439064,0.051805884
415,-0.1968994,0.026715636,0.10829172,0.09501959
416,-0.15089594,0.19898935,0.08654682,0.075813495
417,-0.626187,-0.19346263,0.12156922,0.11792542
418,0.01180004,0.029016256,0.050941773,0.04108869
419,0.020185601,0.037093744,0.07316027,0.058732502
420,-0.15801825,-0.15101817,0.120373435,0.11171895
421,-0.29090792,-0.6108043,0.14638086,0.15187119
422,0.064216465,-0.48574555,0.07828649,0.069171146
423,-0.119145185,0.3415333,0.050766494,0.046309937
424,-0.30675638,-0.021990627,0.20372973,0.20069234
425,0.23465456,-0.13976598,0.12602194,0.1271028
426,-0.4389764,0.18276268,0.06562903,0.04845115
427,0.096704856,0.017420098,0.10051592,0.10174225
428,0.12767711,0.07906135,0.07750782,0.07041077
429,-0.041338872,-0.12202376,0.05995594,0.044363733
430,-0.06599699,-0.30833697,0.07718056,0.07275289
431,-0.15084769,-0.012449741,0.06646796,0.061407316
432,-0.021818608,-0.07570273,0.096705966,0.095998794
433,0.07636377,-0.23221755,0.08275528,0.07826576
434,-0.080118164,-0.15115277,0.056232996,0.051703718
435,-0.3086915,-0.05662471,0.06961293,0.05514275
436,0.01275247,0.21072994,0.042573716,0.044881713
437,0.03122392,0.13797589,0.064213574,0.054541253
438,-0.37439325,-0.16804786,0.08942029,0.077280365
439,0.54386115,-0.10645123,0.087670185,0.07556822
440,0.02993681,-0.22517084,0.15762313,0.15254329
441,-0.07927318,0.03939289,0.09854016,0.085733965
442,-0.25980848,0.37313974,0.09248485,0.091996916
443,-0.12791325,0.51942027,0.08020007,0.074271075
444,-0.020049062,0.013908088,0.13056737,0.115405366
445,0.044643246,-0.20450996,0.09602318,0.090764806
446,-0.007840507,0.11253281,0.123001456,0.1291457
447,-0.16190548,0.15387668,0.08462738,0.0826383
448,0.006510623,0.045569777,0.10958924,0.09801422
449,-0.21887042,-0.09601113,0.06703657,0.0552931
450,-0.20604987,0.20483659,0.19877361,0.19596724
451,0.07856952,0.06847621,0.13317545,0.12711295
452,-0.026485063,0.32201594,0.08257583,0.07583727
453,-0.3581428,-0.07846293,0.06271964,0.05576883
454,-0.31621718,0.20472169,0.10036831,0.09866491
455,0.030305479,-0.041365653,0.10705131,0.09050354
456,-0.06521846,-0.02225864,0.113496095,0.10911323
457,-0.045065988,-0.06671861,0.04799564,0.041311465
458,-0.030601919,0.12974598,0.18046232,0.17257434
459,-0.7155863,-0.26274633,0.1053226,0.094176605
460,0.08091152,-0.17826264,0.09308416,0.08699091
461,0.091828436,0.07549164,0.19694224,0.18857904
462,-0.16238703,-0.10132451,0.09832053,0.09503359
463,0.06695393,0.072215535,0.15199433,0.14697117
464,0.1595187,0.1967785,0.14478314,0.1369045
465,-0.62405926,-0.21869625,0.08596416,0.07783568
466,0.3897754,0.2826411,0.10481712,0.088459276
467,-0.5708312,0.2322403,0.08823003,0.0841013
468,0.36238375,0.14471476,0.11864346,0.097190544
469,-0.12499672,0.48685002,0.052918877,0.045530062
470,-0.047794413,-0.10683668,0.121659465,0.1251829
471,-0.4650499,0.09792012,0.18356188,0.165037
472,0.028060727,0.051097214,0.11132213,0.09889113
473,0.07122558,-0.04939753,0.08076763,0.07454432
474,-0.29824018,0.17143123,0.05524645,0.050806284
475,-0.19820936,-0.0817803,0.10653461,0.09298287
476,-0.013876226,-0.08175102,0.09579595,0.088140115
477,-0.30899012,-0.009372801,0.19149876,0.1754262
478,-0.45283568,-0.16067712,0.11811935,0.112617984
479,-0.40402654,0.10143033,0.08927703,0.08779462
480,-0.07640828,0.14830425,0.057854332,0.051111784
481,-0.047263958,0.12995416,0.16974476,0.16897708
482,-0.18737304,-0.10093031,0.0568588,0.041466758
483,0.17744166,0.025016047,0.06454443,0.05986559
484,-0.74509996,0.7262689,0.14569493,0.14119121
485,0.032770805,0.05080256,0.11569243,0.10837893
486,-0.7279963,-0.041840382,0.09930132,0.08547889
487,-0.2865497,-0.2113913,0.072389364,0.054821633
488,-0.08873841,0.29867095,0.064690046,0.06016468
489,0.24114999,-0.22792374,0.05496463,0.052717827
490,-0.38483185,0.31034786,0.16791512,0.18277106
491,0.12958013,0.050755426,0.13976279,0.13166392
492,0.18392797,0.1148773,0.14854538,0.14038604
493,-0.04054465,0.03867282,0.08958249,0.0795092
494,0.041408602,0.24556787,0.06600954,0.049720004
495,-0.14717804,-0.015795648,0.25763175,0.24648231
496,-0.05687981,-0.16009723,0.17627853,0.16875352
497,-0.01447463,0.10341164,0.07425207,0.06646914
498,-0.07562129,-0.075069964,0.12362973,0.11247459
499,0.22897334,0.48164892,0.08631534,0.08613634
500,0.24646391,0.12229885,0.084003374,0.068225816
501,-0.14815547,0.11083717,0.22849831,0.23299065
502,0.033342358,-0.06436637,0.11722289,0.10425004
503,0.013763461,0.4278239,0.053858913,0.05142447
504,0.21173668,-0.09480046,0.103418045,0.092866175
505,-0.07203688,0.0663155,0.0753357,0.07431378
506,0.017454527,-0.04154356,0.100377895,0.09492456
507,-0.0053830817,0.09542341,0.080062196,0.0678211
508,-0.14043966,0.2658146,0.046063762,0.039190184
509,0.012061004,-0.067024335,0.05199957,0.04750289
510,0.36118808,-0.07037687,0.11634153,0.106732056
511,0.11423412,0.017876357,0.07531557,0.06654821
512,-0.1006767,0.022404835,0.25047848,0.24763152
513,-0.011105757,-0.12446804,0.05246821,0.050846234
514,-0.052266542,-0.02969414,0.12450887,0.11492184
515,-0.061736953,-0.15765516,0.075509146,0.06852195
516,-0.6069781,0.36294222,0.086137526,0.06851132
517,0.19535683,-0.21380402,0.11708981,0.11042209
518,-0.07508907,-0.021676794,0.04518906,0.03709917
519,0.20112254,-0.01360359,0.14311321,0.13173607
520,-0.055319887,-0.3460968,0.047307417,0.03646983
521,0.16266488,0.111149274,0.21276751,0.20778388
522,-0.2687056,-0.0578631,0.06804731,0.05701186
523,0.022225827,-0.10736124,0.06455014,0.057583183
524,0.23027487,0.20459281,0.048956443,0.044880044
525,-0.07478182,-0.2666173,0.06513312,0.05449309
526,-0.13924158,-0.04633645,0.08052833,0.07220389
527,0.061073955,0.029963963,0.04960803,0.04139784
528,0.11398797,-0.098232746,0.0757407,0.06251006
529,0.062131938,0.066030115,0.1769789,0.15805332
530,0.021218468,0.025210313,0.13026412,0.11853708
531,-0.07118519,0.048312746,0.080638304,0.072271734
532,-0.032169584,-0.15396601,0.082954116,0.07016821
533,-0.06562555,-0.02147717,0.08563878,0.08402074
534,0.053961538,-0.003963664,0.08778308,0.067050286
535,0.0033765696,-0.32783145,0.08061874,0.07280637
536,-0.22279601,0.29745746,0.09109191,0.085614
537,-0.29280394,-0.20892446,0.16900498,0.16012642
538,0.355869,-0.3300985,0.06966429,0.06019852
539,0.014606934,0.07727625,0.038707163,0.030505752
540,-0.024705842,0.0075925216,0.0518547,0.046548348
541,-0.30032673,0.2272987,0.073550224,0.06982607
542,0.1282746,-0.02235812,0.0957277,0.083456084
543,-0.10397306,-0.1779908,0.12932195,0.11715727
544,-3.4373254e-05,0.011662498,0.039944068,0.031296905
545,0.021379333,0.019921973,0.060696658,0.056478992
546,-0.10717696,-0.21115316,0.1056705,0.09491935
547,-0.1130584,-0.09463407,0.13743258,0.14002097
548,-0.14021568,-0.18028523,0.04689231,0.042204347
549,-0.06288072,0.021177173,0.15051222,0.13985407
550,-0.3650934,0.13619052,0.06205089,0.051477525
551,-0.020499181,-0.12643759,0.14388332,0.1324151
552,-0.29006797,0.51526034,0.051786788,0.053166334
553,-0.1212246,0.3292305,0.10386622,0.09872786
554,0.013334528,-0.08852053,0.09933351,0.09706056
555,0.1123347,0.15463914,0.045353353,0.040048655
556,-0.72267056,-0.15275602,0.07430109,0.062283937
557,0.23110612,-0.13951513,0.13450426,0.12618838
558,0.1511208,-0.17067787,0.046370976,0.040218484
559,-0.38803267,0.37092215,0.09287168,0.09561849
560,-0.40038595,-0.070657566,0.13470599,0.13126755
561,0.1498755,-0.743665,0.10228598,0.097434714
562,-0.09379025,-0.25464034,0.10359486,0.09433931
563,-0.22127952,0.05286981,0.07277883,0.066717245
564,0.34361562,-0.06572157,0.061636258,0.04791559
565,0.027418427,0.032933757,0.108387776,0.1100282
566,-0.24656756,-0.21812302,0.095796496,0.08503952
567,0.14495046,0.12998877,0.050469816,0.043279707
568,-0.38765228,0.12424855,0.06016811,0.048477825
569,0.051135037,-0.085191734,0.13025011,0.1253775
570,-0.27433825,0.109131016,0.06504678,0.0742342
571,0.21970136,1.0117673,0.08801335,0.10516599
572,-0.07751162,0.3414806,0.10546884,0.09626647
573,0.0420201,0.00091280043,0.095167704,0.09461369
574,0.0417484,0.09401732,0.23578921,0.23569527
575,0.11330339,-0.35171962,0.04418015,0.03614841
576,0.10019162,0.08848986,0.19812916,0.18141836
577,-0.1363775,0.020515837,0.061548833,0.050671555
578,0.04342968,0.010105982,0.06554162,0.060176652
579,-0.5058614,0.1469794,0.19430354,0.18205622
580,-0.41225666,0.32492012,0.13258134,0.12138733
581,0.2280807,-0.15503521,0.10411086,0.09057463
582,-0.2208109,0.213367,0.1250752,0.11598728
583,0.33272597,-0.09790093,0.07599088,0.062087614
584,-0.048236612,0.08127463,0.047293197,0.036963772
585,-0.31360817,0.1402881,0.05412389,0.041785195
586,0.049905654,0.3145976,0.055145375,0.04926538
587,-0.30949283,0.21450126,0.12412443,0.121970244
588,0.38920522,-0.036435843,0.14110576,0.13136005
589,-0.22730398,-0.15611161,0.07428007,0.06147854
590,-0.25572127,0.04007352,0.0914982,0.088302456
591,-0.24656756,-0.21812302,0.095796496,0.08503952
592,0.32365695,0.15024808,0.066747576,0.0637364
593,-0.72267056,-0.15275602,0.07430109,0.062283937
594,-0.13507603,-0.14711739,0.18407646,0.18730697
595,0.14648315,-0.16695349,0.07560055,0.059847437
596,-0.35112002,-0.38139373,0.045548603,0.04461214
597,-0.07576729,0.3001157,0.07591188,0.066055074
598,0.4025142,-0.11519588,0.12600942,0.12427571
599,-0.010754831,-0.015163466,0.16323477,0.15326726
600,-0.30897906,0.10221136,0.16932257,0.17167784
601,-0.05345491,-0.19566791,0.054651584,0.043664943
602,-0.00055741146,0.30312365,0.07584556,0.067139566
603,-0.14256836,0.08010459,0.071265794,0.07284199
604,0.072999835,-0.10006732,0.17816968,0.16916083
605,0.23433869,-0.09824103,0.07473141,0.06524873
606,0.19024092,0.101591736,0.04480659,0.039033838
607,-0.79671943,-0.42481124,0.104295164,0.094343245
608,0.1917129,-0.07977019,0.12171436,0.1189278
609,-0.1048502,-0.090107605,0.056334753,0.04665478
610,0.040856257,-0.14187156,0.21797563,0.21172261
611,-0.048176188,-0.3111719,0.065278634,0.056215834
612,-0.015201062,-0.12371568,0.115248255,0.1070034
613,-0.1735001,0.18476328,0.23895623,0.23807864
614,-0.30283305,0.27888525,0.15191212,0.13877022
615,-0.33595827,-0.17140569,0.13106167,0.13681054
616,-0.039915126,-0.18556605,0.055403464,0.048447818
617,-0.014434069,-0.09105159,0.0986701,0.087606065
618,-0.3610115,-0.28584725,0.17584272,0.17640336
619,-0.38738653,0.04723251,0.08516605,0.07597384
620,0.091427684,0.21698605,0.13902913,0.13889769
621,-0.35631868,-0.26593608,0.101306275,0.09774923
622,-0.011456218,0.20927517,0.16443981,0.16284214
623,0.38158396,-0.06414363,0.14439256,0.13476166
624,0.112104684,-0.08885871,0.12273957,0.12118193
625,0.1716316,-0.25322643,0.12090766,0.11153346
626,-0.058194816,-0.014098614,0.06252302,0.054864008
627,0.07157332,-0.03730981,0.093639664,0.08236296
628,-0.01574865,-0.030923933,0.055181257,0.04719936
629,-0.043288045,-0.1863714,0.11019354,0.10292381
630,-0.21060313,0.250723,0.052598394,0.044421952
631,0.13703272,-0.059281044,0.080190286,0.06906096
632,-0.025747772,-0.025897637,0.09084777,0.07426118
633,0.19350968,0.1807404,0.05738765,0.051226906
634,0.26667517,0.1006815,0.04532122,0.043633975
635,-0.11797334,0.0064633638,0.16662869,0.16413052
636,-0.021293433,0.043883257,0.066569805,0.057414312
637,-0.054799937,-0.3536017,0.12293019,0.122365795
638,-0.3018446,0.25467634,0.082615785,0.08197309
639,0.03232828,-0.098477125,0.0482223,0.043388695
640,0.23204856,0.24365313,0.06179731,0.05577872
641,0.041633163,-0.05741276,0.11658008,0.103731
642,0.10363035,-0.69723964,0.04984974,0.03702638
643,0.21712512,-0.53366697,0.14415306,0.13992938
644,-0.2544481,0.26821822,0.08953866,0.08042202
645,-0.23668537,-0.009669431,0.09199221,0.07870785
646,-0.0576726,0.046715096,0.045841854,0.03307808
647,0.06646651,-0.07977466,0.09275521,0.08345662
648,-0.13486756,-0.014655881,0.061496936,0.054445747
649,-0.39306104,0.09303443,0.17280865,0.16009106
650,0.006510623,0.045569777,0.10958924,0.09801422
651,0.21388933,-0.09517862,0.16701147,0.15111351
652,-0.088838235,0.45767897,0.1139838,0.10581135
653,0.23643468,-0.072993204,0.11338127,0.105702445
654,0.16418274,0.04709609,0.11126037,0.09860502
655,0.09015769,-0.0064522177,0.18922225,0.17688793
656,-0.55622333,0.21330021,0.10820614,0.11830975
657,0.12702928,-0.23813446,0.110897236,0.09980739
658,0.5174537,0.045889556,0.05036065,0.037849743
659,-0.11707407,0.29074943,0.046928827,0.03902129
660,0.04449241,-0.010235131,0.08347713,0.07176905
661,0.36243892,-0.33693814,0.16008113,0.1495421
662,0.05689197,-0.08757773,0.1132399,0.10613636
663,0.16740392,-0.08372553,0.15263538,0.13521865
664,0.16731791,0.53554934,0.08608087,0.08020145
665,-0.07716003,0.20575787,0.10483806,0.093832284
666,0.27396846,0.26545304,0.04878581,0.042125322
667,0.44962862,-0.052855805,0.16015244,0.13879299
668,0.6400996,-0.087677546,0.067401156,0.057533763
669,-0.06760904,0.18191303,0.17190282,0.15597358
670,0.020575393,-0.10341291,0.11546525,0.109559216
671,0.33237055,-0.041355267,0.10923351,0.09845648
672,0.18661241,0.13658701,0.07079778,0.06982634
673,0.044644166,0.018862955,0.08005176,0.07416632
674,-0.27253443,-0.10878761,0.3349906,0.34114513
675,0.07013947,0.018830188,0.07150366,0.061433926
676,-0.014621649,0.04182151,0.051234473,0.03880594
677,-0.026022736,-0.27283436,0.12771924,0.122052215
678,0.08422288,0.038369715,0.11020828,0.10885647
679,-0.4767825,-0.47449803,0.105193526,0.09883632
680,0.057731405,-0.14911398,0.07467643,0.06837214
681,-0.2148019,0.019874714,0.060168333,0.05770627
682,0.22641441,0.085585505,0.07508502,0.064943135
683,0.60461766,-0.133091,0.049600426,0.036595132
684,0.07548021,-0.17522687,0.09537374,0.086119585
685,-0.077986434,-0.1151551,0.08965267,0.07802468
686,0.0787556,-0.17458795,0.073068865,0.060346864
687,-0.18141459,-0.004988648,0.082924716,0.07227877
688,0.08152521,0.026695095,0.08415725,0.07573242
689,0.01974107,-0.14554903,0.039742004,0.030265426
690,-0.08913568,-0.2187304,0.10738137,0.100928776
691,-0.031087767,-0.17743377,0.058555804,0.053707708
692,-0.24496089,0.6199813,0.054577533,0.053006396
693,0.08083828,0.18127255,0.13933574,0.12667027
694,-0.08001745,0.41035104,0.06974313,0.05950494
695,-0.008090053,-0.10412061,0.09760219,0.09012725
696,-0.1903332,-0.21070804,0.086608484,0.07011334
697,0.038216602,-0.07935414,0.056940787,0.052125294
698,-0.4062122,-0.20339355,0.040969502,0.03176753
699,0.19579834,-0.23045652,0.124427624,0.10169889
700,-0.006899234,-0.080243446,0.09845893,0.08692263
701,-0.10672656,-0.086611554,0.2065347,0.1990969
702,0.031162273,0.30951184,0.109204665,0.089925215
703,0.3253998,-0.12156937,0.097537525,0.08722355
704,0.20516334,-0.74777365,0.09419975,0.09333064
705,-0.06451507,0.049588025,0.07946574,0.073562115
706,0.00811236,0.49038637,0.13657013,0.13341023
707,-0.64700687,-0.32422012,0.15087426,0.13830747
708,-0.38773435,0.10258238,0.09452508,0.08558831
709,0.06910977,-0.020555347,0.050747234,0.046214823
710,0.06369907,0.108166814,0.074035436,0.0720613
711,-0.21403079,0.38560152,0.09643516,0.09712087
712,-0.080787346,-0.32500088,0.1707552,0.17313378
713,0.17894621,-0.21193917,0.14037547,0.13619092
714,-0.37139016,0.082116485,0.10838265,0.08949695
715,0.041788835,-0.030331858,0.06371204,0.05337741
716,-1.0415077,0.23915215,0.08041834,0.075482346
717,0.13421442,0.08207099,0.06745421,0.058970906
718,-0.4200963,0.48685104,0.10620588,0.09540515
719,-0.11363754,-0.024592064,0.08430014,0.07997384
720,-0.06686737,0.12740771,0.106158175,0.105180256
721,-0.20016398,0.26128894,0.16637567,0.15844212
722,0.039580543,-0.3144272,0.0696197,0.063774
723,-0.79782456,0.30531967,0.14166659,0.1308223
724,-0.05725467,-0.0863456,0.070826195,0.06173333
725,0.014256362,0.25244957,0.03786124,0.03452405
726,-0.014168773,-0.009231746,0.10293235,0.0894251
727,0.20136692,0.08079959,0.102039285,0.09392212
728,0.014903713,-0.038079888,0.09448526,0.08961601
729,0.13398676,-0.423949,0.059832428,0.054357078
730,0.07611388,-0.05242826,0.0687922,0.061298795
731,-0.009457294,0.18241382,0.10097756,0.0778004
732,0.08580424,-0.07115136,0.10031126,0.09122229
733,-0.012642672,0.26379746,0.16374631,0.15603359
734,0.14420387,-0.14916466,0.12280346,0.11230847
735,-0.111556485,-0.009177655,0.051279996,0.046228647
736,-0.22990845,0.22996236,0.08621987,0.074850455
737,-0.0018574372,0.021685138,0.04340756,0.04137413
738,0.27159092,-0.010404132,0.048760835,0.03982923
739,0.0148542635,-0.06867501,0.12412916,0.12528521
740,0.14807688,-0.06274794,0.12684776,0.11693263
741,0.037719216,-0.1529117,0.08384937,0.06681936
742,-0.05588202,-0.2188762,0.10780445,0.099002846
743,-0.07249884,-0.06885044,0.04214716,0.03463012
744,-0.013189942,0.08140526,0.057344534,0.046019457
745,-0.11833879,-0.07803121,0.12295718,0.1073085
746,-0.0027603395,-0.00032931566,0.065505885,0.060473405
747,-0.54451865,-0.4538175,0.08612264,0.06863493
748,-0.18852143,-0.13172032,0.11755629,0.1085846
749,-0.062159635,-0.009770751,0.07708509,0.07283017
750,-0.23726602,-0.2742775,0.057571217,0.061031856
751,-0.21775945,-0.08427308,0.09231269,0.085361816
752,0.23299263,-0.120273426,0.14471,0.143079
753,-0.037800547,0.14719297,0.13483682,0.13172935
754,-0.080118164,-0.15115277,0.056232996,0.051703718
755,-0.044551026,-0.04235722,0.04276962,0.031962823
756,0.10745461,-0.0072463453,0.09948277,0.09329202
757,-0.073180124,0.17414857,0.12560368,0.12950245
758,-0.14341913,-0.028908417,0.24526048,0.23335016
759,-0.13771154,-0.054246917,0.05193019,0.046592608
760,0.027680174,0.020478249,0.07685948,0.06227407
761,0.07477829,0.02550111,0.132923,0.12333355
762,0.14294821,0.35020822,0.09286278,0.08868547
763,-0.04476696,0.034647696,0.0762834,0.07064755
764,-0.16788521,0.6668897,0.06264395,0.05892608
765,0.061842185,0.21799372,0.06807248,0.06058106
766,-0.012954056,-0.021510288,0.054771893,0.04356541
767,0.14874046,0.123235986,0.14233992,0.12269398
768,-0.025083218,-0.05730045,0.09024344,0.07649668
769,-0.01983985,0.12113206,0.16795835,0.16183704
770,-0.21897201,0.10843864,0.17908981,0.17035641
771,-0.37015468,-0.62141085,0.08503818,0.08637312
772,0.047492445,0.23390554,0.10626044,0.107767984
773,0.06778623,-0.22495788,0.15137555,0.14011101
774,-0.004680399,-0.023097366,0.109092966,0.09412415
775,0.28487992,-0.29147488,0.06683488,0.052189477
776,-0.13252576,-0.1940821,0.096689515,0.09211267
777,-0.015984243,0.33426178,0.07350492,0.05673487
778,-0.12875815,0.050016314,0.081387736,0.07261145
779,0.033536278,0.038402155,0.08718661,0.07801224
780,-0.29172695,-0.13765202,0.11120171,0.10919983
781,-0.16613577,0.25066525,0.0522062,0.050001945
782,0.1392271,0.052043088,0.051634982,0.04138085
783,-0.26222244,0.43240863,0.06163559,0.05791505
784,-0.063293315,0.12527022,0.07158901,0.06232712
785,-0.22730398,-0.15611161,0.07428007,0.06147854
786,-0.48805755,0.020674288,0.06858107,0.061286725
787,-0.5323497,0.2601441,0.1355081,0.12676279
788,-0.12278873,0.022527799,0.053645056,0.039046276
789,-0.6001229,-0.26552033,0.04638304,0.034861583
790,-0.26860014,0.022180453,0.26325554,0.25152537
791,-0.013258185,0.058434702,0.06772629,0.05747054
792,0.29730877,-0.44466484,0.051395167,0.052095596
793,0.41193718,-0.18538797,0.06697526,0.06094012
794,-0.34573323,0.09343383,0.054171428,0.04623484
795,0.09709121,-0.16061278,0.04741156,0.0372996
796,-0.7244561,-0.14772102,0.09870014,0.086581744
797,-0.1201413,-0.3817736,0.10878198,0.10623513
798,0.05477905,0.12578951,0.1132597,0.11222246
799,0.42709038,-0.446513,0.1425628,0.1353366
800,-0.1882567,-0.22426985,0.059845902,0.045846917
801,-0.09860951,0.17473154,0.081477724,0.07506707
802,-0.1285247,0.52268094,0.09821918,0.08954473
803,-0.07153474,0.123673856,0.12077327,0.107869595
804,-0.09762134,0.16972128,0.124257706,0.12271756
805,-0.17581998,-0.30434865,0.13578384,0.13901159
806,-0.1581668,-0.035890736,0.04216179,0.033178657
807,-0.16872317,0.056496404,0.0787672,0.0706458
808,0.0148542635,-0.06867501,0.12412916,0.12528521
809,-0.07135147,-0.20230606,0.08078237,0.065176636
810,0.086322516,-0.24101947,0.056196257,0.051133193
811,-0.10705832,-0.17196293,0.09708673,0.092262045
812,0.12724048,0.05148448,0.08737474,0.08012616
813,0.031964533,-0.032565057,0.12810118,0.12323729
814,0.004813984,0.11876638,0.071355484,0.0637416
815,0.10634747,0.072392136,0.17907,0.18305711
816,0.12667353,0.36185253,0.071226604,0.062583074
817,-0.14115687,0.25244308,0.1065494,0.10344822
818,-0.2824722,-1.1597754,0.07164382,0.103466734
819,0.084879965,0.35308665,0.07236319,0.06317681
820,0.13703011,-0.07815041,0.08407199,0.07644025
821,0.12131147,0.054580092,0.09228052,0.080877714
822,-0.26494598,0.28371507,0.07448147,0.06868851
823,0.19578183,0.23463611,0.11240085,0.10841665
824,0.6688206,-0.25583452,0.09964324,0.087323494
825,-0.07219373,-0.23469462,0.08993579,0.087001264
826,0.17098863,-0.33439207,0.13319528,0.1277823
827,0.061574433,-0.043526024,0.053803902,0.054706044
828,-0.278315,-0.89730877,0.1392539,0.13349408
829,0.03862123,-0.24904849,0.042580113,0.03684916
830,-0.053195115,-0.19918491,0.22408962,0.21813303
831,0.12958013,0.050755426,0.13976279,0.13166392
832,-0.4573712,-0.28714752,0.08837278,0.08037871
833,-0.08011384,-0.23212996,0.15005822,0.14334047
834,0.004937757,0.21924944,0.12142564,0.11574508
835,0.10642174,0.07957743,0.04777746,0.040050674
836,-0.039371595,0.1449159,0.06480681,0.058348022
837,-0.3086915,-0.05662471,0.06961293,0.05514275
838,0.2960967,-0.17218256,0.15911977,0.14286435
839,0.00745805,0.026589692,0.10020268,0.09784071
840,0.09648521,0.07745026,0.1492573,0.14098112
841,-0.19492704,-0.097105175,0.118158005,0.113908775
842,-0.017216703,0.11923303,0.14559206,0.13678579
843,-0.062298533,0.24706177,0.09180342,0.07678443
844,0.22817618,-0.09331904,0.06741029,0.06192628
845,0.07826987,0.004566394,0.049354795,0.037923303
846,-0.23469613,-0.025384918,0.06404855,0.05985586
847,0.17961535,-0.20129861,0.13129659,0.11999395
848,0.10931337,0.034968376,0.074769795,0.067097
849,0.7579504,0.06748113,0.07008717,0.051850688
850,0.09664062,-0.34875643,0.05690081,0.052095935
851,0.16251488,-0.32103878,0.048881628,0.050023478
852,-0.0026002005,-0.08315645,0.08499405,0.07974997
853,-0.06738508,0.023078054,0.08861172,0.084720425
854,0.18766153,0.28532082,0.06697292,0.057724994
855,0.04805232,-0.17954853,0.08838946,0.08055811
856,-0.09271829,-0.19179985,0.14244258,0.13496035
857,0.0015396029,-0.09620368,0.04763425,0.034413565
858,0.2248395,0.50854874,0.12916438,0.12057569
859,-0.09947559,-0.038544595,0.0594636,0.052495547
860,0.053728223,0.04051345,0.054233763,0.043291833
861,-0.51530325,-0.19579937,0.058818072,0.04387627
862,0.052905492,-0.119245574,0.13256745,0.1345329
863,0.06871073,0.0014739782,0.053590376,0.041796226
864,0.030704446,0.1355489,0.1213189,0.120407775
865,-0.48948872,0.017695911,0.09210516,0.085124224
866,-0.15569346,-0.14579149,0.105395555,0.098876595
867,-0.13399135,-0.028706342,0.14702612,0.1369041
868,-0.19220947,-0.022508085,0.1553092,0.14353721
869,-0.10830198,-0.07897487,0.19040336,0.18691184
870,0.04305524,-0.020347819,0.092508435,0.08931809
871,-0.1325444,0.16826355,0.22052422,0.21567716
872,-0.193869,-0.091534734,0.16457795,0.15871574
873,0.26927197,0.08056307,0.118399285,0.11763167
874,-0.08179738,-0.019721061,0.11225382,0.10701169
875,0.68093985,-0.1810081,0.15884694,0.13379271
876,-0.00036058202,-0.12726676,0.049690727,0.043037858
877,0.14404805,-0.5103158,0.14319906,0.14140911
878,0.10818915,0.06742046,0.08627893,0.07993581
879,-0.050239757,-0.24370651,0.14035174,0.13828903
880,0.09132862,-0.018411756,0.075412095,0.06957588
881,-0.012688901,-0.14919314,0.059360255,0.054069888
882,0.26642314,-0.1404835,0.09634726,0.09152745
883,-0.031038202,-0.2428746,0.0509318,0.04125185
884,0.17779079,0.06377349,0.053584613,0.042735353
885,0.06392792,0.036965474,0.11344841,0.110888705
886,-0.044942077,-0.29242706,0.093540885,0.092000626
887,-0.37678415,-0.07854742,0.11098516,0.09695481
888,0.11628646,0.16125943,0.37840566,0.36040694
889,0.39918375,-0.04245752,0.08229459,0.065260835
890,-0.36131275,0.37138522,0.10606007,0.09995538
891,-0.18930706,-0.28753525,0.13624759,0.13719295
892,0.12667353,0.36185253,0.071226604,0.062583074
893,-0.5743628,0.07249271,0.06162214,0.055133305
894,-0.33458626,0.28006905,0.11586232,0.10622241
895,-0.021870758,-0.20553045,0.05934127,0.048307113
896,0.07226199,-0.09290026,0.042540815,0.03603385
897,0.09777267,-0.063790604,0.0841762,0.073233664
898,-0.1212246,0.3292305,0.10386622,0.09872786
899,0.111859605,-0.65716404,0.11723573,0.11954256
900,0.048874892,0.34176672,0.048268646,0.039727572
901,-0.4126513,-0.2750492,0.06893052,0.057320356
902,-0.106450886,0.11113888,0.054769527,0.046376962
903,0.016105447,-0.02815336,0.08339543,0.0803097
904,0.30712986,-0.28343314,0.10587328,0.09436961
905,-0.033750243,-0.010343626,0.09750595,0.08529092
906,-0.24555735,-0.8204385,0.072983205,0.070372224
907,0.003590338,0.031472817,0.05336211,0.046100363
908,0.14584865,-0.043904223,0.082267694,0.070511416
909,-0.023036733,-0.060970604,0.073707595,0.06747129
910,0.01767286,0.043563567,0.04782928,0.038825307
911,-0.49681255,-0.07583432,0.09718289,0.08641362
912,0.100016624,0.016299054,0.09700407,0.083086826
913,0.19349346,0.09611973,0.16550842,0.16985783
914,0.41154557,0.22273286,0.05840863,0.04497321
915,-0.07680766,0.051553458,0.06323129,0.053089723
916,-0.09939791,0.03297826,0.09435598,0.08812959
917,-0.06948215,0.36572212,0.104807355,0.106791735
918,0.023726556,-0.13490294,0.17401165,0.16307272
919,-0.05232991,-0.17651144,0.071459375,0.06494585
920,0.10689467,0.041922532,0.041335598,0.036264893
921,0.23283838,0.2198819,0.08041536,0.07551139
922,-0.2814399,-0.054851502,0.121534795,0.12026294
923,-0.04054465,0.03867282,0.08958249,0.0795092
924,-0.10788852,-0.6080495,0.14533706,0.15635678
925,-0.016584529,0.21241029,0.0926458,0.07927782
926,0.0791291,-0.01737503,0.09671246,0.09520563
927,-0.032199405,0.42633808,0.17743103,0.16692948
928,-0.26999125,0.068186514,0.13934818,0.1293607
929,0.019087136,-0.042837933,0.06505125,0.04986794
930,-0.089479014,0.09111046,0.10956414,0.09106928
931,0.088896886,-0.05328761,0.048306923,0.043495603
932,-0.08155765,0.120938644,0.06867767,0.057294115
933,-0.22706231,0.06807523,0.20211567,0.20180456
934,0.1673942,-0.10138131,0.08507123,0.07616223
935,0.15526085,0.17801394,0.3180226,0.31243378
936,0.030573197,0.2185,0.046115555,0.037553817
937,0.35007298,-0.71222866,0.1258939,0.12547082
938,-0.010672003,0.062821455,0.13228886,0.12629607
939,-0.08029021,-0.19393682,0.18186538,0.17394035
940,0.06369907,0.108166814,0.074035436,0.0720613
941,-0.026551716,-0.1300546,0.1368568,0.1325422
942,-0.010993417,-0.0274667,0.033755817,0.028629312
943,-0.54451865,-0.4538175,0.08612264,0.06863493
944,-0.06466858,-0.10582803,0.14182518,0.14285205
945,-0.05431321,-0.04863873,0.14808626,0.1552961
946,-0.11024347,0.08236901,0.07596944,0.06487194
947,-0.021425195,-0.020736821,0.07936179,0.07067324
948,0.10167712,-0.49420798,0.14904997,0.14531563
949,-0.18932398,-0.032645874,0.13406931,0.1306713
950,0.14679565,-0.09390387,0.04478288,0.037209883
951,-0.0013130382,-0.37782758,0.10200506,0.099105366
952,0.21821834,0.32609373,0.06335797,0.059206802
953,-0.09379025,-0.25464034,0.10359486,0.09433931
954,-0.010732632,0.05663999,0.077348836,0.06977227
955,-0.1490164,0.39424223,0.069098964,0.06574932
956,-0.11623822,0.02543275,0.08022957,0.07332235
957,-0.07052848,0.08970901,0.042932145,0.03709456
958,0.008998826,0.03705533,0.056153767,0.041420706
959,0.042053472,-0.0361929,0.08128189,0.07247313
960,0.21693583,0.33931547,0.06680701,0.05977893
961,0.07691771,-0.08444141,0.08693126,0.07223204
962,-0.015636262,-0.13352388,0.08677376,0.077143
963,-0.07714489,0.082694896,0.095385544,0.08991617
964,0.11127283,-0.2230833,0.38674968,0.38458353
965,0.33401573,-0.47836155,0.074253164,0.062026326
966,-0.22980998,0.037691172,0.06079696,0.048954323
967,0.1173632,0.1472506,0.05386513,0.04576956
968,0.029882848,0.024606712,0.05443507,0.043319017
969,0.5000386,0.107096374,0.0840745,0.07769645
970,-0.22352248,-0.29564768,0.0535558,0.04625632
971,-0.20955825,0.18849438,0.090861276,0.07442591
972,-0.10559592,-0.04976338,0.066028945,0.057622172
973,-0.14387776,0.06772052,0.07948677,0.07180369
974,0.08301723,0.2596445,0.11263223,0.113052376
975,0.044752087,0.2635314,0.07251144,0.069414966
976,0.090852216,-0.07623633,0.07036564,0.05315965
977,-0.08430424,0.11172288,0.08445605,0.0787902
978,0.23633234,0.5901669,0.112164,0.11494478
979,0.6540144,0.35280728,0.16724923,0.14164676
980,-0.19845006,-0.07458544,0.16575308,0.16140598
981,0.14049721,0.05469635,0.06437287,0.057383124
982,0.15203963,-0.56696427,0.0634863,0.0579867
983,0.08789027,-0.35043538,0.099516,0.0973005
984,-0.16494699,-0.30360764,0.09048248,0.082938164
985,-0.056750145,0.1511885,0.09399751,0.07938188
986,0.2041428,-0.006613925,0.090664454,0.080896
987,-0.077424034,0.013786882,0.08132377,0.07995209
988,-0.0005516,-0.052822992,0.13751747,0.13385332
989,-0.06279029,-0.1590228,0.095071554,0.085092776
990,-0.09318766,-0.12652242,0.13762583,0.14190552
991,0.081670195,0.018700764,0.20664321,0.1989971
992,0.15895772,0.06528724,0.101649866,0.09940915
993,0.12114665,0.36220968,0.07029031,0.059487376
994,0.14624347,0.015347742,0.054658357,0.04609216
995,-0.19796129,-0.24247779,0.07631334,0.061624803
996,0.06694648,0.08157835,0.09546389,0.087409995
997,0.05237556,0.2386774,0.11716352,0.11864883
998,-0.10991663,-0.09601097,0.26377457,0.24381001
999,0.05684419,0.37504876,0.044215616,0.036278434
1000,0.02137791,-0.21168141,0.11361358,0.107766956
1001,0.108484834,0.15360911,0.063637994,0.055051364
1002,-0.53986037,0.14416222,0.050248314,0.036462877
1003,-0.22296749,-0.049436003,0.044716194,0.036202073
1004,0.4308776,-0.21309078,0.12478386,0.11442367
1005,0.18944815,-0.3444482,0.1075683,0.104608595
1006,0.005487524,0.60142547,0.08258407,0.08090806
1007,0.054717235,0.06930893,0.18833323,0.18163186
1008,-0.003215067,-0.085144676,0.060485505,0.048394863
1009,-0.27227074,0.11559753,0.21307293,0.20971116
1010,0.08874388,0.32582718,0.17441595,0.17271309
1011,-0.4815511,-0.101455465,0.0495124,0.036778614
1012,-0.03602037,-0.34666908,0.13462931,0.11773205
1013,0.035237916,0.27482855,0.1724331,0.17378233
1014,-0.068552494,0.0014513433,0.16181111,0.16750659
1015,-0.15122877,-0.04388354,0.058577735,0.043981135
1016,-0.11755738,-0.042240545,0.04627856,0.038584754
1017,0.009677509,0.014952123,0.04597484,0.03549778
1018,-0.06816375,-0.048471063,0.041489888,0.034249574
1019,-0.01574865,-0.030923933,0.055181257,0.04719936
1020,0.4426874,0.43407202,0.11557413,0.10102375
1021,-0.25751272,-0.1133015,0.08724758,0.08201796
1022,0.15499203,-0.29877752,0.0910498,0.086739235
1023,-0.035337385,-0.1576898,0.115828864,0.108415194
1024,-0.07562129,-0.075069964,0.12362973,0.11247459
1025,0.23000297,-0.29608554,0.1570076,0.15186489
1026,0.12236999,0.24344112,0.07559415,0.06818788
1027,0.17016806,0.30934143,0.04852408,0.044874944
1028,-0.2422498,-0.53701067,0.08976612,0.08821892
1029,0.11317949,0.02693174,0.1497671,0.14949958
1030,-0.46491098,-0.11855885,0.046035983,0.0431289
1031,-0.59696484,-0.047105677,0.07105418,0.06286227
1032,0.3764759,-0.5113608,0.12828282,0.10834342
1033,-0.38046858,0.19876175,0.106636405,0.10539448
1034,0.045116015,0.09249458,0.15791267,0.14936301
1035,-0.07462065,0.1607041,0.08561404,0.07845018
1036,-0.04741558,-0.06550926,0.05403715,0.041062754
1037,0.004937757,0.21924944,0.12142564,0.11574508
1038,0.018375736,-0.06931056,0.06659925,0.06403622
1039,-0.022140004,0.040431917,0.09479219,0.084642
1040,0.20371036,-0.14340876,0.20833743,0.20047835
1041,-0.14597036,-0.15493096,0.10792099,0.09713457
1042,-0.3056181,0.38737094,0.08052833,0.07696121
1043,0.0789274,0.036326595,0.06751003,0.05491816
1044,-0.15605122,0.05333616,0.17740007,0.15820818
1045,0.1377648,-0.15388222,0.05285409,0.047105446
1046,-0.06770155,-0.23301606,0.041713905,0.033716794
1047,0.1487807,-0.28446317,0.050819863,0.04407548
1048,-0.055319887,-0.3460968,0.047307417,0.03646983
1049,-0.22173354,-0.025762461,0.048551217,0.04175617
1050,-0.44404408,0.10163076,0.08141895,0.06312391
1051,-0.06284492,0.033842906,0.09147123,0.080424085
1052,0.13545944,-0.22584938,0.1299607,0.12529449
1053,-0.13456613,-0.17833894,0.1370362,0.13372648
1054,0.42909643,-0.8145383,0.10798487,0.100845
1055,-0.039952174,-0.14639737,0.050171215,0.040259317
1056,-0.021870758,-0.20553045,0.05934127,0.048307113
1057,0.039459612,-0.2531919,0.08222904,0.07832141
1058,-0.546521,-0.29571593,0.1617812,0.15244794
1059,0.22760913,-0.07517214,0.08366957,0.07911306
1060,-0.14902063,0.09351429,0.08878442,0.07647642
1061,-0.35774598,0.40250754,0.14848278,0.14634821
1062,-0.32299003,-0.12832282,0.05648055,0.052360706
1063,-0.10708548,-0.28566182,0.06725874,0.06037674
1064,0.0012601987,-0.21772575,0.13660611,0.12938051
1065,-0.27697223,0.12103014,0.07484634,0.060512163
1066,0.28222153,-0.03054896,0.093835585,0.07865079
1067,0.054118108,0.006100863,0.046094157,0.04343834
1068,0.27597338,-0.36059022,0.044303205,0.04765077
1069,-0.059009884,-0.32532102,0.10096936,0.10100109
1070,-0.03530138,0.15597394,0.062736444,0.051756874
1071,0.11227605,0.29446685,0.10673359,0.10525683
1072,0.17259856,0.06905936,0.097440526,0.0925062
1073,-0.24825154,0.065316305,0.053816784,0.046845302
1074,0.012263369,-0.25931776,0.051193014,0.039629057
1075,-0.13301751,0.023850009,0.085731015,0.074212626
1076,-0.9428565,-0.33053565,0.10711997,0.093372785
1077,-0.047246654,-0.024211824,0.1169262,0.10755375
1078,0.11532912,0.07957834,0.09740343,0.09037156
1079,-0.39333028,-0.0649032,0.13909851,0.13754731
1080,0.025015533,-0.12053083,0.0613744,0.051200364
1081,-0.0003334172,0.43589532,0.06278681,0.06158427
1082,-0.026188448,-0.039596558,0.0920445,0.083834656
1083,-0.03778464,-0.042890362,0.043561425,0.03671321
1084,-0.43924236,0.059756517,0.08250987,0.06855659
1085,-0.048869006,-0.12633637,0.08789861,0.07336642
1086,0.21738607,0.15223512,0.14913604,0.14731768
1087,0.2636626,0.64541554,0.07145306,0.067167215
1088,0.29777244,-0.09903614,0.08663176,0.082358524
1089,-0.72199917,0.25567186,0.09208287,0.08556781
1090,-0.030569788,0.0040565133,0.069766365,0.061000206
1091,0.1882643,-0.6098527,0.08327336,0.08268239
1092,-0.14240219,0.39352256,0.13394856,0.12058638
1093,-0.54991174,-0.023803242,0.096386336,0.09367263
1094,-0.006005354,-0.07775845,0.1693433,0.17020504
1095,0.45852748,-0.09217563,0.08595387,0.080401346
1096,-0.042473655,-0.13220589,0.06075804,0.04219772
1097,-0.0283852,0.05418937,0.06209828,0.046444815
1098,0.052152146,0.009637088,0.054118577,0.03758366
1099,0.07824038,0.24259175,0.0919948,0.08734332
1100,0.09826484,-0.028732039,0.056257114,0.048369724
1101,0.28841305,0.40890688,0.08008168,0.0679489
1102,-0.109911144,-0.14591406,0.115913376,0.10900924
1103,-0.032338236,0.04004903,0.044888087,0.041766066
1104,-0.15411432,-0.093605384,0.14161536,0.14201361
1105,-0.10390589,-0.4102549,0.101156645,0.089284286
1106,0.30006808,0.109089255,0.10361002,0.10052048
1107,-0.25949335,-0.063281246,0.1475064,0.14126164
1108,-0.21465585,-0.105182216,0.05427001,0.04466953
1109,0.076755166,0.008469984,0.044259187,0.037895743
1110,-0.4737736,0.4016202,0.13296716,0.12280183
1111,-0.24724023,-0.16479541,0.14628913,0.14982791
1112,-0.23893693,0.1526194,0.050025743,0.04687937
1113,0.17486958,-0.3039623,0.07637088,0.07235639
1114,-0.22279601,0.29745746,0.09109191,0.085614
1115,-0.20328797,-0.00926999,0.10335311,0.09821888
1116,-0.18459313,0.2326665,0.13639696,0.12012621
1117,-0.03732239,0.3207152,0.056425005,0.047649395
1118,0.39920643,-0.47906828,0.088472076,0.08084388
1119,0.13043833,0.09267303,0.115789585,0.11044269
1120,0.16676103,0.5525726,0.06664742,0.0632114
1121,-0.072304085,-0.16009589,0.16083759,0.15266663
1122,-0.09975998,0.44926417,0.11863467,0.12112656
1123,-0.09419353,-0.23808621,0.0706424,0.05732842
1124,-0.0049691945,-0.038641475,0.050703607,0.04164906
1125,-0.021053791,-0.08398597,0.15293129,0.14326222
1126,-0.24195975,0.20069343,0.06948993,0.06380583
1127,0.0046397373,-0.00871554,0.07313092,0.061542973
1128,-0.102951005,-0.11231755,0.040449075,0.03297994
1129,-0.22324936,0.010514811,0.12914845,0.12622806
1130,-0.04729223,-0.18288846,0.08496305,0.074972816
1131,-0.26581186,-0.07162835,0.12838389,0.13166237
1132,0.048874892,0.34176672,0.048268646,0.039727572
1133,-0.0031765662,0.12168026,0.07977728,0.057741456
1134,0.086486265,-0.15025882,0.09088838,0.09212108
1135,-0.34978557,0.11978464,0.1536814,0.15527491
1136,0.09870666,-0.06713976,0.06448967,0.06415282
1137,-0.4111491,0.06386849,0.19191405,0.18203674
1138,-0.3943137,-0.36785555,0.1742345,0.18205126
1139,0.051873866,-0.2086346,0.08934572,0.085074246
1140,-0.051763047,-0.0012849271,0.048562806,0.0507077
1141,0.1008223,0.29943717,0.044961486,0.04201177
1142,0.052891564,0.09738134,0.09624863,0.090307444
1143,-0.10188517,-0.08668423,0.18838485,0.18217899
1144,-0.16038744,0.27448756,0.15830818,0.16527945
1145,-0.30032673,0.2272987,0.073550224,0.06982607
1146,-0.13760804,-0.6380385,0.058382533,0.045190163
1147,0.42511675,-0.19348206,0.08598242,0.074615404
1148,0.35519528,0.8547667,0.080700226,0.09656704
1149,-0.14239205,-0.029913425,0.076948896,0.066341266
1150,0.59399503,0.675744,0.09815736,0.09945476
1151,-0.285578,0.07193018,0.13773324,0.12633486
1152,-0.055369947,-0.12251157,0.19079481,0.18211211
1153,0.35565528,-0.05318758,0.15556675,0.14427103
1154,-0.084830076,0.1399891,0.14183812,0.14435774
1155,0.16921736,-0.100964084,0.1604898,0.15193604
1156,0.23574807,0.04206466,0.1373502,0.124963015
1157,-0.2157243,0.09855852,0.08899448,0.08444734
1158,0.40511155,-0.16019727,0.11589501,0.108812794
1159,-0.22676331,-0.29883856,0.08041734,0.076821044
1160,-0.085601896,0.016988352,0.07952705,0.07064012
1161,-0.33198172,-0.28716254,0.092029266,0.087050915
1162,0.3968649,0.14419693,0.1436918,0.13026132
1163,-0.01675906,0.0033503547,0.07077723,0.049603853
1164,-0.008205079,-0.34708035,0.17995761,0.18071337
1165,0.07624902,0.49918795,0.12043323,0.11341174
1166,0.24608122,0.062234417,0.06399197,0.056367204
1167,-0.01918244,0.07890093,0.1240964,0.10545336
1168,-0.07968539,-0.14383495,0.10600432,0.08896574
1169,-0.099852145,-0.0042226166,0.042752147,0.039416224
1170,0.21943848,-0.17826594,0.093107074,0.08663662
1171,0.4118886,-0.3598582,0.12963645,0.11772007
1172,-0.10970931,0.17338695,0.17669144,0.16289227
1173,-0.0032064784,-0.21672828,0.06332664,0.04241368
1174,0.15028983,-0.15109476,0.04613399,0.034166776
1175,0.4212431,-0.4038551,0.094649255,0.08886485
1176,0.21173668,-0.09480046,0.103418045,0.092866175
1177,0.22488937,-0.11493975,0.06469485,0.045258038
1178,-0.26118076,0.1604832,0.17776722,0.16771236
1179,0.07510278,-0.45663685,0.1273146,0.12241478
1180,-0.6075302,-0.2084581,0.04705189,0.04594197
1181,-0.027611252,0.060876712,0.09541871,0.09335337
1182,-0.06750353,-0.06461538,0.10745387,0.09655001
1183,-0.17781894,-0.006201051,0.11947475,0.11303064
1184,-0.071796164,-0.009718627,0.068907596,0.06001435
1185,-0.08623053,0.11191546,0.052358706,0.043504633
1186,0.047404446,-0.102329336,0.10631789,0.10155067
1187,-0.13245247,-0.06850819,0.06570148,0.054734096
1188,0.101975456,-0.10372308,0.07146449,0.059631143
1189,0.0610308,-0.42542112,0.08807797,0.08275263
1190,0.7017234,-0.39976722,0.10229696,0.08991715
1191,0.06833775,-0.027272686,0.08624471,0.08196073
1192,-0.17038234,-0.25913766,0.047918264,0.048872434
1193,0.08849031,-0.32493168,0.11742825,0.121513195
1194,-0.1362619,0.16681632,0.057920933,0.052958123
1195,0.13392523,-0.20492668,0.096056975,0.09131905
1196,-0.17824756,-0.4322793,0.043243293,0.035866067
1197,0.2608271,0.081433296,0.04221002,0.03571446
1198,-0.6504029,0.42957413,0.08367187,0.06812673
1199,-0.34573323,0.09343383,0.054171428,0.04623484
1200,0.24172239,-0.27965218,0.12934351,0.124493
1201,0.058313083,0.10416825,0.055537898,0.048612576
1202,0.06744605,0.02361907,0.040879674,0.03590204
1203,0.02204258,0.058969863,0.102300845,0.0876435
1204,-0.4936973,0.5025868,0.19218424,0.17879784
1205,0.14270218,-0.07154482,0.06887142,0.05288326
1206,0.42790148,0.48480368,0.11210741,0.10200284
1207,-0.044815768,0.43061668,0.1789739,0.16349772
1208,0.061330352,-0.15747316,0.047824502,0.041256253
1209,-0.23312262,-0.10375072,0.12007363,0.11122522
1210,0.004324466,0.037187226,0.11391009,0.11674652
1211,-0.20534611,-0.2758152,0.19664708,0.19180588
1212,-0.44375885,0.14497434,0.06530745,0.048281066
1213,-0.35332787,-0.07852508,0.08937743,0.081159465
1214,-0.0005387105,-0.4111718,0.13431893,0.13797109
1215,-0.08118014,0.24371053,0.07729819,0.07567964
1216,-0.026184745,-0.23099123,0.16666754,0.17157727
1217,0.16535787,-0.006732665,0.09015444,0.08197378
1218,0.23036005,-0.34301692,0.13036814,0.12703943
1219,0.096453935,-0.030304477,0.15302539,0.1457683
1220,-0.12825455,0.17901142,0.17185937,0.17248441
1221,-0.10944238,-0.12221013,0.14210662,0.13852534
1222,-0.072018445,0.045281246,0.115103014,0.117421135
1223,-0.085180566,-0.058199033,0.17338738,0.16993427
1224,0.021024637,0.11216629,0.12034308,0.106532216
1225,-0.18795127,-0.08458044,0.081267826,0.07602376
1226,0.01569089,0.0068320334,0.055611756,0.042314455
1227,0.07683425,-0.43710083,0.04775325,0.038267788
1228,0.18335594,0.447298,0.12884648,0.12767239
1229,-0.00583509,-0.25248605,0.075788885,0.07046047
1230,0.40777287,0.019872114,0.073391825,0.067086846
1231,0.13549437,-0.02520734,0.094931945,0.08685218
1232,0.038146697,-0.03379649,0.13934517,0.1425244
1233,-0.3149603,-0.39396423,0.1544037,0.15567684
1234,-0.039932035,-0.06988239,0.073369,0.056981165
1235,0.014251016,0.19015999,0.1879675,0.2014378
1236,0.011170022,0.17381734,0.044401515,0.037968863
1237,-0.036388453,-0.03266199,0.09280541,0.074733675
1238,-0.1426135,0.2749673,0.11493153,0.106334604
1239,-0.28320295,0.014180556,0.1297866,0.11482381
1240,0.02587282,0.10332694,0.16063213,0.16885853
1241,-0.018197782,0.06966594,0.06931877,0.050698232
1242,0.14440796,-0.033266574,0.038423397,0.031751476
1243,0.00014551356,-0.10280436,0.12168745,0.12834865
1244,-0.09419353,-0.23808621,0.0706424,0.05732842
1245,-0.06851892,-0.017330974,0.05155324,0.04028757
1246,-0.07607499,0.016548008,0.101087034,0.08865421
1247,0.042630646,-0.19232653,0.06940107,0.064876825
1248,-0.17138027,0.027303033,0.078811936,0.08115995
1249,-0.023026004,0.0787947,0.08586417,0.08555551
1250,-0.17051542,0.043192253,0.08634269,0.07213147
1251,-0.13841811,-0.07690789,0.109422885,0.106217496
1252,-0.24685116,-0.0944003,0.10745204,0.09560422
1253,0.121585086,0.030173525,0.042558294,0.035709545
1254,0.01901345,-0.121172376,0.17005096,0.15401578
1255,0.1821402,0.2698332,0.08417007,0.07259834
1256,0.15453221,-0.15269339,0.08324264,0.07500431
1257,-0.034675207,-0.29076403,0.1375739,0.13444123
1258,0.008176895,-0.05199083,0.06953442,0.058768496
1259,0.16636062,0.029211238,0.05740104,0.05705556
1260,-0.020813059,0.17701349,0.06926348,0.060854387
1261,-0.0026651174,-0.027067274,0.07203991,0.065817825
1262,0.3915465,0.33598274,0.14416513,0.13446341
1263,0.4118886,-0.3598582,0.12963645,0.11772007
1264,0.13385166,-0.01964581,0.0629178,0.056886416
1265,-0.65965754,0.70482916,0.12579931,0.12108279
1266,-0.027095161,-0.04964698,0.05817122,0.05240103
1267,0.04566917,0.16161321,0.06165206,0.05674083
1268,-0.040178284,0.11663875,0.086422294,0.07999075
1269,0.03586928,-0.16876881,0.10234744,0.09814105
1270,-0.09040922,-0.0647883,0.078433745,0.071719095
1271,-0.14920263,0.23723173,0.092276365,0.09012126
1272,0.047404446,-0.102329336,0.10631789,0.10155067
1273,0.010653403,-0.05790679,0.12222625,0.113337465
1274,-0.08835697,0.2789747,0.154224,0.16242816
1275,0.071378365,0.04519801,0.17028356,0.16172221
1276,-0.111765966,-0.15199032,0.058286276,0.05112488
1277,-0.07434152,-0.07599211,0.063000746,0.056142144
1278,0.06321584,-0.06737151,0.05282141,0.041224305
1279,0.05480212,0.034132123,0.042011034,0.041285865
1280,-0.18145446,-0.07503657,0.10267831,0.10134723
1281,-0.038300138,-0.16018216,0.068437465,0.06510344
1282,-0.027595587,-0.035719946,0.16336407,0.15314187
1283,-0.33856413,0.17278527,0.07525321,0.060069323
1284,-0.098719716,0.13373162,0.111350596,0.10229209
1285,0.07827906,0.15320124,0.11855473,0.109756924
1286,-0.04942528,0.16680586,0.08665669,0.063602984
1287,0.28977808,0.083504155,0.08813156,0.06936826
1288,0.24727593,0.21303426,0.09895975,0.09345211
1289,-0.11701128,-0.20281158,0.20085788,0.20043379
1290,-0.057278924,-0.06830288,0.11532144,0.11914921
1291,0.028755777,-0.021999158,0.07929009,0.062677465
1292,-0.033883072,0.056855306,0.0625304,0.052090824
1293,-0.05924009,-0.1710202,0.09850927,0.088236086
1294,0.13164085,-0.13983871,0.06628078,0.059161104
1295,0.15561767,0.1933712,0.1736232,0.15589763
1296,0.13209039,-0.14435577,0.057914298,0.053864792
1297,-0.08227378,-0.09218366,0.12266818,0.12031561
1298,-0.18230538,-0.13178654,0.04645724,0.039653838
1299,0.077902704,-0.11906612,0.106876075,0.09051885
1300,-0.068552494,0.0014513433,0.16181111,0.16750659
1301,-0.19554596,-0.13008353,0.12482648,0.12114438
1302,0.36431324,0.011394829,0.14083284,0.12258172
1303,0.35896474,0.5211543,0.119038716,0.11082635
1304,0.47374654,-0.23219465,0.21306774,0.20656767
1305,-0.13854694,0.42153883,0.11103902,0.10244028
1306,-0.095422134,0.046983793,0.21309018,0.19138199
1307,0.12305507,0.22604342,0.1329302,0.12703794
1308,0.04449241,-0.010235131,0.08347713,0.07176905
1309,-0.3069835,0.16291328,0.05741275,0.042550147
1310,-0.12368441,-0.04426503,0.09913304,0.08137827
1311,-0.10624333,0.07760426,0.08851265,0.08293316
1312,0.017439906,-0.035691872,0.07689336,0.06440339
1313,0.21368562,0.3628441,0.11158606,0.11036351
1314,0.11533961,-0.08495943,0.05862495,0.04681718
1315,-0.1845176,-0.07448621,0.11971772,0.11876458
1316,0.038139883,-0.22126691,0.060273506,0.050420765
1317,0.017680425,-0.054391503,0.089052945,0.07949286
1318,-0.15372215,-0.19073996,0.08185412,0.076464005
1319,0.102904156,-0.01634562,0.06581288,0.06038626
1320,-0.07506013,-0.11315775,0.08239219,0.07238607
1321,-0.15206315,0.0824506,0.09326368,0.0751199
1322,-0.16234072,-0.02347929,0.055112097,0.052542713
1323,-0.030045852,0.08098189,0.053148035,0.037254065
1324,0.15522134,-0.07438122,0.117971994,0.10521335
1325,-0.1928347,-0.04652244,0.1224945,0.117653444
1326,0.28764844,-0.40930897,0.058290888,0.052476954
1327,-0.17581998,-0.30434865,0.13578384,0.13901159
1328,-0.02671054,-0.014243916,0.07959653,0.07592398
1329,0.08192721,-0.5274055,0.07201084,0.06712411
1330,0.13352466,-0.3145529,0.07880643,0.06784449
1331,-0.95763814,0.08114322,0.0822297,0.064299755
1332,0.10008088,-0.08403175,0.05787008,0.05237165
1333,-0.11441426,-0.08119857,0.26973996,0.26140246
1334,-0.043432154,0.007596761,0.044293635,0.04114468
1335,-0.1986814,0.101732984,0.07689933,0.074139714
1336,-0.22216506,-0.26908553,0.044338908,0.03758058
1337,-0.4088717,-0.30568314,0.09411405,0.091639996
1338,0.2678557,0.08966187,0.17775771,0.17590229
1339,-0.034492098,-0.16589217,0.10073905,0.10168619
1340,0.22133167,0.13853975,0.07244636,0.064142235
1341,-0.47026694,0.42868644,0.08161354,0.069915876
1342,0.015716713,0.2782758,0.2193552,0.22009142
1343,-0.17790578,-0.16263318,0.17105813,0.1620613
1344,-0.13952291,0.07161316,0.054249905,0.041467372
1345,0.04327196,-0.14831977,0.08203391,0.0776543
1346,0.01877869,-0.057936862,0.042925283,0.036811218
1347,-0.23337574,-0.15146372,0.065207615,0.05656824
1348,-0.071630195,0.01949948,0.14951953,0.15248153
1349,-0.2538491,-0.05916822,0.049542457,0.03798428
1350,0.09429215,0.12052815,0.10525136,0.0873858
1351,0.26724094,-0.12064892,0.08696841,0.07824919
1352,0.015560489,-0.024299458,0.11049673,0.10576084
1353,0.055330798,-0.12813517,0.04027138,0.03258403
1354,0.018075183,-0.08607398,0.082238816,0.07727308
1355,0.24874727,0.23293881,0.07585685,0.06590972
1356,-0.13498089,0.10436472,0.064237274,0.06166298
1357,-0.011718441,-0.09435776,0.071076505,0.05554948
1358,0.019991126,-0.054088593,0.052586634,0.045196626
1359,0.08092022,-0.44632167,0.06417366,0.05668526
1360,0.031315062,-0.11128384,0.13931611,0.13840786
1361,-0.055785548,0.0981787,0.06772373,0.053513817
1362,0.22880928,-0.43629807,0.10210798,0.096575305
1363,0.013334528,-0.08852053,0.09933351,0.09706056
1364,0.3765314,-0.061084032,0.09395974,0.102839634
1365,-0.056750145,0.1511885,0.09399751,0.07938188
1366,-0.027036734,0.030421935,0.046813138,0.043143507
1367,-6.0599297e-05,0.3066213,0.15788764,0.13990915
1368,0.017680425,-0.054391503,0.089052945,0.07949286
1369,0.1618274,0.1195388,0.13705918,0.13996972
1370,0.5478811,-0.15874706,0.057495028,0.057676602
1371,0.015337583,-0.05799889,0.13130152,0.1272188
1372,0.009140667,-0.019369543,0.04810017,0.04407874
1373,-0.02355804,0.051256165,0.11104201,0.11552186
1374,-0.121523574,0.014234334,0.05042039,0.041134395
1375,-0.24301262,-0.045790926,0.07505427,0.060433485
1376,-0.058194816,-0.014098614,0.06252302,0.054864008
1377,-0.023338936,0.091277786,0.27387828,0.27418756
1378,-0.05129861,-0.37815648,0.07878869,0.07613845
1379,-0.093560085,-0.1858031,0.06731969,0.05529377
1380,-0.14406677,0.019940645,0.08256135,0.072467305
1381,0.049483653,0.13580833,0.14942026,0.14263485
1382,0.28790888,-0.05972226,0.14146109,0.12564537
1383,0.06473166,0.13398166,0.19293506,0.18539509
1384,-0.557338,-0.28560823,0.0772813,0.063233495
1385,0.05366413,-0.107909665,0.05412863,0.047557935
1386,0.19695328,0.23930527,0.10733116,0.08584579
1387,-0.043346435,-0.017043293,0.060961276,0.06895743
1388,0.17336321,0.23844276,0.09270545,0.086675026
1389,-0.46782988,0.122600034,0.10410419,0.09921584
1390,-0.064293295,0.07895037,0.0722299,0.062095463
1391,0.05777728,-0.06307264,0.05299802,0.048882842
1392,0.18480356,0.13673149,0.1063597,0.10705775
1393,-0.1159693,-0.24064103,0.13370676,0.14130656
1394,0.042088963,0.067532726,0.043172967,0.036194656
1395,0.1255075,0.10842984,0.04355685,0.033016287
1396,0.46094534,-0.07921093,0.073413536,0.053390488
1397,0.016264144,0.0457057,0.07007216,0.058770362
1398,-0.048438262,0.041024864,0.077585705,0.07032079
1399,0.10845028,-0.017481074,0.09100038,0.07905075
1400,-0.20056231,-0.13866796,0.07679987,0.07111298
1401,-0.063886255,0.027968809,0.18042392,0.17727894
1402,-0.14035223,-0.16795771,0.047472604,0.042195063
1403,0.076755166,0.008469984,0.044259187,0.037895743
1404,0.17129107,-0.23623066,0.055476543,0.04279645
1405,0.12537454,-0.10153434,0.0970216,0.08229445
1406,-0.008318618,0.059122153,0.08936087,0.074772
1407,0.29352406,-0.01711224,0.04968471,0.041382026
1408,0.43085006,-0.189939,0.16379488,0.14918639
1409,0.13516517,-0.24107338,0.07133906,0.062874995
1410,-0.048869006,-0.12633637,0.08789861,0.07336642
1411,0.08020595,-0.229696,0.07495109,0.07039434
1412,0.5190368,-0.5710905,0.08757615,0.08350096
1413,-0.029485386,-0.011295274,0.10376617,0.105109744
1414,-0.2996833,0.1924433,0.07464201,0.06523462
1415,-0.08335002,0.10760705,0.08366991,0.06831478
1416,0.086902976,-0.068141244,0.09192325,0.08370808
1417,-0.016561583,0.14649948,0.068745226,0.055981234
1418,0.010080155,-0.013950035,0.054611962,0.043995176
1419,-0.42044365,0.38824934,0.07876334,0.066649616
1420,0.03122392,0.13797589,0.064213574,0.054541253
1421,0.26194286,-0.08504987,0.18980466,0.18280928
1422,0.37185347,-0.024407938,0.07403964,0.062619135
1423,-0.14251725,0.016634867,0.041388325,0.035754543
1424,0.0831552,0.25752872,0.19460043,0.18055011
1425,-0.08963862,-0.11930762,0.19626383,0.2106071
1426,-0.0062013306,-0.18798046,0.03996366,0.033294335
1427,-0.10674702,-0.13971953,0.052076068,0.038010426
1428,-0.30042732,-0.23235287,0.07152653,0.06670356
1429,-0.23337574,-0.15146372,0.065207615,0.05656824
1430,0.1821402,0.2698332,0.08417007,0.07259834
1431,-0.13252576,-0.1940821,0.096689515,0.09211267
1432,-0.06757432,0.026226267,0.15363161,0.15242995
1433,0.02369579,-0.09169665,0.039022267,0.033910718
1434,-0.13274504,0.051107585,0.13631062,0.12626022
1435,-0.046661142,-0.03327752,0.08181457,0.07952347
1436,-0.08688773,0.1478052,0.04458725,0.036106486
1437,-0.0029683746,-0.046303764,0.054073405,0.043301135
1438,0.15045463,0.014372654,0.06735067,0.051627733
1439,0.0029281564,-0.17562564,0.15080568,0.13750134
1440,0.1801816,0.22667849,0.058667332,0.04832741
1441,-0.01101708,-0.048396125,0.11366805,0.10000978
1442,0.09235835,0.06154847,0.11345779,0.097326525
1443,-0.09669545,0.55627847,0.17207968,0.16809598
1444,-0.36188054,0.13685703,0.14983186,0.1443219
1445,-0.13899483,-0.07455735,0.104994774,0.103995524
1446,-0.00021382794,-0.0067717507,0.107986905,0.09780024
1447,0.034869377,0.037644297,0.07210545,0.06157056
1448,0.40433544,0.50494075,0.121126905,0.10985612
1449,-0.1780379,0.2407427,0.047688812,0.034730032
1450,0.10284452,0.1623985,0.08162013,0.075931355
1451,-0.32944974,0.11226146,0.26475623,0.2364934
1452,0.5356374,-0.37998366,0.054187912,0.044235375
1453,-0.058608934,0.50539535,0.10585861,0.1037859
1454,0.016323015,0.028566845,0.08909407,0.08388778
1455,0.053850994,-0.27256608,0.16614419,0.15825076
1456,-0.26494598,0.28371507,0.07448147,0.06868851
1457,-0.06184172,0.070838034,0.15388483,0.14468917
1458,0.13703272,-0.059281044,0.080190286,0.06906096
1459,0.11756562,-0.11522271,0.079372905,0.07560902
1460,-0.44877577,-0.14359184,0.1385402,0.13269944
1461,0.21173668,-0.09480046,0.103418045,0.092866175
1462,0.011532392,-0.12317362,0.15459758,0.14790381
1463,0.10710265,0.07623328,0.08896233,0.083426364
1464,-0.19987087,-0.0313911,0.110659055,0.111989185
1465,0.28179163,-0.13469881,0.11655801,0.11277288
1466,-0.084478065,0.37731493,0.17793784,0.17967851
1467,0.08373766,0.029224545,0.12295959,0.12810808
1468,0.2346148,0.07595612,0.10345836,0.100919545
1469,0.06676899,-0.036254272,0.07927776,0.07385555
1470,-0.08662522,0.18832047,0.20244655,0.18698837
1471,0.13488612,-0.047573544,0.04713173,0.037186433
1472,-0.04126997,-0.107498355,0.107832044,0.09901134
1473,-0.27365673,-0.027677685,0.059249263,0.05004832
1474,0.039944865,-0.043476857,0.1058141,0.10280633
1475,-0.29509893,-0.5522685,0.15985145,0.16156204
1476,-0.40038595,-0.070657566,0.13470599,0.13126755
1477,-0.3219748,0.4272769,0.082247816,0.0779389
1478,-0.1990161,0.153713,0.14692464,0.15332618
1479,0.040083107,0.06847704,0.0515949,0.039051656
1480,-0.4109416,-0.6700294,0.116323605,0.105420426
1481,0.06906119,-0.08679309,0.12615107,0.12281863
1482,0.10948908,-0.2416668,0.0539215,0.04515125
1483,0.2470413,0.19783291,0.07467532,0.06730785
1484,-0.296507,-1.0282705,0.06311289,0.08919785
1485,-0.101024345,0.11945526,0.10155541,0.08404253
1486,-0.03278799,0.018236116,0.15619224,0.15018775
1487,0.17968507,0.07363376,0.13454345,0.12305019
1488,0.2981293,0.24115689,0.0913609,0.08617095
1489,-0.0036734901,-0.02623038,0.10937351,0.08807105
1490,-0.21403079,0.38560152,0.09643516,0.09712087
1491,-0.06073651,-0.36127132,0.16521944,0.1599665
1492,-0.27912527,-0.31594467,0.14445303,0.14340371
1493,0.0011281334,0.3234107,0.10559005,0.09816105
1494,0.03507981,-0.032061934,0.13778163,0.11813445
1495,0.20247106,-0.6598111,0.079917386,0.070398904
1496,0.01538983,0.05205781,0.09809068,0.075647675
1497,0.00998034,0.1922869,0.19945402,0.18332887
1498,-0.3483504,0.20041317,0.13602808,0.14284432
1499,-0.22695267,0.17742261,0.32653627,0.326999
1500,-0.1201413,-0.3817736,0.10878198,0.10623513
1501,-0.31505036,1.1978266,0.08893756,0.09255392
1502,0.2738088,-0.27347088,0.07416108,0.06746352
1503,-0.1389682,-0.041124403,0.075767,0.07016605
1504,0.004937757,0.21924944,0.12142564,0.11574508
1505,-0.009660255,-0.0016804487,0.070924595,0.066046394
1506,-0.2208109,0.213367,0.1250752,0.11598728
1507,0.21068579,-0.31354904,0.066420116,0.056761377
1508,-0.026905954,-0.03665153,0.057999577,0.04670578
1509,-0.05165131,0.3489682,0.06823617,0.06354574
1510,-0.08453193,0.12407027,0.078795746,0.0663875
1511,0.21379133,0.14384852,0.18586268,0.17966929
1512,-0.009510938,-0.12907186,0.26948702,0.26103967
1513,0.23433869,-0.09824103,0.07473141,0.06524873
1514,0.07879929,-0.058174178,0.056514803,0.045202307
1515,-0.08384259,-0.05016665,0.10552569,0.09579589
1516,-0.0009854846,0.13086294,0.19909438,0.20249894
1517,0.5000386,0.107096374,0.0840745,0.07769645
1518,-0.15477493,0.036420345,0.07756319,0.06695836
1519,-0.37463027,0.13913818,0.07784854,0.07425599
1520,0.117681876,0.06870431,0.086130194,0.07277525
1521,-0.38141093,-0.56954175,0.107827224,0.10696401
1522,-0.5160045,0.028022297,0.07836607,0.071911074
1523,0.4964199,-0.017202467,0.0652419,0.057723828
1524,0.3260082,0.48296404,0.056853175,0.053460903
1525,-0.09235187,0.07354085,0.10728105,0.10595869
1526,0.39220518,0.295121,0.072283685,0.055184733
1527,0.309101,0.31542182,0.056490354,0.056308568
1528,-0.9617579,-0.12799627,0.16176313,0.15194146
1529,0.18097302,-0.08072597,0.0945639,0.0866863
1530,0.19789861,0.21460404,0.12138953,0.116978996
1531,0.0849662,0.11884244,0.047353003,0.041039515
1532,-0.15582098,0.05612541,0.052653927,0.041711606
1533,-0.3872579,-0.04477606,0.09927424,0.09527677
1534,-0.44150656,-0.27294505,0.092979126,0.08587776
1535,-0.11297366,0.0487933,0.1063448,0.10746213
1536,0.006049849,-0.040084884,0.07808219,0.06878418
1537,-0.06259106,0.07524804,0.059143532,0.049320366
1538,0.056472998,0.01207184,0.078653485,0.07759119
1539,0.14682479,-0.13180023,0.13217479,0.13086669
1540,-0.20072605,0.11097169,0.22077645,0.21183623
1541,-0.043585677,0.025717355,0.12237815,0.12990256
1542,0.043761086,-0.24944596,0.07776583,0.06723702
1543,0.18180731,0.503662,0.08745361,0.07952166
1544,-0.087083325,-0.065472916,0.16501673,0.16042979
1545,-0.14815547,0.11083717,0.22849831,0.23299065
1546,-0.091895774,0.013025247,0.12582044,0.12161616
1547,0.38798523,0.59842086,0.062486622,0.06583907
1548,0.028531607,-0.029621527,0.09555079,0.09818821
1549,0.5853664,0.5650321,0.13144983,0.12040609
1550,-0.04026916,0.041476145,0.08857659,0.082251534
1551,-0.35456806,-0.12165654,0.08194319,0.07602369
1552,-0.10331997,-0.032272488,0.12887749,0.120839946
1553,0.16455187,-0.18545501,0.108602226,0.10106959
1554,-0.5058614,0.1469794,0.19430354,0.18205622
1555,-0.0037018768,0.1253062,0.053053193,0.05151247
1556,0.4437176,0.49971437,0.073738046,0.062372327
1557,0.0015721992,0.15549426,0.123725705,0.11674317
1558,0.46014374,-0.12118836,0.08898447,0.08185893
1559,0.51548177,-0.15239052,0.051524706,0.03663834
1560,0.023222618,-0.081264265,0.11428106,0.119262524
1561,0.022821475,-0.25603926,0.05377555,0.038728047
1562,0.07494916,-0.0036721379,0.101010315,0.094207756
1563,0.02596996,0.0624009,0.10053564,0.10011494
1564,-0.059792217,-0.20830505,0.04178216,0.03719581
1565,0.05735786,-0.01228109,0.06588085,0.059460334
1566,-0.3056425,-0.0014997125,0.07409411,0.06278725
1567,0.21029593,-0.0540113,0.25454056,0.25472072
1568,-0.055785548,0.0981787,0.06772373,0.053513817
1569,-0.017875932,-0.034468487,0.045250695,0.042390235
1570,-0.2617151,0.47576976,0.058505207,0.04936456
1571,-0.082069814,-0.022664838,0.04722304,0.036375176
1572,0.049905654,0.3145976,0.055145375,0.04926538
1573,-0.32360992,-0.109725155,0.0595647,0.053124618
1574,-0.07183604,0.70734704,0.06475496,0.064872004
1575,-0.21775945,-0.08427308,0.09231269,0.085361816
1576,-0.124097854,0.24325193,0.1833112,0.18059033
1577,-0.036542073,0.078951776,0.087149136,0.072995126
1578,-0.16323008,0.2915964,0.15920913,0.15558511
1579,0.102277204,-0.07817516,0.07540148,0.068732776
1580,-0.20785402,-0.118215375,0.15477425,0.1532874
1581,0.7579504,0.06748113,0.07008717,0.051850688
1582,-0.1173888,-0.13588865,0.11424671,0.09446097
1583,-0.3936988,-0.3152467,0.1437866,0.14073598
1584,0.09544858,-0.18619971,0.06653322,0.060472474
1585,-0.14692178,0.2236196,0.16133735,0.1618372
1586,-0.14641477,0.08082216,0.047600377,0.042045098
1587,-0.2194569,0.34355843,0.07118775,0.06458342
1588,-0.052843597,-0.31460506,0.16721806,0.14938465
1589,0.15311976,0.013786465,0.083521105,0.07084912
1590,0.026413364,-0.016845182,0.21732798,0.21287347
1591,-0.06047211,-0.06425932,0.208308,0.20031443
1592,0.16628356,0.057547703,0.10130875,0.08482029
1593,-0.10242592,-0.02117686,0.095165215,0.0831431
1594,0.009884182,-0.11204216,0.07267021,0.05262783
1595,-0.16323008,0.2915964,0.15920913,0.15558511
1596,0.15146184,-0.22223757,0.10043548,0.09011429
1597,0.06473166,0.13398166,0.19293506,0.18539509
1598,0.27234462,0.9113649,0.10872168,0.1103241
1599,-0.52203745,-0.24386987,0.18434145,0.178141
1600,0.32404345,-0.2139003,0.08380651,0.076757304
1601,-0.22211598,-0.07949172,0.13059215,0.12921554
1602,-0.17271702,0.26315212,0.18393962,0.1720397
1603,0.14349617,-0.057832986,0.057085488,0.044278014
1604,0.5676277,0.42743146,0.058773782,0.056930024
1605,0.37996083,-0.623069,0.06559755,0.06308608
1606,-0.2363909,0.030541241,0.14358918,0.15151423
1607,0.065366566,0.24096613,0.17166047,0.14775977
1608,0.16196682,0.10844808,0.07855476,0.06975386
1609,-0.10637157,0.2411264,0.1592868,0.14454512
1610,0.22932264,0.024210341,0.17061721,0.17447944
1611,-0.63102335,0.09865558,0.07492068,0.068439715
1612,0.21657446,-0.465703,0.08401916,0.081677735
1613,0.51752293,-0.3115763,0.07333444,0.065772235
1614,-0.38141093,-0.56954175,0.107827224,0.10696401
1615,-0.13771154,-0.054246917,0.05193019,0.046592608
1616,-0.14176714,-0.32235885,0.14154884,0.15231004
1617,0.10556109,0.22121784,0.051358704,0.043700818
1618,-0.018507808,-0.2431779,0.09416982,0.070890255
1619,0.9495012,-0.30668092,0.051375348,0.051134173
1620,-0.0083364975,-0.04030609,0.09253267,0.08554205
1621,-0.26543057,-0.14782904,0.08715701,0.07148074
1622,-0.009510938,-0.12907186,0.26948702,0.26103967
1623,-0.10579358,0.21871148,0.12208225,0.11702672
1624,0.071003094,-0.00225389,0.067915775,0.062417373
1625,-0.08846156,-0.103140935,0.09278053,0.08708084
1626,-0.22296749,-0.049436003,0.044716194,0.036202073
1627,-0.00790761,-0.023254596,0.06609356,0.06361974
1628,-0.20022582,0.5300519,0.1564451,0.15280129
1629,0.11940652,-0.10052276,0.079540595,0.070244275
1630,0.63649184,-0.41695058,0.09647098,0.08437138
1631,-0.21366413,-0.07800381,0.10818012,0.09978497
1632,0.21393655,-0.066826254,0.0852151,0.077595234
1633,-0.093878224,0.015039064,0.11531666,0.11520373
1634,-0.14537978,0.022881374,0.12891677,0.116286755
1635,0.18097302,-0.08072597,0.0945639,0.0866863
1636,0.2738088,-0.27347088,0.07416108,0.06746352
1637,-0.06189768,0.29230142,0.10649088,0.10373452
1638,0.20256595,-0.20395182,0.078916386,0.07007417
1639,-0.073248416,-0.20477937,0.07232993,0.058275945
1640,-0.06489179,0.0934393,0.06429529,0.056335494
1641,0.12923943,-0.04812143,0.086540475,0.07925344
1642,0.27702278,0.34276187,0.06103845,0.056967005
1643,-0.2469999,0.11707254,0.08425171,0.062752135
1644,0.030573197,0.2185,0.046115555,0.037553817
1645,-0.010127779,0.19110766,0.07407241,0.070225306
1646,0.5936374,-0.36399168,0.075647965,0.066629864
1647,-0.007840507,0.11253281,0.123001456,0.1291457
1648,0.09358303,-0.1548758,0.07566213,0.064910196
1649,-0.20264848,0.09827769,0.07063083,0.06148935
1650,0.024208527,-0.1788279,0.052830342,0.047239054
1651,-0.2903162,0.15633897,0.06853999,0.061431315
1652,0.016264144,0.0457057,0.07007216,0.058770362
1653,-0.036959644,0.22197397,0.09396257,0.0791587
1654,0.4697154,-0.4477679,0.09596242,0.09007931
1655,0.6362471,0.04962478,0.17114021,0.15254407
1656,0.04382964,-0.08054861,0.056152757,0.05009887
1657,0.13911057,-0.004160844,0.07262409,0.065749355
1658,0.06526394,0.020192742,0.124850065,0.11006584
1659,-0.31590956,-0.26854414,0.08359293,0.08384067
1660,-0.13666673,-0.051184453,0.07975901,0.070151955
1661,0.70089275,-0.23031951,0.095202506,0.08514673
1662,-0.6046691,-0.26443005,0.111168005,0.111930005
1663,-0.006899234,-0.080243446,0.09845893,0.08692263
1664,-0.27365673,-0.027677685,0.059249263,0.05004832
1665,-0.11297366,0.0487933,0.1063448,0.10746213
1666,-0.035001323,-0.22834828,0.10895698,0.09981954
1667,-0.059314962,-0.23556532,0.06319381,0.050903246
1668,-0.056064922,0.18206476,0.09765797,0.09201891
1669,-0.2983666,-0.08077304,0.14261201,0.14086686
1670,-0.13895456,0.06826593,0.085597955,0.078509696
1671,0.009271067,-0.47198159,0.105993286,0.13103448
1672,-0.041568197,0.011487849,0.09673432,0.08908655
1673,0.07122558,-0.04939753,0.08076763,0.07454432
1674,0.010653403,-0.05790679,0.12222625,0.113337465
1675,-0.10944238,-0.12221013,0.14210662,0.13852534
1676,0.15772356,0.2177061,0.04091103,0.034638274
1677,0.04960666,0.081863284,0.14761624,0.13378988
1678,-0.50624394,0.19182698,0.05757797,0.050559465
1679,0.14432094,-0.22083668,0.057007793,0.04412331
1680,0.5190368,-0.5710905,0.08757615,0.08350096
1681,-0.015064739,0.033184923,0.035733107,0.031073742
1682,-0.17704616,-0.06218279,0.047403485,0.038752608
1683,-0.0013584569,0.13885939,0.10557449,0.09508369
1684,0.08939834,0.010548383,0.07472002,0.06555549
1685,-0.21678565,0.45422453,0.11533505,0.11372137
1686,0.13879706,-0.104157284,0.07563073,0.06910756
1687,0.29753786,-0.64850587,0.091990024,0.08925609
1688,0.50857145,0.3361113,0.049143612,0.046889912
1689,-0.11351171,-0.08501912,0.08319295,0.06895544
1690,0.15612294,0.060749635,0.082290195,0.07547367
1691,-0.30374482,-0.23223041,0.14001435,0.13523553
1692,0.030901596,0.12490803,0.07635442,0.06754348
1693,-0.17138027,0.027303033,0.078811936,0.08115995
1694,-0.29367778,-0.08076145,0.14393546,0.14741714
1695,-0.3667781,-0.3192156,0.15216741,0.15722989
1696,0.014657393,0.077374645,0.07251344,0.07020307
1697,-0.25494605,0.0021929145,0.105693445,0.09341289
1698,-0.12669119,-0.20250532,0.06724837,0.059295796
1699,0.15551086,0.19880937,0.124621175,0.11267795
1700,0.06911847,0.07590601,0.122114636,0.103770085
1701,0.11127283,-0.2230833,0.38674968,0.38458353
1702,0.042163573,0.045660645,0.14270204,0.13418657
1703,-0.004680399,-0.023097366,0.109092966,0.09412415
1704,-0.01036384,-0.020972416,0.114703976,0.103397965
1705,-0.47442213,0.5230634,0.08793049,0.08093662
1706,-0.08623539,-0.07236256,0.044153802,0.031783804
1707,-0.06338681,-0.1445242,0.11247725,0.10849934
1708,0.01538983,0.05205781,0.09809068,0.075647675
1709,0.44845444,0.09909115,0.11165035,0.09871456
1710,0.072365955,-0.1658204,0.13556005,0.13284358
1711,-0.3332509,-0.10539751,0.1025224,0.101650365
1712,-0.3121078,-0.41855854,0.10396173,0.10514587
1713,-0.07679477,-0.29958153,0.12692441,0.12737712
1714,-0.027606633,0.16183083,0.07350125,0.061951246
1715,-0.09481791,-0.17450781,0.15269972,0.142791
1716,0.25528038,-0.08670937,0.045364853,0.04029649
1717,-0.12001471,0.060844943,0.08541387,0.07698958
1718,0.6150291,-1.0784854,0.059213534,0.15134662
1719,-0.20424746,0.22944184,0.052099947,0.04360467
1720,0.2353227,0.1835324,0.20111571,0.18745558
1721,0.13000183,0.13920294,0.13870363,0.14465979
1722,-0.037658814,-0.008109964,0.058622252,0.053909943
1723,-0.0064540654,-0.02867803,0.22600591,0.23362298
1724,-0.5685874,0.26150024,0.06743069,0.06112682
1725,0.07821733,0.121567845,0.14960884,0.13699079
1726,-0.3113333,0.043514818,0.07666561,0.068471685
1727,0.12002011,0.076098844,0.21789004,0.200445
1728,-0.1823488,0.06077823,0.06050873,0.04863641
1729,-0.39322847,0.03965625,0.08513616,0.08270768
1730,0.016532745,-0.06591834,0.22026077,0.21143556
1731,0.2778203,-0.022275329,0.118064694,0.10874956
1732,0.18337569,-0.08357063,0.09490137,0.089249976
1733,-0.06480854,-0.061638504,0.14072813,0.14090586
1734,0.0048337467,-0.414918,0.1225853,0.12687716
1735,0.06386317,0.10138723,0.14582175,0.12946786
1736,0.1150078,-0.120928854,0.092853434,0.08397955
1737,0.18893914,-0.20254548,0.1511456,0.14211768
1738,-0.007840507,0.11253281,0.123001456,0.1291457
1739,-0.023211565,-0.1626122,0.20943396,0.20793502
1740,-0.0013849325,-0.038252465,0.04486529,0.035520215
1741,-0.40253234,0.26237488,0.15091802,0.15747458
1742,-0.076207906,0.038049564,0.052369677,0.046833202
1743,-0.058194816,-0.014098614,0.06252302,0.054864008
1744,-0.017430935,-0.0009610057,0.073549666,0.058256123
1745,0.049770676,-0.33473414,0.07755051,0.06530614
1746,-0.017175466,0.107174724,0.37160516,0.3613853
1747,-0.19796129,-0.24247779,0.07631334,0.061624803
1748,-0.05142741,0.02134727,0.10108348,0.0863032
1749,-0.112569064,0.079852,0.11296023,0.11643974
1750,0.5475626,0.29366177,0.10240534,0.083335795
1751,-0.2521973,-0.81152785,0.13354394,0.13420472
1752,0.07684992,0.033463605,0.045132082,0.03909954
1753,0.081649184,-0.25015754,0.11111723,0.10199144
1754,0.12764505,-0.48071218,0.057742942,0.050752863
1755,0.054777432,-0.07818712,0.12591505,0.12145383
1756,-0.090157956,-0.0090217665,0.17464021,0.1687107
1757,-0.10390589,-0.4102549,0.101156645,0.089284286
1758,0.21262741,-0.071926415,0.120003544,0.1135799
1759,0.40731835,-0.24816112,0.108541474,0.10241871
1760,-0.10938871,0.056785516,0.06804831,0.06589627
1761,-0.18428612,0.046939686,0.056357063,0.044384032
1762,-0.31059504,0.42327708,0.085638225,0.06569222
1763,0.046739887,-0.36309242,0.048919655,0.041884024
1764,-0.14329647,0.10093552,0.076612726,0.06788523
1765,-0.31815326,-0.15367498,0.17723495,0.17553113
1766,0.25379854,0.25254184,0.11520045,0.11136679
1767,-0.06467571,-0.09223346,0.05792532,0.055428907
1768,0.020333953,-0.07819975,0.06948838,0.06344893
1769,-0.31298506,0.048234887,0.12546487,0.12300445
1770,0.39175195,-0.56531394,0.13922776,0.13453245
1771,-0.0069012493,-0.08195178,0.066567585,0.054765187
1772,-0.009896303,0.023540318,0.07787192,0.067616135
1773,-0.029601865,0.081334144,0.11037834,0.09207671
1774,0.0110298805,0.00858511,0.048893664,0.044001862
1775,-0.41213515,0.29242414,0.06706735,0.057400167
1776,-0.16079006,-0.100663334,0.12560302,0.12507148
1777,-0.2682538,-0.24060951,0.06777096,0.06175738
1778,-0.3244356,-0.3182423,0.11048946,0.101288304
1779,-0.4067475,0.08167316,0.043538135,0.03403566
1780,-0.10438189,-0.0003104806,0.06138561,0.055168774
1781,0.010608669,0.010989226,0.058262657,0.044553846
1782,0.34871045,0.48384315,0.062979475,0.06238069
1783,0.09543511,-0.22822915,0.06530935,0.05564723
1784,-0.10624333,0.07760426,0.08851265,0.08293316
1785,-0.03046693,0.10714915,0.09969125,0.0931191
1786,0.20516334,-0.74777365,0.09419975,0.09333064
1787,0.02851031,0.3672607,0.045709528,0.03992486
1788,-0.3073317,0.020698823,0.1034805,0.10176845
1789,-0.0050096326,-0.02486822,0.040960692,0.033343542
1790,0.12114665,0.36220968,0.07029031,0.059487376
1791,0.4308776,-0.21309078,0.12478386,0.11442367
1792,-0.5451961,0.1562372,0.08963775,0.08263897
1793,-0.46200824,0.21070667,0.08787863,0.08528282
1794,0.079924986,0.26327372,0.17516264,0.16556324
1795,0.01222929,-0.069625646,0.07690805,0.071235746
1796,0.01180004,0.029016256,0.050941773,0.04108869
1797,-0.05129861,-0.37815648,0.07878869,0.07613845
1798,-0.101590976,0.09567509,0.13939048,0.132071
1799,-0.0063237194,0.10057124,0.14019848,0.12926996
1800,-0.061813142,0.12626933,0.06368364,0.064282686
1801,0.2263477,0.65296376,0.09525529,0.10518253
1802,-0.13568497,-0.2730707,0.1007481,0.10114053
1803,-0.087340444,-0.039081648,0.09534329,0.0830563
1804,-0.064194426,0.07622178,0.09753515,0.076878764
1805,0.01587011,0.33757794,0.114284135,0.11597916
1806,-0.10584909,0.17407492,0.06273958,0.053190984
1807,-0.18647362,-0.05655919,0.06229062,0.06185205
1808,-0.18063635,0.105266675,0.19291237,0.19205986
1809,-0.16853076,-0.07462336,0.06571845,0.0499704
1810,0.0015721992,0.15549426,0.123725705,0.11674317
1811,-0.3117369,0.26516175,0.05116176,0.03980468
1812,-0.070032075,0.00604669,0.082941726,0.0731111
1813,0.014427025,-0.12030002,0.08575224,0.08235226
1814,-0.23550604,0.1899581,0.05841021,0.04667146
1815,0.28199437,-0.51604307,0.09962133,0.09624603
1816,-0.13442382,0.05238072,0.0520901,0.045151945
1817,0.102485135,0.4547879,0.14266554,0.12744166
1818,0.43609205,-0.8487253,0.10260858,0.0962868
1819,0.32126385,-0.15232663,0.07589663,0.07057459
1820,-0.006899234,-0.080243446,0.09845893,0.08692263
1821,-0.061901025,-0.36404377,0.12248617,0.11857323
1822,-0.14888737,0.091538064,0.12262885,0.11501997
1823,-0.50145483,-0.46718562,0.13361143,0.13865252
1824,0.09339824,-0.2719056,0.08636127,0.07508395
1825,0.08432981,-0.16052963,0.1343198,0.12042203
1826,-0.6117271,0.18932016,0.05017326,0.03745597
1827,-0.024192926,0.08374229,0.06075882,0.059277497
1828,-0.25208077,-0.17811114,0.22327313,0.21196793
1829,-0.033442333,-0.018142462,0.059987027,0.053458396
1830,0.21984965,0.25116533,0.11322596,0.10454774
1831,0.054717235,0.06930893,0.18833323,0.18163186
1832,-0.06355973,0.017397746,0.090242565,0.07522521
1833,-0.0012919996,-0.0861145,0.092052214,0.08535523
1834,0.78833693,-0.15656428,0.16749665,0.1397874
1835,-0.07586825,-0.14183976,0.15583865,0.15358356
1836,-0.03839599,-0.124468386,0.09940063,0.091331534
1837,-0.10225052,-0.20190872,0.08520337,0.079320095
1838,0.0845035,-0.0793231,0.05669245,0.045273546
1839,-0.044888753,-0.06622991,0.127697,0.12511441
1840,-0.048886407,0.039019734,0.069567226,0.06513289
1841,0.60461766,-0.133091,0.049600426,0.036595132
1842,-0.17283301,-0.015309498,0.108052604,0.09411911
1843,0.1129161,-0.11552639,0.14644523,0.1392772
1844,-0.06599699,-0.30833697,0.07718056,0.07275289
1845,0.04960666,0.081863284,0.14761624,0.13378988
1846,0.08874388,0.32582718,0.17441595,0.17271309
1847,-0.07714656,-0.13208172,0.08983674,0.08706238
1848,0.44274566,-0.5003166,0.104220636,0.09091782
1849,0.41925222,0.30708653,0.08291538,0.07919011
1850,-0.063293315,0.12527022,0.07158901,0.06232712
1851,0.010080155,-0.013950035,0.054611962,0.043995176
1852,0.18096535,0.2587465,0.051290758,0.040114377
1853,0.044910632,-0.008620001,0.051010195,0.04001794
1854,0.037719216,-0.1529117,0.08384937,0.06681936
1855,-0.14256836,0.08010459,0.071265794,0.07284199
1856,-0.54451865,-0.4538175,0.08612264,0.06863493
1857,0.04504438,-0.053551942,0.05210221,0.04466486
1858,-0.07888006,0.2951882,0.083145894,0.07757373
1859,0.00601542,0.100572154,0.04950105,0.046192333
1860,-0.017122906,-0.09686707,0.05274869,0.044814516
1861,-0.0353726,-0.2240371,0.083689734,0.07407831
1862,-0.19366787,-0.13833784,0.14404653,0.1379564
1863,-0.16366342,0.28739876,0.09474859,0.093911074
1864,-0.096087724,-0.026281103,0.063403286,0.05424999
1865,0.059780788,-0.25715667,0.10022338,0.10067095
1866,0.13191369,-0.027716279,0.23870488,0.22890155
1867,-0.1426135,0.2749673,0.11493153,0.106334604
1868,-0.24502863,0.19018339,0.13960066,0.14115708
1869,0.038204253,0.023715869,0.089696586,0.0720675
1870,-0.7244561,-0.14772102,0.09870014,0.086581744
1871,0.28584388,0.00061029196,0.057978872,0.050577346
1872,-0.049168546,-0.02183421,0.079287454,0.063687004
1873,-0.14213495,0.1322911,0.14533634,0.15210612
1874,0.13620569,0.08347941,0.082001396,0.07285443
1875,-0.18177779,-0.04330544,0.10546476,0.08653701
1876,-0.33710194,-0.069072016,0.047345497,0.041794833
1877,0.17700307,-0.17255323,0.053704716,0.046063907
1878,0.13549116,0.15798764,0.051653087,0.0567256
1879,0.05683921,-0.14195906,0.109768495,0.099067256
1880,0.036342025,-0.19826756,0.07664762,0.065819316
1881,-0.15691663,-0.005835727,0.067008264,0.049807776
1882,0.14555426,-0.022919014,0.06308055,0.05768423
1883,0.08913544,0.17057624,0.056345116,0.052980993
1884,-0.14951813,0.17198299,0.16999726,0.17563382
1885,-0.117519334,0.17590077,0.06540316,0.060957674
1886,0.18190028,0.1101406,0.068771824,0.05724969
1887,-0.17055707,0.09421815,0.096509956,0.07975065
1888,-0.685587,-0.3671124,0.051093232,0.055963956
1889,0.03220379,-0.13046882,0.10849838,0.1049782
1890,-0.6407323,-0.21333162,0.12816589,0.112143986
1891,-0.2534956,0.015158124,0.053023685,0.041233443
1892,-0.45877394,-0.22708075,0.08085659,0.06834806
1893,-0.106032535,-0.032403305,0.07605827,0.06850855
1894,-0.040325586,0.017264463,0.12562712,0.11796195
1895,-0.31042838,0.17172663,0.058548164,0.047944546
1896,-0.15222374,0.4254374,0.057744518,0.05386035
1897,-0.009857645,-0.000830546,0.09390332,0.07991477
1898,0.13191369,-0.027716279,0.23870488,0.22890155
1899,-0.012004986,0.13013344,0.10284924,0.10077518
1900,-0.1869817,-0.21697524,0.06465697,0.049833164
1901,0.3487282,0.012334995,0.06697893,0.06081211
1902,-0.31763256,0.056657515,0.20806734,0.19966824
1903,-0.033548165,-0.053420886,0.06423493,0.06013335
1904,-0.03453159,0.05608242,0.066204466,0.048371557
1905,0.06694648,0.08157835,0.09546389,0.087409995
1906,-0.11959745,-0.059877187,0.101872526,0.098373584
1907,-0.022594031,0.095171385,0.08758784,0.081439294
1908,-0.21550311,-0.06862067,0.05651694,0.04491267
1909,0.12702928,-0.23813446,0.110897236,0.09980739
1910,-0.045065988,-0.06671861,0.04799564,0.041311465
1911,0.119618446,0.14849691,0.089216195,0.08385029
1912,-0.038471375,-0.05407016,0.11283054,0.107902154
1913,-0.043225672,0.017690755,0.08396633,0.07799554
1914,-0.07544261,0.17573223,0.073371544,0.056471378
1915,-0.13637269,-0.07029675,0.14325598,0.13643089
1916,-0.09251787,-0.18949562,0.11418227,0.10842287
1917,-0.18845282,0.20698489,0.25152645,0.24408504
1918,-0.07716003,0.20575787,0.10483806,0.093832284
1919,0.08504683,0.03096205,0.09427332,0.0885219
1920,0.13890566,0.17567761,0.11463723,0.10913195
1921,0.11112617,-0.266782,0.06577147,0.05981921
1922,0.10175742,0.6020461,0.24027771,0.22006613
1923,-0.29213145,-0.26908058,0.077445924,0.06028767
1924,0.1468075,0.38330185,0.047690287,0.047873266
1925,0.117670044,-0.6442138,0.06513222,0.06535299
1926,-0.043190673,0.17024384,0.054248773,0.04452946
1927,0.07079241,-0.08380471,0.10504543,0.101158336
1928,-0.04733213,-0.07007192,0.07026564,0.06589812
1929,-0.009534318,0.30413657,0.057271928,0.05166866
1930,-0.072018445,0.045281246,0.115103014,0.117421135
1931,-0.10309778,0.25803834,0.050499838,0.037269153
1932,-0.05897182,0.02346947,0.05746869,0.04772354
1933,0.038062096,-0.12820002,0.16109982,0.15522704
1934,-0.3003693,-0.04532203,0.061478432,0.04787633
1935,0.024192799,-0.12658417,0.085093014,0.070613794
1936,-0.53363746,-0.65736943,0.10488282,0.09393299
1937,0.27400064,0.31969583,0.11658643,0.09529434
1938,-0.20892194,0.37653387,0.07491038,0.071422376
1939,0.07624902,0.49918795,0.12043323,0.11341174
1940,-0.13637269,-0.07029675,0.14325598,0.13643089
1941,0.36027724,0.8456538,0.12802723,0.12246964
1942,-0.22984111,-0.20081763,0.12789875,0.12557426
1943,0.44613534,-0.27449673,0.06548992,0.05517468
1944,-0.02463929,-0.0115538165,0.055612992,0.04618383
1945,-0.64700687,-0.32422012,0.15087426,0.13830747
1946,0.02339954,0.18496771,0.08305528,0.08025902
1947,0.045445163,-0.1381133,0.10034082,0.10181248
1948,0.0033537,-0.13097768,0.08596863,0.07099386
1949,-0.20892194,0.37653387,0.07491038,0.071422376
1950,-0.028512992,0.08783621,0.1858728,0.19181174
1951,-0.0401057,0.048559308,0.16903168,0.16462804
1952,0.12817733,-0.14188766,0.18454078,0.17065234
1953,-0.14820255,-0.0068054497,0.1278572,0.12763451
1954,-0.085180566,-0.058199033,0.17338738,0.16993427
1955,-0.005820425,-0.014138341,0.09755116,0.08723681
1956,0.09235835,0.06154847,0.11345779,0.097326525
1957,0.2497272,-0.43455678,0.11136766,0.10938983
1958,-0.20675914,0.08059284,0.23152448,0.2244241
1959,-0.484685,0.075037874,0.086904794,0.08065896
1960,0.17386243,-0.03314682,0.07719104,0.07540089
1961,0.16868903,0.061459407,0.111496374,0.107948124
1962,-0.009571169,-0.19326022,0.11758596,0.11473696
1963,-0.07462065,0.1607041,0.08561404,0.07845018
1964,0.049271006,-0.38705403,0.060457,0.04866596
1965,-0.06073651,-0.36127132,0.16521944,0.1599665
1966,-0.47247273,-0.12741145,0.062060863,0.051712222
1967,0.004016254,-0.010902412,0.05580558,0.04644064
1968,-0.14528428,-0.17165919,0.12433224,0.12799795
1969,0.039029285,-0.12922396,0.08404623,0.07582247
1970,-0.6001229,-0.26552033,0.04638304,0.034861583
1971,-0.10155478,0.027727932,0.15405294,0.14238481
1972,-0.09265827,-0.03359461,0.09110018,0.08976076
1973,0.32708877,-0.17013048,0.104729205,0.08681227
1974,-0.13865407,-0.33106196,0.15001717,0.1373332
1975,-0.0062230676,-0.14666137,0.05465925,0.05175444
1976,-0.0155182,-0.039074138,0.11012927,0.10380141
1977,-0.25704908,-0.30116123,0.10008618,0.10012638
1978,-0.74509996,0.7262689,0.14569493,0.14119121
1979,-0.02692261,0.058881074,0.07745177,0.06855582
1980,-0.027699165,-0.033560753,0.07980788,0.07548306
1981,-0.4584027,0.15372118,0.1053461,0.08972099
1982,0.03937743,-0.26122344,0.055561353,0.039950058
1983,-0.034481205,0.06868485,0.046865236,0.037270714
1984,0.0026384145,-0.00068829954,0.06258964,0.054843258
1985,0.12002011,0.076098844,0.21789004,0.200445
1986,0.025049038,0.12578063,0.22658378,0.23456897
1987,0.25124365,-0.060838357,0.10867067,0.101248056
1988,0.27029008,-0.21594757,0.107197195,0.09675909
1989,0.431457,-0.15167211,0.10666715,0.08665772
1990,0.23465456,-0.13976598,0.12602194,0.1271028
1991,-0.043432154,0.007596761,0.044293635,0.04114468
1992,-0.0006096624,0.011610627,0.05806313,0.050744854
1993,0.08928728,0.02095116,0.07933316,0.057702836
1994,-0.19796559,0.14417158,0.048723474,0.047405027
1995,0.5492534,-0.33363587,0.11527206,0.111025795
1996,0.079514146,-0.2616673,0.041513216,0.029318582
1997,-0.1227161,0.10643395,0.103899516,0.090488605
1998,-0.2611509,0.023362957,0.23099303,0.2274028
1999,0.22559695,0.11858037,0.059456415,0.04827901
2000,-0.1348726,0.074652486,0.08447479,0.06761527
2001,0.036342025,-0.19826756,0.07664762,0.065819316
2002,-0.4104575,-0.11863672,0.06998735,0.064782314
2003,-0.07794474,-0.38773352,0.06552565,0.057635006
2004,0.4048145,-0.61185086,0.04531359,0.038585912
2005,-0.10677385,0.15144272,0.11811755,0.11262085
2006,-0.18878023,-0.1931767,0.08147442,0.07305984
2007,0.59372205,0.013385914,0.052805576,0.038292922
2008,-0.54392046,0.47996402,0.06931999,0.06341623
2009,-0.1325444,0.16826355,0.22052422,0.21567716
2010,0.015560489,-0.024299458,0.11049673,0.10576084
2011,-0.24496089,0.6199813,0.054577533,0.053006396
2012,-0.1469616,-0.19899388,0.101305634,0.08991069
2013,-0.26406297,-0.56702626,0.13081655,0.13414977
2014,0.06287961,0.0653933,0.09075372,0.08621563
2015,-0.03778464,-0.042890362,0.043561425,0.03671321
2016,0.13048796,0.35541517,0.13189274,0.124107085
2017,0.7017234,-0.39976722,0.10229696,0.08991715
2018,-0.028945342,0.21345879,0.20258781,0.193676
2019,0.07992186,-0.11034602,0.045111112,0.040925153
2020,0.042952456,0.0067877844,0.051484395,0.0491549
2021,-0.07113159,-0.04146789,0.08509554,0.07298238
2022,-0.36483502,-0.15974905,0.13690628,0.1334567
2023,0.06758854,-0.04883276,0.050193664,0.03995346
2024,0.1673942,-0.10138131,0.08507123,0.07616223
2025,-0.049308106,0.037522197,0.07548184,0.06961265
2026,0.041668072,-0.031280443,0.089474685,0.08101303
2027,0.56207937,-0.5242905,0.092580594,0.08455603
2028,0.020333953,-0.07819975,0.06948838,0.06344893
2029,0.6370489,0.15929455,0.04181086,0.033732038
2030,-0.03343787,0.08023019,0.053026054,0.045876566
2031,0.41532433,-0.28945988,0.10183861,0.085885346
2032,-0.061931606,0.07270511,0.06316057,0.054376986
2033,-0.2628705,0.019902334,0.11399613,0.10829257
2034,0.16217026,0.0054558367,0.082955204,0.07650152
2035,-0.45877394,-0.22708075,0.08085659,0.06834806
2036,0.06906119,-0.08679309,0.12615107,0.12281863
2037,0.2295305,0.20313072,0.10245192,0.09476517
2038,0.13471715,-0.2949317,0.046633728,0.041366443
2039,-0.1404374,-0.08506121,0.13004234,0.12977655
2040,-0.34573323,0.09343383,0.054171428,0.04623484
2041,-0.17056285,-0.008232504,0.06844536,0.05304211
2042,0.058137145,-0.13021743,0.06802592,0.06301268
2043,0.049296737,0.05960366,0.12055581,0.11598211
2044,-0.06500487,-0.018065214,0.06550633,0.058828257
2045,-0.0831254,0.005184144,0.042517506,0.040097773
2046,-0.15594706,-0.3580225,0.05319043,0.04765981
2047,-0.085180566,-0.058199033,0.17338738,0.16993427
2048,0.24370764,-0.003873244,0.08258604,0.06975533
2049,-0.74143225,0.5299298,0.073522635,0.07602519
2050,0.21978322,0.39144915,0.0904752,0.08560818
2051,0.002499085,-0.16131149,0.15994339,0.14571953
2052,0.5834835,-0.7290373,0.08512839,0.07936329
2053,-0.32003734,-0.46970934,0.08248715,0.08289706
2054,0.15976767,-0.020527676,0.0738212,0.06726356
2055,-0.0581336,-0.43068743,0.07629367,0.07122317
2056,-0.21676208,-0.021312013,0.16216666,0.15339129
2057,-0.0033627674,0.10138868,0.13767798,0.13545786
2058,-0.38765228,0.12424855,0.06016811,0.048477825
2059,-0.2478187,0.10737807,0.12417243,0.13047381
2060,-0.07310568,0.067406416,0.069431886,0.06346296
2061,-0.14739476,0.004194908,0.08738893,0.08183841
2062,0.019363277,-0.0019537657,0.04682201,0.041418552
2063,0.120528325,-0.03492464,0.05787852,0.041344367
2064,0.07691771,-0.08444141,0.08693126,0.07223204
2065,0.1301584,0.109113626,0.107641846,0.102352604
2066,-0.1584202,0.114567,0.20269607,0.19643354
2067,-0.0993066,-0.0014260188,0.08724463,0.07344826
2068,0.09738895,0.39495462,0.07850064,0.07813381
2069,-0.3167019,0.47151756,0.054298233,0.048394687
2070,0.16544448,0.027058497,0.08728691,0.08096339
2071,0.049114797,0.17412807,0.048194688,0.0413415
2072,0.15158427,0.20715226,0.21056144,0.20406573
2073,-0.10848324,-0.085081786,0.17391577,0.16853136
2074,-0.027420472,-0.030556098,0.043307565,0.039045513
2075,-0.10819863,0.07897638,0.082750455,0.075306304
2076,0.014454205,-0.03458388,0.065715544,0.055718374
2077,-0.1571682,0.04979775,0.14037803,0.14096195
2078,-0.062614635,0.11950092,0.10540747,0.09621461
2079,-0.06561684,0.011569016,0.055103526,0.04520259
2080,-0.25637913,-0.18742526,0.10699187,0.10001785
2081,0.32814556,0.030348718,0.11453188,0.10396515
2082,-0.1905504,-0.02669157,0.11664956,0.1112893
2083,-0.49034983,-0.23158105,0.09526363,0.09096262
2084,-0.16321267,0.12404144,0.11170386,0.11247437
2085,-0.22706231,0.06807523,0.20211567,0.20180456
2086,0.17941593,0.058662355,0.16045049,0.14822407
2087,-0.01447463,0.10341164,0.07425207,0.06646914
2088,0.07494916,-0.0036721379,0.101010315,0.094207756
2089,-0.10155478,0.027727932,0.15405294,0.14238481
2090,-0.23142354,0.045749195,0.15380909,0.14915624
2091,0.008998826,0.03705533,0.056153767,0.041420706
2092,-0.25494605,0.0021929145,0.105693445,0.09341289
2093,-0.05395593,0.03678949,0.073728405,0.0690307
2094,0.08108947,-0.063935384,0.051375236,0.038651958
2095,0.43205735,0.56005,0.04410122,0.043514617
2096,0.29100716,0.28495497,0.08409215,0.08025247
2097,-0.016047549,0.006659955,0.049126018,0.04691415
2098,0.0148542635,-0.06867501,0.12412916,0.12528521
2099,0.054717235,0.06930893,0.18833323,0.18163186
2100,-0.021635033,-0.3714705,0.07951727,0.08273507
2101,0.0022483524,0.4564836,0.07549366,0.07439221
2102,0.2892715,0.18941654,0.10430956,0.096079856
2103,0.137231,-0.39034492,0.062309444,0.05745432
2104,-0.09911975,-0.30311102,0.14104499,0.13546409
2105,-0.18737304,-0.10093031,0.0568588,0.041466758
2106,-0.15845113,-0.06278637,0.12271448,0.114861414
2107,0.30635017,-0.041699782,0.04775871,0.04224971
2108,-0.029243939,-0.1738758,0.043586526,0.03671323
2109,-1.0037216,-0.051936284,0.10798873,0.095082045
2110,-0.17304783,0.017487563,0.0748104,0.07261417
2111,-0.034778748,-0.31521297,0.055361956,0.049486298
2112,0.34843484,-0.14022371,0.07028454,0.054876193
2113,0.06489791,0.21946713,0.04182515,0.03644822
2114,-0.07607499,0.016548008,0.101087034,0.08865421
2115,-0.2735488,-0.20490016,0.077078804,0.07355595
2116,-0.20293094,0.0052661896,0.052227914,0.040598467
2117,0.047826555,0.084965065,0.09820112,0.091419086
2118,-0.14330103,0.0004528761,0.07937808,0.068416186
2119,0.100869045,-0.34112668,0.0578936,0.05034455
2120,0.014251016,0.19015999,0.1879675,0.2014378
2121,-0.12957104,0.24619599,0.12508035,0.12048369
2122,0.05404873,0.19206566,0.14446479,0.13383357
2123,-0.27098197,-0.55894136,0.07345873,0.06954879
2124,0.39628902,0.14399852,0.096164815,0.087252654
2125,-0.3113333,0.043514818,0.07666561,0.068471685
2126,-0.31024083,0.072844714,0.09358268,0.076877445
2127,-0.04475679,-0.23516518,0.18887833,0.19189364
2128,-0.13189216,-0.04835953,0.04070435,0.03207271
2129,0.06628826,0.04851836,0.14987619,0.13934508
2130,0.12578687,-0.009973116,0.052428387,0.04282684
2131,0.310296,-0.19990331,0.14735249,0.1272755
2132,-0.007547587,0.093147025,0.090689905,0.086763866
2133,-0.106032535,-0.032403305,0.07605827,0.06850855
2134,-0.09419353,-0.23808621,0.0706424,0.05732842
2135,-0.23963864,-0.25064838,0.050272565,0.040552605
2136,0.2470413,0.19783291,0.07467532,0.06730785
2137,0.079978585,0.40418702,0.09702949,0.088523045
2138,-0.43014243,-0.04416418,0.0591796,0.04993446
2139,-0.13895456,0.06826593,0.085597955,0.078509696
2140,0.0010488927,-0.103229314,0.061384264,0.05349843
2141,0.027377553,0.051215947,0.056266468,0.056237318
2142,-0.036106367,-0.17946139,0.20687318,0.20636567
2143,0.05031122,-0.05273539,0.10071383,0.09074013
2144,0.14949755,0.030938223,0.08605495,0.07868332
2145,-0.32967755,-0.3689621,0.10088801,0.097069085
2146,-0.20584448,-0.2717238,0.17157383,0.16959941
2147,-0.09113574,0.06219679,0.07478916,0.068559766
2148,-0.010754831,-0.015163466,0.16323477,0.15326726
2149,0.012153242,-0.0037332475,0.117082514,0.10583567
2150,-0.055319887,-0.3460968,0.047307417,0.03646983
2151,0.003114175,0.02247835,0.07080199,0.066652216
2152,0.20231049,-0.038472757,0.13253802,0.123486765
2153,0.062951595,0.013709679,0.1945715,0.18451259
2154,-0.9781158,-0.050024882,0.1653496,0.15970491
2155,-0.54792106,-0.8213724,0.049710803,0.072997175
2156,-0.24502863,0.19018339,0.13960066,0.14115708
2157,-0.00790761,-0.023254596,0.06609356,0.06361974
2158,-0.20284174,0.09126433,0.121584006,0.12367954
2159,0.10689467,0.041922532,0.041335598,0.036264893
2160,-0.38053888,-0.52795523,0.12985411,0.13149266
2161,0.021363694,0.17258194,0.21264753,0.20045182
2162,0.15567844,-0.04888349,0.054762416,0.043079723
2163,-0.005820425,-0.014138341,0.09755116,0.08723681
2164,0.006231766,-0.37389958,0.042177103,0.032787833
2165,-0.00021382794,-0.0067717507,0.107986905,0.09780024
2166,-0.09971386,0.012222424,0.06356763,0.058281846
2167,0.10309109,0.10441516,0.05353908,0.04793013
2168,0.028438386,-0.10487184,0.09627926,0.089863576
2169,-0.14201696,0.09415102,0.056501057,0.043579
2170,0.07691771,-0.08444141,0.08693126,0.07223204
2171,0.05404873,0.19206566,0.14446479,0.13383357
2172,-0.061838273,0.034827307,0.062059406,0.052346464
2173,0.10748489,0.005659327,0.07157047,0.058135755
2174,-0.40141976,-0.0020115376,0.16152683,0.16240755
2175,-0.29297704,0.40471953,0.08236662,0.07768631
2176,0.59358114,0.18681404,0.08212648,0.06972749
2177,-0.18647362,-0.05655919,0.06229062,0.06185205
2178,0.14507453,-0.021780863,0.10181462,0.08592976
2179,0.32532334,0.35413927,0.12552208,0.11589475
2180,-0.1672631,-0.16349667,0.101235494,0.08146799
2181,0.077902704,-0.11906612,0.106876075,0.09051885
2182,-0.104229346,-0.21973705,0.1195947,0.11330468
2183,-0.14924902,0.011345498,0.08723972,0.080733165
2184,-0.069116324,-0.016671047,0.2283725,0.22070402
2185,-0.4870547,0.22929128,0.07481538,0.062181555
2186,-0.0438953,-0.0956741,0.08327127,0.07432744
2187,-0.37937847,0.14048024,0.17796956,0.17784384
2188,-0.037391305,0.75090367,0.12178044,0.120083176
2189,0.44609082,-0.0143034905,0.099718876,0.08909572
2190,-0.1706605,-0.056010485,0.16862278,0.1629752
2191,-0.17781894,-0.006201051,0.11947475,0.11303064
2192,-0.54792106,-0.8213724,0.049710803,0.072997175
2193,0.26594284,-0.019396678,0.10478309,0.0996303
2194,0.13352466,-0.3145529,0.07880643,0.06784449
2195,-0.039518584,-0.45378715,0.12610388,0.12721752
2196,-0.1456859,0.21965294,0.119254895,0.12119875
2197,-0.120044336,0.04001279,0.07049697,0.06834525
2198,-0.20243968,0.06715793,0.078424595,0.07108552
2199,0.10228649,0.11513424,0.044401053,0.04426591
2200,-0.24502863,0.19018339,0.13960066,0.14115708
2201,-0.104833245,0.067787156,0.16913013,0.16825536
2202,0.14950852,0.040431738,0.122843206,0.10842776
2203,-0.3332509,-0.10539751,0.1025224,0.101650365
2204,0.020000529,0.08038451,0.08463615,0.07542922
2205,-0.010127779,0.19110766,0.07407241,0.070225306
2206,-0.16980158,-0.2812491,0.07311695,0.06332093
2207,-0.025142003,0.008454397,0.037070196,0.030509239
2208,-0.10339829,-0.26211905,0.09951492,0.09333553
2209,-0.12195791,0.32257122,0.070163295,0.06742304
2210,-0.3222183,-0.81173205,0.10819802,0.10681231
2211,0.43319318,-0.26576048,0.051924754,0.052639283
2212,-0.0045626946,0.025983237,0.083594136,0.08066162
2213,0.20771606,-0.73946035,0.060132522,0.05306577
2214,-0.19739814,0.33267194,0.075138435,0.06640853
2215,-0.5909919,-0.30408525,0.049303845,0.044633184
2216,0.4123022,-0.079232246,0.106250696,0.09917405
2217,-0.11012973,-0.19168188,0.17645162,0.17277092
2218,-0.20613793,0.12622322,0.06153583,0.05130906
2219,0.29352406,-0.01711224,0.04968471,0.041382026
2220,0.42452532,-0.16946097,0.08529435,0.07304825
2221,-0.085870385,0.007392645,0.1357699,0.13111573
2222,-0.082069814,-0.022664838,0.04722304,0.036375176
2223,-0.068088606,-0.44871408,0.09609249,0.09864594
2224,-0.07450695,-0.208026,0.06451672,0.060072813
2225,-0.06321977,-0.09423663,0.22887436,0.23190004
2226,0.30755275,-0.23589775,0.116958424,0.1086976
2227,0.10836047,0.119242564,0.0771075,0.063927606
2228,0.040883586,0.07351078,0.14878169,0.1592541
2229,-0.34564167,0.032173336,0.11935372,0.1044604
2230,0.061676424,-0.044949204,0.06341581,0.04937107
2231,0.37910008,0.20858882,0.10260568,0.09189608
2232,0.12480967,0.44102186,0.1308479,0.1270757
2233,0.07134938,-0.27105784,0.04011152,0.03572702
2234,0.028256726,0.27155787,0.08639026,0.070795745
2235,0.19124319,-0.68178904,0.06437455,0.06369576
2236,-0.5329959,-0.54851955,0.09400207,0.08854523
2237,0.056394007,0.17374416,0.072048776,0.06377717
2238,-0.06203572,-0.3959865,0.15807849,0.16075839
2239,0.17894621,-0.21193917,0.14037547,0.13619092
2240,0.13114019,-0.30495882,0.09522233,0.0921059
2241,-0.29090792,-0.6108043,0.14638086,0.15187119
2242,0.20501363,0.02714815,0.1270721,0.13000494
2243,0.081698835,-0.08800594,0.13169943,0.1296872
2244,-0.048529364,-0.14988744,0.118915625,0.12244588
2245,-0.82958055,1.026638,0.101957686,0.09307274
2246,-0.3341983,-0.12913527,0.08607945,0.077972315
2247,0.029039446,-0.086848944,0.10225618,0.09364344
2248,-0.0949844,0.09013386,0.059687007,0.044393037
2249,0.44609082,-0.0143034905,0.099718876,0.08909572
2250,0.36416557,0.44769084,0.113610275,0.09269527
2251,0.115476,0.03546419,0.057355005,0.05184258
2252,-0.040325586,0.017264463,0.12562712,0.11796195
2253,0.25250518,-0.13959643,0.09374257,0.089729294
2254,0.010080155,-0.013950035,0.054611962,0.043995176
2255,-0.19450209,0.0018071905,0.049194112,0.043484047
2256,-0.03329402,0.12107335,0.06701372,0.054342523
2257,0.19048859,-0.09307152,0.13440046,0.12148474
2258,0.08740568,0.042419054,0.06510844,0.054221608
2259,0.014903713,-0.038079888,0.09448526,0.08961601
2260,0.20330724,0.32727665,0.06723265,0.06388146
2261,-0.12871826,0.64248526,0.074915364,0.07144857
2262,-0.05725467,-0.0863456,0.070826195,0.06173333
2263,-0.41476947,-0.50233656,0.05246923,0.054553676
2264,0.04850513,-0.36580396,0.14797318,0.14368777
2265,0.04141276,0.04460846,0.0467789,0.0429016
2266,0.25528038,-0.08670937,0.045364853,0.04029649
2267,-0.06462639,-0.030503914,0.062473964,0.05633553
2268,-0.19787267,0.7008531,0.078929275,0.084535025
2269,-0.1490835,-0.1223007,0.10278039,0.09539234
2270,0.05871537,-0.007053718,0.062452234,0.05046674
2271,0.05284243,-0.20429482,0.16213918,0.15347752
2272,-0.4662604,0.14320914,0.0953927,0.08177495
2273,-0.04550389,-0.12517808,0.080561094,0.073899455
2274,-0.2733308,-0.28630847,0.08917323,0.08376666
2275,-0.058339126,0.04020545,0.05912679,0.052408505
2276,0.1238693,0.17309651,0.058215644,0.047238756
2277,-0.03476612,-0.01301229,0.10728029,0.088054016
2278,0.22559695,0.11858037,0.059456415,0.04827901
2279,0.10765356,0.16439424,0.15649466,0.15585618
2280,0.4842026,0.12528116,0.040039826,0.02931579
2281,-0.7244561,-0.14772102,0.09870014,0.086581744
2282,0.21145712,-0.17819075,0.15047674,0.14750156
2283,0.114016876,0.09916261,0.1203659,0.116037466
2284,0.08942668,0.4842494,0.078688756,0.07078573
2285,0.005410731,-0.12834692,0.109720096,0.10105426
2286,0.090852216,-0.07623633,0.07036564,0.05315965
2287,-0.6391385,-0.13468736,0.06387769,0.055401124
2288,-0.7366588,-0.023474,0.14669243,0.14849244
2289,-0.44319388,0.3383516,0.083957665,0.080339134
2290,0.07706666,-0.021892384,0.05677748,0.050907876
2291,0.034216467,0.0040676296,0.120624304,0.10827379
2292,0.084206805,0.016964667,0.08922001,0.07979467
2293,0.050978635,-0.029662587,0.23265965,0.22458456
2294,-0.021248173,-0.088000424,0.053871106,0.048148494
2295,0.0946029,-0.41586018,0.09313184,0.08856062
2296,0.10748489,0.005659327,0.07157047,0.058135755
2297,-0.46040154,-0.48236102,0.080352016,0.08019392
2298,-0.06966244,-0.08677701,0.057208996,0.047380075
2299,-0.042473655,-0.13220589,0.06075804,0.04219772
2300,-0.16993341,-0.06473689,0.1367286,0.11828315
2301,-0.1928581,0.035333052,0.04979224,0.044294767
2302,0.14748453,0.014282666,0.10424985,0.0912359
2303,-0.06321057,0.23988421,0.11635949,0.0894257
2304,0.08942668,0.4842494,0.078688756,0.07078573
2305,-0.07129556,-0.03741683,0.04152511,0.036338184
2306,-0.1993614,0.11901684,0.061091494,0.051049802
2307,-0.14168441,0.007959843,0.17567569,0.1623458
2308,-0.03530138,0.15597394,0.062736444,0.051756874
2309,-0.11884946,-0.020112038,0.058982614,0.047087904
2310,-0.07640828,0.14830425,0.057854332,0.051111784
2311,-0.04984657,0.29340523,0.13178898,0.1284583
2312,0.100016624,0.016299054,0.09700407,0.083086826
2313,-0.02226809,0.030222327,0.10100493,0.086579576
2314,0.07614124,-0.011555068,0.20312843,0.2108948
2315,-0.2814965,0.30734634,0.06397206,0.049839564
2316,-0.23675431,0.14779383,0.13606428,0.13000023
2317,-0.34476486,-0.37650973,0.08508131,0.084532455
2318,-0.03199071,-0.08361664,0.08775088,0.08277018
2319,0.17105894,-0.15269442,0.09446673,0.0982186
2320,-0.13189216,-0.04835953,0.04070435,0.03207271
2321,0.27234462,0.9113649,0.10872168,0.1103241
2322,0.017228086,-0.15916295,0.12719767,0.13295332
2323,-0.063741595,-0.11534386,0.17899044,0.17604308
2324,0.025914382,-0.49794447,0.110350154,0.10467682
2325,0.034841757,0.07903116,0.05739856,0.04442227
2326,-0.2373298,0.2672456,0.043790452,0.034035064
2327,-0.18141459,-0.004988648,0.082924716,0.07227877
2328,-0.33466044,-0.21384919,0.07200063,0.068222366
2329,-0.011912193,-0.045064986,0.108300075,0.10454713
2330,-0.039915126,-0.18556605,0.055403464,0.048447818
2331,-0.034492098,-0.16589217,0.10073905,0.10168619
2332,0.066551104,0.029142834,0.065852396,0.06357676
2333,-0.1130584,-0.09463407,0.13743258,0.14002097
2334,-0.041580405,0.40413755,0.04859733,0.044914946
2335,-0.86616355,-0.20443942,0.06990253,0.06437934
2336,-0.19634984,-0.096101746,0.14980578,0.15021244
2337,-0.04635595,0.008863419,0.059136,0.05169553
2338,0.4964199,-0.017202467,0.0652419,0.057723828
2339,-0.10652383,-0.14750189,0.10541284,0.102673285
2340,0.028911501,-0.16586535,0.15225144,0.1499467
2341,-0.08976847,-0.060106397,0.09512412,0.09150616
2342,-0.03291415,-0.23313807,0.044234432,0.035577178
2343,-0.19347589,-0.1023956,0.061236717,0.0545451
2344,-0.103103235,-0.26968485,0.075508155,0.06658322
2345,-0.07968539,-0.14383495,0.10600432,0.08896574
2346,-0.061901025,-0.36404377,0.12248617,0.11857323
2347,-0.07719958,-0.17586179,0.10854042,0.10275228
2348,0.43085006,-0.189939,0.16379488,0.14918639
2349,-0.20478201,-0.066540316,0.13127497,0.124202244
2350,0.13200833,-0.20049845,0.16195317,0.16367434
2351,0.2972183,0.17095529,0.2076769,0.19205244
2352,-0.059261177,0.06547837,0.06747916,0.06274947
2353,-0.16190548,0.15387668,0.08462738,0.0826383
2354,-0.025747772,-0.025897637,0.09084777,0.07426118
2355,-0.19245563,0.008006409,0.09543983,0.085767075
2356,0.03939879,-0.028571501,0.11072277,0.102893464
2357,-0.051364675,0.1718049,0.13766165,0.12300428
2358,-0.090599045,0.09391041,0.0892949,0.0723283
2359,-0.06760904,0.18191303,0.17190282,0.15597358
2360,0.486773,-0.004575163,0.08906789,0.081789866
2361,0.18160556,-0.038205206,0.06185077,0.06351626
2362,-0.18183418,0.09671959,0.09960179,0.08649129
2363,-0.20056231,-0.13866796,0.07679987,0.07111298
2364,0.0945712,-0.008332998,0.10709973,0.09524906
2365,-0.13274314,0.011982553,0.046569783,0.041385736
2366,0.7559873,-0.2474376,0.058233302,0.051392063
2367,0.04888163,0.06816023,0.06012904,0.0539954
2368,-0.0021531694,0.0897339,0.090095714,0.08543675
2369,0.07730934,-0.10480292,0.044273216,0.031094335
2370,-0.30988243,0.11226906,0.055499446,0.035534624
2371,-0.05442049,-0.032932952,0.069804385,0.056745514
2372,0.22990415,0.06952608,0.06655798,0.061601594
2373,0.1382855,-0.3257271,0.07621072,0.06594514
2374,-0.06451709,0.07419351,0.08597597,0.07300459
2375,-0.24907868,0.08014328,0.09142347,0.079116836
2376,-0.13245247,-0.06850819,0.06570148,0.054734096
2377,0.007499395,0.07128796,0.14925382,0.14567962
2378,0.010080155,-0.013950035,0.054611962,0.043995176
2379,0.10712698,0.11033134,0.105426885,0.102272674
2380,-0.090169385,-0.04350783,0.042997234,0.03862248
2381,-0.014740258,0.055873454,0.10644812,0.08417271
2382,0.004016254,-0.010902412,0.05580558,0.04644064
2383,-0.11697447,-0.081202015,0.17807691,0.17721684
2384,0.03579239,-0.029203191,0.048763674,0.046203136
2385,-0.21204905,0.11507511,0.091567166,0.08839878
2386,-0.06236389,-0.041708633,0.05441486,0.04467627
2387,0.0035611093,-0.17109215,0.11083119,0.11000961
2388,0.32815772,0.5420544,0.10566181,0.112215854
2389,0.35460043,0.14889489,0.15438102,0.14918683
2390,-0.016284645,-0.08544491,0.08155948,0.08129207
2391,0.16448085,-0.15141235,0.142871,0.13330528
2392,0.20802104,-0.1762424,0.08494159,0.07356865
2393,-0.06504196,0.42582947,0.100527324,0.10018116
2394,0.14756405,-0.13322105,0.050510835,0.04484503
2395,-0.44224125,0.0040030777,0.16023886,0.15134136
2396,-0.008157149,0.21187325,0.047536947,0.042570364
2397,0.02677254,0.076764934,0.07440888,0.064666994
2398,-0.28156933,0.018464088,0.079116195,0.058844533
2399,0.08394872,0.02201882,0.071250476,0.071402505
2400,0.06330314,-0.122967616,0.07631875,0.061107818
2401,-0.09858832,-0.12085022,0.09589224,0.09440107
2402,0.21369277,-0.21014611,0.092534415,0.078863166
2403,-0.04824613,0.21259153,0.080635235,0.0717586
2404,0.0273089,0.17323555,0.09255082,0.0893706
2405,-0.23264611,0.52512836,0.068696275,0.05962559
2406,-0.21751289,-0.108359486,0.15837921,0.1566616
2407,0.2174409,0.24459098,0.057331253,0.046450935
2408,0.089153305,0.13168262,0.16269423,0.14087352
2409,-0.28517342,-0.24710158,0.074922666,0.071472235
2410,0.33999667,0.055470303,0.06075321,0.05561885
2411,0.03220379,-0.13046882,0.10849838,0.1049782
2412,-0.484685,0.075037874,0.086904794,0.08065896
2413,0.05256245,-0.0056796223,0.06619143,0.0572822
2414,-0.030045852,0.08098189,0.053148035,0.037254065
2415,-0.044265278,-0.054739073,0.101362824,0.10055301
2416,-0.1499312,0.037552007,0.047259543,0.04172386
2417,-0.1282891,0.10617622,0.065124296,0.059325077
2418,0.010080155,-0.013950035,0.054611962,0.043995176
2419,-0.0019231699,0.5530964,0.18127403,0.15964864
2420,0.04106804,-0.05249323,0.070219085,0.061010804
2421,-0.037988804,0.16883652,0.07944569,0.0720301
2422,0.26332554,-0.2103542,0.069710545,0.061563276
2423,-0.13853745,-0.005083479,0.064974844,0.058402464
2424,0.19789861,0.21460404,0.12138953,0.116978996
2425,0.1417744,0.40231198,0.10356004,0.09750997
2426,0.024990926,0.13547225,0.051805343,0.043136835
2427,-0.5160045,0.028022297,0.07836607,0.071911074
2428,-0.38046858,0.19876175,0.106636405,0.10539448
2429,-0.06438193,-0.23723428,0.10270606,0.096578054
2430,0.117681876,0.06870431,0.086130194,0.07277525
2431,-0.08435479,0.31445324,0.082132414,0.07789778
2432,-0.031199243,0.10988644,0.044301152,0.03874821
2433,0.044606373,0.15737075,0.080403596,0.07187256
2434,-0.03436637,-0.03592801,0.21367086,0.21361455
2435,-0.10242592,-0.02117686,0.095165215,0.0831431
2436,-0.18740273,-0.22922401,0.100834005,0.09663286
2437,-0.010505836,-0.2478618,0.12212877,0.118412375
2438,0.41578275,0.8648828,0.102757245,0.1033687
2439,-0.0845329,-0.22188158,0.10273799,0.09523046
2440,-0.13541478,-0.07357097,0.07697815,0.0725247
2441,0.48983586,-0.08811979,0.1477269,0.17078921
2442,-0.03150034,-0.14056955,0.0931958,0.087773025
2443,0.458884,-0.1715733,0.07971189,0.07345262
2444,0.17199762,0.32432038,0.14382954,0.13176441
2445,0.034337003,-0.1113743,0.1476001,0.1389179
2446,0.027496368,0.13860998,0.07106407,0.064036205
2447,0.02391399,-0.030003414,0.07569992,0.07093331
2448,-0.06364697,0.35596746,0.09732296,0.07603735
2449,0.15357967,-0.1745708,0.05589757,0.050145444
2450,-0.093535155,-0.035690427,0.08893756,0.08707759
2451,0.1519142,-0.009340465,0.07160554,0.06505116
2452,-0.6474921,-0.22745346,0.12553354,0.11701191
2453,-0.034675207,-0.29076403,0.1375739,0.13444123
2454,0.06980689,-0.05069369,0.13938852,0.12310439
2455,0.0062117204,-0.14357229,0.13627587,0.1280483
2456,0.053541757,0.040197104,0.049040776,0.03664174
2457,-0.0031828936,0.041797355,0.065586604,0.055837452
2458,0.35896474,0.5211543,0.119038716,0.11082635
2459,-0.13301751,0.023850009,0.085731015,0.074212626
2460,0.099576145,-0.17490901,0.06495127,0.058926094
2461,0.033289563,0.023359805,0.15652993,0.13660109
2462,0.09664269,-0.31244916,0.0594499,0.051937
2463,-0.14692178,0.2236196,0.16133735,0.1618372
2464,-0.16346565,-0.17692108,0.057391696,0.043242253
2465,-0.5305101,0.045892082,0.086650774,0.08374351
2466,0.59635484,0.50849074,0.13773529,0.11795217
2467,0.09493153,-0.19549415,0.116179615,0.11229536
2468,0.05477905,0.12578951,0.1132597,0.11222246
2469,-0.093495056,-0.16253753,0.11288069,0.10954514
2470,-0.032169584,-0.15396601,0.082954116,0.07016821
2471,-0.08579989,0.17581244,0.115072414,0.11649043
2472,-0.20443706,0.20704226,0.09685876,0.1016435
2473,-0.10094492,-0.047682866,0.12461004,0.11967905
2474,0.09740022,-0.10321711,0.068046086,0.058453858
2475,-0.10708548,-0.28566182,0.06725874,0.06037674
2476,0.057281528,0.046831034,0.048257623,0.038847107
2477,-0.16954157,-0.02271752,0.15383811,0.13725689
2478,-0.0013584569,0.13885939,0.10557449,0.09508369
2479,-0.20955825,0.18849438,0.090861276,0.07442591
2480,0.0062888972,-0.11425766,0.09790835,0.089604236
2481,-0.029677862,-0.08191243,0.061972015,0.04961622
2482,-0.05129861,-0.37815648,0.07878869,0.07613845
2483,-0.098719716,0.13373162,0.111350596,0.10229209
2484,-0.18603636,-0.22068785,0.11425863,0.10443875
2485,-0.8269499,-0.012519449,0.08650702,0.06460749
2486,0.26594284,-0.019396678,0.10478309,0.0996303
2487,0.21394213,-0.43609595,0.06669181,0.059695058
2488,0.027937297,0.033170834,0.15416443,0.13669364
2489,-0.034970894,-0.10440625,0.106417045,0.09622384
2490,-0.017280575,-0.17608128,0.078554094,0.07398138
2491,-0.56158113,0.14581402,0.07729311,0.070429035
2492,0.14776236,0.15458342,0.109055236,0.10826129
2493,-0.044875495,0.042867772,0.29330432,0.30978316
2494,0.049785033,-0.0071698427,0.05991967,0.044563923
2495,0.042722035,0.25435245,0.04104594,0.045131605
2496,0.09161839,0.00024440885,0.10965858,0.11146578
2497,-0.25029555,-0.030715719,0.17478296,0.15569507
2498,-0.020741437,-0.12212657,0.081712194,0.078079335
2499,-0.5743628,0.07249271,0.06162214,0.055133305
2500,0.23555914,-0.3397901,0.07435056,0.06760564
2501,-0.39322847,0.03965625,0.08513616,0.08270768
2502,-0.193869,-0.091534734,0.16457795,0.15871574
2503,0.3561642,0.18469109,0.0789848,0.065800816
2504,0.06341663,0.17556426,0.23940359,0.23919499
2505,-0.63872087,0.2303022,0.1247261,0.116342984
2506,-0.09121518,0.068275936,0.08919057,0.07872014
2507,-0.058608934,0.50539535,0.10585861,0.1037859
2508,0.10131645,0.07001746,0.19925214,0.1965238
2509,-0.31872153,0.039184466,0.07129088,0.06429384
2510,0.0055464413,-0.08498296,0.08654234,0.09232431
2511,-0.070988506,-0.15089098,0.09214572,0.0754411
2512,0.11081563,-0.10435955,0.10806791,0.112221844
2513,-0.14902063,0.09351429,0.08878442,0.07647642
2514,0.057291474,-0.3830701,0.07811142,0.07540976
2515,0.465666,0.094294876,0.09411252,0.0747241
2516,0.081146,0.19858043,0.3005058,0.27045316
2517,-0.05637191,-0.13341226,0.3336287,0.34696987
2518,-0.58475655,-0.41692787,0.11556436,0.111135624
2519,0.23957048,0.059987694,0.0568775,0.05101883
2520,0.15166233,-0.08609536,0.1295468,0.12608047
2521,-0.17585088,-0.11135529,0.14833944,0.14922908
2522,-0.07361311,-0.12441548,0.08247694,0.07536814
2523,0.013763461,0.4278239,0.053858913,0.05142447
2524,-0.09439859,0.4834991,0.07196747,0.056013543
2525,0.048631363,0.21281777,0.09018374,0.08191127
2526,-0.29292473,6.92904e-05,0.11324883,0.10028942
2527,-0.080606714,-0.022454113,0.099357344,0.09925678
2528,0.06281759,-0.029318534,0.047084875,0.04000077
2529,0.03194436,-0.058944568,0.101588905,0.09568351
2530,0.1040664,0.29362422,0.12008463,0.109406106
2531,0.12958013,0.050755426,0.13976279,0.13166392
2532,-0.07542646,0.29982257,0.06223506,0.060087737
2533,-0.3253138,-0.021966591,0.13668138,0.124598645
2534,0.14495046,0.12998877,0.050469816,0.043279707
2535,0.21980257,0.38749462,0.1435177,0.14187613
2536,-0.47442213,0.5230634,0.08793049,0.08093662
2537,0.22023575,-0.03919378,0.15656969,0.15193358
2538,0.44613534,-0.27449673,0.06548992,0.05517468
2539,-0.051105153,-0.1692761,0.109742865,0.096527375
2540,-0.10404648,-0.093546726,0.12495537,0.12246742
2541,-0.063699685,-0.5130529,0.09336781,0.09559483
2542,-0.35456806,-0.12165654,0.08194319,0.07602369
2543,0.06571145,-0.103442594,0.06495115,0.06198577
2544,-0.042386763,0.051978245,0.14178598,0.13191429
2545,0.13590197,0.03896953,0.07113324,0.065879874
2546,0.009926625,0.113443024,0.13166724,0.12707433
2547,-0.044265278,-0.054739073,0.101362824,0.10055301
2548,-0.052843597,-0.31460506,0.16721806,0.14938465
2549,-0.098107085,0.019481555,0.1219629,0.11581681
2550,-0.048271447,0.04713913,0.073098004,0.059449863
2551,-0.104278564,-0.22156273,0.23499192,0.22912523
2552,0.02548609,0.5335932,0.084776565,0.07616334
2553,0.10919613,0.03098908,0.13515723,0.12869906
2554,0.013528928,-0.13043295,0.10472695,0.10349442
2555,-0.005820425,-0.014138341,0.09755116,0.08723681
2556,-0.032199405,0.42633808,0.17743103,0.16692948
2557,-0.21718447,0.4593402,0.079519786,0.07147713
2558,-0.058608934,0.50539535,0.10585861,0.1037859
2559,0.23037319,-0.4991874,0.1063656,0.0901597
2560,-0.0078241415,-0.31369227,0.109245054,0.10150627
2561,0.019179817,-0.046452023,0.07219197,0.06294607
2562,-0.09698722,-0.2677474,0.071634166,0.057134986
2563,0.03579239,-0.029203191,0.048763674,0.046203136
2564,-0.34978557,0.11978464,0.1536814,0.15527491
2565,-0.20892194,0.37653387,0.07491038,0.071422376
2566,-0.4134742,-0.300058,0.099981666,0.089671195
2567,0.4842026,0.12528116,0.040039826,0.02931579
2568,-0.28771877,0.04669307,0.107204586,0.095791586
2569,0.038339663,0.15588161,0.17348643,0.16468118
2570,-0.0934674,0.56164885,0.16934824,0.15835251
2571,0.28612837,0.37085772,0.056157265,0.05536208
2572,0.03353311,0.94680667,0.11855695,0.118891224
2573,-0.018854603,0.27253652,0.11401848,0.10389508
2574,0.009232275,-0.124846,0.108716756,0.08983728
2575,-0.096939385,0.115064725,0.13569641,0.13065791
2576,0.544054,-0.07037988,0.08315544,0.07157039
2577,-0.14950185,-0.033636272,0.21397553,0.19942068
2578,-0.39520326,0.55859,0.14270678,0.13049102
2579,0.09546499,-0.2852587,0.054828774,0.04801371
2580,-0.737203,-0.061011925,0.15279397,0.13743791
2581,0.011283204,0.11366737,0.06724068,0.058008146
2582,-0.037900086,0.09151619,0.19274534,0.19374631
2583,-0.13307382,0.14852051,0.07423392,0.06686577
2584,0.034579996,-0.027504295,0.043988973,0.041443653
2585,-0.63261765,0.084147975,0.070587955,0.06704356
2586,0.00012806989,0.11698876,0.06117481,0.050884396
2587,-0.033713967,0.135843,0.100798324,0.10232648
2588,-0.118477926,-0.13548893,0.06590451,0.055389743
2589,0.04407297,-0.082961485,0.1904015,0.18750694
2590,-0.18264039,-0.17776574,0.044126883,0.036049776
2591,0.001201395,-0.16242655,0.037635665,0.032549478
2592,0.17962612,-0.41882145,0.070566185,0.062973835
2593,-0.10708548,-0.28566182,0.06725874,0.06037674
2594,-0.27940527,-0.35614276,0.17702173,0.17270543
2595,0.23204856,0.24365313,0.06179731,0.05577872
2596,-0.27631548,-0.2951346,0.03946425,0.028218094
2597,-0.7104098,-0.14308296,0.09783885,0.07680433
2598,-0.15114062,-0.6003345,0.087771624,0.08449557
2599,-0.2185947,0.049418166,0.05561898,0.046501502
2600,-0.009457294,0.18241382,0.10097756,0.0778004
2601,-0.35389662,0.09459793,0.09335717,0.0941151
2602,0.28977808,0.083504155,0.08813156,0.06936826
2603,-0.41416353,0.17539044,0.06376126,0.050349414
2604,0.031315062,-0.11128384,0.13931611,0.13840786
2605,-0.006257545,0.26272976,0.042802624,0.04300284
2606,0.051699433,0.1329292,0.043563128,0.035256334
2607,0.06211361,0.36355972,0.067824885,0.0625875
2608,-0.060551524,0.027844816,0.06942288,0.06445669
2609,-0.385863,0.2588231,0.055775367,0.044227824
2610,0.13064964,-0.11604315,0.061365314,0.050062094
2611,0.24481656,-0.2526819,0.06553055,0.056696143
2612,0.007868633,-0.01598008,0.114955105,0.10445865
2613,-0.23288319,-0.18726969,0.15010378,0.14087498
2614,-0.54545,0.25451833,0.08414178,0.076448634
2615,0.23390062,-0.72586095,0.04784178,0.043193486
2616,-0.03851782,-0.19141409,0.19871859,0.18258417
2617,-0.009510938,-0.12907186,0.26948702,0.26103967
2618,-0.055369947,-0.12251157,0.19079481,0.18211211
2619,-0.2469999,0.11707254,0.08425171,0.062752135
2620,-0.10545327,-0.04957758,0.0668408,0.062369484
2621,0.004675556,-0.42083114,0.04620548,0.03554162
2622,-0.30930108,0.20245223,0.26959008,0.26342744
2623,0.43373516,0.4305274,0.051494136,0.047669157
2624,-0.061349213,0.16235927,0.13095146,0.12516102
2625,-0.038806893,0.19030567,0.08997064,0.08915916
2626,0.062455114,0.09530644,0.08235617,0.07574292
2627,-0.033080213,-0.018807568,0.08026652,0.07033171
2628,0.08949578,0.02471079,0.07097635,0.061077747
2629,0.1842338,0.19751543,0.23440477,0.21488921
2630,0.09110056,0.021864578,0.17642505,0.1631516
2631,-0.073248416,-0.20477937,0.07232993,0.058275945
2632,-0.30283305,0.27888525,0.15191212,0.13877022
2633,-0.3651881,0.23261884,0.076393515,0.0716368
2634,-0.18144913,-0.18330397,0.15441534,0.14561528
2635,0.0069957953,-0.058650807,0.092809096,0.08548563
2636,-0.05020151,0.17008655,0.11077464,0.10378568
2637,-0.011132978,-0.62256324,0.046043612,0.04009431
2638,-0.08435479,0.31445324,0.082132414,0.07789778
2639,-0.07909916,-0.015381187,0.15750714,0.13054752
2640,-0.044888753,-0.06622991,0.127697,0.12511441
2641,-0.2658334,-0.065532155,0.1550099,0.15716012
2642,-0.22362527,0.00584203,0.13669606,0.1245818
2643,-0.16497794,-0.32519382,0.18997028,0.19204997
2644,0.18311562,-0.16520762,0.04711694,0.049193956
2645,0.03220379,-0.13046882,0.10849838,0.1049782
2646,0.007214792,0.08386007,0.051171727,0.048609678
2647,0.06500684,-0.046000443,0.050260216,0.03621773
2648,-0.14089559,-0.49211484,0.091049254,0.076785535
2649,0.22580129,-0.25000054,0.10624308,0.103626184
2650,-0.0026651174,-0.027067274,0.07203991,0.065817825
2651,0.10599914,-0.037713967,0.073932044,0.06671287
2652,-0.036431856,0.24871252,0.16666047,0.16148324
2653,0.14219113,0.07517344,0.11641127,0.11673197
2654,0.024035936,-0.07407682,0.11260101,0.10026559
2655,-0.13690132,-0.033625796,0.09271469,0.079795234
2656,0.16010945,-0.23240027,0.091246,0.07981351
2657,0.25852835,0.029890426,0.19823346,0.18797919
2658,0.36393908,0.38975966,0.09070266,0.09241338
2659,-0.024705842,0.0075925216,0.0518547,0.046548348
2660,-0.123617426,0.18034442,0.18626937,0.17017017
2661,-0.08314286,0.124739304,0.13420701,0.13738205
2662,-0.12976326,-0.04468283,0.06345487,0.056238193
2663,0.20231049,-0.038472757,0.13253802,0.123486765
2664,-0.28160432,-0.07430753,0.14100431,0.1362433
2665,-0.039220877,-0.01696144,0.08340979,0.0732017
2666,-0.027167637,0.113131866,0.05989542,0.05468457
2667,-0.19072507,-0.12905854,0.28143078,0.2861541
2668,0.119618446,0.14849691,0.089216195,0.08385029
2669,0.12066917,0.3368165,0.06626628,0.057015274
2670,0.037719216,-0.1529117,0.08384937,0.06681936
2671,0.00083161145,-0.08159444,0.181863,0.16768323
2672,-0.09716566,-0.044856057,0.08651195,0.08521596
2673,-0.12916014,0.26687443,0.045377273,0.04093174
2674,-0.14294694,0.038153365,0.22377856,0.22587347
2675,-0.016010184,-0.37411362,0.08564512,0.082102835
2676,0.14240955,-0.33543545,0.19406383,0.19027074
2677,0.0153477825,0.06672081,0.079059035,0.057966884
2678,-0.040326748,-0.26835954,0.13997601,0.13452974
2679,0.004988989,0.12923552,0.10572315,0.09958938
2680,0.043374445,0.021704838,0.26223832,0.24285734
2681,-0.151717,0.0062849373,0.14416172,0.14036864
2682,-0.9428565,-0.33053565,0.10711997,0.093372785
2683,-0.022155263,0.04338371,0.10715424,0.10075332
2684,0.041894786,-0.17172123,0.1737227,0.17165276
2685,-0.5801566,0.641729,0.15025622,0.14602669
2686,0.001969397,-0.013420641,0.08459178,0.07720843
2687,-0.10093832,0.08652674,0.10347599,0.08500425
2688,-0.43282354,-0.16505992,0.08516999,0.087185405
2689,-0.18346529,0.01626531,0.07299318,0.06033304
2690,-0.0386243,0.15223007,0.11010224,0.101724796
2691,-0.09956138,-0.09883326,0.09036608,0.086285524
2692,-0.142733,-0.48375314,0.14646448,0.14993457
2693,0.035237916,0.27482855,0.1724331,0.17378233
2694,0.0012601987,-0.21772575,0.13660611,0.12938051
2695,0.013762815,-0.10266842,0.09169455,0.084639646
2696,-0.1503446,-0.08617298,0.05645374,0.04378182
2697,-0.14803413,0.1741648,0.13386941,0.11604971
2698,0.29438695,0.14168742,0.08553285,0.06428706
2699,0.38101432,-0.1353034,0.049670875,0.03868317
2700,0.027876977,0.1009296,0.10215447,0.09863451
2701,-0.20785402,-0.118215375,0.15477425,0.1532874
2702,-0.091635615,-0.100813866,0.11726997,0.11864389
2703,-0.043288045,-0.1863714,0.11019354,0.10292381
2704,0.2346205,-0.15339817,0.18391085,0.17807613
2705,-0.18866126,-0.15194912,0.061203975,0.054265965
2706,0.23633234,0.5901669,0.112164,0.11494478
2707,-0.14937222,0.028248698,0.13807242,0.13020805
2708,0.02180147,0.021720126,0.08232939,0.075529456
2709,-0.17836057,-0.09812485,0.19290006,0.18818593
2710,-0.37841085,-0.14366837,0.05803388,0.049960937
2711,0.53370535,-0.20358841,0.13499069,0.11723559
2712,0.4040797,-0.18230745,0.15363142,0.14096569
2713,0.47123206,-0.31463373,0.054343287,0.049612768
2714,0.14807688,-0.06274794,0.12684776,0.11693263
2715,-0.34771684,0.0033991784,0.043698024,0.039031055
2716,-0.09481789,-0.05719608,0.03925188,0.031805117
2717,0.14348736,0.20680706,0.058702633,0.04452009
2718,0.28507757,-0.034549654,0.09773538,0.09104985
2719,0.020929938,0.099917054,0.054359548,0.047360297
2720,-0.3253138,-0.021966591,0.13668138,0.124598645
2721,-0.17860544,-0.37421465,0.09120074,0.07974991
2722,-0.084830076,0.1399891,0.14183812,0.14435774
2723,0.16627598,-0.16891502,0.07526737,0.061361983
2724,-0.0074504465,-0.0031445771,0.13658197,0.1420801
2725,-0.011754435,0.020516545,0.03949141,0.03163434
2726,0.0038761906,0.24802245,0.10209613,0.095117696
2727,-0.052266542,-0.02969414,0.12450887,0.11492184
2728,-0.018343784,-0.051753134,0.09192794,0.089950666
2729,-0.49619567,0.08977394,0.054726407,0.042399283
2730,-0.027476072,-0.08457239,0.17592166,0.16027442
2731,0.28487992,-0.29147488,0.06683488,0.052189477
2732,0.011039814,0.0553585,0.06871819,0.05384419
2733,-0.18052429,-0.28942597,0.06750234,0.063525625
2734,0.10743439,0.1446133,0.083369106,0.073188856
2735,-0.12555893,-0.07885751,0.11660511,0.111692175
2736,0.0506073,-0.10002132,0.082780086,0.07328052
2737,-0.15031056,-0.07174199,0.10290106,0.101815574
2738,-0.15853149,-0.23829828,0.049591463,0.0447865
2739,-0.21986924,-0.23687617,0.054434624,0.045544423
2740,-0.5457637,0.06263312,0.12869388,0.11422703
2741,-0.01713704,-0.06232296,0.15221387,0.13805336
2742,0.09700374,0.06181886,0.074640036,0.07145231
2743,0.0072404332,-0.37547183,0.11300602,0.112258814
2744,0.024648383,0.12005763,0.15862887,0.14396694
2745,0.30635017,-0.041699782,0.04775871,0.04224971
2746,-0.04786628,0.14215483,0.22543025,0.22095774
2747,-0.07646234,0.12821968,0.12228386,0.11262929
2748,0.3958931,-0.1905384,0.101927005,0.0842083
2749,0.4125125,0.060058914,0.1625702,0.15277202
2750,0.02512439,-0.2709301,0.1271014,0.11798247
2751,0.22660813,0.36772722,0.11295193,0.09803542
2752,0.06795126,0.19296323,0.091162436,0.07955224
2753,0.09015286,-0.082158074,0.14430258,0.13550484
2754,0.22051279,-0.12666515,0.06743905,0.057532948
2755,0.041952323,-0.032684192,0.20389678,0.18268158
2756,0.15765472,0.23659103,0.15385315,0.13925792
2757,-0.17159735,-0.13008115,0.13687094,0.13874066
2758,0.024990926,0.13547225,0.051805343,0.043136835
2759,0.05708783,-0.030779898,0.056517053,0.049069706
2760,0.09782404,0.02659607,0.07690364,0.07015053
2761,0.43350083,0.49500245,0.11318381,0.10817164
2762,0.055400725,-0.108950764,0.061192315,0.055147927
2763,0.26024795,-0.39122444,0.08964581,0.089369595
2764,-0.08867231,0.18970402,0.11240319,0.111437894
2765,0.686622,-0.08225851,0.09079857,0.071828805
2766,0.306513,0.19836423,0.06475675,0.056524217
2767,-0.22939695,0.5504115,0.10933857,0.1073978
2768,-0.036610946,-0.1417256,0.088532634,0.07598367
2769,0.040430367,0.079595186,0.043556057,0.032699045
2770,0.08027193,-0.114580505,0.06953542,0.058064565
2771,-0.34651107,-0.14921485,0.11362677,0.1087006
2772,0.10710265,0.07623328,0.08896233,0.083426364
2773,-0.036299404,0.05096186,0.15317261,0.13907975
2774,-0.009622615,0.026593849,0.085378736,0.078078225
2775,0.02216011,0.013902277,0.12984283,0.12118446
2776,0.015677396,-0.5958868,0.12193052,0.123013526
2777,-0.021596517,-0.020676516,0.08449571,0.07769961
2778,-0.14229947,-0.07959673,0.039223913,0.03517886
2779,0.26334724,-0.75397575,0.108051,0.109198
2780,-0.10397242,-0.025795192,0.08128035,0.07579706
2781,0.4521712,-0.006199479,0.08930538,0.07405692
2782,-0.12483409,0.19480987,0.20829667,0.20833305
2783,0.05833884,0.036938503,0.055664193,0.043849718
2784,0.16467385,0.028084114,0.10811497,0.100712314
2785,-0.038916003,-0.14698793,0.07056764,0.062485963
2786,0.43703955,0.25243175,0.16321127,0.15021378
2787,-0.132405,0.055333838,0.10776644,0.09252664
2788,-0.06003764,-0.19728047,0.09020694,0.08930111
2789,-0.015903704,0.1376756,0.18434529,0.18184811
2790,-0.18504725,0.121946454,0.12780927,0.12444616
2791,0.07267441,-0.00046927482,0.060785845,0.04663734
2792,-0.21255238,0.33360046,0.088156134,0.07451798
2793,0.36713475,0.056005567,0.05148123,0.041847285
2794,0.010787118,-0.029085144,0.07805166,0.06422596
2795,-0.1202198,-0.3932836,0.12814794,0.1266689
2796,0.090654045,-0.07359228,0.057323825,0.049889334
2797,0.2714995,-0.046063274,0.059166793,0.04980948
2798,-0.24246657,-0.59296525,0.0865759,0.08154977
2799,0.22102551,0.24094905,0.050044686,0.043666005
2800,0.0037885755,0.06688136,0.06619388,0.059177984
2801,0.17905323,0.024891369,0.086522005,0.07675982
2802,0.12838624,0.0028986558,0.12063645,0.12370962
2803,-0.004158605,0.07851402,0.14892426,0.1482227
2804,-0.11966956,-0.12977807,0.12319434,0.11851085
2805,0.7017234,-0.39976722,0.10229696,0.08991715
2806,-0.11579147,0.00093022734,0.075065106,0.06613466
2807,-0.0011632107,-0.05735506,0.12287843,0.10915776
2808,-0.22239394,0.44902742,0.10903898,0.10597265
2809,-0.22676331,-0.29883856,0.08041734,0.076821044
2810,-0.04550389,-0.12517808,0.080561094,0.073899455
2811,-0.4111491,0.06386849,0.19191405,0.18203674
2812,0.20624892,-0.15735574,0.07617427,0.069389075
2813,-0.47088805,0.55043983,0.14676891,0.13750511
2814,-0.0016541556,-0.060869873,0.263008,0.2705583
2815,0.13295323,-0.07951501,0.104486,0.1000662
2816,0.14333776,0.08888771,0.09653973,0.091919184
2817,0.2696281,-0.012393564,0.14357172,0.12423784
2818,-0.22695267,0.17742261,0.32653627,0.326999
2819,0.051725727,-0.096192375,0.054871768,0.047111675
2820,-0.033713967,0.135843,0.100798324,0.10232648
2821,0.040011603,-0.013952047,0.08285822,0.076344036
2822,-0.22385065,0.19189727,0.10131241,0.10474836
2823,-0.024574887,-0.2842635,0.03816226,0.03209999
2824,-0.06599699,-0.30833697,0.07718056,0.07275289
2825,0.52469474,0.21559964,0.13081916,0.11658346
2826,-0.05018172,0.043124095,0.110285476,0.09231691
2827,-0.043346435,-0.017043293,0.060961276,0.06895743
2828,-0.077454716,-0.022921473,0.047332767,0.036386188
2829,-0.2185947,0.049418166,0.05561898,0.046501502
2830,0.04977975,-0.025130138,0.044849448,0.04194995
2831,0.17304672,0.0028284565,0.08448694,0.07711082
2832,-0.024691084,0.057279006,0.110836424,0.09956604
2833,-0.076781735,0.088688,0.18890044,0.17820662
2834,-0.18667579,-0.65012264,0.12014985,0.12724921
2835,-0.4684634,0.26017338,0.11101237,0.10616275
2836,-0.0834699,0.020191625,0.0937747,0.07945142
2837,0.13855916,-0.09608983,0.18117478,0.17037036
2838,-0.1503551,-0.020669833,0.087094516,0.08337305
2839,-0.09172183,0.038050488,0.10389479,0.09975377
2840,0.0225183,-0.019828945,0.12593596,0.12191944
2841,-0.09085524,-0.015578449,0.121718794,0.11739361
2842,-0.05363138,-0.044860974,0.12133654,0.11217104
2843,-0.63872087,0.2303022,0.1247261,0.116342984
2844,0.1814647,0.10759356,0.08315762,0.07108654
2845,0.006031288,-0.1394088,0.07111881,0.054528445
2846,-0.39466906,-0.6694542,0.053973455,0.060945243
2847,0.119497776,0.051027134,0.08172416,0.07892939
2848,-0.27227074,0.11559753,0.21307293,0.20971116
2849,-0.13876009,-0.50910914,0.062007524,0.056649692
2850,0.007868633,-0.01598008,0.114955105,0.10445865
2851,-0.10901508,-0.07416114,0.08388105,0.07520482
2852,-0.043299638,0.04058694,0.08202391,0.061079264
2853,-0.0011487417,-0.014574379,0.07715463,0.061691463
2854,0.23283838,0.2198819,0.08041536,0.07551139
2855,-0.1055266,0.4273668,0.10082075,0.09044448
2856,0.08625278,0.03397888,0.1432506,0.1468921
2857,-0.20009774,-0.021929622,0.05319314,0.055255335
2858,-0.3091185,-0.18572262,0.07757743,0.07350982
2859,-0.061465587,0.124301046,0.10238047,0.08644518
2860,-0.4684634,0.26017338,0.11101237,0.10616275
2861,0.09161839,0.00024440885,0.10965858,0.11146578
2862,0.04321808,0.6950037,0.06805867,0.06276104
2863,0.121591136,-0.086844206,0.10173988,0.09740677
2864,0.55970967,0.25687534,0.07160099,0.053657774
2865,-0.08253516,-0.15837537,0.12838556,0.12324645
2866,-0.5279267,0.16251911,0.09303299,0.080717206
2867,-0.23745003,-0.50529003,0.059400257,0.058392826
2868,-0.13585754,-0.007868618,0.044079322,0.036601067
2869,-0.13596173,0.1877674,0.14613657,0.13306442
2870,-0.059049066,-0.08602594,0.10065529,0.09204304
2871,0.120528325,-0.03492464,0.05787852,0.041344367
2872,-0.10584909,0.17407492,0.06273958,0.053190984
2873,-0.18696572,-0.043567248,0.12191585,0.11928569
2874,0.11227605,0.29446685,0.10673359,0.10525683
2875,-0.24887405,-0.0059969723,0.050294567,0.038470346
2876,0.007499395,0.07128796,0.14925382,0.14567962
2877,-0.11959745,-0.059877187,0.101872526,0.098373584
2878,0.20277713,0.40956157,0.06884061,0.06779319
2879,0.2471361,-0.31665307,0.122574545,0.11783467
2880,-0.17924541,0.28683478,0.06730409,0.055476606
2881,-0.051654648,0.022983894,0.107011795,0.090514496
2882,-0.01874552,-0.038431257,0.19794224,0.1869147
2883,-0.18367551,-0.051722035,0.113421075,0.1110881
2884,-0.051013328,-0.0041327477,0.12329488,0.102797374
2885,0.12500723,-0.30040312,0.10328022,0.10476572
2886,0.08789027,-0.35043538,0.099516,0.0973005
2887,-0.9617579,-0.12799627,0.16176313,0.15194146
2888,-0.3605863,-0.44647062,0.12718044,0.13148324
2889,0.18761328,0.5630244,0.047920305,0.06256385
2890,-0.31744167,0.39192617,0.10606887,0.10523383
2891,-0.0676603,-0.16497724,0.08479758,0.079664156
2892,0.14605628,0.28271008,0.17907268,0.17372157
2893,0.09971464,0.018973,0.10383494,0.10420026
2894,0.5609531,-0.25587738,0.050655104,0.04515968
2895,0.34147617,-0.36191064,0.09811306,0.093846075
2896,0.056229725,0.19224851,0.114627115,0.10208434
2897,-0.07646234,0.12821968,0.12228386,0.11262929
2898,-0.013082985,-0.21066031,0.09725872,0.08502535
2899,-0.038471375,-0.05407016,0.11283054,0.107902154
2900,0.21970136,1.0117673,0.08801335,0.10516599
2901,0.15858196,0.021263525,0.09423578,0.08709078
2902,0.016096193,0.12061201,0.13771868,0.13253708
2903,-0.0068873893,0.18992043,0.06745655,0.061994035
2904,-0.62140983,-0.023981892,0.07444342,0.07085834
2905,-0.7318712,0.081347,0.10479222,0.10147149
2906,-0.11019546,-0.20654686,0.11044079,0.109375484
2907,0.015626434,0.29986227,0.05229738,0.050683163
2908,-0.04146195,-0.13477947,0.15715522,0.15424705
2909,-0.07239309,0.0922356,0.10599243,0.10073397
2910,0.08919519,-0.17680067,0.059181854,0.051266562
2911,0.1255075,0.10842984,0.04355685,0.033016287
2912,-6.0599297e-05,0.3066213,0.15788764,0.13990915
2913,0.09154925,-0.052234143,0.09433506,0.09205513
2914,0.05366413,-0.107909665,0.05412863,0.047557935
2915,0.20693128,-0.08980996,0.09258777,0.08547293
2916,0.108484834,0.15360911,0.063637994,0.055051364
2917,-0.18423341,-0.14620657,0.14198716,0.12730114
2918,0.26194286,-0.08504987,0.18980466,0.18280928
2919,-0.09762134,0.16972128,0.124257706,0.12271756
2920,0.050264902,-0.18784907,0.18515,0.18727632
2921,-0.008771244,0.15777506,0.08881856,0.08139562
2922,0.1820079,0.14672732,0.08143179,0.07722964
2923,0.49899882,-0.18419589,0.06242738,0.050722703
2924,-0.12100725,0.036642358,0.0773058,0.07391515
2925,0.010298077,-0.016538903,0.11198975,0.10755247
2926,0.02158981,-0.072485834,0.13042288,0.115288265
2927,0.2249885,-0.2887727,0.1007549,0.09872552
2928,0.025244333,0.021794423,0.06645358,0.055587973
2929,-0.048179716,0.00628791,0.07314155,0.063104756
2930,-0.10508494,0.13956319,0.15109074,0.15171008
2931,0.090852216,-0.07623633,0.07036564,0.05315965
2932,-0.3292597,-0.11543247,0.13838355,0.1381601
2933,-0.24724023,-0.16479541,0.14628913,0.14982791
2934,-0.19919537,-0.28710365,0.059672855,0.054694448
2935,-0.2842389,-0.038452268,0.150624,0.13797644
2936,-0.21172765,0.056729227,0.091929026,0.082179785
2937,0.38568276,0.0038492084,0.0638712,0.058876004
2938,0.32634783,0.22726439,0.098012865,0.082873665
2939,-0.09251787,-0.18949562,0.11418227,0.10842287
2940,0.013489123,0.08670237,0.113545366,0.10488857
2941,-0.3425951,0.030400246,0.043517593,0.03558757
2942,-0.00424958,0.10943252,0.07982989,0.07208665
2943,-0.2136812,-0.232682,0.082498565,0.077893265
2944,-0.05824369,-0.011101492,0.08947151,0.07950896
2945,-0.117928475,-0.077759616,0.066569805,0.052954268
2946,-0.08155222,-0.07973903,0.096300155,0.0964024
2947,0.073767245,-0.06845996,0.17320493,0.16682227
2948,0.09633225,0.99435365,0.1308162,0.12935618
2949,-0.11353086,0.06446731,0.11674578,0.108221374
2950,0.78030205,0.106858775,0.065637514,0.049371485
2951,0.49968565,-0.51126754,0.08493054,0.07981493
2952,0.5475626,0.29366177,0.10240534,0.083335795
2953,-0.02285542,0.37970775,0.09610115,0.07998417
2954,0.06677857,0.11419697,0.15892221,0.14565839
2955,0.00083277,0.061706886,0.04773939,0.044371605
2956,-0.116339564,0.061625488,0.13506922,0.13439602
2957,0.17511149,0.13512726,0.09698643,0.07955893
2958,-0.48948872,0.017695911,0.09210516,0.085124224
2959,-0.0011487417,-0.014574379,0.07715463,0.061691463
2960,0.012153242,-0.0037332475,0.117082514,0.10583567
2961,-0.24650681,-0.2633555,0.15065014,0.15766643
2962,-0.19581117,-0.018101722,0.17834875,0.17165743
2963,0.12802035,-0.19636759,0.07132707,0.06491702
2964,0.21562971,0.012511514,0.15546349,0.14956337
2965,-0.085733354,0.06837124,0.08808474,0.08313247
2966,-0.45118737,-0.18447368,0.07390192,0.060751177
2967,-0.16392,0.07195072,0.050737824,0.03869873
2968,-0.14924902,0.011345498,0.08723972,0.080733165
2969,0.005407594,0.16868104,0.09929734,0.08674863
2970,-0.20772822,-0.048154928,0.09882023,0.095671125
2971,-0.14888896,-0.19396548,0.054882154,0.051189262
2972,0.04427269,0.014997326,0.18968412,0.20175835
2973,0.08381382,-0.041392244,0.21207982,0.22221187
2974,-0.110864386,0.14716728,0.081937365,0.07321964
2975,0.29753786,-0.64850587,0.091990024,0.08925609
2976,0.023197245,0.15589336,0.14892325,0.14937438
2977,-0.07396205,0.04398565,0.052596252,0.043756638
2978,-0.12060912,0.054619044,0.049599405,0.044978492
2979,-0.26726207,-0.1930164,0.09421072,0.084759496
2980,0.057281528,0.046831034,0.048257623,0.038847107
2981,0.0035611093,-0.17109215,0.11083119,0.11000961
2982,-0.10060687,-0.051229194,0.15419324,0.14268765
2983,-0.0897474,0.21262349,0.09494408,0.090769574
2984,0.2512362,-0.8092414,0.036429696,0.029655926
2985,-0.009023618,-0.23969467,0.087279044,0.083481655
2986,0.14440796,-0.033266574,0.038423397,0.031751476
2987,0.13114287,0.12255338,0.16446964,0.16512807
2988,-0.024986159,-0.0054302737,0.18445979,0.19675352
2989,0.13303335,0.1591235,0.19434321,0.19375612
2990,-0.032780964,-0.11401339,0.15207155,0.14418156
2991,0.20543255,-0.3660252,0.08542548,0.074535795
2992,-0.6048469,0.77468824,0.14277491,0.13878989
2993,-0.3213445,0.20367552,0.16204016,0.15002427
2994,-0.241483,-0.13321295,0.2645675,0.26029438
2995,0.29438695,0.14168742,0.08553285,0.06428706
2996,0.25852835,0.029890426,0.19823346,0.18797919
2997,0.14733335,0.0920194,0.12018581,0.11524766
2998,0.054556336,0.01755602,0.04527895,0.037630595
2999,-0.29090792,-0.6108043,0.14638086,0.15187119
