,e1_out_mean,e2_out_mean,e1_out_std,e2_out_std,z_out_mean,z_out_std
0,-0.1397859165833194,0.21580523933224505,0.0730489021023316,0.05395907123924594,0.8291387887539686,0.05146610758465372
1,0.7191114131010091,-0.20793425258193307,0.0321295673729931,0.02878599646187653,0.14174326250594627,0.07514706459083474
2,0.7096850306186828,-0.28759230860054896,0.08065771831506138,0.07914095450078684,0.5788478681971904,0.05270443041170567
3,-0.009937954405260248,0.003855634968762978,0.0632560211123476,0.06401000736923503,0.6400784839019039,0.040648573513812084
4,-0.02096562209604662,0.01608462094230985,0.040957571069407686,0.03452848471869203,0.6147382393912026,0.041307702194241146
5,0.33841226943509684,-0.009187974647792972,0.07524340677456844,0.0568616718418434,0.4919929669672906,0.05781086690669597
6,-0.010927819598810616,-0.07506205112091681,0.12867983890315887,0.12429220022316699,1.5984269798858555,0.20274231991624267
7,-0.22437622664770904,-0.047580402008950105,0.09045131243157051,0.07440866518684014,0.5214877695516027,0.06933756844368065
8,0.03272034433558114,-0.09731466437542187,0.03588335097888887,0.030912983958628314,0.3570493961096323,0.0663072097578595
9,-0.1450189287990614,-0.18845467725293794,0.12787803087609623,0.1262101611166868,1.0941441570749704,0.057539345814272676
10,0.015959892252062416,-0.10258203598442069,0.06938474865384411,0.07454117255032824,0.290650179665024,0.09798494015009256
11,-0.5872736168153527,-0.08383258126083604,0.05236470546052098,0.03834466127149431,0.3245657894477429,0.08445047863226773
12,-0.3593986891186729,0.5952655245391327,0.047205807964422516,0.052454834886411825,0.5378844166048881,0.06017597065726741
13,-0.03719348627106345,-0.17551983620286865,0.08405354033956705,0.09351123617648732,0.7832803409570362,0.0346494886239005
14,0.11939603312187218,0.27073847437420195,0.05800546339093993,0.05258286603268574,0.7278597698085146,0.05210625461963967
15,0.09703145110345239,0.41547793952736006,0.14510758440800264,0.1482893622633052,1.1728185358224692,0.0646050674878458
16,0.11762605629878042,-0.008775409333870424,0.07551181029766647,0.06466836849063468,0.4111139459783918,0.07560851392656119
17,0.2044573370869374,0.31566788611275004,0.06414209699513568,0.05605047066023105,0.7557645922737233,0.04021279493347466
18,-0.2951471532355484,-0.859563955226707,0.03320428838289736,0.0314330104455256,0.4694903989593731,0.09430754370309832
19,-0.0695975415950153,-0.011955090553207993,0.10459900386004628,0.10463884860709989,0.758348754958603,0.06308560922543029
20,0.020965429628491454,0.005325954500061151,0.06832120151204074,0.06416418145425021,0.14777997263305723,0.09607317158089164
21,0.001345096451302984,-0.0020033815212217535,0.09633565010681991,0.08811810722698842,1.3618657145737307,0.1347295673431074
22,-0.022828197969429077,0.08099378844264804,0.07566219693431707,0.0778497811640937,0.670993926327333,0.06112757800744552
23,-0.2844271265826426,0.19485039192472428,0.18454210730031495,0.14155412585052968,1.3769913254348771,0.1567782695454302
24,-0.510995828050322,0.38129676993549005,0.17465429233273086,0.17106940720161248,0.2301954107182339,0.11097164083606209
25,0.014495555298083372,-0.1470491353624939,0.06312749857376303,0.05156540906917972,0.795174623675684,0.046113843685648186
26,-0.02784284409855025,0.0034765830535375564,0.028341362899741224,0.019077402552259256,0.569634243227173,0.03711611469467127
27,-0.03537059889137349,0.0011240425695681327,0.08837979913267441,0.06847846954440028,2.1725699594325762,0.3293806857101158
28,0.10713526819466247,-0.08190247534790332,0.06158664265266749,0.050932892804089386,0.6666413204673535,0.051605536698244185
29,0.2590399769578995,0.07075343738236742,0.1329467782816346,0.09254855102142463,0.5775507963968294,0.0713243367107253
30,-0.06074546038666954,-0.015974396762400707,0.0927339182129175,0.08403162820935096,0.3727980639330851,0.08685634731133958
31,0.015272383660448014,0.13945403002136922,0.06455449623059965,0.05951914985463914,0.7775247110679278,0.0491101145758265
32,0.1453568644998797,0.26572022371543896,0.09869240890985322,0.11165744882674818,0.8640226395517232,0.03794442784936822
33,-0.9339142652490844,0.19223371044514967,0.024726199661580676,0.027155324528414283,0.23428472584843274,0.0775268088046507
34,-0.20011005617745187,0.17865755402412287,0.0684875886495509,0.058775478398281504,0.7499294157823471,0.04907271433079198
35,-0.28075216659081975,-0.8217741894408379,0.10226865552668647,0.09751572825658321,0.7461943719363662,0.05080416537831484
36,0.1781894547862788,0.03758413729406355,0.17134512800984752,0.16056821888481795,0.4499582305091875,0.14615112396425198
37,0.4714921387921303,-0.6007938391495596,0.05054537287695411,0.052701379515387774,0.5659522605986432,0.046040235665419336
38,-0.1287301946985303,-0.06725197885636768,0.04003772982379922,0.026856493443864135,0.49923874535296076,0.049112559173903864
39,0.08855679613691163,0.11326699088702542,0.08227104271769735,0.09195387487224768,0.3295923537498487,0.11550782809756344
40,0.16240655814179353,0.16418352768078875,0.0379818418526895,0.025860628972493367,0.6418558818257952,0.04360279799141309
41,0.23122994890347437,-0.1718434847718299,0.15248595391657127,0.12132876248656667,1.1858809830451165,0.06768773578498706
42,0.4569782863114171,0.008813936150738286,0.0867309576723877,0.06737739093855091,0.742138435035199,0.06816338955266044
43,0.548587039136922,-0.33131365295489146,0.04003085947044787,0.026751784925780002,0.8807944883613937,0.04224699717329645
44,-0.08703519908921167,-0.08472896649380109,0.05682394817117475,0.04112275890011737,0.8482863928941909,0.041327978634133844
45,0.11629418756415663,-0.22794575400365946,0.20040404456435976,0.211459293466778,0.8440070390699734,0.049505322557020844
46,0.03574860872027756,-0.3156806154023404,0.027936523627892482,0.027858363312074638,0.38017611635460724,0.05528369083001428
47,0.01163148543846518,0.09491394984396104,0.06051573096811782,0.0498158241379874,1.1267526484952308,0.04989659558208943
48,0.43997831141110294,-0.3246126236788474,0.06832247319251261,0.04540039976081337,1.0474822744445593,0.05818874975689542
49,0.003798211602928518,-0.006136995356485976,0.09858167971324687,0.09434046468708816,1.3392017507311778,0.20502182785634457
50,-0.14195877651621897,-0.052668927652133476,0.12357684972686482,0.10150626555563126,1.1399176559303317,0.044825181348864256
51,0.05741257354513081,-0.11897651122715318,0.13951335616551977,0.13078808637709435,0.4366734305254355,0.07514034900235442
52,0.4055841022927662,-0.3118447310692669,0.030540542641290497,0.02632822969660613,0.26946691806856365,0.058237805575148786
53,-0.04287542739005192,-0.05038891956575525,0.1297136246601826,0.11191301545236758,1.4901423919214043,0.16176188809710765
54,-0.013810727925103966,0.06873750676907478,0.05666647221608803,0.05532491491210851,0.39087568543042506,0.11255944455513539
55,-0.019800059272968417,0.01368196058810838,0.0363584350666443,0.032587075957044354,0.4151174435076416,0.07120593840148333
56,0.10454365866762862,-0.2406841230855688,0.09815682857850976,0.0864760823522922,0.8427123391399484,0.049996191120739775
57,-0.38196735058834375,0.2679103136080347,0.25715659994668394,0.22937746476878557,0.30073157437020615,0.07502664503616431
58,0.011807549739255555,0.03968974136425301,0.08855712207821888,0.09178221835310484,1.1520893526346776,0.06731080482756935
59,0.3719063926603773,-0.05105780505011931,0.0400930423504109,0.02170295362615102,0.7247235645125388,0.036598877655854026
60,-0.165303448699115,-0.030912617264705476,0.0909562425218226,0.06755421976530307,1.068386119903401,0.05693462304078028
61,0.008857584051294486,-0.4132218338447993,0.09039421556286029,0.12698803204513165,0.38943689191697545,0.07895551151283037
62,0.03541072852787175,0.06441692219280355,0.04528983557663509,0.03479320033237634,0.6823832169047073,0.03936496909588477
63,0.4001390731707987,-0.0649061554044074,0.17957046345636643,0.12498608934480845,1.1578799727107607,0.057217724436575815
64,0.2862669542220624,0.4256299115206388,0.12420973172544868,0.12295404586530052,0.4219965325785046,0.06413465412217007
65,-0.005312923557634593,-0.03150748738684057,0.08043426715425253,0.06887992935099062,1.41928073381782,0.13025359442032142
66,0.38789418314255375,-0.4585071219844047,0.14611856669125461,0.1431379717252201,0.8695714498153946,0.04526037211938719
67,0.08830390583381456,0.13701159362905627,0.10744615867294789,0.10841729080204349,0.7747406635306626,0.0431249291895477
68,0.5105726820529047,-0.2553616709203948,0.17115318623006748,0.13874683229892287,1.1355944105733087,0.09430645452496812
69,0.011597418598305015,0.01206568391788126,0.05673853405288154,0.04788526583321043,0.8000837933743016,0.05350575605036749
70,-0.5848677417370869,-0.029621364713423574,0.2140525822057012,0.12812227978804475,1.620419903928096,0.22231437752926125
71,-0.5164334649029454,0.45381260220778663,0.0927817902737116,0.087486399541348,0.8331693422511751,0.03587771647327581
72,-0.09864090742299476,-0.022544705326509762,0.0923879127008462,0.060886146932722894,1.3396706899958564,0.15370684545991728
73,0.3239930485436065,0.18408622926128992,0.10965259081687588,0.08427582444874772,1.1452608724631292,0.06310528196287021
74,0.4689717094385155,-0.3682185614197517,0.053838476427701884,0.04409078563862938,0.616986016608036,0.05349555716261189
75,0.4741479949208619,-0.7148718269290717,0.029371511897414482,0.028710891381150218,0.2599924207173891,0.08042743440461536
76,-0.01747687389126052,-0.2654290387475483,0.0472468892788829,0.03809466826238923,0.7853843978763795,0.040353522625688636
77,0.10052662269872085,-0.7421476251822039,0.03341723634755288,0.03209796586765828,0.37802880854618176,0.06614306963421515
78,-0.013909509067720096,-0.021747253442980882,0.04833238776134172,0.03478353436572304,0.82548839178092,0.04985250548333531
79,-0.03201451567473264,-0.028440858586723024,0.06799693130219563,0.06732581562952243,0.4385732561200143,0.06625591895317541
80,-0.12507928659433218,0.08981747212817329,0.029553272437023142,0.023396701986831147,0.33514052638979863,0.05105765105625413
81,-0.08731901540939199,0.012838040046502337,0.0810177564216935,0.05985674805827373,1.0989203931271796,0.06543439672987382
82,-0.02841592856187717,-0.02010977008993113,0.05632257058187207,0.046654752648175084,1.1045956552854796,0.08010457400591463
83,-0.006630675763275837,0.011732271839776634,0.04317036037204794,0.04469735067840739,0.31799654949176775,0.10028278830237543
84,0.1674166028235802,-0.07911350558932792,0.043825226098355735,0.027313632538336616,0.5893018816313133,0.09496366306758418
85,0.11020203257561512,-0.04556503225114694,0.029390280604350318,0.02217798109923501,0.28467351821726516,0.0686947026894489
86,-0.40018370393602515,-0.21760496405153715,0.08957174927416431,0.06675485863451865,0.5336626800335361,0.09797937943531848
87,-0.5907244480880359,-0.00011641069708511788,0.0810893879994545,0.055870905681646335,0.7654718040338038,0.039934002767907435
88,-0.03387465706910982,-0.028150905552127306,0.03596539043503195,0.02162946782468606,0.7343012650479485,0.04616067401777361
89,0.015003214894718639,0.17958573828855565,0.09188599883052749,0.10650105666673602,1.2947896864728683,0.1800165493812897
90,0.14057554420268414,-0.1914259185058571,0.21198567475963637,0.21401592798219476,0.5996158631349262,0.06639288243078705
91,0.0339101641764667,0.18559352509915142,0.09360909886808573,0.11145693619974159,0.5459977109603716,0.08114296863551916
92,-0.02973059597102391,-0.0282331532149233,0.05272738287498836,0.04246330974125052,0.6345019651422934,0.05277771702602818
93,0.08341952554225011,-0.12106853676798267,0.019248326927497054,0.016535465297204933,0.18711910738064347,0.04340195751076555
94,-0.05261669008046491,0.023881471539124635,0.13624183457405445,0.12475673699953051,1.204944476310072,0.2761284557989196
95,-0.3981085389093787,-0.543320824663094,0.10951010988316075,0.11497811514177628,0.7848637557634152,0.04439337900457734
96,-0.27809473079139546,-0.37798618788114224,0.04971940691329121,0.043567684361968534,0.9123646295230494,0.04406206800702272
97,0.21023879770371348,0.2805601587915946,0.07031295049153236,0.07416237579922925,0.19678246991060644,0.10445172441187808
98,-0.02400051225487322,0.008964983481701968,0.11285696231638956,0.10426827335693607,1.5680142492607185,0.22374241136523207
99,0.09138545792221417,0.1826451139622088,0.08624398855364912,0.06863450763295127,1.4595348638144743,0.12451338012823887
100,-0.03929868798650576,0.013754251887500428,0.034665894834407046,0.020813070383887286,0.7210083317313248,0.041228689209720774
101,0.3245013345019439,0.12585612212851305,0.07763733285542995,0.049372754634318665,1.1143282901756668,0.04810357223891407
102,-0.01053042590417304,0.026174658423366894,0.07453972488384042,0.0818047389970096,0.40433653490412663,0.10027622151231066
103,-0.023974694983325228,-0.015447700896257615,0.18655830232996395,0.1864203862699247,0.4238493056910494,0.06811900450105758
104,-0.04160554293937485,-0.0038234463408241496,0.06998936188499022,0.0670231578313713,0.6951160100432335,0.04183683203152445
105,0.010896085911170198,-0.0859836692049993,0.04929034813552226,0.04426556916079697,0.6703054886286687,0.04100895959512073
106,0.03833235615649072,0.1609691017830732,0.10067675407251532,0.1270415219235486,1.2270791391203475,0.19227676610032282
107,0.22297912288419391,0.030967489630153375,0.05826693616078414,0.03379166218776517,0.6201112557854059,0.069811145536643
108,0.057820705723442015,0.09497227152557762,0.09806452545339542,0.10570456555733128,0.6419805337805647,0.04699666227234133
109,-0.5831064358248058,-0.2795127090960142,0.14446102889376378,0.09335299341589265,1.2564334501260526,0.16140692978914278
110,-0.1457366110276663,0.011979021885710707,0.12334694810773983,0.08724832849292023,1.0103798100568937,0.044885649290563386
111,0.16772957719395307,-0.06879890719325787,0.020533319676724913,0.01467888142616573,0.16404155970738404,0.03812102286056736
112,0.02898702508048421,0.11159619616941788,0.03516093587896671,0.02678528951038869,0.6041191277697255,0.03509536652799917
113,-0.03836236054251452,0.07894495589926345,0.14055503382245446,0.14632559889176863,1.6115093351727023,0.2542162286885949
114,-0.09772748944665267,0.011903787002467624,0.11435369671583753,0.08077743870810121,2.0603406969019544,0.25478410939632445
115,0.02539552531904042,0.017016707116602886,0.03580978120937293,0.02770656060018007,0.2712882350783602,0.06889989887358722
116,2.0135932749955733e-05,0.018701079812672813,0.034889129584790936,0.03268897909312459,0.20538061711433242,0.10852793780202902
117,-0.43576741738767544,0.044248446614108976,0.07039352093117417,0.055456064045099424,0.334199508567054,0.08274192409449423
118,0.1864571083597367,0.1821009029692425,0.1352579782413295,0.1302154608991632,0.6989763466280933,0.04316557052999885
119,-0.08096136741657768,-0.14105919600395264,0.14849461888073473,0.18297170432058343,0.4631600370870328,0.07282972134502647
120,0.051561211945213625,-0.03524049397198274,0.04497634624316353,0.02825797789920702,0.6992171420248752,0.04827618138465552
121,-0.024933339818426582,0.00790904112831877,0.02812716211436432,0.02208621280744575,0.39335899818889647,0.04266412265009397
122,0.1064652755807694,-0.005201740771636953,0.07162033070046206,0.06829978115136998,0.25185943990585974,0.1606801021587299
123,-0.36479826408625093,0.3402132321610304,0.06832797914159029,0.06564893364256573,0.22711083326205633,0.11254196783420595
124,-0.02285272395484074,0.011210283374530379,0.02373086352691223,0.017387374918288314,0.3735619577634332,0.059300631987603984
125,0.03276840837069081,-0.11453150284529341,0.06411880907501026,0.0812069645716889,0.6146033385098213,0.05538295576274613
126,-0.07031749895372014,0.057988958523152556,0.07544162597896488,0.06343955112123126,0.6120847429362217,0.05335921807666839
127,0.11279122560713363,-0.12911278135852342,0.026824537836148143,0.02706536294967522,0.34561048387212506,0.05010715556306793
128,0.21756762274162092,0.3033035351257871,0.1083231774625705,0.11202496213124502,0.9252633798198671,0.05296978703102646
129,0.31915054423517925,0.6130921144407733,0.06531591746953357,0.04500150241206041,1.0598132171505041,0.06613469637039614
130,0.0020086763465963003,-0.06216079142614743,0.10437340732276428,0.10535464532775822,1.4438665400334099,0.1594683497850248
131,-0.13583163117243918,-0.44742778393558613,0.0990115376245474,0.08612334362953773,0.9765273139229371,0.03857021307800798
132,0.014042585759572566,-0.048304270936668475,0.06456122349342705,0.06283924069607025,0.7958575851279928,0.044070869617687816
133,-0.001521469590732694,-0.038397121010880234,0.06866088306821444,0.07763011223262645,0.4004042049253146,0.06101184321507537
134,-0.1473287394704933,0.07720740533382153,0.056364426988902316,0.056715086318422696,0.27893635991465143,0.09014333852810963
135,-0.482044826410614,0.11125512622225112,0.24688610611149692,0.14314913797627463,1.1177927675331645,0.07339445878599792
136,-0.09018207122668746,-0.05721311581624946,0.1586477479736512,0.12552680490082851,1.858502143825853,0.26969845528246317
137,0.0640141355370363,-0.05220435472278894,0.09772237656502811,0.09883316385163353,0.43013401210427443,0.10996099487343061
138,-0.09614202392558507,-0.11720760367698513,0.08721900256206098,0.1098763237837024,0.5033411196452149,0.06253810526810875
139,-0.8341644606298754,0.05006761541787551,0.056787799231346185,0.05681103779637396,0.6200522329356649,0.0760250822109971
140,0.03084353963379588,-0.05368510773222911,0.03792938834275409,0.025149747788152415,0.6258737972053531,0.040505200162326074
141,0.0027867299296293873,-0.014178206145421871,0.039929531806713936,0.0373713223490291,0.38385664839498496,0.07797844751783244
142,-0.25286013292057663,-0.12946144282961025,0.12848108169615594,0.11808320056857279,0.6919023201195945,0.043599080961150616
143,0.008186377769408195,-0.0007282690686876356,0.04079602871270607,0.048308041707953796,0.6142509276394855,0.04421641971711676
144,0.14150394100026484,0.046233972654241534,0.14602414636537964,0.11563882903349805,0.700010611711153,0.045517350937636716
145,0.009706588940586723,-0.27709319801751087,0.13133696281396282,0.14968554367513978,0.8814008204858188,0.04146602997268971
146,0.018059500170248148,-0.011771820368764294,0.0738869561941821,0.0740192921062269,0.6475554416724209,0.039124885371641965
147,0.04052003653698519,-0.00046519911440477506,0.11337036082018206,0.10488993853556765,1.537619203804321,0.15760169327566675
148,0.30027760135547005,-0.14808157242290157,0.0443986768665829,0.03150014051348143,0.4074341098227226,0.04179521703911946
149,0.007725533345561269,-0.045870736560610414,0.01934153990031406,0.015039509901795653,0.40444144272843563,0.037641594366040074
150,-0.004655927050523979,-0.07891030796093802,0.11270424782037962,0.10785145076340075,1.3553542252785757,0.11126317467403982
151,-0.014802766570808618,-0.020905670764742746,0.023231768129215884,0.02258771726334075,0.13028909709705483,0.05828517972296134
152,-0.07587663412156488,-0.16003466524633267,0.08236414971635142,0.09416689690286444,0.6531409061484019,0.04856297320824497
153,0.21142901340736855,-0.049919615538302146,0.28132268249242776,0.2290257943599737,0.4073977411698816,0.08001041511216117
154,-0.008193260601330332,0.010282813347623562,0.07018365173438781,0.056051008241071495,1.1328761859630176,0.07362611511826996
155,-0.16259918439220564,-0.4496580532719733,0.10358728994786386,0.11320024116637119,1.1338996677002473,0.0780122204577971
156,-0.6370073297144774,0.42722155036557097,0.13038204461359756,0.09496598322168001,0.9310752696238436,0.03821481998934501
157,0.19370179938724194,0.7169744793189314,0.03517492152777243,0.03919296416061254,0.38546925673636007,0.053100325760756316
158,-0.047251516140167815,0.01632791181252595,0.09240194088922275,0.08297013496991307,1.4184013007016976,0.16488627544234527
159,-0.11874992462408447,-0.16704350963645204,0.0682773740043929,0.05302389867770559,0.8131692192523191,0.045799595047302966
160,-0.021598531613754506,0.058255143607140986,0.10100536889337731,0.10432911821176723,1.6388847792046257,0.23549918328873448
161,-0.4947692684988639,-0.47672514452100456,0.10132711430424869,0.08867164179377762,0.8790426280310224,0.036673193148192146
162,-0.9090506847300941,-0.01932189295782185,0.03441952095929702,0.027830881831525676,0.5656872484810225,0.049176143528568216
163,-0.18634413937514985,-0.1206867201420856,0.08361122168415748,0.0674168777853108,0.9369272516602507,0.037732860734481864
164,0.00494660637858554,0.02135834970999774,0.09237437241857759,0.09805538417682272,1.1362767006486916,0.05707298518514355
165,0.35065941180390925,-0.11180060635061184,0.15165236282492672,0.09053522005383728,1.4657692882892281,0.10478629486430485
166,-0.10916903037714745,0.09836232494148699,0.08324723248276712,0.07661628562099179,0.9166644507900122,0.04546519770408947
167,-0.08989738422645817,0.19629337183343964,0.05396401115420338,0.0617057392808178,0.5165819098745189,0.05148647141410527
168,-0.17089338293458875,-0.29630386220599053,0.08139883629739812,0.07830626399519838,0.7171148560161189,0.06311281669162455
169,0.05282948066537122,0.1001055334865192,0.08217408194436517,0.0652596633347603,0.9245417117131258,0.045717311967037724
170,0.07864075661145824,-0.21876734454600275,0.13590801412812858,0.11707749263461815,0.7954474891369578,0.13503469958839495
171,-0.02400832837434342,0.03656837669872517,0.09561136995577123,0.07492376289618913,0.5624719469852066,0.08768246664329386
172,-0.04448917449342049,0.09113772424835902,0.07348277729065007,0.08301370954471639,0.7121214260496126,0.03949386250857705
173,-0.00598370746825858,-0.005008435537018843,0.09482028197793703,0.09073564030406697,1.6057418341678982,0.23629118277438374
174,0.0012826045794891115,0.00615309805505408,0.07828574817883507,0.07007600900992536,1.3872908062452058,0.06933580079063469
175,-0.07811605652186403,0.10033200531658791,0.054328857359235,0.05167720766430747,0.6405027427985743,0.043140125647076435
176,-0.16830327847375248,-0.1581880533354057,0.12141849716339942,0.128399624985431,1.0382176409092057,0.03720754500536615
177,-0.6928213394007113,-0.11932541950259518,0.09683705187110504,0.08373258708840103,0.44591570593087443,0.08088076802202163
178,-0.016447070238830606,0.0036656436264250383,0.0569781628114091,0.053951441666074886,0.9253957319099136,0.03584342811433924
179,-0.31619892614292544,-0.09881225111890549,0.06776507388453025,0.04446212111830893,0.7914912038953995,0.04258520511153547
180,0.08245099114145332,0.3322993484503881,0.03925132231206976,0.0465611155318922,0.36236819159970773,0.0682399551939056
181,0.2622806201733785,0.48646719882704637,0.06311867833189252,0.04612381290150188,1.0225505127801024,0.051275124342468184
182,-0.00963787314000381,-0.018443278257241316,0.033615657948512484,0.024884501733663852,0.6188173976214696,0.050284641709744976
183,0.28276845156461156,-0.31949476941782745,0.1773182616204742,0.15761599199866783,1.4072080019234148,0.1267932439743706
184,0.22241215294713793,-0.10440606691620305,0.2218880921695703,0.17543927759325387,0.31867445632739616,0.10445996474570562
185,0.10599790789566843,-0.3053833642783159,0.03620608320419745,0.02868764544783168,0.5639783109312667,0.051225684050894525
186,0.854963386757795,-0.05229596773515113,0.055411707052163264,0.06033521758840019,0.3744069403664303,0.08490691686031093
187,0.2464933564730348,0.07830343019793692,0.05062732999860512,0.04420213282540697,0.09766615889344203,0.04819029521890394
188,-0.20373398563782796,0.18531524261465376,0.04201006007714636,0.034735012508116635,0.15002602401147536,0.10836422687482823
189,0.006762873122854671,-0.0017352293107631579,0.04411836578855123,0.030670009803361983,0.8585382833487374,0.04115848187648
190,0.0013072328198417786,-0.06408762468801604,0.05730037015517302,0.044275448804391285,1.0125385999414447,0.03952279057391568
191,-0.02050998853947289,0.010612031257739902,0.030134871794746422,0.023601340499485535,0.470336401556406,0.03765699949313205
192,-0.25537561508867007,-0.5335207966689817,0.08703647080549738,0.07877651876862017,1.055593624423978,0.04900488781479682
193,0.04990335554973263,-0.0306589767941303,0.042439071282693454,0.03891114365837948,0.3825157120203679,0.06755089548544302
194,-0.13249227386641757,-0.019609606648473034,0.07603910942334341,0.05068609061675849,1.1349010620110123,0.05142316551759688
195,-0.014026782752266936,-0.05993680016065702,0.08152702876994661,0.08468441283087816,1.035631271435293,0.043340580644321336
196,-0.12089450270184282,0.1442765294486823,0.06977167232229174,0.0679333714631847,0.6216122805494285,0.03891491831599541
197,-0.03322648142250645,0.046709522861360875,0.1082017767954496,0.0983387620480511,1.1268603201009544,0.07116875802062221
198,-0.07927920588304327,-0.021680357257040907,0.09350802228980805,0.077386399432477,0.8460547713938482,0.04086385004042162
199,-0.015928704877502902,0.008546092026443209,0.02687311564063931,0.01751406748329451,0.5427963687820834,0.041510755117584626
200,0.4257778522138459,0.5467414815181206,0.08866038920915177,0.08287660301985551,0.2304573891443541,0.06939032282029574
201,-0.008041901242181362,-0.0018799248135945284,0.03131118392158545,0.020917747363745957,0.5803839301106197,0.039335943691381624
202,0.14600680064198945,-0.006176508564119481,0.05713279270615082,0.03648676066851454,0.4404239026454408,0.09409484068406737
203,-0.579567230202021,0.325746296476791,0.06809721797691455,0.05713716853248236,0.5395273956155716,0.07739038226965456
204,0.17592511243837203,0.03655322659477112,0.04298835969555208,0.028750379992166047,0.6103611767446039,0.04473351675449228
205,-0.2985279457829677,0.40032695129581014,0.05590198086216677,0.0482676914046415,0.7006773734021502,0.04738919197009951
206,-0.03450438568478924,-0.02653824394371712,0.07121235453421117,0.05009597139439313,1.4034068024100412,0.10248776720075367
207,0.07646266372835243,-0.008693241106096605,0.10305507906834128,0.08750821767017253,0.662777778887522,0.04369882497861144
208,0.38093513924384176,-0.04802063950405932,0.049479519960038194,0.032814948058232166,0.4220601223114336,0.07998293655490442
209,-0.20651392293901188,-0.07682714623197821,0.058560951917898056,0.05097529589527928,0.41227802513994627,0.05834445250609956
210,0.031980051714204136,-0.04093939802583882,0.021792144449237383,0.015116305508316325,0.3456145003161714,0.049067738268777535
211,-0.025952703221634933,0.0020226974640905754,0.07560207448402811,0.06963712117664181,0.441199806119688,0.047664532829150855
212,-0.04965022095960772,-0.05976634181000972,0.11863297231071748,0.0985586066366667,0.90976646804238,0.0566791024345285
213,0.013370654180851448,-0.4463377360339472,0.03897788623316306,0.0483802422986811,0.2176333864587746,0.08957563286683043
214,-0.013354892196552398,-0.02182622555528682,0.04181980952453051,0.039788484807547785,0.392091095233247,0.057161514964010396
215,0.16324934743974312,-0.485140405357981,0.10746318609736227,0.10263171941070783,0.9030602152085192,0.046740945263351666
216,-0.06239517731983758,-0.009477461864645823,0.05211377674781881,0.03251746813313821,0.7264727672876629,0.03745856485595971
217,-0.02509174894457693,0.013295945595271435,0.09304364530233183,0.07435153004056244,1.4600637227037379,0.15039336320128355
218,-0.43399324418478097,-0.30944334080287644,0.04633636130224122,0.03360482188745968,0.7024931603872779,0.05187804352936631
219,-0.033282498932137514,0.020398047506360033,0.06634980113925867,0.058305589475424274,0.5265288032002847,0.05484725622898928
220,0.32719125013455225,-0.1979826473301979,0.06228865062123031,0.0551178973725025,0.42185019186185024,0.09001868812064881
221,0.40143990856951645,-0.18812319927495041,0.1386516123655408,0.11428510014078076,0.3906324414203061,0.12629590517868208
222,0.034933531533037916,-0.0004620199296782434,0.030097949222176935,0.02363048388144878,0.4535510607702993,0.060452355891714486
223,-0.1054308544806451,-0.49886754633069097,0.03841685524157017,0.031787160933949996,0.7186560813095274,0.0409256143038782
224,-0.007550048886440239,-0.052709923100921145,0.08065075161025244,0.12025348329433894,0.4291913991903969,0.08027153185426822
225,0.4580453752118964,-0.067817519383967,0.043618353206963466,0.03024750164500186,0.5053265009361702,0.06559377793576451
226,0.7589142946472838,-0.20963461816369897,0.04851543171603799,0.03815797873558875,0.588574014057834,0.05886457126478722
227,-0.03409215039080311,0.009513340708359663,0.08723547880492925,0.09491505041803469,1.2439643172990082,0.09428636102664373
228,0.49572566539205687,0.3659402928633005,0.05293931344028508,0.05301988074318641,0.4423880129172638,0.068114871005036
229,0.09350624252726017,-0.11356375784191931,0.05704238497786953,0.05600144984730139,0.4384293514779684,0.06567540145736249
230,-0.06813075067640395,-0.06488339117717273,0.035001413818413075,0.021915745043883224,0.5979020121619786,0.03540237116519732
231,-0.40713081983115307,-0.046167033827972506,0.04362524649125117,0.025899051438490337,0.6806292228622395,0.04793522182656821
232,-0.02475731842964948,-0.004763663899735017,0.10136582478144213,0.10631763773430938,0.5969777128935918,0.0587923299339295
233,0.18722619063181392,-0.050937039031198846,0.1304423120613977,0.0825030276118732,0.9154042706190403,0.04843045944623373
234,-0.29087028456572106,0.05390684687350614,0.08213701735585749,0.05615251719684792,0.63197506841759,0.044434143776719046
235,-0.07443005582061303,-0.17931220080997073,0.16165959218662904,0.15442239846580133,1.3508217702941523,0.14270337961526328
236,-0.4748529712334014,-0.6374835328156334,0.11779574317039722,0.13280499375788496,0.19934341080343732,0.20387629791955078
237,0.6561482865023645,0.4422591823430301,0.0909220871811376,0.08545806542866853,0.40921472427991595,0.06616171225868667
238,-0.005312923557634593,-0.03150748738684057,0.08043426715425253,0.06887992935099062,1.41928073381782,0.13025359442032142
239,-0.010435334809749794,-0.002251850950449963,0.05459418094657599,0.04530434928617114,0.9653844132582519,0.03873415097266384
240,0.04189135116993652,0.3485534466907807,0.09225363444105315,0.09665992403825771,0.8797982602643785,0.041151746974125686
241,-0.021976744181349532,-0.031967397172450576,0.07792444087185105,0.07208818844435426,1.1453294595602168,0.04452828954119074
242,-0.010859100844192648,-0.020519028153218603,0.0644642631302262,0.06586272996734274,0.24406244765413454,0.09932305629116038
243,0.007486098354502973,-0.007813766852208918,0.07387725700790176,0.07342716961992747,0.7444640735248902,0.08398485222235538
244,0.14675354881130465,0.42216284724457936,0.02220215703658979,0.02328137873362752,0.3244071471947439,0.03948633109234611
245,-0.27923825646093214,0.09833480434060086,0.05413878008357591,0.032008201244067856,0.7410984414538987,0.03822079030942585
246,-0.046014693324966466,-0.03184874832821857,0.1126100220630955,0.10187610032533438,1.5205635557348824,0.22319071392952983
247,-0.02032754293136096,0.09450965415770406,0.0573219972647102,0.043857468378497994,1.11539698448851,0.05294584123260979
248,-0.017258643150601733,-0.07611900536115103,0.04045829413262396,0.03360272003055155,0.6131288881061246,0.04337904685666087
249,0.014258370993019683,-0.026268361348193076,0.041455428617387755,0.029268416494844993,0.7617751340024105,0.03383453563149811
250,0.010429806161589261,0.015740660886848466,0.07092521007599702,0.08233660776309705,0.5328404078921561,0.060636996842494725
251,-0.02471908398160369,-0.022704407028305895,0.07178611613909994,0.07638136057450992,1.1014463524483513,0.08083030985680772
252,0.030861490156469176,-0.03315563349388364,0.11789012446343765,0.1031354891861626,1.4484494844638298,0.13957968030446233
253,-0.013818205016424006,0.006617895509282006,0.04673931622278273,0.042853329604586064,0.5475713517325403,0.06995849592702555
254,-0.06557192043568,-0.38349636054026476,0.08911786611130265,0.09254422459439576,0.9054497669228402,0.05849808967936648
255,-0.07526481142692655,0.0513223409196778,0.12776610416837597,0.16062978105435496,0.7950594748517543,0.06511370628062452
256,-0.0019068696673143596,0.024029286175079434,0.07645099968750796,0.058576328651432086,1.152715648255764,0.06364610235375437
257,-0.11874992462408447,-0.16704350963645204,0.0682773740043929,0.05302389867770559,0.8131692192523191,0.045799595047302966
258,-0.0431864048002762,-0.03322977459112905,0.15246990563484833,0.10880459022774266,0.7653970302942603,0.1252725460314903
259,-0.0022910455495604347,-0.005386454601041661,0.038869435475879045,0.02595211920829244,0.9020964358919288,0.04236342476178318
260,-0.24917049682796222,-0.021698033247783195,0.06710697897729027,0.037057082119294156,0.7755387979746383,0.039451478522390566
261,0.1426361193657815,0.06361030371794225,0.08333494113423438,0.05646140085437748,1.0002222196322716,0.051917506785019434
262,-0.011918259332083582,-0.17868203442547223,0.10429190122844705,0.10962131580702297,1.3829802307799028,0.0705616148840915
263,0.13131934765914857,-0.31153199393999914,0.03570805911115665,0.036181474618496,0.382266572546211,0.06380630190348288
264,0.4718108239628333,0.5828736983253262,0.030729796259377013,0.03987375534564891,0.28494486371180433,0.06937014343854855
265,-0.013004809202102277,-0.01746960996193654,0.06972395331822673,0.0524964024166065,0.7893185681087622,0.03960699195244789
266,-0.014720801198372645,-0.06694851271826081,0.10096451708061736,0.0963486043012905,1.457478051920665,0.18156999041519398
267,0.04756066576368287,-0.4126556413291248,0.07817931456103058,0.09317568966429503,0.7209674063127124,0.04127729060542031
268,-0.20929562381002334,0.08946177933063724,0.0951086502010597,0.08540480786510217,0.5038061578959039,0.07338716419336799
269,-0.3328563566211308,0.18623342686706243,0.03862123083365029,0.03063701096456524,0.45337475403260946,0.04697493121075293
270,0.04475929359642715,0.11993083655807414,0.08698165345510044,0.10862037833013805,0.28955105834421124,0.27597782223975426
271,0.08734843503445935,-0.07599552246041749,0.06459179909298987,0.06267985178097642,0.3975593588962272,0.08853583877883352
272,0.2965877035968419,-0.43135620469192654,0.13964148095920448,0.13388602562183916,1.4587072239259506,0.10355592528015486
273,0.28385908721282116,-0.18313971993121986,0.10903054799969146,0.0834873306989477,0.6326210294275949,0.053760638467251175
274,-0.06137380542899392,-0.22501947161859512,0.11715422676482182,0.12974192250155128,1.325546617392948,0.1526522095621021
275,0.2113051440367829,0.2316357070365755,0.056467258789169944,0.037682230787492,0.761685378711381,0.04351936560655965
276,-0.006039965232039853,0.034552475088060725,0.056082610453629035,0.055598498075705965,0.6115529839052041,0.05035536814299404
277,-0.5071467865421926,-0.40083600321328544,0.07813638117493513,0.05811003760937508,1.1112175123601595,0.04746828211770357
278,-0.0358874868360498,-0.024066869902405034,0.03379218475717413,0.032527507647967746,0.19981898888192906,0.08183645084271146
279,0.3820300399941739,-0.3274831398403871,0.05732207387884596,0.03966712756457922,1.09173603193762,0.04892121465097171
280,0.0029606080066202868,-0.07459693244932215,0.045072141761037215,0.035522878845856524,0.9424585828015478,0.042854775644682354
281,-0.015503717119693495,0.002829081330062001,0.07847789501830549,0.0730148840393901,0.6603519295500044,0.05303964752348053
282,0.003779079163955322,0.001041525896668007,0.02851259834607668,0.021601061838349738,0.6126684271625079,0.04118856903816983
283,-0.3365938507899401,-0.18846982622195876,0.050974856702283904,0.03467993924675414,0.6953355486541618,0.0815319931679604
284,0.022998510829780466,-0.08621839811996852,0.042359497728060205,0.03981484540444303,0.586529846252777,0.05959251658744876
285,-0.03921480397415674,0.10567692808203033,0.07218301144120629,0.060143951142682874,0.5747477203967685,0.057489718907744354
286,0.20644994882263212,0.18317650981924796,0.06800083830322874,0.06097893753634485,0.6133442931023642,0.07137775802609947
287,-0.024234507370837592,0.24275764191854582,0.07995477671269541,0.09658222166592141,0.7862418243089254,0.03787078260307816
288,0.0793412548016558,0.35942640705930734,0.08150840948999834,0.1124232826562842,0.7802505229281008,0.035086699993392534
289,-0.4732173959042425,-0.6118289075693893,0.0955402207556088,0.08727197943559178,0.8818994078496291,0.04642838717189607
290,0.15015150596779264,-0.1653592550138301,0.036144179975869224,0.022735248758027425,0.635423524805744,0.04368187911980638
291,-0.0077369291593306225,0.02570108040390355,0.09506734579320567,0.10011812742061105,0.40471995091191393,0.1013103109264642
292,-0.039341689301999064,-0.25523123871983666,0.03893656242258873,0.0316296826619255,0.7440787180893736,0.03266088537286135
293,0.03490222303329624,-0.10740971898051123,0.1320243467139223,0.14091687979219086,1.479530512277105,0.19190133985964666
294,-0.024679371402500483,-0.058609074779992755,0.08039104789650771,0.08799777246760042,1.1487259893624677,0.052453710489652555
295,0.16240655814179353,0.16418352768078875,0.0379818418526895,0.025860628972493367,0.6418558818257952,0.04360279799141309
296,-0.021243333424023125,0.07194804204064771,0.08050673183167834,0.08785492964022384,0.23810126167380363,0.06317798183347102
297,-0.25811165312468165,0.28625035176817626,0.08264115170616354,0.08255196200658008,0.6138455793533553,0.04586098081479521
298,-0.30427490814999886,-0.2238639651240233,0.0997881956694499,0.09522562799322322,0.7608823721709228,0.043548750466397126
299,-0.15898036411565117,0.15740443645096205,0.07420778562616655,0.06070405162734979,0.8805446334068998,0.03963687601373341
300,-0.013073555289557406,-0.123965129095043,0.05674037925321259,0.06154945006029164,0.4965716292139248,0.0503803936324784
301,-0.16385185555026485,0.03055101429626214,0.14923371600223642,0.1169490048474896,0.6695411833567925,0.10279717058710633
302,0.0015438546351430715,-0.023830026866634615,0.06203187999726268,0.06972332170871495,0.7024620478575415,0.04659668685223925
303,0.5819391143269695,0.36123057766584143,0.03610413059961465,0.029685609983928364,0.4415947629744812,0.051660351351632126
304,0.031920570853791616,-0.10168796281735751,0.12836509649266664,0.1370567273061785,1.4402243466408304,0.11507766906352662
305,-0.009874829523335854,-0.02871777253918663,0.059888848506422614,0.04850522776653874,1.026520971963403,0.04609421109104078
306,-0.009153747412618183,-0.007518437042957411,0.04651094286677645,0.04262168271538971,0.5027893555582716,0.050387121261282745
307,0.014670087703853125,-0.07455994525715055,0.023172258381526492,0.016197681557182972,0.5170919349888623,0.042557510426216076
308,0.09711959235012883,0.2885682550367999,0.16606164148112318,0.18809603073728498,0.9500823161860931,0.0894715392570852
309,0.018184649791695828,0.0066229649618451385,0.052171857203100844,0.045904801289185525,0.9338491254165555,0.04189667020504204
310,-0.04105668573753754,0.08345685946652039,0.1112110311798903,0.11101665215089647,1.3803051892504532,0.0844768957841843
311,-0.37005030886014595,0.155663497467107,0.03290463393822521,0.023765245469153682,0.41481834206006674,0.04266647663468417
312,-0.02535472632149913,0.004234932044512399,0.0424195417258956,0.03104467453879849,0.776801530597745,0.03655586514603978
313,0.7793955284316464,-0.16651503038595988,0.06004151436694248,0.044829722769415596,0.9356479335541963,0.05512581896322576
314,-0.07474376584986943,0.09943537461685391,0.14659028613003888,0.14599658913844307,1.1584910540966837,0.06978470611954592
315,-0.01371678266443132,0.029193418293738976,0.03749685585801113,0.03211701766636763,0.5301482680046906,0.06258730564182013
316,0.3629537902065715,0.7391797415590667,0.03469455999029976,0.02951397327183078,0.4324833256353025,0.06429859141844492
317,0.155270569978856,-0.029538272381170252,0.03408182511704986,0.02589434431995047,0.25154776389012296,0.08353657890077015
318,-0.07922236032962719,-0.09705035730079989,0.05189939072664949,0.041426634724393355,0.7459439414878499,0.03638092839315568
319,0.4793816785882503,0.00354506162838872,0.08938081129492156,0.06747269669179293,0.6694958439853583,0.04829232643834082
320,-0.31000705706325093,0.012133008781561332,0.1117120246789653,0.12943302319756333,0.3744485808356526,0.09376330270161408
321,0.4130171425692511,-0.19400233022334754,0.12698239034605502,0.09853375551981343,1.1136642273931054,0.06386174141540951
322,-0.038595798858052734,0.023620562746111157,0.13633942435544177,0.12408807298230352,1.7490725750077698,0.3180621655640661
323,0.02898702508048421,0.11159619616941788,0.03516093587896671,0.02678528951038869,0.6041191277697255,0.03509536652799917
324,-0.010955220271625961,-0.04764773795358004,0.07255476640023951,0.06322022668729876,1.6603968660968635,0.21480218761646086
325,-0.660537481259971,-0.2175482530048168,0.05437880722489766,0.05377770929002138,0.3079707194844422,0.11625854414772978
326,0.13244144652371925,-0.4943824380980791,0.14320982691158027,0.17878137316353485,1.4989377776666624,0.20214596035293786
327,-0.05825374611630363,0.047600343613751143,0.08106986378739983,0.06998757877149286,0.8748440003933001,0.03929389936094132
328,-0.008213537667796303,0.00558336441206512,0.0725244530391472,0.07288174379583845,0.37934542843561037,0.06698600628588432
329,-0.03856857413935325,-0.048106000931893614,0.0616698335293837,0.05627638633534694,0.9424782301354779,0.04867035404944702
330,-0.3468473281171771,0.09579935360636309,0.16781392392143696,0.107610240145577,1.4251932037727162,0.12160297966493108
331,-0.049603756790484455,0.0035306971543987934,0.05486253812878819,0.050649007425814595,0.5771815076450787,0.040691799268053774
332,-0.08962613032280048,-0.05780962857146732,0.038502284621078055,0.0280781354057793,0.5732991735677475,0.03823505362638508
333,-0.18505316453992462,0.2410138380867532,0.03647857248305323,0.027664340804881407,0.6504263201355122,0.04075925939278944
334,0.06749300495885509,0.25157732295672164,0.07795802149195279,0.06572362515812609,1.0788373248646963,0.04707222658230258
335,-0.2579153667368987,0.02461064331033421,0.14889360140476826,0.11076773800395798,0.29507637322226893,0.12756896381605679
336,0.016791495431265055,-0.6470583870722327,0.035891012815097205,0.03351000014390294,0.6041722909805607,0.06721274714285203
337,0.015181961541452618,-0.014045094189123287,0.055387250647581016,0.04832452974416492,1.012274127678723,0.04125702004029164
338,0.038038492387396775,0.32517721671380095,0.038081015002834104,0.03629250940506302,0.7192464307090415,0.03675574089606345
339,-0.16763716279300314,-0.6374375229111592,0.04419295401943483,0.04258290246541305,0.5654602886476863,0.04580686445916899
340,-0.011215570889207162,-0.027895182681175204,0.06938070911405436,0.06089256088861747,1.1125991607953034,0.052870304437842706
341,-0.2385553070354852,-0.08336292840087238,0.17340169074841683,0.12224490315996561,1.0700527956136383,0.05281206130158553
342,-0.24704512915173876,0.32498165596317163,0.04063401386326829,0.036623664609048326,0.5952712377089088,0.050247600977308335
343,-0.056763497596339564,0.18000874971326297,0.04186174562531431,0.03828592140991953,0.5242368846185728,0.1224024267081099
344,0.22084537131005608,0.07717985184864545,0.21415672509368464,0.18223364008699539,0.4300248445262601,0.08249317913111547
345,0.3765704072690432,-0.3316773593101168,0.1401685626915498,0.12948740443030768,0.9722397241319392,0.092621671439648
346,-0.011308382582420914,0.00734856479602866,0.038757946772195996,0.030874199493663802,0.589092928537223,0.04662390706631127
347,-0.004481350836874212,0.08440876650127163,0.13335048476266567,0.14137742972916603,1.2818583525239797,0.11175129539457238
348,0.10279994001591833,0.14576884945636187,0.14459491617926992,0.1485555785500994,0.6010625796070049,0.06782196295097781
349,-0.14954240088842413,-0.21303239222730788,0.0519985759251306,0.05537043925175054,0.41763372073169336,0.05513650276486495
350,0.022889899088663103,0.23294482623733206,0.1085691221061883,0.10019251882553534,1.1458865368562265,0.07943883980102923
351,-0.0552051378752586,-0.11491538441269852,0.09977411601449684,0.10124387337421346,1.8906169364951306,0.23336083813042832
352,0.002498533689566612,-0.06663042959324599,0.0969483757837464,0.09649630111592372,1.372390627576792,0.10312135906841555
353,-0.6127452048498776,0.12895805315604206,0.06468630390501852,0.04873124304508226,0.7348633701096089,0.04341692242675771
354,-0.008943867447003253,0.11055192509889666,0.06747418773220419,0.05000235436971133,1.1436696232695904,0.06384235104337281
355,0.01675992780937628,-0.059695711855206376,0.020596914815298045,0.015555964738984159,0.3617828996929934,0.044301597447931905
356,-0.25286013292057663,-0.12946144282961025,0.12848108169615594,0.11808320056857279,0.6919023201195945,0.043599080961150616
357,-0.0685146078405106,-0.19311879487603603,0.27167199033934625,0.29321806350941476,0.458823658036248,0.0822450438305576
358,0.022302660943043347,-0.04921427795985935,0.0884134662104593,0.08142758577913349,0.8892226343142257,0.053695261014504975
359,-0.01740868204610126,0.017869046702892653,0.09639262757867935,0.08710726903907808,1.1783232380182456,0.0467392559108203
360,0.006907040997854643,-0.04793085667545183,0.06632463352016363,0.0715763281056044,1.2047626103362763,0.11623973610413262
361,0.25400283536414153,0.07927008878318019,0.10449394254063916,0.06813003466609693,0.9172124831718454,0.0529209240935027
362,0.03671393387900989,0.3530224676001937,0.1400362821560086,0.15715900892929657,0.43921392565351625,0.10355533968563202
363,0.5633896755321067,-0.32384862410965387,0.16424584572208042,0.12490853905004211,1.2111661107525384,0.10416712059908194
364,-0.013841852133726308,-0.006722945400948892,0.0522489342317389,0.06003921473477243,0.5284117923332032,0.06512409711593935
365,0.11195584484773984,0.38660023559825696,0.07595344849891897,0.0729188324970713,0.7950926091436564,0.046028567288755574
366,0.08056611087798339,-0.17968326686169905,0.05863603163680364,0.04227123253374195,0.8176055949533598,0.04760975770837178
367,-0.31396003011565476,0.07051170323143433,0.05777586931947811,0.037279885961884154,0.7242068143660263,0.040661536413532366
368,0.01486573303084984,-0.0027999990915121738,0.08228729555485069,0.08873266726476813,0.5426127627845678,0.05865585206047645
369,0.0630990277334122,0.16775040895884957,0.02991006714679947,0.0218373764726557,0.575199553688548,0.03963672379698944
370,0.17101441857220348,-0.0026826888160003722,0.13869835746910164,0.10997276195190793,0.7645189901059902,0.05507843330219278
371,-0.13217016545542737,0.03453111990713793,0.04909775757377578,0.027455299441556613,0.6321596165381667,0.03491000279538098
372,-0.005411234928066403,0.04928830718836106,0.04342985331555004,0.048993949041908284,0.2590167527964169,0.075930238252915
373,0.03811207388774051,-0.12580856747361108,0.04625680483926759,0.03391178706032545,0.6947512749542171,0.04968437534041408
374,-0.11202859391926204,0.2201847744614037,0.07249765959509165,0.0678911136897389,0.6544727263742526,0.03673600341088749
375,-0.07245369156651608,0.051451836329527836,0.1313424531771037,0.13158386865115268,0.9084110413350851,0.048465446364247274
376,-0.015892720275417126,0.015164176285246205,0.06513546701767112,0.056881728261116364,1.0847467509625666,0.04943366250358664
377,-0.11387238952789308,0.013419122991117744,0.0870802138106726,0.05961553569721494,1.081300662311112,0.0441033575108592
378,-0.021387597575460812,-0.24697355831339876,0.03470734874811811,0.030596495279987736,0.6225935398747781,0.04221103440501395
379,-0.0071146748870377875,-0.16756829984079802,0.1006158684282592,0.11914912469308156,0.12949391632694174,0.07412454075973332
380,0.039802220466012235,-0.09935334371797874,0.022032388475969784,0.01886883702268262,0.17077660167117475,0.04807130999824118
381,0.13244144652371925,-0.4943824380980791,0.14320982691158027,0.17878137316353485,1.4989377776666624,0.20214596035293786
382,0.1094928225629609,-0.21508137469622657,0.12007104048591434,0.10654752865256119,0.9137460454793916,0.05030956345388402
383,-0.03709288969802101,0.08287321316270098,0.1302100383748356,0.1600877169711547,1.1081337101093238,0.05893010903184619
384,-0.06156031084358006,-0.08114473809024975,0.03771108392860069,0.0313772670881282,0.431605499184595,0.0833156872762079
385,-0.7297304001914829,-0.24460650182882604,0.09075749615371424,0.08902411401523622,0.17966509325273122,0.08869949146709674
386,-0.004427116287332855,-0.010919664112461053,0.02684913016954853,0.01692733147659902,0.6305933924721733,0.038074277847541804
387,0.18416126828329893,0.3082859063279326,0.06687112333472775,0.08851457487397751,0.3955600582175218,0.0967845392000783
388,0.06166806444683648,0.04502956300833228,0.07054430078767669,0.04949233269599947,0.6330409826040114,0.04764483776210631
389,0.04756066576368287,-0.4126556413291248,0.07817931456103058,0.09317568966429503,0.7209674063127124,0.04127729060542031
390,0.08530368360258996,0.09748893795937441,0.12396563449323483,0.1177382609210999,0.9833939805439955,0.05465859472676012
391,0.29982519118323075,0.23611049106769721,0.043836550954021225,0.03126163700110091,0.4364042582573856,0.04367480741948406
392,-0.11716816318949452,0.445803689573377,0.10969906705691711,0.13179673879697165,0.5786065458122899,0.055269274027216195
393,-0.3426635452060125,-0.06575706216921985,0.054612531275706505,0.033151980305274144,0.5477063822585562,0.046703679386479825
394,0.2816289254610308,-0.7139395827530498,0.06484046375101186,0.061625313841145266,0.8070875770263662,0.05164148877640583
395,-0.015998092126117594,-0.03137146841688302,0.12283297955129864,0.12883290704193875,1.38334228759792,0.20637031017921018
396,-0.03639062834789322,-0.05474828392778957,0.12363237666304859,0.1135416145022268,1.5269957659370197,0.18673408515671433
397,0.032981619690331296,-0.016137677405435775,0.08920830531767746,0.0653534390122089,0.8789358211237057,0.04489857531537064
398,-0.10258339827798674,0.6882496078806303,0.07989214380590905,0.0891301538657584,0.2451257720677648,0.12697809394518514
399,-0.1129933042758149,0.5070151610030004,0.26831115809895206,0.2829442919602877,0.1919494158263278,0.09090042804728485
400,-0.025910236617548207,-0.03941590808089295,0.0742842771789717,0.05095707924106601,1.5466458729361967,0.18282771338555956
401,0.07287517906865551,0.3134224438815299,0.08147591924578036,0.07465534920290254,1.105295972036133,0.09054200411497668
402,-0.22046276238842794,0.6952766989387448,0.04349710303508899,0.04370282098357077,0.41079851454123045,0.0506932214155854
403,-0.003370153846309127,-0.09000927266822477,0.23491110362289724,0.24049153163620654,0.45288237941138937,0.07531365976911537
404,-0.026451534164608517,-0.13990315869906134,0.08216563318378046,0.07959087004802988,1.346596323623163,0.1245090061080446
405,0.4378199278935719,-0.4989127125869959,0.04460506623140343,0.043885904229298625,0.42865721099291887,0.05962027768553846
406,-0.045337203922268976,0.055545373009606616,0.07335229391738633,0.06914272953745437,0.5162173030371808,0.06497959939991928
407,0.20033084879743793,0.15511071117971334,0.031024887794948934,0.028047358376703687,0.23985317587624544,0.10598941700323815
408,0.06172243696028805,0.026794845133195536,0.06764517296462283,0.046291270471443005,0.9975027878153069,0.04614784341770256
409,0.3119981646414074,0.16215747694069918,0.060604739483293556,0.04246053601706238,0.539872119550807,0.05188791620986393
410,-0.05335210077850262,0.03350666571958154,0.11820497697254274,0.0986984861604317,1.388015796106664,0.06517430088421029
411,0.022932613620581774,0.0436440713401998,0.052236215410299464,0.0417348210766845,0.7601969344688815,0.05274994240492421
412,-0.3452370283685127,0.1556266538337166,0.33775053656893717,0.2668430107377307,0.26166317412545786,0.11667990410770691
413,0.005312268071182867,0.10620215415228482,0.037296410012460646,0.03589495973155002,0.4265369660081014,0.11760975792147925
414,-0.2989631866804485,0.3172141347077845,0.1624241481687469,0.17687220945374285,0.24614972240270855,0.15960341139719694
415,0.6137803544302578,-0.5813481784888298,0.04150247794650225,0.03921801488949018,0.5941092119372701,0.06420118333072768
416,-0.052057608089448384,-0.15701577007686876,0.13384441716218465,0.1416193139357868,0.7259277503848568,0.04787308051840452
417,-0.32522556227937705,-0.004746415408702095,0.04302430257654261,0.028319421069388014,0.5432744058289372,0.049451196083316606
418,-0.5079028207506062,0.07730199131063034,0.041997042733249834,0.02974255388768628,0.5916067829278129,0.04124748707033044
419,-0.06064078720310475,-0.04081511668175021,0.09399258686104187,0.07852008644751499,1.3157858246049927,0.19415546825145094
420,-0.004908127503603994,0.09140570682666008,0.11422999197835945,0.11967006786259733,0.4702661056381726,0.06546839163958061
421,0.08056611087798339,-0.17968326686169905,0.05863603163680364,0.04227123253374195,0.8176055949533598,0.04760975770837178
422,-0.3527886192940569,-0.25980310566209847,0.04434905736761752,0.04025152043127614,0.3123412299186106,0.07655875877422923
423,-0.03437003115109257,-0.08143901571008205,0.08291859164756088,0.08072929540805611,0.2715077198896559,0.16925953442437325
424,0.056615455537347564,-0.1746543633990354,0.04071869559843052,0.03372247893303089,0.5750515848977812,0.05115564337158426
425,0.11798054442293349,-0.24343698066200295,0.037936264117860656,0.041123168738277566,0.27118571441543976,0.07666789727240143
426,0.036435410523355465,-0.08753690505526225,0.027287168971064403,0.025699121397879426,0.16050304713703678,0.0879365839095584
427,-0.1497222486320708,0.1476209417708937,0.10853335764127661,0.10804643279068488,0.938822245303045,0.03285287364919054
428,-0.27188258080030764,0.06987981215087534,0.03828219131284952,0.031073869902972864,0.32818885343382453,0.09340496496493185
429,-0.7592351314684259,0.07809429137111046,0.09614098614055058,0.08006787140783796,0.7363443623698409,0.038704341413087845
430,-0.17198881877098773,0.22477166521163472,0.06826204719920899,0.0774226616271867,0.595265163410978,0.04889443968581763
431,-0.007986848215028515,-0.031466696454994954,0.08848527068379997,0.07666129536858611,1.6500999113424184,0.2317495939810578
432,0.02670018083730454,-0.1716577792196597,0.02347732748068653,0.021449680135380834,0.36117451050536153,0.043039212679782786
433,-0.14187063760142676,0.3181056615816914,0.13124563678074452,0.14777915158664812,1.376754844612032,0.09789136335753738
434,-0.03291926661092967,0.09269929803867227,0.09729020328772368,0.09762954861982333,1.363266160042325,0.16499998319723877
435,-0.010010513009954432,-0.05236598862183028,0.11901855683853958,0.14074505491421996,0.739024863085074,0.047322790668016486
436,-0.024408010160714436,-0.009513914540875686,0.09493909857457876,0.08730232521208402,1.4795005470648654,0.1716693059309022
437,-0.11277290237138962,0.019373377122056244,0.12580863108107454,0.1113972733560717,1.0087111130455495,0.04344963322998942
438,-0.0002778367962111537,0.02321369558384269,0.09135470461923237,0.10112339510170368,1.2238168832529928,0.09599412313002165
439,-0.3898210755192186,-0.24802260455025646,0.15076756289605994,0.1357015529437185,0.22174955873021301,0.08551390841134135
440,-0.24879056792670048,-0.11215357818048168,0.07300334873645395,0.06308417445346458,0.45599556127648433,0.106641085927614
441,-0.07836778164036405,0.32805327310200466,0.05796477519376375,0.0678134118757779,0.5452160110262843,0.13436125576576669
442,0.1103957433999911,-0.2104876020524431,0.05754402231347934,0.05035325721868151,0.6223542311023805,0.03857061908391158
443,-0.004638262681325517,-0.013854812143728325,0.037913345032963355,0.027830178379804657,0.7229914829453179,0.04299732523711526
444,0.1178064583535486,-0.8779435782257521,0.0715190838160022,0.06527038401334789,0.8527823585027017,0.050108800399247956
445,0.0162993274861277,0.020256456223974116,0.06277190769231243,0.05912950682357315,0.8820293444100219,0.039139221262457065
446,-0.5688676955628748,0.12697529155194748,0.11022273239262778,0.09786797968655546,0.35427601525393937,0.09598793297401062
447,0.14184780038597258,-0.24055062532238697,0.17874996980794394,0.17052024442957847,0.9046557499963132,0.04885331681963446
448,0.023759837870764938,-0.016557398102579182,0.0516149770833168,0.04086480763599006,0.8796184205754715,0.0455448486971743
449,0.03382113713757183,-0.7765017836758167,0.08667563825383683,0.07381765426476855,0.575161189045319,0.0944687932131218
450,0.017763465671092448,0.006594443696889411,0.051554668672742464,0.0394284284856269,0.9130652216202957,0.04416631749197773
451,-0.04382054581243594,-0.0020879409156996445,0.026855446190240596,0.02002682512854337,0.5080687873235604,0.05509416482822353
452,0.1791060869398328,-0.08244486763974278,0.19939838032535706,0.13914702080702823,0.1780844408901467,0.08418140106466371
453,-0.47843247489285534,-0.31314704018381384,0.09611166611278668,0.0753559599606688,1.147824622406535,0.06988595341948947
454,0.014336643660988925,-0.031474562410478024,0.10509903752418139,0.09640527231842122,1.3334191772731452,0.17375314951428994
455,-0.08957300397730937,-0.31856206071205095,0.1503667319441444,0.15996166874623904,0.14627129643998524,0.10162053052767465
456,-0.07100811134804422,-0.12220870260094928,0.05802960441101251,0.06433095432998447,0.16562598761215352,0.07792907492182506
457,-0.009898053452477332,0.013240617313208884,0.04136897269595616,0.028647925557474595,0.8313731646358199,0.0465300945696028
458,-0.0986947717829069,-0.04231968460332948,0.05249848072296018,0.035046919408743486,0.8773836321496807,0.04645383060305947
459,-0.01466631416254364,0.007347053049496193,0.08878484425603811,0.08210600240127107,1.377607026833727,0.13352310699699443
460,-0.029248494389603297,-0.020290734392337816,0.07916097796558812,0.07771220582300316,1.117908129259636,0.05448779992469837
461,0.02172911807705749,0.006648367408477985,0.04987943737461548,0.052638796071469464,0.6233074929393067,0.044591336029718404
462,-0.09422720988406412,0.0024147358510548493,0.1430191921390541,0.1368936458304426,0.42533081758698854,0.08075996475953785
463,0.3795149358859345,-0.6479770455001878,0.1524702034409654,0.1628108291286178,1.5140083174031995,0.18732260320754213
464,-0.0645011616292104,-0.02755898141970326,0.08829999680623535,0.07817344581676985,0.976551785276251,0.05197487063864837
465,-0.1668681206442414,0.06486209194602902,0.05476051432889006,0.03932791721839515,0.3412887667878271,0.08370444389094406
466,-0.07075858753345618,0.19948669972946131,0.0842604627019657,0.08532412385991733,0.8241202662272676,0.047385300697904
467,-0.017380222234177466,-0.03328594319839842,0.02812261855628481,0.01837931767858733,0.6248482888342735,0.03801668380385026
468,-0.006266757902853745,0.010848743901179741,0.048673659061629355,0.04507670538576866,0.6689404543957099,0.03491319078223491
469,-0.10669717790544599,-0.3331650253185147,0.09133219577721023,0.0905462505097058,0.8030332959908781,0.03707942157608049
470,0.08709598590148102,0.042343340135395056,0.2877582918663311,0.2229191171254873,0.4266337045591817,0.08899332693194695
471,-0.015580610411619934,0.21297587801238427,0.2051184783592394,0.22608153840466916,0.44832909346902483,0.0839387404252094
472,0.07293891918128678,-0.19232614646699034,0.05293571298200001,0.04211367693757152,0.7069910806820578,0.05485971084686515
473,0.03719607558825139,0.025235808128821924,0.08427590176693876,0.07221375758329616,0.7604562107625215,0.05644720065832014
474,0.20674346706992536,0.6955591892712489,0.046055333494824,0.04119584953436938,0.40560321189889964,0.07121069539530543
475,-0.023584150246323893,0.18520651196757312,0.03915233276957772,0.036030622393315746,0.7344599604323926,0.04508917288383823
476,-0.01789163430148137,-0.019404747747807174,0.08548329122518081,0.07002289940257263,0.7398036459322632,0.04577239695599947
477,-0.01155835451439882,-0.04709110767605788,0.06908764017482495,0.05837749944360101,1.0531944933127557,0.07302476451566182
478,-0.19998358296253907,-0.11734489606025533,0.0570796767640704,0.04267346221003791,0.34098566281209625,0.12308263261757359
479,0.09653193840912831,-0.041050683540988606,0.09914926581126368,0.07294030155278972,0.9003296943774554,0.047846417000484164
480,0.16601202985823119,0.15342376268466398,0.10703760756728294,0.11075215972381475,0.7770800239584252,0.03886063734178309
481,0.10713526819466247,-0.08190247534790332,0.06158664265266749,0.050932892804089386,0.6666413204673535,0.051605536698244185
482,0.24133933347471312,-0.0665836627281005,0.08110702091373699,0.054877010321833154,1.0850696228358505,0.05329205465649338
483,-0.07457120138132944,0.15044802779355892,0.058297665477876154,0.056418651828667093,0.7838295887422211,0.04418370260124337
484,-0.005048348444412996,0.00193715029280476,0.04434254385743287,0.041142422470077086,0.4075000667702013,0.05856208811126261
485,0.0892221163045974,-0.03993528831845662,0.18410407448080446,0.14601829839928493,1.1626809373951046,0.056377505292655505
486,0.009782802352440416,-0.010290521906660436,0.07895614022446482,0.08164004057221783,0.9915486032450762,0.05219119110210074
487,0.12244968795450172,-0.21306601919932971,0.05228141275650153,0.04102822523627771,0.661151392889243,0.04279327423871994
488,-0.10645216597373994,0.6786580706973976,0.036143719113596574,0.04781533927300127,0.3088195516244716,0.06753427519913054
489,0.002500037782412929,-0.057380467007674164,0.05691278671038304,0.041574914726835006,1.2201350255822083,0.07005087250677981
490,0.012364728827973287,-0.09391760439227936,0.07954796216485731,0.06580572130775646,0.7873372670231324,0.06136484335724833
491,-0.3054911317242755,0.6046806160883891,0.14572226634338384,0.13188567238761756,1.09556676933024,0.04188299213687811
492,0.6746358309544678,-0.11497776349558442,0.09366132030306384,0.0710463981840594,1.0190719660847247,0.055433709339347215
493,0.005280051925628229,0.11630494319544309,0.10251440298359739,0.125876140179638,1.4376132931004397,0.18194878288522948
494,0.034294713388735555,-0.07917534297672356,0.19960762422845288,0.19683575563256012,0.30811478369668477,0.13755793072603026
495,-0.043675316260248224,-0.035160800022033006,0.11191831652371811,0.13259580655503522,0.4879929059682121,0.0993493582991391
496,-0.23151459147835524,-0.1387863972424559,0.10369867873718891,0.10092613284705726,0.33294370986629207,0.10521865861055639
497,0.08263461423485442,0.10028920286344296,0.06908063064281099,0.06590031770702025,0.8302566079004029,0.04160440020830582
498,0.04125558219265568,0.005900149480793289,0.09691612998381158,0.10049161958453191,1.3454856268198114,0.13993632128141284
499,-0.45503571491775524,0.41797690510090807,0.06408492981908259,0.05969856610522886,0.3490429696237738,0.09562299697881321
500,-0.07716777249985786,0.05792362097164665,0.14519630120115698,0.14853626290466937,1.3113070389971866,0.10652667980047371
501,-0.018561832041885648,-0.09458885825630294,0.022747212573001493,0.022615510440304354,0.1799353014003685,0.05120398744477801
502,0.2929577175437481,0.32626568172504977,0.04841793127446929,0.03738365979384105,0.7267389603477704,0.037691530751580445
503,-0.23418360484747575,0.13304736377570026,0.10420065648882565,0.09460718558244986,0.8030639543647011,0.04132932493342883
504,0.4182781169199101,0.5075541869043513,0.0733157871034539,0.06195321493411562,0.8716545894061376,0.041076414948280085
505,-0.13723386934549295,0.6155545149484004,0.08409697451601225,0.07802012429131837,0.8488345791232225,0.0453803192185104
506,0.10156083442332046,-0.03764821116559567,0.15335335148016344,0.12903332734760162,1.3856179112496052,0.15515905984066045
507,0.22420117618264843,-0.6666455320950888,0.02918612100911666,0.02934598582446621,0.3022412375475619,0.09422462668074537
508,-0.03650270436130622,-0.01713661440164186,0.08101734175025468,0.06868139615644642,1.1037882617619783,0.06759193690962227
509,-0.01371883729999483,-0.0028641186762871536,0.04244817317021056,0.028178514088348858,1.0071615541233927,0.0642912748152244
510,0.48268676982431497,-0.4498094974678079,0.08754390356790664,0.09003474443528674,0.5776967822493444,0.05862606397339019
511,-0.2165726406180798,0.41127101288694984,0.08625526823492609,0.0926584876624824,0.33888016169450397,0.088939072125411
512,0.06644336874276949,0.050310329632759665,0.07465917164169066,0.05634030667097152,0.8849895794370387,0.04683226241568306
513,0.5912042628254676,-0.4571510127514743,0.059170028154652186,0.04976912281841198,0.1282708134440636,0.05920773024686576
514,0.1764482337253914,0.06908338518922148,0.22411078406643825,0.19664586507391882,1.4255482805687105,0.13657039858419273
515,0.07401295440064691,-0.6484561552162816,0.07121092501803139,0.07108548461818395,0.38177147979130494,0.0907174144791878
516,-0.41278966549735713,0.13945040947695653,0.046237328114022896,0.03346182886687793,0.7102014076595363,0.03945873923582584
517,-0.8170889314064532,0.39272705541648856,0.045491384805892154,0.04485461194042754,0.4028914124148578,0.07563164537874181
518,-0.4429439302801658,0.19802425833028417,0.03743326643869224,0.028353122363304433,0.3279151230851873,0.07929025192326583
519,-0.20457718212614323,-0.09605614718317407,0.11574538210990791,0.08810537586216245,0.8572178025064038,0.05160624930025722
520,-0.05086643707613073,0.036629276096209,0.08654818715173337,0.0806333002463759,1.1024670490079498,0.054883833673154865
521,0.4024901725851103,0.3391767187028535,0.08279776155831427,0.0628290736130702,0.8529444522038067,0.03862566914440643
522,-0.00024372644853211845,0.06066605663305745,0.03838957880863544,0.02979389967550291,0.7804579371934197,0.0430686223555534
523,0.14094695363365717,0.08023093326750405,0.0763008456299723,0.053155473701135915,1.0382311841392056,0.04580155809674565
524,0.1790905017277204,-0.05931883316133716,0.10767348353884362,0.07381363194265658,0.7905550852430114,0.05235441806501877
525,-0.03679015332430802,0.02037751964889313,0.05462037442110644,0.04413064731769725,0.8226071711538903,0.03852040786755597
526,-0.06951208581191788,0.027048776695457098,0.12603148260874378,0.11837400914636527,1.303812128829885,0.2067494714394851
527,-0.02892452736213139,0.008794227450526606,0.054459260895816264,0.04882450251978741,0.6935929198185834,0.034665075436413
528,0.008364322794294719,-0.05653146350952539,0.04056472784141482,0.04163689612852526,0.36575192405440105,0.09540236783756681
529,-0.022354531880630336,-0.27127923293723466,0.2572696446971736,0.26136504256991244,0.22165477251910776,0.08454659296931956
530,0.2168371686538585,-0.06974050027924374,0.1650539502100477,0.10852820011131516,1.6002740802518651,0.2297464104646178
531,-0.050721254661935805,0.0864997939963999,0.10242242576202391,0.09624600364114468,1.3133876106843467,0.10181849382515305
532,-0.10326411994899935,0.1416403551171233,0.05592792672989301,0.051029350706358216,0.42355178129429555,0.050832512390866065
533,-0.26964933770772825,-0.3910319091354747,0.044271024536336356,0.05246791477996627,0.46989358944770837,0.05680630609483701
534,0.41727995417690894,-0.18500291141908107,0.19356720569854544,0.14214139028332468,0.8271857505914834,0.05593932640126158
535,0.02076406170413963,-0.008071723779535099,0.07866326074504972,0.07310326242452339,0.40710769937835956,0.06699988175332598
536,0.08875180238868055,-0.5716828413222322,0.1256906773548727,0.1557722243807202,0.7897869964675389,0.03853147305077269
537,-0.17469591233763093,0.2170582043860629,0.03437002446670534,0.0342319702271801,0.36323784020983135,0.08126904481408691
538,-0.03260339890070145,-0.08910050378443819,0.09904676147091163,0.12172119200228881,0.608529355196039,0.05978552421277588
539,-0.08745042456223139,0.00981789832285246,0.10925212059213607,0.08560031418885658,1.1041607927212627,0.06908851014060173
540,0.8545908573400093,-0.08325442435527446,0.06071121810052597,0.06170614157102806,0.45853283093027203,0.08541687176173171
541,0.09770026338739536,-0.14926740247584566,0.25099449037823457,0.2550703538900809,0.6122799855315486,0.06660294168259058
542,-0.19247949647866802,0.503925448096695,0.06836734933372762,0.07901970290045834,0.8319056293092675,0.042026092015083005
543,-0.2281921747856019,-0.14359155031592752,0.1890301009019367,0.21868814903882647,0.523055914490178,0.10440158325182138
544,-0.04480990091760602,-0.06553686074783174,0.09262394455230887,0.08310670635771401,1.4202060723833356,0.12960040366341577
545,-0.02841592856187717,-0.02010977008993113,0.05632257058187207,0.046654752648175084,1.1045956552854796,0.08010457400591463
546,-0.10193915436851562,-0.08349601591370927,0.1541471914977644,0.1681796369820787,0.40755463198498487,0.09279281064655251
547,-0.11253339755518986,0.20778186807161653,0.17655408022474708,0.2106328474841439,0.3865913185059317,0.08866046017831855
548,-0.0018027349326912882,0.01544395979685932,0.020081755481183378,0.016574521105409856,0.08438039057246653,0.06012368987035168
549,-0.12465873244802401,0.038832737903805405,0.045171331972491076,0.037395523760398786,0.5080229014532448,0.044270765773150283
550,-0.007550048886440239,-0.052709923100921145,0.08065075161025244,0.12025348329433894,0.4291913991903969,0.08027153185426822
551,0.12087631272061287,0.577986726648073,0.050729242847935674,0.05014157066133091,0.7454829801783057,0.03850236078119302
552,-0.018640320075598876,0.6022722109068781,0.11548427115162566,0.12498057675499581,0.8623574688998984,0.04379812252477779
553,0.027925840056678294,-0.10513769765659428,0.11921891056552723,0.15588303437822099,0.9343403726615066,0.07625387974344586
554,-0.07692887485194853,0.03153255235105937,0.14453782964819414,0.13267365138108583,1.1238669986400613,0.03654599668097153
555,0.004297263532601263,0.0518084756142556,0.11610973869998374,0.11536625480396781,1.6841659893673326,0.29248895178172085
556,-0.002118561790043588,0.025475673530451444,0.07275711257623721,0.06930304344003153,0.1560389929004364,0.09891009455901367
557,0.6563690471307733,0.020318366696621244,0.06163274636390099,0.054650177295130956,0.3303034178733773,0.0900275015438387
558,0.015003214894718639,0.17958573828855565,0.09188599883052749,0.10650105666673602,1.2947896864728683,0.1800165493812897
559,0.7705218222494137,-0.07250550152690059,0.1305296393824782,0.11898571292240973,0.20073728362896104,0.1108232580916588
560,-0.21678672807623195,-0.01844448472058193,0.13238411758377006,0.0745404010730492,0.8851206462624346,0.05730129988078937
561,0.027896684647046293,0.08380697145398072,0.12605511307589545,0.12304035027712218,1.0640249015225387,0.10047511182816755
562,0.05890973036661685,0.260331592590957,0.10949811910481137,0.13458673384225533,0.8431607568521924,0.035980370798075374
563,-0.0075412094087322955,0.016481178244250952,0.10083318462674797,0.09410497628389745,1.6137579456834394,0.690984545705634
564,-0.06545670943097563,-0.07650467721975535,0.10415840252248602,0.10902462450594629,0.8190705190355573,0.039388407011602324
565,0.051496736103070206,-0.04611343205151827,0.0487362634574481,0.03359037178886979,0.8905897962363282,0.03988715404466446
566,-0.2853285051842861,-0.10416271151563809,0.053863195082435505,0.03938862649197572,0.4802458992955381,0.05304252583589043
567,0.021345458953335956,-0.061728953888838894,0.13170027148727714,0.13547646015903844,1.2448520404346965,0.2153399640588401
568,-0.026576384251581556,-0.03338489658062545,0.052991523827921924,0.04481050941745757,0.6253083662873969,0.054135418550460994
569,-0.09325794972220058,-0.3174408821402864,0.04082382184121925,0.04652135859842982,0.48391725330857105,0.08815552851871115
570,0.054541772533718565,-0.05337771882531704,0.11064232127663508,0.10100989012428595,0.9212314691162716,0.04911525103794115
571,-0.021671466871352914,-0.033088154343900715,0.08916262532690179,0.1012303064289159,0.4014716320543729,0.08108883474499608
572,-0.23819654237320453,-0.029569351227521516,0.08459254360076054,0.05073682797371405,0.9890043759624404,0.049108726516152404
573,-0.15874402306231047,0.4438994831935624,0.07184392705840009,0.0701136590719391,0.6764033567616845,0.06289263331811147
574,0.014918222131677204,0.3544019693175533,0.07730994145417183,0.08811683959884088,1.3470108562339842,0.0644032497513271
575,0.00495848860597223,-0.23720170977676122,0.0627124964672213,0.0532148526791898,0.8422702978569179,0.04895714820355997
576,-0.11384142382172423,0.18444077288851268,0.1266321135363852,0.11325997660672678,1.3974365613794972,0.10166654634613892
577,-0.07008582725988256,-0.16342165887751275,0.22092279783895863,0.2464110708967404,1.154384696873738,0.11350079048866049
578,0.46347589035183595,-0.7311584643220348,0.029378615609928712,0.03145246642072519,0.2028625020625459,0.06513589229308929
579,0.10227218474761654,-0.18263728920738664,0.09914559965005157,0.08736992408649966,1.233675891679947,0.11351488366615417
580,0.11311339963500877,-0.22223008344197903,0.09370930044376677,0.12207494289634992,0.21188403322102145,0.10595721540138842
581,0.02385761544706458,0.18497442503918832,0.057706165512824585,0.07055050876649877,0.46719203332739134,0.06948453065050214
582,-0.06331330238940101,-0.587935425546435,0.09653897869106697,0.10095804100485474,0.5643546085905755,0.10279014673823193
583,-0.004481350836874212,0.08440876650127163,0.13335048476266567,0.14137742972916603,1.2818583525239797,0.11175129539457238
584,-0.03929868798650576,0.013754251887500428,0.034665894834407046,0.020813070383887286,0.7210083317313248,0.041228689209720774
585,0.04816770942402945,0.31883513962788035,0.17275224530597943,0.20287661065277413,1.0261667425647951,0.04908444627741987
586,-0.3115425492624391,-0.6054372223789358,0.03789745158651541,0.03367825663335824,0.32613371427517585,0.09375866855615524
587,-0.0316087002423436,0.03056022116746064,0.10625071654082854,0.0869222482415664,0.9097710995772338,0.05209215663423614
588,-0.12204478645917287,0.02652627859593531,0.09179931139672168,0.06623018642340107,1.0748363290579475,0.04407472875627071
589,-0.16043121398464197,-0.587588562251815,0.03514351602409782,0.037477754980603975,0.41064001388514987,0.04834705199494974
590,-0.0017946812010301131,-0.010964197735278815,0.09203480700660596,0.09023130450731665,1.1646783504999114,0.07679534838258023
591,-0.37510676289116157,-0.012205291518113944,0.19897559077474244,0.11740169759369325,1.2118234130686805,0.10259191579201905
592,-0.005201533271468029,-0.109463589146296,0.06532608338481916,0.06485445230543364,0.7900887053737126,0.04005094508690808
593,0.2336864317673954,-0.12074399723125201,0.08907824575869432,0.08122399622959328,0.38614146422047085,0.07396847456645676
594,0.5562377226631544,0.0866615400410244,0.13078134143869474,0.11197067876809123,0.3069876457499842,0.06874238363710926
595,-0.06264402713423466,-0.048193458958740824,0.048865828562814295,0.04542068414977592,0.3752031693051781,0.09010630520104031
596,-0.1917683370853082,0.0955259853926596,0.12280084844354751,0.10324732189626885,0.949373451850351,0.05305852474062481
597,0.04698032816754642,-0.03023611061460492,0.0595901289634959,0.03659211056477981,0.9665156454581644,0.04566902262423284
598,-0.022354531880630336,-0.27127923293723466,0.2572696446971736,0.26136504256991244,0.22165477251910776,0.08454659296931956
599,-0.04671410160683061,0.11762016711094551,0.13915909464289822,0.17935889231383087,1.507702237987292,0.1871399677009074
600,-0.0091047468151617,-0.011046742607923377,0.06426547474197328,0.07335694170846102,0.6946697015241394,0.041302144591558725
601,-0.03147288572639585,0.06116043321407243,0.03730547778145106,0.03245346911710584,0.5882291165513501,0.04752686410783579
602,-0.04287542739005192,-0.05038891956575525,0.1297136246601826,0.11191301545236758,1.4901423919214043,0.16176188809710765
603,-0.37368025296764934,-0.2618954924315194,0.1187612268143858,0.10311964818843294,0.4060026843065242,0.08138187791376819
604,-0.009874829523335854,-0.02871777253918663,0.059888848506422614,0.04850522776653874,1.026520971963403,0.04609421109104078
605,-0.015419004631488863,0.04040262958630806,0.06494390137811194,0.05884963232877362,0.9580088630176763,0.041719291985185036
606,0.029548569269914348,-0.07161291146242121,0.02101056440244831,0.013983008437194296,0.5190504710859597,0.030755731195146397
607,0.06460229640108828,0.22506366212501797,0.045688082191826636,0.05091722034932436,0.32621266937597215,0.07300119369998867
608,-0.10175725466056527,-0.19685453023559274,0.13927289403577026,0.14286799012863946,1.1112234465100321,0.06732124654790145
609,0.007963906503167431,-0.10449764706082831,0.11529596263295126,0.1614822140749929,0.5087745617616444,0.07780070778336641
610,0.2719579553631394,0.07368225426597613,0.052602491955159834,0.039733041434720714,0.4300362734881451,0.07073423123982062
611,0.004138270183113108,0.07828237704631925,0.05256906272303538,0.04150456361135814,1.017029803094861,0.0505967724919892
612,0.05215839748687519,-0.15567900898592238,0.09020358826555885,0.11576095292618596,0.5357854511789696,0.07146017362213374
613,-0.2587684667903942,-0.0739713471828237,0.06240835662400802,0.05054477950304034,0.248171145592741,0.196016769651192
614,0.03861817915204508,-0.014020849158962033,0.07027927069092883,0.057158068042688644,1.0623694766118092,0.07571847792925265
615,0.0692251540644896,-0.14474160696547733,0.09904308393262282,0.10528475179044593,1.3950472331157657,0.08305334030660039
616,0.01696039792094508,0.294071326138701,0.040482784105445486,0.05084651998430151,0.44135694286107635,0.05637249145283387
617,-0.17098381605181312,0.6286100311677689,0.04240710581561207,0.044067487631354096,0.4931119889542313,0.04729460267662431
618,-0.022053068438447874,-0.01148419557156093,0.09516966595371351,0.08259175727489707,1.3647912727630682,0.09630234866210591
619,0.02701635521123618,0.019675780027697154,0.09258435039467088,0.10207548177530888,1.1379501724241599,0.05341303411120682
620,-0.12567569196317127,0.11079911438084146,0.04108440232108307,0.029589977627279822,0.6833173621009642,0.04206982508413694
621,-0.1697386682617772,-0.029152324708151225,0.054380705324802325,0.03866992800125667,0.40317364402852207,0.04713410530306225
622,0.014224844314827085,-0.08578952230716037,0.04911196314764658,0.04543006211797237,0.772673563449152,0.04811794299836378
623,0.27528123408315786,-0.22529335270649337,0.08086122378019663,0.06637739552082071,0.7935787740961041,0.03756274266795024
624,0.08783237395963074,-0.03228130171888047,0.046301893384929994,0.03456979178639569,0.3900302288922094,0.06604612977521827
625,0.06830162590791997,0.13479389403893238,0.054666515853669356,0.05034111530273744,0.5843249257825867,0.03927814894974298
626,0.7853177179836337,0.25590908825476694,0.0886472182572443,0.08474948598528992,0.17487491368600472,0.08747855435361704
627,-0.05720554919213952,-0.3490221347748194,0.03066302063238356,0.0325396966817967,0.43746446467324224,0.05402483085056039
628,-0.18728433467911032,0.07862986604132081,0.03955798650527879,0.03293412654149594,0.33292202787925856,0.051235629940993635
629,0.038038492387396775,0.32517721671380095,0.038081015002834104,0.03629250940506302,0.7192464307090415,0.03675574089606345
630,0.3812746652448343,0.5621537719243495,0.07081317146711483,0.07065703510039409,0.4909951668247293,0.06478068539525998
631,0.01624979972100596,0.020385386932151917,0.04843524555418944,0.044692925937200374,0.6534035438604923,0.04138750767766494
632,0.19804529692370104,0.18372014747414103,0.05767298739779002,0.042320417386176326,0.8224502058386051,0.06578434005799991
633,-0.11253339755518986,0.20778186807161653,0.17655408022474708,0.2106328474841439,0.3865913185059317,0.08866046017831855
634,-0.006486700364497629,-0.09010548266571067,0.0696323073778014,0.05914085650432818,0.8625326755166387,0.04657892499772551
635,-0.8806038375718824,-0.21629084863545334,0.060259313202591376,0.06012743831805808,0.7291041307454448,0.04041038627264453
636,-0.08703519908921167,-0.08472896649380109,0.05682394817117475,0.04112275890011737,0.8482863928941909,0.041327978634133844
637,-0.23849562989523654,-0.01453382974133276,0.08458615065229666,0.06282537559384183,0.44229251707514844,0.09515618415522366
638,-0.5089982906302097,0.7738271418177829,0.031949411713318825,0.027857455582185428,0.18448239119225246,0.08084051775080728
639,-0.0013362037786844038,-0.11657506980399959,0.0837306540085794,0.09922098834785015,0.4519161604869716,0.06076872567786897
640,-0.1570130143180966,-0.41438068560409175,0.08138972830252618,0.06459076469741307,1.4098183031910867,0.10563231385834716
641,0.10022391363924878,-0.05860276704392105,0.09543670851323816,0.0792960625305279,0.4149609347669898,0.06376547381926127
642,-0.7514500445575737,-0.18524139932398587,0.047528606931501675,0.04522764562055615,0.46460626495309665,0.05985996646544517
643,-0.1167876677539428,-0.015019727009407425,0.09354574574875844,0.09133840407185624,0.4977128247603671,0.07645490370297217
644,0.1296953355373105,0.047782801639991226,0.09015819548132104,0.061620634716600654,0.9073506516694634,0.04266170061637823
645,0.04479605980554362,-0.084067940001749,0.13135629581984076,0.13902788767660892,0.9990095084492642,0.04121112697454348
646,-0.5236754085908253,-0.2967958975281246,0.04132931837890376,0.03664144532570871,0.3860595521018114,0.07615826548766273
647,-0.2166720492409318,-0.08946047720753104,0.19459967602059675,0.17885646910135794,0.44332226323330204,0.13536170142960602
648,0.054352012799637306,-0.1760921669067682,0.08724539698187914,0.08287101707338075,1.108703867219041,0.06139764338181665
649,0.08114119360402648,0.0041675523763520465,0.17126720375803425,0.14413050629310586,1.205870363964643,0.15012814307726816
650,-0.024827343188260124,-0.05718338104584342,0.06401217404538778,0.07419024502342667,0.6050485969553272,0.047648545203860936
651,-0.4493061461786819,0.3145394798901025,0.07420104239509859,0.06837985110770341,0.7257236709722426,0.04192458305263965
652,-0.32516998265444164,-0.031688308233203503,0.303051494974065,0.2517784929301848,0.4032578822744342,0.08127415700215493
653,-0.04755122664213789,0.29386507842925425,0.10571793523309023,0.13746895894848274,0.15027460171958734,0.10074793290781194
654,0.3753122237335378,-0.16716608855196516,0.0596155110813736,0.04264338559927877,0.39663507703645917,0.06103739322661199
655,-0.14624767070776792,-0.016686835358974996,0.059358008843522325,0.03654354075494952,0.8161295493515671,0.04699700738738708
656,-0.09622238114458175,0.042358194511900725,0.15341323120909986,0.1336041679628941,1.3572795112291747,0.16758273196450896
657,0.04613205680937523,-0.08861931401516114,0.093728742505234,0.08945464484904792,1.4255943711926207,0.10203321934939324
658,-0.24903516289935806,0.2020658155402033,0.028568558540893307,0.026411577061517255,0.12982179756049095,0.07419728125153102
659,0.013222829635903868,0.19354158043766587,0.054002362669232605,0.046514538533636206,0.7521594971729796,0.04462791882196279
660,0.016551096838040475,0.005345787733622402,0.09062262209436436,0.0702365900800189,1.0869305974597998,0.11906453346752723
661,-0.053040448856607754,0.02029290572302736,0.07078684850571418,0.050511091130746956,1.3501813039803554,0.0780730277129937
662,-0.269943431618631,-0.3229559192675375,0.04192483613693517,0.03805999512735175,0.3876009712216387,0.05302918271653774
663,0.4366590916184256,0.06149935394806312,0.12343892468425814,0.08946016181740948,1.1424538887538447,0.060163781668467364
664,-0.1412366613330079,-0.04423245299488202,0.12087921487004494,0.12841526034240777,0.40317961253349427,0.15031143966013077
665,0.09305641529330116,-0.3660923574745408,0.0725048072905829,0.09038088443850043,0.548479423316704,0.056078446407369344
666,-0.039341689301999064,-0.25523123871983666,0.03893656242258873,0.0316296826619255,0.7440787180893736,0.03266088537286135
667,0.527312509215731,0.18339048441652894,0.06867524310323563,0.05742223737094135,0.3839206953273487,0.09085788715064419
668,-0.017258643150601733,-0.07611900536115103,0.04045829413262396,0.03360272003055155,0.6131288881061246,0.04337904685666087
669,0.04680271940299474,0.27186659569308635,0.11639438025797158,0.11977697124225994,1.261876954578188,0.1267240157448604
670,-0.03138504890411634,-0.03733186488413128,0.14017115840460484,0.1299259704961469,0.9049778919250147,0.045750393034587486
671,-0.010551694702100546,-0.02691484051264026,0.11448389196913991,0.1024583335821724,1.4865289474294388,0.18393180818009808
672,0.16363819331027948,0.03100583408676256,0.07203287387810528,0.0468712569629897,0.6998465752151085,0.03489716401343612
673,-0.04864935855758436,0.15012383428964332,0.15844321441550663,0.17447405738109148,0.8032286163609206,0.049066919002343355
674,0.4700321613536611,0.3547841937080733,0.1010040787317923,0.09426661503922222,0.20427731225124135,0.07879360534956713
675,-0.05420086179093361,0.033716602429337626,0.03545395976105277,0.028444598577171507,0.4539484992786482,0.04852956648072208
676,-0.00109839155666486,-0.006902057889492382,0.04620783446622018,0.04042886718468234,0.7192710363217429,0.04265255198930574
677,-0.07242620172127298,0.05039725362713343,0.044852044659460945,0.040381312917441604,0.2304671501636607,0.08174859158761709
678,-0.1054308544806451,-0.49886754633069097,0.03841685524157017,0.031787160933949996,0.7186560813095274,0.0409256143038782
679,0.44615152536526426,0.0017104218492176235,0.10982690528867549,0.09773943130992564,0.7633977669289415,0.05565279050414823
680,-0.22251534060966116,-0.7296119730698061,0.06945278940973319,0.06405587199082831,0.6276308626732782,0.04568324494067703
681,-0.0351779865918366,-0.0046623709557651015,0.07325557608020998,0.054743106392287924,0.8309855329770682,0.05072805372976976
682,0.3372947330712436,0.49627394318775936,0.07253435231408449,0.05353168800080617,1.0186197282945413,0.051265305751037285
683,-0.05246867536377764,-0.09712271117698014,0.13556920836508227,0.13473243617834788,1.0409285572278364,0.06755674513593289
684,0.3251927965690344,-0.654425138430427,0.07862359402769677,0.07729793066059698,0.6038423214277067,0.05093307316827677
685,-0.10697632430215909,0.30083828052069045,0.039656089605076696,0.03609043523332535,0.6957099465251724,0.047834911984728896
686,-0.1945541087550989,0.056420172475539654,0.21338276939187661,0.20747388014111215,0.9668753857967449,0.09510352905425382
687,-0.016275847318199838,-0.03313443517457229,0.07882112413517277,0.08108947607352865,1.156801052405823,0.0689879854881411
688,-0.176428457994374,-0.009408713819541628,0.0943566342719508,0.06090252573547475,0.834621405071379,0.04014217004787272
689,-0.08832753173698024,0.09359697880733943,0.15146661206847128,0.17630312781378357,0.5828907183799468,0.06830609072850972
690,-0.0319749825483883,-0.5196267919943817,0.04785461435818994,0.04871089394173915,0.6072412232451134,0.03989990847627315
691,-0.30097756168507406,0.08642590006686855,0.22398274463701331,0.17675024588114135,0.3752538900673664,0.06565598334744413
692,0.32922150239548653,0.5437016940717496,0.03678298560814394,0.0331195634861271,0.3769291257161245,0.07545762294771094
693,-0.13466833424741598,0.06330034975906738,0.05768798192054194,0.03803463169428761,0.6925172701615407,0.035525624359195755
694,-0.028006439532870252,0.031433063795696874,0.17922964207954376,0.18686147925412128,1.2925333198744433,0.14968179774732704
695,-0.018242718761443167,-0.006714011104179048,0.05943576485688333,0.04964506102492538,1.0900261346472402,0.04407304469919248
696,0.06526844295373548,-0.07390788103692911,0.09187293056824178,0.07441029327011207,1.248239162502988,0.13861481309307616
697,-0.051384869894455065,-0.015533997817651222,0.0562417697393904,0.036027787125252765,0.9358655366816433,0.03759205121557249
698,0.04552310000982249,0.6785599045678529,0.036603380768466184,0.04112870409107187,0.41694853045468866,0.05745533260687192
699,-0.1137395698843798,0.30025985337331706,0.03469108382675836,0.03532124276586225,0.628275323684342,0.04272750108886035
700,0.3440830836831786,0.8260005320776344,0.03219437343242459,0.027785231520670736,0.20191458894192338,0.07216307765406116
701,-0.053040448856607754,0.02029290572302736,0.07078684850571418,0.050511091130746956,1.3501813039803554,0.0780730277129937
702,0.039737794716820034,-0.028560466884851865,0.09714499138642278,0.11594588614845863,1.3667758348322068,0.10854118346126439
703,-0.009904703752386517,-0.012344882888436964,0.10249509039035834,0.1073547941223534,0.8733742277731333,0.056060621808993606
704,0.14675783746259022,-0.1021609436113026,0.04458937801057509,0.04403019807029464,0.40367800261931397,0.09305297599422664
705,0.2927663774313575,-0.24829216605473786,0.04173549981637306,0.03898033295546275,0.39634505716524127,0.06289603250257715
706,-0.027195844919974982,0.3060015504216076,0.05472855288388693,0.06123206686821474,0.24368966555945376,0.09428393736069915
707,0.12196178284436147,0.4105317602591971,0.061283679512811204,0.06427420219397924,0.8144694060439882,0.04922693390123179
708,0.1703683630067534,-0.35597607530545206,0.11803437912751559,0.1311281622054878,0.6213665212230258,0.06531611675285669
709,0.23584263452118273,0.39173487837027404,0.148621119182004,0.11950659372803589,0.7941062678970435,0.04641867452783972
710,-0.014685673627372083,-0.016482823653396757,0.05505830763405495,0.052378457816943794,0.2067540022454516,0.15170614863073373
711,-0.19527923948627124,-0.015485040488315862,0.21234650772270378,0.17068743714702972,0.5756743528622342,0.06866999048666453
712,-0.04686803722463799,-0.03832921844286575,0.10414351307974144,0.09063021456410937,1.5319642085749836,0.13762154960637643
713,0.030386807098022564,0.009417361579637603,0.05434663277522627,0.03759619284522313,1.0299934962341228,0.05698432942452933
714,-0.643987105056944,0.16237488311846454,0.04959640722727877,0.0522558256529071,0.12758292866960955,0.0741964950189411
715,0.10767038244947227,-0.015542626886432046,0.06019448722428443,0.035010285812586736,0.8463093849286255,0.05249197828376095
716,-0.13557542438664183,-0.5635082695397566,0.09340442159422116,0.11297055375179658,0.4547035903915609,0.07049158861450298
717,-0.30331260739403804,-0.0398968604451817,0.2737771209559812,0.21148216375691933,0.20521394660050268,0.0671718396019996
718,-0.03280706555893663,0.03384313354009466,0.09548795052309814,0.09119739957680513,0.961156809702149,0.04028984695464461
719,-0.10275248619388842,0.18443646099651873,0.12056046649488618,0.12978387037096006,1.3291285509920436,0.07830029765304311
720,-0.43046514767667815,-0.5409162631620412,0.034266856173280215,0.033214975647582315,0.19978919812625656,0.0908304229320954
721,-0.35207271861382594,-0.46804812447215693,0.05751892665637235,0.05583181703530107,0.9420564572528103,0.040642595756395825
722,0.34809491556555144,0.1743536701595398,0.07335976292033579,0.05396813503405498,0.7342351032374264,0.04064434350560729
723,0.011763228846460323,-0.022173541831901435,0.10109500440981366,0.11182806531525068,1.4405280287408562,0.2628121304054476
724,-0.038763635435567156,0.03328350719094238,0.07348048538626543,0.05406568169831481,1.1900813153597056,0.07643210144166213
725,0.4700321613536611,0.3547841937080733,0.1010040787317923,0.09426661503922222,0.20427731225124135,0.07879360534956713
726,-0.21970185116923688,-0.16816675393181094,0.169449606295113,0.15774901821826928,0.4027977697770262,0.10003636946804971
727,-0.07003000923466081,0.05955061968093632,0.07196427770850874,0.07528217136219671,0.9085076090258329,0.039228831116363834
728,0.04478563860064287,0.033162239650938605,0.02515184869884091,0.01973898028236897,0.45348339297199736,0.03221020340975776
729,0.043448412946806375,0.02526533589760368,0.12030523558896392,0.10537534570251723,0.497768049860255,0.06791737028332706
730,0.0914485922018347,-0.3946392987424988,0.053867907079659966,0.05362587112781392,0.698257837299381,0.03973120788264757
731,-0.13179161923644836,0.06414463249746932,0.1803473904450647,0.14430307149950303,1.5760591599036082,0.26425711057245643
732,-0.08671451499523636,-0.06024789629114876,0.11623970032624842,0.11165228405175139,0.8611326033944413,0.04823648871495186
733,0.32095396395865095,-0.16237279705715477,0.10316331659846566,0.0810150311652534,0.39900780262396696,0.11917511376825263
734,-0.3335130963322595,-0.3954869060531788,0.11646671595498416,0.11713478801823966,0.7156953002393489,0.048633215070880205
735,0.05295300197606953,-0.005716565648446253,0.1010816970839744,0.08285716754446888,1.7989554170655195,0.23032126956351767
736,0.12154610018285295,-0.006607538110295692,0.14475873531501554,0.10532809171424498,0.8091178798429522,0.05251525447751615
737,-0.26735547242391966,-0.11253898431672936,0.028956953017425662,0.02244742654579716,0.30473028212303455,0.09225860613940529
738,0.06290206662389945,0.05887046793004204,0.14129542541247822,0.10475707253774223,1.0608469610240245,0.0790876694065724
739,0.003372715546013208,0.040051581416970204,0.084038309310283,0.08342779834787137,1.400223939289631,0.08660304307035509
740,-0.3335130963322595,-0.3954869060531788,0.11646671595498416,0.11713478801823966,0.7156953002393489,0.048633215070880205
741,0.5964323634498088,0.29820710509847975,0.0488467863592832,0.036435796321693116,0.6317453588114494,0.039922643157897224
742,-0.5400468776918478,-0.04212671045515265,0.122490459879914,0.08255280270069514,0.8167392439591714,0.04227618009814931
743,-0.4114945751145012,0.7175230503329749,0.0389412294816966,0.03686602511837888,0.5765838625455723,0.07188702821003252
744,-0.014352141258791236,-0.02169296652071376,0.08519243917444266,0.0796063925998183,1.4475813124451846,0.18053613339646224
745,0.42119135310304856,0.3919549098132597,0.1174380532726296,0.0833530965567284,1.1339602161549671,0.04486034424667308
746,-0.001202190463581522,-0.0010013730280231965,0.02502335706866092,0.0208615962578509,0.30807683323539553,0.08000310976451147
747,-0.6561783669179323,-0.052029265813295256,0.054425590050766234,0.042947017268274476,0.6170486803477058,0.05124741257752316
748,0.03964168694319293,-0.10581604102222472,0.11670210713621,0.10504349515391431,1.151046482455001,0.052516076523905726
749,0.16357022916714942,-0.14688857382997703,0.046564163571063334,0.028781549910487137,0.8552773148221272,0.04638240862791194
750,-0.548660431141691,0.34757849406090013,0.061575196501336894,0.050981683683468254,0.7866777507688886,0.04145092988802622
751,-0.2137823922921814,0.06359698611418309,0.09705407419324015,0.056926272935912174,1.1143407244495254,0.051718813991558685
752,-0.11803262402201871,-0.05687839213258007,0.14486947380567572,0.1231095924081362,1.137426125767379,0.046859094599854684
753,0.2811492668907146,0.1340822269355133,0.05796069372382325,0.03296023112570825,0.7509287430700816,0.04645235853954983
754,0.3149087002574201,0.46317424748439273,0.09026900478070154,0.08184511737634624,0.9575709813485676,0.04584796864598801
755,0.0001685310867475243,-0.005463463315605053,0.06827102075099442,0.06811589627157905,0.7489366361294281,0.044313623289028166
756,-0.005250565899719618,-0.2386382979523561,0.05839715363691787,0.048179465997421206,0.6834778246448371,0.046200307904155295
757,0.3494612682371442,0.3385431363419582,0.0607864225141591,0.057672244968084145,0.6703773013179134,0.054046919998084544
758,0.010576315982926241,0.023526022397143423,0.04840110488994006,0.039557685505132605,0.8088914449581438,0.03625446414741409
759,-0.004271287081448866,0.05657049080992099,0.08722692976889418,0.11419101110448097,0.3828064845897362,0.08418634056692838
760,0.0008486419361088463,0.009498245831900424,0.06012537352009712,0.04626441391443505,1.150678254078603,0.056820078362059476
761,0.022233803233869857,-0.09106470372929444,0.0745138326852601,0.07037866855066904,1.611406360643362,0.22172376797014456
762,-0.08244031023660874,0.18401906153448616,0.06661518558999788,0.08660203093896032,0.38793169528458216,0.06850178271154553
763,-0.05503339332006493,-0.008820593928860657,0.029440731909060037,0.027227487874348137,0.22028524850439235,0.09325508378709457
764,-0.010752141535484564,-0.23662612002119215,0.023923160083935625,0.022165168837764315,0.3955608815791482,0.04019870511926166
765,0.462144870451014,-0.33264180748338656,0.25265118517996865,0.19509878632433747,0.40793113379456736,0.096395650223217
766,0.16271431629934857,-0.11962371506525236,0.14107770779434406,0.10130040435207492,1.4420662362775816,0.11423527862587135
767,-0.05855209706897299,-0.09311475549021396,0.09451027770748732,0.0809005732082712,1.7499919852188153,0.22100756161616403
768,0.025083303980730227,0.011722211556738174,0.041386174981486244,0.03875988237852873,0.40406552154704983,0.08148077761140934
769,0.5148484928279765,-0.49621823190198183,0.027523834707338473,0.02466934371804431,0.33516393443575976,0.053922766986775277
770,0.01767025810485612,0.13962756048832037,0.10230238330451101,0.12059348584011347,1.0944768802672928,0.047433913527720174
771,-0.11772213825524623,-0.020746012360710456,0.1727705060233233,0.11575948519751064,1.8485857492481639,0.26615472783416927
772,0.0871533637759937,0.11495698473561912,0.10763613645234915,0.11010417855175075,0.41801857369088335,0.05828678997847433
773,0.06827042849675613,-0.1436995201551773,0.11816656852667333,0.11457081705567308,1.302912946876584,0.07566574577923374
774,-0.2816272693580816,0.6401674922455639,0.03376668643105374,0.029295367027477776,0.4483527596034559,0.055918684420236335
775,-0.009508066396571332,-0.29637244600634305,0.11353328981876173,0.11924936941744545,0.3748534346455264,0.11367097071419277
776,0.19731186534801554,0.4215045905244764,0.1313292384509436,0.1265211774054586,0.3052383944910432,0.10032924981521649
777,0.016767336445929714,-0.02127760780771365,0.08574403358644847,0.08951336186385982,0.46055516342144015,0.08010753490759355
778,-0.11247800709959051,-0.03908791171512878,0.09709827746588025,0.07225355399687901,1.0896692355855424,0.04279892866184437
779,-0.04105668573753754,0.08345685946652039,0.1112110311798903,0.11101665215089647,1.3803051892504532,0.0844768957841843
780,-0.007198667642132194,0.1065680080667242,0.07926396430601011,0.07046892584442674,0.9528592983969577,0.03978181062473801
781,0.11033674868850026,-0.1940726730270088,0.09505792413305406,0.08958528481589138,0.7060066591868499,0.0416196378214187
782,0.11478717052768943,-0.20878189837622607,0.025547669683565432,0.02301217603371214,0.265726685188889,0.08101214432102125
783,0.03505634245306008,-0.027124370212041303,0.06940165404740795,0.056174657605857624,0.6219185682908578,0.05038334562377376
784,0.17747597557910696,-0.18504845741189505,0.05048070602362612,0.050081010358958136,0.21851189057265336,0.10661269637819702
785,-0.20041753926840494,-0.23862898362677276,0.09980119117380858,0.08232969589625441,1.2816867873319915,0.08601869658357865
786,-0.025825042551808938,0.01364776155431118,0.08515827517809522,0.07190362896213016,1.122082237998466,0.05364688185792081
787,-0.15481537345776603,0.5749715967748323,0.04738975289730612,0.04861607271831056,0.21901843591866144,0.06595811049023471
788,-0.1245155371300356,-0.06569768356813828,0.0691307498804573,0.05145949390360793,0.38146148535218466,0.07220037797347899
789,-0.17144695869464846,-0.09651229046035668,0.146423792873364,0.11804799771690191,1.0893664405219035,0.0556239950906805
790,0.1669430840435878,-0.0741247485005073,0.12813204722422109,0.13751876774397456,0.43479974800865406,0.08169740138105407
791,-0.00453252124268672,0.008743075839834026,0.13579605840047873,0.1382057628802866,0.9535272418202928,0.052275988414665985
792,-0.026178675565256,0.061485735718393913,0.07027008735046311,0.07025148053942375,1.045197519796226,0.04069842307051063
793,0.018142934921473553,0.0035506565993956175,0.08994942446320887,0.09668521329801658,1.5114470085097096,0.16211614257305268
794,-0.32752800801321375,0.11780713500593014,0.05731127042166033,0.048846168001738195,0.3988578660022729,0.04843502782907503
795,-0.14187063760142676,0.3181056615816914,0.13124563678074452,0.14777915158664812,1.376754844612032,0.09789136335753738
796,-0.10645216597373994,0.6786580706973976,0.036143719113596574,0.04781533927300127,0.3088195516244716,0.06753427519913054
797,-0.30427490814999886,-0.2238639651240233,0.0997881956694499,0.09522562799322322,0.7608823721709228,0.043548750466397126
798,-0.7297304001914829,-0.24460650182882604,0.09075749615371424,0.08902411401523622,0.17966509325273122,0.08869949146709674
799,-0.055889749948183395,0.6776412821467467,0.03545038896957098,0.04153181715728798,0.32646765132915156,0.08040630960243036
800,-0.024716877061285614,-0.022461623668359368,0.06881115713042411,0.06332968249247047,0.97085950404616,0.03909993560018481
801,0.42144587170650233,-0.5528493127674632,0.0613149503307862,0.05854498574322641,0.3638945576622549,0.08476240548372323
802,0.017096581015433952,-0.32369252373776203,0.030981959869521007,0.03166622417341205,0.3757974901043652,0.07074254377465256
803,0.14671983046232126,0.007725775056386502,0.03260819470645937,0.022855338813355157,0.21614218528343337,0.06126090150149961
804,-0.44267435172156655,0.556814950356649,0.09084204103571918,0.08859165814698473,0.3745585362993542,0.08772325229805943
805,0.14989942599622502,-0.26961453104825,0.028654872216140992,0.022951006759539774,0.4932075215010754,0.037575831844754444
806,0.02369514569320289,0.03185351596539323,0.058995162566344975,0.047237999607967616,0.973283841835406,0.05268574781002505
807,-0.0012813231317284305,-0.012258216807040409,0.016673595812051304,0.011807502352993566,0.3667197156526928,0.04284914681685129
808,0.018654700696358002,0.008545545506751571,0.05136112686661315,0.04942096412423772,0.5032000365548329,0.058944136355030305
809,-0.21773052686976826,-0.0546829688539645,0.027279088450030353,0.017443514854863507,0.32607303428453394,0.04737702162315654
810,-0.319519648667314,0.07459430880304507,0.12088667347996576,0.10183555450513868,0.6363648794429291,0.044288753376998856
811,0.020961917856545158,-0.058475277379747524,0.0965083814575981,0.09382476165488879,1.4010885916985438,0.08241633951022855
812,-0.2291388686864214,-0.14923330667087747,0.07373824718566901,0.05537507019063466,0.7686940005001659,0.04558749313241961
813,0.16796843792214092,0.2589640607601352,0.04991623809525032,0.052838607680119276,0.3886380961464235,0.05908629775714037
814,-0.0091047468151617,-0.011046742607923377,0.06426547474197328,0.07335694170846102,0.6946697015241394,0.041302144591558725
815,-0.02221786810234574,0.09519752884732521,0.08807762216417908,0.08031706931994788,0.9816204455234578,0.046744963361404046
816,-0.02535472632149913,0.004234932044512399,0.0424195417258956,0.03104467453879849,0.776801530597745,0.03655586514603978
817,-0.0017222644663196552,-0.06165562100819225,0.038442250128515626,0.024733008947205586,0.80281054771626,0.04112752816154535
818,0.03760262088961648,0.03211712343791464,0.09319459907292753,0.08107777369541208,0.28566404262054884,0.10583347136160492
819,0.10370964757235869,0.014517908482779064,0.07936612648960845,0.06578089801108662,0.593036432165637,0.058398350314189516
820,0.3829509859050682,-0.041223239984497666,0.05482036360966395,0.03265885481308979,0.5227987326005801,0.05347386979924014
821,-0.19743533372618116,0.06666605629815239,0.0536570983380394,0.03937374600140378,0.3845692806342675,0.05490615287281385
822,0.011920779029914005,-0.0055168877799880115,0.07440229844582683,0.06605896889446809,1.382962059447308,0.0856914113169914
823,1.4472299707280227e-05,0.0356902579112621,0.035599145878797575,0.025292480901320323,0.8213271178061986,0.054286514615951326
824,-0.0787019650658356,-0.04341182338165311,0.07120214374721606,0.05435623519437189,0.7620858199029907,0.041969057273548695
825,0.0475463541410924,-0.11207912492388593,0.1131498159913762,0.108827567341618,0.6360371862931137,0.07300260321571124
826,-0.006142875668548418,-0.0031582920303396406,0.054907891730170445,0.043438212317419546,1.035522708979649,0.10244250453326482
827,0.306030479454718,-0.518718093407885,0.10790202224742258,0.10237596978727835,0.6557712847335375,0.04422953502945495
828,-0.028083577617147304,-0.04644223926295378,0.041095611474136116,0.03242249571437487,0.5080076243658268,0.06492581638987249
829,-0.6015808705379514,0.24432487507427914,0.08156441944883797,0.06913780305616618,0.5809037094608994,0.05542531493200522
830,0.08960629319012896,-0.6775231346656949,0.10113556270859529,0.09682417558916949,0.2745495332548164,0.08903682102198326
831,-0.006109728628492264,-0.019958951446121677,0.025311415470252892,0.026625585469704324,0.31340193569380304,0.09795485295548925
832,0.02575629630027851,0.08875843411030201,0.06926975399366324,0.0780222317889514,0.40027533218463635,0.06471782831906123
833,0.04028853921355281,-0.05520064610190097,0.10370887321895522,0.09194799296621246,1.533645559846492,0.18488523783243058
834,0.0015438546351430715,-0.023830026866634615,0.06203187999726268,0.06972332170871495,0.7024620478575415,0.04659668685223925
835,0.08237217737241057,-0.13291331210694526,0.03139339019688505,0.02777162917670456,0.39833253480681113,0.04063839587933867
836,-0.20860143384340274,0.05073318427919321,0.149302977901886,0.12913871941919794,0.11960436370575965,0.19886720141709097
837,-0.05242282789449521,0.006457246276318674,0.16740852656560554,0.15645461826522636,0.9684105453468721,0.06648224282278058
838,-0.07457120138132944,0.15044802779355892,0.058297665477876154,0.056418651828667093,0.7838295887422211,0.04418370260124337
839,-0.03013554880744426,-0.059488376573772664,0.03799752803846169,0.03552576841963042,0.5889428895719039,0.040774339135948495
840,-0.013824241408054381,0.09395180424625758,0.19064389956297156,0.24099640685857882,1.3872570626504606,0.12584212429205033
841,-0.1305227670304868,0.1331314605559874,0.06906246799487023,0.05796565315796906,0.17300022860631642,0.05194617120756804
842,0.11532243031294706,-0.11629902810257749,0.16604652502624204,0.13191550115108736,1.3373634653399327,0.11243080059116062
843,-0.03694235914782159,-0.1811899139743577,0.10697542255001148,0.11222841714285975,1.95493267050489,0.2803290206475129
844,0.7424277847610538,-0.5594096898724322,0.027011515822361287,0.027336381411336,0.19082348049869485,0.07853387702731518
845,-0.0382723605744373,-0.020238102678967043,0.054635454712078375,0.0478778531290689,0.5752136138907623,0.04655309505106617
846,0.05968587472809759,0.0003505596062864432,0.0509234012465584,0.04503477884670014,0.2707644469801452,0.09724312532753789
847,0.6137803544302578,-0.5813481784888298,0.04150247794650225,0.03921801488949018,0.5941092119372701,0.06420118333072768
848,-0.10900832404539255,-0.08288702252511408,0.0872468283464422,0.06420080640604643,1.1263441205243343,0.0571510441002764
849,0.04808905201638217,0.1265801514910759,0.04527214256362719,0.03180948214809316,0.7714060481883283,0.03749528709937862
850,-0.04287542739005192,-0.05038891956575525,0.1297136246601826,0.11191301545236758,1.4901423919214043,0.16176188809710765
851,-0.24978826514856747,-0.310078980103395,0.04240872384272243,0.041618605632068276,0.3746663886629871,0.09661706634978458
852,0.0914485922018347,-0.3946392987424988,0.053867907079659966,0.05362587112781392,0.698257837299381,0.03973120788264757
853,-0.3297903123570356,0.003009386434608666,0.12939221459114494,0.07762315642247929,1.1154236212549855,0.050077569265516736
854,0.021771633098289254,0.0496538021892029,0.07371893305777974,0.0768455704545266,1.1156261674379764,0.05719098863248533
855,0.0006937300572806132,0.03408490779837964,0.11187033761207825,0.11323426584559515,1.1105521325749024,0.046246223925039825
856,-0.747581758836589,-0.44853368842768465,0.06250796235641888,0.06522065708475534,0.6479645071381317,0.03824675418060333
857,-0.1087339701051565,0.15196343968853918,0.12850904787218365,0.1189055454198251,1.1128260418181792,0.051318138271900335
858,0.032981619690331296,-0.016137677405435775,0.08920830531767746,0.0653534390122089,0.8789358211237057,0.04489857531537064
859,0.3820999924931635,-0.11792048290102618,0.04431612920411532,0.024248958751517048,0.7220197669556244,0.04120534468520262
860,-0.7454452332928374,0.5560122740751118,0.06005182586075766,0.05487734869283388,0.3765620769910109,0.08225881936069487
861,-0.015084019705535514,-0.00541392912397536,0.05519272485073535,0.0446573744353379,0.817125900447713,0.04254404001036672
862,-0.5300814873192445,-0.11106346073494021,0.036661085909789545,0.031186228749101402,0.24803016021102708,0.08373818372875927
863,-0.5825007831903589,0.34412844483199806,0.05326969164693315,0.04159169946128698,0.8188266141272326,0.04304098003902354
864,-0.1137395698843798,0.30025985337331706,0.03469108382675836,0.03532124276586225,0.628275323684342,0.04272750108886035
865,0.3723647186875179,-0.6830857344928171,0.12468429015609224,0.13344951620134082,0.45050108304089753,0.10861620494956632
866,0.17998349617491813,-0.5014244230370275,0.06055007518803111,0.058003198334370294,0.7687344939134438,0.038192996676761
867,0.2336864317673954,-0.12074399723125201,0.08907824575869432,0.08122399622959328,0.38614146422047085,0.07396847456645676
868,0.3829509859050682,-0.041223239984497666,0.05482036360966395,0.03265885481308979,0.5227987326005801,0.05347386979924014
869,-0.08278802324169834,0.07152213103371877,0.09620032195179219,0.08657621348212742,0.8669540459342242,0.057908840525468554
870,-0.12316808275702405,0.23502916481727312,0.09468434307809871,0.07827838997378736,1.2460315348999944,0.06250869405705588
871,-0.11853196811675347,-0.0072129567720401145,0.1906790001820598,0.1986953333411443,0.42333133919499866,0.07359233308196506
872,-0.10552889654416699,0.025771090385738944,0.044964694677897106,0.02499168635710842,0.7257869384653842,0.03532935231268553
873,0.1821655105907793,0.20008547898608364,0.1561922096572746,0.15771097257949998,0.9056511517926001,0.05170947879090986
874,-0.1509975852098776,0.32394998711396905,0.024570375876017955,0.027449035296647058,0.28076382446105846,0.07468008650895026
875,0.014920065942288735,-0.0005222967974142911,0.1177472081690955,0.1311670498664927,0.3132231801061205,0.11226230697443478
876,0.3261764876377992,0.10486416269489274,0.044640248348630875,0.034829092721769934,0.4111820688335412,0.05447418229328784
877,0.18226177262378243,0.2869466036920854,0.07888938844110431,0.07845101345124464,0.16540141604936176,0.07334786381210273
878,-0.015234542809819578,0.0059077791845709455,0.12208357813247604,0.130907760451239,0.7506194538264388,0.043287932426299545
879,-0.026870187627352018,-0.024859941563767696,0.05148108992539367,0.058549803405468996,0.3829238206625558,0.08068538221725617
880,0.02662862015250299,-0.2549816857300383,0.07858769992875915,0.07738745341704059,1.2932681467709615,0.07342258173370189
881,0.07734453702057008,-0.01558935971122928,0.09740996276546851,0.09592203653220989,0.887293861217469,0.05040613552487944
882,-0.09670622652134304,-0.043754430706946526,0.03660821784805719,0.031199076347046134,0.14036319342113998,0.07774931541992866
883,-0.5416084666685883,-0.2559452337779116,0.06683520164677811,0.04565718771434608,0.6940375703613315,0.06817256919126946
884,-0.04293737088431198,0.14475791157344714,0.13664889410096134,0.13722543925921465,1.4516857271699954,0.12633164873803485
885,-2.816099805680425e-05,-0.01617958192217314,0.08273114882835977,0.07761952535124948,0.9401572481342834,0.04707212955313075
886,0.05090946714443035,0.11513280878428002,0.2030526744454388,0.22453979642855657,0.6260370048369881,0.051785988760523476
887,-0.1434006438045084,-0.16972998723936508,0.1296234959641527,0.13579189221651325,0.44662975512647135,0.08064293076649778
888,0.08199914694306892,0.2629645633374878,0.06344612146415793,0.07006099652577628,0.7336929261329562,0.034918193499146245
889,0.11245362199145618,-0.32526614181875213,0.10231484320103704,0.13055892797945687,1.604036386808984,0.20074079195263173
890,-0.02915506132625487,-0.024338674066739327,0.0686691755926281,0.05206499273280893,1.1474501337827436,0.06307351830295505
891,-0.012860077275459078,0.0408938960439718,0.04710542709852153,0.033583705151685316,0.581524099719613,0.0493571430680683
892,0.04782170365733958,-0.05777033265522601,0.2202503957528795,0.18367104880724822,0.4935562301375923,0.1430143052594684
893,-0.03880684422095241,-0.0025580344940906493,0.0816848543154329,0.06888028347568875,1.1326154098225878,0.05597582971830224
894,0.010690335502476233,-0.017824999333386802,0.0442608929108672,0.03549897315344742,0.7525382426470171,0.04038299872508105
895,0.48268676982431497,-0.4498094974678079,0.08754390356790664,0.09003474443528674,0.5776967822493444,0.05862606397339019
896,-0.0751466193713623,0.10019001036566884,0.07775800885662891,0.06269607939392766,1.171372031011686,0.08982904763290021
897,0.036574762998364416,-0.0014241140242679928,0.047071385058807216,0.04044775056155158,0.6188626193888598,0.04092807870578944
898,-0.2329594829218316,0.014161262657495658,0.02362489346476314,0.01878406264656057,0.1491244313035163,0.062462362397357
899,0.47741383580638297,-0.4314429612867587,0.049211779853543414,0.041370328900291534,0.6623281711364857,0.04242491463795568
900,-0.05273326802514592,0.0731397487302227,0.06575313590078805,0.0643190829319835,0.3722174771752562,0.06843563998570552
901,-0.13912742860642544,-0.2935685497174219,0.035000183951367184,0.035608467692940356,0.14715101002868247,0.07047848681030516
902,-0.3601644491906639,0.36057427181499246,0.11626842027541855,0.1086254463847812,0.40031665710141123,0.06470159170889023
903,-0.1647072157865647,-0.23633010341025817,0.14788494286166035,0.15537352279496372,1.304080479891919,0.10609487056773438
904,-0.10944455372042691,0.141779048413243,0.33795448491124086,0.31908850189564525,0.4482929627493505,0.3452489977760934
905,-0.1542341974845615,0.3701819039999208,0.14394153150406427,0.17344752108132935,0.8987484166054861,0.0412373609088464
906,0.3392174280115821,-0.3163266045399485,0.14558379267328156,0.1430645846669339,0.41312740219826233,0.06501844258368576
907,-0.13481911383998144,0.036755610896842844,0.04153732695478806,0.03660513166235439,0.39798394663309966,0.043032555097580784
908,-0.010058649891244808,-0.04923451534144107,0.056250735732726466,0.052570211478255774,0.6218011794698424,0.05156966659295596
909,-0.026046932612009126,-0.013760538413778807,0.02742998770740374,0.02078756873002107,0.4421273180376462,0.03469810010296726
910,-0.10564101280538886,0.2893278421509065,0.14280075243254814,0.14674288691562848,1.1763753983943523,0.1089156334591158
911,-0.05062937847021393,-0.054568586408116085,0.07287676681315237,0.0790839410642332,0.5841703046491896,0.04875899829508726
912,-0.25533289577736673,-0.9020822340000343,0.03468126461849302,0.029111611007131808,0.15130533607664126,0.07858890523317011
913,0.31575266772895266,0.18505945455173425,0.10875390846467096,0.10852204193148991,0.42561669504720656,0.0866751168088745
914,-0.039341689301999064,-0.25523123871983666,0.03893656242258873,0.0316296826619255,0.7440787180893736,0.03266088537286135
915,0.0687553586856218,-0.08398944353635497,0.060724663635422865,0.047125390475006704,0.5600472911143975,0.045095272845475175
916,-0.8199323999141571,-0.343765053234732,0.03880465399833427,0.04642586208064732,0.2951661459962188,0.11531955554748832
917,0.3494612682371442,0.3385431363419582,0.0607864225141591,0.057672244968084145,0.6703773013179134,0.054046919998084544
918,0.3801220888469705,-0.6962373301167217,0.1000173925550769,0.09024661448686276,1.0369915294694194,0.05886479208216137
919,0.48268676982431497,-0.4498094974678079,0.08754390356790664,0.09003474443528674,0.5776967822493444,0.05862606397339019
920,-0.11064121637526586,0.19132582684288926,0.027445827931978792,0.028005639968885783,0.36591964819214706,0.054683227925057115
921,0.09922494645842991,0.052116523239765386,0.10482567875487606,0.07171018759275564,1.3475623831873849,0.09511193032286723
922,0.11934770354365143,-0.12525815619378636,0.09137842093245263,0.06117798284945661,1.3070522642866593,0.07756131376076797
923,-0.20629387933440746,-0.042028565685627274,0.14293819305716787,0.10007313845370219,1.0047817338850842,0.085710575106037
924,-0.0751466193713623,0.10019001036566884,0.07775800885662891,0.06269607939392766,1.171372031011686,0.08982904763290021
925,-0.015954637756087603,0.066912629574094,0.06591746583832209,0.0821570428712361,0.6331572600132758,0.04518751271713988
926,-0.05098664879182689,0.07244965102282312,0.11528481291189474,0.11185019592953797,0.11446305090261116,0.19412301717966646
927,-0.04930288336349563,-0.020494000044751912,0.03157534584300863,0.019536903691536715,0.4980791134129406,0.035247184456160395
928,0.035510121117038176,-0.03166124020220975,0.0574892829982353,0.06213228939491221,0.626751469599601,0.04404509180514123
929,0.40432282096800976,0.08302883318713421,0.11653885520696154,0.0755692171884867,1.1351144287741621,0.04279906288828524
930,0.6553399746713413,-0.2264266224066001,0.07588261777144455,0.057660426832377244,0.7757679904724312,0.04861024213841383
931,0.0014591144604451983,-0.33021000486274704,0.0865552562820617,0.10861693645407028,0.4538514145737078,0.07180144027261048
932,0.4555779543094915,0.6033981201609095,0.06455058785700313,0.056578095326399694,0.8100454787741611,0.055098028947830474
933,-0.004069701398303237,-0.0437103305426101,0.06208425370687126,0.05597646115486277,0.7029758829008114,0.036607085836407864
934,-0.10138231799781065,-0.08563803248341842,0.09622023041551463,0.10416544940965689,0.40720139435647995,0.0855274212136827
935,0.31346318394107164,-0.6493255492288773,0.056836204503097315,0.05012990347476227,0.8669075732313466,0.04323864130496562
936,0.00845964545336241,-0.008388057840032681,0.04928782290787667,0.049784729439436896,0.4433215196921842,0.08715506796987259
937,0.2678796959509722,-0.23355191768120018,0.10488319315836828,0.09380025921516909,0.4291465072666354,0.049968542960447525
938,-0.029040545609251057,0.007852001155099925,0.06611753715009412,0.04502036113840785,1.6343758604368703,0.16460302789042378
939,-0.041592303247309864,0.019679363131159353,0.0647803049020741,0.04936708154208153,0.5650492535347796,0.048820541029726064
940,-0.010058649891244808,-0.04923451534144107,0.056250735732726466,0.052570211478255774,0.6218011794698424,0.05156966659295596
941,0.35643893723194076,-0.3778851766874286,0.05914536714601287,0.05842894242873214,0.3847738240406868,0.08331285912987982
942,-0.04603215292868529,0.04878683847107438,0.030575833476623848,0.019593201707175982,0.5418095703367983,0.05795706295524377
943,-0.03297270077376986,0.1548585916093673,0.04383127852110246,0.029995785170082234,0.8714002415965728,0.04711443978742198
944,-0.22644058436078657,0.04934990318757131,0.21065767268215,0.19138411723195928,0.09268803312559022,0.12358827183187009
945,0.07869893372387753,0.20042967427366298,0.07038950036900228,0.0749058627087851,0.7827751690334167,0.03521969878327214
946,-0.6059895819282903,0.043897959323307915,0.031957932562489924,0.027123509893641897,0.24861470747102238,0.06892814720514862
947,0.2059677442481013,-0.1794777076274984,0.11379742000544898,0.08590588347233878,0.9861564872690534,0.035909188548044285
948,0.05201728207444471,0.019879810083007363,0.050847453066862565,0.03216535025386797,0.8944801547030187,0.04760937300984576
949,0.18471482307167017,0.09133888227223057,0.13467961248684973,0.11774926270698567,0.6363267587200556,0.047626942007638354
950,0.030617549848919623,0.0999293352824729,0.14288641241377076,0.13588435888504538,0.6709032901353189,0.048923423309336786
951,-0.006313939182108219,-0.03013650178252302,0.08194824815304805,0.06904202684457507,1.4261652817580963,0.1554570058513221
952,0.45046623034542116,0.02407828016783766,0.08136345866603606,0.057856056149179276,0.7770632445595448,0.05187104274962532
953,0.0038528060297412393,-0.0018900070224384183,0.015603779644033791,0.01294846728673713,0.21896000548140027,0.038330604540339555
954,-0.0005623265924143098,-0.06864209534335906,0.07632358426892698,0.08139494492475774,0.9462834358142859,0.05558083212826875
955,-0.02820623460903364,-0.0112151436220583,0.03326615854246468,0.03036137043133043,0.379905768358811,0.05760947137221913
956,0.17831781969767022,0.16883034277105335,0.05911285961216853,0.04182352480199966,0.7923135772235557,0.04765028651474533
957,0.34428790429706807,0.016795709755267382,0.039302196782997366,0.023257032717414104,0.21086411705292674,0.06261434857719404
958,0.23579473897042974,0.7739644973162026,0.08602325420796886,0.0767689770339452,0.41698923129294707,0.06844852854501858
959,-0.014432532797392457,-0.034018818692239806,0.08813524274944047,0.09107118247840927,1.442539011842409,0.08463604947583572
960,-0.2535093832447312,0.054317920642822926,0.0340912511259357,0.027597057205697873,0.250636097758391,0.08385281753755243
961,-0.7378353154041092,0.29700553249012296,0.02996163712439366,0.027864657100498215,0.4243431862992071,0.06651082746329033
962,0.24252285036952925,-0.007591493054201597,0.096233181264073,0.08674587329031701,0.13208731521594694,0.07138279175217321
963,-0.6514045274429605,-0.03456769812918611,0.04074316804313934,0.0314978191012111,0.4182861984058146,0.05550515698346721
964,0.045115169720270465,-0.13925011716452396,0.03566509873646352,0.03465659539558198,0.36761844327742044,0.07637335473869974
965,-0.46606200590143715,-0.3403821851819723,0.07607656438861811,0.06780643484610574,0.7669711331350684,0.03860482181769087
966,-0.11453437374755067,0.007868332101328106,0.1457020007575303,0.12721243537875368,0.8254744462658472,0.04509624518735383
967,-0.4224281853991081,0.15408523945791622,0.1389628428729803,0.11105725569238915,0.8008519510786152,0.0488315980559812
968,0.0004683487760474166,0.02319703080522234,0.09098997262298768,0.08625236049485539,1.0906554432483284,0.05839517034975593
969,-0.4669019943536066,-0.36326533939424727,0.05210327948258359,0.0486084351220468,0.3975361360132342,0.08998928561458085
970,-0.34622221603610936,-0.3273749975735402,0.1004021036271057,0.09705998285332292,0.3908181648298286,0.1186217220978294
971,-0.6504273425086898,0.04806166962944701,0.03996976165557528,0.042071610331836574,0.3087701729933913,0.09130846420850323
972,-0.003076542291539186,0.055485601709417964,0.04189828938314006,0.03425248109920546,0.57353167593104,0.05158615915903275
973,-0.09299666875547007,0.2667793696031513,0.07939148194678768,0.10288267729649724,0.7015837865794988,0.05353691979776631
974,0.00495848860597223,-0.23720170977676122,0.0627124964672213,0.0532148526791898,0.8422702978569179,0.04895714820355997
975,-0.03224738639421172,0.006290680613496866,0.06135984922452394,0.04365821565490592,0.7355660077792958,0.03608270782656221
976,0.11484401662983587,-0.2618250814271563,0.1184479860967915,0.1320895899801605,0.7723009511361589,0.05224975747034871
977,-0.20107179601125316,0.08721402339564487,0.11664501228766548,0.09880033685175749,0.34987614932526717,0.12051573590657885
978,-0.07611133590887845,-0.03424989684286602,0.13534902162813828,0.13092335045846737,0.8383084874625352,0.0605852110746148
979,-0.0011806516731896523,-0.04364266561641407,0.0529025300132665,0.035281891102442835,1.1107054585804048,0.0498515889849322
980,-0.31838193243046603,-0.46871106958096836,0.10941219420072165,0.12142363619653711,0.23191696201909756,0.09025427898546017
981,0.354038656258153,0.09926252213413055,0.14228960990188377,0.113735059757831,0.9520920967757488,0.06520678746593518
982,0.07272535652375166,-0.35914047230950125,0.07618545199283543,0.05702053168344523,1.1785696832749417,0.08551052103797761
983,-0.009153747412618183,-0.007518437042957411,0.04651094286677645,0.04262168271538971,0.5027893555582716,0.050387121261282745
984,0.33307631992623854,0.46464679206454507,0.1151524166068529,0.11115511375199348,0.8699395405571898,0.06352848869879488
985,0.1178170228295941,-0.02017930382326956,0.1388166965109549,0.1432227433653703,0.4630660281534962,0.08882144627295488
986,-0.02511286257767666,-0.06653714035775056,0.10943650129741278,0.11353555996377225,2.034988246413403,0.38134107193300876
987,0.07013357624455582,0.2246129479243837,0.07135958130571741,0.06502225388734928,0.8821450325737951,0.04146827611663601
988,-0.2592248387847735,-0.3783235323005678,0.042758813539961076,0.03372138584584206,0.6687919932811254,0.045515532604688845
989,0.02077543764488877,0.03941175161705972,0.09699790453162063,0.09112187842700094,1.6849775383807821,0.2244925189804009
990,0.32749292255034196,-0.2105145938275653,0.07317141608379066,0.05174367397503223,1.0588452406924613,0.0544116318249849
991,-0.05347174802729085,0.019207531238858065,0.08029115720912519,0.07319539134745164,0.303995301195266,0.08008115979579625
992,0.4182781169199101,0.5075541869043513,0.0733157871034539,0.06195321493411562,0.8716545894061376,0.041076414948280085
993,-0.03065019759466016,0.047160769794133556,0.08614031657795138,0.0890198794982129,0.11234930445989508,0.2034283112668378
994,-0.013824241408054381,0.09395180424625758,0.19064389956297156,0.24099640685857882,1.3872570626504606,0.12584212429205033
995,-0.07382226721935614,0.08249259210116586,0.06911187110608566,0.056169608913098176,0.6833047791850207,0.04847640436416499
996,-0.039942056691438785,-0.029762195491570935,0.0827212829033818,0.09261068284237456,0.428105733045478,0.08542152263220136
997,-0.026046932612009126,-0.013760538413778807,0.02742998770740374,0.02078756873002107,0.4421273180376462,0.03469810010296726
998,0.018063406887434547,0.12242973831161906,0.10520680261085391,0.09582984037667945,0.970698398488276,0.11443166749592347
999,0.06683685445189702,0.2083176767421345,0.08474983264129445,0.09796636152403075,0.4588789818887534,0.07582484802875565
1000,0.14855079106611596,-0.04865687365817678,0.15643674802136906,0.11824705731954432,1.1332733695799635,0.062490508660093494
1001,-0.00042104367715266084,-0.00914534800074494,0.05343518612398745,0.050562713032431525,0.903187040366143,0.03935181642277639
1002,-0.10324813557309624,0.14004310760771138,0.03923628338595249,0.03703748676835292,0.41363716940365614,0.04454092170061426
1003,0.14552656319489152,-0.6550679544026775,0.07396119464358493,0.06265885062639082,1.1171111409110392,0.050785380779478494
1004,-0.07241230658616885,0.04170848640336758,0.10819704443531984,0.09507195490033427,1.4927045660599525,0.20667180955752387
1005,-0.00940631291517705,-0.03623064023523553,0.05822032982032476,0.04711096103397265,1.0666645400149635,0.045529108184987024
1006,-0.23017946472250722,0.2677749505519602,0.1554458946384839,0.1418816984665456,0.40084343853198373,0.13160967237434812
1007,-0.018880472434778056,-0.17655988634858888,0.15950621868657588,0.17656786722736292,0.49714311194080407,0.08468427301829283
1008,-0.1742473487559951,0.029510285685875284,0.2549831124188327,0.20611596562048537,0.6608398811575824,0.07117958267327797
1009,-0.061189868039373985,0.014463610243435088,0.11540578242925868,0.09173409295053053,1.4372186715135966,0.14007569532871114
1010,-0.11670484591022183,-0.44431685087320394,0.04260178760456528,0.034681709865823786,0.7538671327752711,0.035975527813036624
1011,-0.23651877219775924,0.041519014652242864,0.15410992416234534,0.1116528560179884,0.888547703506686,0.04012265446684683
1012,0.18597472127005493,-0.09499743504540818,0.07992885073783254,0.06855653600584805,0.7457545950448292,0.03900834631472267
1013,-0.03681107572926416,-0.10684840579963133,0.07307631836976483,0.0716754221595802,0.5835877109244987,0.061109285760669825
1014,-0.0004622628132001591,0.014381385665713333,0.09499951887671647,0.08107697482705951,1.4175060613717234,0.10813607679266267
1015,-0.01622886658371558,0.008543385681338911,0.06912042129601095,0.05844640500542703,0.82328162515497,0.04918696107029723
1016,-0.0796079293351551,-0.05911441170447705,0.16333079656831176,0.1316504466748671,1.6434553572359563,0.24633279483387144
1017,-0.003568997044024042,-0.010724130552493211,0.044387867083281456,0.0403334192599379,0.22806251707706676,0.08165719398546617
1018,-0.016347695426882285,-0.024255675272388675,0.054247757087730664,0.03440470963864865,1.2725446101464082,0.08438894260681377
1019,-0.06699566511984073,-0.03998765545592655,0.0855563222750024,0.08944042021565994,0.36703407525044923,0.09957563830711938
1020,0.4663091684763431,0.09918287020264933,0.11697049535718855,0.08313619725228104,0.8614299549106964,0.047167610878595084
1021,-0.06409771684363018,-0.043039547316341506,0.11753094883934781,0.09985204889358076,1.4393770492056235,0.0947962496804668
1022,-0.06286018872518397,0.5969668377735747,0.06219737497605706,0.05748046677564762,0.533917854139934,0.0873890861251755
1023,0.13564812675849333,0.07486069872744898,0.13147977488501672,0.12179297504079678,0.35396504012874797,0.10786503469585697
1024,0.07097606836407441,0.2840177249219436,0.04293495374765436,0.045815214220114114,0.39969066201901954,0.04243267834799969
1025,0.14877176282850066,-0.36688749760646655,0.1017498981429007,0.13150260928497928,0.6817917931643016,0.041791847772253594
1026,-0.016053226931929794,-0.23108044415005832,0.07714747889255244,0.08079532379583225,0.9478374909295323,0.03760348600412618
1027,0.011807549739255555,0.03968974136425301,0.08855712207821888,0.09178221835310484,1.1520893526346776,0.06731080482756935
1028,-0.1189328641607146,-0.10254695478663038,0.09839575628982938,0.09749802290384893,0.7499295119404839,0.044346840032623305
1029,0.2811492668907146,0.1340822269355133,0.05796069372382325,0.03296023112570825,0.7509287430700816,0.04645235853954983
1030,-0.13735720853419162,-0.5447271612063588,0.13439196862128697,0.15962717527263456,1.4778225479734826,0.23222056720049256
1031,0.21571886998747455,-0.27920397864323915,0.09778245392922583,0.08683495701037844,0.6402999992843278,0.048397666616843665
1032,-0.03694235914782159,-0.1811899139743577,0.10697542255001148,0.11222841714285975,1.95493267050489,0.2803290206475129
1033,0.04232731780129361,-0.05062094796345204,0.06726787147697642,0.058645630377069144,0.5656661033603021,0.05277530517736549
1034,-0.5813199537647018,0.08811613897617154,0.07090001366740976,0.06042554177908062,0.5898515245542054,0.049837802063873046
1035,0.021545458221900488,0.005250941920290757,0.06400070458460291,0.04834824029254008,1.3982370414582652,0.08059551594946274
1036,0.022380191674983688,0.04931045318324585,0.052624779715502557,0.05173006038751595,0.5771501003188866,0.11143380965478328
1037,-0.19172789212681007,0.20572204573413072,0.07272764637537116,0.07176785392037108,0.07962331642803622,0.14097346513553025
1038,-0.2773598642192871,-0.08887917641928345,0.0773337067880304,0.05263454401990873,0.535501083325107,0.05242560099617271
1039,-0.04535403994802992,-0.09621084096102873,0.07579637946220576,0.06702256511786511,1.1053516441829934,0.0401780914416069
1040,0.007725533345561269,-0.045870736560610414,0.01934153990031406,0.015039509901795653,0.40444144272843563,0.037641594366040074
1041,-0.40844069385214676,-0.63832171869547,0.07152543698375483,0.07414122133971073,0.3885400446036843,0.08392603851397726
1042,-0.4566080178382494,0.292251310526142,0.10370979224331427,0.06521467765687793,1.19487843434427,0.08409737278410552
1043,0.026392845348177693,-0.019408594863980416,0.04030411151957241,0.025916862382742975,0.7578510316835457,0.03940991472072787
1044,-0.03547855204782714,0.01713329151704538,0.05617058603878443,0.03838408238387233,0.6507002389157714,0.06982840086432983
1045,0.10071028931602664,0.13046420213092164,0.06640045164133197,0.04563103364973742,0.7988504915564812,0.06350040667374379
1046,-0.23691986085723887,0.023830461929712117,0.13904457858801397,0.10031046046543862,0.24772921545177967,0.12426171915677969
1047,0.0018705695018351968,-0.04388123513347797,0.09965933274941892,0.10173217370098994,0.4070802041191987,0.06344710593254817
1048,0.015959892252062416,-0.10258203598442069,0.06938474865384411,0.07454117255032824,0.290650179665024,0.09798494015009256
1049,0.4143549232407289,0.005686839994868046,0.13831764849048012,0.11304222612159068,0.3251633909537444,0.08255653774296434
1050,0.14426922617760363,0.2400321493046475,0.2869888799077968,0.2845294946484982,0.4450779576352959,0.07378120955973112
1051,0.42144587170650233,-0.5528493127674632,0.0613149503307862,0.05854498574322641,0.3638945576622549,0.08476240548372323
1052,-0.011215570889207162,-0.027895182681175204,0.06938070911405436,0.06089256088861747,1.1125991607953034,0.052870304437842706
1053,-0.07318120930480987,0.5470592579194047,0.09575888385229593,0.10206884286819158,0.743148507873033,0.034387487291717915
1054,-0.36360237361361025,0.22650467346756673,0.08096231388952745,0.0726199523711521,0.4204193788044823,0.06315401905766113
1055,0.8803002858374107,-0.007870463131939712,0.03118567036126787,0.02491245786766582,0.16024738706941288,0.09844489063921742
1056,-0.1387312314728148,0.23273351287803878,0.0786674944933457,0.10003114524030778,0.5636872636313462,0.06553230615699537
1057,-0.047224365039155995,0.06277547967868911,0.05355812996212659,0.055797838176602596,0.39052387442264286,0.062001612998597695
1058,-0.7199571133840911,0.036598130302777365,0.06276847536581308,0.05140029596763525,0.6283885873085416,0.04134376360935799
1059,0.07388678241835463,0.37578609650525935,0.12332404617228652,0.125250980856371,0.37720231251940867,0.07392664147935264
1060,0.3607959720917645,0.2343720305300432,0.1335251609374807,0.12740952646512663,0.553254856535173,0.06011880349856865
1061,-0.011458122802646345,-0.009308070989277314,0.07316013200120583,0.05595131649333966,1.2657147046730042,0.09366775359501778
1062,-0.0032625415917077885,0.017305276802980614,0.04641770641030804,0.03749903307181699,0.8037540476563533,0.05408139982269465
1063,-0.21756782116912476,-0.0354408904877029,0.2781015023724223,0.24920102899131427,0.46041484592297865,0.08700106102267152
1064,-0.270125685751711,-0.8756571209817093,0.05660198341702978,0.047340284230150714,0.6965850808196492,0.05380318440836937
1065,-0.14009299241258646,0.022195255228464633,0.09720731263949894,0.07958600456238782,0.6082051482001807,0.05762495547798951
1066,0.007062193393794008,0.05352758889433705,0.020187473195596058,0.015756674193412267,0.3475695268625333,0.04684688146742714
1067,0.07278647178550163,0.2613752523701069,0.06187801204960148,0.05584597870664308,0.9145046137048268,0.051214130265875416
1068,-0.07369502556621373,0.07655552391444362,0.12433946188949525,0.10620904193935024,1.2179805574339149,0.14092385360558055
1069,0.3189228055691048,-0.6192012845949784,0.07370929979934758,0.0674225392969125,0.7893059196430816,0.040413869147355924
1070,0.031933794144894376,-0.031426205370178734,0.03687647929050685,0.024494968023275783,0.6466668021796582,0.06693234928931316
1071,-0.8333745620613187,-0.1075525004523698,0.060769496785525845,0.04764289876599859,0.9454283276876265,0.041004228287611494
1072,-0.02986276799096891,0.030424028797365943,0.07163324880935214,0.054381292653329194,0.9101325813064929,0.05276658556384798
1073,0.18471482307167017,0.09133888227223057,0.13467961248684973,0.11774926270698567,0.6363267587200556,0.047626942007638354
1074,0.06318402856472023,-0.014935973592435096,0.0712721031219884,0.054825773558879284,0.7146141248206355,0.05344613562260194
1075,-0.08090198368301989,0.26046520289969244,0.14589706590884743,0.1573096300282226,1.446391186100936,0.10302632746123959
1076,-0.0017365610226007108,0.0030142412966396356,0.03016731645363805,0.02709293331162695,0.36415163228297975,0.07591199695684277
1077,-0.5796186150612394,-0.4713220265256081,0.06662078168440783,0.06105391281828062,0.49319466366677134,0.08017889918659632
1078,0.025410502933778105,-0.008851712173334327,0.07737421130247797,0.07134180147994906,1.5012689556707228,0.1722968826478151
1079,0.16796843792214092,0.2589640607601352,0.04991623809525032,0.052838607680119276,0.3886380961464235,0.05908629775714037
1080,-0.10751792413013939,-0.21766289663144947,0.10876628094013127,0.11605231017146457,0.24687967577137304,0.08993163955972205
1081,0.1993452500447642,-0.21034058061791874,0.16292594376951688,0.16364001634257622,0.43628650320002704,0.06343733311227562
1082,0.02482533393065329,-0.08357256038748383,0.09449149138305518,0.1134523328490155,0.32041386591122784,0.10482114951203068
1083,-0.030737783473033718,0.002032581979534362,0.08578420691616813,0.08728486224182967,0.42612600911620263,0.06440321942025731
1084,-0.035653916938983496,-0.06805845469714197,0.0950910558943565,0.09043885334988107,1.0092727343583505,0.047399897033977324
1085,0.08307669782180253,-0.0709176081042458,0.0474434052828427,0.028087307353008743,0.8281961246785555,0.04564384960345447
1086,-0.05005482782915252,-0.04418641784622024,0.09567861824944847,0.10642631723380479,0.5956971808383552,0.058476050206675324
1087,-0.021088858816966104,0.012482639436536531,0.05102783167832973,0.04062734164192224,0.3307099191892984,0.07942228415714166
1088,0.47386564202369846,-0.18079312753154247,0.07177342021972703,0.0428106106066324,1.4396219096378904,0.11225584233819928
1089,-0.022459099834766506,-0.04491759497906394,0.0429865607573066,0.03907675731101338,0.4003297421750181,0.0594123775762074
1090,0.17436429137292583,0.24241610664192115,0.14793461372965835,0.15624495935662375,0.8001028573051725,0.041017400990623114
1091,-0.06291183240521106,-0.024930240737883302,0.07839794966260892,0.05771426534907032,0.800517347351151,0.04521197142629353
1092,-0.3971888248575627,-0.35871807796585736,0.08656163933323674,0.08135048917084287,0.7085398502482969,0.056437255085679434
1093,-0.03313395243533264,0.038998839968667945,0.06573556888874742,0.06091430326888819,0.8673300834840827,0.04969424932902662
1094,-0.45194081950211723,0.16287418136918003,0.3118113802295637,0.2112611537835129,0.25243558153753737,0.18821786760729356
1095,-0.21767398112839667,0.3198398905793441,0.05121613365590574,0.04688106395367802,0.6342931306607656,0.04230272198193626
1096,-0.010752141535484564,-0.23662612002119215,0.023923160083935625,0.022165168837764315,0.3955608815791482,0.04019870511926166
1097,-0.5260315375694802,-0.29198240540419773,0.058266885395807336,0.055083754322637825,0.38466395688000105,0.0833613613923325
1098,-0.11190795249164252,-0.09765402945061462,0.040413349485666356,0.03583733525688886,0.1609795284111709,0.1085526479330016
1099,-0.0216235878997211,-0.09259262416521868,0.05651277342903418,0.03930531245560931,1.1253426284278853,0.056934172818090975
1100,0.035025336336064625,-0.1302657514866993,0.09082504416032824,0.09571879273237023,0.8992536302894528,0.04998556669513672
1101,0.14398358373029138,0.152099786864421,0.11715577251718484,0.11741432108158772,0.6734648634874348,0.03827261756672217
1102,0.022889899088663103,0.23294482623733206,0.1085691221061883,0.10019251882553534,1.1458865368562265,0.07943883980102923
1103,0.3476781467950778,0.38949627452493596,0.08372691542901763,0.08273331352147986,0.43413336685321274,0.06699455406647088
1104,-0.06330621928579468,0.11927416799892011,0.08283497817181117,0.08740136028447498,0.518303965329698,0.060031001506507226
1105,-0.01640644401563057,0.2657268163944321,0.15282009323409762,0.175636741756455,1.6067157866412267,0.24593857457362042
1106,0.05322506456755397,0.08665517252512132,0.051307533581734135,0.04229596409291259,0.4453336125863676,0.0679745695198902
1107,0.07157826652818285,0.06927797541442508,0.0556129325987886,0.05085450023194631,0.6942413029772116,0.049822899403290995
1108,0.18929919688284583,0.21825774519073712,0.17532952837675891,0.18898367028530388,1.3383487220303623,0.20469020965420226
1109,-0.035680381250780116,0.020198956285920187,0.03320313724571175,0.02183241768278264,0.6252539119049803,0.040412575221221804
1110,-0.07061719184607211,0.0487346451697611,0.1544552414173351,0.15307191762487946,0.7787187965633011,0.0487432064247717
1111,-0.011215570889207162,-0.027895182681175204,0.06938070911405436,0.06089256088861747,1.1125991607953034,0.052870304437842706
1112,0.029548569269914348,-0.07161291146242121,0.02101056440244831,0.013983008437194296,0.5190504710859597,0.030755731195146397
1113,-0.5907244480880359,-0.00011641069708511788,0.0810893879994545,0.055870905681646335,0.7654718040338038,0.039934002767907435
1114,0.1178258017303949,0.026295623943289152,0.06523191579211202,0.04636719186570413,0.6325084919217889,0.041378124186897555
1115,-0.024193814395084966,-0.025897806432759046,0.05677912483725726,0.054314029396833746,0.9931712806421896,0.049835960247646575
1116,-0.040010925781368875,-0.17068404444937127,0.14617528737331018,0.12566749523407025,0.9940603822751076,0.049193585897747
1117,0.04846856416863845,-0.073554105192144,0.1619241212795089,0.18175075223660253,0.2633229379120855,0.13203020543403327
1118,0.5312659821721367,0.2894374306689542,0.03623327606211992,0.02596729557386646,0.3808921749565042,0.05801356843805387
1119,0.013131930046756958,-0.02292417644451401,0.08149799584342579,0.0827739870877161,1.1717982226768417,0.04575725822814874
1120,0.11961141549730951,-0.09387037463220803,0.06545852548310678,0.04376297259290919,0.9040237251336296,0.0436564113741179
1121,0.20281910278519247,-0.11052172028598646,0.08197168659251232,0.059657323487347064,0.6187246294141676,0.04602794842177698
1122,0.013808845207763562,-0.05109048254086526,0.08190578545993674,0.08372138486880819,0.7578237883275452,0.045664523950569386
1123,-0.009176543828666945,0.016498585595672875,0.056535139033752596,0.045098260105944254,1.1756968931444294,0.07489920573030003
1124,-0.004481350836874212,0.08440876650127163,0.13335048476266567,0.14137742972916603,1.2818583525239797,0.11175129539457238
1125,-0.011477565562488854,-0.0064335789429728115,0.038220725769578,0.030489512642071472,0.4950623914179057,0.052907654736943234
1126,-0.0010599700148859446,-0.015479412986362778,0.06537736444176456,0.04520250615069688,1.1147506524759538,0.08263794470661004
1127,0.07403234528836333,-0.023087928557664103,0.09520926788505064,0.06799102692200126,0.8318967535400522,0.05627125323002197
1128,-0.1731408492621356,-0.31936687711861605,0.1961087102620085,0.2255212954693992,0.571449825342587,0.08821163346117096
1129,0.03880281789930594,0.022209896209545034,0.0781897580257995,0.07047597015530153,1.1164401074575,0.06845184380136254
1130,-0.03812861318351251,-0.051358779144037844,0.09010593877343033,0.08208530959789939,1.1791913973060157,0.11894900769324515
1131,-0.007841308549241494,0.034533737038239254,0.02634918770702742,0.016369672015836823,0.5693237655189042,0.039675995525680324
1132,0.3083083392570447,-0.29177715843936497,0.06998525997763998,0.06538788510548665,0.5345545587976952,0.052170220456168544
1133,0.17905742561735918,-0.17373514173240234,0.11126079143775382,0.10366406494175645,0.6350092286167529,0.05234565354051485
1134,-0.36051214791801095,0.054969667878181167,0.21068912604050738,0.17975568963573876,0.2958168327656994,0.17355781441029747
1135,-0.1072819613853366,0.2727987035157038,0.12126739911943142,0.1609546683044891,0.39898751330820487,0.06917041815594084
1136,-0.07595446126800595,0.34689966555157775,0.03188017887939954,0.037354365044832076,0.3699313023466775,0.04943481721707706
1137,-0.10564101280538886,0.2893278421509065,0.14280075243254814,0.14674288691562848,1.1763753983943523,0.1089156334591158
1138,-0.03663696958274215,0.004672681024308499,0.060623318248979964,0.05339932123401874,0.8229917707021452,0.04317095949217182
1139,0.041837784997711375,0.5892053634503862,0.12209274416731708,0.1429387093668273,1.1183538070120924,0.058841104591386764
1140,0.31757655954634106,-0.20438676082683624,0.16597225183768657,0.11904414539085978,1.129170353858353,0.1736370133646325
1141,-0.005363001996833255,-0.035767973045140164,0.12139811078411306,0.11184809938565127,1.4099641319773701,0.09546022445153086
1142,-0.04930288336349563,-0.020494000044751912,0.03157534584300863,0.019536903691536715,0.4980791134129406,0.035247184456160395
1143,0.048618937317395666,0.1028452306637161,0.027176032139276943,0.032161555463781424,0.2117246940538925,0.06326888433085863
1144,-0.30459429468834387,0.060378429061498984,0.05645222446227721,0.046306220022727544,0.13353818852166552,0.07672827807142638
1145,0.016473431630843752,0.10809950916195682,0.12098936874441552,0.1154253125331513,1.1664783249594535,0.050146471712468915
1146,0.8553990917580023,0.3674451238028609,0.040150815315141246,0.04290433891864604,0.5775891665156098,0.06227610531718222
1147,0.019362955579117172,0.07776536731190652,0.08414954821234194,0.0910340136694739,1.33275370761112,0.09060008316939348
1148,-0.5344866370824187,0.16214179205488197,0.03917111567203746,0.028157874107317297,0.3779166700681336,0.048282202128161165
1149,-0.03411242916427664,-0.0553747116353849,0.07622848655624592,0.076842950755759,0.5808617623214868,0.05815562815548208
1150,-0.0067051728717248274,0.029749432497036148,0.04807363598867653,0.04036684159904151,0.8542301719255704,0.046714197677918956
1151,-0.18493374532164547,-0.011101852096664028,0.024880430848613518,0.01604837612245663,0.31170363916295724,0.0481317031623087
1152,-0.11888224485649179,0.11570311034799342,0.1600121497164515,0.15095954094704786,1.49771804876874,0.18105109904771005
1153,-0.06415129023374737,-0.02166219076551837,0.1249977765842401,0.09527402085067296,1.6498466141578783,0.2414852935788455
1154,-0.05714220841755185,0.11527602402741517,0.12601163895997333,0.11493747497988244,1.0767226403218562,0.08209153351210499
1155,0.08204054608735839,-0.024467943242664575,0.05990641677726927,0.042055988014544514,0.5807838534477953,0.05652289076180822
1156,-0.1330313810285312,-0.09760977706163765,0.1092130223437038,0.08748513094484967,0.897867085109167,0.05150605360032364
1157,-0.17416499213021475,0.11618126852629392,0.02165020477357062,0.01863402155821904,0.1337535199294166,0.06377041557230041
1158,0.054160392801631964,0.2020333336632649,0.021239684948474058,0.019163576493710893,0.3546489756895873,0.040984137066627326
1159,0.6427231993982678,-0.4607485560650462,0.07398234112967117,0.07653593268463713,0.6072803803637946,0.04879401903762189
1160,0.20281910278519247,-0.11052172028598646,0.08197168659251232,0.059657323487347064,0.6187246294141676,0.04602794842177698
1161,-0.6169303497933514,-0.2670146215209198,0.03308810499199497,0.026628688148386825,0.2982310944738149,0.08692830387927984
1162,-0.02604670093937845,0.11437901364275073,0.028880271782465237,0.02424939691516153,0.5467948437074479,0.04339205542187516
1163,0.010445814222058257,-0.010977060906638025,0.07941530634937094,0.06906619831258086,0.9596432906708398,0.03550997529456722
1164,0.1364529860328825,-0.2882431924964772,0.05128658190133226,0.03890173805070123,0.8277150388868811,0.04649027060632284
1165,-0.00013259284403055916,-0.10392940896817082,0.0712074725171086,0.07393442487653622,0.589432513433673,0.09340443027857553
1166,0.02324285973646381,0.03788794648314244,0.06385859698172369,0.07176165614538048,0.4365448567856687,0.06691102728576306
1167,0.0673669751542552,-0.10746953551844714,0.11584291827804599,0.13889256765555208,0.2410396615755906,0.22117338859234414
1168,-0.004427116287332855,-0.010919664112461053,0.02684913016954853,0.01692733147659902,0.6305933924721733,0.038074277847541804
1169,-0.09850605934309146,-0.24724786520152311,0.14308146226937432,0.17752175619163843,0.3341896146030068,0.11291530799828653
1170,-0.07733617062727036,-0.017587267860888628,0.1538802558985512,0.16143002181805086,0.42708587588282704,0.12376504389038659
1171,-0.0040143108794784225,-0.0802014105161069,0.08960673534215711,0.10210369487395374,0.42631707776606365,0.06988304141968363
1172,-0.00899606997290413,-0.017136125239911478,0.06484670369115539,0.062374002364303155,1.037701393262759,0.04776484687626874
1173,0.09539031199162394,0.026355239540525918,0.08250411515093149,0.09227546828401387,0.4479143964937787,0.06592822803818228
1174,0.06186832723577154,-0.2594430512875248,0.10305213487862629,0.12354610166438541,0.7393269128781499,0.03910636622399038
1175,-0.15140256752267672,0.12498134491737951,0.05186192473262843,0.03549959364675898,0.6757855062854506,0.04385849076530142
1176,0.028988338369952443,-0.09063465960474738,0.09997296158686728,0.09448858847519473,0.8007971236683702,0.08998308051995874
1177,-0.04589600726619476,0.11870369917984445,0.051899207684750016,0.04859927981534298,0.47930360941919314,0.04501524116506635
1178,-0.10678693677485353,-0.039790034018988035,0.056342329009600955,0.038573641314471815,0.567385721346127,0.0590832838301614
1179,0.07612303190738677,0.041833139859792715,0.07523243018323855,0.05445160345275511,1.0626933684137299,0.04923952253404665
1180,0.5562377226631544,0.0866615400410244,0.13078134143869474,0.11197067876809123,0.3069876457499842,0.06874238363710926
1181,0.001232711160940097,0.015431856905725365,0.047876576461610316,0.050239182491085534,0.5797883684569786,0.06092325948181172
1182,-0.08079604290863864,0.053616312483215856,0.046553713196064196,0.026487538872206156,0.7232087556905127,0.03857863965198205
1183,0.004206449794022416,-0.008466481955346479,0.10250646573604606,0.10801691220514026,0.4395045754604553,0.07519726341804812
1184,0.010815486993569478,0.021393789629009966,0.0578822431194791,0.049687952316150995,0.3665185802020985,0.13679702355058398
1185,-0.17153290396082396,-0.05803491011021853,0.09117441562679476,0.07738717494700792,0.6118234057541442,0.05075456246407982
1186,-0.14980869940852204,0.03157793852088597,0.11413367358749547,0.09671522393214171,0.5893068608304559,0.06479065850727496
1187,0.05783921157165784,0.009632353917290138,0.027035358755246344,0.019300391176333583,0.3773549481351832,0.06109837598131745
1188,0.9217535147706559,-0.05490643772603612,0.03778678428684631,0.042692904420107654,0.3100525975293719,0.08256002518649676
1189,0.033329358971811655,0.08830940454959098,0.07259767585222454,0.06348570779033041,1.249189268895868,0.07231204177421349
1190,0.028802311162809326,-0.05999007115858975,0.1632558169974729,0.17477087546904713,0.4753318680353977,0.08710541169345552
1191,0.21890575040053165,-0.09168954852092717,0.19765236032904657,0.20399926069987095,0.538742206140502,0.0873240532272039
1192,0.10838726075334802,0.6814079447578727,0.14779497276028977,0.14284918846288241,0.41839927912789127,0.10580213273855381
1193,-0.05909760430920693,0.053526316765068846,0.0879190226240571,0.07698881159887072,1.1133611855656498,0.13039211180877894
1194,0.039733130892662144,0.10916847514168744,0.04341418135354197,0.040848764887718034,0.8190405421598779,0.04132106075334925
1195,-0.14935192761925462,-0.11863844348987508,0.09355229252483571,0.06073795444325,1.678553364307054,0.1861590032137463
1196,-0.007011321201261603,0.023803158739495775,0.019827147446812087,0.015202558256105302,0.32040383657012206,0.046594927953776566
1197,-0.3904981034868827,0.37950010912849963,0.037222920754211596,0.03628296669823591,0.3333979706252372,0.11565728882864691
1198,0.32838817578317464,-0.5137902140362434,0.056383659539941636,0.05808422713029596,0.3581112753592639,0.12120190135919637
1199,0.14707352129804477,-0.2722845095296015,0.05831504581561461,0.06364848137904733,0.4999739221269632,0.05007884724081074
1200,0.7569386924959136,-0.17225731691299154,0.12997493319109177,0.11624489644649537,0.4462786088177531,0.05651731948354109
1201,0.0023476751246987804,-0.04251386482083751,0.07201782800465709,0.06842913296994635,1.5005408914174732,0.20273224545901986
1202,-0.042685944303047604,-0.01752154678174356,0.061974404549323306,0.03918553882303572,1.141073994686024,0.05353486686605848
1203,0.07910844332949044,0.1479456779607941,0.1910482565784557,0.19884929112609576,0.2967553800437574,0.0880007752387594
1204,-0.1835746713800996,0.09328753976578391,0.2541762988086904,0.25537231099168983,0.5807303191315311,0.0639924787639619
1205,-0.6106507393062184,-0.30825918718985695,0.037053124528934014,0.026468233218066538,0.5170247990724116,0.039204731614025747
1206,-0.1414288089150348,0.11441541343569432,0.043384028363641435,0.03497410989094414,0.28775739409147194,0.09126622467402773
1207,-0.05347174802729085,0.019207531238858065,0.08029115720912519,0.07319539134745164,0.303995301195266,0.08008115979579625
1208,-0.03026116569227157,-0.1138894761441237,0.057868389239951315,0.04780217113647734,0.9205521533403445,0.039292126134926116
1209,-0.033501220491405456,-0.0023508286216558285,0.02609904177264014,0.01988289848975791,0.3795458225602106,0.04498672551229528
1210,0.326208797542348,0.4089742237772035,0.06368352239407618,0.06185665863784725,0.4306707956456815,0.052338428615840905
1211,-0.030853398601461846,-0.042378229333526224,0.1509559620010876,0.12027957332076229,0.7682327905118527,0.06990441656885867
1212,-0.0005837821979625187,0.06588090339339908,0.047411480629849484,0.034274441435327284,0.9985860252988504,0.10278075923898712
1213,0.12431662134747233,-0.004575263328070079,0.075296407611827,0.05012103879463843,0.7690049720436517,0.03781769403041896
1214,-0.0038346246531858535,0.02070828370037072,0.024549904021275677,0.017487080147625723,0.43945809529963054,0.05719339258931109
1215,0.0015181854798308684,0.01995644852453407,0.04752973085040205,0.04202684867543954,0.7820703472921899,0.07517452500137935
1216,-0.018974633183518892,-0.0558989514006839,0.09783263151381566,0.11955983850039141,0.6840638143790541,0.06071133299545089
1217,-0.25497236852622407,0.45621198080697983,0.035264902861329876,0.03462183141408207,0.4045312009631261,0.04832227452933115
1218,-0.3144445598027924,-0.1459876693686423,0.20899884780945502,0.17613242825053407,0.5144811745392046,0.07425804991810644
1219,0.39048142142403525,0.37013987070589394,0.037769573977531536,0.03322719561418288,0.42470274747214365,0.03682107779601224
1220,0.20218739171979494,-0.02835053180672331,0.4048661204106642,0.28934552047506784,0.414948332457226,0.10179128155001103
1221,-0.10134325813397062,0.03430053342843896,0.13536050020860071,0.1158015593054778,1.2400070733258208,0.0775443361728207
1222,0.07702333271068566,0.07706640794219397,0.05857824030947712,0.04579977719419896,0.8483033674856134,0.04210851800220298
1223,-0.10958677667149821,0.0429667922047961,0.16630567835176147,0.1498534425261315,1.5447879714462036,0.16000219949960298
1224,-0.0752196002834999,-0.030737871597155166,0.07053635702421486,0.05423009779317138,1.1469659062850877,0.0626769819725864
1225,-0.05027537316915006,-0.011802522262702595,0.04817799400986622,0.03606508625658116,0.7528544605465911,0.03837241687267227
1226,0.05302942295625487,0.01935039507762884,0.09468290704768478,0.0852811494794612,0.8414310114182756,0.05803009219993396
1227,0.21142901340736855,-0.049919615538302146,0.28132268249242776,0.2290257943599737,0.4073977411698816,0.08001041511216117
1228,0.010429806161589261,0.015740660886848466,0.07092521007599702,0.08233660776309705,0.5328404078921561,0.060636996842494725
1229,-0.2638395951474487,0.351930084657208,0.041072243690504474,0.05306922224010021,0.31754625758841626,0.10929920192084695
1230,-0.0035397628910563807,0.014136408462557674,0.09836114133203389,0.10061899638865678,1.4272636475524227,0.11362647908833044
1231,-0.02590878266678052,-0.019972297140708938,0.04894470978781823,0.03555267596611767,0.8619443512280962,0.047638693577548394
1232,-0.08519202883172874,-0.042214951534777424,0.13200018770656277,0.1332987961609867,1.1161486199866908,0.05121810943819462
1233,0.020370130857724926,0.007315744206181184,0.024398257930797505,0.0196351674751814,0.20474947896785123,0.05409623856806223
1234,-0.08362043265150984,0.26538625749812517,0.07238879618715713,0.0835205129658972,0.8210593159036871,0.03847847878908052
1235,0.4537774057344815,-0.30468550428688,0.03859190446200614,0.026915462289700768,0.713640613560316,0.038714617890397346
1236,0.03266622505297094,0.19607602544952668,0.11636991441173845,0.11284938922416389,0.6317939281457828,0.048207607645524474
1237,-0.033216417708783204,-0.02058221415760124,0.11217042256514621,0.11226042408617443,1.2725472033398353,0.11311855235162428
1238,-0.00932584561664078,0.009332011951474572,0.039741111902632055,0.029682957502137074,0.7240200003876366,0.050394312070723236
1239,-0.0007418974487130487,-0.3731718540845176,0.03325311212350195,0.03606511015417093,0.42100313178711873,0.04960861352917565
1240,0.5827906210187612,-0.5643959095376978,0.04922129387907573,0.04212383475264492,0.7608601306902278,0.04440123608130839
1241,-0.028357798833517085,-0.0686283697848949,0.03814151782329546,0.03212488768842822,0.674866447842612,0.03570421971812497
1242,-0.6519331699392562,0.6021976659630193,0.03914018350545026,0.03660423133002947,0.7831214418234843,0.034871290850041474
1243,0.2561059080730595,0.2097867245038641,0.10406058505697403,0.09245183367913547,0.46098048357681404,0.05923087360634596
1244,-0.03373261087240359,0.02423575453455517,0.038271594644105164,0.02787029319813594,0.6753896094742556,0.04101281482924589
1245,0.010890192905953732,-0.0073219904936248125,0.05048684354246013,0.04829587658642606,0.5831283211451365,0.062150986770397605
1246,-0.11037427998034029,0.13705860962801675,0.09724643858030942,0.10215413414341365,0.5342816296247943,0.07792396502355534
1247,0.037694296408368355,0.00840880089538243,0.05245151963474616,0.04780867623455293,0.5041277795037966,0.07515947107270544
1248,0.07834867119344058,-0.09566412871770008,0.030071377405401858,0.02552742961198221,0.3847506293318959,0.09482800467936918
1249,0.023735869965069725,0.011246148481207295,0.06548454029686822,0.06035566745239645,1.1521471794027736,0.05128390685402762
1250,-0.17370598275998297,-0.35659106623185977,0.0325629838568802,0.03117942853365839,0.3820966257385816,0.07238449846446074
1251,0.0254990909376009,0.0028708482779590833,0.046725661081113166,0.03205739584705566,0.7825850738276298,0.05517499776158315
1252,-0.10603478840547007,0.05949118072520408,0.0920734235723035,0.07166622715248426,0.8894093496388097,0.04541286425623587
1253,0.010445814222058257,-0.010977060906638025,0.07941530634937094,0.06906619831258086,0.9596432906708398,0.03550997529456722
1254,-0.05294721788982654,-0.03601869668983585,0.10536064805288639,0.08049985664520312,1.151959466284943,0.09691498190593065
1255,0.2065839093043089,0.40157983699810024,0.169202028175127,0.17862737425719688,0.43813056854283744,0.06258154664928449
1256,0.015959892252062416,-0.10258203598442069,0.06938474865384411,0.07454117255032824,0.290650179665024,0.09798494015009256
1257,-0.0010278280041106484,0.03158298837410063,0.08466883137257096,0.08066460961557037,0.9583618819480546,0.03926599354702642
1258,-0.37391818721381415,0.8096431365190293,0.06300768767766292,0.055737379640330695,0.2651164093375408,0.0845154224807076
1259,0.02749418930471157,0.7030387147804137,0.06964327644055539,0.06578974815137495,0.8118093934100221,0.04653782194008444
1260,-0.07363851503538323,0.042999295216259344,0.09355277932715313,0.08854796459916878,0.8608231441299502,0.043429667260948254
1261,-0.03409215039080311,0.009513340708359663,0.08723547880492925,0.09491505041803469,1.2439643172990082,0.09428636102664373
1262,-0.07695335005321643,0.06423826519336413,0.1336490487820396,0.11988982943052504,1.2031368467922663,0.08023904340279935
1263,-0.011746893233994105,-0.0017686595161019985,0.06239781959071678,0.04961455617352721,1.2858767468730594,0.09697266017586886
1264,-0.04569392796860892,-0.03594467326997517,0.0648433063750866,0.057742330368768566,0.5946244440928199,0.07114290027920064
1265,-0.22172053952813076,0.05738165650467819,0.24547162232634745,0.2159825011682935,1.0917945084082754,0.120059306932755
1266,0.004932437584681429,0.03050822793093487,0.09909655530984304,0.0910939125024795,1.378703946350812,0.2508450395701415
1267,0.10089210422645863,-0.1005016782228084,0.06730791201336507,0.04994126681508034,0.7529909063147837,0.05282718545056886
1268,0.04300921791554706,-0.03635634899981548,0.0764596643607041,0.06216330742445509,1.2381286201986084,0.08798619603678391
1269,-0.0374023239328551,0.004005845682051744,0.041919918105268794,0.024784681729325665,0.7083145476181555,0.0426786664275285
1270,-0.05535705653379132,0.08545691782438775,0.09234192184391904,0.06906365274771319,1.5585978838247114,0.18041430255499813
1271,-0.0323685997563449,0.15556253046576768,0.0792688173400952,0.07641472925916828,0.40752372886630617,0.0677764466229579
1272,-0.7207562155885403,0.32992070653910127,0.03910526823136921,0.042906154343341885,0.40800957614856065,0.08100613736634182
1273,-0.012667024096377771,0.007825682131549183,0.07599714024435487,0.06245018587340244,1.3932319981918666,0.10970524031965953
1274,0.39246760826708577,-0.24339610711314177,0.1195459953422824,0.09728293929178106,0.7959200140326037,0.0373119816582741
1275,-0.1547864646423914,0.03853254314863832,0.17930468839592809,0.13022456112918387,1.0394622265412738,0.04688852252527941
1276,0.04654525319994548,-0.3424843456301163,0.05383943436750783,0.05293170900166624,0.6291123458498552,0.047603031509509966
1277,0.029446020068275264,-0.04780290681887438,0.11256115588470236,0.11313656357182253,0.9855208100209194,0.06653944272152545
1278,0.1873004481687941,-0.05910930254852792,0.056203438088825546,0.036414386247458255,0.724781583775183,0.057149887726189015
1279,-0.0380629178004399,0.001987727784977668,0.1050993579671458,0.10457994512647767,0.5538135345582901,0.06783102145103045
1280,0.16631353737889001,-0.026876094068259422,0.11913634903299054,0.09890244092620154,0.26434330973866266,0.10040556494739515
1281,0.03490222303329624,-0.10740971898051123,0.1320243467139223,0.14091687979219086,1.479530512277105,0.19190133985964666
1282,-0.014908758891398107,-0.04259503813939274,0.1296269074354646,0.11439094953568073,1.9792191732899247,0.32822906852177963
1283,-0.03175315832259707,-0.3067978078611832,0.13949996882387797,0.12253973848502552,0.9123390556920499,0.06069818444659542
1284,-0.05503339332006493,-0.008820593928860657,0.029440731909060037,0.027227487874348137,0.22028524850439235,0.09325508378709457
1285,0.015434327296037739,0.012117645598714798,0.0650126937903587,0.041570877753925234,1.135297494590425,0.0535286043529489
1286,0.05670982245739163,-0.11489800679307532,0.04764543057310029,0.05541745788462172,0.3972654182097962,0.07413241816168097
1287,-0.07303150946881058,-0.06849703950983205,0.06998530669041143,0.04566899369472119,1.2894557687939996,0.09774829961532885
1288,-0.08664970124838899,-0.22085357299231112,0.03930352047306124,0.04182348308183952,0.38801252146911125,0.08696781994510851
1289,-0.03414874923169976,-0.047782032003371736,0.06563062411433512,0.06780549535228694,0.8404466175549593,0.04296612888747904
1290,-0.059544365334388144,-0.1045937142547797,0.05125528467594835,0.04004585485809105,0.668577548603303,0.05405245681024346
1291,-0.033282498932137514,0.020398047506360033,0.06634980113925867,0.058305589475424274,0.5265288032002847,0.05484725622898928
1292,0.04232731780129361,-0.05062094796345204,0.06726787147697642,0.058645630377069144,0.5656661033603021,0.05277530517736549
1293,0.05704163855637119,0.04506727397785491,0.11731703810926178,0.09904886564425833,0.640538744936761,0.08082021437411928
1294,-0.1275724360287315,0.12312913807158073,0.06902022408861132,0.07503514125036427,0.3464198194439082,0.09461066745391358
1295,-0.0937948316766575,0.1969685193390641,0.06772607386313023,0.07380743807212045,0.5136722393605222,0.08065290033298056
1296,-0.27839912299710373,-0.3483387280067049,0.059484604688471915,0.05510061363514149,0.7060176826512935,0.038930587383408065
1297,-0.13348339774907833,0.5381871914317375,0.042213042541715214,0.04127222408174623,0.6860895876849673,0.0552533203600171
1298,0.03833235615649072,0.1609691017830732,0.10067675407251532,0.1270415219235486,1.2270791391203475,0.19227676610032282
1299,0.00765184512379371,0.10976570383709008,0.03143295154406999,0.026332815817428943,0.6164861783245711,0.03980882752871343
1300,0.047057861650994515,-0.1869894366698861,0.14773570468823194,0.19066802320034223,1.2669490912013421,0.10071984752724601
1301,0.04197816427092528,0.06919058717572071,0.05048329231300544,0.04268600880932764,0.5931243373785604,0.04796771447130992
1302,-0.2838469577492829,-0.017455086535433404,0.0786247898645212,0.042911361981773144,0.9059104296703016,0.05252601018591808
1303,0.3782330082074377,0.16064959936387116,0.12557096256616443,0.09433944611371833,0.979027777186325,0.052545946708653306
1304,-0.4575805527494519,-0.2825664859782961,0.245215006032744,0.18151777506839029,1.8307071586898882,0.2815105405065312
1305,0.18886032187483878,-0.29385147475493545,0.07049663013748576,0.06540154905690619,0.6747447575001869,0.04929989787953263
1306,-0.13466833424741598,0.06330034975906738,0.05768798192054194,0.03803463169428761,0.6925172701615407,0.035525624359195755
1307,0.1721310428980787,-0.004446383958554552,0.16573634537503665,0.13271753585031126,0.5750175096927447,0.0748699152456339
1308,0.20665571522527015,-0.11058297741199849,0.16127422221111348,0.14473050049409852,0.7770490475755486,0.04254213328887559
1309,-0.23372562756783402,-0.271006828475904,0.09565323068722476,0.08598519540669489,0.724881862615237,0.04155835781973064
1310,0.007095137226660588,0.1674061340650862,0.08733674325235688,0.09379398285998834,1.0691154657938575,0.0945659717660034
1311,0.16357022916714942,-0.14688857382997703,0.046564163571063334,0.028781549910487137,0.8552773148221272,0.04638240862791194
1312,-0.000858191353866945,-0.05558152782985792,0.04654741300545423,0.03589415323372714,0.8771772978250701,0.047216510346923035
1313,-0.2787129977886211,-0.052411019933466724,0.19954307713626457,0.16389781091422764,0.580009507768457,0.054617611282532987
1314,0.3471149802236827,-0.07511383141780205,0.13118809337504053,0.08055653299147932,1.0897182701194572,0.07560260082868747
1315,-0.008365502736186975,0.00435320522818773,0.07602064240593871,0.0665341926673443,1.505492804881846,0.1732754087275938
1316,-0.17390847718592617,-0.5010139877443779,0.13053662919707162,0.1398558424464499,1.2971486121055547,0.07160766058833172
1317,-0.0088278797140428,0.6925593753623809,0.04936541413982601,0.04979625894854321,0.8254186810144617,0.040079427837756136
1318,0.08414398805604074,-0.015069749601264712,0.12170712263606864,0.09724395685074365,1.1164193619704417,0.06675981381020213
1319,-0.10223434948664786,-0.19551969716790155,0.05844047834905591,0.04411529837020771,0.8732129062987491,0.050231144473875056
1320,0.3428049380253783,-0.5508762502246172,0.07179209452098648,0.06811016623185474,0.21413122028334863,0.11557823517541538
1321,-0.305400887798588,0.439891979497471,0.11280856834757817,0.08987013919067144,1.3603237080819628,0.1365492260948671
1322,0.12254627833303038,0.1712451739598518,0.1525233477664811,0.1533811606066373,0.5265625964202642,0.05585268192927504
1323,0.02357227645958653,-0.29659879110817505,0.13963168370145787,0.1580320529489771,1.1432794464530314,0.04942007206924759
1324,0.09840254535306031,-0.19717104624487433,0.06291144715375117,0.06442624465960388,0.7495195772395898,0.054225895314783834
1325,-0.008107789110888003,0.0076913095570655555,0.07292409650580442,0.060147620585024916,1.5460999515170493,0.19697199071977844
1326,-0.05535705653379132,0.08545691782438775,0.09234192184391904,0.06906365274771319,1.5585978838247114,0.18041430255499813
1327,-0.08744988155055325,0.09324203311165997,0.05494128065741539,0.04579995086303709,0.3994777869636358,0.04871488929548056
1328,0.0561076479390035,-0.08915041884266936,0.08518141606787864,0.07301142661814798,0.9139211763570719,0.046854133570350696
1329,0.01997647723920267,-0.04097034410618467,0.02586956557978575,0.0240213605051547,0.24596637984384517,0.08496424938385351
1330,0.1263331754083666,-0.3679601689072868,0.09272159991779212,0.10601349199776995,0.5715106535383913,0.07614819874198409
1331,-0.17073764677171385,0.18221843015290903,0.10139805952947004,0.07969874324733249,1.1323967577999177,0.056974685221153266
1332,0.08448993583819121,0.007571158849962083,0.02710003708807971,0.020110882600684374,0.3164563032146577,0.06753641159669069
1333,-0.26975308829246564,0.1904429590239196,0.16630271820270787,0.1586176236344985,0.9365179614350065,0.03795185355697005
1334,-0.008760452072001268,-0.013429444609369923,0.04130252957142397,0.040240369062030226,0.44857650421273393,0.08555014541654785
1335,0.011731835656522147,0.020370825887171817,0.049885532845096385,0.034593747072496996,1.1718648069042656,0.049754258029734814
1336,-0.029833385542018143,-0.09461562144911757,0.07513739536231369,0.06265145401525267,1.0005239466937261,0.04275022057448258
1337,-0.09487491042192085,-0.031571317350261564,0.05694545490380237,0.055530108435951527,0.3886419182284835,0.09410750344567813
1338,0.306030479454718,-0.518718093407885,0.10790202224742258,0.10237596978727835,0.6557712847335375,0.04422953502945495
1339,-0.42786728165826377,-0.21320896597397293,0.0829842952425076,0.06321287735420705,0.8315711627013563,0.03948058991617957
1340,0.39356724623326256,0.09765902542915685,0.038366417024212666,0.027825438305472006,0.33525716907579484,0.07886013200965943
1341,0.004614249131580849,-0.027312084934801716,0.07379154498189704,0.06685127363893086,1.37078331873192,0.12862465715661459
1342,-0.0772006000744307,-0.47287751561248215,0.028563158501104025,0.029878231634237574,0.34333717130927266,0.047823684889488904
1343,-0.5830597371034253,-0.08201614383041181,0.08228861791673865,0.06931406202963344,0.4310754979500945,0.06863356457363987
1344,0.012032135970205258,-0.14192714214585958,0.10825026444001633,0.11918461149841757,1.1627129872213284,0.17254485931563757
1345,-0.3627518381125638,0.03332479248168854,0.029559300626301348,0.024578330125495717,0.11588085548941936,0.09441763863117156
1346,-0.0005242736707926643,0.03650856766572511,0.16116888612409527,0.1649927976456765,0.5583677113030224,0.05894140200847254
1347,-0.4575805527494519,-0.2825664859782961,0.245215006032744,0.18151777506839029,1.8307071586898882,0.2815105405065312
1348,0.47284118927861796,0.47982098390901906,0.07135074894310592,0.07322485564137837,0.7613025120698015,0.03951127272148858
1349,0.0734781013101749,-0.20227651987910727,0.20715329632114426,0.2518506325857484,0.3932467801600104,0.17013035455730716
1350,-0.5612692132559617,-0.2936436454649354,0.0531108516729843,0.04235881523229319,0.45790790388905633,0.0735104228806505
1351,0.2044573370869374,0.31566788611275004,0.06414209699513568,0.05605047066023105,0.7557645922737233,0.04021279493347466
1352,0.058397555449867494,-0.07576552430310815,0.16594670204603754,0.18462961295294308,0.42655835756735916,0.18558129728081763
1353,-0.025952703221634933,0.0020226974640905754,0.07560207448402811,0.06963712117664181,0.441199806119688,0.047664532829150855
1354,-0.18160899207144002,-0.6388276854479,0.11082599266549208,0.10065794023559263,0.8275344104830122,0.04716776825571796
1355,-0.3923409238782631,0.510668110038428,0.1748451569798853,0.17093190975161462,0.4268908925776479,0.42023814989283265
1356,-0.0375703225594836,-0.20837236266574236,0.1150388567287829,0.14619086194239686,0.73654459819588,0.03918547238366881
1357,0.0887570338606801,0.2535015097563325,0.12489217905372156,0.1535764366838369,0.7954705788902514,0.05596431286273175
1358,0.23939046452641566,-0.0032562641423544234,0.06600647195917199,0.043951489796850346,0.6433904708716083,0.04995648324554544
1359,0.6242252756275327,0.12191257591192346,0.03483905866351473,0.021499947021037462,0.5732580650626767,0.03582327713337445
1360,-0.1181288667272532,0.03559926158679631,0.26369557511834113,0.28583953411461765,0.4992503684938727,0.43209922695961633
1361,0.12470433728015136,0.07521257092827345,0.08252816488305874,0.06994062904594063,0.43500605273621706,0.07631767956227287
1362,-0.01999313587737457,0.013032504871614172,0.04753854202323663,0.04268878417760664,0.49994300931221536,0.06457901083183215
1363,-0.16115143624911996,0.5230886698490863,0.03776604572323057,0.04323854501500399,0.2926381773461176,0.07509147257935278
1364,-0.17211727531955517,0.22900170138337914,0.15793731277307738,0.16589547777703553,0.6310213079666332,0.08647269577948766
1365,0.07702333271068566,0.07706640794219397,0.05857824030947712,0.04579977719419896,0.8483033674856134,0.04210851800220298
1366,-0.21137474735612966,0.0939575205867992,0.05879467421045063,0.04594248822361561,0.5621133429325772,0.05878377043685845
1367,-0.0772006000744307,-0.47287751561248215,0.028563158501104025,0.029878231634237574,0.34333717130927266,0.047823684889488904
1368,0.02497675404616779,-0.02441822534350878,0.03313501533475175,0.019776089506163233,0.8505102713358811,0.041786813769207565
1369,0.19731186534801554,0.4215045905244764,0.1313292384509436,0.1265211774054586,0.3052383944910432,0.10032924981521649
1370,-0.24436875977480801,-0.2579821804041591,0.06261358679222459,0.045318930126291304,0.9567917994164309,0.03580413086866883
1371,0.20536866702807394,-0.3420677274177819,0.09467132526865958,0.08299040916603467,1.1567060524568027,0.07140363543737753
1372,0.06256037158598916,-0.33735103114392606,0.07116990889821617,0.07150096115733402,0.73178066278789,0.051710603533175206
1373,-0.01053042590417304,0.026174658423366894,0.07453972488384042,0.0818047389970096,0.40433653490412663,0.10027622151231066
1374,-0.03594235065601525,-0.042237879472900614,0.09944936108739526,0.09806340389524482,1.0998432492612253,0.048853056340450986
1375,-0.12968235605968378,-0.5407486943247258,0.11777079223660195,0.12761878910726035,0.4130240507245892,0.060614228972946674
1376,0.002865608562753326,-0.02220759688590835,0.09867191384170831,0.1001463017730818,1.2037780736667318,0.11591920036372722
1377,0.004922603894820057,0.014356820040012824,0.039948472806774285,0.025152420982387947,0.571628155407849,0.0497179565500065
1378,-0.02973059597102391,-0.0282331532149233,0.05272738287498836,0.04246330974125052,0.6345019651422934,0.05277771702602818
1379,0.570771192242435,-0.2971535353384516,0.045343239270618695,0.03963334116838419,0.4791222604917446,0.0560276087515963
1380,0.5446185409540509,0.026787478791778348,0.12118863976837521,0.09344969488849149,0.37053604229992937,0.10609537731677866
1381,-0.5457025878216228,0.538356833624815,0.04617916347000334,0.04433878229626917,0.5689380831293382,0.04395326497130514
1382,0.12748885872248117,-0.2714143377371178,0.12212329327631093,0.12234636911081112,0.7040438115623623,0.05737575394027491
1383,-0.0961930823278042,-0.06805407783041226,0.025721011755748004,0.017494154719456315,0.43227354092447434,0.03316801181033674
1384,-0.008951172291719411,0.006332399948974875,0.08381176770594377,0.08680325983673874,0.9347255201226928,0.04297745240095289
1385,0.016263802557519996,-0.008797253598418922,0.012949700845828705,0.009499005569310038,0.2251021477875007,0.03722876496718527
1386,-0.10526902388387353,-0.009536758163483998,0.04675800675973816,0.03045680106379042,0.7487013381422365,0.0561285102041213
1387,-0.2101680714905342,0.04251890977603311,0.02399179615904149,0.018958765317960712,0.15115231969296422,0.06610703335834096
1388,0.00616674777713794,-0.07809800801730377,0.03220811188043027,0.03070043590549697,0.34629100776412797,0.05080432845379462
1389,0.015597680728230109,0.06603644665794013,0.23478736642273854,0.25574082114734087,0.4870695743602053,0.06621861067076096
1390,-0.0005012201956110251,-0.012112230371433049,0.10514158303138778,0.09918150581031941,1.4423011009492348,0.14350124633564773
1391,0.1331973339469629,0.5795364948833367,0.06580872188244108,0.06369523316999315,0.8240990486555294,0.03562717715871107
1392,0.3361508374899107,0.19513423845137076,0.06393118896026108,0.04372016070299187,0.8176804018750424,0.046451860576553025
1393,0.21843379332303584,-0.060322195663881084,0.03805164152959267,0.02451091576262812,0.5939064952751415,0.0752828727773011
1394,0.01469087784099946,-0.23692018053274733,0.06928749159398191,0.07217579489290867,0.6674372115844791,0.09777927860392978
1395,0.3591909785879424,-0.5300910530109506,0.026190737590446555,0.027541250133699374,0.12346021869194873,0.06530011316843556
1396,0.14184780038597258,-0.24055062532238697,0.17874996980794394,0.17052024442957847,0.9046557499963132,0.04885331681963446
1397,0.10178766075140301,0.24149696835144485,0.04102195557259437,0.04075291816392895,0.6172171356788306,0.03787909472846481
1398,0.010519533881192446,0.03397122555936917,0.05964039341015588,0.056679266537160516,0.845295945822403,0.053624693997457056
1399,-0.3736073195416741,-0.6598332360812791,0.05306350055210181,0.04934071722272928,0.5630078659320598,0.06121791327750629
1400,-0.6220751015330812,-0.10726938583729165,0.05407753176965607,0.04507224810075216,0.7544636963292622,0.04782223479393145
1401,-0.6056827909955308,0.5815139679705559,0.06840294649428821,0.0713248014147308,0.2626984110553761,0.07362536963557269
1402,0.09427618872386667,0.9078107170289552,0.10858055737570074,0.11463013326917368,0.7919290635859778,0.04045661162570979
1403,-0.24444910808147316,0.10514435074807565,0.055510343707599046,0.05284925859319716,0.3090506989754666,0.172146580317658
1404,-0.2679848515356947,-0.7025216640759444,0.07257654810046928,0.058785191520150826,1.09474729109585,0.04565719908340059
1405,-0.019800059272968417,0.01368196058810838,0.0363584350666443,0.032587075957044354,0.4151174435076416,0.07120593840148333
1406,0.06882051271432564,0.0406253679795882,0.10541454043296913,0.06447777717809931,1.123124002884007,0.09859241093967619
1407,0.029851463357680713,0.1520786222881018,0.06694553351087028,0.061734832668381395,1.19755483395762,0.07978902304651612
1408,-0.17065574325270594,-0.11271006319085959,0.23525413874529225,0.1932095542821591,0.8836619826772691,0.05791653066228906
1409,0.04374564302587887,-0.10961337791661434,0.10334672823360991,0.09255548866019529,1.4161454193182794,0.14976014879918073
1410,-0.26192243577237434,-0.10384296880580932,0.20237589113765458,0.18536073895160668,0.9317477099542084,0.04642355895711866
1411,0.19281823139678547,-0.41366886394573377,0.06746232205937852,0.07112703499272134,0.3689576284027929,0.06531161331764584
1412,0.12735380919041056,-0.1721151276194974,0.16690930860854197,0.17408314997034088,1.3983667956295966,0.11247164056528133
1413,-0.08963523031605895,-0.08548589249744173,0.12505247718090653,0.1082749218559649,1.422839406709697,0.09835916904001277
1414,-0.0208763332716475,-0.0021726334426255076,0.10990734144736233,0.10244977029330178,1.9639490919777183,0.30103722889202883
1415,-0.029262832020388756,0.01975605419698675,0.06702056047275937,0.05687044597595218,1.069687373160705,0.05670925655647775
1416,-0.44758999851221,0.10724465179157146,0.04959125882582961,0.032394002389683194,0.6157326707699836,0.04349082272601784
1417,-0.069928044574643,-0.06837032398141177,0.08413107953741122,0.07080104646895086,1.155875613527156,0.04841233337975066
1418,0.31756587688947724,0.007006357866309503,0.13485699506347912,0.13268331701948724,0.781005911370741,0.1311815979036708
1419,-0.0007694143740455074,0.0008510909026064623,0.03907365045964419,0.03904959759716007,0.17119181004792527,0.1194648605058458
1420,0.08571047396723867,-0.12880580826346824,0.0810304997485867,0.07758869228788219,0.9820954521123694,0.03995092923528866
1421,0.30352808513316,0.44191391213526976,0.02375395123274961,0.023183460947632847,0.27427709089612434,0.06825923315850171
1422,-0.032719119892230836,-0.0021197396830030194,0.06363137718427275,0.05363531536241231,0.6264369478062617,0.05134322957414475
1423,0.11499268099492241,0.29431241161415833,0.07846748728183667,0.08384822532079056,0.7889400601321356,0.040988891480627676
1424,0.36330482361480665,0.10780387163472278,0.12291708836505533,0.10502767064525534,0.3826589995493592,0.08519184097457468
1425,-0.08127613075767028,-0.0184756853487816,0.10189356889016052,0.08002172320999759,1.1416676069947136,0.04257567211579837
1426,-0.05098664879182689,0.07244965102282312,0.11528481291189474,0.11185019592953797,0.11446305090261116,0.19412301717966646
1427,0.028092845004841417,-0.09768252912538769,0.050427318930348755,0.04576774188687239,0.6008965751652582,0.04325562422802572
1428,-0.021826348835045233,0.047360411332194194,0.08815254729173737,0.08282625889944939,0.8641319726697158,0.055741134637005016
1429,-0.024369752858224944,-0.16755232541069712,0.1348423986281205,0.1770535913391347,0.8214676675043537,0.04285446532006154
1430,-0.1894188305740416,0.05001960329321696,0.10531203441701029,0.07377304171741499,1.0973562366245144,0.044009107970146615
1431,0.00765184512379371,0.10976570383709008,0.03143295154406999,0.026332815817428943,0.6164861783245711,0.03980882752871343
1432,-0.10552788111179814,0.00021372064188352434,0.09674234044043331,0.07282743833931,1.1638333876957583,0.051020986988763804
1433,0.008364322794294719,-0.05653146350952539,0.04056472784141482,0.04163689612852526,0.36575192405440105,0.09540236783756681
1434,0.048500385050023326,-0.028254190372773144,0.03838800657896947,0.026065557237114668,0.4915450599915084,0.037763594652538514
1435,-0.15393940060487363,0.03406960890081801,0.0994431403650995,0.06110726216878547,1.0697809357740362,0.04548280591669758
1436,0.3531156284697977,0.619676136186717,0.14603053980219885,0.12204587614089674,0.43548281099340136,0.05998276977731455
1437,-0.01789163430148137,-0.019404747747807174,0.08548329122518081,0.07002289940257263,0.7398036459322632,0.04577239695599947
1438,-0.13524806692164365,-0.0147235521644902,0.13405034516460326,0.12934065528691893,0.5368101957134294,0.07363255862290716
1439,-0.0019794472605723402,-0.014423641118876538,0.05384512084548887,0.06684441886723114,0.1395235767805109,0.08472479679306019
1440,0.2051750917886924,0.12528971611319603,0.11397034736940581,0.09899766642534535,0.3088911428228126,0.1224951921167771
1441,0.012932333275980342,0.027457535870239975,0.028503578077345642,0.024759156563803574,0.3827113552590533,0.046966740146995
1442,-0.17246627942019968,0.3544977064008036,0.09284554303602957,0.08380542033429032,0.8996976853926216,0.055638625373297314
1443,0.5515525680325623,0.12182124375646823,0.035216736907912376,0.02631576726518882,0.3072611491140789,0.09545062737517485
1444,-0.04946319015185674,0.02871252043817181,0.02669764033386577,0.024999061917214183,0.2503543741434455,0.07031649747533346
1445,0.284866024478876,0.017485327997119993,0.04737720324379284,0.028968602095297703,0.5093450270938799,0.043251651213677085
1446,0.0175676871637501,0.05255494319933629,0.17907142614480315,0.19447675877302906,1.4116707468511565,0.14933788411072574
1447,-0.0035852297432915937,0.8999393841880262,0.02935362352125493,0.023184077498010127,0.29289254238494244,0.07199892244767171
1448,0.4065185405257307,0.10821321133741026,0.051864829902431415,0.042321100635803605,0.1757566913020091,0.07144439020506171
1449,0.015020958646622848,0.025522099827626987,0.03875446043792625,0.03125083134094959,0.7561863729219559,0.035844799845833566
1450,-0.43684079674441517,-0.6110278615297918,0.03505929267002393,0.03279576831366958,0.5751425571196168,0.048373176645986976
1451,-0.15898036411565117,0.15740443645096205,0.07420778562616655,0.06070405162734979,0.8805446334068998,0.03963687601373341
1452,0.0339101641764667,0.18559352509915142,0.09360909886808573,0.11145693619974159,0.5459977109603716,0.08114296863551916
1453,0.15723742792681816,-0.1841050208749202,0.10194782403041674,0.10927413259127867,0.6336659794422866,0.0553806831312826
1454,-0.23604541970495607,0.18954519188250932,0.06289745008805692,0.04866177970499779,0.7356131760544679,0.03590236337885245
1455,-0.0049092793882935986,0.0017961696707190188,0.07998937374668055,0.06964598134929716,0.8993258399406522,0.0460445977281338
1456,-0.2281921747856019,-0.14359155031592752,0.1890301009019367,0.21868814903882647,0.523055914490178,0.10440158325182138
1457,0.0561569293292293,0.2065581438638937,0.11179061195261518,0.13487945827913278,0.3206142946134519,0.19573390469821583
1458,0.32187500595049556,-0.45257200113472046,0.15068883577989048,0.15964730118163115,0.7437180639021299,0.0651859922150139
1459,-0.006606424524999341,-0.02967742165825804,0.02015110004435042,0.0161438294714723,0.18739362631020934,0.052977843649475005
1460,-0.032128751490706056,0.2687326119116218,0.041238591764538875,0.045262544227751694,0.5207297416406924,0.04227895362989737
1461,-0.07303150946881058,-0.06849703950983205,0.06998530669041143,0.04566899369472119,1.2894557687939996,0.09774829961532885
1462,0.028949843044269247,-0.1034007499360678,0.07725858088957516,0.07608025135170778,0.7726745438367956,0.07122007328542207
1463,-0.03497633126160043,0.051329870597717736,0.07616193631007592,0.05921768952798672,0.9235794312207494,0.04708239878478809
1464,0.1094928225629609,-0.21508137469622657,0.12007104048591434,0.10654752865256119,0.9137460454793916,0.05030956345388402
1465,0.1831267899168096,0.05072470462963995,0.06393089878500849,0.05813235343942412,0.1328547080174805,0.10179022105066524
1466,0.45664321418330467,0.12031560098049186,0.03673642194988998,0.023368301654710863,0.4419090210304729,0.03487252276925202
1467,-0.3186898094581606,-0.05242059173515046,0.2240000724910562,0.15945640830907795,1.0848467102357693,0.04859939426985301
1468,-0.07421376288321824,-0.16204021693480086,0.15512670747651,0.16992867411635185,1.3296261795027544,0.17761508177091231
1469,0.1178258017303949,0.026295623943289152,0.06523191579211202,0.04636719186570413,0.6325084919217889,0.041378124186897555
1470,-0.13627927249230792,-0.5724715808217076,0.028303957569406783,0.03699129666339313,0.13843581885801812,0.0745401665969532
1471,0.2782829989204711,-0.34132170461100036,0.15196043159426859,0.1536998298395319,0.6031860142240552,0.054782999175029844
1472,-0.06155219116316813,0.05581230903958738,0.044432188447984536,0.03918373309896378,0.3658718305505517,0.0561735846416623
1473,0.037245567987847866,-0.03288610924364541,0.06921623776334543,0.05965881083176467,0.5916628678992835,0.06572240067309436
1474,0.22023603790629484,0.18871579252534493,0.07597433454067185,0.06002650235851246,0.7908060151496807,0.06030215602703281
1475,0.011464883023472063,-0.14191392172592726,0.06530493816968076,0.06371983803973182,0.7415866502728662,0.03939684890201816
1476,0.11293373793577427,0.17361703325468725,0.11166372083943682,0.1339178729856088,0.40230501392483126,0.07989218522415702
1477,-0.011370404944221075,0.008672126171568298,0.10172594486111906,0.11845380841755151,1.8062608035361978,0.27218438574378323
1478,-0.09795198642375437,-0.08312532731195572,0.11886766581318521,0.09876383458648044,1.0674386680280303,0.06062998537992034
1479,-0.5192551011404337,-0.06102944387809419,0.09976607705705362,0.06388322750238964,0.7314407378571461,0.048759267054023406
1480,-0.017577689875868684,-0.019712846805831775,0.05810038916807909,0.04781951950768723,1.6021986711500864,0.17898284737462722
1481,-0.7874268680371894,0.30632636164155735,0.04435116951361276,0.046447359341780604,0.3954613258754236,0.07289427208370715
1482,0.8803002858374107,-0.007870463131939712,0.03118567036126787,0.02491245786766582,0.16024738706941288,0.09844489063921742
1483,-0.40743320368089936,0.31575605352397174,0.12902344341819458,0.10004098420244141,0.7877360993659139,0.04751723528949677
1484,-0.21452068073879807,-0.08645005684559255,0.09491487184486488,0.08261630937861296,0.7985136411478425,0.04557653341982656
1485,0.281549932508307,0.028547153215721842,0.06358605889554612,0.03637153211548682,0.5924699528222755,0.042550385586342526
1486,-0.09622614315590959,0.0578993596951283,0.22410753089600383,0.2282584950040686,0.4591146942176832,0.06941139361896505
1487,-0.2806792136112771,0.2540815202052555,0.12315591171567616,0.09117528058660834,1.3168140814590314,0.18764300346317017
1488,-0.10849220810398304,-0.006850339161586811,0.18000917962162075,0.14484763222191863,1.1940199595888565,0.09786714536450801
1489,-0.2700834956376048,0.19269709222203954,0.053180528264645664,0.04898316099811563,0.4815979794281051,0.048075876102644556
1490,0.15167622884416182,-0.09782841166308753,0.07213694649838892,0.05326146954435093,0.7876547370501447,0.04128316432588288
1491,-0.629489872145586,0.3870483959412912,0.035358398334690046,0.03209693728914712,0.3189924643411505,0.07787851399913133
1492,0.04197816427092528,0.06919058717572071,0.05048329231300544,0.04268600880932764,0.5931243373785604,0.04796771447130992
1493,-0.23038158923666704,0.2515759814834351,0.14607567262506635,0.1628822388646252,0.3707043426068964,0.09657006661276828
1494,0.06450838600697241,0.011471379772697741,0.021558831836823743,0.015902306326768235,0.3844177630718462,0.04112092166841317
1495,-0.05543349468850048,-0.043129457220851465,0.0759543424429178,0.05584087786227538,0.923993709200433,0.05171087597460507
1496,0.04990856138546183,-0.029401543426823676,0.06227512228578425,0.046843502168002815,0.9129369965245936,0.0481773001602323
1497,0.027684411253301257,-0.15708492269177635,0.052968620567449866,0.06736956126417538,0.27803802397418076,0.09522522464463595
1498,-0.20568294513947222,0.04091581220137085,0.0600975238911765,0.04981303303409265,0.25200908540477807,0.06348441602856877
1499,0.7680732239286732,-0.23925976131953194,0.03834129143060699,0.037258292715521814,0.5537607885515348,0.043402754737549766
1500,-0.06034157384936112,-0.09021577301630031,0.08459155385496177,0.09946742149665606,0.2346825931133848,0.3099670163861458
1501,0.007863153565656315,-0.027225908677228357,0.09190584066288185,0.07964624467074173,1.476374896790473,0.15199042995151074
1502,0.1602443657979504,0.1352620558655768,0.08794990585348735,0.07023232649948102,0.8404652780989316,0.0567721806237137
1503,-0.07319389754655527,-0.11422657183774254,0.07403304983985246,0.05797441216651421,1.2767468900877208,0.07815205106575435
1504,-0.01155835451439882,-0.04709110767605788,0.06908764017482495,0.05837749944360101,1.0531944933127557,0.07302476451566182
1505,-0.03566213823213085,-0.027818919843754248,0.03724358520149551,0.031154437924336906,0.5498698812163922,0.039707669654556424
1506,0.02619211765540727,-0.3096225968614133,0.07703468623505212,0.09512113914499772,0.5706088296906425,0.04553468891443118
1507,0.06339064760455479,-0.04733837867487531,0.09577552071962142,0.1002184850151526,0.4025756080023559,0.06639742714178032
1508,0.5108247902385387,0.08644395283781388,0.06287284465442004,0.046729688376236,0.593731160385355,0.04437224335958936
1509,0.012726191712741964,-0.01971453525010338,0.08095089461692997,0.055691225384283526,0.8868431858515753,0.050391649529654275
1510,-0.03175315832259707,-0.3067978078611832,0.13949996882387797,0.12253973848502552,0.9123390556920499,0.06069818444659542
1511,0.018063406887434547,0.12242973831161906,0.10520680261085391,0.09582984037667945,0.970698398488276,0.11443166749592347
1512,0.1719693330151192,0.24311047070207387,0.07506478251196683,0.057754585196968376,0.8328841991302196,0.05700654704015746
1513,-0.31136872415247957,0.6043234075588468,0.04174775718730567,0.04661551700601508,0.5181208169921477,0.04577566154066774
1514,-0.01700855639266719,0.018506714433095886,0.09442208306117267,0.08265875125209847,1.3739365633656124,0.09098140807441767
1515,0.07314004989408837,0.01853549773131937,0.09698982051543113,0.07182425555619756,0.37564794103763915,0.09841540745128365
1516,-0.06412292146641595,0.04700716505630298,0.11062918454074551,0.10672100151186467,1.3619390234105384,0.1035338433958569
1517,-0.6300750538543619,0.4031252955618589,0.03340378701295864,0.03044622546777294,0.14387449245772427,0.10251429490646612
1518,-0.11967059429295697,0.1492267846990132,0.1628888483455568,0.14039989558849245,1.6107390628384461,0.2549705506005086
1519,-0.148459301422681,-0.46150529812166413,0.03221543272241891,0.028373048000338425,0.5524810398095658,0.04224165460915392
1520,-0.055713322336330896,-0.03985069843249086,0.33219807484834124,0.29683994058940666,0.6257980415696739,0.29435507805939903
1521,0.3785452925907823,0.3687261867625179,0.13562701527769672,0.14415371196475524,0.21233133436775542,0.07883638031689719
1522,-0.04577679384810389,-0.0750322961047351,0.07526102676542958,0.08499627155727128,0.4832987146154052,0.07573025155601008
1523,-0.26458622614637073,-0.7771501073385474,0.05095996886828057,0.04643844032406627,0.5317199917367003,0.057190331369679624
1524,0.020697521826936592,-0.11948849408249822,0.033019454430506884,0.024388838788415555,0.6264788152051496,0.044388609938579224
1525,-0.02793764035484494,0.006198492003314049,0.07470132744166214,0.060034593741723964,0.9894466874692236,0.05069776893132164
1526,-0.03714865922270602,0.04666025961159333,0.09105277629145252,0.08323425416486037,1.5141207006915132,0.1859505091624633
1527,-0.08253220204914657,0.41008158335647477,0.09759619254326243,0.10720167692507808,0.9804774881857912,0.04194334723626862
1528,0.262824805356768,-0.26429453405048936,0.06194753309361911,0.04815121214012189,0.6257718345608291,0.05049398375270228
1529,0.4407583852073687,0.16930151210050906,0.15342668330356896,0.14488559042249224,0.6353961753668175,0.048320450898137274
1530,0.00035635547472788183,0.008794547066966687,0.03478951805618139,0.027568377706578672,0.5385449091644657,0.04897148077179526
1531,0.13175448709522372,0.017538824139175263,0.0779169607388551,0.06643701373273303,0.39211709021899577,0.13029764665019186
1532,-0.10174223312083515,-0.1054831230614383,0.052798654496284514,0.06727908988383664,0.3943079906606455,0.11932643419147707
1533,-0.21218536957693096,-0.07832560703414894,0.24533266523343467,0.22675903485248403,0.4501918487102085,0.08131172635037996
1534,-0.03887832478880579,-0.02528327079504948,0.10880883684889237,0.09268960258450391,1.8826468282030777,0.2789241661720976
1535,-0.3099025652092351,0.3803967446746934,0.10371143520647845,0.10923323470277856,0.20295858497608887,0.08941918591171776
1536,-0.3401099467363097,-0.09808284010585452,0.15050991790020768,0.10964820839174767,0.40410378016496534,0.06748776389728432
1537,0.07673203967311591,0.04740877611835334,0.1167957608361531,0.10329746618648546,0.4029234565357694,0.07392886685583365
1538,-0.006127052104860207,0.021164295901326034,0.09040624604905871,0.09786915586111039,0.48539280166825033,0.06824858973802071
1539,-0.039242845748408126,-0.0669682362833235,0.11404882570835473,0.12605074742828082,0.4173256841923465,0.08264849961480808
1540,0.015205347383596872,0.007968537623007957,0.0914856425708869,0.08673398243702383,1.4793384756957755,0.1594727156488624
1541,-0.19065523946458746,-0.02217097833840772,0.14746474631814313,0.11643125515338963,0.9700879497022427,0.040404313466873856
1542,0.5473698161570983,-0.06876255324754724,0.12783357263397468,0.10725607272143102,0.5113585048351696,0.09337848761278268
1543,-0.06951208581191788,0.027048776695457098,0.12603148260874378,0.11837400914636527,1.303812128829885,0.2067494714394851
1544,0.10908851089574395,0.5730937849659349,0.048063930675233894,0.03809486855716387,0.8608315878622508,0.04412265107749186
1545,-0.2792813551214741,0.31038368985601567,0.21711442556521698,0.18953420923578013,0.6209166653617639,0.0543333467032559
1546,0.1653269594460717,0.30213793782010173,0.13534798001097822,0.17368510451701902,0.4195745897326198,0.08016682055218148
1547,-0.005071025654233158,-0.004046021269471527,0.07415071378798471,0.06526709183141766,1.1510681888483545,0.08067174707144914
1548,-0.005948639611877773,-0.00833248844651989,0.04654830255570043,0.0458373698569078,0.3650355549423891,0.07579070897239089
1549,0.04374564302587887,-0.10961337791661434,0.10334672823360991,0.09255548866019529,1.4161454193182794,0.14976014879918073
1550,0.18954046150154288,0.09349718719560238,0.10200495249286173,0.07879170754491772,1.163543639623464,0.050966508756110314
1551,-0.1163511082310567,0.10187955956753285,0.08761001770537534,0.06715010452983461,1.122422630808935,0.05400103362449063
1552,-0.3305788446833898,-0.1414324674259328,0.09894667810664842,0.06305572320928299,1.2670610485019287,0.09745951324322565
1553,-0.7491969329534924,0.2104177098527778,0.09597574632530508,0.0726746633888627,0.42203519398036227,0.06322446889550172
1554,0.007148476642379629,-0.07817618705224885,0.12065211287700789,0.11515995806556652,1.4277181550386333,0.17895378523194833
1555,-0.1542341974845615,0.3701819039999208,0.14394153150406427,0.17344752108132935,0.8987484166054861,0.0412373609088464
1556,0.8545908573400093,-0.08325442435527446,0.06071121810052597,0.06170614157102806,0.45853283093027203,0.08541687176173171
1557,0.262824805356768,-0.26429453405048936,0.06194753309361911,0.04815121214012189,0.6257718345608291,0.05049398375270228
1558,0.0806879348731971,0.11241716634699396,0.11142427311942069,0.1074735951992959,0.4534376218074401,0.11382564270059821
1559,-0.14389632718633727,0.08453721790824868,0.08457418181773403,0.06729072289078093,0.7861275714504771,0.05057882140646903
1560,-0.014384845397138668,-0.11848370544151439,0.04901672942518288,0.05118381360350714,0.22666845669072572,0.12276958986894045
1561,-0.07595446126800595,0.34689966555157775,0.03188017887939954,0.037354365044832076,0.3699313023466775,0.04943481721707706
1562,-0.43046514767667815,-0.5409162631620412,0.034266856173280215,0.033214975647582315,0.19978919812625656,0.0908304229320954
1563,-0.18606747556247,-0.12756271856026127,0.11754773562659387,0.09759987764400883,1.5739294326674833,0.18959779086771192
1564,0.058682534841113805,-0.40090313206658373,0.026950518137088944,0.03267053491540679,0.22649135543369037,0.06391182974351618
1565,-0.15357781367506224,-0.03289763574885609,0.1612814984001442,0.10535502100422711,1.42752944207232,0.15121479715728
1566,-0.0037904859116897885,-0.09831323278652136,0.10171814248983661,0.12082200259179238,0.28739733759405905,0.09309762761105965
1567,-0.433129471472015,-0.3583707641098342,0.037115063510730344,0.0338894660389413,0.48583353933136564,0.05306832358995895
1568,-0.22182294886518628,0.20626850417737866,0.10902501358021838,0.11018125815780722,0.4002916885636446,0.09081790292872535
1569,-0.14656706900839855,-0.5357793999017952,0.07523130655975113,0.07815983475221702,0.7972160763951976,0.03910918120882884
1570,-0.019947471536994183,0.08661172202866099,0.07938140075150142,0.08803943145271019,1.3178455729108776,0.1325712205825625
1571,-0.0909931412274499,0.33516868931446603,0.09457904264176487,0.10448209908794263,0.7716594379694036,0.051526222389981745
1572,-0.39523830107279156,-0.2707532425012507,0.09905223688523845,0.07368735851215959,1.129964272219676,0.15778788110997147
1573,0.009975983422985297,0.04343553391659641,0.09746296625037863,0.0905161598307053,0.6040633659372536,0.05881150597923517
1574,-0.08912344222812894,-0.08426097137079566,0.14482597326753566,0.136615020797127,1.3711501840083762,0.19121780161118265
1575,-0.026176109205052693,0.007150582021720529,0.09620827043040836,0.077247186123012,1.8537492453309998,0.24571983532184016
1576,0.23380754401334222,0.390591927532367,0.07405816323776038,0.08146445290917587,0.4526008645492431,0.04637840599928008
1577,0.003183755653818186,0.1499503142281797,0.031053493096251928,0.03312784159858013,0.37412701926572856,0.06813186235048341
1578,-0.015805415108802227,-0.18159843703302805,0.03740544785254206,0.027274511414249525,0.6432234360468466,0.039435317641685556
1579,0.12406642871144942,0.12763418598942264,0.02633006075128157,0.0186803400596623,0.3432381514857511,0.049464104077084875
1580,-0.029506200656829074,-0.16946703240896996,0.04327789206542423,0.03114427362750077,0.7765727846091905,0.04475306842610419
1581,-0.021645304710452326,0.010387606112584347,0.03108142190628266,0.023269507119157515,0.5249290696353957,0.043284183251864866
1582,0.010945603383339548,0.009776023964556521,0.11663605976219348,0.12669732349014232,0.9177184947456469,0.05009371824637865
1583,-0.01835598042085033,0.1096309040730945,0.07769394000362381,0.08447846538357402,1.0778164966700852,0.0469870439626737
1584,-0.05007007531758822,-0.03521631172354425,0.07763034968133574,0.07781722488077411,0.10350293857446058,0.09633965025533907
1585,0.034933531533037916,-0.0004620199296782434,0.030097949222176935,0.02363048388144878,0.4535510607702993,0.060452355891714486
1586,-0.015018736096072231,0.008657241657090477,0.03367926061688303,0.03316365508956119,0.466586724104465,0.08305905515422203
1587,0.23872272422347152,0.15952297070544746,0.14687438067688768,0.15115194248633004,0.8946375438065489,0.051639239303654494
1588,-0.22810468642070192,0.452263962020526,0.0728234209650452,0.08467115655770091,0.8308475291288705,0.0461938603854061
1589,-0.008454648318069479,-0.0030501788592862487,0.029751236106033693,0.02045150462923647,0.6684511598541083,0.03965886737223093
1590,-0.4748801293136205,0.23993503176351094,0.1351956877108949,0.11603992280125712,0.20194334429111177,0.09616776160413583
1591,-0.025808371007456476,-0.07950928466841818,0.061456794933041285,0.05754274999459835,1.1041413556705415,0.053654078083097086
1592,-0.11429791681285527,-0.12195441636781978,0.06579986857607832,0.08086128894471056,0.12826375935470108,0.0658483495594925
1593,0.01616818533042315,0.047243823265454496,0.08992537781947144,0.08832090711795494,0.6797870180793258,0.040569568750486965
1594,-0.09091907679604502,0.15808968819904815,0.0744686513841603,0.06614961514536002,0.5966969949574237,0.15472314500828058
1595,-0.004927150077826036,0.0036778613107028586,0.032644728574546054,0.02595000973954056,0.5939531809710986,0.046678589569587016
1596,0.08580986659611314,0.4989878975189201,0.03277037148478494,0.034826338328222586,0.4537390314910419,0.11261356255961322
1597,0.0018243246948183376,-0.0061271993291734115,0.10722173721580873,0.11729924138585131,0.8845471666595183,0.054599020607260074
1598,0.3479737329537632,-0.1276348699010614,0.06637428102151124,0.04748556790944318,0.45881646588541314,0.054880690063764365
1599,0.15972207456196386,0.6692795394025943,0.06378461426981767,0.06358754097042675,0.7672611843758999,0.03706848343996237
1600,-0.08291487785401493,-0.06653612463627243,0.09958947330177675,0.10322806379459087,0.4461557314877498,0.05681037468393728
1601,-0.2847153367943873,-0.20507284127992748,0.17265357813598203,0.13326504760468946,1.3619990032519054,0.0988924010739024
1602,0.1885726357283035,-0.3953948676358575,0.16157813565569829,0.2216325841242353,0.35973911203653586,0.09262631765464172
1603,-0.019373288670461106,0.007877022199598268,0.02410250950011858,0.0208582422828009,0.19672486500113806,0.0757231088740114
1604,-0.2752018015778206,0.39958441821418383,0.04407062808073274,0.04366276193387797,0.16081092127415259,0.10023435652561141
1605,0.009184519485458915,-0.0634635457093079,0.1395745350586261,0.1261467719131042,1.9779243362849068,0.3927087858917205
1606,0.029446020068275264,-0.04780290681887438,0.11256115588470236,0.11313656357182253,0.9855208100209194,0.06653944272152545
1607,-0.00932584561664078,0.009332011951474572,0.039741111902632055,0.029682957502137074,0.7240200003876366,0.050394312070723236
1608,-0.06272032689948127,-0.06282889033658916,0.11020092978538097,0.10776263821503308,0.7366260403948358,0.05386970757680023
1609,0.08254370635870834,0.11364796010714019,0.03839949377301146,0.027728858285063888,0.6048269284303821,0.038998224720556585
1610,-0.006606424524999341,-0.02967742165825804,0.02015110004435042,0.0161438294714723,0.18739362631020934,0.052977843649475005
1611,-0.12086141056841222,0.051964075871160836,0.04302730947322612,0.029142781070437405,0.48614083107927947,0.04506566557077873
1612,-0.13503475156789488,-0.018314199334720848,0.02158374824310381,0.014163835436398734,0.297646381334527,0.04999696951216333
1613,-0.06716518101054413,0.13207259745533295,0.08155450994294791,0.07716205237347631,0.9161515991607316,0.041844923770037
1614,-0.03528571842697065,0.06389300418066192,0.10242205406685757,0.0999548454553934,1.3992167734416756,0.07114591844917027
1615,-0.02648699899383685,-0.008907838043962706,0.060187341039444245,0.05664904428243807,0.728959055457142,0.04306846371974354
1616,0.013211718918042185,0.04298226958747868,0.06304756705766397,0.0547647947765586,1.1500877309421116,0.06448351226444285
1617,0.08059000776759292,-0.06820539367300332,0.03179366981563229,0.01844094296630932,0.6984741027017524,0.05572613815683592
1618,0.00453582886590296,0.30439564895672067,0.06281422777987095,0.06920449495190928,0.6635191531923856,0.03789677324040493
1619,-0.2507544000439947,-0.6396612461830022,0.05358680468520891,0.04331570683934769,0.9041414636512239,0.04197049274152165
1620,0.10303318175938762,-0.43987176675761097,0.10242702385612243,0.13609062376003073,0.43580687839411764,0.07566379901437142
1621,-0.021309377628481868,0.020237472374214416,0.07975730154589909,0.063726064990908,1.2033722323374731,0.09248553454021975
1622,-0.030534947711861576,0.20237250446425492,0.0727553917438987,0.08331297537313004,0.36202400750632574,0.0940454497685767
1623,-0.007612935100300756,-0.04214052574619334,0.08241898336610248,0.0688958181697748,1.2676861013809984,0.10747447414165301
1624,-0.40378958125306086,0.22312072384294002,0.16645897793904474,0.1232050180094729,1.0279324393995348,0.05242625310211599
1625,-0.743350296480821,-0.024599675207889637,0.07689304662826081,0.042613543362980656,1.1772837695939722,0.08092555737291297
1626,-0.035680381250780116,0.020198956285920187,0.03320313724571175,0.02183241768278264,0.6252539119049803,0.040412575221221804
1627,-0.11429791681285527,-0.12195441636781978,0.06579986857607832,0.08086128894471056,0.12826375935470108,0.0658483495594925
1628,-0.012400161404168643,0.1079822675875601,0.07197228817677652,0.08788555585147073,0.6377489004719226,0.04102659209079664
1629,-0.23609687917772323,0.1176358687924741,0.025804270016885032,0.01817930043480845,0.10733081615066464,0.040100338673355954
1630,-0.07444428434781757,0.0062113432198957295,0.08679523544419512,0.08354191931679325,0.8813775553193252,0.048566663964772966
1631,0.01140181497964733,-0.009302233401588396,0.027119229128497672,0.021886720131020464,0.3512588185201571,0.057347110333216926
1632,0.12982277705081502,-0.31276454550793525,0.02338473762779949,0.02298910136365037,0.347956142245328,0.04474450686020672
1633,0.10470397275508578,-0.20033408964093694,0.09840750880334002,0.12710903418429342,0.7157656729959467,0.065851813256446
1634,-0.10814798674838313,-0.03803691875764191,0.047426273214863375,0.03216225246316216,0.583455150548414,0.040791357825555735
1635,-0.018884256641935927,-0.02121938547136179,0.08450000003607969,0.07876131541371573,1.197514806311201,0.09938803155382843
1636,0.13561210925604295,-0.2431999669770301,0.08336411646346462,0.07654045798974335,1.140911900532439,0.09292097609232645
1637,-0.05993652999203293,-0.01586010580786353,0.12304738180372517,0.11608625949079195,0.38580130425642345,0.07683387320412818
1638,-0.1410206921703157,0.24109035689772046,0.12297085421292236,0.12096274416763483,1.3536897094048226,0.16796282916577668
1639,-0.07894192303857434,0.16107281497252413,0.12727098821258465,0.15021333675976808,0.4028841830864961,0.09884791492100825
1640,-0.6107752643299312,0.3588116165615578,0.04805823973587368,0.04556093990181263,0.38372891277017834,0.08908610480907247
1641,0.017694051351371774,0.015181301976790027,0.045259863747454776,0.052385094120724,0.16724661874995678,0.08323175164456224
1642,-0.016387004766225347,0.035527488909638506,0.11653139333982246,0.11026642212290137,1.5063172789893962,0.18724707969361035
1643,0.6224681467278386,0.14818440662991836,0.037922496621408806,0.02319798949127602,0.33950119350599234,0.05349046944005868
1644,0.05805003252958496,-0.04244620144030313,0.08010260043440494,0.07389963187829829,0.9162741828642734,0.04301962781049712
1645,-0.017578185000994558,-0.054908454157167455,0.13677230484619426,0.10691555814002172,1.0821409079511208,0.1591785599824455
1646,0.03158571089051007,0.21362391827858757,0.06914637347686287,0.051275384923277254,1.3586671787589892,0.08967872776282163
1647,-0.02436978628142731,-0.0029482924133906203,0.10872354090094344,0.10113933893039682,1.523428853579794,0.14299629913648434
1648,0.558534534681155,0.5453742873306177,0.08394939024334273,0.07562936344635186,0.39182180428874347,0.09398966250164362
1649,0.27922268461877753,-0.2215806150523397,0.05717030027261227,0.053252666062707295,0.4085934719323984,0.06284554049973462
1650,0.036958594639552714,0.10617603354699177,0.08890065081125254,0.09846707740989882,0.8839961012678358,0.04305521362520331
1651,-0.018902929842014932,-0.002291308254393694,0.11184324184566499,0.09775428740233433,1.177436827829533,0.17158828877723503
1652,0.42779136094416964,0.06922783815458622,0.07734760669212079,0.0563572123219928,0.3533784206459677,0.081763294383033
1653,0.12019576227986767,-0.10842296989357633,0.055596470069208564,0.04989879265702084,0.20016926461532564,0.08345844533044754
1654,-0.03414232542579226,-0.09195102543578297,0.03774649919207836,0.029119627552759517,0.5796236399124016,0.03713110060707304
1655,-0.48553371488978203,0.17843352742869342,0.05961948045953397,0.04472683423471025,0.3957044560250159,0.10198546728452143
1656,0.1353276584305837,0.007091756914434507,0.04321911306440382,0.02359277274045762,0.603437783893414,0.04304286034917864
1657,0.19817653124420245,-0.44020421822656813,0.04396942322471681,0.060664829645618576,0.2689351638732579,0.08563313301014176
1658,0.14341338735767348,0.402594655303971,0.04464038015354198,0.050174325001438924,0.47972272198377297,0.04518330171638083
1659,-0.07534541843601188,-0.00930348700492327,0.06346405248294901,0.050341963028880034,0.7581975917195526,0.04628143793645064
1660,-0.019074796601451234,0.014342581222983578,0.04050521919205857,0.024538231325756273,0.7990813191775408,0.04319810382158972
1661,-0.33614493320918115,-0.15007606820228342,0.057251699987558434,0.038314152046557436,0.5821518943272103,0.04768285567176298
1662,-0.08957300397730937,-0.31856206071205095,0.1503667319441444,0.15996166874623904,0.14627129643998524,0.10162053052767465
1663,-0.34541351843536694,0.19730093806583854,0.16730245889180959,0.14614570942098368,0.356816224437147,0.09800886044797466
1664,0.04292180078070912,-0.08059217702549837,0.11995341569154398,0.13545915158079916,1.136005198200113,0.15786835439590913
1665,-0.11190795249164252,-0.09765402945061462,0.040413349485666356,0.03583733525688886,0.1609795284111709,0.1085526479330016
1666,0.4720746374639474,-0.43403238536881883,0.03787302731955715,0.028435271161581073,0.672908246455245,0.0401952743469871
1667,-0.033216417708783204,-0.02058221415760124,0.11217042256514621,0.11226042408617443,1.2725472033398353,0.11311855235162428
1668,-0.007236756651859457,-0.026241479513762597,0.04756002707529933,0.04468699494679208,0.2518560734199489,0.11040797498762622
1669,-0.08239552311795072,0.11875568409625616,0.1342567257233625,0.14689870662204807,1.0708904817997262,0.07514849136274102
1670,-0.24689371826336248,0.1919933415038489,0.08396238560088114,0.0600631808789368,1.1996001286465294,0.13827957157220802
1671,-0.17579346354930667,0.04698264831422625,0.20499202711741146,0.1635910998671775,0.3767044000195509,0.07542566633513383
1672,-0.02400832837434342,0.03656837669872517,0.09561136995577123,0.07492376289618913,0.5624719469852066,0.08768246664329386
1673,-0.06529986741315755,0.001886090964168365,0.07092106814623783,0.05379337782367842,0.6651169092446968,0.05784099564546444
1674,0.0863568354881195,0.16951035693427075,0.022647819024523848,0.0177459841771788,0.3557573479775333,0.04646167451826174
1675,0.6352746102943965,-0.19445863571334784,0.10912974194044055,0.08581346166839884,0.5627616475973686,0.06911795308700473
1676,0.013211718918042185,0.04298226958747868,0.06304756705766397,0.0547647947765586,1.1500877309421116,0.06448351226444285
1677,-0.007236756651859457,-0.026241479513762597,0.04756002707529933,0.04468699494679208,0.2518560734199489,0.11040797498762622
1678,-0.02670167149278569,-0.018063299399829192,0.07462131903850817,0.0797851346330641,0.9682067782190781,0.06163696850960517
1679,-0.29158432906245046,0.12423369342097941,0.14498272517213548,0.09081468550421466,1.2453316727111299,0.13724502055906715
1680,-0.07102781592014713,-0.008552668193631548,0.061130114028021154,0.04311315497010919,0.6258493311739398,0.04160139502028458
1681,0.07353193700973919,-0.052886540607892704,0.06956509282589857,0.05459262835735102,0.9677480404266138,0.039604877855903775
1682,0.08530368360258996,0.09748893795937441,0.12396563449323483,0.1177382609210999,0.9833939805439955,0.05465859472676012
1683,0.2113051440367829,0.2316357070365755,0.056467258789169944,0.037682230787492,0.761685378711381,0.04351936560655965
1684,0.14990220718950573,0.07500698926326489,0.20653787875428894,0.15368494563847176,1.057472832300024,0.07262969740231585
1685,-0.19100301356286264,0.4941178305312595,0.11096721457207655,0.13730090811328496,1.0349424463248738,0.07855360750751544
1686,0.1246192069031171,0.1518343784264299,0.17294386119332045,0.1876113474227392,0.8862201550708606,0.15640890545331196
1687,0.01492000425114118,-0.018814279726455736,0.023458488396271144,0.018289103825884206,0.43020751580236677,0.03253894747201232
1688,0.16300899799906193,-0.6006843049552877,0.030679292772391963,0.027244457758982852,0.5986822420970142,0.038061717309036784
1689,-0.07565874539734775,0.07609794610190312,0.06879351506905867,0.06462097551474301,0.8192295089399231,0.037528738743598855
1690,-0.10874348520482692,-0.036957895086463674,0.05854915358397738,0.03837009007038612,0.7964154530989026,0.04027720172359872
1691,0.11230801293505857,-0.410262607383286,0.03805687056400861,0.03314111243102256,0.70410461405603,0.05742429660545149
1692,-0.038291788022434256,-0.7078102057196564,0.06558701810960674,0.06497005229190868,0.558894930053678,0.05930596778575856
1693,0.08411756234597996,-0.061741265886759225,0.08580762271458432,0.07274902959827925,0.9411691342618145,0.036318954409512265
1694,0.08307638004233736,-0.11960188556842515,0.22331066020881743,0.23003774035845395,0.5294117573766416,0.08431952498389844
1695,-0.07748126038950716,-0.150543351888867,0.06007701159069336,0.04196600543256068,0.8255724413685351,0.037895370560335685
1696,-0.06628227575342642,-0.001649106066317036,0.09235989198008199,0.06770285048341218,0.9406218216762559,0.06013864258424769
1697,0.27383273281351356,-0.10927532150093965,0.038684793932373125,0.021995239617368094,0.6711184942025507,0.04251904985593215
1698,-0.0107135340602684,0.026023855514812733,0.10127927093194923,0.10392473203629841,0.2787248892503784,0.4994794436779035
1699,-0.06309094896684728,-0.012369954414505483,0.12325881724337284,0.10578224868496107,1.574992957854335,0.22815185943964106
1700,0.026018746074404714,0.12515615124446514,0.062393313107479656,0.061844927131681944,0.6784549731942054,0.04593397173241884
1701,-0.2228752208382682,-0.1208062952141344,0.10143950262943892,0.08046725378948724,0.8844808182272211,0.049488413682258
1702,-0.053876950938061975,-0.1036410646577423,0.044558080125431644,0.0313552797654196,0.7356438709064285,0.04415509739748714
1703,-0.000529245272636603,0.0034998029337900086,0.025283586421023855,0.01613353242979202,0.5546398075152063,0.03630531964624754
1704,-0.15771404622835847,0.10515188085286184,0.07047346034291803,0.04937643714069104,0.940196766329906,0.05090474036946248
1705,0.07170393209381047,-0.028283865581391156,0.08326360618949638,0.05862701206156156,0.9134747801046956,0.05193959123266395
1706,-0.11362174004812878,-0.003154104442303532,0.08796800825433855,0.07998582048939494,0.5933981387496452,0.06453684267355035
1707,0.09407822568390865,0.015076437797744148,0.042708119633637166,0.037208214364726114,0.45203767701003145,0.059214040750830074
1708,0.033600773061246786,-0.028761041213119252,0.09922739398365142,0.11638135215026149,0.44951314102832973,0.10942687151088012
1709,-0.270125685751711,-0.8756571209817093,0.05660198341702978,0.047340284230150714,0.6965850808196492,0.05380318440836937
1710,-0.17123355869536427,-0.11200259450800176,0.10483357142659695,0.07347599078811005,0.9653999015778358,0.048486206849673565
1711,-0.24907651204046638,-0.7665292414625692,0.0908443421232559,0.08549782964005928,0.43023134641727295,0.06480967072853712
1712,0.44993211973242186,-0.10958198950735869,0.06095519353687336,0.03870159024959277,0.6862370612580919,0.043835635766707855
1713,0.0027999319762480766,-0.06308679687491747,0.1004818705213888,0.09174922595304576,1.403427718733992,0.08517490762524688
1714,0.18409504992089754,-0.3643938670357136,0.15026538959054883,0.14721192408036393,1.1638602745401172,0.13716154509479572
1715,-0.22437622664770904,-0.047580402008950105,0.09045131243157051,0.07440866518684014,0.5214877695516027,0.06933756844368065
1716,0.09217039941415679,0.16433399083729786,0.0735631644239724,0.06047936136383742,1.326254137862469,0.07876603103223298
1717,0.07581517402370608,-0.06338770884406571,0.022147244296202916,0.0178898469091841,0.22482171711610383,0.059597653882197385
1718,-0.1117812177764108,0.02429085201372802,0.04066519424376647,0.02911666340631882,0.5736625586979374,0.10113102378733675
1719,0.04613205680937523,-0.08861931401516114,0.093728742505234,0.08945464484904792,1.4255943711926207,0.10203321934939324
1720,-0.09395229695322686,-0.08388565524367267,0.15732351818026644,0.15380138072226826,1.1398428290224354,0.051961201627603044
1721,-0.0217194654003047,-0.015076049901717577,0.0757709350672294,0.07204026784704651,0.4695900425019761,0.08568532462150154
1722,0.17100144456699742,0.09598171576534056,0.029925595568047084,0.02296652306465322,0.38058515146592803,0.044452584806631536
1723,-0.1475513503470206,0.01101620221627979,0.06177384922970439,0.044098353729576455,0.5611588885898993,0.04107572535901921
1724,0.008092057364301231,-0.04812284309068999,0.04953147795908081,0.039308972099563876,1.1276768729567914,0.061443774579956166
1725,-0.0735551652313987,-0.32224697974997707,0.15736719417911801,0.181800544342493,1.3968454974339486,0.10537284976304825
1726,0.2060759497017881,-0.2213304229205626,0.09101063985880578,0.08969591448856766,0.23340630273955076,0.08031733766721703
1727,0.011464883023472063,-0.14191392172592726,0.06530493816968076,0.06371983803973182,0.7415866502728662,0.03939684890201816
1728,0.07286085857663056,-0.2433243062238024,0.04896062378968337,0.05645785949726549,0.3128583595900111,0.09857036983692115
1729,-0.6107752643299312,0.3588116165615578,0.04805823973587368,0.04556093990181263,0.38372891277017834,0.08908610480907247
1730,0.007690469841148178,0.01390114224404018,0.10613724613370153,0.09232977081658317,1.3627420756202606,0.1687016775773217
1731,0.2056202836059283,0.0367843665260042,0.08290525605988003,0.0684936132603255,0.4147646624011109,0.07827840684238165
1732,0.018743194483004887,0.009683444673415096,0.07692570592495372,0.06771733816556594,0.6781451637978536,0.05728901138895135
1733,0.38975506158658824,-0.6837614575348423,0.03594301859867886,0.033107056942672686,0.408390186822763,0.08718669590739161
1734,0.001215890811810755,0.19116114672209764,0.11313796764895186,0.10939089595218225,0.11463834608406132,0.1022315100027927
1735,-0.06668277620359585,-0.004694851869192294,0.07573352137687657,0.06077817657037149,0.7804313291672635,0.04221951390404792
1736,-0.40899227575370334,0.06745404229481962,0.134789466029023,0.09793920108478434,0.2286038261556343,0.09082238470263902
1737,-0.21059676669591693,0.10613961017176478,0.10989203346123755,0.07524609855637662,0.8494699821394096,0.05617077672924663
1738,0.35238454071945136,-0.15430480022332815,0.1732366559793505,0.1550397757792487,0.440594981313093,0.07496401414208423
1739,-0.05543349468850048,-0.043129457220851465,0.0759543424429178,0.05584087786227538,0.923993709200433,0.05171087597460507
1740,0.12711178768991138,0.20601426260099248,0.09191575323016321,0.08131459794040395,0.8300651515713892,0.07542631301726938
1741,0.23425779415408954,-0.6167641857634277,0.04371468885877014,0.03439468707429361,0.787566374116938,0.03879921411423183
1742,-0.2495127964796099,-0.35342668475300515,0.14768758444749394,0.14081053674270688,1.4425207160811386,0.23281995645108264
1743,-0.049497061974121195,-0.0946223439390161,0.07108644725454177,0.05930077589918432,0.831405068297682,0.04932609411296185
1744,0.08876105700312988,0.04235420770087184,0.10345703931086948,0.09757745728624867,1.3840153009228342,0.08941282095385335
1745,-0.0037904859116897885,-0.09831323278652136,0.10171814248983661,0.12082200259179238,0.28739733759405905,0.09309762761105965
1746,0.4581923157699191,0.003763092861554211,0.1349383028278492,0.10688637476822423,0.7471867800541493,0.0448743153439233
1747,0.02945517682521912,-0.04699958062178698,0.0980492098006939,0.08960084824599122,1.3352666313117336,0.101337017911481
1748,-0.04323494049381138,-0.023601300766315607,0.13976187824917735,0.155792709672142,1.5162832569665734,0.2406182304571394
1749,0.0892221163045974,-0.03993528831845662,0.18410407448080446,0.14601829839928493,1.1626809373951046,0.056377505292655505
1750,-0.0379902127203738,-0.010712045937004016,0.09248200788175971,0.08330573820145158,1.106279292976606,0.08190168585077215
1751,0.03880281789930594,0.022209896209545034,0.0781897580257995,0.07047597015530153,1.1164401074575,0.06845184380136254
1752,-0.08459654713514925,-0.06095776031206021,0.12570719394332563,0.12465698852660662,1.499128116415527,0.17605623653907299
1753,0.07006847135851513,-0.12391439371276859,0.021575406680592487,0.019657110592926234,0.18806243770732628,0.04653527494127583
1754,0.042542315570173836,-0.0293459930886857,0.11719780518983137,0.1048082490935135,1.3544918726296817,0.1204450239022768
1755,0.608284849396505,0.5395560456912891,0.04549374781903347,0.04013123850305611,0.5709173780727066,0.06005661022468529
1756,-0.10630799596420741,-0.7649464457108277,0.05090761816562613,0.05881891820505737,0.37664024724846923,0.09933609464530466
1757,0.06317991985461283,-0.11180317855476053,0.06048924600352722,0.06572726600612983,0.18980912127016808,0.07718160487164435
1758,-0.05173966703321531,0.07365170276884997,0.09125787042002248,0.10180540753053596,1.1580407172586107,0.04489617619909339
1759,0.10059721419528189,-0.10415363652519383,0.025569411337306856,0.018380222172983858,0.3598786520394832,0.046231884433688544
1760,-0.008520967123493081,0.013024937267713229,0.06047738982780019,0.045882996999622866,0.7395446022890697,0.06643010487798766
1761,-0.10291000922126771,0.016797459884275397,0.06899526917701831,0.05453540789395083,0.754228611276389,0.03778354623337362
1762,0.043397720077215096,0.4972412396239611,0.08586561977341349,0.07879902426967038,0.9223944175606511,0.0419320228365548
1763,0.19541580457297783,0.12892339495317154,0.11347720008338345,0.10419222502087891,0.34126152173321167,0.08653003320633275
1764,0.14881923949111048,-0.08249524854403191,0.104386832022794,0.07683874628808,0.8424940696390995,0.06431537231705939
1765,0.0185610939388569,-0.11453306861251979,0.048667109456150666,0.04735346787289137,0.4100346192328409,0.06179049754652005
1766,-0.20052047960568112,0.08684340459340259,0.1659887416104446,0.15614405386089372,0.5518511730210116,0.05559073319480261
1767,-0.1697386682617772,-0.029152324708151225,0.054380705324802325,0.03866992800125667,0.40317364402852207,0.04713410530306225
1768,0.15788064471465488,0.011145044995403112,0.07150054541198674,0.05196647154002147,0.3014108332886112,0.08739324055898363
1769,-0.011499585183505795,0.00727583628826361,0.10444615085758552,0.08809620063580706,1.793256432197117,0.295383743344799
1770,0.32950123487901606,-0.07980678630170841,0.10979980130631833,0.07800264427344855,1.0601964686966736,0.0671708611627784
1771,0.011983591889909526,0.12191921592189577,0.07804494859187563,0.07164013999041353,1.0102115759004933,0.5691821345778426
1772,0.8181875390468967,-0.14210818729879773,0.05702669478452956,0.054730390045373396,0.4268954233625618,0.08301113712401947
1773,-0.03957319552847484,-0.2981608953372281,0.22319840129853863,0.25741952950731195,0.5852453192205757,0.07092544524150035
1774,-0.5833829036396564,-0.5114226135959422,0.0292742179751425,0.025565160294413098,0.15011147607152828,0.06999134415590852
1775,-0.17198155706967813,0.041906373833615895,0.19217092515725745,0.1457733204480916,1.4516046672519745,0.1026012772801927
1776,0.6444674370235827,-0.3628704096489507,0.2068151449893565,0.17193205380672547,0.7386851209265569,0.045111969813192626
1777,-0.6352460418424859,0.17799114245069309,0.17045697218463277,0.11320323662144559,1.0970083053649569,0.08621223346866898
1778,-0.017792728782431634,-0.013895522122407022,0.07493898383143383,0.06989423786319779,0.24357000133726764,0.2151427939271516
1779,-0.08002310830487318,-0.023596547272469248,0.06984267056451969,0.04508754926808652,0.9514319475554219,0.03878557338352422
1780,-0.11000473010420983,0.13632254504096003,0.07405354823782766,0.06458821545637786,0.7691817804211325,0.06092120948891531
1781,-0.06189521764855155,0.24200880172706846,0.07368755520458797,0.07375592733664824,0.9966838829274522,0.04050398307456996
1782,-0.18116044350602653,-0.13667855828999181,0.04829906994859619,0.03586892565665,0.6289668749687904,0.04511627888498842
1783,-0.18515676404266443,-0.010808419754469846,0.19638477583640823,0.13331432768791127,1.544156538670314,0.24414300710844014
1784,0.5667288870211049,0.5367456323252846,0.0992608527039681,0.08676288419502845,0.4340208711073047,0.0656870097093698
1785,-0.03255062178102457,-0.2004825084218873,0.12749457650973336,0.14273494469382556,1.424198916281882,0.09850676966289051
1786,0.15619915302732512,-0.019320569670173496,0.07392968220312349,0.05205129177868082,0.40603601522375715,0.053369785152239745
1787,-0.6536311907693984,-0.013345689529775093,0.07485788235960852,0.06633767478274695,0.5400515050853307,0.070081921475114
1788,-0.014005121034358177,0.3016548156333393,0.057102830491981275,0.053996589327761566,0.8443097022262569,0.04666623797587863
1789,0.009117956044504832,-0.005081808928347342,0.03405560566158131,0.029440283412848062,0.5091958881632602,0.040488609424535325
1790,0.7417085769259676,-0.13322984837959206,0.10246095759860557,0.09307406418155434,0.42347051516966766,0.07083971092097105
1791,-0.09670622652134304,-0.043754430706946526,0.03660821784805719,0.031199076347046134,0.14036319342113998,0.07774931541992866
1792,-0.17376561041987412,0.33070399652023763,0.04223325414384691,0.05125129145818433,0.4092748555458595,0.05379278336664072
1793,0.07272535652375166,-0.35914047230950125,0.07618545199283543,0.05702053168344523,1.1785696832749417,0.08551052103797761
1794,0.032203150882671894,0.025963429798525027,0.11627923523766179,0.10714508247802441,0.9150593707848305,0.05738738896747807
1795,-0.2664476483831169,0.5508686474947394,0.03697027964113594,0.04707365369753429,0.39998930916806247,0.06124117144930225
1796,-0.002537339623161679,-0.012413382925125158,0.032915277717276516,0.02926806174655842,0.46903850203139646,0.04275902403762292
1797,0.09845222374431062,0.015961373238510358,0.12795266992037407,0.11615566811222157,1.507075648558239,0.20273221358711252
1798,0.008748724693281081,-0.03587406817444419,0.06903774142701974,0.05432836709033777,1.4377823322019587,0.1199106789906786
1799,0.23821314398075394,-0.28931664980317884,0.06153035572723839,0.05681812903722527,0.6287261633022169,0.04303841069647635
1800,0.05148388583963283,0.08099186768072354,0.021859453601075298,0.01796607435811386,0.3612705544375546,0.05444975039039144
1801,0.1184952881402274,-0.004151927706217997,0.0810574677596741,0.049841541373928044,1.3191672199911586,0.06670356531296327
1802,-0.25152704085705074,0.10018581359266439,0.19130473708555956,0.1482888143603831,1.1453783438075547,0.1010486325503419
1803,0.022474974512706945,-0.2550361600834348,0.12632765480483296,0.11730931379370406,1.120495054142354,0.08877530419793699
1804,0.02711821564753937,0.034659386167257514,0.0586847341050379,0.04359781278525259,0.978594668075368,0.043466173766868066
1805,0.017329381715611936,0.068382496267416,0.04346545952998233,0.03215760479705395,0.7734916337820948,0.05257424161453151
1806,-0.0316087002423436,0.03056022116746064,0.10625071654082854,0.0869222482415664,0.9097710995772338,0.05209215663423614
1807,-0.02282096988380465,-0.12525935659341977,0.042458017959093965,0.027136817084268832,0.8299652135112616,0.04441962343167887
1808,-0.03812861318351251,-0.051358779144037844,0.09010593877343033,0.08208530959789939,1.1791913973060157,0.11894900769324515
1809,-0.3099025652092351,0.3803967446746934,0.10371143520647845,0.10923323470277856,0.20295858497608887,0.08941918591171776
1810,0.37097552190512506,-0.013419946477505796,0.06744055415559395,0.04440606966439337,0.8550284108630857,0.04722680966538228
1811,0.029975015137879937,0.020084286364857373,0.06992863398410343,0.06240916745221998,1.1424974893504147,0.08846696718992976
1812,-0.1757496541414606,0.060730817805110415,0.14295808956675154,0.10974965945083676,0.7415910517653305,0.838434150389115
1813,0.5407480032950369,0.5892306978789753,0.07035714163842074,0.06741403911704884,0.4199566350338787,0.0710887688313546
1814,0.06450838600697241,0.011471379772697741,0.021558831836823743,0.015902306326768235,0.3844177630718462,0.04112092166841317
1815,-0.015439798212005947,-0.026418844008757447,0.035244064659283966,0.03211898106387846,0.17868241551568248,0.08029470320567289
1816,-0.1443131126022095,0.04502328279019081,0.1550760571638718,0.12891316506883307,0.8961027771052003,0.052105446592115474
1817,0.17831781969767022,0.16883034277105335,0.05911285961216853,0.04182352480199966,0.7923135772235557,0.04765028651474533
1818,0.06053501312810934,0.18330136767970262,0.04488978284026508,0.03409956130185862,0.8206034495728227,0.04395765369285325
1819,-0.6825093876882162,-0.1617869383602709,0.09918024954050596,0.06144148334591452,1.1405624021156522,0.07125296230720507
1820,-0.24839887731333862,0.047441898330490666,0.02715147557179008,0.021986342956488953,0.13014835307459466,0.07860897103175145
1821,0.024781791786447134,-2.6128779798519422e-05,0.03943790719723346,0.034081211964844836,0.3692479185839509,0.08684865516799026
1822,-0.025796206623453645,-0.003902021635660429,0.07919978599165595,0.06853735758134288,1.1873942291385298,0.07184288562886526
1823,-0.06563412679401258,0.04945039051842178,0.09376972379912686,0.08319752184711503,0.3424136606357036,0.07787324456348971
1824,-0.0072603988388208135,0.0035658463229951646,0.06797269180403644,0.07008675535429044,0.4980301148922093,0.05384943747897535
1825,0.007309678466872486,0.014497587598387067,0.027623707346279735,0.02363232672905514,0.2906740944409361,0.07481937409799581
1826,-0.11670484591022183,-0.44431685087320394,0.04260178760456528,0.034681709865823786,0.7538671327752711,0.035975527813036624
1827,-0.025796206623453645,-0.003902021635660429,0.07919978599165595,0.06853735758134288,1.1873942291385298,0.07184288562886526
1828,0.007725533345561269,-0.045870736560610414,0.01934153990031406,0.015039509901795653,0.40444144272843563,0.037641594366040074
1829,0.23992403988425676,-0.2749708203876417,0.048816973308327155,0.047267342331606975,0.31575095286929594,0.12746162305288378
1830,0.042106213790640556,-0.4624759055457485,0.12738241960226834,0.14143172064277024,1.0409938312859868,0.07833254695456932
1831,0.003889240161115872,0.03574514860227662,0.05927485978590212,0.046201139486144537,1.2767882372907498,0.06900526489453566
1832,0.05382138991253278,-0.11799342654371993,0.0660046447241538,0.05305118600818063,0.8103439607565487,0.03691042543334552
1833,-0.17134040722086402,-0.48070823934905316,0.1582252433157356,0.19153935998764615,0.5875795277604647,0.06542947558405697
1834,0.06920652577563963,0.07405364887545042,0.12029231811443795,0.10544336383891187,1.4685157678789247,0.13598854397770022
1835,0.022466228553073623,-0.08718089467486642,0.11088968476243215,0.1089394201119911,1.0478363130294175,0.15130660312437005
1836,0.01646851231945904,0.04222243706257866,0.07110826289791836,0.06175232907530317,1.3361408077246204,0.09748067344521588
1837,-0.33227455705248493,0.4386188759862462,0.03110741339733868,0.030837535722059783,0.228864910530091,0.09169356480077019
1838,0.44993211973242186,-0.10958198950735869,0.06095519353687336,0.03870159024959277,0.6862370612580919,0.043835635766707855
1839,0.09816790044029236,0.413917784502748,0.17113355283434373,0.1771875209785581,1.1302421955268949,0.07901583864751656
1840,-0.3068575784102493,0.14648516281188081,0.035146276271136416,0.0268265303141003,0.4681565764764982,0.07282144451208959
1841,-0.17482171410211816,-0.07165937485810384,0.16628256749231735,0.14386945005167792,0.9792844553339408,0.048122265915896405
1842,0.03445330621391985,0.04067330281682083,0.05373223778760534,0.052515946743213034,0.7537979849660573,0.03894421876019254
1843,-0.03770006758850135,0.037543233293403394,0.1707300149245075,0.15849549527501772,0.605423060726787,0.07078391145948451
1844,0.004045293361852866,0.01722399201963866,0.06073348270178097,0.04779170397571417,0.8327448988637488,0.03794169083025645
1845,0.08034439631544889,-0.012724558327587735,0.036074616945000325,0.024944262340730924,0.5196059395716112,0.050122663414393344
1846,0.05741257354513081,-0.11897651122715318,0.13951335616551977,0.13078808637709435,0.4366734305254355,0.07514034900235442
1847,-0.1279326243865407,0.05366032025252988,0.060546337506889675,0.0457994083880338,0.5672675110820944,0.0487820970839479
1848,-0.003959657181950294,-0.11809378146281589,0.08219963395895531,0.07929720916935899,1.1563971517142235,0.11452280430524395
1849,0.150835711231315,-0.1830009619935792,0.043833895643598964,0.04602715666706624,0.2599264620266905,0.08037484915544425
1850,-0.1245155371300356,-0.06569768356813828,0.0691307498804573,0.05145949390360793,0.38146148535218466,0.07220037797347899
1851,0.038038492387396775,0.32517721671380095,0.038081015002834104,0.03629250940506302,0.7192464307090415,0.03675574089606345
1852,-0.4049714042700035,0.22231597959530827,0.20395029432875533,0.18099397060736205,0.4559754314200742,0.0668162843311353
1853,-0.05681161683515839,0.32185417021705875,0.0838439791884682,0.07927446493829711,1.3588891259236042,0.08611079465801696
1854,0.7059544067197708,0.07666759809445493,0.06318690364066812,0.04675970628108305,0.9565568394679037,0.054712321979613204
1855,-0.06643222558255149,0.44617947053357887,0.04672585088755444,0.0564585081854422,0.37725454654525903,0.06439911435486925
1856,0.4407583852073687,0.16930151210050906,0.15342668330356896,0.14488559042249224,0.6353961753668175,0.048320450898137274
1857,0.07647274560657143,-0.19823335251636504,0.07256148858924659,0.0859253433974373,0.6145871328825382,0.05508999014107612
1858,0.0045404882728636055,0.049715976812999066,0.18080244504473394,0.1947706619460278,0.4364289045387451,0.13077402679748074
1859,-0.2329594829218316,0.014161262657495658,0.02362489346476314,0.01878406264656057,0.1491244313035163,0.062462362397357
1860,-0.2789314602481425,0.2588598398101571,0.06518692577550556,0.06051306449390507,0.4822849907737707,0.05419124729234788
1861,0.3479737329537632,-0.1276348699010614,0.06637428102151124,0.04748556790944318,0.45881646588541314,0.054880690063764365
1862,0.0032486104083865952,-0.013545723963188108,0.05395208860872624,0.05110942699863,0.8044759980559448,0.04171127767912254
1863,-0.03276487180650969,0.056696456397403686,0.13339959098233203,0.11701413221159082,1.3924694529571213,0.1624924871765836
1864,0.5162596828328323,0.3276834570231012,0.033263946280506496,0.027967331453760163,0.38380969043278096,0.07603306938889695
1865,0.10737893206794255,0.2346083987464649,0.049184516352703364,0.04693115508354696,0.7689321853226893,0.048723705817036646
1866,-0.057689611841679214,0.051844875073228575,0.12819913887019813,0.1326491917700865,1.980193174294328,0.3049084890498604
1867,-0.009023796315678978,-0.051641333721314804,0.027733363381771504,0.028444691056112015,0.35502054869769856,0.07877004892596047
1868,0.009657510629569406,0.8155150100269861,0.03705179151679884,0.03510215899714668,0.5294230506186948,0.08703879766706629
1869,-0.18882847945630524,-0.16870089423922902,0.18695243514360893,0.21877833000972327,0.46201089474202406,0.09968518343047127
1870,-0.25419994897878323,-0.24620450894397844,0.03281195315487251,0.026325645505981928,0.404480114904562,0.08516081894759184
1871,-0.025083716556708435,-0.2633491070147146,0.026474995761548676,0.02143949520925139,0.535087151938125,0.03622654404783748
1872,-0.02102997794874641,0.043782811709685295,0.015299777984970252,0.012552148197427055,0.18944207875140623,0.042795411465080306
1873,0.0003410686879576064,0.0060416781705863575,0.05048244594289233,0.03759955982607264,1.3508961406290263,0.12532933397725576
1874,0.019605922328338007,-0.03395141833205232,0.03883411451922091,0.03831011251659785,0.3513213880509206,0.08763673877433749
1875,0.4586545887043428,-0.1474979466997926,0.05274880836056954,0.03765630356919762,0.5654401474985027,0.04732597215844898
1876,-0.026178675565256,0.061485735718393913,0.07027008735046311,0.07025148053942375,1.045197519796226,0.04069842307051063
1877,-0.034867229938531266,-0.051251728419056675,0.10746572118617778,0.1105024767885262,1.370148727367119,0.1901883428572943
1878,-0.0543185009723858,0.06122699869247625,0.04352707652536644,0.028220609308401232,0.7444018943488474,0.034855270353402065
1879,-0.09018207122668746,-0.05721311581624946,0.1586477479736512,0.12552680490082851,1.858502143825853,0.26969845528246317
1880,-0.06923549354842866,0.09574174654435764,0.08217420285641469,0.08971240080482266,0.6107223187982158,0.046946802853208756
1881,0.015205347383596872,0.007968537623007957,0.0914856425708869,0.08673398243702383,1.4793384756957755,0.1594727156488624
1882,0.5880442139978059,-0.1935295381418925,0.12351738277014117,0.09542712751085032,1.1757513778766162,0.07672502713924817
1883,-0.009205274147722972,-0.01304207219005359,0.04182935508901416,0.03805943903381941,0.8149308119296459,0.03673233294304329
1884,-0.017337080995202862,-0.009594709610592873,0.08171663417737637,0.08497463052573749,0.41275720665078,0.0691482842803761
1885,0.16527183362483963,-0.07432836647558158,0.1802149508897351,0.17677715807536304,0.5541625716010233,0.1758581779920387
1886,0.22458806265648099,-0.5665276030966365,0.047751184288099074,0.04911967033859444,0.44470163506820853,0.06446054922568428
1887,0.02237975205746634,-0.13071993993656877,0.11346558335878776,0.11531216470146832,1.4146535649187242,0.13116310950329563
1888,0.03084353963379588,-0.05368510773222911,0.03792938834275409,0.025149747788152415,0.6258737972053531,0.040505200162326074
1889,0.20858199110859227,-0.13364351972145028,0.06271832303801005,0.05001601954007791,0.3413453526345136,0.07256522464996745
1890,-0.09378653698611591,0.11503055487480625,0.2007572356722276,0.22947982549940033,1.3332443291382594,0.2251281601319679
1891,0.17413012735425865,0.2758188728339377,0.1445018714508917,0.1467207491855124,0.8370954954932129,0.057511293117927076
1892,-0.002368263408200605,-0.00023679266002057074,0.06798467150044162,0.055313414505139186,1.0876895950113894,0.09482576384510316
1893,-0.03714865922270602,0.04666025961159333,0.09105277629145252,0.08323425416486037,1.5141207006915132,0.1859505091624633
1894,0.015051944734879865,0.09414923385742051,0.07501610698411143,0.071806429283358,0.7896819590563476,0.04700163785822089
1895,-0.09446720108524094,0.159779712556224,0.09898770065882016,0.11229194766231049,0.715480077185067,0.03826808352805649
1896,-0.07058886884972186,0.022549462603196922,0.07034639373170153,0.04801990978975703,0.9996303989526304,0.047279286467833394
1897,-0.12193331589396468,-0.0969255449841464,0.04725787857074471,0.03302568718701951,0.6478423801766303,0.055756439288133716
1898,0.033826245724747545,-0.15927102614468325,0.17618221620509575,0.22807713798214135,0.4509067564055034,0.08978650924791341
1899,0.01140181497964733,-0.009302233401588396,0.027119229128497672,0.021886720131020464,0.3512588185201571,0.057347110333216926
1900,-0.05062937847021393,-0.054568586408116085,0.07287676681315237,0.0790839410642332,0.5841703046491896,0.04875899829508726
1901,0.5169374127185076,-0.07237802307748471,0.06948042305126728,0.06501166132448567,0.4317395188911189,0.06054360763218819
1902,-0.0947260499549618,-0.21492559281000015,0.13216413752381537,0.14749934529485234,0.40550082629288475,0.07677160070212832
1903,-0.018974633183518892,-0.0558989514006839,0.09783263151381566,0.11955983850039141,0.6840638143790541,0.06071133299545089
1904,-0.24525777706758967,-0.04384781638227364,0.17031305714963726,0.1345370766042346,0.8688681039751017,0.08430461514712283
1905,0.033826245724747545,-0.15927102614468325,0.17618221620509575,0.22807713798214135,0.4509067564055034,0.08978650924791341
1906,0.004905322608480194,0.42210104849476937,0.0523838778177879,0.05130226934784217,0.9075486798731681,0.033127330276704704
1907,0.1924453192966702,-0.10354048139449552,0.08498137003477022,0.07424160658184156,0.35994924672888406,0.07029077371443287
1908,0.016767336445929714,-0.02127760780771365,0.08574403358644847,0.08951336186385982,0.46055516342144015,0.08010753490759355
1909,0.09259264723037289,0.30774461064529773,0.04909195153219525,0.044434785193037465,0.7641745408450663,0.039178257896327735
1910,0.07869893372387753,0.20042967427366298,0.07038950036900228,0.0749058627087851,0.7827751690334167,0.03521969878327214
1911,-0.026576384251581556,-0.03338489658062545,0.052991523827921924,0.04481050941745757,0.6253083662873969,0.054135418550460994
1912,-0.14375693991296998,-0.27500569114630713,0.06825344873521148,0.07121945975247158,0.7930438409860562,0.04425622566645705
1913,-0.5952530424756253,0.15746723936079374,0.12792518506927872,0.08257668141395867,1.1410873457373647,0.0965346975339712
1914,-0.2587684667903942,-0.0739713471828237,0.06240835662400802,0.05054477950304034,0.248171145592741,0.196016769651192
1915,-0.17469591233763093,0.2170582043860629,0.03437002446670534,0.0342319702271801,0.36323784020983135,0.08126904481408691
1916,0.0547910457872552,-0.08164706284989971,0.06693864062081244,0.05597243049387044,0.8140206670509362,0.05300772201733126
1917,0.0004575583829017928,-0.013164470702236518,0.029478717190883102,0.02762018787268857,0.4004006670169721,0.05673902535510586
1918,0.003352027238775919,7.128941652968443e-05,0.05835811178765045,0.05360070382331053,1.2355619128661708,0.06849697634238856
1919,0.017885147701233117,0.08626714916327559,0.06388903942140156,0.05960585926690577,0.4397256821971854,0.10030135311209536
1920,-0.10335271469384526,-0.07032510154260319,0.09052322615182089,0.06759508796476613,1.245256937928243,0.07558130384544577
1921,0.2178477898916373,0.05691517372364652,0.20701212514479028,0.16259161300785102,0.43041322374134355,0.09237281466156184
1922,-0.05346199843030995,-0.071960133704455,0.06293681796555005,0.04875316663828729,1.0573591082217157,0.06084568984449201
1923,-0.17295895488748564,0.2624557058811795,0.06946960667266092,0.06883930624942446,0.4933226502850411,0.05266161074558438
1924,-0.036663911730016804,0.012662148245137677,0.11820201973255112,0.09751658280921824,1.3604840901766246,0.16179321322841783
1925,-0.11731283805526775,-0.06820107053683268,0.17078547473771918,0.19566903099153438,0.3022878542918777,0.10077283953467413
1926,0.015480726565824573,0.021332431704913404,0.05937618251362766,0.053488364311363494,1.035070556706512,0.07517834684826362
1927,0.13936713825781774,-0.0194906464250203,0.14408316571527796,0.1406639787524907,0.2732447339453273,0.13427232804806677
1928,-0.03134284136904377,0.0625659689608023,0.13074772783994965,0.14968970900121056,1.5608693122942308,0.25252538604127145
1929,-0.005948639611877773,-0.00833248844651989,0.04654830255570043,0.0458373698569078,0.3650355549423891,0.07579070897239089
1930,-0.11108569228213111,-0.18997873635411094,0.09976977874972674,0.126475856646615,0.6486974822949322,0.04456206877008913
1931,-0.007011321201261603,0.023803158739495775,0.019827147446812087,0.015202558256105302,0.32040383657012206,0.046594927953776566
1932,-0.12836866525604937,-0.13654865568812596,0.14714014087454683,0.12540140717684717,0.9523169687594768,0.1670544429149376
1933,-0.1087339701051565,0.15196343968853918,0.12850904787218365,0.1189055454198251,1.1128260418181792,0.051318138271900335
1934,-0.323807126101224,-0.4415819204820278,0.09992793803938502,0.08416199116728236,1.386583901794959,0.12113353794470108
1935,0.2314338262995718,0.7779259922144417,0.02600677116685632,0.024621456981392453,0.2512206162007496,0.08427392404289974
1936,-0.697682666504433,-0.5076399478481638,0.060240571144985086,0.058799489571240135,0.7044108122348639,0.037483634708454734
1937,-0.011629296850295791,-0.044063453378003534,0.09087011991834133,0.0884813750021841,1.3813178748570576,0.08021917868787107
1938,-0.07369841979449658,0.021007833600344403,0.08594213776863076,0.06818130685167799,1.088798186267597,0.05756890266929799
1939,0.14855079106611596,-0.04865687365817678,0.15643674802136906,0.11824705731954432,1.1332733695799635,0.062490508660093494
1940,-0.0016352519565868177,0.029461170072384267,0.05952382475785042,0.05794484539350639,0.44096497945232127,0.06104896047125396
1941,-0.2574651050266308,-0.0811085128421338,0.10120697644756478,0.07154393193336951,0.9791701484795269,0.04385806575586252
1942,-0.01723048780409303,-0.015517043887904999,0.05351312690974081,0.04074472343139127,1.0957476591807536,0.04577783516883379
1943,-0.13546097376149135,-0.030328348113881555,0.03435617848046141,0.023577543150544323,0.4240642900580294,0.03866207720885242
1944,0.25221785108915595,-0.1259461108935055,0.10964287823270001,0.07468113177665187,1.0542797902034495,0.057348918773328164
1945,0.02456924344569924,-0.013162073660388693,0.06033863161267733,0.044046499879960205,1.3239230137622675,0.08366690083834526
1946,-0.1259297640771059,-0.19979019387558242,0.09578487759281938,0.1120487915142833,0.29787486763446014,0.08877978191089159
1947,0.06683685445189702,0.2083176767421345,0.08474983264129445,0.09796636152403075,0.4588789818887534,0.07582484802875565
1948,0.040107623688610476,-0.3112938407174187,0.057375905706666355,0.05588237365426794,0.6852425512521484,0.05296475458855788
1949,0.32310938284320295,0.193990286744057,0.08549163125688437,0.06535413282104613,0.6890358756974446,0.0436133067809173
1950,0.09675092886377552,0.1049271401545956,0.08919530195522235,0.07521100745146743,1.319372630906376,0.07905288423457595
1951,0.02482533393065329,-0.08357256038748383,0.09449149138305518,0.1134523328490155,0.32041386591122784,0.10482114951203068
1952,-0.018051427377046465,0.005477780336713723,0.08950734435342354,0.06886755858022986,1.521397147935284,0.3277911404627228
1953,-0.28518908997967857,-0.7897855474603653,0.043546647846881156,0.04087487925793361,0.7347295785279206,0.04511741975998613
1954,-0.06983401223543408,-0.2080928919717409,0.09005084003307277,0.11407384691544413,0.38572288644118774,0.08751584279157638
1955,-0.054625527994342615,0.025635102466370338,0.04095801567800595,0.026402811264467797,0.730779995018499,0.03060142427474701
1956,0.14442520576394505,0.1754634415713858,0.1231503201035094,0.12423986101018744,0.6104051045984565,0.05346773754707247
1957,0.23302139081806367,-0.21754275970804748,0.14548443085273186,0.10779609549490059,0.9904535968003149,0.050635961727951054
1958,0.08876105700312988,0.04235420770087184,0.10345703931086948,0.09757745728624867,1.3840153009228342,0.08941282095385335
1959,-0.004900199124140967,-0.007514395443731772,0.06622449769390484,0.0436747931014172,1.3787620345100307,0.13592888254995722
1960,0.03885439472498584,-0.08684217689719603,0.15318060840048492,0.1558783988620996,1.3458319597545303,0.14077928095669032
1961,-0.0030363130677824235,0.001030985434679237,0.029934228319083638,0.019803576476729853,0.6789746538562581,0.04291622633974562
1962,0.027192763446619313,-0.007402464268181647,0.08729614190838277,0.09869482436055879,0.45674517870540887,0.06565991859985715
1963,0.019164400173166153,-0.02884784609521146,0.032406861041808066,0.025107854804778833,0.6158589640479537,0.04774759628998369
1964,-0.010752141535484564,-0.23662612002119215,0.023923160083935625,0.022165168837764315,0.3955608815791482,0.04019870511926166
1965,-0.03689433428497638,0.018986123828042274,0.07012416077386614,0.05975771357258616,1.4254272673891677,0.08482751023722046
1966,0.22524190728951685,0.3334358347425698,0.07792235782933628,0.0564288790654558,1.304528763270843,0.10514884238665222
1967,0.03084353963379588,-0.05368510773222911,0.03792938834275409,0.025149747788152415,0.6258737972053531,0.040505200162326074
1968,-0.1339691700207311,-0.05148138900004108,0.05755435582225794,0.03304552593113709,0.7811146161966865,0.04134846498588353
1969,-0.23754469301009315,-0.5359514843699527,0.1953116668150569,0.19602155287544037,0.2432875228817306,0.15173442097515458
1970,-0.21764731031632273,0.04317121999196419,0.09984716039117707,0.05754509754551273,0.8327029667508029,0.04174436245921184
1971,-0.09418853859926685,-0.11939358028610471,0.08215857000820573,0.07738270407987871,0.697385520146004,0.05327668002748598
1972,-0.03424361361809945,-0.05825486921832816,0.046879746168904834,0.036008914610267145,0.9648684069046367,0.03780720929845557
1973,0.5618093303537139,0.23730453699050463,0.12877888930722703,0.10502589114803366,0.6888354213478092,0.03987005244683312
1974,0.1874478395410293,0.15439463097934752,0.11228473683408141,0.11443440130201524,0.8673138180980559,0.04465194029645745
1975,0.25454125915313497,-0.35142317446080235,0.08044155843373949,0.060326416245259695,1.147611069438966,0.0657099786791936
1976,-0.3891123114141229,0.32992013378814244,0.02799858765374139,0.02292519469736603,0.39532935257048335,0.046344151594166265
1977,-0.11772213825524623,-0.020746012360710456,0.1727705060233233,0.11575948519751064,1.8485857492481639,0.26615472783416927
1978,-0.014428012075478615,-0.05477121461084721,0.13572764368592377,0.11587347931878636,1.4596338889334162,0.11677534874461062
1979,0.05247209401011377,-0.053315050234731265,0.06454693484614024,0.05394089744409364,0.8471380383306589,0.04517177508256023
1980,-0.05088971674147785,0.059974965660903906,0.10602666238442128,0.11106517890749686,0.4236615509981303,0.06885503710357296
1981,-0.017767484767250548,0.009569390925493743,0.03371937636976788,0.030604772027731687,0.30663819034732853,0.10525815335597301
1982,0.10200399723806575,-0.4757863659106957,0.06458397708993399,0.07673801796305328,0.1991310322020688,0.09376750678233269
1983,-0.07551069154121658,-0.2957856195127475,0.0613955389378693,0.055307910281023824,0.7538578895121872,0.04048981164425627
1984,-0.7251340307291669,0.2013643585314435,0.04962596425868778,0.037423274936142795,0.8368319998716228,0.03755342708117388
1985,0.11269006767890284,0.6665385733069541,0.0371698536019557,0.038375551302154906,0.39575661426521636,0.05805831984609153
1986,0.027877654759226583,0.05433136370232548,0.07335605975196521,0.0765029083900653,0.6298677153884252,0.038500217334643816
1987,0.12470433728015136,0.07521257092827345,0.08252816488305874,0.06994062904594063,0.43500605273621706,0.07631767956227287
1988,0.09097589630880655,-0.15324960997985304,0.13548491420212383,0.1305350283303645,1.2905298407990253,0.0915474851402951
1989,-0.25414918892394467,-0.6364942170039336,0.054797652835805025,0.04500818561409774,0.9125188412485638,0.040709277878404955
1990,0.0315733763985373,0.031071673353903206,0.05295516076417374,0.04766958776483622,0.28715298869835093,0.10201983395476119
1991,0.4250840311195182,-0.10891684884154273,0.05313236481096527,0.03762569202028818,0.30917032955789,0.11950321253076074
1992,-0.024546102846527317,0.0361611094098542,0.1110693188648369,0.10774359874014973,0.19718174955310036,0.08594676475043807
1993,-0.002630745863265148,0.35985659857981367,0.07753167048709905,0.08982621724578693,0.7660431370309629,0.03710299819880816
1994,0.3203037535562823,-0.1763963766761058,0.0920600917741004,0.05640366972137217,1.1974585483013294,0.08907848083264114
1995,0.27528123408315786,-0.22529335270649337,0.08086122378019663,0.06637739552082071,0.7935787740961041,0.03756274266795024
1996,0.13988551077349864,-0.09834034604283821,0.07591832919769545,0.05903384606214799,0.7471683451463128,0.0474422292300837
1997,0.3728379085629208,0.26446698347763276,0.07238065895203574,0.0638630824291322,0.4264160292157118,0.0967363653092789
1998,0.15624656726066125,-0.06447804537182465,0.03300046310291966,0.025963450611731685,0.4416292678429051,0.05385760724913216
1999,0.006603607042591045,0.02278658575852696,0.03834762222767488,0.025485249662635313,0.78995239673816,0.04968682818327696
2000,-0.07875050702908924,0.1436349640567911,0.040490993053936865,0.04056188430786856,0.5832643009429035,0.03519648670457605
2001,-0.024275992215618228,-0.013135748428749757,0.07818067383571815,0.07365677365210163,1.3397262021921492,0.13902707752906998
2002,-0.03528571842697065,0.06389300418066192,0.10242205406685757,0.0999548454553934,1.3992167734416756,0.07114591844917027
2003,0.19222817112620538,0.14970529883298853,0.07388564595313316,0.03894884100137336,1.2742780032803562,0.0666299700488749
2004,-0.334014105270431,0.2496359565370993,0.2500639753254137,0.20496894258669418,0.27474367437871083,0.1166930095965439
2005,0.05788714764834027,-0.06046001010329491,0.06335053923209832,0.05481479009525418,0.9708013062395308,0.03699951726388143
2006,0.040107623688610476,-0.3112938407174187,0.057375905706666355,0.05588237365426794,0.6852425512521484,0.05296475458855788
2007,0.1791060869398328,-0.08244486763974278,0.19939838032535706,0.13914702080702823,0.1780844408901467,0.08418140106466371
2008,0.08552273182363083,0.387361659382206,0.07342479651718548,0.07830541996509398,0.30039338850440306,0.07342797104926896
2009,0.1413006655985808,-0.20546784582450858,0.19307153066681257,0.19384214833466049,0.5784895319918162,0.05789905756690766
2010,0.33841226943509684,-0.009187974647792972,0.07524340677456844,0.0568616718418434,0.4919929669672906,0.05781086690669597
2011,0.018942813787567743,-0.02925788594618925,0.09246461401763663,0.09027920681020575,1.3951600835498164,0.08497047650553317
2012,-0.1316871163194542,0.022061121624785893,0.10812110644135337,0.07931529291798342,1.392702972308741,0.10326287141559523
2013,0.125846008061913,0.6966013238250609,0.16759221206614722,0.15748579246402392,0.23791680698977274,0.08452298246252235
2014,-0.33921042699692455,0.5648666785379127,0.0700842859657146,0.06922071904751513,0.22429832273796724,0.153481998016135
2015,-0.03218542126461532,-0.006250924116467059,0.09079389607327994,0.06736209228449441,1.4679060605447758,0.15778227958792262
2016,0.3412100224193737,-0.48348307840053956,0.1651482582971505,0.15362840545365658,1.3619648292849214,0.10256316387160405
2017,-0.18728433467911032,0.07862986604132081,0.03955798650527879,0.03293412654149594,0.33292202787925856,0.051235629940993635
2018,0.2257770423376647,0.0556794572038052,0.11769177936324629,0.09204547917104242,1.3851660803499808,0.13646182485771732
2019,0.11986519127629068,-0.07679831068647994,0.040289249687528,0.02925986814560276,0.48302988273252195,0.044940221166281415
2020,0.25454125915313497,-0.35142317446080235,0.08044155843373949,0.060326416245259695,1.147611069438966,0.0657099786791936
2021,0.28967446715128403,0.46542940528986704,0.16208496225876434,0.16499574453929397,0.531579162223819,0.0653829390601567
2022,-0.06268650387353628,0.3525200834869367,0.0314416102867526,0.034396804717426135,0.4809363472114049,0.047953111752046716
2023,-0.05341947584446913,-0.08549199953622207,0.08638999926329213,0.09404413078013467,0.9547587122522977,0.038641202898845484
2024,-0.014391845058442907,0.630985297863279,0.09274077548052863,0.08373224004067546,0.19809687498221723,0.09836672027166891
2025,-0.03213759598382169,-0.1485214269750467,0.07045199178976493,0.0683649619832141,0.7823319005179266,0.038921311680103335
2026,0.31123127515659355,-0.14782706409034907,0.06187056687476469,0.0416497896075004,0.5128481420644437,0.04994548566711062
2027,0.007836567179211103,-0.00207520710089649,0.059113189524935515,0.048224861390659894,1.3551914404617555,0.11905640922240322
2028,0.00813832320208196,0.0077141134235531195,0.12761763201551463,0.12257829906632402,1.114998213577505,0.06959870464271524
2029,0.13623058751474573,-0.017481015693053638,0.11677973856338696,0.08710388344126348,1.1564540338499327,0.06194474239624096
2030,-0.21406631034674717,-0.12451414192331066,0.07494369200658016,0.055881022766961594,0.8617245235318488,0.04464357367401964
2031,-0.06708773733125835,-0.014640462885220352,0.09169608638563871,0.09782709434777387,1.1123977960822524,0.0406306649012814
2032,-0.0288944573779592,-0.048292702573493385,0.06530099007671022,0.04305217701109536,1.6247838979741913,0.17986679910534795
2033,0.30168205836827705,-0.2673519982001919,0.05207847716972135,0.043223517689310195,0.5980860588373066,0.04510528952530106
2034,0.01227086935049362,0.03041846107493837,0.05841718995280602,0.05091274194891122,1.0967250109183588,0.05171303169112214
2035,0.07219177639404699,-0.030044579973525914,0.0648112261527798,0.041401656325091435,0.6706148588717957,0.04125574786127448
2036,0.026003579138255288,-0.04100222838962208,0.07907176380825182,0.07500629921242045,1.4226175757422435,0.10089068279596752
2037,0.462144870451014,-0.33264180748338656,0.25265118517996865,0.19509878632433747,0.40793113379456736,0.096395650223217
2038,0.08322916009286978,0.29553888093203334,0.04633213254397186,0.04909140766999936,0.6055550221759273,0.04356182237738681
2039,-0.01576826580827416,-0.03034383457351912,0.03286933480443678,0.02988909718344088,0.16050091314273635,0.06232304094116098
2040,0.05618125815962831,-0.07849130249847545,0.04588266881014188,0.036908941954194106,0.7039916570438931,0.04095580872460747
2041,0.05654958595170194,0.05203976718801884,0.10637407450701403,0.1004010878401914,1.423586816012447,0.221556733141342
2042,0.2343398511669276,0.39654252499010345,0.16458287887693604,0.18107158299492315,0.5600782058529098,0.08991129425671351
2043,-0.10871529413805152,-0.08077175708585234,0.16983842917318256,0.13665042187642926,1.5015766576547354,0.17587740520699083
2044,-0.07344770971970516,0.0028376056946936585,0.1728643854175344,0.15534872609898165,0.4309093173205187,0.08141121813577358
2045,0.0034597736073181196,-0.04023012254461662,0.04409812606173548,0.048885557051988736,0.12880964241829024,0.09859710181835882
2046,-0.2076693922011129,0.29335544062840396,0.061534512453596514,0.07003753334746485,0.36737176692463563,0.07879503463669062
2047,-0.17390847718592617,-0.5010139877443779,0.13053662919707162,0.1398558424464499,1.2971486121055547,0.07160766058833172
2048,-0.0101936977674793,0.05750626435880536,0.10003719584873413,0.11648076547421359,0.547097747328181,0.10600009587477442
2049,-0.09595358594805822,0.28553348542942825,0.07905328729724112,0.08636543332714759,0.3962626518568155,0.11605221126710416
2050,0.1283752456802956,-0.10099238101265827,0.13315071827468775,0.12910796616319692,0.4287778626949982,0.07553153924512437
2051,-0.009586060315765695,-0.008711375411890088,0.036923531708781175,0.023825115537166014,0.7412985273154675,0.04180545874371309
2052,-0.2072696404926751,-0.2886345863138837,0.1891108422223013,0.19946419521849534,1.3482571683425422,0.10118916783634828
2053,0.23143234439314117,0.5882471590730852,0.07671685208777666,0.07813815431792273,0.5245110917600452,0.09881180182106081
2054,0.17436429137292583,0.24241610664192115,0.14793461372965835,0.15624495935662375,0.8001028573051725,0.041017400990623114
2055,-0.6636571795547951,0.1034811657492821,0.03175944053308396,0.024145990165350923,0.5655746225901873,0.03742723545959016
2056,-0.09787463490751279,0.05732743098172992,0.11067269267899602,0.11658159179035754,0.3696609236046971,0.10933950435288065
2057,-0.14182551494982382,-0.2496064169487886,0.02845781808040158,0.031040848649867406,0.16106229811593775,0.06373204913977076
2058,-0.30200096744481253,-0.13553007987246957,0.07050847153234772,0.05323318486724551,0.4216451272520885,0.06712906383994256
2059,-0.05610830635951224,0.057061699100768595,0.022168504870903754,0.019185254990854706,0.3440600598329203,0.06757342387032421
2060,0.06575892369486956,-0.18466329291958902,0.030357759662845953,0.024963111555137547,0.5287289466842557,0.03847285466853198
2061,-0.5551425442458019,-0.18093413044124124,0.25883411218386077,0.17943018100907984,1.4504863877927399,0.16036220599519072
2062,0.028988338369952443,-0.09063465960474738,0.09997296158686728,0.09448858847519473,0.8007971236683702,0.08998308051995874
2063,-0.323807126101224,-0.4415819204820278,0.09992793803938502,0.08416199116728236,1.386583901794959,0.12113353794470108
2064,-0.023425741216480285,0.13400605130223578,0.0334091505691154,0.035301925748748915,0.3800759863484115,0.04918346052614111
2065,-0.028173620592872043,-0.004736026170117777,0.06431828111192488,0.06362217128681655,1.0036256192035728,0.04688384420478477
2066,-0.044861294717093186,0.030373894480194917,0.0546895015814802,0.043909698739479884,0.7199516613368739,0.051299735539619445
2067,0.4689717094385155,-0.3682185614197517,0.053838476427701884,0.04409078563862938,0.616986016608036,0.05349555716261189
2068,-0.07319736477349585,-0.16193066260380007,0.03652904466646711,0.033412800376341305,0.28014400082466057,0.07391548889296924
2069,0.42668836285126516,-0.07080812366234387,0.03951652225553289,0.03178449921943878,0.19638107715667724,0.07453660667103623
2070,0.012261717786458199,0.013826613549730504,0.06274283995983403,0.0635508298756955,0.8218877964598721,0.047469633235686405
2071,0.12019576227986767,-0.10842296989357633,0.055596470069208564,0.04989879265702084,0.20016926461532564,0.08345844533044754
2072,-0.1387312314728148,0.23273351287803878,0.0786674944933457,0.10003114524030778,0.5636872636313462,0.06553230615699537
2073,-0.10714257694156282,0.14702299356393117,0.2745652226938719,0.2439597168146343,0.24489883113030908,0.09741434322788857
2074,0.03073530404952042,-0.04898430121459056,0.07982455389769294,0.07991877030552345,0.7630027236691432,0.07016309636300161
2075,-0.05543349468850048,-0.043129457220851465,0.0759543424429178,0.05584087786227538,0.923993709200433,0.05171087597460507
2076,0.6561482865023645,0.4422591823430301,0.0909220871811376,0.08545806542866853,0.40921472427991595,0.06616171225868667
2077,-0.0016411397813691265,-0.01521956523294856,0.054537061648841256,0.04376652801155796,0.7929069056369918,0.05066172478352016
2078,0.17191855961487892,0.07440087290263649,0.10014723823481676,0.10146520829049932,0.42100304640911174,0.08367077071414036
2079,0.6242252756275327,0.12191257591192346,0.03483905866351473,0.021499947021037462,0.5732580650626767,0.03582327713337445
2080,-0.35636737932392876,-0.26161346288227794,0.07844429727760352,0.07185100477316311,0.5954425552803235,0.04836792812293908
2081,-0.013354892196552398,-0.02182622555528682,0.04181980952453051,0.039788484807547785,0.392091095233247,0.057161514964010396
2082,-0.10560925345780123,-0.012544774182103854,0.03294190849498468,0.018834943438090158,0.6605765052978524,0.04231432137103495
2083,0.013368941290600813,-0.021775700168877258,0.05477655636789225,0.04495438714963351,1.112910094705105,0.04763800518977035
2084,0.36073571412949296,-0.2853843931710345,0.04945419592425289,0.04932427154764056,0.2960843308601328,0.14507356152869266
2085,-0.5416084666685883,-0.2559452337779116,0.06683520164677811,0.04565718771434608,0.6940375703613315,0.06817256919126946
2086,0.0034420886430330333,-0.020800340703242937,0.029791885480329055,0.018183713845815706,0.7427988034972732,0.036212252088099785
2087,-0.6646470827860818,-0.1720902036225881,0.032210437614223715,0.03368040320308086,0.11844785735587955,0.07439727561321624
2088,-0.2927543472444977,-0.6622123114227172,0.10890443162234674,0.10761075641141624,0.445988583013212,0.06159282646927064
2089,-0.01621750080380379,0.590678036742644,0.04917149434723283,0.052724616877957764,0.405474362633509,0.0611553992325289
2090,-0.025912486937386445,-0.07452109536781451,0.09593475231042645,0.09987550014066338,1.1903806836765225,0.05983341583240062
2091,0.062251808029817585,0.028564426303893817,0.11602969983779396,0.0928298067784165,0.5084026197564205,0.06273105945004648
2092,-0.8187104897989584,-0.38518836298309933,0.02949451386801731,0.030829599101709636,0.6176486023350405,0.045371801135557464
2093,0.062251808029817585,0.028564426303893817,0.11602969983779396,0.0928298067784165,0.5084026197564205,0.06273105945004648
2094,-0.07600628959592878,0.10155768287047998,0.048958524900154475,0.04347844268504531,0.24895176064758812,0.090740226999695
2095,0.07272535652375166,-0.35914047230950125,0.07618545199283543,0.05702053168344523,1.1785696832749417,0.08551052103797761
2096,0.22087690410262514,0.016361594263716604,0.22453083388147874,0.15163199528938354,1.7690197472650886,0.28578466551472453
2097,-0.014204088430706344,0.059410788037874473,0.02304411862795845,0.018825526193185622,0.27197934159729226,0.052812740017636195
2098,0.19342101315717516,-0.25088592204687155,0.03163093428062238,0.029095356765870578,0.4044170204818232,0.05847830838340259
2099,-0.1057242421508466,-0.7264768055994925,0.08866265632983054,0.07883703521819835,0.2594074078182475,0.0886513615047487
2100,-0.3325037721385396,-0.3003750743855967,0.11495861619556468,0.11563876946362239,0.5900633632839455,0.04815527848646722
2101,0.13111126362915296,0.05610006650964863,0.2939334841018363,0.2364664911145118,0.43614443669135217,0.11303738144470418
2102,0.12684177786129155,-0.007196148704227807,0.05967393243722804,0.05039641413788186,0.5531823929155802,0.05105996620596239
2103,-0.24946538612744934,0.28689348391901054,0.058771376639731816,0.04732234422247499,0.728591668139027,0.0417441216840252
2104,0.28930603920164594,-0.17400524871574607,0.18953288904198548,0.164425839209062,0.8898896303711318,0.04515260526069929
2105,-0.05911824819261203,-0.038897257651673456,0.08615186664749555,0.08042473372857559,0.7614956678585189,0.04282657518176689
2106,0.20644994882263212,0.18317650981924796,0.06800083830322874,0.06097893753634485,0.6133442931023642,0.07137775802609947
2107,-0.07324393492755152,0.11667672259988558,0.10470029132721079,0.11235403027709776,1.1334897227247644,0.05938006363081746
2108,-0.19626968947371226,0.03907370095467441,0.17735033228018365,0.1556857168188076,0.28401214319303847,0.20740996550079885
2109,0.43039128712982716,-0.14078777158713213,0.1950761639228991,0.140998530804753,0.5057270853126018,0.11380054086949626
2110,-0.027370250052830506,-0.05182678273759837,0.12469199587279053,0.13946796356659905,0.8092558283716115,0.04684967800417754
2111,-0.04769173708553369,0.05290186869047327,0.06715447047120358,0.06116656953614563,0.5862893043517446,0.05465102971463828
2112,0.09348508671348396,-0.32831468363275185,0.06264670009226375,0.07430362703344559,0.6202984021284803,0.04370001998671583
2113,-0.03806592848484776,-0.013368593858096908,0.07455523352145324,0.07946918246620914,0.6464857542537127,0.06426294957305015
2114,0.13063920599583073,-0.30039747806738554,0.14292099972295164,0.15769622690921048,1.044839306181551,0.049914289278093535
2115,-0.19545994774175918,-0.03950949586446848,0.0561107072162681,0.0393073895632016,0.29364255124135713,0.07063726454065018
2116,0.036609493557986234,-0.39431577157109726,0.0632171282716663,0.0751172514202866,0.4503275631682526,0.16115780879998057
2117,-0.35758530621874896,0.5981070925943971,0.06722759148567471,0.063226306306716,0.2325294326222152,0.08107652974461611
2118,-0.002481129268240816,0.0184198897263059,0.08021886225316248,0.0866367973665034,0.7604844654181105,0.06665082562127707
2119,0.1475966090903619,-0.22345977758614796,0.20605506817572103,0.23760093133596474,0.632768974728767,0.05086832724650839
2120,-0.5125793161755241,0.1474224966249376,0.06419337160868474,0.04095467182038906,0.8043985240553667,0.0369329568713904
2121,-0.07782030231142097,0.863832671431415,0.04848576451964889,0.04477369496360241,0.8825204458048344,0.04808078607654272
2122,-0.017089362062322977,0.01662396705246108,0.06375081434585798,0.039885097543619796,1.1350380342193493,0.058342115906965614
2123,0.018214518072397313,-0.1713289329074863,0.11383850961940613,0.11482535183827915,1.405262031511345,0.07643014493001406
2124,-0.07748126038950716,-0.150543351888867,0.06007701159069336,0.04196600543256068,0.8255724413685351,0.037895370560335685
2125,0.0375220096487712,0.023836083185500068,0.08306587657574008,0.08456030096778709,0.9016145164386177,0.05432211533372434
2126,-0.3891123114141229,0.32992013378814244,0.02799858765374139,0.02292519469736603,0.39532935257048335,0.046344151594166265
2127,-0.43576741738767544,0.044248446614108976,0.07039352093117417,0.055456064045099424,0.334199508567054,0.08274192409449423
2128,-0.025727289831684548,-0.020767442650809924,0.04423242352706825,0.03353599916398649,0.6375122884188948,0.05134934898393402
2129,0.06946064172328524,0.06402013917425452,0.09831269333004043,0.07479615615021681,1.075341985849539,0.10517188373994185
2130,-0.031234433917944743,0.05863988074158143,0.07428384309874583,0.0809915873079667,0.4791581085758616,0.07747550864061815
2131,-0.007734412594695682,0.153607909955112,0.07898348602269147,0.09165251863293947,0.7522457896318709,0.06102278930094217
2132,-0.08326902332354988,0.04583826861646276,0.09976088313210028,0.08958459727131869,0.8502017845332593,0.052181472927806956
2133,-0.05535705653379132,0.08545691782438775,0.09234192184391904,0.06906365274771319,1.5585978838247114,0.18041430255499813
2134,0.012511396495178758,0.05478236408411305,0.07322278468879251,0.05855618299318533,1.1473849599347423,0.0850128649042901
2135,0.18304258542747373,-0.4072632187275565,0.04626639487179992,0.05233436486689033,0.4356898158603505,0.042799732015222185
2136,-0.02509174894457693,0.013295945595271435,0.09304364530233183,0.07435153004056244,1.4600637227037379,0.15039336320128355
2137,-0.23380159397717118,-0.03621068425633642,0.2148274493987565,0.1636927171936155,1.16646878268952,0.05502673849561213
2138,0.003979851556362056,0.036142181538106034,0.06821832236292061,0.05475752607164707,0.8628110737292591,0.05618434298334115
2139,-0.056532047857584,-0.11308249539134904,0.01924270217789566,0.015419394177829606,0.2519007207113699,0.04293856220243909
2140,-0.27672852107682844,-0.1531123719675036,0.20177579001577803,0.14816169445463265,1.3845249170817142,0.12463326851199069
2141,-0.01045275862980362,0.0031263483841777965,0.021723828288136685,0.017738827062590473,0.29817628224462583,0.05595809596076395
2142,0.0016135765846916363,-0.0636462892271923,0.1253644948586687,0.13344197101680697,0.9086280702716111,0.048797896908825175
2143,0.039733130892662144,0.10916847514168744,0.04341418135354197,0.040848764887718034,0.8190405421598779,0.04132106075334925
2144,0.15333824302980917,-0.3428235398579367,0.10637016830065345,0.0912481050983872,1.1020843527546251,0.04420829249198661
2145,-0.7533963530019296,-0.08948622513747599,0.09457074771287959,0.09458558192450822,0.33660467826328433,0.14611630940545708
2146,-0.07978002416571535,-0.024970920353787382,0.1335626329602821,0.0986489873129732,1.981680308644749,0.2680438936563443
2147,-0.09354584969687965,-0.11369154732242498,0.040955145711122125,0.033424154332271895,0.43863919787207567,0.04761401939878337
2148,0.04921188528942038,-0.05404595982060795,0.06824939972391232,0.05584311451580765,0.5501078567442343,0.051079000875528156
2149,0.1772409017385868,0.17640610983047883,0.05960503173288331,0.04829353840645539,0.9121150086367393,0.04731779191986387
2150,-0.12863690403240788,0.09773727946817258,0.13429309241573384,0.1336517696340603,0.45541913474250484,0.057386385387068695
2151,-0.010649050415763042,-0.0023531488208750773,0.027343321551305966,0.021623135233617845,0.40528966710950654,0.05139103313031087
2152,-0.056456919764840144,-0.22619752483471142,0.1266610605492936,0.13170884084412318,1.7292880424638197,0.2375859651497994
2153,0.00783229226440328,-0.2668211886579967,0.07267700348198255,0.06207839335113809,0.8026824355264085,0.03631731866670296
2154,-0.014009497471939072,-0.021163675912195368,0.06005145662638553,0.06712271231263603,0.4021192099202739,0.061896033475047595
2155,-0.1473287394704933,0.07720740533382153,0.056364426988902316,0.056715086318422696,0.27893635991465143,0.09014333852810963
2156,-0.10958677667149821,0.0429667922047961,0.16630567835176147,0.1498534425261315,1.5447879714462036,0.16000219949960298
2157,0.0028452466849863715,-0.00821322988927236,0.024257655274057134,0.019885365873550057,0.3108416372849659,0.05959506003445855
2158,-0.1305227670304868,0.1331314605559874,0.06906246799487023,0.05796565315796906,0.17300022860631642,0.05194617120756804
2159,-0.04677489800284364,0.04209047811169168,0.06241893906011445,0.05521737150982724,0.5551299129581457,0.04981943834939245
2160,-0.025825042551808938,0.01364776155431118,0.08515827517809522,0.07190362896213016,1.122082237998466,0.05364688185792081
2161,-0.2165726406180798,0.41127101288694984,0.08625526823492609,0.0926584876624824,0.33888016169450397,0.088939072125411
2162,-0.07998904486658713,0.018575521330245544,0.11011762055378468,0.10478702841295641,0.5471775046545355,0.05864616353696381
2163,0.31238661720044125,-0.13675096611075016,0.18431819554134726,0.12538830577539622,1.1493159343215293,0.12095869211152044
2164,-0.06219600708689419,-0.06007914974899202,0.1163054836438853,0.08943662908238918,1.4001049838454316,0.12535855456236558
2165,-0.0013212409417527945,0.007342013200194538,0.020418027268070685,0.01619260874527642,0.38743210379398646,0.0440043978207466
2166,0.06695293982065414,0.23667438496183346,0.09774815507907261,0.11910943388658919,0.4202178439688231,0.07591001786176256
2167,-0.06071828374116869,-0.08804572736243323,0.09876992284827919,0.11434256978877552,0.5303938145361254,0.06927731351081208
2168,-0.03012838885184268,0.02131214510007305,0.045091358039347974,0.02794449229379891,0.8663154834858884,0.04896672290696645
2169,-0.5524651163188556,0.12431930424269642,0.028000328723108956,0.022285817970341733,0.2533301152098339,0.06018863216877863
2170,0.10744766343745965,0.03277797861187317,0.055945741522289545,0.040870545295009976,0.7183393496380603,0.04350494612991311
2171,-0.10697632430215909,0.30083828052069045,0.039656089605076696,0.03609043523332535,0.6957099465251724,0.047834911984728896
2172,-0.13235667144562285,-0.0442837169161487,0.1924715869505982,0.1964414435394189,0.6152233530525508,0.26362075576241306
2173,-0.5719548910876251,-0.16428521478938451,0.033162507900348824,0.030099565037925873,0.3944070041159272,0.07741341687578641
2174,0.01163148543846518,0.09491394984396104,0.06051573096811782,0.0498158241379874,1.1267526484952308,0.04989659558208943
2175,0.31915054423517925,0.6130921144407733,0.06531591746953357,0.04500150241206041,1.0598132171505041,0.06613469637039614
2176,-0.07245369156651608,0.051451836329527836,0.1313424531771037,0.13158386865115268,0.9084110413350851,0.048465446364247274
2177,0.019634841072485056,-0.08060944429486414,0.04274200335033407,0.04651331068174645,0.16858229819010667,0.10283940624413931
2178,0.010051291404964597,0.0019965858421560415,0.060097459309262954,0.04986821134362447,1.1275312262537474,0.04010864258208705
2179,0.022417469211870662,-0.07320705735507291,0.04622079585837657,0.04558403978475018,0.5954292882670447,0.052739156782764876
2180,-0.046128757167651586,0.044493122933417784,0.11163636859508616,0.10203978801965094,1.1465444596723815,0.06143838004890722
2181,0.32820763828142524,-0.16706923966746284,0.11829236654693755,0.09796790039641416,0.6533015315850019,0.06768532687534226
2182,0.4051083820456044,-0.6058715488559485,0.07262508842630307,0.0708566309575693,0.7212133563366774,0.045885611316822526
2183,0.3605769158222364,0.12487669058315305,0.13033935973108507,0.09308251846063048,1.2905974088815297,0.17804993256525875
2184,-0.2552444417866959,0.23676560179339848,0.06880615903336938,0.049325115341698325,0.825854200281769,0.04480798408391243
2185,-0.01924086203602527,-0.011125239919460324,0.09382783299715504,0.09014121912731189,1.142982787060846,0.05796875461017864
2186,-0.08166117265460346,-0.01586686809345376,0.11299445687357146,0.1074148643930785,0.4501170185920629,0.101454795656003
2187,-0.014491995048356703,-0.04623923151672451,0.06508961615732982,0.04968899045974378,1.4132549341165719,0.11542316268282403
2188,0.029975015137879937,0.020084286364857373,0.06992863398410343,0.06240916745221998,1.1424974893504147,0.08846696718992976
2189,-0.03147288572639585,0.06116043321407243,0.03730547778145106,0.03245346911710584,0.5882291165513501,0.04752686410783579
2190,0.031349828306873294,-0.02234603586277914,0.0737209280753127,0.0752461669144127,0.3803433125599836,0.08610953487410283
2191,0.12616675147732237,-0.14454836161889215,0.04405697555704633,0.02679190295784467,0.8697201984532652,0.04699653028388795
2192,-0.07210919032013918,-0.03303180395833985,0.05350691391881631,0.037694607585247814,0.7712607436363362,0.035765864680475296
2193,0.15167622884416182,-0.09782841166308753,0.07213694649838892,0.05326146954435093,0.7876547370501447,0.04128316432588288
2194,0.15361226251806032,-0.259342996716819,0.11511430957320168,0.08823498438110143,1.5696213076034224,0.17443622243614657
2195,0.006847340241936443,0.4200846764610589,0.0817360443350775,0.09192038293843258,0.8697896271016989,0.04185579000754275
2196,0.25907972714290606,0.13494744817382573,0.11895317994023256,0.08862586895200518,1.0774272346706546,0.05810097235393009
2197,0.1246192069031171,0.1518343784264299,0.17294386119332045,0.1876113474227392,0.8862201550708606,0.15640890545331196
2198,0.16835164094172791,0.09812570107955264,0.12230736458700416,0.1128767896038014,0.3650440058843472,0.09482028112236518
2199,0.3442887313510884,-0.2625931260021924,0.08587956854026009,0.07524458684387432,0.7727773862291261,0.056938795724697185
2200,-0.10349060336151372,0.6722221697772198,0.03401733989515296,0.050921389492827575,0.39757519925619267,0.05186506218673426
2201,-0.07344770971970516,0.0028376056946936585,0.1728643854175344,0.15534872609898165,0.4309093173205187,0.08141121813577358
2202,-0.05575800547584725,-0.15723507053545402,0.10362991368518777,0.125587067496058,0.7978215747984514,0.05970756511524015
2203,0.26477213493271384,0.37122407258818274,0.06307504336410692,0.05962579362904525,0.5577711856899406,0.04646894661599577
2204,0.029560493830068296,-0.040436962126187165,0.02215334417552798,0.015440997720809962,0.4675634595196868,0.03093041209422207
2205,0.010521970827515192,-0.04029427957076999,0.06719302839129146,0.06730123733557473,1.3904122939481114,0.09691022500459211
2206,0.06895445123955915,-0.40583514760626693,0.0864493309436447,0.10133186590958915,0.8823433711784509,0.06580171677136498
2207,-0.09453137164543217,0.15668063998761161,0.09635555084010786,0.10292472219256489,0.3415307197830338,0.08410412288028035
2208,-0.6015808705379514,0.24432487507427914,0.08156441944883797,0.06913780305616618,0.5809037094608994,0.05542531493200522
2209,0.3386314317985154,-0.4437552687896757,0.0842612897323702,0.07723314556208702,0.4095523318313411,0.06425733705497715
2210,0.13539778897559523,-0.10115491183876943,0.08306735564390476,0.07090756638449297,1.0049905871375844,0.051072434995294486
2211,-0.050709505341727315,-0.05053920650059382,0.04861058701322418,0.040763551641738754,0.7192291596495267,0.03450580192797607
2212,0.009252429536034874,-0.07107724556753484,0.08260940142293847,0.08650336423897957,1.389524572870084,0.14550993955198901
2213,-0.16379419354276156,-0.047840557065788845,0.1472481527846144,0.1263266354788254,1.0974782896340454,0.044894479346681865
2214,0.015020958646622848,0.025522099827626987,0.03875446043792625,0.03125083134094959,0.7561863729219559,0.035844799845833566
2215,-0.27785830334031897,0.3615652452777874,0.12642061296540388,0.10069197558381449,1.357233435053614,0.07354511203839852
2216,0.30027760135547005,-0.14808157242290157,0.0443986768665829,0.03150014051348143,0.4074341098227226,0.04179521703911946
2217,0.021590166573949337,-0.05683279515968452,0.08934716414956705,0.09624977271199485,0.23862498463248638,0.08661078098656869
2218,0.03851522890386659,-0.011095820825923882,0.06427826587481651,0.053496214439882575,0.8067811692804809,0.036488893288279235
2219,-0.2911047094880427,0.3209877240915228,0.0657969138231036,0.044856959759489834,0.9731686870537584,0.039536181254136896
2220,0.09807475084534224,-0.1365675945300915,0.05243505590589964,0.03577299436205114,0.7669583651248116,0.04616052555723722
2221,0.5113918747126146,-0.08044061384167937,0.11536288629766879,0.07107922466501367,0.6559059858329721,0.059323555110785825
2222,-0.20860143384340274,0.05073318427919321,0.149302977901886,0.12913871941919794,0.11960436370575965,0.19886720141709097
2223,-0.0685146078405106,-0.19311879487603603,0.27167199033934625,0.29321806350941476,0.458823658036248,0.0822450438305576
2224,-0.21773052686976826,-0.0546829688539645,0.027279088450030353,0.017443514854863507,0.32607303428453394,0.04737702162315654
2225,-0.5058617605670885,-0.1711411366886121,0.07723070939321956,0.060231946059951934,0.6811921375338347,0.048120500089128784
2226,-0.14687204734642106,0.007874068689451843,0.19679315406982859,0.17232044039429747,0.3806066147782007,0.10644078989492106
2227,-0.16068207783213964,-0.09590387070141151,0.09718412647594038,0.0674217747211135,1.091849373751667,0.05139507835308135
2228,-0.022210350485962153,-0.041995629279780206,0.08475073788343673,0.08552175808154829,1.1676736899856315,0.08079072703556556
2229,0.08909074556998446,0.03722375285576906,0.15408176308617713,0.1799046663730805,0.23648140384022553,0.319479890251869
2230,0.378696773662285,-0.17190592141247102,0.05035120301963253,0.027930028179529075,0.7252983517035502,0.03864476605965915
2231,-0.03267331702624729,-0.08774899897195053,0.061027012149624915,0.062369562465062374,0.41667111490922926,0.09166474178448063
2232,-0.08914416979986237,0.006535516019289657,0.08280499995459024,0.05947064869797598,1.3469640515065637,0.058081053127550436
2233,0.3530587312230678,0.2812600645951713,0.10050229616113217,0.08544784111077999,0.44318953125983107,0.07787500169843065
2234,-0.12968235605968378,-0.5407486943247258,0.11777079223660195,0.12761878910726035,0.4130240507245892,0.060614228972946674
2235,0.0740688115072451,0.28938508198315116,0.13339518719412985,0.16620861471217993,0.44211641989061984,0.06772736557051992
2236,0.03969655902589325,-0.25469171431276644,0.0818089652441206,0.061181103747979346,1.338034587982739,0.08121075631787066
2237,-0.5808547707259543,-0.2897869380813691,0.03542279405771262,0.027656751058526184,0.3480802610168815,0.08459926809753739
2238,0.24067427174312203,-0.7893784467827605,0.03616914292751134,0.03313454921121337,0.5909355788708257,0.04775589691467142
2239,-0.26771919716561543,0.11427768816602345,0.05161622002375359,0.041524776203390235,0.43697083017889016,0.09922610702273105
2240,-0.10751792413013939,-0.21766289663144947,0.10876628094013127,0.11605231017146457,0.24687967577137304,0.08993163955972205
2241,0.8963046699573801,-0.1006407422395817,0.05803981444537191,0.06803749496510694,0.42911760968348245,0.06882523390097682
2242,0.01013062114618945,0.0192559531714913,0.055377521779389455,0.04995715056981479,0.9851234984028125,0.04624659721738886
2243,-0.17088561199979793,0.05597859424825413,0.05009299605935314,0.02687508121141972,0.8176437500673024,0.042102065537381626
2244,-0.03307794659626054,-0.0022649683026718676,0.09444888810718424,0.08988717380680987,1.1241954663402203,0.0554308160066124
2245,-0.08193173306928433,-0.6174939592583761,0.05380118652217835,0.04716909487566692,0.5174732148984696,0.07906255343917917
2246,0.12581198906425287,0.6932848539568135,0.02830428981185322,0.03452978970153433,0.38909009616793555,0.06043135783053087
2247,-0.37254902674360896,0.45534108115488564,0.16284412989866998,0.14084213458304712,1.4622048002322456,0.15712763723593476
2248,0.3476781467950778,0.38949627452493596,0.08372691542901763,0.08273331352147986,0.43413336685321274,0.06699455406647088
2249,0.04868822306580774,-0.15629345847696652,0.07153050056291499,0.0729719229158676,0.5247462437997101,0.057454832662999444
2250,0.06890565381659841,0.013459442752974697,0.13985941102141983,0.12256515902912347,1.071670768085784,0.06236409207066759
2251,-0.03547855204782714,0.01713329151704538,0.05617058603878443,0.03838408238387233,0.6507002389157714,0.06982840086432983
2252,-0.13294487979412412,-0.21917872529435337,0.13603678394423638,0.16147524885224762,0.40164352738425785,0.06718593340747302
2253,-0.1301956697705369,-0.4380689755660994,0.0557552624297923,0.06978873729764039,0.3450236966702129,0.11082373617923204
2254,0.4739004190862015,-0.0755305025250706,0.07062311422892668,0.05104594047769256,0.4732932959080763,0.051603173870296136
2255,0.1674472280275227,0.023981192500732426,0.12062617099863762,0.10093155038039922,0.38241660008902445,0.0846219821340225
2256,-0.04703006205555881,0.09354364477398758,0.08505972181510356,0.09449118254534798,0.9562382127400451,0.038684847281600376
2257,-0.529955980051134,0.36389133367205684,0.05050305377534518,0.039299510277721696,0.5014277265732932,0.08662695581642352
2258,0.30027760135547005,-0.14808157242290157,0.0443986768665829,0.03150014051348143,0.4074341098227226,0.04179521703911946
2259,-0.03880684422095241,-0.0025580344940906493,0.0816848543154329,0.06888028347568875,1.1326154098225878,0.05597582971830224
2260,0.49298118451793166,-0.3710361515329433,0.04439240077996264,0.037848054195242245,0.8693533037565078,0.059087459696398476
2261,0.905633007510191,0.1668131594237801,0.037108705036714006,0.03722820212764048,0.6077594942714436,0.042907376672915803
2262,0.2842673312847275,-0.2918219416320067,0.150787881025008,0.16514039753885895,1.0995141372885966,0.06860657641357272
2263,-0.08871145151977242,0.023494017327645993,0.0649733081492896,0.04797629802966444,0.477040057660687,0.05201797809917589
2264,-0.00024372644853211845,0.06066605663305745,0.03838957880863544,0.02979389967550291,0.7804579371934197,0.0430686223555534
2265,-0.09890604543752071,0.23742691824616285,0.10045283238039288,0.09860846085695003,1.1154027683323047,0.059010428709610846
2266,-0.11992242854048606,-0.004789917533104086,0.2562173213559815,0.25127869062174923,0.3898588203169608,0.08857337693309619
2267,0.02491330297271177,0.01079705322052221,0.031769431605584104,0.0243715051204966,0.4581012958614369,0.03867781844493209
2268,-0.12529119324046195,0.11957766670378163,0.12171156687459499,0.12128983110761624,0.851528195727874,0.04166629300995503
2269,0.0779298272567845,-0.04461299146033585,0.0979806092902606,0.08386408449562079,0.15864239706020464,0.07933432550009048
2270,-0.09299666875547007,0.2667793696031513,0.07939148194678768,0.10288267729649724,0.7015837865794988,0.05353691979776631
2271,-0.0016816786158817623,0.03348831193146581,0.0303636092083475,0.019509327981987373,0.6733131256632975,0.037700720136927504
2272,-0.009153747412618183,-0.007518437042957411,0.04651094286677645,0.04262168271538971,0.5027893555582716,0.050387121261282745
2273,-0.02606042438421388,-0.012434742626530763,0.15193699806705366,0.15800035834276002,0.3642585835436923,0.10657282911473205
2274,-0.0694569916133469,-0.049772399884570974,0.0816794407819971,0.09203989913880292,1.1364744510749176,0.04931973236003055
2275,-0.5042740799974663,-0.285064071519276,0.0538353044416321,0.05210262151570665,0.35257331049246454,0.070064833523704
2276,-0.23750761276375518,-0.08399843468005536,0.15490255829996433,0.10288383902046673,1.3377442978130782,0.10342748971860528
2277,0.03532561490097293,-0.06300815614033285,0.16759484885747017,0.1802386196836247,0.3051036990862744,0.16079408698173472
2278,0.09601921810495014,0.0518638127584114,0.057345247645622606,0.04900020101395,0.4268075386623121,0.06675228238988087
2279,-0.09098960858260419,-0.09123923654877097,0.07824050080839579,0.06212700818459331,0.9429157801201719,0.03967005106175003
2280,0.050914167964192944,-0.01917534877777713,0.06487591984939771,0.050905462017794584,0.8087490629478565,0.047916537206115266
2281,0.020697521826936592,-0.11948849408249822,0.033019454430506884,0.024388838788415555,0.6264788152051496,0.044388609938579224
2282,-0.11406799565078687,-0.00017940188297379395,0.055969401428697406,0.04698716095880022,0.26510861487630344,0.10280632737290964
2283,0.07991065013393768,-0.18429101350139773,0.11694998870948652,0.1089362755407318,0.12453160895782148,0.10122265204383576
2284,-0.07782030231142097,0.863832671431415,0.04848576451964889,0.04477369496360241,0.8825204458048344,0.04808078607654272
2285,0.015461751550183178,0.019899625968282292,0.07716993212024688,0.07423978878362092,1.2885935936146893,0.13970729862667153
2286,-0.1389257128066601,-0.21727703157250935,0.033433208364056485,0.03148441837216881,0.41325157348058067,0.03778204937253716
2287,-0.23917413552051708,-0.5475509187224012,0.057620026126422454,0.04900238629157579,0.7802161702715069,0.052719984947910616
2288,-0.2413632418982192,0.04161346788258233,0.10012638693556701,0.0791128544189955,0.541490934059532,0.052335518779168325
2289,-0.060186670834939573,-0.01284212204853515,0.037676461264591975,0.03216702797264267,0.46495453298779926,0.08624065950629194
2290,0.10379964294279563,0.335049091624278,0.16233968486878442,0.2151449939094075,0.25024828471693844,0.10081696008656232
2291,0.05148388583963283,0.08099186768072354,0.021859453601075298,0.01796607435811386,0.3612705544375546,0.05444975039039144
2292,-0.0680598313681537,-0.03441833865537765,0.07803166157895107,0.07689619819427863,0.3899472928475592,0.12097183305131023
2293,0.054541772533718565,-0.05337771882531704,0.11064232127663508,0.10100989012428595,0.9212314691162716,0.04911525103794115
2294,-0.09550569274079057,-0.05027407896051623,0.048486094080815105,0.033173346398343746,0.6335498161378679,0.04507845365049048
2295,0.025541210273954087,-0.0025657319481060172,0.04480127455028,0.03611205864055817,0.5854540905915379,0.05124187181114237
2296,-0.03709288969802101,0.08287321316270098,0.1302100383748356,0.1600877169711547,1.1081337101093238,0.05893010903184619
2297,-0.0552051378752586,-0.11491538441269852,0.09977411601449684,0.10124387337421346,1.8906169364951306,0.23336083813042832
2298,-0.45985822519256414,-0.17131861619742278,0.08437266675409383,0.06239531979631145,0.9319178017144949,0.04421323946802424
2299,-0.05834101784325743,0.37977041225250047,0.18866960989159387,0.213664467574994,1.4539175569603378,0.1502161022895766
2300,0.0011952117653013853,-0.0810163998563582,0.1105139529241225,0.10399617781627053,1.5970869079102175,0.2343436362448943
2301,0.19754488587403432,-0.10694668890189973,0.10933016933947827,0.08984522615535626,0.12039510191345332,0.06994319740420371
2302,0.03767093752284001,-0.03642158581525093,0.05818615942338892,0.05433057209339817,0.8217415765859489,0.03288710259041268
2303,0.014846935082384062,0.035564915470862254,0.0315229696343113,0.019781045366327837,0.7075304839061888,0.03366278379607924
2304,-0.16123986464326487,0.4999703275114789,0.15629630040045114,0.16494544473611444,1.2941967977666617,0.14715104900691497
2305,0.3413734274501189,0.1515129785529416,0.053499683676697884,0.03729118784881477,0.5555505905209549,0.04319024776644793
2306,-0.03850702473754326,0.014180955155714362,0.07160408849387648,0.05782553683354185,0.9798344317104654,0.04940707757618183
2307,0.7059411339382302,-0.45532881750904036,0.03227049111197368,0.03384162399102603,0.11906658011424492,0.07864725422149811
2308,-0.031757120237408544,-0.038245757260505345,0.08307247841904111,0.10326514371579851,0.3150536908265596,0.1133169854037857
2309,-0.48818418259901947,0.5500787667416117,0.045068503379458065,0.04428989949150508,0.6324809281629904,0.04912587811811857
2310,-0.07768769723218413,0.2807787346225615,0.06289810841316204,0.055544745758087315,0.7601677255499063,0.049604491164824106
2311,-0.5245451988714542,-0.4316834432973688,0.09877924797492824,0.09304202711138314,0.20779104383074598,0.0825903247497187
2312,0.3476781467950778,0.38949627452493596,0.08372691542901763,0.08273331352147986,0.43413336685321274,0.06699455406647088
2313,-0.23750761276375518,-0.08399843468005536,0.15490255829996433,0.10288383902046673,1.3377442978130782,0.10342748971860528
2314,0.24133933347471312,-0.0665836627281005,0.08110702091373699,0.054877010321833154,1.0850696228358505,0.05329205465649338
2315,0.001484301819144223,0.14434243954299023,0.031204833061173658,0.02745028898123051,0.35282397821635036,0.06873924899052553
2316,0.3309222434116872,0.17880705369982797,0.13000424564555577,0.10714279888641895,0.4308220193383695,0.09234767902333257
2317,-0.6082411242607924,-0.3658532558948084,0.042870423075265965,0.04279440986018223,0.5229110092194598,0.06526931435839517
2318,0.0700703634406535,-0.029321186614471043,0.03547869135071923,0.02596933872086409,0.3967012014090451,0.057000342453950345
2319,0.07660889612941307,0.2725597335966657,0.05381376692323089,0.06708969168526153,0.4138641553123495,0.07948246204974357
2320,-0.061869417448149874,-0.026516658535593207,0.060264073053780606,0.042409470244403606,0.8981793441346094,0.03882184962051646
2321,0.42122806135493296,0.5056318348498361,0.07873260480626086,0.07785311355674504,0.42633414264869,0.08410720723058387
2322,0.5598016204626998,-0.32314411082652167,0.0408862009080481,0.03723022798647585,0.5718667955856351,0.04160309492211028
2323,0.01972654767029093,0.013435566307029282,0.04627482868183084,0.036377723488786484,0.7518274353921922,0.043162712812019326
2324,0.029560493830068296,-0.040436962126187165,0.02215334417552798,0.015440997720809962,0.4675634595196868,0.03093041209422207
2325,0.1055912772424234,-0.149407043008066,0.03901615281824113,0.024774492620823842,0.7668994209216992,0.04704265771530344
2326,0.10790605226431886,0.02962563027936462,0.1299506337379259,0.10120807837645993,0.5822302713784696,0.06139380751766589
2327,-0.05106557759241097,0.08467973566318124,0.0981122713742293,0.10937222087775446,1.1460680046313907,0.06167431979865444
2328,-0.03582918698503446,0.03670880424264379,0.05009323060065893,0.04308154226743249,0.7670933904862511,0.04512995961721308
2329,-0.022210350485962153,-0.041995629279780206,0.08475073788343673,0.08552175808154829,1.1676736899856315,0.08079072703556556
2330,-0.2165726406180798,0.41127101288694984,0.08625526823492609,0.0926584876624824,0.33888016169450397,0.088939072125411
2331,0.05079776607661156,-0.4955035579157279,0.12351897757877725,0.1256958775798726,0.8948110829694916,0.0416356743422278
2332,0.018080086261232867,-0.06347864162863896,0.11519105752625637,0.11865792211366316,1.1638469197391508,0.11921372731423076
2333,-0.024234507370837592,0.24275764191854582,0.07995477671269541,0.09658222166592141,0.7862418243089254,0.03787078260307816
2334,0.07926775114797971,-0.2578268993339232,0.0920777945417445,0.11702446044588875,0.7988628598399202,0.03886706911667267
2335,0.07677420057437918,0.08798141496927836,0.09205385397542973,0.08786852994836354,0.9829051673636153,0.06267865091095158
2336,-0.015503717119693495,0.002829081330062001,0.07847789501830549,0.0730148840393901,0.6603519295500044,0.05303964752348053
2337,-0.007468195034064988,0.02858485519503027,0.07703199806869478,0.06729163192434773,0.952442758677571,0.04247124430484304
2338,-0.0937948316766575,0.1969685193390641,0.06772607386313023,0.07380743807212045,0.5136722393605222,0.08065290033298056
2339,0.25736311461090866,-0.5998230196753188,0.11501172153444252,0.13081888608526393,1.0934682650616856,0.06264171518939797
2340,0.023968352157503398,-0.02222369799099913,0.05479184136336761,0.050986069715055635,0.7233117498383439,0.03814586772308966
2341,-0.07587663412156488,-0.16003466524633267,0.08236414971635142,0.09416689690286444,0.6531409061484019,0.04856297320824497
2342,0.027913728870314406,0.0025426543147411412,0.05814423588578282,0.06334061480117288,0.39145334369467466,0.06610531765269945
2343,-0.04677489800284364,0.04209047811169168,0.06241893906011445,0.05521737150982724,0.5551299129581457,0.04981943834939245
2344,-0.3308185396541133,-0.4062266995463457,0.08982587744626201,0.07057512543027557,1.1477765905054933,0.05006456333702109
2345,0.012261717786458199,0.013826613549730504,0.06274283995983403,0.0635508298756955,0.8218877964598721,0.047469633235686405
2346,-0.031190342051993614,0.004104863536533951,0.10953341077530157,0.10600057827338404,0.9234712173432565,0.048448147729326756
2347,-0.017075876980259606,0.00846823005419793,0.022236152961880515,0.016894425001221656,0.4225850362705087,0.04422819438239884
2348,0.11386737137841656,-0.18918832472459127,0.06182280880081007,0.04719209631247121,1.0375581740024549,0.052216937834544515
2349,0.21149713233712047,0.1587555471262367,0.02841186379337011,0.019555986668096242,0.45096435311693567,0.035066787630616394
2350,0.029920706007821974,0.03991107826692345,0.05279243623810361,0.04656496603962492,0.8322034352940574,0.042621095590234366
2351,0.03969655902589325,-0.25469171431276644,0.0818089652441206,0.061181103747979346,1.338034587982739,0.08121075631787066
2352,-0.0903459488707059,-0.10511085018682519,0.07417389707733144,0.0611326726805795,0.8317796470100564,0.039739364904984885
2353,-0.02905784814881296,-0.013272858699331546,0.08295248477927925,0.08204539039841954,1.697176159932401,0.35078591732288444
2354,0.04227553264028591,-0.054645284684024256,0.11150377030727734,0.11244384205839832,1.3781494838215096,0.08624708814273958
2355,0.07653217258909781,-0.05741543122775089,0.05392964690864445,0.04885667212218942,0.5147144929562576,0.058612646296731206
2356,-0.052200358737575336,0.15008694066638714,0.10074214102890372,0.11271259441821857,1.1151158039489892,0.06390280816732218
2357,-0.2558708053413856,-0.06753548660836795,0.12684881097526804,0.10501092164707658,0.5188592040080718,0.0794686064831968
2358,0.11305403986156629,0.01654152903916499,0.1074833989704957,0.08960075363287727,0.73672542115046,0.03725050669982408
2359,-0.334118633529702,0.3819374629868797,0.20064980660620463,0.1934494609036843,0.31558328128688967,0.09220400569929446
2360,0.05697265232312781,-0.04082050021285273,0.05394576139012983,0.03505954626705048,1.141349011139684,0.050523031656832675
2361,-0.5626548027568951,-0.02349663599675384,0.046944135931145485,0.03458038496602133,0.32320347582923753,0.08954516864629812
2362,0.09019217687240998,0.0035643929493790073,0.061081746616492634,0.05479253812403553,0.5536345242757743,0.06272050960241157
2363,-0.26192243577237434,-0.10384296880580932,0.20237589113765458,0.18536073895160668,0.9317477099542084,0.04642355895711866
2364,0.0004683487760474166,0.02319703080522234,0.09098997262298768,0.08625236049485539,1.0906554432483284,0.05839517034975593
2365,-0.10958677667149821,0.0429667922047961,0.16630567835176147,0.1498534425261315,1.5447879714462036,0.16000219949960298
2366,0.6302883443529774,-0.18764466563931062,0.08105304818066826,0.06363405379106271,0.716037473958212,0.05678360381519001
2367,-0.36018525841022025,-0.14284373434839834,0.21075154506850005,0.20455194090580198,0.21275513358544723,0.2515353398315118
2368,-0.09019310520614236,-0.02964378835952685,0.09703420256286129,0.09346272078793755,0.4020840362114601,0.07734580271247261
2369,0.19541580457297783,0.12892339495317154,0.11347720008338345,0.10419222502087891,0.34126152173321167,0.08653003320633275
2370,-0.031707317451007654,0.05633024773827715,0.09401830919848446,0.08676631293056807,1.1061890763678413,0.066700284121804
2371,-0.4635289616309126,0.06543660217799023,0.03160029288320735,0.019787847886849442,0.3769682894222992,0.03831098881354449
2372,0.22859224274010295,0.21181570739765562,0.06837709158707811,0.04474241332510711,0.9639037962801666,0.04800046410891108
2373,0.06361157023585373,0.040551630509886145,0.11190409305868178,0.10152023487683531,0.4010031573242813,0.08418642252392883
2374,0.02805654185246738,0.010535213945929245,0.048601810092056226,0.04230451845474893,0.714341859775128,0.03642665304579223
2375,0.008586357936581373,-0.03575918291673768,0.12324644549508644,0.11555505681781436,1.7894592662016442,0.2856074649317071
2376,-0.1494157728724757,-0.031087852331698432,0.09988840012189074,0.07311978591267496,0.6459293221342484,0.06760410096535484
2377,0.013459272781092588,0.003133045856843897,0.0470571601876194,0.038119109634295045,0.6681469787797105,0.05200611169751213
2378,-0.5354916609292879,0.054493810659680064,0.05540462291327866,0.0450689181557618,0.18381119070492152,0.1044281461626022
2379,0.09507806756314281,-0.1357585953834711,0.03325857256779556,0.027816091651429502,0.4516739472061723,0.0465024531134572
2380,0.015225962676626006,-0.018266929922301507,0.017720666331635045,0.012303988257314137,0.3816820560266008,0.03811836388345208
2381,0.08221705709580297,0.15924193036261913,0.04846514197304782,0.05718103678007143,0.45182081892810805,0.05246534830152377
2382,0.08406537578955635,0.2583731368635904,0.0931591824414798,0.08612240886503289,1.1189082988689207,0.06039001264651487
2383,0.033211238150859426,0.4492970853299746,0.05632286676206115,0.04663046716276532,0.8665179492335475,0.04260371723908621
2384,-0.09098960858260419,-0.09123923654877097,0.07824050080839579,0.06212700818459331,0.9429157801201719,0.03967005106175003
2385,0.0904881585212829,0.003340042245026426,0.105210128845799,0.1000654787659089,1.8414070331139631,0.27442019214161695
2386,-0.15393940060487363,0.03406960890081801,0.0994431403650995,0.06110726216878547,1.0697809357740362,0.04548280591669758
2387,0.038533855271079304,0.2607434735798464,0.25375665231540245,0.2752374506162006,0.32181713403044465,0.3579150540321028
2388,-0.14211452047782677,0.5400209207592256,0.02856639055533691,0.03292105237687991,0.22325193866837728,0.0848227733083768
2389,0.22339945934644337,0.2404996887276329,0.07246588494352361,0.06209490416413365,0.9124531306198417,0.04706420348153974
2390,-0.15880346394961614,-0.12387507874481218,0.04187610969715387,0.037191760728684034,0.2773026157920409,0.07342082986229884
2391,0.5394922705194877,-0.3085459102814889,0.04481023101370921,0.036806676551054504,0.3425019576045971,0.09732562092257212
2392,0.37786063185262286,-0.09513757436981019,0.2282585255352617,0.1789267280105858,0.4029989363360808,0.10172151523027614
2393,0.23783102649541554,-0.3358586655028534,0.15390330910794534,0.15601125505946442,1.0516427333279317,0.12834884060974153
2394,-0.15287427070490428,-0.06026912996711541,0.11327223522772646,0.08812944243500496,0.5323062440181793,0.08464665709875732
2395,-0.56627746417712,0.34707197765948405,0.13074437353982007,0.11577996870127039,0.3248418315385604,0.0840920022247361
2396,0.019936519227211083,-0.005386626444367331,0.01920543717175212,0.01440485902895812,0.4007051323964055,0.03556101476071353
2397,-0.1745913922143451,0.08404169321989796,0.11720809069690069,0.09771075313043351,1.0465323465298446,0.04825176524566113
2398,-0.5649260506499929,-0.08984366061499433,0.07776802716170915,0.05773868468570824,0.8522586571244379,0.0442034052864593
2399,-0.05629980472790083,-0.3106880304541422,0.09605940367736093,0.08473278597622406,1.1289802004679739,0.048616746177282365
2400,-0.2393266918787235,0.30923468020166966,0.15527433393369502,0.12711603526869147,1.5030205174600981,0.18077986850968647
2401,0.5024489627281188,-0.011649988253089268,0.12867260560469768,0.10886380506619661,0.6984542906640211,0.05225182058200791
2402,0.01844893057468011,-0.07805189704332376,0.11183799048287464,0.12710072150829613,0.5390632137995661,0.07272757516716187
2403,0.11253087952500827,0.17263728660715805,0.06357187377477129,0.050782148467240225,0.7470596081345496,0.04279770537939889
2404,-0.8187104897989584,-0.38518836298309933,0.02949451386801731,0.030829599101709636,0.6176486023350405,0.045371801135557464
2405,-0.07570764769993571,-0.01630321092377625,0.05598804868262186,0.035597562128263996,0.901007188140811,0.04100680651577562
2406,-0.09981550194851739,0.049094925529021595,0.07747093146593914,0.07070946218227166,0.6450198426544215,0.043111069820046484
2407,0.01206078775206555,-0.047652395954790365,0.09212139255394998,0.10145741777896954,0.4202505618992568,0.08756642834759758
2408,-0.16594606311801333,-0.40076300518738356,0.05488946947460845,0.05418836162598588,0.20449950442817483,0.0721831121193265
2409,-0.044878728969277214,0.021937927216522247,0.07125367650521627,0.0815458187634195,0.38088132554805165,0.10631033885935541
2410,-0.6685278226709911,-0.4818096173202096,0.06824861895948361,0.06496171337836493,0.5953431073017228,0.04823863255786043
2411,-0.017609138249827284,-0.015474146800761888,0.043129459375233464,0.028549326757231316,0.9259571456682869,0.040547450541491746
2412,0.09469749026269843,-0.11809513261831593,0.13464219105082478,0.13186763445033986,0.5430884060172069,0.06208125505054942
2413,0.07261431654931327,0.07454823224205769,0.07553017042596914,0.07540830011330864,0.3629441213418753,0.10015062621530567
2414,-0.006589241240953056,0.02098619625772919,0.04871018005299902,0.04382245633314189,0.5635406543978545,0.048015452884639764
2415,0.08686020449247625,-0.3619375248754417,0.09219543485804044,0.09997259200306659,0.8819445868512189,0.051305608305192624
2416,0.6031010282559217,0.10017101958732383,0.16963945206583672,0.127103526430588,0.4097828641122621,0.07433316636104913
2417,-0.270881606882917,-0.28776358740552843,0.04669077080787454,0.036838300985004076,0.6570116672720309,0.03727952521012454
2418,-0.20952859001439358,-0.025003583671883052,0.20524587454000243,0.17676567290894338,0.7338793934797873,0.04216818163788009
2419,-0.2951471532355484,-0.859563955226707,0.03320428838289736,0.0314330104455256,0.4694903989593731,0.09430754370309832
2420,-0.014545618771557972,0.09348196924472199,0.08421216892140648,0.08682800480915143,0.9477819546232039,0.05671472072080238
2421,-0.08245765802846675,0.2704251818462843,0.12899779171599243,0.1579376420097388,0.5525515831607535,0.05769972588412805
2422,-0.038595798858052734,0.023620562746111157,0.13633942435544177,0.12408807298230352,1.7490725750077698,0.3180621655640661
2423,-0.015421149702953147,-0.009684077303508516,0.06966439270536193,0.07516675036337735,0.3308981721079285,0.08695519592404989
2424,0.034933531533037916,-0.0004620199296782434,0.030097949222176935,0.02363048388144878,0.4535510607702993,0.060452355891714486
2425,-0.008034676619930207,0.018033810404098467,0.042182899589733,0.027650048842257,0.8290890572338571,0.04582775042961611
2426,0.011597418598305015,0.01206568391788126,0.05673853405288154,0.04788526583321043,0.8000837933743016,0.05350575605036749
2427,-0.32316924939813896,0.1971813463135077,0.05705439987985686,0.038442434876143725,0.7978178846284523,0.052128843883635353
2428,-0.049603756790484455,0.0035306971543987934,0.05486253812878819,0.050649007425814595,0.5771815076450787,0.040691799268053774
2429,0.0002093240179564576,-0.37578240145624175,0.09430565678991225,0.12146701134429261,0.4370481644169676,0.056521734679325523
2430,-0.028173620592872043,-0.004736026170117777,0.06431828111192488,0.06362217128681655,1.0036256192035728,0.04688384420478477
2431,-0.008992990426467267,0.023883958285814855,0.08167907043952041,0.06796710587977374,0.757136675480863,0.046269991787191087
2432,-0.36409956914691394,0.40260438170372975,0.13650623722910282,0.12683721447219123,0.3899395431727847,0.08860867950921278
2433,-0.1615017796641577,0.03521099543208868,0.184265674378353,0.14689126203864328,1.1657195708327457,0.060514262735513934
2434,-0.13296641842840964,-0.7159101817614462,0.06292659770776485,0.0538782773397346,0.6898795444429018,0.047273142024961114
2435,-0.09981550194851739,0.049094925529021595,0.07747093146593914,0.07070946218227166,0.6450198426544215,0.043111069820046484
2436,0.12629527947326766,0.08136745921529087,0.06036823860131963,0.03839825022034404,0.8256636178990369,0.04025114151059272
2437,-0.1407990478775344,0.014617946597543457,0.06321072605850109,0.04981674675908442,0.4307256582487785,0.0727449121015236
2438,-0.011110881541241869,0.0016889893116173397,0.04672034116472412,0.04270036814191981,0.17590393125751663,0.0870974223436139
2439,-0.20372620465296704,-0.01316773913620152,0.034260837489473374,0.018569887666327254,0.5882350317121554,0.03706630583510999
2440,-0.2708805765523863,0.17593141802234666,0.08124930291252536,0.05780508555802805,0.9596812507044289,0.03878081008142999
2441,0.0028842019174496253,-0.5773315014718606,0.035683219441363004,0.03843698684044395,0.3601827534322302,0.07852185807390692
2442,0.023506865600043177,-0.03665233660803956,0.04383224050339006,0.04573129778692784,0.5532272093889488,0.04996500308893708
2443,-0.027777049521438894,0.05964301712281618,0.032848792601958894,0.02321340635005422,0.5931223040561783,0.03644267968940383
2444,-0.07008582725988256,-0.16342165887751275,0.22092279783895863,0.2464110708967404,1.154384696873738,0.11350079048866049
2445,0.28930603920164594,-0.17400524871574607,0.18953288904198548,0.164425839209062,0.8898896303711318,0.04515260526069929
2446,-0.19247949647866802,0.503925448096695,0.06836734933372762,0.07901970290045834,0.8319056293092675,0.042026092015083005
2447,-0.06792202977692205,0.01393627643136545,0.06690249486903375,0.06150113856631786,0.6187122721747415,0.05079648529850225
2448,0.002191877655051901,0.011919815765748925,0.03833588343325855,0.024897170619549595,0.6587414305289327,0.042699852700195925
2449,0.06409485790864496,-0.17673584942365553,0.07729306551238704,0.0593154585674736,1.162978415769626,0.06667565861289297
2450,-0.4748801293136205,0.23993503176351094,0.1351956877108949,0.11603992280125712,0.20194334429111177,0.09616776160413583
2451,-0.07439369312053706,-0.041001880450424424,0.03905450915048021,0.025476611377800842,0.5905643883945875,0.04871121785710632
2452,0.26477213493271384,0.37122407258818274,0.06307504336410692,0.05962579362904525,0.5577711856899406,0.04646894661599577
2453,-0.06349190436117524,0.03588565407509493,0.15122422271730374,0.1342407293466729,1.8414208840263389,0.6473147320917574
2454,0.0028024548551970193,0.012538265744747422,0.05981646879697906,0.048771283967219616,0.8682935323656756,0.050739713976245694
2455,0.10854759143905245,-0.11460935323308145,0.047598477431280095,0.041818008656130286,0.4911117426305457,0.0433181423777263
2456,-0.30435657274424016,0.3885144028659019,0.09141230406458895,0.08093970623548037,1.010178444409581,0.047641804335410536
2457,0.06845506353330705,0.06426877987406618,0.04609358301132062,0.047061572314814025,0.5349779954286836,0.08551589782968448
2458,-0.22543732687661336,0.34968589797882155,0.04328643461125793,0.04208830426611978,0.31763387467328535,0.08250372941832816
2459,-0.029248610680947487,-0.003663432655621907,0.09451785038700876,0.08781050510574827,0.6981831446180788,0.05678190010869387
2460,0.10434922980162764,-0.06407848102203798,0.13702652904180382,0.11018312586812226,1.4058912575080307,0.10957724551914473
2461,-0.05412558658735689,0.03636188638501779,0.12122034656808606,0.1365502050969674,0.5284437995009241,0.07987693868355028
2462,0.11414448113446153,0.25014766352792916,0.10209862939120014,0.09685386117112935,1.4746430147488143,0.1478479960931612
2463,0.3471149802236827,-0.07511383141780205,0.13118809337504053,0.08055653299147932,1.0897182701194572,0.07560260082868747
2464,0.3827928061938558,0.009595795797696842,0.053679633675941495,0.04072507474587142,0.4833931039306966,0.05001707519698613
2465,-0.16802551013348663,0.29894969858290193,0.18223148910468825,0.21698200067045495,0.3891407843681975,0.07460238488108926
2466,0.1307597438456331,-0.03730595244017319,0.08414810316068638,0.05337863830702427,1.3277352182815414,0.12777220978047027
2467,0.06566462739372074,-0.06824810628528168,0.09546387047201291,0.08180409838721303,1.21843087124899,0.07318542203304519
2468,-0.6514045274429605,-0.03456769812918611,0.04074316804313934,0.0314978191012111,0.4182861984058146,0.05550515698346721
2469,-0.30219361978506815,-0.043661193121142305,0.24411414255072283,0.2079673774213499,0.6392591568615235,0.05746901228653841
2470,-0.17153290396082396,-0.05803491011021853,0.09117441562679476,0.07738717494700792,0.6118234057541442,0.05075456246407982
2471,-0.04448917449342049,0.09113772424835902,0.07348277729065007,0.08301370954471639,0.7121214260496126,0.03949386250857705
2472,0.6099454655829413,-0.2613311589897747,0.09490242433563252,0.06876168495825942,1.1976171147138122,0.0742699286016463
2473,0.02266919486198308,0.08052317927142245,0.15025998624647827,0.1476757100438117,0.3380210491413642,0.18345648985603852
2474,-0.06096184122376115,-0.006366320643466024,0.06539008661316846,0.045057537299958504,0.9244246379877863,0.04243685687374902
2475,-0.018745851345749572,0.2591432760359976,0.09945840271078603,0.13951438944378336,0.4593055033960093,0.07331279436533211
2476,-0.07351129750055053,-0.046316317903890555,0.030680536495513933,0.027463428181629352,0.3846904134645067,0.09899019941683529
2477,0.5107597452086797,0.3940392636707723,0.05285796190647594,0.035504539899397704,0.9343713316685254,0.05668108522558617
2478,0.10689958124723141,0.13385151862677472,0.06545406091354125,0.05922239156671443,0.8937502880030876,0.048376039254466804
2479,0.2748577631496453,0.20916302121162175,0.117197982933387,0.08095360525166984,1.1694973168192835,0.055151985637950186
2480,-0.0058208433633221675,0.30395802249863585,0.14078711360723678,0.16200157668695647,0.3805541725748822,0.15007356681584746
2481,0.17438110034958956,-0.32285024712190746,0.07151690162062133,0.05635600967866834,0.7844997767684999,0.044384540117052965
2482,0.31915054423517925,0.6130921144407733,0.06531591746953357,0.04500150241206041,1.0598132171505041,0.06613469637039614
2483,0.007309678466872486,0.014497587598387067,0.027623707346279735,0.02363232672905514,0.2906740944409361,0.07481937409799581
2484,-0.03903355693200507,0.04221754686575816,0.1176905147978621,0.11679272736054486,0.5709525318699944,0.05301579759061643
2485,-0.010210925399665996,0.04682701407662789,0.13144252535657883,0.13250972472023825,1.461426499955688,0.12281452529061979
2486,0.1178258017303949,0.026295623943289152,0.06523191579211202,0.04636719186570413,0.6325084919217889,0.041378124186897555
2487,-0.052284052585114316,-0.08223890918104355,0.09696541867387351,0.1110255893981521,0.16016799184861996,0.09141221338147748
2488,-0.1819206375732235,0.0018084275794143356,0.11362141302067102,0.08436854408593719,0.7118374858234001,0.0472938857179096
2489,-0.42631552944292433,-0.07599026479255958,0.06903211925783452,0.054750768857212626,0.5762388383339815,0.05386512730624964
2490,-0.029248610680947487,-0.003663432655621907,0.09451785038700876,0.08781050510574827,0.6981831446180788,0.05678190010869387
2491,-0.0003819746494424386,-0.05125570680348565,0.05596008373627618,0.05325130557412952,0.8954248363198763,0.044689615584198226
2492,-0.07342752244633663,-0.12736304140012333,0.08852630539478168,0.0802133518004087,0.8831552301026052,0.04664970809847887
2493,-0.037734612523856875,-0.017587628277275006,0.10189159132286314,0.09595016896265794,1.4873878189227,0.10602243680135802
2494,0.3321742315252315,-0.32744542885605993,0.08119134978526027,0.06531100106431548,0.7684120951853874,0.05853105477005934
2495,0.24114786875075558,0.08305952684287787,0.19301940024065165,0.14491910724269932,0.413288696596382,0.0738145297656177
2496,0.11552348151269644,0.19504150260235217,0.08442579121093276,0.08571758816973256,0.728338075830673,0.05551886663667589
2497,-0.23038158923666704,0.2515759814834351,0.14607567262506635,0.1628822388646252,0.3707043426068964,0.09657006661276828
2498,-0.01161723637367547,-0.06428895109680799,0.05594028445877655,0.06130144725443287,0.46875377353840103,0.1395617312067667
2499,0.036755781391093055,-0.013901253261097112,0.14116988280688497,0.14391250117307283,0.9809729706751307,0.04162427364021843
2500,-0.017086986728987414,-0.008900462769906598,0.0968146807471213,0.09034370657402824,1.6018142989995685,0.23159861878263518
2501,0.08059000776759292,-0.06820539367300332,0.03179366981563229,0.01844094296630932,0.6984741027017524,0.05572613815683592
2502,0.008028441164665123,0.01137017552195685,0.05881056157022576,0.04865803795991251,1.1436489705292214,0.08039905968165192
2503,0.07401295440064691,-0.6484561552162816,0.07121092501803139,0.07108548461818395,0.38177147979130494,0.0907174144791878
2504,0.011423115354407067,0.022141989951974035,0.07805837877335417,0.06092177860211441,1.280541385723616,0.0809706147611014
2505,-0.02175082269359545,0.012224284831177526,0.055018921628577744,0.04244152879371792,1.0330015821968845,0.04914821772795225
2506,-0.010397959755355983,-0.004339748964838708,0.02524988702706739,0.020043911930581908,0.5283004225463465,0.03979880020468027
2507,-0.05730839486480942,-0.039260835858268055,0.06951407070138761,0.07010069878390904,0.5411397740888436,0.06162321514444171
2508,-0.005492902548007551,0.10766142882030087,0.07004350474260108,0.07553152427512817,0.23338545909618236,0.06920311747348377
2509,-0.24870871292831548,-0.5943556740780168,0.13855717629380485,0.1457909730537088,0.37305102084482744,0.10894161548758789
2510,-0.15439439996213233,0.008716408445548543,0.04702160804080414,0.037657354217359634,0.41686538477768653,0.04177169028262425
2511,0.13978827582634515,-0.024314465735764155,0.12300984715416888,0.10094193305222003,0.825247981862728,0.04295184075136628
2512,0.2929577175437481,0.32626568172504977,0.04841793127446929,0.03738365979384105,0.7267389603477704,0.037691530751580445
2513,-0.03162338709809577,-0.01427008514954042,0.036531669221297074,0.03264301236800979,0.1115526630351307,0.06386539308536991
2514,0.018654700696358002,0.008545545506751571,0.05136112686661315,0.04942096412423772,0.5032000365548329,0.058944136355030305
2515,-0.014769696336840063,0.019147074604046355,0.0764022443079876,0.06009688544693724,1.21779778871781,0.09015784636068502
2516,0.042955196486827,-0.04542795312341626,0.059580974019800635,0.054528769971727224,0.2958892354885691,0.14183675413489788
2517,0.8421409402193238,0.024221576864329797,0.02926974924418768,0.0320304246969589,0.49489878522831504,0.060284469545473764
2518,-0.40866353183096094,-0.23749467827231752,0.06788573652179777,0.0562115811042314,0.8231176189620758,0.04059986240386784
2519,0.2113051440367829,0.2316357070365755,0.056467258789169944,0.037682230787492,0.761685378711381,0.04351936560655965
2520,-0.03311271283660891,-0.03401354382714837,0.02490012005585541,0.01880807498277643,0.4781258430280556,0.0323768039192278
2521,-0.09615979878864776,-0.06876383410952294,0.10824152523811813,0.11310774392087661,0.6379283098190255,0.05395249122549898
2522,-0.020368892528058184,0.008862385878307845,0.07464352807767756,0.06446147879962484,1.4098198630167769,0.09341519696254207
2523,-0.0743318862193536,-0.06963769370716039,0.14095350205844048,0.14850221978332778,0.4468240387070331,0.10248997552748401
2524,0.10852638061489438,-0.16055530332043647,0.039474115335831075,0.03166849581920591,0.4609270770310209,0.0519235380455948
2525,0.0011295072403389144,-0.03301788265961962,0.029720578547409005,0.024233056461122296,0.5642072281078309,0.05672664575636441
2526,-0.03149683085437903,0.03401949301382331,0.04814807089741597,0.03766194265209676,0.8278362991018777,0.05738044128236081
2527,-0.13839663158859575,0.16779435733300083,0.04725631667724749,0.0513449439007633,0.4366288082414349,0.04339491646887335
2528,-0.32360225152099914,0.5567293204116593,0.07423626847364724,0.07360715907774,0.5505425946848421,0.05256266569570295
2529,-0.02232683426559419,-0.021560806039237327,0.018927357992906214,0.014984253961912938,0.24971674998223653,0.05605714492670811
2530,-0.3471735606754318,-0.1778084025048607,0.13535833079197354,0.11229723632914264,0.9559223149833957,0.0546965925300162
2531,0.22458806265648099,-0.5665276030966365,0.047751184288099074,0.04911967033859444,0.44470163506820853,0.06446054922568428
2532,0.3827611118886999,-0.04412222280476009,0.031460968295144845,0.021485736640105297,0.16127144752975076,0.06287769618678177
2533,0.10689334180131946,0.30943954375988336,0.11835702507382256,0.1548045237272049,0.39253605265626434,0.14249511231397127
2534,0.0028024548551970193,0.012538265744747422,0.05981646879697906,0.048771283967219616,0.8682935323656756,0.050739713976245694
2535,-0.002513772023583009,0.06960393921362411,0.07530569227882458,0.07391657987504587,0.8318682516881015,0.0534056660826408
2536,-0.25635818427009344,0.24586691107646896,0.14113618905543315,0.11676360062330013,1.4132767112263804,0.11464699330860104
2537,0.01121106830845174,-0.013490042885288815,0.039090678589409726,0.03821653601100005,0.3935238813786475,0.08175867755327929
2538,0.1178170228295941,-0.02017930382326956,0.1388166965109549,0.1432227433653703,0.4630660281534962,0.08882144627295488
2539,0.06575892369486956,-0.18466329291958902,0.030357759662845953,0.024963111555137547,0.5287289466842557,0.03847285466853198
2540,0.0006570484496895175,-0.08719975852117376,0.08089259396151077,0.08266626039685324,1.4142382697603832,0.11381456882644396
2541,0.013368941290600813,-0.021775700168877258,0.05477655636789225,0.04495438714963351,1.112910094705105,0.04763800518977035
2542,-0.07692887485194853,0.03153255235105937,0.14453782964819414,0.13267365138108583,1.1238669986400613,0.03654599668097153
2543,-0.12359102237369261,0.01601829394517694,0.11500562315360036,0.07520784983193454,1.215276938943072,0.07666379602756848
2544,-0.09448782802596584,0.15939304103186236,0.026241223793877635,0.023534595230498726,0.3749617553412803,0.04470606873079074
2545,-0.13915967184953146,-0.3709196255676292,0.171973317463587,0.18402794399874337,0.4150028867501648,0.07760535292925784
2546,0.0813404130874879,0.17295597076014937,0.2665206043690488,0.27940654976100526,0.8511761674220063,0.04978859352120242
2547,0.04793951016229853,-0.06564407586792056,0.10961941953009441,0.09403877341307179,1.4793422483115375,0.17478036692597732
2548,0.033826245724747545,-0.15927102614468325,0.17618221620509575,0.22807713798214135,0.4509067564055034,0.08978650924791341
2549,0.18267902602912436,0.21540744615614169,0.12699055318263833,0.11260933771800229,0.3869551740460399,0.07949817391145307
2550,0.445590120850607,-0.06757212135311169,0.05759543530079631,0.03720593593457734,0.6260784358061028,0.04639707179794033
2551,0.43370579358256045,0.23027807890216426,0.06418583553284349,0.04371390578823098,0.9033057628157695,0.04357277176185197
2552,0.019844573515738394,-0.002674337429423553,0.046230612893464085,0.03321023778966971,0.7883002356483001,0.04895512831183893
2553,-0.016199534431103328,0.009377417832993376,0.027037150687752608,0.016362905234978523,0.7086255924538851,0.03699366536475865
2554,-0.07318120930480987,0.5470592579194047,0.09575888385229593,0.10206884286819158,0.743148507873033,0.034387487291717915
2555,-0.5538736610574709,-0.31324890978436926,0.06906113616241297,0.05830597187731571,0.8205846615156397,0.033375442258939625
2556,-0.046434737381642194,-0.07618284255098362,0.08887858606673003,0.09950960805205863,0.3615937991151594,0.08628625210857996
2557,0.20374647674317192,0.4490280238562635,0.15576637470556648,0.15690190770338402,0.40703900253309083,0.10136832394252791
2558,-0.3778389715305886,-0.10040625841819041,0.14171511117816826,0.10877983555960066,0.674226210628896,0.04989628356550299
2559,-0.017065882874254555,0.08410593964193369,0.04283681937274304,0.037472593751970706,0.6949260639601699,0.054161887015322034
2560,0.7058482419829124,0.507907925806462,0.05637987728258453,0.05491350351280908,0.5056457258467839,0.087454900790971
2561,-0.053040448856607754,0.02029290572302736,0.07078684850571418,0.050511091130746956,1.3501813039803554,0.0780730277129937
2562,0.2508919269704288,-0.4163826801116243,0.09221881018829092,0.07906049385610056,0.9595503572779427,0.05117514669329954
2563,0.012067030961866912,0.017351805523438235,0.08435835505499213,0.07751074427157,1.0581799620301287,0.06510569874438676
2564,-0.6070543059866907,-0.3002750851022318,0.07425956389462175,0.06931101912528706,0.39301441983516794,0.10245681495716914
2565,0.0028736076900541217,0.21996599824993218,0.04467555606356243,0.05170762918157113,0.3628054909569677,0.07683399316170178
2566,-0.11270495399253637,0.003727711927411342,0.1220129382291112,0.09909654526748961,1.102638663970502,0.05330991219867724
2567,-0.032515164502577895,-0.08679630968226971,0.0464507761019272,0.049174403331392974,0.5025733871567323,0.04891681572910345
2568,0.01797549901337761,0.030972379114217394,0.07288843691587514,0.08506746145009977,0.8445535177163246,0.0446269000355536
2569,-0.025153548282729574,0.19190044222639438,0.07305168220582975,0.07119801902592433,0.6182726041154284,0.04988762628563533
2570,0.060196569682976396,0.06661904737325461,0.09331545452073375,0.08279545179539224,1.165925134797836,0.053961153507978234
2571,0.3309222434116872,0.17880705369982797,0.13000424564555577,0.10714279888641895,0.4308220193383695,0.09234767902333257
2572,-0.5718350019830875,-0.20323276622444855,0.03174713624492478,0.02179619437880919,0.33637299441912594,0.06934284390460951
2573,0.14412196769077934,-0.10009203059242981,0.0666223580743495,0.062495758843278626,0.4445088918458988,0.05765325439698318
2574,0.06870992896999838,-0.04913855829441783,0.1102365996198749,0.08629521467174459,1.1598866347237862,0.12351506545768569
2575,0.4347874784418485,0.15703638483250262,0.041108286380160244,0.0327737643722418,0.4303227635345104,0.059087012861053785
2576,-0.03176891541973643,0.15117425935315618,0.10934479319686602,0.1177152234520922,0.41974223405684263,0.07342121991924276
2577,-0.02011707526383773,0.0313263076307443,0.08607370093908306,0.07362605636187881,1.079386819649605,0.04724390780945718
2578,-0.06155219116316813,0.05581230903958738,0.044432188447984536,0.03918373309896378,0.3658718305505517,0.0561735846416623
2579,0.40145267272459434,-0.05718581202016121,0.09325731364478224,0.07743924718738252,0.533723416257998,0.06620187170005155
2580,-0.07732748940178462,-0.1798164213671817,0.12277830165372997,0.13052736189403252,1.0164706362965141,0.0514622417860231
2581,-0.09614202392558507,-0.11720760367698513,0.08721900256206098,0.1098763237837024,0.5033411196452149,0.06253810526810875
2582,-0.7821822751925902,-0.09657201787539453,0.0416038806361272,0.0293874894192429,1.1204288223931747,0.045491645385568574
2583,-0.09890604543752071,0.23742691824616285,0.10045283238039288,0.09860846085695003,1.1154027683323047,0.059010428709610846
2584,0.2427547002410085,-0.00603656273332714,0.2331085135719963,0.17202955884273047,0.9503519133763314,0.05982187954679161
2585,0.047124956387119984,0.3905615692247737,0.12467785488698929,0.15432387185495147,1.3004564700728933,0.1936948051470849
2586,-0.14771327189524902,-0.2999539005566212,0.24772906656644236,0.2732804746015731,0.48386763083280404,0.07757161473515287
2587,-0.5245451988714542,-0.4316834432973688,0.09877924797492824,0.09304202711138314,0.20779104383074598,0.0825903247497187
2588,-0.011499585183505795,0.00727583628826361,0.10444615085758552,0.08809620063580706,1.793256432197117,0.295383743344799
2589,-0.20052047960568112,0.08684340459340259,0.1659887416104446,0.15614405386089372,0.5518511730210116,0.05559073319480261
2590,-0.481233455975855,-0.3140338821926429,0.09029679018784771,0.08618277353183426,0.4574481579586519,0.09352067234710013
2591,-0.629489872145586,0.3870483959412912,0.035358398334690046,0.03209693728914712,0.3189924643411505,0.07787851399913133
2592,-0.6468564953094428,0.11870793152322982,0.044943304332137855,0.042118226774604924,0.3923800582735507,0.07596561234722704
2593,0.05854578279380849,0.003911874649696398,0.06402581310870371,0.0432963900550552,0.6795956816771093,0.06699558145202579
2594,0.0375220096487712,0.023836083185500068,0.08306587657574008,0.08456030096778709,0.9016145164386177,0.05432211533372434
2595,0.11612297295657252,0.15240578190452886,0.0489160146353927,0.03922618253200644,0.7219226764498687,0.04239965420596444
2596,0.2223123706317464,0.6018168439364251,0.0626350578606856,0.060096201375406735,0.8172739712030597,0.04097004947697822
2597,0.025300972783582704,0.039710589200025216,0.02279022137025589,0.018615088121337057,0.3803018247700516,0.035628435881592244
2598,0.2025958547906377,-0.4276349887105639,0.030073487067852747,0.030811017397366587,0.30987278670525303,0.09267668232041006
2599,0.29736714579672263,-0.6531603061504393,0.059748903946498795,0.054116977100548094,0.8345032697189091,0.040327869663805964
2600,-0.03441190364164239,-0.10532016943335552,0.08256178137297274,0.08584499926104319,0.7839799816214049,0.038047215230952586
2601,0.0177119219293086,0.0018903123020509362,0.02071419772336906,0.014220714762405814,0.4629824134000306,0.0379344006824135
2602,0.015680830810313306,-0.008473150555510268,0.06904131695831128,0.06213344625885608,1.1953119922325752,0.07322220439654907
2603,0.0076350350661399035,-0.05630506028189755,0.0346218287753732,0.022390444524492452,0.8315349374058448,0.04128569177131313
2604,-0.027370250052830506,-0.05182678273759837,0.12469199587279053,0.13946796356659905,0.8092558283716115,0.04684967800417754
2605,-0.01137183989953366,0.06586812302911206,0.04722857775174829,0.0329435610132008,0.8200650938459618,0.044697113082562974
2606,-0.17544370078287855,-0.020112448516802415,0.08564675808202496,0.06946432988512623,0.5335974559733341,0.08981173330911914
2607,-0.14980869940852204,0.03157793852088597,0.11413367358749547,0.09671522393214171,0.5893068608304559,0.06479065850727496
2608,0.3085432114527757,-0.03374917967233554,0.06399747171153897,0.04698070108937282,0.6322690227998814,0.04349543256836447
2609,0.09181611908075045,0.7208436441150623,0.04867383281747872,0.046579965469034625,0.47977534296717095,0.0791219560738954
2610,-0.34232747585318163,0.34340421574971786,0.2241999031400024,0.18917789897994683,0.6032327858021537,0.06373643704899436
2611,0.04380430163908132,-0.12566934580017,0.057975308938055935,0.03854650993941071,1.1635934079699801,0.06745419023753038
2612,-0.4293764256579986,-0.3682712805098625,0.11392364790594828,0.09416109707917202,1.1145481624693352,0.0744736305966702
2613,0.09145707719468357,0.19484245873671616,0.08455466601695441,0.09892487772260644,0.1289388298778483,0.09713494800615673
2614,-0.46606200590143715,-0.3403821851819723,0.07607656438861811,0.06780643484610574,0.7669711331350684,0.03860482181769087
2615,-0.04350348211937524,0.012561825612391235,0.05619612630212871,0.0533982648538215,0.2744468098198907,0.08061883036109431
2616,0.04714838277414654,0.0026476595952287085,0.0338041819634451,0.02537023742284959,0.47526321793073584,0.039193021667901874
2617,0.010736979572184271,-0.22857156028272602,0.07100496659725442,0.0927088681599149,1.0204859447933141,0.13618242059527327
2618,0.7793955284316464,-0.16651503038595988,0.06004151436694248,0.044829722769415596,0.9356479335541963,0.05512581896322576
2619,0.0436427915247004,0.048885593649106135,0.07206001882965267,0.058485031384783705,0.8061730224886013,0.04525187089469595
2620,0.22524190728951685,0.3334358347425698,0.07792235782933628,0.0564288790654558,1.304528763270843,0.10514884238665222
2621,-0.17007035076815166,-0.01071261469295009,0.12096875276688515,0.09177655277987591,0.43466605262943997,0.08158512431711244
2622,-0.5203457827029022,-0.21120434485117884,0.199362160312076,0.15887851505024242,0.9519935086654548,0.04594886213491035
2623,-0.09391521672437499,-0.4593359493020693,0.06558695176693202,0.056447242120233505,1.1157022540660073,0.06350549581122787
2624,-0.01361748265251527,0.05857242087410386,0.02880952997606734,0.019228141752069834,0.5648673789896267,0.037683393250135484
2625,0.0003041466015800832,-0.01404689339495117,0.042365818015091095,0.03517453084837009,0.7783837818935162,0.0571334811355189
2626,0.0077890340534051946,-0.3858489842745251,0.139534316956599,0.15551697476145146,1.3829195764570381,0.0875125935761691
2627,0.04943491841275793,-0.42326141980322435,0.09510618907530488,0.12010423304101195,0.3445372187298709,0.08405510383453628
2628,0.1334737769298705,0.43283059196071766,0.055628622173012426,0.05173343602531307,0.9089019687798138,0.0398873196098383
2629,-0.26184369422952697,0.315877410221783,0.09789175945853366,0.1014383443622129,0.5872941159082026,0.05472295879330095
2630,-0.010091431155848233,0.017665704118792196,0.04491475202932895,0.04724981278557562,0.5104941476491904,0.05651213978981279
2631,-0.024425756289050218,0.015815600528824254,0.11573413238663591,0.11694477378068253,1.096930332797068,0.04971101664552444
2632,-0.365746038487277,-0.21071752690466544,0.13179287403892928,0.11747775746615398,0.4366924131799784,0.06317935975296056
2633,0.3051295100554684,-0.43326502188303545,0.07595904644078796,0.06920229683202657,0.7475907495001078,0.03977331240124755
2634,0.09790452539702052,-0.16211656024070614,0.09587105139762792,0.08727865873170648,1.39879582612067,0.12815613291148217
2635,0.029446020068275264,-0.04780290681887438,0.11256115588470236,0.11313656357182253,0.9855208100209194,0.06653944272152545
2636,-0.016027463247269027,-0.09244222185710049,0.10507049379773989,0.10087061591031814,1.4079625971459526,0.09016311146932689
2637,0.3271495864378504,-0.10767396618939214,0.11357810973101315,0.06902901103265666,1.3771747957901148,0.10528513021250707
2638,-0.4954122385905099,0.16051835394877317,0.047867846467189036,0.03366643693205416,0.636628584937058,0.04027140250398094
2639,0.04958752910659117,-0.10971852672189437,0.023918427127457245,0.016117058022644782,0.5610857897245769,0.03247748063342889
2640,0.005065857461188045,-0.03984263915090255,0.058854986637856835,0.04943292908223933,0.9166120655144084,0.05409249617276272
2641,0.04868822306580774,-0.15629345847696652,0.07153050056291499,0.0729719229158676,0.5247462437997101,0.057454832662999444
2642,-0.0019357335105170588,-0.0011589434881471763,0.039526463876682044,0.029820295404573663,0.7217938590812885,0.04765269162501016
2643,0.003200797496793005,0.014467849018050831,0.1377481338159883,0.1331100357764629,1.643200206310976,0.25802350844192573
2644,-0.09809430968586029,0.4909779782741776,0.09157440968644011,0.10403238922560794,1.02049153915018,0.036946258094237995
2645,-0.04368182505687697,0.008530923927727791,0.12602757577329005,0.10847160136600194,1.5532868797417727,0.21887383505769661
2646,0.003492982070845449,0.07359886933746729,0.07662890527967843,0.08467532052274031,0.8794402995411383,0.05078738200037174
2647,-0.008767206978672105,-0.0810218407161249,0.040240854682780096,0.029962271874052305,0.742389805476252,0.06018274121399346
2648,0.022055344595018095,0.05668366749212189,0.06204589304163215,0.049233486877211304,1.1581132527305282,0.04265836649424466
2649,0.09217039941415679,0.16433399083729786,0.0735631644239724,0.06047936136383742,1.326254137862469,0.07876603103223298
2650,0.01708524079969406,0.23405376653724805,0.022430128934031106,0.02530603928715365,0.21868900387220452,0.07413386961958429
2651,0.21988126290100307,-0.2223198200995234,0.039178690360378556,0.03534036142229255,0.3572628949027056,0.058398339322524154
2652,-0.011948460836498174,-0.07754491303849713,0.05392460746120477,0.04777223940287644,0.8009695140864008,0.04082432493756044
2653,-0.16622295034078285,0.3938320909916381,0.042810574341428716,0.040755468566360656,0.7514729742295816,0.03461861223767403
2654,-9.696264980233295e-06,-0.06496503188510991,0.048505634578296666,0.04037856193313324,0.8509230977324964,0.04851693302604238
2655,0.3154163312194033,0.24948009788800135,0.11402963010485119,0.11057419450807927,0.49349652870564625,0.057192006353194366
2656,-0.5287214971940001,-0.12093297774314442,0.11671699611604792,0.066372694205926,1.3371210491821843,0.10860581644549558
2657,-0.10868722857382024,-0.14430955162996803,0.07670178445004536,0.08783844835476051,0.10210156541763751,0.10133384713438671
2658,0.005361871579203237,-0.009964529591762295,0.07324723916895529,0.07728926572158554,0.48923357232564035,0.05988171223186065
2659,0.0755754961802103,0.026701571259716797,0.01789459484454323,0.015908400323688687,0.0935179602228904,0.038370275398110845
2660,0.0940596980220751,0.07253201293008767,0.03383458572871799,0.031018832709865513,0.3081469345405907,0.0626721402126569
2661,-0.1011593938341339,0.33221636553052747,0.18509598893673349,0.193215990295838,1.4537965138107125,0.13759229855413865
2662,-0.020812867407304328,-0.01729205129445449,0.0841843359181915,0.07407362208192873,1.2040720881093485,0.14734023022355927
2663,-0.04538078842796231,0.06016105528484911,0.10902040782714174,0.09998169478004926,0.9657174406412969,0.040144099864871614
2664,-0.13275774076584285,-0.12749546024620687,0.024457225945098207,0.02054636412066346,0.3940866739982596,0.07987324223479426
2665,-0.009087412167741048,-0.02309261436671769,0.07164421963203897,0.06080332421417648,0.8695401992854748,0.04783427621843284
2666,0.30230955074042,0.042055405338987016,0.05663582318179208,0.028356831849422875,0.7661645068125165,0.04359990637937677
2667,0.017110336008396655,-0.018734752958112118,0.07449986224445053,0.06632915570657842,0.8323099663207725,0.039741165560553876
2668,0.558196385900522,0.24765877171654527,0.14979830978313793,0.13297111629977698,0.398503465056503,0.07178435844675507
2669,-0.009087412167741048,-0.02309261436671769,0.07164421963203897,0.06080332421417648,0.8695401992854748,0.04783427621843284
2670,0.030715160253978684,-0.1369422580686326,0.08857156682953081,0.09960971587287767,0.23002742637104256,0.07215108422665611
2671,-0.12519564898159444,0.4079791072461997,0.0811682717615364,0.07785720268325304,1.1538899991753326,0.06601817798998916
2672,-0.12022613852641198,-0.053971715221676944,0.11374818925473652,0.09438402657953726,0.9305969116551557,0.04329592383411165
2673,-0.018647484239866178,0.009120214570376017,0.07366179663648754,0.0500713907047106,1.103662368980963,0.0435884115567199
2674,-0.19392604768384325,-0.09895897993699472,0.021184855729666843,0.016128279890739762,0.16723975637421423,0.06431622523485886
2675,0.3863252880960806,0.649457060108127,0.04227213928405295,0.03459858046416414,0.7731734558799436,0.03988514904972943
2676,0.4448889528183205,0.3935419005799432,0.043892508106548156,0.0397343072279266,0.44512862193780706,0.0583976704177659
2677,0.030044981420406545,-0.10495840748867638,0.11081427848026207,0.11472615133348488,1.1357732860537897,0.05303193882581428
2678,-0.03842088641906878,0.04786713632760584,0.20220429209011434,0.2032553514268744,0.2916555738895362,0.11598094416506811
2679,-0.08957736829649221,0.040343439876699326,0.07547700349404209,0.06963164370751163,0.308203937598787,0.09256199988205233
2680,-0.22606538608294338,0.4199955769822485,0.08207684654367375,0.08162550606302034,0.7850019959506318,0.03684718008498663
2681,0.0036560041689919524,-0.1456909169476277,0.12186840049887197,0.12664345750141698,1.4371357771499311,0.11300521195210209
2682,-0.011906507000570816,-0.19574326390573007,0.09476201305034952,0.10156428936355018,1.398096821468654,0.09449348260738767
2683,0.0586730389812173,-0.2094633071578322,0.07388133475435846,0.08717034149917868,0.4809158747316062,0.06748345057773608
2684,0.5512776605082369,-0.09781352895154842,0.08009645126228862,0.0653049655953837,0.3633053840701197,0.06525075913808356
2685,-0.014272051752273052,-0.003416064225023595,0.047092327627267366,0.029632744556867645,0.8691278398520517,0.055917407857086016
2686,0.32749292255034196,-0.2105145938275653,0.07317141608379066,0.05174367397503223,1.0588452406924613,0.0544116318249849
2687,-0.004907981048010467,0.015815455539235114,0.0699818988587164,0.06435007949219193,0.9090572626374994,0.04507464618198736
2688,0.1064652755807694,-0.005201740771636953,0.07162033070046206,0.06829978115136998,0.25185943990585974,0.1606801021587299
2689,0.06828164063061284,-0.033654114955023344,0.08703595028863184,0.04969432725418474,1.3531956496938844,0.10571581148507855
2690,0.08763676219315306,0.01456714932263106,0.13500992744917348,0.13320385576766633,0.7512053158154638,0.044054655084189556
2691,0.030068367879127207,-0.00745667042343579,0.02800118176926338,0.02262486871059416,0.43235900506330677,0.03907221992683988
2692,0.00526700298512836,0.07833434937888552,0.09309498476028488,0.09530587449061659,1.0740286991978352,0.04643777440128882
2693,0.010216608057261179,-0.07848860751866284,0.08140650017591428,0.07604844406945306,0.8633163294659811,0.08108222876932186
2694,-0.19453888409858328,-0.20981776126449836,0.042100583648074584,0.02795923946827412,0.649201635804445,0.04309079611277712
2695,0.4793816785882503,0.00354506162838872,0.08938081129492156,0.06747269669179293,0.6694958439853583,0.04829232643834082
2696,-0.2740487352250182,-0.013186121943319865,0.06594329438301995,0.04416262731973622,0.6451272585848531,0.04739087314756292
2697,-0.6253994977926298,0.035217518408261386,0.04588766081729371,0.03207762636080341,0.7990356338891695,0.034950072228610934
2698,0.10434922980162764,-0.06407848102203798,0.13702652904180382,0.11018312586812226,1.4058912575080307,0.10957724551914473
2699,-0.0015961198187233437,0.2234454733672838,0.04154729582841206,0.048347315291118104,0.24287490383112598,0.0709189096711956
2700,0.04075863423749687,-0.0024238606200600674,0.08790277167488833,0.09081059125143076,1.353379237159686,0.10635990772221009
2701,-0.1169481388084534,-0.19805821932010792,0.06823811487810925,0.04670488567367279,1.0322375966567559,0.05064828462963678
2702,0.00522032707814409,0.00011550409402814356,0.09297735989557936,0.09107087209526586,0.909635231313574,0.04573326466083756
2703,0.355595651877196,-0.03623983528172517,0.04973682082130257,0.03674192010041407,0.37106373504125467,0.07781248625919732
2704,-0.529955980051134,0.36389133367205684,0.05050305377534518,0.039299510277721696,0.5014277265732932,0.08662695581642352
2705,-0.010982341178306309,-0.01253159876372039,0.05593438185851156,0.04002123876111288,0.9337859652009753,0.04777871652709748
2706,0.05731187501966649,-0.0657050835609851,0.09415003618909334,0.07860486842379336,1.118575809741016,0.04336875078541841
2707,-0.03447557341391122,-0.07509662330089288,0.09234816172476931,0.09929216508108199,1.1700593443093272,0.07196317805154744
2708,-0.17632610842026017,-0.11830912024652221,0.10715544480624385,0.11415988492988176,0.9298197270322098,0.049735750527235
2709,-0.7297304001914829,-0.24460650182882604,0.09075749615371424,0.08902411401523622,0.17966509325273122,0.08869949146709674
2710,-0.07479497494124172,-0.09250884631608282,0.12538148716571865,0.12155125320830457,1.493373138236583,0.1618232816053896
2711,-0.13640769109492626,0.047801094324774134,0.11959189317777401,0.10255909642338056,0.9682531347434724,0.04802380335447747
2712,0.09328665902521865,0.44857684587430563,0.032661418305599335,0.03535402855570882,0.4043681547503587,0.05902936444432782
2713,-0.21466701011114372,0.11024234867820283,0.08530499748011902,0.062611729748436,0.5350296469409898,0.062108556439858235
2714,0.07730391428081577,0.10456882236742655,0.04137774153947765,0.03560492049485997,0.4259797771813153,0.040812654866191976
2715,-0.017022994605186574,-0.012429472663342708,0.08540782717622869,0.08584604327484699,1.208243513672461,0.08752180972884849
2716,-0.06880164452895417,0.06904893809969899,0.04728942509180911,0.0375804766025797,0.3637103909746995,0.07658048670749919
2717,0.1669430840435878,-0.0741247485005073,0.12813204722422109,0.13751876774397456,0.43479974800865406,0.08169740138105407
2718,0.012193847166308436,-0.14509044479590405,0.11730500435901113,0.142323549781996,0.4380084019539881,0.08150879407346757
2719,-0.31802637324094657,-0.11304430242283657,0.15692379952783048,0.124390735585174,0.9251283282379021,0.061095670707474445
2720,-0.006942075972742213,0.20600972497309633,0.09352124417809499,0.12056191529902735,0.6400802632507073,0.04709958329731883
2721,0.2159761462977037,-0.08583873721428603,0.0445229438945104,0.03216953094811878,0.4709382501080295,0.046880748652965556
2722,0.32287191686007155,0.19173804766027258,0.12547742003237755,0.09197871855942097,1.015925828682628,0.06994440236148149
2723,-0.6673323277107589,-0.07730683215500621,0.09758113637155526,0.07990461361020244,0.48999472621462153,0.07842066563619808
2724,-0.021598531613754506,0.058255143607140986,0.10100536889337731,0.10432911821176723,1.6388847792046257,0.23549918328873448
2725,-0.04483925152780119,0.0330606145874553,0.13743693733097923,0.12925740539196795,0.4240029813885524,0.06238229186172888
2726,0.16269730801212698,0.43324042750645775,0.05183689775722013,0.05975058974143987,0.5348953964267045,0.043737156583737814
2727,-0.11126775500526052,-0.17878537874496808,0.09488793494507203,0.08854602596707209,0.9248184725132276,0.046225031354976694
2728,0.050138954290463826,-0.19660339270864188,0.02918749375818842,0.029740589880891285,0.39873414688630626,0.06570548110738528
2729,-0.12519564898159444,0.4079791072461997,0.0811682717615364,0.07785720268325304,1.1538899991753326,0.06601817798998916
2730,-0.0701060597842944,0.029732510980869556,0.08201298404518198,0.06305553231689208,1.1536217264544852,0.07684642018476365
2731,-0.541660174676145,-0.25400458665811415,0.07885994566380577,0.06706020875581005,0.5692910325515169,0.061813115582396334
2732,0.04099477193476388,-0.05163068485529872,0.08865432516467199,0.08373423281948601,0.4220650127793146,0.06258153509436076
2733,-0.004963243963513016,-0.00246100416161245,0.053958444534016214,0.04396148709721901,0.8608166558677279,0.04377530322069475
2734,0.5759832437414275,0.25363977152358896,0.040448123845008045,0.03125218089073805,0.7126218608451155,0.04944389805473525
2735,-0.0032958019235528246,0.040081811853129264,0.059622503534524536,0.053159504998549066,0.7406683893073936,0.034772273580574234
2736,0.19281823139678547,-0.41366886394573377,0.06746232205937852,0.07112703499272134,0.3689576284027929,0.06531161331764584
2737,-0.10382428730058058,0.6877498684879416,0.026580728104297253,0.02775571014222505,0.15359912703805412,0.06569886046859406
2738,-0.7055126819417068,0.40526765865686937,0.04260226746522157,0.03894412594566242,0.5956004453384798,0.052863326386557385
2739,-0.13863303091908336,-0.16679417744209085,0.11175719530305715,0.09352623655693657,1.151820906813104,0.05653798137622576
2740,-0.006114468867555276,0.062058238284172965,0.058546502377195074,0.043295558313150316,0.9598424305125265,0.04312081083983189
2741,0.21988126290100307,-0.2223198200995234,0.039178690360378556,0.03534036142229255,0.3572628949027056,0.058398339322524154
2742,-0.08211456355230246,-0.13829689203931728,0.12297325720658014,0.12796619660396616,1.1876866129470516,0.10850793067713167
2743,0.0008374962605114656,-0.02663056074239504,0.12632227021315662,0.13760819355433362,1.3419950486399326,0.15937772453795512
2744,-0.02471908398160369,-0.022704407028305895,0.07178611613909994,0.07638136057450992,1.1014463524483513,0.08083030985680772
2745,0.17112203347085084,0.19885558120170138,0.04209999542754053,0.037041179831806555,0.4461765685682617,0.08294932944624216
2746,0.4493769737959416,-0.7501010922715781,0.06517794666764806,0.05762612859355067,0.8056319958509248,0.04339284012559598
2747,0.4200912251184665,-0.5690296859360047,0.05082499819501235,0.04759085409815685,0.17957789857604373,0.06338683503882744
2748,-0.17414491184715578,0.43171957160044905,0.04713623524169254,0.05181124370453502,0.4000902328499743,0.05761864901724175
2749,0.05805638686418557,0.04480527546073299,0.14404124363420667,0.14468708611173675,1.0834186126597063,0.07432328255297091
2750,-0.323807126101224,-0.4415819204820278,0.09992793803938502,0.08416199116728236,1.386583901794959,0.12113353794470108
2751,-0.006114468867555276,0.062058238284172965,0.058546502377195074,0.043295558313150316,0.9598424305125265,0.04312081083983189
2752,-0.006003583877107249,-0.016662830687314348,0.047405912928714544,0.0414611209239737,0.7395289655182777,0.03977052612304682
2753,0.1912754149240212,-0.05844129629093669,0.1772679581047371,0.1393095771121987,0.6389878881474773,0.055901485233477315
2754,-0.014429037139519487,0.004849256749959506,0.08656043110887646,0.08609725446291153,1.2551551035516468,0.1430865540672055
2755,-0.06349190436117524,0.03588565407509493,0.15122422271730374,0.1342407293466729,1.8414208840263389,0.6473147320917574
2756,0.21495995610151877,-0.5352525827466638,0.04510373138875877,0.04623706326056781,0.5073136343946103,0.050315416854186966
2757,0.019634841072485056,-0.08060944429486414,0.04274200335033407,0.04651331068174645,0.16858229819010667,0.10283940624413931
2758,-0.07303150946881058,-0.06849703950983205,0.06998530669041143,0.04566899369472119,1.2894557687939996,0.09774829961532885
2759,-0.28799554676852906,-0.16288048304336228,0.07348261351398112,0.05016918255748484,0.7596940308066934,0.03446042445182109
2760,0.44708518220298865,0.12362016267088304,0.1157570983565403,0.08687130260847369,0.33039781189420636,0.06408326067949036
2761,-0.021508991715863603,-0.00044940471018895846,0.024644912205335896,0.01861949369575878,0.43431294755116195,0.0397114195261218
2762,-0.4295073256563366,-0.5338929993919842,0.10728605223876804,0.0971796592500081,0.9476265339176572,0.04397833079149835
2763,0.3193215785177749,-0.19639113353984505,0.05727852340203132,0.05173945332802948,0.4447133577163736,0.05887996678996352
2764,0.39356724623326256,0.09765902542915685,0.038366417024212666,0.027825438305472006,0.33525716907579484,0.07886013200965943
2765,-0.03734064862192378,-0.0643807416266657,0.06694940756334103,0.05758244380253248,0.827454599547587,0.04252163205407021
2766,0.1238616345632793,-0.32674848791154454,0.073741656588017,0.08757088196360859,0.39926774505994744,0.10208816428905484
2767,-0.004908127503603994,0.09140570682666008,0.11422999197835945,0.11967006786259733,0.4702661056381726,0.06546839163958061
2768,0.028883161953314737,0.05827546677467922,0.09963077305720422,0.08622222301066654,1.1539633025315688,0.07793143427333729
2769,-0.24927857740593898,-0.5846344601940723,0.10148568768591912,0.0930952899102291,0.312441699457016,0.09118813581638224
2770,-0.06237949968953459,-0.010149570907930134,0.052429165451086245,0.03476271880077689,0.7863613655920327,0.03826367233090073
2771,0.008918564845631149,0.025805567433157837,0.051208629573413184,0.04454422779971543,0.8309427501259076,0.05146200870889894
2772,0.038067848523291856,0.003081223499695482,0.09015930267779874,0.09007516450160234,1.0267509802853,0.04829759244923486
2773,-0.04671410160683061,0.11762016711094551,0.13915909464289822,0.17935889231383087,1.507702237987292,0.1871399677009074
2774,-0.26771919716561543,0.11427768816602345,0.05161622002375359,0.041524776203390235,0.43697083017889016,0.09922610702273105
2775,0.0005040810604781977,0.005069514939695456,0.05441207971140192,0.04181346419356981,1.1285032403790864,0.05729938035612562
2776,-0.44758999851221,0.10724465179157146,0.04959125882582961,0.032394002389683194,0.6157326707699836,0.04349082272601784
2777,-0.1010694409692753,0.1647634274357217,0.04333449404246393,0.03465597484036112,0.6196770395877745,0.046181184409450904
2778,0.004388647204152511,0.011211706776765534,0.06766115425936298,0.06687340775836141,0.8996049443007305,0.06013135566079136
2779,0.3251927965690344,-0.654425138430427,0.07862359402769677,0.07729793066059698,0.6038423214277067,0.05093307316827677
2780,0.06953946128716756,-0.019000521290844244,0.042903833538669084,0.026848885354124965,0.655149532976937,0.037801847996870565
2781,0.32830099869726204,0.21990170667721343,0.08973765459136392,0.08036215297290716,0.8688231614335094,0.04068204478334458
2782,0.2842673312847275,-0.2918219416320067,0.150787881025008,0.16514039753885895,1.0995141372885966,0.06860657641357272
2783,-0.3898210755192186,-0.24802260455025646,0.15076756289605994,0.1357015529437185,0.22174955873021301,0.08551390841134135
2784,-0.03887832478880579,-0.02528327079504948,0.10880883684889237,0.09268960258450391,1.8826468282030777,0.2789241661720976
2785,0.3987758673010397,0.10858013765540804,0.2189181228486748,0.17361772210180457,0.13952648966370737,0.07580794474589538
2786,-0.07738399852862532,-0.03898778105149601,0.18740287939229144,0.1888408116910179,0.7980272817794706,0.04411181490602187
2787,0.05237158332470199,0.06429945152263365,0.059369093318174956,0.04835644009132666,0.813549032441885,0.050201136841897226
2788,0.02622222915968487,-0.013715375111409616,0.05403615397418742,0.0373409737682595,1.0519824443203556,0.12610768884339058
2789,0.10227218474761654,-0.18263728920738664,0.09914559965005157,0.08736992408649966,1.233675891679947,0.11351488366615417
2790,-0.12650516835903616,-0.03480343256233263,0.068456481580265,0.06729910836902457,0.38583250346155773,0.06525510828188147
2791,-0.017341384726790636,-0.17818950516010787,0.12576027008406027,0.13835295446158,1.1510610814708409,0.04943833036068966
2792,-0.05445962342438654,0.3563205274087063,0.07098942269396728,0.05498229771165409,1.1271534141632884,0.051972984946399806
2793,0.0675626397740588,0.08467098784271791,0.058292053384768616,0.05882439918865962,0.43401323385254065,0.053956811557546135
2794,-0.008219655901320806,0.034390659367482014,0.0371784768056788,0.03488911586663257,0.4125399193122676,0.05560387153169906
2795,-0.27450324143352245,-0.20262412076746006,0.16743152209454767,0.13107212306864152,1.1281687938406197,0.05999812909247471
2796,-0.03859704448742775,-0.06718288036875415,0.05389470212902047,0.04637264469726838,0.6496635425646304,0.04221212140358141
2797,-0.013630375947845106,0.040292584101140165,0.1133967274415482,0.1485544788393599,1.2868584624999448,0.22546142558126261
2798,0.026003579138255288,-0.04100222838962208,0.07907176380825182,0.07500629921242045,1.4226175757422435,0.10089068279596752
2799,-0.14187063760142676,0.3181056615816914,0.13124563678074452,0.14777915158664812,1.376754844612032,0.09789136335753738
2800,-0.14954240088842413,-0.21303239222730788,0.0519985759251306,0.05537043925175054,0.41763372073169336,0.05513650276486495
2801,-0.053394456145782594,-0.048253845043293594,0.08864974994177208,0.07646792363761507,1.1685500059112333,0.049471472033939284
2802,-0.12135495997309616,-0.10886535895795917,0.11543773993720888,0.09747670621264021,1.4190602651692108,0.09060320893644527
2803,-0.2391774079659958,-0.5163847812703561,0.10125757867479804,0.09209815524741571,0.8964250986227604,0.0450476134972686
2804,0.039179320523863644,0.04617213080625022,0.06778787364574362,0.055462432029528407,0.8587208573203202,0.05651206733480123
2805,-0.010582123907472889,-0.003498539145305698,0.03194931692216078,0.022470050325351033,0.6288887928361799,0.04590638987655292
2806,0.05382138991253278,-0.11799342654371993,0.0660046447241538,0.05305118600818063,0.8103439607565487,0.03691042543334552
2807,0.026455409020702886,-0.03859748970502462,0.05934720517609553,0.058549674836980335,0.23561222897934603,0.08994459660232876
2808,-0.15521953334381428,0.10233946237454773,0.08716852884417699,0.0707715436457112,0.9580590826088187,0.03597161245795147
2809,0.05231739714562943,-0.40014593562503853,0.04529647622135676,0.040960113133601664,0.6321881272886777,0.04706882797886387
2810,-0.062070024023097005,0.0716418336551219,0.04175154974700522,0.036570484917133654,0.36330889359751245,0.0647665980058843
2811,-0.17014776299163475,0.1463193520829561,0.0941112475185025,0.0714366939400108,1.1204655463458828,0.047353804867647904
2812,0.07967511936078801,-0.0558293627232437,0.07034549486057795,0.05068902874848154,0.7283824582581787,0.04606302368755317
2813,0.08571047396723867,-0.12880580826346824,0.0810304997485867,0.07758869228788219,0.9820954521123694,0.03995092923528866
2814,0.15253203308210636,0.2565932901801499,0.2653144946509427,0.28298352244035985,1.0252698853933444,0.1695226306760543
2815,-0.07321716813855686,-0.34057543382368677,0.1403244831186692,0.15723104211167177,1.5127941971853716,0.17669842460092708
2816,-0.43313657643246056,-0.49321285114529945,0.05886545111504608,0.06008622520143708,0.6124140110543506,0.06670799149270731
2817,0.4347874784418485,0.15703638483250262,0.041108286380160244,0.0327737643722418,0.4303227635345104,0.059087012861053785
2818,-0.1839689050048199,0.379442276008565,0.15014581723316023,0.15008442138916395,1.041035758967813,0.05123568617622047
2819,-0.01747687389126052,-0.2654290387475483,0.0472468892788829,0.03809466826238923,0.7853843978763795,0.040353522625688636
2820,0.02491330297271177,0.01079705322052221,0.031769431605584104,0.0243715051204966,0.4581012958614369,0.03867781844493209
2821,-0.10953912580875372,-0.22329105154365447,0.08392442908286832,0.0858330865704724,0.6806925495753694,0.060250501511663807
2822,-0.2826395450266761,-0.1149218487135894,0.032307255088312545,0.019634073829647408,0.3407679857665305,0.042250872173856154
2823,-0.07187398383949059,0.00816223645970054,0.09852121682172293,0.0863954403915811,0.39958542532054114,0.06532748647376058
2824,-0.1182493083049112,-0.36449314172643826,0.11963396355035923,0.12955626570667425,0.8414817791431635,0.048228322315763066
2825,-0.17985478751678233,0.4385712326670514,0.06089469900738699,0.07281643060236873,0.696445211053739,0.03455714280089453
2826,-0.11190795249164252,-0.09765402945061462,0.040413349485666356,0.03583733525688886,0.1609795284111709,0.1085526479330016
2827,-0.24337311386310714,0.025022224779094764,0.050595640280794774,0.034471596045693505,0.29749188960139483,0.08622253943632167
2828,-0.07748126038950716,-0.150543351888867,0.06007701159069336,0.04196600543256068,0.8255724413685351,0.037895370560335685
2829,-0.021442427281501884,-0.02016638154354191,0.09227505674725295,0.09324392018508165,0.28752988841183835,0.12032204436493302
2830,0.2266398005844888,0.23500942012629175,0.13760288997725548,0.14655169962625836,0.2801222695312655,0.238430806212017
2831,-0.46144702870603627,0.1185366200115587,0.17883826495430638,0.1100414975864043,1.4543512646381274,0.24329795714594452
2832,0.19836592479498685,-0.1616494165359685,0.1430847740431407,0.11515845177145774,0.5005458090841991,0.07314727013989818
2833,-0.005400254001738215,-0.0025267372923214963,0.052371300167017854,0.04129954965741291,0.8185313450218817,0.043794835855477776
2834,0.02387165371721603,0.05751800753194179,0.043569901909959456,0.04706513860305687,0.40758400965861175,0.08066023169229662
2835,-0.06409771684363018,-0.043039547316341506,0.11753094883934781,0.09985204889358076,1.4393770492056235,0.0947962496804668
2836,-0.0791665081137711,-0.02741606355140671,0.11879923743705935,0.09706579737129449,1.0779881144827244,0.05699964113082615
2837,0.337121179397956,-0.32025226524660955,0.0526315464985295,0.045219250383793354,0.41899711893868163,0.04701231514072158
2838,0.1715845675690358,-0.31613533019787904,0.091173945005269,0.08948727228254343,0.7697949660179156,0.04313254066046578
2839,-0.07768769723218413,0.2807787346225615,0.06289810841316204,0.055544745758087315,0.7601677255499063,0.049604491164824106
2840,0.0404306638003727,-0.25183069090162225,0.08795643694867439,0.09232458801865188,1.2043185738952,0.09958434126063259
2841,-0.10326411994899935,0.1416403551171233,0.05592792672989301,0.051029350706358216,0.42355178129429555,0.050832512390866065
2842,-0.1629300300152647,0.24410561812307685,0.08784490903843249,0.06741933128523708,1.0708854819180438,0.06038908915725823
2843,-0.01239310125315099,0.1144717189093482,0.021791233540211664,0.017399353671402953,0.46323401417732263,0.033645301012427166
2844,-0.6480617986952145,0.07306524579670441,0.158483019232558,0.09845350099954095,0.973132363147981,0.07716844641315872
2845,-0.2793407181064154,-0.102949784855977,0.1813982828828756,0.12564711692811423,1.5213916055342138,0.19591977428489712
2846,0.07462575961371283,-0.2528004376010788,0.22590987544310362,0.25505135426657366,0.37002471488947036,0.07358785478704383
2847,-0.011022193526640986,-0.14132001422391355,0.04527058390373734,0.03591827693034644,0.7170807415821032,0.041228242134049894
2848,-0.1414218973033611,0.00574610299259804,0.14405314922854126,0.09640821983694983,1.1358515271902614,0.07919312888232088
2849,0.39246760826708577,-0.24339610711314177,0.1195459953422824,0.09728293929178106,0.7959200140326037,0.0373119816582741
2850,-0.09577473680851466,0.5339114558469094,0.2036187474836565,0.2115111852503189,0.9640075692830969,0.055907548487750744
2851,0.6149879844863987,0.34041014054476765,0.05177975983953717,0.05176757683480741,0.2778949781392174,0.08389423469646227
2852,0.46254748738109197,0.09105629655572761,0.02795609847674107,0.020031446296075908,0.3024166246298209,0.07784917570752194
2853,0.050914167964192944,-0.01917534877777713,0.06487591984939771,0.050905462017794584,0.8087490629478565,0.047916537206115266
2854,-0.0779319168236661,-0.163709618091777,0.03894857316901257,0.032221733511559644,0.5231041864927286,0.03972509143232334
2855,-0.03230884705925556,-0.06121171408401902,0.03576374248718012,0.03289622029808824,0.11412830270559632,0.08079684372985002
2856,-0.05129684191381308,-0.3604070557065518,0.07822462883295223,0.09014716317773142,0.7293134439085335,0.043130988639389
2857,0.3364006566484225,-0.10804903397745191,0.06305524964805567,0.048005287784778576,0.18122968911456527,0.09044428695393038
2858,0.03158144770425672,0.7129477346633024,0.052393369735636026,0.04566712432146171,0.9136098842114952,0.03666176118727573
2859,0.019412160548674822,-0.012819001847602752,0.0318909368349454,0.025452405911183723,0.5481366372316688,0.04519816448787622
2860,-0.054625527994342615,0.025635102466370338,0.04095801567800595,0.026402811264467797,0.730779995018499,0.03060142427474701
2861,0.5061504969226364,-0.15022221792317786,0.08530018539653118,0.06253574947380773,0.5769123191401815,0.04732304351931269
2862,0.025758121418405472,0.013528939267118978,0.11702854533539614,0.10348033397043968,1.1054036529405784,0.07488177142805978
2863,-0.2916067963310801,-0.312454037415193,0.07159993540713135,0.06660720578848679,0.7370394727785582,0.059274085313175934
2864,0.002865608562753326,-0.02220759688590835,0.09867191384170831,0.1001463017730818,1.2037780736667318,0.11591920036372722
2865,-0.021152062561693323,-0.011413964438620042,0.03754985009024688,0.035667136710089406,0.11148206410684312,0.09426494097561866
2866,-0.11797018421408474,0.001242931893670302,0.10759228678721455,0.1033237174890912,0.4820248118739399,0.07321818492248103
2867,-0.25818743318794485,-0.05967784563045667,0.2374824172005164,0.16697275736714806,1.5804815587524763,0.20897827049245155
2868,0.047057861650994515,-0.1869894366698861,0.14773570468823194,0.19066802320034223,1.2669490912013421,0.10071984752724601
2869,-0.011327559515650502,0.0352857898707641,0.05672960779543858,0.046277806100956505,0.6384352530973906,0.041643328425491635
2870,-0.03354262893324537,-0.002215111909238494,0.04998512530094949,0.04899134324753753,0.5137394951767662,0.10278000952684839
2871,-0.3471735606754318,-0.1778084025048607,0.13535833079197354,0.11229723632914264,0.9559223149833957,0.0546965925300162
2872,-0.08832753173698024,0.09359697880733943,0.15146661206847128,0.17630312781378357,0.5828907183799468,0.06830609072850972
2873,-0.030442951110428558,0.05132241500475973,0.08126715099251017,0.062376618444151974,1.1268419670535674,0.06269236128239043
2874,-0.24334148309585524,-0.04823906684237047,0.2007572947423925,0.1429955197098,0.9089362547376445,0.0586053716716912
2875,-0.7443550071674789,0.07451859685442588,0.07798618719657983,0.0606311591670872,0.8612958556245139,0.04481231390154147
2876,0.19530786305497455,-0.3943191492838026,0.10826140053808446,0.10878895132188579,1.1785215572644754,0.059534306449767475
2877,0.2086865591392219,-0.23621500909467627,0.12306112230020834,0.10600218267770613,1.3638842212319295,0.0670789964879521
2878,-0.010293119371133192,-0.009110736982171554,0.07337200018976221,0.07972216399473203,0.5565794820255988,0.054850857630584934
2879,-0.06075551681280798,-0.07034723714602244,0.08522194760524361,0.08008229485788797,1.0124655540434147,0.06588785679661105
2880,-0.2792813551214741,0.31038368985601567,0.21711442556521698,0.18953420923578013,0.6209166653617639,0.0543333467032559
2881,-0.061210987949882265,0.02510066884376394,0.13445724254653454,0.12466222856893877,1.5083041942030821,0.17354142067870013
2882,0.17831781969767022,0.16883034277105335,0.05911285961216853,0.04182352480199966,0.7923135772235557,0.04765028651474533
2883,7.335287452191609e-05,0.002940854127459867,0.02478964225390728,0.014237797205162434,0.6998742647803611,0.040725664861613727
2884,-0.18704869276523298,0.07762044002901958,0.062263171232482456,0.05446929721645519,0.3846211240894463,0.06993611826429341
2885,0.010610090198844796,0.009614231171534227,0.1102648009817498,0.10820111303952346,1.159303914866798,0.13906636696295463
2886,0.11489376539817588,-0.3230046388073389,0.09581470559892206,0.07740310878865571,0.8512926809025453,0.04769971642526897
2887,0.10655002387386969,0.9093961227870301,0.03452305026689908,0.03109536593237966,0.38975518524467884,0.06670931323757796
2888,-0.52535432730272,-0.14229026769871198,0.05947963519473336,0.05753004769372225,0.15503033583257353,0.0795333343184896
2889,0.004525045926355127,-0.030063917999448325,0.05651584897893543,0.05317046032994541,0.5782513918461988,0.05294842840678361
2890,-0.05632776191064045,0.015301110197902685,0.25140402098020864,0.2603228275672182,0.3461931189286862,0.1113566959930855
2891,-0.07726325975793488,0.031938764166927626,0.10481668573438957,0.087215624070249,0.7170182531419699,0.04559159612585067
2892,0.06566462739372074,-0.06824810628528168,0.09546387047201291,0.08180409838721303,1.21843087124899,0.07318542203304519
2893,0.011860969250997928,-0.004618127829785089,0.07295568499481163,0.053600460732280246,1.7438212927302412,0.20740135973544793
2894,-0.14573555577947417,-0.09741992309526173,0.11704729590964678,0.0965106405758894,0.4322035735835198,0.109501206771771
2895,0.1937447812593745,0.27400887595890416,0.0326408460805607,0.027398816772854766,0.38432893818087466,0.053014525515199834
2896,-0.04081946730504926,0.07208508920867,0.046439839660166314,0.05011787446426174,0.3686998314600127,0.07037073001339642
2897,0.4751103495462052,0.3890190147487634,0.028889925167346203,0.022989606806143342,0.2224940042275116,0.0469987105851015
2898,0.13248044944792453,0.0035820936827881972,0.048217483137244166,0.02764663060460064,0.7396896007110664,0.040712921699027384
2899,-0.005411234928066403,0.04928830718836106,0.04342985331555004,0.048993949041908284,0.2590167527964169,0.075930238252915
2900,-0.14945068642490286,0.07219495331655063,0.08534516552513209,0.06619404718525958,0.5369848332178981,0.04729497734145323
2901,-0.02229141206677574,0.11549294574298312,0.06283519669154156,0.05826983713259601,0.6481522535750185,0.0443218206713954
2902,-0.10446416393244652,0.4228995272068368,0.0902085698744268,0.09632537696654929,0.8968680264834261,0.04182940812628966
2903,-0.028083577617147304,-0.04644223926295378,0.041095611474136116,0.03242249571437487,0.5080076243658268,0.06492581638987249
2904,0.14436426217084908,0.15704645974695353,0.04735965372747864,0.040151270852503404,0.4890987343649509,0.04625453910573523
2905,0.050914167964192944,-0.01917534877777713,0.06487591984939771,0.050905462017794584,0.8087490629478565,0.047916537206115266
2906,0.3031356545347829,0.1909824105610377,0.06083743309280254,0.040984943663552084,0.8102664238523468,0.0467646169436676
2907,-0.09968044364764918,0.1412792908945098,0.10317138426436213,0.105390872411016,1.2520941464950452,0.12637230599671304
2908,-0.007612935100300756,-0.04214052574619334,0.08241898336610248,0.0688958181697748,1.2676861013809984,0.10747447414165301
2909,0.0272424816434915,0.14571399705117838,0.18218477603647779,0.23816062710599387,0.4584245943382281,0.12533737086381486
2910,0.517343778505842,-0.11696667199540423,0.18575702064060912,0.14887715030936638,0.6999980199205124,0.038226440779341585
2911,-0.10451473767471547,-0.1301017204909561,0.10956092171240632,0.1298434907966575,0.13858819539797024,0.08538386486475501
2912,0.22341008357802258,-0.16397908152138643,0.10958301976521218,0.0807874282702741,1.0494978058263118,0.05834458861941406
2913,0.16945994479511026,-0.04417322797190988,0.07243294517680389,0.058510251958610746,0.25489685137080353,0.09655843317283225
2914,0.04680271940299474,0.27186659569308635,0.11639438025797158,0.11977697124225994,1.261876954578188,0.1267240157448604
2915,-0.4575805527494519,-0.2825664859782961,0.245215006032744,0.18151777506839029,1.8307071586898882,0.2815105405065312
2916,0.40484196252715987,0.14362297166201937,0.32681075818243954,0.24702776522701675,0.35454859117203114,0.10919238713813406
2917,0.00494660637858554,0.02135834970999774,0.09237437241857759,0.09805538417682272,1.1362767006486916,0.05707298518514355
2918,0.09077060405632817,0.2391447310137516,0.13803343018716932,0.14802015086359516,0.23393416309716186,0.12671309374395162
2919,-0.09024518448430376,-0.29625341108453024,0.06303035590121667,0.05446220012069952,0.7263456878928746,0.05376047063630351
2920,-0.3214987898094008,-0.7019223362797543,0.13787174484749865,0.1346148770306408,0.15328895930637035,0.08352712245651171
2921,-0.055095762811967756,0.3319191506818367,0.0636332504068103,0.07799945048135609,0.5015581831947714,0.07761200733964187
2922,0.025332435466412288,0.0069602387654008075,0.12055151350947653,0.10778867103090504,1.4206287143854797,0.12993109523088356
2923,0.08544973798537607,-0.7333902605030262,0.053346069174408726,0.05030549804623772,0.4749306469811559,0.06347382485359897
2924,0.24890092537704564,-0.03422853108561179,0.03868924641655291,0.01990671126230719,0.6980144159218051,0.03633827047280634
2925,-0.32256660567822426,-0.5272439011590654,0.07959185371791505,0.06939256982161651,0.43638622249219644,0.07523051159601518
2926,-0.027401867162990572,-0.008487655846602948,0.1191057082596173,0.10681857366701011,1.2838752086218006,0.1604526157385292
2927,0.08341952554225011,-0.12106853676798267,0.019248326927497054,0.016535465297204933,0.18711910738064347,0.04340195751076555
2928,-0.013073555289557406,-0.123965129095043,0.05674037925321259,0.06154945006029164,0.4965716292139248,0.0503803936324784
2929,-0.5551425442458019,-0.18093413044124124,0.25883411218386077,0.17943018100907984,1.4504863877927399,0.16036220599519072
2930,0.12522979983390278,-0.19708257134418058,0.03404202817962309,0.023369844974293674,0.5860597548864003,0.038830880787828634
2931,-0.12825361683205286,-0.015613470734578354,0.1602048872427806,0.14514824672799487,1.5307799572733085,0.20270158677377573
2932,0.1357763293415646,-0.20061431680575761,0.025757698287851995,0.025868715985683514,0.27670781569701625,0.08118411404728018
2933,-0.42786728165826377,-0.21320896597397293,0.0829842952425076,0.06321287735420705,0.8315711627013563,0.03948058991617957
2934,-0.09458439425892637,0.14784413110526956,0.0373961838329348,0.0329149892660493,0.4983434907847848,0.03985809691145732
2935,-0.04746538547167138,0.059996272882344534,0.05193923572375137,0.045041625449667236,0.7978590171550394,0.03919746800255229
2936,0.1220100290832172,0.14719664434667148,0.06352742449838217,0.06623055208093359,0.671921649698422,0.03941172013702789
2937,0.8963046699573801,-0.1006407422395817,0.05803981444537191,0.06803749496510694,0.42911760968348245,0.06882523390097682
2938,-0.12211722615989763,-0.1177969907870146,0.047482513043306925,0.03174078419560022,0.7717379068243264,0.049995220456260925
2939,0.08916198998843766,-0.19933134073318426,0.19884645391283218,0.21147178923153737,0.48275394007293293,0.07124497306080609
2940,-0.037435483097482306,-0.004388548451507856,0.12220582763761687,0.14831449177179656,1.0987544819411392,0.08713863287687922
2941,-0.0018483019296008177,-0.08719045254774131,0.0823524635066679,0.08276062167737383,1.1282689022956092,0.05843896620087007
2942,-0.5796186150612394,-0.4713220265256081,0.06662078168440783,0.06105391281828062,0.49319466366677134,0.08017889918659632
2943,0.011807549739255555,0.03968974136425301,0.08855712207821888,0.09178221835310484,1.1520893526346776,0.06731080482756935
2944,0.06166806444683648,0.04502956300833228,0.07054430078767669,0.04949233269599947,0.6330409826040114,0.04764483776210631
2945,-0.13521019575006735,-0.49307570119915123,0.14010365261887553,0.15509758644418187,0.7389464834204652,0.04551999252178706
2946,-0.08520251759063245,-0.5864657912664516,0.2003182449750732,0.21296341819946515,0.3659797536859162,0.06931982832868733
2947,-0.13503475156789488,-0.018314199334720848,0.02158374824310381,0.014163835436398734,0.297646381334527,0.04999696951216333
2948,-0.13151064155897554,-0.23933899989408963,0.11695555706331211,0.10763147437409341,0.9486898421770723,0.050355690083493436
2949,-0.06286018872518397,0.5969668377735747,0.06219737497605706,0.05748046677564762,0.533917854139934,0.0873890861251755
2950,-0.029794882023168986,0.02188547858196393,0.04287242728994773,0.029808370274382108,0.6604486070704405,0.04790817578103316
2951,-0.07348774524963086,0.07874570563934849,0.12957392852152957,0.09969234841228684,1.6008009881673484,0.23838002872267014
2952,0.5362085808862783,0.49386454380978567,0.08643652499656161,0.09515609958172011,0.6806202182863829,0.04569784874411577
2953,-0.07853364309205621,-0.033188933653633394,0.10480330278463229,0.09434981173158086,1.3367466730783468,0.17840661540618877
2954,-0.011477565562488854,-0.0064335789429728115,0.038220725769578,0.030489512642071472,0.4950623914179057,0.052907654736943234
2955,0.00442832302877228,-0.011454690429248363,0.04593355829736613,0.0314021120530296,1.166833328820212,0.07162025715022399
2956,-0.15990892131403187,0.09880427528705649,0.08780256726221257,0.07330051011919957,0.7203798162797788,0.06376657941425559
2957,0.05217829104327937,0.36223129140460275,0.11718221616421573,0.12052948593430525,0.8506765365368848,0.04464335538242757
2958,-0.09035161963658851,-0.28863897625582813,0.1343076421178505,0.1440120626715336,1.4148258053769578,0.11858054011228289
2959,-0.03552949996092447,0.08802002106804742,0.07039601099099702,0.07379583509814257,0.8376222434587725,0.04279903387412896
2960,-0.04160554293937485,-0.0038234463408241496,0.06998936188499022,0.0670231578313713,0.6951160100432335,0.04183683203152445
2961,-0.037353300098426204,0.0007043574470919512,0.022508333245782886,0.016876366450852706,0.3503019476361636,0.044374755336601755
2962,0.09844004260012801,-0.25576932116182816,0.09330135383759329,0.14682858800566254,0.41353994200912386,0.07897996828341466
2963,0.07388678241835463,0.37578609650525935,0.12332404617228652,0.125250980856371,0.37720231251940867,0.07392664147935264
2964,0.15660122442233976,0.04661368151376151,0.10407196367057488,0.08466576155947197,1.1685933427949355,0.06603605044329947
2965,0.06402055278664258,-0.0439952703987051,0.106403766715082,0.08215389505555658,1.1175284133358534,0.06818601075277919
2966,0.003863863518714453,-0.09149083256416657,0.10828016704372466,0.12311172477294866,1.0872862578693783,0.0501824096908867
2967,-0.03771304706845322,-0.04999224479998286,0.04030761144218671,0.035182998435667474,0.12917296470194806,0.07263517474005236
2968,0.47284118927861796,0.47982098390901906,0.07135074894310592,0.07322485564137837,0.7613025120698015,0.03951127272148858
2969,-0.052057608089448384,-0.15701577007686876,0.13384441716218465,0.1416193139357868,0.7259277503848568,0.04787308051840452
2970,0.3149087002574201,0.46317424748439273,0.09026900478070154,0.08184511737634624,0.9575709813485676,0.04584796864598801
2971,-0.12210172128611027,0.25077177949883045,0.04221431235453624,0.042814083458262306,0.48106322738980156,0.0627581446066826
2972,-0.007355928116920654,-0.04614481407227758,0.07331702228084887,0.07374852913960273,0.9802598670763246,0.10089177188927875
2973,0.004383220005871962,-0.02442125408670439,0.0502759329485385,0.04005536278613498,1.2534500876045085,0.07004949899659321
2974,0.038268225339756184,-0.38152891699630076,0.07005879930976648,0.08071081915144161,0.6628972441845159,0.04326131030813948
2975,-0.1301956697705369,-0.4380689755660994,0.0557552624297923,0.06978873729764039,0.3450236966702129,0.11082373617923204
2976,-0.23821109628234047,0.332300345610334,0.054967802299638824,0.06198018446574887,0.19028019153037118,0.09055786380926727
2977,-0.09920152269851915,-0.0632607299524378,0.21042118472816423,0.2059458813565449,0.4028399206875541,0.18073343107882825
2978,0.02646420915131969,0.0409881229023831,0.0723446926068212,0.06344705227521738,0.9953824509826918,0.08670543183252083
2979,0.036534971324402,0.0539244792639246,0.07178973971541386,0.07681259531521542,0.7132787015696938,0.043037358376036006
2980,-0.08957736829649221,0.040343439876699326,0.07547700349404209,0.06963164370751163,0.308203937598787,0.09256199988205233
2981,0.005496893201739512,0.041097478722950886,0.03128360637488596,0.02730962150571302,0.3596664710520044,0.060769760773302484
2982,-0.17724133040317522,0.009876205801092662,0.04076898367875822,0.02859116616193346,0.4186317307930748,0.054735854404690795
2983,0.14397531565642674,0.22653082058930876,0.060071106318559914,0.04507574063803142,0.9464949617923823,0.03842388916881492
2984,-0.15439616767305406,0.14805526707893935,0.06149654979271795,0.06362140233780328,0.5108681622685991,0.07659526385957396
2985,0.03311896331281127,-0.04185173493445118,0.12397541309957255,0.1171657567305709,1.4104139075159938,0.1649728730248758
2986,-0.138198634768896,0.24050336616599977,0.0672367865404295,0.08488895699544852,0.38256430577408,0.06564594675793478
2987,-0.023626986976029885,0.013350045108105892,0.04505577876210826,0.031236238346811447,0.7495649241821393,0.03879516107364522
2988,-0.14454120021940017,-0.18206732183780136,0.06968472301224035,0.053703534022179616,1.1120779452981082,0.04953719323333226
2989,-0.024531651846619068,0.3467916095550602,0.2079567736619681,0.25025313552484263,0.7628044627024484,0.050989215432379706
2990,-0.1935168128810755,0.3263005509892954,0.14028331282774517,0.14852381721412583,0.8598434765351625,0.04551231887147682
2991,-0.048031131933992,-0.2119521800643607,0.16306168935198925,0.1875434853906278,0.6377497263513674,0.0498302428463865
2992,0.027864247229120814,-0.26589456324988603,0.11763804420498665,0.1387674186189731,0.9042727571118288,0.04623680402131012
2993,-0.017686750652814623,0.0431678177682326,0.06328162478361464,0.043578819610589486,1.2987924751210567,0.07644394328646262
2994,-0.22326398335476116,-0.3350974695096073,0.029921026580935116,0.027499982619684234,0.4300502608385659,0.05171925752470601
2995,-0.5515778440939363,-0.10481955002243659,0.07504415892794723,0.04874320995719193,0.743719633392536,0.04141281155540868
2996,-0.0788671039772071,-0.01744149265265834,0.06129340813800136,0.04430323507837974,0.7917903226331718,0.04299004317034781
2997,-0.4813503079850239,0.21401866795431967,0.0752215273722832,0.053076173418383166,0.7633616324026115,0.05609966291457025
2998,0.09868670194601203,0.03003434943747836,0.0361556404020112,0.020712025836825413,0.6600783425450664,0.045462200745173806
2999,0.3728379085629208,0.26446698347763276,0.07238065895203574,0.0638630824291322,0.4264160292157118,0.0967363653092789
