,e1_out_mean,e2_out_mean,e1_out_std,e2_out_std
0,0.23518561,-0.65439993,0.065613404,0.056169417
1,-0.10848324,-0.085081786,0.17391577,0.16853136
2,-0.37125123,0.3159454,0.20970954,0.20044178
3,-0.30015278,0.36652988,0.08254576,0.077255085
4,-0.04238829,0.044696108,0.075938724,0.06416281
5,-0.034675207,-0.29076403,0.1375739,0.13444123
6,-0.12755008,-0.052200437,0.10115275,0.09187737
7,0.14049721,0.05469635,0.06437287,0.057383124
8,-0.020991497,-0.0775353,0.14966108,0.1409066
9,0.12066917,0.3368165,0.06626628,0.057015274
10,-0.39466906,-0.6694542,0.053973455,0.060945243
11,0.065362036,-0.11055144,0.08407286,0.08286557
12,0.06565508,-0.18183684,0.10531992,0.10219507
13,-0.2658334,-0.065532155,0.1550099,0.15716012
14,-0.057950333,-0.29793596,0.046193536,0.043827377
15,-0.17867191,-0.062447906,0.19775084,0.18183163
16,-0.114766315,-0.1210631,0.15346354,0.15931453
17,-0.06669064,0.19016892,0.07667444,0.07066162
18,0.07885483,-0.07975513,0.13553695,0.1349609
19,0.553005,0.09486869,0.14245962,0.12908335
20,0.16121618,-0.1314975,0.05334425,0.03785402
21,-0.06849164,-0.33958572,0.1386227,0.14184447
22,-0.021724384,0.008058727,0.18539238,0.17768776
23,0.07937142,0.3132218,0.16779569,0.15907636
24,-0.06699994,0.0064683408,0.10531327,0.104290865
25,0.023535933,0.042455293,0.06392074,0.057170674
26,0.07937142,0.3132218,0.16779569,0.15907636
27,-0.23391384,-0.03623329,0.100048654,0.08436801
28,-0.07672343,-0.17274244,0.13162021,0.11854433
29,0.017438527,-0.042621583,0.10449642,0.09390012
30,-0.040722996,0.34924465,0.19708581,0.19182503
31,0.044643246,-0.20450996,0.09602318,0.090764806
32,0.027082413,-0.4043095,0.085531086,0.08089182
33,-0.23538937,-0.08506052,0.0743634,0.0667671
34,0.1772196,0.22812562,0.08237167,0.06852068
35,-0.28550616,-0.15276869,0.14516273,0.13246018
36,-0.28566608,0.3365944,0.06557076,0.053958565
37,0.00096600875,0.45864117,0.0959765,0.09775981
38,0.42244267,-0.030896582,0.079803474,0.06417269
39,0.14832638,0.019695364,0.05533579,0.048403483
40,0.071351334,-0.3664528,0.08622359,0.08156645
41,-0.030895296,-0.10914801,0.063117824,0.057511896
42,0.12103455,0.2392662,0.17450796,0.17281684
43,-0.19130051,0.09304919,0.08553339,0.08216105
44,0.116225824,0.09690777,0.16006987,0.14887843
45,-0.036431856,0.24871252,0.16666047,0.16148324
46,-0.1195059,-0.045935817,0.049255166,0.046274178
47,-0.028065834,-0.23133981,0.053259935,0.047999326
48,0.12039819,-0.109973274,0.21137042,0.20087367
49,0.05140683,-0.39098388,0.055426475,0.053044543
50,-0.04639453,-0.12071481,0.091195405,0.08375715
51,-0.023363326,-0.0012818798,0.06984251,0.056701533
52,-0.123934045,-0.13001357,0.09233118,0.08291771
53,0.10661243,-0.12793358,0.09385936,0.076388925
54,-0.060871024,-0.26618057,0.08063226,0.072824515
55,-0.14719926,-0.6068091,0.058951143,0.05130731
56,0.13890566,0.17567761,0.11463723,0.10913195
57,-0.029561702,-0.07744759,0.070909165,0.05976691
58,-0.22396302,-0.008503102,0.1009617,0.10940401
59,-0.029196864,-0.008786559,0.07686081,0.06689537
60,-0.29508397,-0.4465301,0.10706921,0.1079147
61,0.23676132,0.0043878034,0.10943058,0.107984476
62,-0.081532866,0.31824392,0.0899992,0.073945746
63,0.0010117665,-0.03836471,0.078924865,0.06683873
64,0.2588882,-0.6015191,0.13136739,0.13716184
65,0.15526085,0.17801394,0.3180226,0.31243378
66,-0.05216878,-0.20247568,0.048690207,0.03907421
67,-0.05161867,-0.13500765,0.07173437,0.06949291
68,-0.0653936,-0.2710564,0.1539531,0.14638372
69,-0.22116621,-0.35699952,0.13576345,0.136382
70,0.039677564,0.11674489,0.05185391,0.041938357
71,-0.09941158,-0.28826588,0.23876104,0.23942794
72,0.32815772,0.5420544,0.10566181,0.112215854
73,-0.58361626,-0.1284289,0.06607403,0.06755787
74,-0.12330583,-0.37421238,0.13071997,0.12289914
75,-0.3478352,-0.49207467,0.11791617,0.11486284
76,-0.11978866,-0.04912345,0.2036609,0.21002491
77,0.5676277,0.42743146,0.058773782,0.056930024
78,-0.103103235,-0.26968485,0.075508155,0.06658322
79,0.59704816,0.14667045,0.04970967,0.03715864
80,-0.14168441,0.007959843,0.17567569,0.1623458
81,-0.057383716,0.04417316,0.18647772,0.19474398
82,0.02423197,-0.07558572,0.050499838,0.046014775
83,0.058168415,-0.013643734,0.04857268,0.039325967
84,-0.13340543,-0.32137078,0.12147906,0.11329683
85,-0.17994216,0.026263125,0.07172616,0.06969934
86,0.045116015,0.09249458,0.15791267,0.14936301
87,-0.16583858,0.047136128,0.10942448,0.09656666
88,0.08627778,0.05000484,0.12741338,0.12090081
89,-0.10030639,-0.46572757,0.15552932,0.15857305
90,-0.09741826,-0.23746489,0.07688211,0.062224414
91,-0.41213515,0.29242414,0.06706735,0.057400167
92,-0.3551603,0.91603696,0.059519887,0.06752142
93,-0.33729202,-0.1480612,0.17243521,0.15879606
94,0.09086536,-0.053708643,0.0447912,0.034778357
95,0.26869944,0.18277836,0.050568867,0.048761822
96,0.05530655,0.054576643,0.20430543,0.19745225
97,-0.20100372,-0.43025392,0.04542739,0.040417057
98,0.096980676,-0.18804495,0.058114536,0.051065993
99,-0.09439859,0.4834991,0.07196747,0.056013543
100,0.10029803,0.050599054,0.20082678,0.20494819
101,0.054902315,0.024353877,0.08346343,0.081858575
102,-0.2628705,0.019902334,0.11399613,0.10829257
103,0.069139734,0.052670166,0.11452156,0.10087078
104,0.10711031,-0.5005308,0.065882534,0.059242062
105,0.8784928,-0.04294081,0.15208732,0.12348597
106,0.07827906,0.15320124,0.11855473,0.109756924
107,-0.13796154,-0.031628832,0.1089679,0.10715899
108,-0.07517743,-0.16759136,0.15526734,0.15206707
109,0.08254102,-0.101475835,0.08031438,0.054633614
110,-0.012654338,0.0702296,0.06574746,0.059773717
111,-0.0949844,0.09013386,0.059687007,0.044393037
112,-0.017430935,-0.0009610057,0.073549666,0.058256123
113,-0.50749743,-0.28615487,0.08427933,0.07955853
114,-0.112252235,-0.07989761,0.12854879,0.124200076
115,-0.28031114,0.17629488,0.1280153,0.11438024
116,0.48082808,-0.2652771,0.0860369,0.075890124
117,-0.781999,0.01805833,0.071367025,0.06013624
118,-0.06948215,0.36572212,0.104807355,0.106791735
119,0.09878799,0.09381871,0.047704156,0.035847884
120,0.05551255,-0.19956648,0.046878546,0.034633543
121,-0.021032967,-0.05801896,0.063719645,0.056049407
122,0.3332733,0.45180386,0.096464604,0.085736044
123,0.040144842,-0.07840085,0.115444675,0.11743204
124,-0.078801274,0.26677096,0.048333496,0.04292936
125,-0.061159037,0.024946257,0.0946562,0.0721312
126,-0.2249173,-0.07510154,0.1537324,0.14793612
127,-0.46325558,0.15877715,0.066378504,0.06336066
128,-0.058302965,0.020905115,0.07427099,0.06515879
129,0.00073639303,-0.16287082,0.24230285,0.24376763
130,-0.23511039,0.011281729,0.23134677,0.22430821
131,-0.14037362,0.20962007,0.04288155,0.03491565
132,-0.08285451,0.006768562,0.11772925,0.11579893
133,0.008637331,0.08227824,0.052533247,0.048571866
134,-0.042473655,-0.13220589,0.06075804,0.04219772
135,-0.035534907,-0.028363556,0.07319397,0.06470092
136,0.08428097,-0.115732625,0.12351395,0.112087496
137,-0.32110637,0.15107626,0.07697815,0.07097102
138,0.026032265,0.064544596,0.06307081,0.047458213
139,0.13465102,-0.035656765,0.091584906,0.08588279
140,0.029690355,-0.16946323,0.14300235,0.13322526
141,-0.11884946,-0.020112038,0.058982614,0.047087904
142,-0.14139599,0.4009627,0.07414879,0.06331155
143,0.08429803,0.16399834,0.11216859,0.10195668
144,-0.03420903,0.017815903,0.091506794,0.087620266
145,0.24330138,-0.48053634,0.053014413,0.05045451
146,0.1316907,0.28694218,0.07464103,0.067339785
147,0.2461886,0.30882317,0.14027703,0.14216763
148,-0.32849118,-0.30232024,0.13692696,0.13317728
149,-0.13207985,0.12136792,0.04765721,0.043495677
150,-0.48183125,0.108764574,0.06690893,0.056660663
151,-0.23709022,-0.092807576,0.03941692,0.032046117
152,-0.033972453,0.15888727,0.074136175,0.06437214
153,0.09544858,-0.18619971,0.06653322,0.060472474
154,-0.12507746,0.034831442,0.18849,0.19370916
155,0.041692615,-0.11713116,0.10624394,0.112395756
156,-0.16550183,-0.11267712,0.055083778,0.050620854
157,-0.25559688,0.084921256,0.08267539,0.06986526
158,0.052709877,-0.09477467,0.12623273,0.12313968
159,-0.153722,-0.057953298,0.15619715,0.16434899
160,0.03166457,0.06512142,0.07525752,0.055097416
161,0.546563,0.22700484,0.11470142,0.10741136
162,0.10167712,-0.49420798,0.14904997,0.14531563
163,-0.18878023,-0.1931767,0.08147442,0.07305984
164,-0.020502917,-0.080771536,0.06673007,0.05780452
165,0.42947513,0.2747947,0.06510787,0.058214683
166,0.16180798,-0.12796777,0.08240789,0.060809396
167,-0.056885023,-0.11334331,0.14173777,0.1310189
168,-0.09603004,-0.08458345,0.05324796,0.039152194
169,0.48088214,0.0002549067,0.066414535,0.056127973
170,-0.5663575,0.18247963,0.07502109,0.06611147
171,0.06677857,0.11419697,0.15892221,0.14565839
172,-0.3709494,0.031483725,0.24655849,0.23217651
173,-0.43581867,0.06794792,0.09807728,0.09550622
174,0.04992609,0.04047128,0.08527323,0.08031925
175,-0.06279284,-0.079543725,0.13305524,0.12234924
176,-0.036187664,0.04354576,0.06369079,0.057798546
177,0.03268607,0.025942788,0.16551125,0.15796211
178,-0.17790578,-0.16263318,0.17105813,0.1620613
179,0.013077583,0.21853857,0.22167414,0.22347718
180,-0.020227488,-0.07456836,0.07369552,0.06931443
181,-0.53363746,-0.65736943,0.10488282,0.09393299
182,-0.13684088,-0.14553984,0.17019989,0.15898952
183,0.59635484,0.50849074,0.13773529,0.11795217
184,0.06857784,-0.1842897,0.11309545,0.10345566
185,-0.01574865,-0.030923933,0.055181257,0.04719936
186,-0.014018565,-0.018900432,0.049229633,0.03874139
187,-0.27171883,0.25731468,0.2092103,0.20128125
188,0.1464533,0.119956374,0.061001215,0.05410951
189,-0.025009088,0.47668362,0.15695667,0.14614265
190,-0.08458267,-0.16745955,0.16710296,0.16615352
191,0.04923313,0.015647665,0.09904126,0.093704924
192,-0.038471375,-0.05407016,0.11283054,0.107902154
193,-0.0013849325,-0.038252465,0.04486529,0.035520215
194,0.0486842,0.0453891,0.0462328,0.037869215
195,-0.15363641,-0.05300098,0.064421155,0.06255479
196,-0.7104098,-0.14308296,0.09783885,0.07680433
197,-0.35140225,0.26451135,0.20668454,0.20057595
198,0.26277208,-0.015972555,0.21271276,0.19938186
199,0.027496368,0.13860998,0.07106407,0.064036205
200,0.0055464413,-0.08498296,0.08654234,0.09232431
201,-0.2620002,-0.19819932,0.10842864,0.10497055
202,0.17991062,0.23733635,0.1613619,0.15212022
203,-0.024866275,-0.005931288,0.07565858,0.062789656
204,-0.093636975,0.6607667,0.09397189,0.08604483
205,-0.023211565,-0.1626122,0.20943396,0.20793502
206,-0.3069835,0.16291328,0.05741275,0.042550147
207,0.03303472,-0.03237216,0.13356885,0.13432135
208,-0.1212246,0.3292305,0.10386622,0.09872786
209,0.1178125,0.12119348,0.1937154,0.18384303
210,0.03485152,-0.024378434,0.09594878,0.091868795
211,0.1133713,-0.1285255,0.13519262,0.13893853
212,-0.18740273,-0.22922401,0.100834005,0.09663286
213,-0.13924158,-0.04633645,0.08052833,0.07220389
214,-0.2940598,0.041127846,0.07617847,0.070583604
215,0.039677564,0.11674489,0.05185391,0.041938357
216,-0.09439367,0.01755751,0.15137063,0.14909406
217,-0.18932398,-0.032645874,0.13406931,0.1306713
218,0.072949305,-0.11560421,0.13091704,0.1260656
219,-0.2561728,-0.07502322,0.14421578,0.13701656
220,0.050480343,0.004363075,0.14783795,0.13466658
221,-0.14134376,-0.20341156,0.11841824,0.11160219
222,0.08557589,-0.10237639,0.050222464,0.03967082
223,0.2752371,-0.44047958,0.11729075,0.11177523
224,-0.022582684,-0.4285432,0.062076207,0.05249057
225,-0.10584909,0.17407492,0.06273958,0.053190984
226,0.042154253,-0.060348153,0.14494021,0.13678409
227,0.15244354,0.13212423,0.07093759,0.061534952
228,-0.09831783,-0.49147666,0.10233184,0.09750249
229,-0.02881727,0.12474106,0.06807915,0.067008786
230,-0.011132978,-0.62256324,0.046043612,0.04009431
231,-0.02226809,0.030222327,0.10100493,0.086579576
232,0.026081309,0.036422707,0.07775105,0.070224755
233,0.06473166,0.13398166,0.19293506,0.18539509
234,-0.22275338,0.20955805,0.059723046,0.050906885
235,0.051465172,-0.07081977,0.044781856,0.03176802
236,0.46832463,-0.32781655,0.04849126,0.047281165
237,0.87091565,-0.6516366,0.06161609,0.05912251
238,-0.058172368,-0.07812525,0.099116944,0.089963436
239,-0.116506785,0.14071323,0.16803204,0.14718647
240,-0.08514622,0.022383682,0.093553916,0.09081301
241,-0.073072195,-0.24312113,0.046777643,0.04439939
242,0.093848884,-0.10985331,0.113921784,0.107322685
243,0.08768104,-0.05350049,0.23319624,0.21532187
244,0.007564448,-0.020175189,0.1016995,0.09443369
245,-0.09911975,-0.30311102,0.14104499,0.13546409
246,0.044250377,-0.10837385,0.06517065,0.061640114
247,0.050935064,0.49892008,0.13752277,0.13584363
248,-0.10060687,-0.051229194,0.15419324,0.14268765
249,-0.087843955,-0.01922831,0.09261994,0.08202802
250,0.008272719,0.26001215,0.070292644,0.060756706
251,-0.3243962,0.12164673,0.13494016,0.12288048
252,-0.24542023,0.010248587,0.081541665,0.07318843
253,-0.009664752,-0.14340697,0.17971928,0.17545377
254,0.035770338,-0.041918203,0.067177474,0.05382768
255,-0.31815326,-0.15367498,0.17723495,0.17553113
256,-0.019417208,0.11966984,0.048783768,0.04292753
257,-0.13778637,-0.24783386,0.06117885,0.059248656
258,0.12236999,0.24344112,0.07559415,0.06818788
259,-0.020887822,0.29442573,0.12576485,0.11067971
260,0.07004474,-0.10207331,0.09441998,0.09292116
261,0.123308256,0.29904526,0.086537085,0.07054639
262,-0.026184745,-0.23099123,0.16666754,0.17157727
263,-0.21594474,0.3528999,0.045673195,0.04253139
264,0.43938074,0.12180017,0.051825494,0.044530347
265,-0.40907112,-0.4773327,0.07625557,0.067618325
266,-0.33984524,-0.41778523,0.088473275,0.085380174
267,0.054717235,0.06930893,0.18833323,0.18163186
268,-0.35584787,-0.38106036,0.10657628,0.10418236
269,-0.091607675,-0.10652479,0.13344286,0.12498681
270,-0.1519012,-0.060479403,0.06670219,0.052085064
271,-0.039915126,-0.18556605,0.055403464,0.048447818
272,0.035083856,-0.35601437,0.091638416,0.0834315
273,0.058168415,-0.013643734,0.04857268,0.039325967
274,0.14925328,0.16962914,0.11606666,0.117958546
275,0.7760122,0.25768745,0.14057383,0.110846244
276,0.040694468,-0.06704128,0.06019696,0.052595194
277,0.38032022,0.27035928,0.064113066,0.052940283
278,-0.021024056,-0.008909889,0.21539928,0.2176449
279,-0.043225672,0.017690755,0.08396633,0.07799554
280,0.019939067,-0.2304827,0.093139656,0.091725826
281,0.025392517,-0.057267025,0.086422294,0.077739164
282,0.2509747,0.10779682,0.077786334,0.06392648
283,0.03699382,-0.059739992,0.051297102,0.042818777
284,0.09499927,0.14429344,0.14888605,0.1233333
285,-0.04635595,0.008863419,0.059136,0.05169553
286,-0.100550026,-0.0576192,0.042232532,0.041241422
287,-0.07361311,-0.12441548,0.08247694,0.07536814
288,-0.27208793,0.018717065,0.103698574,0.09631994
289,0.76103276,-0.1965731,0.11894345,0.10191742
290,0.059780788,-0.25715667,0.10022338,0.10067095
291,-0.007999219,-0.062048934,0.05174173,0.044290025
292,-0.1490164,0.39424223,0.069098964,0.06574932
293,-0.049168546,-0.02183421,0.079287454,0.063687004
294,-0.0050096326,-0.02486822,0.040960692,0.033343542
295,-0.119388044,-0.027891383,0.052609026,0.048610196
296,-0.19301943,-0.16279696,0.1654482,0.16221201
297,-0.30053127,0.43997478,0.07772777,0.07655308
298,0.11735931,-0.27558404,0.03797716,0.036054995
299,-0.07425369,0.07075259,0.0730405,0.06297234
300,-0.13445172,-0.008716926,0.091109425,0.07805849
301,0.03952361,-0.13181467,0.07871828,0.07350261
302,0.046467386,0.031856105,0.1733551,0.17478183
303,0.104883865,-0.15111889,0.123774566,0.12995844
304,0.11112617,-0.266782,0.06577147,0.05981921
305,-0.071602285,-0.09479672,0.1597853,0.14029211
306,0.035635453,0.28959596,0.060178995,0.052052654
307,-0.10306272,-0.03170017,0.058357906,0.045206577
308,0.023197245,0.15589336,0.14892325,0.14937438
309,-0.29508397,-0.4465301,0.10706921,0.1079147
310,-0.034624096,0.03721559,0.08153936,0.06668061
311,-0.086198404,1.0199639,0.11374317,0.10466958
312,-0.2726727,0.23678811,0.0809928,0.06439188
313,0.07614124,-0.011555068,0.20312843,0.2108948
314,0.007564448,-0.020175189,0.1016995,0.09443369
315,0.14858691,0.13552158,0.05334787,0.04206566
316,-0.6001229,-0.26552033,0.04638304,0.034861583
317,-0.0158352,0.008543998,0.2546014,0.2635658
318,-0.23338331,0.29016644,0.0683572,0.064838514
319,-0.05252269,0.015456334,0.0948748,0.09605589
320,0.0629663,-0.07785544,0.05104486,0.036794815
321,-0.23687075,0.100971386,0.13333759,0.11111226
322,0.04164414,0.037055023,0.05716002,0.051141705
323,-0.080094844,-0.1876329,0.055524707,0.053424504
324,0.14950852,0.040431738,0.122843206,0.10842776
325,0.08855142,0.13713874,0.075397044,0.06691777
326,-0.26038098,-0.11856562,0.094859846,0.08682156
327,-0.4126513,-0.2750492,0.06893052,0.057320356
328,0.08249992,0.64734906,0.10671505,0.114826724
329,-0.044942077,-0.29242706,0.093540885,0.092000626
330,-0.059314962,-0.23556532,0.06319381,0.050903246
331,0.07869896,-0.18863976,0.05272925,0.042454317
332,-0.17055707,0.09421815,0.096509956,0.07975065
333,0.052146286,-0.004959896,0.112052105,0.11150178
334,0.36243892,-0.33693814,0.16008113,0.1495421
335,0.046217393,-0.08484507,0.08948722,0.08699333
336,-0.040258337,-0.18505812,0.11062534,0.10013306
337,0.09484039,0.012000285,0.056886513,0.047453277
338,-0.2675752,-0.00060237944,0.066001385,0.0569276
339,-0.20133445,-0.22903149,0.081213854,0.07555385
340,0.39583898,0.33398557,0.0967629,0.08628929
341,0.027816564,-0.04901798,0.06921543,0.067485705
342,-0.38488615,-0.11261621,0.098736435,0.09028823
343,-0.02572238,-0.11794609,0.11158659,0.10379581
344,-0.18661146,-0.25156912,0.12198328,0.10904537
345,0.0062117204,-0.14357229,0.13627587,0.1280483
346,0.32498538,0.53335285,0.10598536,0.09632152
347,0.10769421,0.07025235,0.12175649,0.1232312
348,0.10710265,0.07623328,0.08896233,0.083426364
349,0.2768485,-0.15077497,0.09118626,0.096709
350,-0.26039818,-0.017886147,0.095188305,0.09382406
351,-0.077986434,-0.1151551,0.08965267,0.07802468
352,-0.28744608,0.033103444,0.078867905,0.07706976
353,0.408022,0.050606146,0.11016076,0.10019314
354,0.037148703,-0.05960092,0.08591307,0.07833768
355,-0.18977766,-0.5829606,0.08248682,0.07971226
356,-0.14558187,0.07823141,0.09641331,0.08448977
357,0.028989498,0.018643193,0.07676995,0.05520982
358,0.044607718,0.15621927,0.10491341,0.092672974
359,-0.06661277,0.040263467,0.18630962,0.18049283
360,0.2350928,-0.040131852,0.08625323,0.07385271
361,0.012784369,0.15695061,0.10091387,0.088400386
362,0.08855574,0.5699545,0.08040503,0.07951037
363,-0.5332168,0.33467227,0.07358888,0.059644196
364,-0.48939514,0.03843458,0.047218032,0.033642832
365,-0.088279486,-0.037707068,0.111336954,0.09896901
366,0.102904156,-0.01634562,0.06581288,0.06038626
367,-0.22616564,0.020578384,0.14852226,0.13112971
368,-0.10124746,0.08447707,0.08587334,0.074516475
369,0.15468106,0.053543366,0.08926983,0.08473752
370,-0.44877768,-0.35848618,0.102682374,0.094014354
371,0.306513,0.19836423,0.06475675,0.056524217
372,-0.23928367,-0.12369867,0.16037416,0.15946527
373,-0.23736635,0.15670599,0.09407998,0.08123053
374,0.36393908,0.38975966,0.09070266,0.09241338
375,-0.047693297,-0.11931853,0.107882895,0.101606995
376,-0.029391598,-0.02275823,0.06594023,0.0715762
377,-0.4326298,0.3772282,0.15284853,0.15002523
378,-0.14161962,-0.10888812,0.09671581,0.08663174
379,0.18400846,-0.7688352,0.08973158,0.09075637
380,-0.19271493,0.34539527,0.0776274,0.07210037
381,-0.06961213,-0.11059128,0.11212734,0.099216044
382,0.47123206,-0.31463373,0.054343287,0.049612768
383,0.07821733,0.121567845,0.14960884,0.13699079
384,-0.37404886,0.09531808,0.086786,0.08114275
385,0.06007361,0.20739622,0.12594059,0.11386513
386,-0.21710065,-0.06077087,0.22000939,0.22408657
387,-0.033442333,-0.018142462,0.059987027,0.053458396
388,-0.042618677,0.19018549,0.09494105,0.08836952
389,-0.012758102,-0.27607632,0.15366893,0.14693724
390,-0.031940456,0.012140125,0.047268752,0.04382362
391,-0.36544695,0.8081554,0.1209367,0.11004854
392,-0.2498175,0.011387125,0.09964885,0.08986006
393,-0.61302084,-0.2331595,0.13828836,0.12779585
394,0.13736841,-0.016279839,0.06938773,0.057861485
395,-0.2233771,-0.049233034,0.09490114,0.089598276
396,0.13313945,-0.63450646,0.12254186,0.12537466
397,0.16395088,-0.27564198,0.16048633,0.15134265
398,-0.12507746,0.034831442,0.18849,0.19370916
399,0.13043833,0.09267303,0.115789585,0.11044269
400,-0.18483259,-0.53509116,0.039602213,0.043159854
401,0.16164528,0.2417504,0.11398243,0.11700485
402,0.09971464,0.018973,0.10383494,0.10420026
403,0.066551104,0.029142834,0.065852396,0.06357676
404,0.07232161,-0.009238653,0.111003935,0.100618616
405,-0.13541478,-0.07357097,0.07697815,0.0725247
406,0.085989684,0.13015015,0.054263566,0.0473794
407,-0.043172583,-0.015223242,0.13886511,0.13982484
408,-0.047284294,-0.26607412,0.31370732,0.3160959
409,0.29035097,0.14859502,0.08194011,0.08428785
410,-0.1871738,-0.11148262,0.07124914,0.06087249
411,-0.23538937,-0.08506052,0.0743634,0.0667671
412,-0.8144447,-0.42076367,0.0521056,0.037353568
413,-0.18395115,0.5203707,0.104581796,0.091501296
414,-0.34322944,-0.79153925,0.094147034,0.087229185
415,-0.15602215,-0.13413827,0.17815574,0.17395657
416,-0.14924902,0.011345498,0.08723972,0.080733165
417,0.04361557,-0.049334526,0.045040686,0.041867767
418,-0.05345491,-0.19566791,0.054651584,0.043664943
419,0.05317939,0.4444542,0.18452294,0.17970116
420,-0.37139016,0.082116485,0.10838265,0.08949695
421,-0.15849759,0.1551816,0.13274013,0.11581319
422,-0.02899076,-0.16588993,0.12055021,0.11202672
423,0.1008223,0.29943717,0.044961486,0.04201177
424,-0.123522565,0.24101014,0.121414565,0.12512384
425,0.36174807,-0.16364454,0.13889694,0.13929331
426,0.0073874295,0.008856587,0.05981682,0.046950556
427,0.0033765696,-0.32783145,0.08061874,0.07280637
428,-0.22385065,0.19189727,0.10131241,0.10474836
429,0.018782604,0.036975354,0.08080843,0.069675826
430,0.34454876,-0.057252377,0.17922714,0.17708728
431,0.021862667,-0.012368813,0.04150018,0.033586197
432,-0.35327905,-0.01777552,0.12744433,0.12769905
433,-0.011912193,-0.045064986,0.108300075,0.10454713
434,-0.10331054,0.015365928,0.07877855,0.07399411
435,-0.037633035,-0.1330213,0.27327958,0.2679428
436,-0.14558187,0.07823141,0.09641331,0.08448977
437,-0.41385597,0.49985397,0.09325727,0.089216866
438,-0.01983985,0.12113206,0.16795835,0.16183704
439,-0.21709566,-0.18562259,0.050173488,0.04440245
440,-0.22239394,0.44902742,0.10903898,0.10597265
441,0.0850279,0.079235114,0.09122186,0.08047987
442,-0.4109416,-0.6700294,0.116323605,0.105420426
443,0.11552429,0.03724616,0.081812814,0.07946133
444,-0.14739585,-0.027160607,0.099886954,0.096103676
445,0.057291474,-0.3830701,0.07811142,0.07540976
446,0.045617,0.038547933,0.1396778,0.1290112
447,-0.071630195,0.01949948,0.14951953,0.15248153
448,0.06565508,-0.18183684,0.10531992,0.10219507
449,0.083204195,0.1866057,0.20589814,0.20112482
450,0.23459028,-0.343485,0.1129482,0.10681552
451,0.27884042,-0.09077062,0.07834854,0.071504146
452,0.05871379,0.7355348,0.07512317,0.07749684
453,0.07614124,-0.011555068,0.20312843,0.2108948
454,0.76931,0.6070021,0.16935073,0.15205452
455,-0.05216878,-0.20247568,0.048690207,0.03907421
456,-0.61453295,0.056012645,0.0852926,0.0661203
457,0.00974286,0.07369525,0.10113853,0.0892047
458,0.34483635,-0.10127151,0.07114856,0.06165987
459,0.22434218,-0.68076515,0.056482688,0.060971826
460,-0.34534782,0.37787944,0.15778777,0.14789669
461,-0.14099957,-0.44167823,0.12322659,0.12914209
462,-0.0330078,0.21068878,0.04977352,0.041719824
463,-0.09975998,0.44926417,0.11863467,0.12112656
464,0.05052115,0.23496565,0.20620547,0.20467924
465,-0.64825827,0.44050074,0.06798595,0.063807696
466,0.033144914,0.41294855,0.14062726,0.12257437
467,-0.033707585,0.2463804,0.07030375,0.06595032
468,0.01423613,-0.10408731,0.06864517,0.049828954
469,0.064300284,-0.06160666,0.06668535,0.05591186
470,0.13855916,-0.09608983,0.18117478,0.17037036
471,-0.060305547,-0.13108194,0.06921132,0.06676081
472,-0.28724912,0.12589523,0.14216992,0.13227715
473,-0.0018574372,0.021685138,0.04340756,0.04137413
474,0.10769421,0.07025235,0.12175649,0.1232312
475,-0.25029555,-0.030715719,0.17478296,0.15569507
476,0.0417484,0.09401732,0.23578921,0.23569527
477,-0.3943137,-0.36785555,0.1742345,0.18205126
478,0.00974286,0.07369525,0.10113853,0.0892047
479,0.16227745,-0.061051592,0.1567242,0.13764012
480,0.07983279,0.1644932,0.071675114,0.06976445
481,0.053728223,0.04051345,0.054233763,0.043291833
482,-0.18459313,0.2326665,0.13639696,0.12012621
483,-0.0837255,0.11695351,0.07743599,0.070814356
484,-0.06227482,0.40936524,0.38131088,0.37001935
485,0.023759596,0.05292719,0.098473616,0.09172418
486,-0.056360524,-0.20351276,0.12559831,0.1194021
487,0.16535787,-0.006732665,0.09015444,0.08197378
488,0.6423684,0.065090306,0.107101664,0.09624408
489,0.20693128,-0.08980996,0.09258777,0.08547293
490,-0.12774467,-0.086180754,0.11661985,0.114577934
491,-0.2924118,-0.027547836,0.10356756,0.10147635
492,0.050559245,-0.0992801,0.10126814,0.08619138
493,0.26277208,-0.015972555,0.21271276,0.19938186
494,5.272031e-05,-0.011605814,0.06315833,0.05253068
495,0.20169912,-0.42489326,0.05199878,0.03506222
496,-0.29508397,-0.4465301,0.10706921,0.1079147
497,-0.13496809,0.11070284,0.10762611,0.106887735
498,-0.06049231,0.07394454,0.12753466,0.121630244
499,-0.27940527,-0.35614276,0.17702173,0.17270543
500,-0.027907852,0.15950309,0.071287334,0.0698805
501,-0.11363754,-0.024592064,0.08430014,0.07997384
502,-0.14490381,0.0632856,0.08917508,0.08172932
503,0.29035097,0.14859502,0.08194011,0.08428785
504,-0.055578884,0.09501764,0.06593677,0.05662556
505,-0.357487,0.5163942,0.13386784,0.13192727
506,0.027680174,0.020478249,0.07685948,0.06227407
507,-0.4111491,0.06386849,0.19191405,0.18203674
508,0.42393497,0.26374006,0.086232685,0.07440782
509,-0.061090413,0.39956087,0.09009179,0.07896986
510,-0.44404408,0.10163076,0.08141895,0.06312391
511,0.029767983,-0.14864711,0.08833588,0.08444709
512,0.015437204,-0.2093307,0.16661426,0.15850429
513,-0.049499173,-0.29396242,0.08137882,0.07878662
514,-0.0074439645,0.100792624,0.12864041,0.11458258
515,-0.15304725,0.062056974,0.08028874,0.060137477
516,0.10661243,-0.12793358,0.09385936,0.076388925
517,0.11697051,-0.76554525,0.11447935,0.1156326
518,0.17975913,-0.121866435,0.082641914,0.07669237
519,0.012387175,0.065239966,0.08437947,0.081081375
520,-0.25226012,-0.51579386,0.056719486,0.057505067
521,0.012251183,-0.11581726,0.13959868,0.117208585
522,0.047903657,-0.110632434,0.10548568,0.11401537
523,-0.008318618,0.059122153,0.08936087,0.074772
524,0.14445418,0.1364926,0.1523797,0.14857139
525,-0.12774467,-0.086180754,0.11661985,0.114577934
526,-0.02274593,0.60120934,0.056268837,0.05472438
527,-0.5611309,0.33575553,0.08117957,0.07996213
528,0.51554465,0.057197943,0.054578546,0.044814397
529,0.22815494,-0.1137396,0.08027148,0.07360212
530,0.056346994,0.17665385,0.16817248,0.1746151
531,-0.11410603,0.102880046,0.048292723,0.042055324
532,0.07686782,-0.35905594,0.05095514,0.036471017
533,-0.26518598,-0.175178,0.17867391,0.17494796
534,-0.16209099,-0.161194,0.25764024,0.25477833
535,-0.5843729,0.47747648,0.077556245,0.09307737
536,0.0946029,-0.41586018,0.09313184,0.08856062
537,-0.15853149,-0.23829828,0.049591463,0.0447865
538,-0.043324262,-0.20044117,0.07191433,0.0631814
539,0.1882065,-0.3243615,0.11540771,0.10053293
540,-0.019228438,0.23191108,0.19970475,0.1960646
541,0.019321095,0.007718727,0.08092871,0.067867875
542,0.074318945,0.096849024,0.057189967,0.050695833
543,-0.38029015,-0.46879488,0.058501165,0.052969787
544,0.069167465,-0.11146036,0.08246531,0.07866641
545,-0.28256392,-0.3713736,0.13210252,0.13211575
546,-0.19546007,0.25534093,0.07836971,0.06663543
547,-0.09004158,-0.07988255,0.13839446,0.13181558
548,0.053541757,0.040197104,0.049040776,0.03664174
549,-0.24682905,0.020304486,0.11727356,0.12370218
550,0.41578275,0.8648828,0.102757245,0.1033687
551,-0.00378206,0.24233069,0.26206377,0.24362813
552,-0.06670365,-0.08411438,0.25020617,0.25280365
553,0.06275487,0.38570833,0.061446037,0.056462955
554,-0.081532866,0.31824392,0.0899992,0.073945746
555,-0.3728391,0.051587097,0.05694969,0.0476327
556,-0.025117263,-0.1572661,0.07226772,0.0595831
557,-0.122296736,0.37670213,0.0797174,0.070335954
558,0.2248395,0.50854874,0.12916438,0.12057569
559,0.08855574,0.5699545,0.08040503,0.07951037
560,-0.12046152,0.3133043,0.10348727,0.08281628
561,-0.16131324,-0.086248145,0.11605468,0.11152976
562,0.22023575,-0.03919378,0.15656969,0.15193358
563,-0.5829073,0.16249661,0.057988994,0.046532594
564,-0.018152114,-0.1811046,0.20154545,0.21098176
565,-0.060305547,-0.13108194,0.06921132,0.06676081
566,-0.4104575,-0.11863672,0.06998735,0.064782314
567,0.041800477,-0.010335609,0.064994946,0.060095437
568,-0.23863193,-0.1631297,0.07675637,0.07009928
569,0.094427004,-0.18949173,0.04644779,0.042525135
570,-0.15736052,0.026315026,0.06644801,0.047576766
571,-0.26537758,0.31203675,0.12500145,0.112129435
572,-0.028065834,-0.23133981,0.053259935,0.047999326
573,0.24541418,0.009560928,0.10636163,0.1007945
574,-0.07401146,-0.060363248,0.20267396,0.19940774
575,-0.07191172,-0.5667156,0.12762578,0.12455353
576,-0.39326668,0.15301813,0.117639154,0.10317963
577,0.20367442,0.30627626,0.06795743,0.061387297
578,-0.008726791,0.17319347,0.0705864,0.06290777
579,-0.08270128,0.06627027,0.048074037,0.037746083
580,0.820311,0.35069823,0.17934072,0.14390054
581,0.11735931,-0.27558404,0.03797716,0.036054995
582,0.11709805,-0.07654615,0.10301185,0.0958076
583,0.13587016,-0.23904109,0.054759927,0.04742999
584,0.17474131,0.14827974,0.24631314,0.229694
585,-0.0032074787,0.078065105,0.043622475,0.04086583
586,0.0062888972,-0.11425766,0.09790835,0.089604236
587,0.04832817,0.01609359,0.14402887,0.15159796
588,-0.18589567,0.03873685,0.16390304,0.16309154
589,0.0075795017,-0.07238729,0.03373726,0.026370507
590,-0.021665595,-0.060308836,0.057800665,0.051155943
591,0.49968565,-0.51126754,0.08493054,0.07981493
592,0.30876556,-0.47695202,0.08330604,0.07597514
593,0.09236045,-0.1415905,0.071312524,0.06316169
594,-0.18949972,-0.17830892,0.111832015,0.088294715
595,0.071953684,-0.24676065,0.10518515,0.096831314
596,0.43205735,0.56005,0.04410122,0.043514617
597,0.0072404332,-0.37547183,0.11300602,0.112258814
598,0.1150078,-0.120928854,0.092853434,0.08397955
599,0.03548194,0.070495605,0.1223731,0.10622478
600,0.5739411,-0.12672225,0.105818816,0.089789495
601,0.03937743,-0.26122344,0.055561353,0.039950058
602,-0.0585619,-0.11979599,0.12562668,0.11423848
603,0.04468242,0.019577548,0.09988437,0.09184665
604,-0.07896845,-0.16784799,0.19690746,0.18369457
605,-0.037278075,0.24874784,0.055748645,0.047251962
606,0.013800338,-0.020066246,0.12759563,0.1202202
607,-0.083586484,0.08554958,0.04873983,0.04493616
608,-0.024115736,0.084164694,0.09735206,0.09523766
609,-0.12875815,0.050016314,0.081387736,0.07261145
610,-0.070624545,0.0008961484,0.120767236,0.116488464
611,-0.14546393,-0.10833995,0.10073559,0.088986285
612,-0.0959547,-0.117819026,0.07212531,0.06800551
613,-0.29388818,0.25168365,0.1460523,0.14401393
614,-0.09477429,0.0987588,0.064493254,0.06330688
615,-0.13445172,-0.008716926,0.091109425,0.07805849
616,0.13335243,-0.047448173,0.09739165,0.088231385
617,-0.09004158,-0.07988255,0.13839446,0.13181558
618,0.028054133,-0.021673322,0.056610785,0.042267352
619,0.008096725,-0.07421194,0.107962936,0.09711582
620,0.1546743,-0.18225853,0.1402045,0.13429743
621,0.087369055,-0.23677063,0.078786604,0.06876051
622,0.16121618,-0.1314975,0.05334425,0.03785402
623,0.03485152,-0.024378434,0.09594878,0.091868795
624,0.04536454,-0.107180074,0.16700381,0.16460645
625,-0.109242156,0.10259716,0.11310365,0.108506866
626,0.41578275,0.8648828,0.102757245,0.1033687
627,-0.64486307,0.13952744,0.09274392,0.08505052
628,0.40057567,-0.1920537,0.18843295,0.18163136
629,-0.29837766,-0.06657635,0.06390475,0.05384701
630,-0.09440133,0.086108856,0.20620528,0.18879825
631,0.09648521,0.07745026,0.1492573,0.14098112
632,-0.285578,0.07193018,0.13773324,0.12633486
633,0.06523429,-0.08850617,0.066467635,0.056459438
634,0.07343359,0.037719697,0.08650276,0.06715095
635,0.10387468,-0.08376686,0.05252725,0.040869307
636,0.07870038,-0.02947577,0.04303446,0.038569756
637,-0.5829073,0.16249661,0.057988994,0.046532594
638,-0.024090879,0.12214057,0.17214802,0.15582381
639,0.18371467,-0.067387156,0.121270016,0.11565967
640,-0.010858983,-0.0010772794,0.17931782,0.1784513
641,-0.12725899,0.22981833,0.22833003,0.22190338
642,-0.16430235,0.10991758,0.05505625,0.041895512
643,-0.038912572,-0.10805513,0.16837156,0.16264133
644,0.70089275,-0.23031951,0.095202506,0.08514673
645,-0.29292473,6.92904e-05,0.11324883,0.10028942
646,-0.05519625,-0.21585464,0.14427792,0.13982548
647,-0.19739814,0.33267194,0.075138435,0.06640853
648,-0.11953078,0.15383552,0.047646306,0.03911841
649,0.18558884,0.07189085,0.1046153,0.08655874
650,0.11078338,0.77831626,0.110380486,0.108322315
651,-0.0073004737,0.053688228,0.14934295,0.14205535
652,-0.03344191,-0.036903307,0.081739984,0.07494773
653,-0.032858193,0.045648925,0.092793345,0.08541466
654,-0.04026916,0.041476145,0.08857659,0.082251534
655,0.0018757097,0.0357584,0.0604791,0.054786578
656,-0.008389492,-0.06530239,0.052964777,0.04473486
657,-0.0045626946,0.025983237,0.083594136,0.08066162
658,-0.18523185,0.33407265,0.19778517,0.1788236
659,-0.043324262,-0.20044117,0.07191433,0.0631814
660,-0.10619548,0.04167418,0.11254382,0.09981013
661,-0.06649861,-0.04437659,0.07838062,0.07135374
662,0.34262797,0.10328603,0.076500095,0.064841576
663,0.061676424,-0.044949204,0.06341581,0.04937107
664,0.031309053,0.0023803934,0.09895079,0.09124613
665,-0.07665084,0.01418709,0.07738149,0.07775337
666,-0.24426973,0.114553615,0.066798426,0.05085647
667,0.1525722,-0.09889774,0.07963461,0.069648825
668,-0.16234072,-0.02347929,0.055112097,0.052542713
669,-0.017975207,0.0014812201,0.040611517,0.034637585
670,0.7419487,-0.39885288,0.1463337,0.12839012
671,0.062826544,-0.068639636,0.08427329,0.07118451
672,-0.18230538,-0.13178654,0.04645724,0.039653838
673,-0.14417636,0.060183376,0.04974914,0.03674101
674,0.48123232,0.53279185,0.09787072,0.08604991
675,-0.09787208,-0.12962884,0.11957502,0.10970079
676,0.034869377,0.037644297,0.07210545,0.06157056
677,0.06669113,0.04498735,0.08667614,0.08159532
678,-0.12792872,0.25003707,0.08478916,0.08221308
679,-0.2808683,-0.0565916,0.05796042,0.049434856
680,-0.04146195,-0.13477947,0.15715522,0.15424705
681,0.39918375,-0.04245752,0.08229459,0.065260835
682,-0.15769921,-0.047949813,0.09546323,0.089960456
683,-0.008163333,-0.06718065,0.0808491,0.06426169
684,-0.2422498,-0.53701067,0.08976612,0.08821892
685,-0.102636084,-0.3695777,0.061956994,0.059367713
686,0.040856257,-0.14187156,0.21797563,0.21172261
687,-0.2703789,0.07034288,0.051122904,0.052078873
688,0.005953416,-0.0138999745,0.07944207,0.073540136
689,-0.72199917,0.25567186,0.09208287,0.08556781
690,0.12764505,-0.48071218,0.057742942,0.050752863
691,0.091427684,0.21698605,0.13902913,0.13889769
692,-0.07579894,-0.17149967,0.11716521,0.11713749
693,-0.039351303,0.06807507,0.20352495,0.18828581
694,-0.10836993,0.04984291,0.12724051,0.101844996
695,-0.00860092,0.21757227,0.094580285,0.09341784
696,-0.022079509,0.1700228,0.042486772,0.03444623
697,-0.27922186,-0.24670178,0.04608311,0.04693445
698,-0.14386402,0.032217413,0.052740328,0.045489904
699,-0.27660143,-0.25284225,0.14913337,0.13502957
700,-0.17038234,-0.25913766,0.047918264,0.048872434
701,0.23173733,-0.043367825,0.08411045,0.07983973
702,0.021497512,0.0043255687,0.042563092,0.031455707
703,-0.132405,0.055333838,0.10776644,0.09252664
704,0.38373852,-0.16149451,0.07630825,0.067598216
705,-0.1427831,0.2540843,0.19397043,0.18471895
706,0.09677814,0.0760403,0.074336946,0.07246073
707,-0.31298506,0.048234887,0.12546487,0.12300445
708,-0.38141093,-0.56954175,0.107827224,0.10696401
709,-0.06467571,-0.09223346,0.05792532,0.055428907
710,0.046275664,0.075583756,0.04982593,0.045844268
711,-0.1314143,0.19125451,0.053084385,0.047609743
712,-0.15772025,-0.44530672,0.0611626,0.053049028
713,-0.10559592,-0.04976338,0.066028945,0.057622172
714,-0.4265073,0.27919406,0.08891193,0.087081045
715,-0.14951813,0.17198299,0.16999726,0.17563382
716,0.06125891,-0.48480225,0.085387066,0.0806939
717,-0.19659598,-0.1362174,0.14354374,0.13548265
718,0.039411377,-0.6438812,0.064295515,0.060210228
719,-0.0158352,0.008543998,0.2546014,0.2635658
720,0.66355884,-0.7988758,0.08439414,0.075274125
721,0.02677254,0.076764934,0.07440888,0.064666994
722,0.08243105,0.043466672,0.05026441,0.04695898
723,0.07611388,-0.05242826,0.0687922,0.061298795
724,-0.15594706,-0.3580225,0.05319043,0.04765981
725,0.1716316,-0.25322643,0.12090766,0.11153346
726,-0.012455396,-0.4874252,0.09110116,0.08816651
727,0.15132496,-0.19275807,0.1371417,0.123192646
728,0.025049038,0.12578063,0.22658378,0.23456897
729,-0.66871244,0.27320623,0.224622,0.20232661
730,-0.027476072,-0.08457239,0.17592166,0.16027442
731,-0.0048560463,-0.0017485172,0.046484888,0.038936585
732,-0.049696904,0.102971986,0.10681138,0.0843321
733,0.057731405,-0.14911398,0.07467643,0.06837214
734,0.029819436,-0.04574521,0.1535259,0.15440066
735,-0.26038098,-0.11856562,0.094859846,0.08682156
736,-0.09269124,-0.15635292,0.15717702,0.15103145
737,0.070389405,0.17538907,0.048763108,0.040705908
738,0.14605165,0.45283616,0.1452682,0.14442664
739,0.17534102,-0.028837517,0.07086796,0.06224705
740,-0.21941419,0.2710616,0.06310025,0.0529713
741,-0.2739715,0.07402393,0.057686675,0.049169563
742,0.096980676,-0.18804495,0.058114536,0.051065993
743,0.071033,-0.041810863,0.07896706,0.06876345
744,0.06650679,0.08205989,0.07112358,0.06560462
745,-0.12841964,-0.23905273,0.10282888,0.083473876
746,0.061822306,-0.09710701,0.12836984,0.12405153
747,0.022367053,-0.083835244,0.091611005,0.08103581
748,0.06395742,0.41890907,0.10107927,0.08977273
749,-0.34400442,0.71916753,0.08348996,0.07959099
750,0.16982195,-0.038686544,0.22061661,0.21183784
751,-0.016167011,0.08948613,0.12910226,0.12248508
752,-0.41589376,0.16682668,0.17515326,0.16938058
753,-0.2525107,0.16370788,0.057292867,0.050267592
754,-0.063293315,0.12527022,0.07158901,0.06232712
755,0.25124365,-0.060838357,0.10867067,0.101248056
756,0.27678594,-0.4023564,0.1129072,0.109351605
757,0.3054737,0.48608893,0.055639155,0.052587412
758,0.11227605,0.29446685,0.10673359,0.10525683
759,0.30729395,-0.23459709,0.13684057,0.11796387
760,0.07826987,0.004566394,0.049354795,0.037923303
761,0.0610308,-0.42542112,0.08807797,0.08275263
762,0.050162658,0.011035427,0.08835063,0.08231552
763,-0.012004986,0.13013344,0.10284924,0.10077518
764,-0.21676208,-0.021312013,0.16216666,0.15339129
765,0.0220792,0.45468086,0.089884475,0.06919798
766,0.0023137294,0.07321885,0.08480307,0.077758774
767,-0.627675,0.074266374,0.07508966,0.06263611
768,0.11198366,-0.17277828,0.053850785,0.046508554
769,-0.3629592,0.0043667853,0.07050953,0.06390319
770,0.00763369,-0.103228286,0.09792802,0.09235242
771,-0.2422498,-0.53701067,0.08976612,0.08821892
772,0.17957084,-0.46968073,0.110076845,0.10716998
773,-0.58361626,-0.1284289,0.06607403,0.06755787
774,0.3837301,0.47912407,0.092198975,0.098961525
775,0.01538983,0.05205781,0.09809068,0.075647675
776,0.007306315,0.06070231,0.048595052,0.039703734
777,-0.25244847,0.16914588,0.05050619,0.04275197
778,0.029117256,-0.30911803,0.072204836,0.06303676
779,0.41825598,-0.5895906,0.08151157,0.07434223
780,-0.19244628,0.015511088,0.08330713,0.06422809
781,-0.058194816,-0.014098614,0.06252302,0.054864008
782,-0.14511263,0.057015605,0.10382709,0.08785397
783,0.14507453,-0.021780863,0.10181462,0.08592976
784,-0.35554326,0.37155348,0.07863212,0.07150239
785,-0.14202121,-0.65775204,0.06391001,0.058876723
786,-0.1258654,-0.33886588,0.13894095,0.13384926
787,-0.06851892,-0.017330974,0.05155324,0.04028757
788,-0.013186295,0.014221676,0.118368246,0.113391556
789,0.12491031,-0.21317165,0.16338815,0.14850111
790,0.16018741,-0.18320535,0.040081743,0.031884104
791,0.015580893,0.031015486,0.10252821,0.084240474
792,0.18337907,0.013251945,0.0992114,0.089497134
793,-0.5343108,0.14914744,0.13373543,0.12278183
794,-0.041431233,0.089275606,0.08500708,0.069666035
795,0.11090088,0.21834683,0.13230786,0.12826824
796,-0.06750353,-0.06461538,0.10745387,0.09655001
797,-0.31137043,0.068827584,0.14827469,0.13337632
798,0.13703272,-0.059281044,0.080190286,0.06906096
799,0.015626434,0.29986227,0.05229738,0.050683163
800,0.26265493,-0.3602777,0.05399277,0.05150804
801,-0.18141459,-0.004988648,0.082924716,0.07227877
802,-0.054041255,-0.17351234,0.10181193,0.08962643
803,0.14605628,0.28271008,0.17907268,0.17372157
804,0.13736841,-0.016279839,0.06938773,0.057861485
805,-0.42341536,0.2776785,0.07644708,0.07228125
806,-0.075521395,-0.32637155,0.05234343,0.03747168
807,0.14446424,-0.4372015,0.103466205,0.09704746
808,-0.016647974,0.12935786,0.054610837,0.051873256
809,-0.72199917,0.25567186,0.09208287,0.08556781
810,-0.054238226,-0.047673777,0.04798951,0.043459028
811,0.027970448,-0.116841525,0.08520205,0.07650456
812,0.14720379,-0.012867972,0.06458903,0.05924108
813,0.5059755,0.4498449,0.056833353,0.053247932
814,-0.062888056,-0.054075107,0.061295357,0.049119316
815,-0.1993614,0.11901684,0.061091494,0.051049802
816,-0.02359302,-0.0075462908,0.058131292,0.047229618
817,-0.06908035,0.0819168,0.083937384,0.077837
818,0.0849635,-0.15275873,0.052567292,0.04880531
819,-0.07396205,0.04398565,0.052596252,0.043756638
820,0.32498538,0.53335285,0.10598536,0.09632152
821,0.033536278,0.038402155,0.08718661,0.07801224
822,0.32878157,0.0002487898,0.08895076,0.07486986
823,-0.25787616,0.5042338,0.11517591,0.11052564
824,-0.13908653,-0.18462686,0.22532366,0.2216885
825,-0.16614944,-0.3293801,0.12577839,0.13649428
826,0.023227073,-0.0069755167,0.04153735,0.036108416
827,0.06952463,0.36566246,0.071924426,0.06124793
828,0.17776231,-0.14616586,0.06478413,0.050312184
829,-0.11689365,-0.07388835,0.13202646,0.11265732
830,0.09050806,0.08346815,0.04933131,0.03957313
831,-0.30897906,0.10221136,0.16932257,0.17167784
832,-0.106863484,0.069043726,0.07188848,0.05404792
833,-0.020810135,-0.034233876,0.113331236,0.1108146
834,-0.09561977,-0.07962026,0.053176187,0.05128171
835,0.19219688,0.0887067,0.066107176,0.05027153
836,-0.037454564,0.15018283,0.09091211,0.086657494
837,0.23433869,-0.09824103,0.07473141,0.06524873
838,-0.28091693,-0.3985706,0.06573217,0.06951886
839,0.092899784,-0.1617149,0.06664229,0.050042257
840,-0.61614645,-0.060125835,0.11548737,0.10849378
841,0.31094706,0.152464,0.0524328,0.043638058
842,-0.047586035,-0.16406393,0.060163952,0.05495147
843,-0.31522337,-0.15207843,0.08818004,0.074610636
844,-0.13771154,-0.054246917,0.05193019,0.046592608
845,-0.23088764,-0.21839276,0.19247691,0.18252027
846,0.12274712,-0.90745825,0.056347825,0.049095042
847,0.07209541,0.07266692,0.052956752,0.045690138
848,-0.058707178,-0.18080874,0.09143978,0.09079554
849,-0.19383553,0.13643749,0.12955976,0.12220521
850,-0.0010955036,0.002791196,0.051251687,0.047354467
851,-0.30032673,0.2272987,0.073550224,0.06982607
852,-0.15410405,-0.18523505,0.092539966,0.085275516
853,-0.39306104,0.09303443,0.17280865,0.16009106
854,0.03707715,0.1943961,0.06443043,0.054503698
855,-0.734681,-0.49002331,0.14009695,0.13813151
856,0.015034214,-0.051863626,0.0759606,0.06647572
857,-0.031046968,-0.08227366,0.16172522,0.16743362
858,-0.10347359,-0.10060212,0.118530065,0.11108226
859,-0.052066322,0.051658794,0.16127881,0.14335817
860,-0.1270878,-0.10167113,0.08445966,0.08117596
861,0.1282128,-0.1216972,0.053885125,0.04032129
862,0.09921521,0.15045542,0.09823636,0.08956664
863,-0.40039182,-0.07617782,0.0805114,0.06461125
864,0.02644813,0.034506023,0.09663389,0.086217836
865,-0.071504965,-0.03898433,0.08761229,0.071626894
866,-0.27917704,-0.48709184,0.14996834,0.1421977
867,0.16003594,0.008605517,0.110351555,0.112014465
868,-0.097904384,-0.4067853,0.09241019,0.08678636
869,-0.55120385,0.10700844,0.12088747,0.10494773
870,-0.20207824,-0.12163677,0.099411644,0.0977743
871,-0.12871826,0.64248526,0.074915364,0.07144857
872,-0.17286019,-0.11197896,0.12063867,0.10657843
873,-0.01675906,0.0033503547,0.07077723,0.049603853
874,-0.2614155,0.141617,0.06800209,0.05872539
875,-0.08004983,-0.044169784,0.082505584,0.07517566
876,0.05017327,0.13135877,0.051923174,0.04746443
877,-0.0029683746,-0.046303764,0.054073405,0.043301135
878,-0.014740258,0.055873454,0.10644812,0.08417271
879,-0.25787616,0.5042338,0.11517591,0.11052564
880,0.010608669,0.010989226,0.058262657,0.044553846
881,-0.12825455,0.17901142,0.17185937,0.17248441
882,0.16043258,-0.30671167,0.14031102,0.13404939
883,-0.3379937,-0.07050738,0.090965115,0.07826277
884,0.08130333,0.012428172,0.05137637,0.038645983
885,-0.11018163,0.03788244,0.101014614,0.08851013
886,0.07983279,0.1644932,0.071675114,0.06976445
887,0.6094603,0.9878383,0.12223838,0.1370667
888,0.15311976,0.013786465,0.083521105,0.07084912
889,0.6152201,-0.12356881,0.07227914,0.061340857
890,0.03368457,-0.21596904,0.11959037,0.12018863
891,-0.20929314,0.0022880435,0.05797325,0.055547617
892,0.038229126,-0.05606503,0.10055483,0.09519181
893,-0.019101832,0.035708264,0.101035535,0.08864795
894,-0.27061403,-0.3237785,0.07489258,0.066392876
895,0.038144115,0.15967685,0.069383055,0.050920535
896,-0.046289116,0.011653855,0.09653843,0.08890567
897,0.020032551,-0.055390865,0.060990002,0.05526321
898,0.23643468,-0.072993204,0.11338127,0.105702445
899,0.1498755,-0.743665,0.10228598,0.097434714
900,-0.34829277,0.18796878,0.08816584,0.081451744
901,-0.37281927,-0.058952197,0.09651255,0.092722386
902,0.0010117665,-0.03836471,0.078924865,0.06683873
903,0.24768667,-0.23667066,0.054133143,0.04549837
904,0.09484039,0.012000285,0.056886513,0.047453277
905,0.09943749,0.26962334,0.07511477,0.06842061
906,0.20598476,-0.38670784,0.07210889,0.06678647
907,-0.33010086,-0.13556555,0.15043674,0.13335593
908,-0.20534611,-0.2758152,0.19664708,0.19180588
909,0.02232112,-0.0655275,0.10190913,0.09394088
910,0.017195534,0.009789616,0.08336977,0.06952361
911,0.15612294,0.060749635,0.082290195,0.07547367
912,0.09842779,0.097172625,0.12349097,0.11981233
913,-0.040654797,-0.12298533,0.0460485,0.04358874
914,-0.1672429,-0.0360635,0.1273735,0.12849085
915,-0.07069662,-0.17087644,0.09133055,0.08666576
916,-0.04081951,0.14918754,0.051093232,0.04154018
917,0.054059096,-0.22639705,0.06623057,0.06349699
918,-0.05290181,-0.04849392,0.09669667,0.08921608
919,0.030054923,-0.009905189,0.06344099,0.05510285
920,0.13465102,-0.035656765,0.091584906,0.08588279
921,0.33237055,-0.041355267,0.10923351,0.09845648
922,-0.21813975,-0.13888335,0.13563114,0.124871396
923,0.5187779,0.12480357,0.088465415,0.084103934
924,0.064978406,0.056799665,0.07652406,0.05892806
925,0.1541963,0.318708,0.09888199,0.08592829
926,0.67604,0.0019882768,0.07398817,0.06393644
927,-0.033268895,0.051450804,0.13953854,0.13992482
928,0.12371145,0.2287125,0.083331704,0.066431515
929,0.3873913,0.2030959,0.073199056,0.061114978
930,0.04128993,-0.055747166,0.108686924,0.107490666
931,-0.6743507,-0.4099828,0.12774527,0.12984365
932,0.1716316,-0.25322643,0.12090766,0.11153346
933,0.19523102,-0.25638467,0.06905256,0.045499716
934,-0.115289554,0.08055704,0.117144845,0.099755004
935,0.088896886,-0.05328761,0.048306923,0.043495603
936,-0.006350428,-0.31938934,0.085093014,0.07737292
937,0.01222929,-0.069625646,0.07690805,0.071235746
938,0.3784723,0.4129613,0.056342416,0.051023863
939,0.071327105,-0.25507003,0.11895182,0.10594741
940,0.36431324,0.011394829,0.14083284,0.12258172
941,0.114337236,-0.25788993,0.1064464,0.10474757
942,-0.00063201785,-0.002506964,0.04661541,0.03342347
943,-0.13853745,-0.005083479,0.064974844,0.058402464
944,-0.17350464,0.328098,0.13517307,0.12604193
945,0.004807126,-0.049482673,0.12024785,0.116612814
946,-0.2677738,0.41392303,0.07681278,0.0709668
947,0.18261258,0.20966172,0.059164662,0.05747769
948,-0.2368563,-0.0102887,0.08016421,0.06413322
949,-0.043932553,-0.024589032,0.06949261,0.06154669
950,-0.054296613,0.13550805,0.14836338,0.13546558
951,-0.16884449,0.09642079,0.050862014,0.047178887
952,0.2522966,-0.02721069,0.07099645,0.061494842
953,-0.06220906,-0.5069369,0.08640763,0.08075669
954,-0.08253516,-0.15837537,0.12838556,0.12324645
955,0.11709805,-0.07654615,0.10301185,0.0958076
956,0.2960967,-0.17218256,0.15911977,0.14286435
957,-0.22730398,-0.15611161,0.07428007,0.06147854
958,0.09236045,-0.1415905,0.071312524,0.06316169
959,-0.08256437,-0.17119563,0.1409512,0.12655458
960,-0.092004865,-0.11429623,0.045237366,0.0421054
961,0.023222618,-0.081264265,0.11428106,0.119262524
962,-0.19537814,-0.4754933,0.05692108,0.044194322
963,0.2938658,-0.13071072,0.11368188,0.10600839
964,0.06807013,-0.29915953,0.10371394,0.0932282
965,-0.5526528,-0.12778878,0.12484427,0.11277593
966,-0.094644755,-0.030349866,0.046663653,0.034983225
967,-0.11701128,-0.20281158,0.20085788,0.20043379
968,-0.18379918,0.109666355,0.0971392,0.08188135
969,-0.14049181,-0.02729398,0.113223195,0.107684135
970,0.21173668,-0.09480046,0.103418045,0.092866175
971,-0.05939247,0.24821742,0.040257867,0.034805138
972,0.08895421,0.0008440167,0.051830813,0.047150232
973,-0.025000114,0.19697703,0.14362232,0.12841772
974,-0.07249884,-0.06885044,0.04214716,0.03463012
975,-0.13895456,0.06826593,0.085597955,0.078509696
976,0.09288083,-0.19306657,0.108436875,0.09662373
977,-0.09031178,-0.16033305,0.14838342,0.1484772
978,0.10367113,-0.2356502,0.0896324,0.080517404
979,-0.37232983,0.2963872,0.12850656,0.1260669
980,0.015337583,-0.05799889,0.13130152,0.1272188
981,-0.27227074,0.11559753,0.21307293,0.20971116
982,-0.058857936,0.07494216,0.1287665,0.13062592
983,-0.14035223,-0.16795771,0.047472604,0.042195063
984,-0.08714512,0.4942057,0.126313,0.133644
985,-0.09271829,-0.19179985,0.14244258,0.13496035
986,-0.061124004,-0.017193928,0.05445472,0.050465178
987,0.04342968,0.010105982,0.06554162,0.060176652
988,-0.06500487,-0.018065214,0.06550633,0.058828257
989,-0.07679477,-0.29958153,0.12692441,0.12737712
990,0.059298318,-0.13503218,0.23473223,0.2269199
991,-0.13486756,-0.014655881,0.061496936,0.054445747
992,-0.098107085,0.019481555,0.1219629,0.11581681
993,-0.09364471,0.027942702,0.21934591,0.21788515
994,0.084206805,0.016964667,0.08922001,0.07979467
995,0.044752087,0.2635314,0.07251144,0.069414966
996,0.12547435,0.4354943,0.15287542,0.1470913
997,0.10673778,-0.14954989,0.16959968,0.15520619
998,-0.2420335,0.15833907,0.10751115,0.10005385
999,-0.030488618,-0.044764146,0.10198375,0.08673162
1000,-0.29824018,0.17143123,0.05524645,0.050806284
1001,-0.525703,0.19893612,0.09674255,0.09174513
1002,-0.38803267,0.37092215,0.09287168,0.09561849
1003,0.17259856,0.06905936,0.097440526,0.0925062
1004,-0.021917544,-0.014775939,0.049816057,0.04522579
1005,0.03353311,0.94680667,0.11855695,0.118891224
1006,-0.07979421,-0.01315929,0.09965101,0.09513633
1007,0.012263369,-0.25931776,0.051193014,0.039629057
1008,0.46794742,0.13791923,0.1295865,0.11273541
1009,-0.27601647,-0.118643925,0.14417276,0.12994215
1010,0.05689197,-0.08757773,0.1132399,0.10613636
1011,-0.24960609,-0.16214913,0.036316235,0.02877294
1012,-0.022140004,0.040431917,0.09479219,0.084642
1013,-0.5451961,0.1562372,0.08963775,0.08263897
1014,0.041408602,0.24556787,0.06600954,0.049720004
1015,0.15146184,-0.22223757,0.10043548,0.09011429
1016,-0.22121687,0.008898973,0.11754812,0.118225254
1017,-0.059285678,-0.11682686,0.18999444,0.17578177
1018,0.13471715,-0.2949317,0.046633728,0.041366443
1019,0.010207251,-0.19948183,0.12595813,0.12824367
1020,-0.51530325,-0.19579937,0.058818072,0.04387627
1021,0.07486859,0.37061447,0.106135115,0.10229984
1022,-0.15443698,0.7795563,0.13551247,0.12737674
1023,-0.09439367,0.01755751,0.15137063,0.14909406
1024,-0.060305547,-0.13108194,0.06921132,0.06676081
1025,-0.1325444,0.16826355,0.22052422,0.21567716
1026,0.19476019,0.24012016,0.18657716,0.18586776
1027,0.025191046,0.023709387,0.0815186,0.07717781
1028,-0.22269608,0.023542263,0.08236935,0.069451995
1029,-0.17228451,-0.0938988,0.073553875,0.0680117
1030,0.43314365,0.028699674,0.08002172,0.06157875
1031,-0.25938106,0.41899174,0.08234191,0.07435269
1032,0.33822012,-0.28818774,0.15647182,0.13688233
1033,0.38450807,-0.24047573,0.08957758,0.08547262
1034,0.5066842,0.02718015,0.08507442,0.06509079
1035,0.02587282,0.10332694,0.16063213,0.16885853
1036,0.0038761906,0.24802245,0.10209613,0.095117696
1037,-0.03549068,0.24060817,0.1130138,0.11506
1038,-0.13020249,0.07112019,0.09595875,0.09429955
1039,0.06355931,0.25296384,0.04628949,0.04026087
1040,0.17188321,0.10390217,0.072147936,0.06461788
1041,0.06611323,-0.11555314,0.04877957,0.049909618
1042,-0.08358687,-0.3257621,0.12446067,0.12690143
1043,-0.23545969,-0.2733431,0.05456783,0.0467117
1044,-0.025117263,-0.1572661,0.07226772,0.0595831
1045,-0.19092707,0.1558999,0.15601787,0.1486985
1046,-0.1753537,0.004521802,0.15858775,0.14543407
1047,-0.10547939,-0.030192763,0.13442433,0.12387797
1048,0.057697996,0.1944109,0.040952567,0.032833457
1049,0.09878799,0.09381871,0.047704156,0.035847884
1050,0.044606373,0.15737075,0.080403596,0.07187256
1051,-0.14717804,-0.015795648,0.25763175,0.24648231
1052,0.40057567,-0.1920537,0.18843295,0.18163136
1053,-0.20424746,0.22944184,0.052099947,0.04360467
1054,-0.13319431,-0.020479903,0.10578804,0.103169166
1055,-0.018931556,0.2884705,0.060240507,0.055422775
1056,-0.20478201,-0.066540316,0.13127497,0.124202244
1057,-0.06760904,0.18191303,0.17190282,0.15597358
1058,-0.5375131,0.23697199,0.10987948,0.10090328
1059,0.21243803,-0.07418621,0.052039288,0.039298806
1060,-0.061603084,0.050106622,0.06065964,0.055893272
1061,-0.17321678,-0.11467804,0.09043424,0.081872135
1062,0.19525965,-0.17605527,0.10359357,0.09654328
1063,-0.10349575,0.13378017,0.21335284,0.20465784
1064,-0.1924794,-0.23454638,0.12867868,0.12557116
1065,-0.005433848,-0.0026727617,0.08452716,0.07656118
1066,-0.008771244,0.15777506,0.08881856,0.08139562
1067,-0.48177716,-0.041671947,0.24532062,0.23232326
1068,-0.030372918,0.14706725,0.09498538,0.085327655
1069,0.07717459,0.32741553,0.04566819,0.038863204
1070,-0.076781735,0.088688,0.18890044,0.17820662
1071,-0.14532678,0.011291802,0.11320957,0.109961316
1072,0.103135034,0.014705345,0.24219,0.23222789
1073,-0.0072566494,-0.050022364,0.08193495,0.0747057
1074,-0.04866597,0.014970094,0.07738491,0.0738419
1075,-0.054349314,0.080778256,0.06232859,0.05277445
1076,-0.10476814,0.0006699115,0.078055404,0.06823356
1077,-0.3465647,-0.064123884,0.12213933,0.12198804
1078,-0.14134376,-0.20341156,0.11841824,0.11160219
1079,-0.07387647,0.09849392,0.089222945,0.07829276
1080,-0.17565612,0.01862137,0.07056463,0.058063954
1081,0.12034339,0.12039693,0.11138162,0.09729116
1082,-0.15900955,-0.6203351,0.055386886,0.050662342
1083,-0.07113159,-0.04146789,0.08509554,0.07298238
1084,-0.07287066,0.032784306,0.05884921,0.045575578
1085,0.04790911,0.006813064,0.19584806,0.18794356
1086,-0.12551028,0.07389516,0.14260261,0.13555594
1087,0.062131938,0.066030115,0.1769789,0.15805332
1088,-0.04639453,-0.12071481,0.091195405,0.08375715
1089,-0.12669119,-0.20250532,0.06724837,0.059295796
1090,0.813767,0.12368028,0.11198794,0.09598363
1091,0.090956345,-0.018891439,0.0811101,0.076973364
1092,-0.0831254,0.005184144,0.042517506,0.040097773
1093,0.22488937,-0.11493975,0.06469485,0.045258038
1094,-0.63102335,0.09865558,0.07492068,0.068439715
1095,-0.22154124,-0.053250976,0.07228911,0.06334208
1096,-0.20929314,0.0022880435,0.05797325,0.055547617
1097,-0.2523093,-0.08393912,0.1312851,0.11668869
1098,-0.11878663,0.18488587,0.05709787,0.047154028
1099,-0.32849118,-0.30232024,0.13692696,0.13317728
1100,-0.12725899,0.22981833,0.22833003,0.22190338
1101,-0.06500487,-0.018065214,0.06550633,0.058828257
1102,0.09358303,-0.1548758,0.07566213,0.064910196
1103,0.043374445,0.021704838,0.26223832,0.24285734
1104,-0.14646603,0.18987748,0.18384628,0.18146057
1105,-0.04603673,-0.084267035,0.112545,0.10375492
1106,0.073379815,-0.07411651,0.10175615,0.09434253
1107,0.084879965,0.35308665,0.07236319,0.06317681
1108,0.09499927,0.14429344,0.14888605,0.1233333
1109,0.6181808,-0.08345665,0.09321817,0.07615688
1110,0.20365226,0.05286438,0.116048194,0.11153647
1111,0.18190028,0.1101406,0.068771824,0.05724969
1112,0.12002011,0.076098844,0.21789004,0.200445
1113,0.066512,-0.039092273,0.21148893,0.19828314
1114,0.0069957953,-0.058650807,0.092809096,0.08548563
1115,-0.18649472,0.4213779,0.119263895,0.11266537
1116,-0.05110114,0.050368823,0.12879741,0.120366715
1117,-0.25705865,0.5415994,0.09772922,0.09046594
1118,-0.539026,-0.46825206,0.13248643,0.13574876
1119,-0.08449368,0.16523646,0.05515068,0.048431914
1120,-0.1328241,0.012908757,0.13003524,0.11973744
1121,-0.0027681664,-0.22747548,0.111325435,0.10291348
1122,0.061975632,0.009313613,0.13400799,0.13711572
1123,-0.047249928,-0.13680859,0.2916123,0.27093592
1124,-0.06267482,0.06704585,0.07054407,0.056249
1125,-0.31024083,0.072844714,0.09358268,0.076877445
1126,-0.42159894,-0.10696807,0.10816013,0.10454685
1127,-0.73350126,0.046124443,0.08205938,0.06796752
1128,0.2662483,-0.10453586,0.13421755,0.13003732
1129,0.040013295,-0.038656697,0.14922026,0.13442048
1130,-0.0709303,0.076620325,0.07614333,0.071949005
1131,-0.073057935,-0.11036267,0.0629375,0.052706968
1132,0.039459612,-0.2531919,0.08222904,0.07832141
1133,0.41085285,-0.47569168,0.06953186,0.06543286
1134,-0.10331054,0.015365928,0.07877855,0.07399411
1135,0.22473566,-0.17783843,0.0648724,0.054897837
1136,-0.080787346,-0.32500088,0.1707552,0.17313378
1137,0.03352226,0.19588378,0.08285152,0.06683075
1138,0.058950875,0.23288265,0.10814933,0.095952906
1139,-0.189099,-0.044603586,0.13331465,0.12067269
1140,-0.14341913,-0.028908417,0.24526048,0.23335016
1141,-0.1212246,0.3292305,0.10386622,0.09872786
1142,0.16929974,0.11905965,0.06568005,0.05330844
1143,-0.34573323,0.09343383,0.054171428,0.04623484
1144,-0.18077652,0.07032049,0.05532327,0.050876908
1145,0.00974286,0.07369525,0.10113853,0.0892047
1146,-0.105844855,-0.021753654,0.14765275,0.14424579
1147,-0.008616529,0.30836028,0.08299374,0.06939635
1148,0.6529783,0.4852795,0.1010462,0.08384536
1149,0.006031288,-0.1394088,0.07111881,0.054528445
1150,0.13145824,-0.27805632,0.24066593,0.23493151
1151,-0.07723458,-0.019387484,0.09652988,0.08977136
1152,-0.54917043,-0.07749486,0.088781916,0.07999684
1153,-0.02647769,0.45199877,0.12633108,0.11074683
1154,-0.20138197,-0.20147792,0.14509962,0.1283749
1155,-0.015553849,-0.00056140125,0.10106117,0.09846078
1156,-0.39466906,-0.6694542,0.053973455,0.060945243
1157,0.10931337,0.034968376,0.074769795,0.067097
1158,-0.2500202,-0.074382365,0.13695513,0.13167824
1159,0.16859066,0.082728736,0.14378855,0.13567318
1160,0.07796855,0.2702434,0.16140349,0.14928213
1161,-0.45691913,0.63282126,0.09718355,0.08901226
1162,0.043745782,0.5036946,0.05807899,0.056409627
1163,-0.045241345,0.13389327,0.14947979,0.14386234
1164,-0.1993614,0.11901684,0.061091494,0.051049802
1165,-0.15427904,0.11645648,0.050234705,0.051038623
1166,-0.07969096,0.09922882,0.15266967,0.14275913
1167,-0.11966956,-0.12977807,0.12319434,0.11851085
1168,-0.32281405,-0.32295102,0.094614014,0.10032892
1169,-0.7119935,0.5713726,0.059324086,0.07449297
1170,-0.25231364,-0.10380781,0.14509931,0.13054162
1171,0.24493094,0.25841194,0.07738481,0.06914029
1172,0.10008088,-0.08403175,0.05787008,0.05237165
1173,-0.034552068,0.38461733,0.123416066,0.12863839
1174,-0.28160432,-0.07430753,0.14100431,0.1362433
1175,-0.06665539,0.0948249,0.14955135,0.14314798
1176,0.07645401,0.06949441,0.06989265,0.054983422
1177,0.040067468,-0.10071699,0.066618994,0.061451778
1178,-0.16948813,-0.12818602,0.09124753,0.081952855
1179,0.1309647,-0.032714255,0.12209764,0.11409938
1180,-0.13263486,-0.16691364,0.1548786,0.1395389
1181,0.5128148,-0.13159011,0.06892351,0.065745436
1182,-0.0949844,0.09013386,0.059687007,0.044393037
1183,-0.057099827,-0.050467998,0.107244834,0.10539973
1184,0.052351996,0.020296775,0.077400476,0.0715161
1185,-0.4104575,-0.11863672,0.06998735,0.064782314
1186,-0.05924009,-0.1710202,0.09850927,0.088236086
1187,-0.14196941,0.0071356595,0.10688583,0.096754864
1188,-0.1907592,-0.038598195,0.08978607,0.08678768
1189,0.24318054,0.3031265,0.11988523,0.114980444
1190,-0.27786767,0.004462242,0.09763862,0.08826316
1191,-0.009548444,-0.2579739,0.042418562,0.03888168
1192,0.018375736,-0.06931056,0.06659925,0.06403622
1193,-0.40335077,-0.56501263,0.10706428,0.11453696
1194,-0.068088606,-0.44871408,0.09609249,0.09864594
1195,-0.80838,0.06778733,0.06202053,0.05175811
1196,-0.09999961,0.012188807,0.11135444,0.09962451
1197,-0.055013504,-0.21581362,0.105835006,0.10661264
1198,0.50094694,-0.1837504,0.15125637,0.13362664
1199,0.1309618,-0.060901523,0.0725967,0.06260496
1200,0.014863268,0.03326445,0.12990533,0.10921309
1201,0.08498049,-0.114464104,0.11600998,0.10315215
1202,0.018676966,0.05600267,0.117309935,0.092461534
1203,-0.091599375,-0.42590344,0.03895932,0.032189757
1204,-0.16147096,0.13650024,0.15432064,0.14251305
1205,0.034216467,0.0040676296,0.120624304,0.10827379
1206,-0.06323572,0.040646605,0.10593056,0.09948464
1207,0.08789027,-0.35043538,0.099516,0.0973005
1208,-0.06757432,0.026226267,0.15363161,0.15242995
1209,-0.062208384,-0.027235635,0.062158782,0.05103613
1210,0.14431438,0.030054934,0.08174108,0.074265435
1211,0.6053324,-0.057591304,0.12130148,0.10465787
1212,0.1314768,0.17934757,0.04834929,0.043101825
1213,-0.06323439,-0.1482025,0.109640524,0.101724856
1214,-0.029105827,-0.030336916,0.049561407,0.039702818
1215,-0.11018163,0.03788244,0.101014614,0.08851013
1216,0.061330352,-0.15747316,0.047824502,0.041256253
1217,0.053728223,0.04051345,0.054233763,0.043291833
1218,0.035749745,0.3007645,0.28269276,0.27897298
1219,-0.08322027,0.057274967,0.0945216,0.09329617
1220,0.21508706,0.024648115,0.060836438,0.044547774
1221,0.36247543,0.1583172,0.049687095,0.03992565
1222,-0.46299762,0.43325937,0.16633196,0.1592945
1223,-0.020991497,-0.0775353,0.14966108,0.1409066
1224,-0.04550389,-0.12517808,0.080561094,0.073899455
1225,0.2696281,-0.012393564,0.14357172,0.12423784
1226,-0.0576726,0.046715096,0.045841854,0.03307808
1227,0.02596996,0.0624009,0.10053564,0.10011494
1228,-0.04876275,0.2635973,0.10477687,0.11736528
1229,-0.05588202,-0.2188762,0.10780445,0.099002846
1230,-0.54917043,-0.07749486,0.088781916,0.07999684
1231,-0.6602069,-0.1273398,0.13047644,0.11817304
1232,-0.34829277,0.18796878,0.08816584,0.081451744
1233,-0.4654814,-0.14197375,0.13409504,0.13186768
1234,0.119227365,0.0008677989,0.050390236,0.045519456
1235,-0.55732894,0.0645695,0.13087207,0.13017818
1236,0.011532392,-0.12317362,0.15459758,0.14790381
1237,-0.25787616,0.5042338,0.11517591,0.11052564
1238,0.026621625,-0.063254654,0.17226915,0.17179829
1239,0.40954763,-0.21157275,0.075610064,0.06243022
1240,0.23847926,-0.009503052,0.06126912,0.054761574
1241,0.5244475,-0.27701336,0.120582566,0.10671294
1242,0.06661132,0.112530954,0.07388598,0.070664465
1243,0.031313207,-0.14961956,0.105934836,0.09655206
1244,-0.03750445,0.23658602,0.20034318,0.20252916
1245,0.04536454,-0.107180074,0.16700381,0.16460645
1246,0.23229502,0.06844346,0.049212724,0.043792196
1247,0.0119696595,-0.1885236,0.12747917,0.13008434
1248,-0.05630687,-0.19121681,0.18658328,0.17737134
1249,-0.0023629926,0.029938385,0.06276185,0.061445396
1250,0.04382964,-0.08054861,0.056152757,0.05009887
1251,-0.35110527,0.03066323,0.098896675,0.09257756
1252,0.5803359,-0.115627035,0.1741218,0.15980975
1253,-0.0057335533,-0.0001449585,0.040320847,0.03513626
1254,-0.22807744,0.0471394,0.085814826,0.08434941
1255,0.28236,0.11086512,0.1872053,0.175908
1256,-0.06370116,0.008533642,0.15686424,0.13920018
1257,0.53757674,-0.070069455,0.098034486,0.09012182
1258,-0.39343968,-0.1860129,0.070819885,0.06891294
1259,0.07303473,0.085828215,0.066410415,0.05474911
1260,0.07488033,0.19058622,0.04947053,0.041375108
1261,0.28356558,0.25879174,0.09191728,0.08633062
1262,-0.055319887,-0.3460968,0.047307417,0.03646983
1263,0.09273411,0.048004,0.07957957,0.062599614
1264,-0.1636013,0.18207319,0.10017614,0.09728639
1265,-0.07025075,0.0811299,0.11937869,0.11570191
1266,-0.18818416,0.27753127,0.18647249,0.1917331
1267,0.08084792,-0.0011788607,0.07505992,0.05891028
1268,0.05225399,-0.07544153,0.078613274,0.072848044
1269,0.68093985,-0.1810081,0.15884694,0.13379271
1270,0.15357967,-0.1745708,0.05589757,0.050145444
1271,-0.22196071,-0.054146156,0.07087441,0.06550848
1272,-0.24330737,-0.09593202,0.108441584,0.10545398
1273,-0.10331054,0.015365928,0.07877855,0.07399411
1274,-0.14009295,-0.048894078,0.06847353,0.06235928
1275,-0.16692632,-0.07036668,0.0495386,0.04221453
1276,-0.24203649,0.02801393,0.08834058,0.082014255
1277,0.21436135,-0.19853584,0.061004914,0.052518696
1278,0.1485753,-0.14794545,0.05697559,0.046406362
1279,-0.18186086,-0.05529251,0.09455447,0.08572086
1280,0.09685299,-0.0010887831,0.04875743,0.04929358
1281,-0.056001503,0.053518236,0.096684,0.0872122
1282,-0.14466152,0.14224322,0.14812666,0.13870709
1283,-0.13429366,-0.2486131,0.11359008,0.107735716
1284,0.13012782,0.07688853,0.06524995,0.057287145
1285,0.05684419,0.37504876,0.044215616,0.036278434
1286,-0.15055178,-0.029936492,0.041164808,0.03456139
1287,-0.029196864,-0.008786559,0.07686081,0.06689537
1288,-0.016199928,-0.0631219,0.09794942,0.08967667
1289,-0.21816966,-0.0068001077,0.105460785,0.09671069
1290,0.3994618,0.103062704,0.089737244,0.07181629
1291,0.061073955,0.029963963,0.04960803,0.04139784
1292,-0.1569847,-0.22364724,0.1325092,0.12747987
1293,0.048917662,0.0037930682,0.053685848,0.041221544
1294,-0.21225631,-0.0839093,0.11942112,0.1121539
1295,0.16217026,0.0054558367,0.082955204,0.07650152
1296,0.18458793,0.18655719,0.13906875,0.1166118
1297,-0.04334477,0.17231584,0.04669323,0.03617624
1298,0.05551255,-0.19956648,0.046878546,0.034633543
1299,0.2714995,-0.046063274,0.059166793,0.04980948
1300,-0.47916645,0.12083022,0.11236113,0.106688835
1301,-0.33704948,-0.014274016,0.18692261,0.18072525
1302,0.42019978,-0.3789417,0.086334154,0.07400839
1303,-0.058802098,0.32424092,0.11075916,0.107527085
1304,0.00974286,0.07369525,0.10113853,0.0892047
1305,0.22133167,0.13853975,0.07244636,0.064142235
1306,-0.3256145,-0.13782407,0.25988078,0.2617918
1307,-0.03852314,-0.2775951,0.22386026,0.20681098
1308,-0.7739065,-0.28898096,0.23108792,0.20791905
1309,0.23192298,-0.1417891,0.055191856,0.045394626
1310,-0.26390684,-0.5471591,0.069745235,0.06430643
1311,0.17975913,-0.121866435,0.082641914,0.07669237
1312,-0.1606907,-0.23060091,0.060145773,0.053250644
1313,0.16722934,0.7101817,0.06538473,0.06455773
1314,-0.1048502,-0.090107605,0.056334753,0.04665478
1315,-0.21535616,0.032709956,0.098375306,0.086796835
1316,-0.06591171,0.39958668,0.12373422,0.104651846
1317,0.003071539,-0.52648854,0.053404603,0.045929767
1318,-0.06323439,-0.1482025,0.109640524,0.101724856
1319,0.022748329,0.049204305,0.112528585,0.10572078
1320,-0.19220947,-0.022508085,0.1553092,0.14353721
1321,0.014318254,-0.07372311,0.041392215,0.037485108
1322,-0.004548013,-0.065981105,0.057005767,0.0507799
1323,-0.17038234,-0.25913766,0.047918264,0.048872434
1324,0.10556109,0.22121784,0.051358704,0.043700818
1325,-0.116339564,0.061625488,0.13506922,0.13439602
1326,0.06977238,-0.01986657,0.1029102,0.10326843
1327,0.1940844,-0.06317565,0.05972384,0.0559968
1328,-0.08816539,-0.027034223,0.16022812,0.15325895
1329,-0.25989947,-0.52222395,0.052742593,0.061517537
1330,0.1511208,-0.17067787,0.046370976,0.040218484
1331,-0.038300138,-0.16018216,0.068437465,0.06510344
1332,-0.41941208,-0.009299114,0.14013353,0.13238738
1333,-0.4088717,-0.30568314,0.09411405,0.091639996
1334,-0.11755738,-0.042240545,0.04627856,0.038584754
1335,-0.12763211,0.12506692,0.065695,0.06082706
1336,0.5702906,-0.24767374,0.13109492,0.10630523
1337,0.037557956,-0.28814864,0.19760156,0.20521726
1338,-0.09849276,0.09142139,0.06256042,0.05194391
1339,-0.1569847,-0.22364724,0.1325092,0.12747987
1340,0.008790445,0.33639294,0.10355446,0.101744354
1341,-0.06438193,-0.23723428,0.10270606,0.096578054
1342,0.28269938,0.2041663,0.093908414,0.08490917
1343,0.010653403,-0.05790679,0.12222625,0.113337465
1344,-0.05738269,-0.036675707,0.08055472,0.076015376
1345,0.16992666,0.13399999,0.1045485,0.098670244
1346,-0.13622232,-0.13920532,0.2097981,0.21419637
1347,0.5224854,-0.10200512,0.05505342,0.047656365
1348,-0.15607552,0.34464657,0.25399587,0.24894524
1349,-0.050210845,0.25187933,0.10195867,0.10012137
1350,-0.14821257,0.25972003,0.08748889,0.07960632
1351,0.07014097,0.1056629,0.08195033,0.07246366
1352,-0.052266542,-0.02969414,0.12450887,0.11492184
1353,0.17991062,0.23733635,0.1613619,0.15212022
1354,-0.08743474,-0.025795713,0.051918987,0.043554906
1355,0.061574433,-0.043526024,0.053803902,0.054706044
1356,0.047826555,0.084965065,0.09820112,0.091419086
1357,-0.17652914,-0.13843825,0.11854486,0.11196216
1358,0.458884,-0.1715733,0.07971189,0.07345262
1359,0.0014151819,0.0031713024,0.045182444,0.038752574
1360,0.13064964,-0.11604315,0.061365314,0.050062094
1361,-0.0005387105,-0.4111718,0.13431893,0.13797109
1362,-0.046574574,-0.034034774,0.09845073,0.090513855
1363,-0.042973794,0.0726016,0.09147112,0.08135443
1364,-0.0581636,-0.19324495,0.14880644,0.14526594
1365,0.29725555,0.09619002,0.15201737,0.14877558
1366,-0.034675207,-0.29076403,0.1375739,0.13444123
1367,-0.18186086,-0.05529251,0.09455447,0.08572086
1368,-0.12124194,-0.04660988,0.103754126,0.09523426
1369,-0.13682821,0.1267807,0.09399273,0.07573344
1370,0.10133168,-0.053080022,0.05143571,0.044840816
1371,0.2738088,-0.27347088,0.07416108,0.06746352
1372,-0.13104665,-0.6460262,0.07041243,0.07154363
1373,-0.08253455,-0.16439168,0.08445156,0.07987914
1374,0.36047873,0.5946511,0.12717016,0.12531018
1375,0.029676266,0.026500367,0.03721182,0.032698456
1376,-0.17723171,-0.09434101,0.09358516,0.08367783
1377,0.29979378,-0.4253115,0.16969608,0.15751818
1378,-0.091607675,-0.10652479,0.13344286,0.12498681
1379,0.11198366,-0.17277828,0.053850785,0.046508554
1380,-0.064559504,-0.10652465,0.14998229,0.14662343
1381,0.17718016,0.03614048,0.08458148,0.0668144
1382,0.13012782,0.07688853,0.06524995,0.057287145
1383,0.42947513,0.2747947,0.06510787,0.058214683
1384,0.017977789,-0.12201646,0.17010103,0.16518039
1385,-0.128568,0.06218352,0.061893906,0.044075046
1386,-0.1048502,-0.090107605,0.056334753,0.04665478
1387,0.02180091,-0.017953642,0.065836765,0.05356321
1388,-0.04683184,0.028690413,0.07399559,0.055600476
1389,0.14776236,0.15458342,0.109055236,0.10826129
1390,-0.09197481,-0.06411751,0.16777591,0.16660573
1391,-0.24195975,0.20069343,0.06948993,0.06380583
1392,-0.041789263,0.17898251,0.13737275,0.12827115
1393,0.043082595,-0.00373815,0.11867468,0.12005494
1394,-0.020816356,-0.034067407,0.06848934,0.05352431
1395,-0.09364471,0.027942702,0.21934591,0.21788515
1396,0.13862182,0.32268947,0.052622262,0.047634892
1397,-0.07040498,-0.15528528,0.10055148,0.09422806
1398,-0.22771111,-0.6082294,0.060915068,0.060323447
1399,-0.9624644,-0.4955241,0.10680624,0.10605162
1400,-0.19680505,-0.09312804,0.1322902,0.12905347
1401,-0.28881904,-0.09947084,0.18803428,0.1816963
1402,-0.038116533,-0.009308927,0.07751277,0.06946521
1403,0.027633566,-0.034688644,0.057902373,0.04634515
1404,-0.65799564,0.49476945,0.084130175,0.07313215
1405,0.121591136,-0.086844206,0.10173988,0.09740677
1406,0.023759596,0.05292719,0.098473616,0.09172418
1407,-0.1339765,-0.2813645,0.04310103,0.037298437
1408,-0.48177716,-0.041671947,0.24532062,0.23232326
1409,-0.051304717,-0.10106224,0.071351714,0.061645143
1410,-0.09694666,0.08339877,0.08302938,0.07781975
1411,-0.1560558,-0.80831707,0.07496193,0.07247394
1412,-0.5199111,0.086667225,0.092212684,0.08765841
1413,-0.8269499,-0.012519449,0.08650702,0.06460749
1414,-0.03711148,-0.2697093,0.0570865,0.047948044
1415,0.008912807,-0.060748696,0.06115519,0.048895054
1416,-0.0031355284,0.88505715,0.07116965,0.06943368
1417,-0.16748163,0.04920411,0.04652222,0.038206004
1418,-0.54528594,-0.074255936,0.0822051,0.06985247
1419,-0.046661142,-0.03327752,0.08181457,0.07952347
1420,-0.100550026,-0.0576192,0.042232532,0.041241422
1421,0.1500381,-0.058881477,0.1379746,0.11861106
1422,-0.090733424,-0.043406755,0.09493605,0.08837505
1423,-0.031200018,0.085519195,0.12324672,0.10613134
1424,0.061330352,-0.15747316,0.047824502,0.041256253
1425,0.009282572,-0.022529304,0.06607124,0.061911065
1426,-0.37967965,-0.060959205,0.103125386,0.09667381
1427,0.27108508,0.38965976,0.042501055,0.039660305
1428,-0.02897783,0.28106028,0.0963911,0.096986085
1429,-0.005820425,-0.014138341,0.09755116,0.08723681
1430,0.10450238,0.027577199,0.051484626,0.041731928
1431,0.07547507,0.3894028,0.19794948,0.19384624
1432,-0.15477493,0.036420345,0.07756319,0.06695836
1433,0.017672889,-0.03303078,0.20774963,0.20206071
1434,-0.15055178,-0.029936492,0.041164808,0.03456139
1435,0.023222618,-0.081264265,0.11428106,0.119262524
1436,-0.07158983,0.31586117,0.06492021,0.05647001
1437,-0.12755008,-0.052200437,0.10115275,0.09187737
1438,-0.4081097,-0.3189506,0.058427062,0.058368675
1439,-0.18347351,0.34375453,0.08480536,0.08211357
1440,-0.06210777,0.05587299,0.04823661,0.0409356
1441,-0.07505959,-0.04665552,0.17278612,0.16314352
1442,0.0011800062,-0.16737601,0.13685344,0.12814234
1443,-0.07658669,0.051194765,0.054021228,0.049018346
1444,0.038139883,-0.22126691,0.060273506,0.050420765
1445,-0.06843671,-0.011220306,0.25856525,0.26931038
1446,-0.6108764,0.15892509,0.078141294,0.065068565
1447,0.07122558,-0.04939753,0.08076763,0.07454432
1448,-0.6342578,0.22607794,0.10594911,0.10331367
1449,0.101426765,0.03410364,0.056290243,0.049364842
1450,-0.022731755,0.05624062,0.087300025,0.07666475
1451,0.116052955,0.0051655173,0.11626652,0.11726082
1452,0.13703011,-0.07815041,0.08407199,0.07644025
1453,0.017454527,-0.04154356,0.100377895,0.09492456
1454,0.04662445,0.07478852,0.068077154,0.05425974
1455,0.05358785,0.23738997,0.06881335,0.059777416
1456,0.054777432,-0.07818712,0.12591505,0.12145383
1457,-0.04786439,-0.14598079,0.06133224,0.048628867
1458,0.08874388,0.32582718,0.17441595,0.17271309
1459,0.052709877,-0.09477467,0.12623273,0.12313968
1460,0.048245337,-0.5197401,0.08627773,0.08014696
1461,0.03939879,-0.028571501,0.11072277,0.102893464
1462,0.053728223,0.04051345,0.054233763,0.043291833
1463,0.030112658,-0.11222383,0.043952692,0.035364076
1464,0.084187,-0.8414624,0.1462202,0.15040493
1465,-0.07040498,-0.15528528,0.10055148,0.09422806
1466,-0.00378206,0.24233069,0.26206377,0.24362813
1467,-0.43261898,0.12974831,0.12582465,0.12382899
1468,-0.20587637,0.4454667,0.1352879,0.12754346
1469,-0.45283568,-0.16067712,0.11811935,0.112617984
1470,-0.63102335,0.09865558,0.07492068,0.068439715
1471,0.25605994,-0.26859176,0.20214534,0.19001205
1472,0.20543255,-0.3660252,0.08542548,0.074535795
1473,-0.19749175,0.005615093,0.07618344,0.06285538
1474,-0.045609154,0.33443767,0.23633568,0.23546344
1475,0.15935348,0.020209186,0.18343009,0.1897346
1476,0.005354218,-0.04286617,0.05696928,0.047507193
1477,0.13809997,0.027443826,0.059400257,0.052082777
1478,-0.20226668,0.033218414,0.1086959,0.09506817
1479,0.054058805,0.16599993,0.12996268,0.12964366
1480,0.017228086,-0.15916295,0.12719767,0.13295332
1481,-0.46280646,0.09430589,0.1699175,0.17279756
1482,0.17534102,-0.028837517,0.07086796,0.06224705
1483,-0.06167825,-0.13041401,0.058513757,0.04738539
1484,0.027042527,0.0016053468,0.048019502,0.03733396
1485,0.25296333,0.30257255,0.10389211,0.10556506
1486,-0.18230538,-0.13178654,0.04645724,0.039653838
1487,0.16851445,0.033876434,0.06128526,0.050694376
1488,-0.21676208,-0.021312013,0.16216666,0.15339129
1489,0.21284921,0.0597025,0.2149746,0.21478789
1490,0.23110612,-0.13951513,0.13450426,0.12618838
1491,-0.43924236,0.059756517,0.08250987,0.06855659
1492,-0.18922834,-0.1236441,0.21537265,0.21343763
1493,-0.115755334,0.25388676,0.07446554,0.060303193
1494,-0.04866597,0.014970094,0.07738491,0.0738419
1495,-0.05431321,-0.04863873,0.14808626,0.1552961
1496,-0.12074119,-0.010399044,0.10654586,0.08613585
1497,-0.11744197,0.017389357,0.056227926,0.042186417
1498,0.16604178,0.27239603,0.23643441,0.22615035
1499,-0.086198404,1.0199639,0.11374317,0.10466958
1500,-0.036299404,0.05096186,0.15317261,0.13907975
1501,0.3012815,0.98972404,0.12239209,0.12280719
1502,0.058863763,-0.22337185,0.045303106,0.036666486
1503,0.12162334,0.2202866,0.053128593,0.047160957
1504,-0.30760965,0.12921433,0.09737877,0.09055976
1505,-0.2814965,0.30734634,0.06397206,0.049839564
1506,-0.15605122,0.05333616,0.17740007,0.15820818
1507,0.09400433,-0.01348307,0.07981261,0.06405124
1508,0.0010117665,-0.03836471,0.078924865,0.06683873
1509,0.06257303,-0.10144554,0.10196889,0.08257374
1510,-0.09318766,-0.12652242,0.13762583,0.14190552
1511,-0.051013328,-0.0041327477,0.12329488,0.102797374
1512,0.2280807,-0.15503521,0.10411086,0.09057463
1513,0.07318513,-0.18097758,0.1906093,0.17128584
1514,0.20405164,-0.3686996,0.082154594,0.06962976
1515,0.17991062,0.23733635,0.1613619,0.15212022
1516,0.27037758,0.123008505,0.13899311,0.13211311
1517,-0.16238703,-0.10132451,0.09832053,0.09503359
1518,0.048927985,0.09366086,0.042941734,0.0363622
1519,0.029200848,-0.075842455,0.10719676,0.100013345
1520,0.07948211,0.012322396,0.15211916,0.14078203
1521,-0.081815526,0.037284665,0.09698989,0.09732741
1522,0.1770122,-0.013300851,0.07156037,0.063668616
1523,-0.117519334,0.17590077,0.06540316,0.060957674
1524,0.2960967,-0.17218256,0.15911977,0.14286435
1525,0.52469474,0.21559964,0.13081916,0.11658346
1526,-0.15055178,-0.029936492,0.041164808,0.03456139
1527,-0.120085925,-0.008777723,0.17970306,0.17837454
1528,-0.12212184,-0.0708648,0.08652124,0.07379071
1529,0.55401486,-0.13477474,0.16491058,0.14554185
1530,0.43609205,-0.8487253,0.10260858,0.0962868
1531,-0.20528392,-0.068765834,0.094257474,0.08520695
1532,0.20247106,-0.6598111,0.079917386,0.070398904
1533,0.2212633,-0.03894303,0.117215164,0.11778175
1534,-0.04379965,0.63776076,0.11277995,0.10846608
1535,-0.053113546,0.32105696,0.10358992,0.10133395
1536,0.015560489,-0.024299458,0.11049673,0.10576084
1537,-0.008824352,-0.15007924,0.12561049,0.12536125
1538,-0.3167019,0.47151756,0.054298233,0.048394687
1539,0.21617487,-0.019798264,0.10283545,0.09399659
1540,-0.41476947,-0.50233656,0.05246923,0.054553676
1541,-0.12791325,0.51942027,0.08020007,0.074271075
1542,-0.13924158,-0.04633645,0.08052833,0.07220389
1543,0.036433253,-0.07331009,0.10029368,0.09643488
1544,-0.095389634,-0.0264965,0.08676895,0.07893059
1545,-0.37463027,0.13913818,0.07784854,0.07425599
1546,-0.32652104,0.061813533,0.09358462,0.08598632
1547,0.16407602,0.7695833,0.05226028,0.05830491
1548,0.4634663,0.016139157,0.13572057,0.124011256
1549,-0.16954157,-0.02271752,0.15383811,0.13725689
1550,0.40731835,-0.24816112,0.108541474,0.10241871
1551,0.2856767,0.06343965,0.1009184,0.08854646
1552,-0.044551026,-0.04235722,0.04276962,0.031962823
1553,0.07013947,0.018830188,0.07150366,0.061433926
1554,-0.023536865,-0.00019163638,0.08444094,0.08099124
1555,-0.033707585,0.2463804,0.07030375,0.06595032
1556,-0.3621923,-0.43277723,0.0422619,0.047058467
1557,-0.20366405,-0.32347763,0.2519302,0.24602614
1558,-0.14161962,-0.10888812,0.09671581,0.08663174
1559,0.25518304,0.023295581,0.088632144,0.07666657
1560,-0.17469843,-0.22549996,0.19360295,0.17972162
1561,0.12448101,-0.10817146,0.09606715,0.086213045
1562,-0.14868471,-0.1469622,0.1373162,0.13469575
1563,0.018503528,0.39371425,0.096467204,0.09562151
1564,0.16439562,0.13758856,0.119006954,0.116630346
1565,-0.3621923,-0.43277723,0.0422619,0.047058467
1566,-0.16884449,0.09642079,0.050862014,0.047178887
1567,-0.19554596,-0.13008353,0.12482648,0.12114438
1568,0.036867943,0.10718126,0.07568776,0.059023727
1569,-0.91562074,0.19191763,0.110180944,0.100895666
1570,-0.627675,0.074266374,0.07508966,0.06263611
1571,-0.21172765,0.056729227,0.091929026,0.082179785
1572,-0.018197782,0.06966594,0.06931877,0.050698232
1573,-0.17055707,0.09421815,0.096509956,0.07975065
1574,0.2637846,-0.3841281,0.09879421,0.08663818
1575,-0.007678315,-0.044757605,0.109910876,0.11035071
1576,0.36058855,-0.035652936,0.04238623,0.03362269
1577,0.31729612,-0.00017707795,0.04953418,0.043334194
1578,-0.6985445,0.16963464,0.11961574,0.10456828
1579,-0.029196864,-0.008786559,0.07686081,0.06689537
1580,-0.41182578,0.0828574,0.07621282,0.06974044
1581,-0.19171566,0.08984647,0.17047867,0.16442579
1582,0.18458793,0.18655719,0.13906875,0.1166118
1583,-0.21719688,0.28601456,0.061592884,0.053802416
1584,0.090956345,-0.018891439,0.0811101,0.076973364
1585,-0.036187664,0.04354576,0.06369079,0.057798546
1586,0.012661379,0.022323936,0.093353815,0.090302624
1587,-0.15172435,0.052686214,0.11025642,0.09674499
1588,-0.16858342,-0.08478731,0.09691458,0.08210885
1589,0.050886903,0.7504759,0.12774317,0.118843645
1590,-0.016788125,-0.25215104,0.14797573,0.12928599
1591,-0.093516886,0.058346704,0.16004914,0.1503376
1592,-0.09316017,-0.6512134,0.1763547,0.18720098
1593,0.08254102,-0.101475835,0.08031438,0.054633614
1594,0.06795126,0.19296323,0.091162436,0.07955224
1595,-0.03448767,0.044200137,0.06680188,0.06051189
1596,-0.07665084,0.01418709,0.07738149,0.07775337
1597,-0.029047143,-0.34081954,0.11152134,0.1115677
1598,-0.09040922,-0.0647883,0.078433745,0.071719095
1599,-0.04206911,-0.09452675,0.07921962,0.07037293
1600,0.07024692,0.015884288,0.05109946,0.037494954
1601,-0.01966361,-0.0146583915,0.07888597,0.058153518
1602,0.42666838,-0.48447168,0.17778815,0.16695768
1603,-0.15081953,-0.11505481,0.08630659,0.07520108
1604,0.013078157,-0.030617721,0.1254879,0.12328419
1605,-0.19078569,-0.07252197,0.1342731,0.13376403
1606,0.014697194,-0.08701886,0.07576999,0.06920047
1607,-0.3650934,0.13619052,0.06205089,0.051477525
1608,0.050962172,0.10551141,0.10355843,0.104323156
1609,-0.079244316,0.19136886,0.06231986,0.054299723
1610,0.030228756,0.23283118,0.06282769,0.051667344
1611,-0.013612941,-0.045924492,0.07201461,0.063496
1612,0.029358543,-0.3948354,0.07845678,0.06867966
1613,-0.15634215,-0.031333968,0.08692065,0.08260309
1614,-0.07542646,0.29982257,0.06223506,0.060087737
1615,0.15567844,-0.04888349,0.054762416,0.043079723
1616,0.09740022,-0.10321711,0.068046086,0.058453858
1617,0.023227073,-0.0069755167,0.04153735,0.036108416
1618,0.0038481578,-0.11946721,0.057969645,0.05931201
1619,0.05777728,-0.06307264,0.05299802,0.048882842
1620,-0.61453295,0.056012645,0.0852926,0.0661203
1621,0.2104139,0.15865521,0.09272337,0.089349665
1622,-0.031625003,-0.19673952,0.05349252,0.053411637
1623,-0.13909017,-0.22148971,0.050974287,0.046454955
1624,-0.16543041,-0.19471338,0.13899095,0.13075438
1625,0.20754659,0.11068346,0.13322659,0.12196931
1626,0.01612993,0.1207156,0.105191916,0.096710935
1627,-0.23284243,-0.13917638,0.04974982,0.042086013
1628,-0.04044744,-0.39031452,0.12369526,0.121257246
1629,0.37866366,-0.06992875,0.07086263,0.060903408
1630,-0.70778114,0.06943114,0.052366965,0.041804455
1631,0.15473469,0.14922123,0.102257796,0.09174186
1632,-0.045344222,-0.08506653,0.09541252,0.084279925
1633,-0.14176714,-0.32235885,0.14154884,0.15231004
1634,-0.045023207,0.15312447,0.06580618,0.061936617
1635,-0.039892655,0.18395327,0.053185336,0.04200383
1636,0.010653403,-0.05790679,0.12222625,0.113337465
1637,-0.056976292,-0.09383857,0.2194405,0.20789164
1638,-0.31042838,0.17172663,0.058548164,0.047944546
1639,0.07030173,-0.11707092,0.08433652,0.07940186
1640,-0.0019231699,0.5530964,0.18127403,0.15964864
1641,0.04504614,0.0011375844,0.10422622,0.09141936
1642,0.35813183,0.3415671,0.087871216,0.08474119
1643,0.03526461,-0.17310162,0.12275643,0.117779285
1644,0.086322516,-0.24101947,0.056196257,0.051133193
1645,-0.15188406,0.09823283,0.12267303,0.120121956
1646,-0.03317826,0.07395188,0.10391995,0.10204806
1647,-0.058465928,-0.033180624,0.0985919,0.092824966
1648,-0.028945796,0.06310414,0.07076035,0.055893417
1649,-0.2904435,0.09053153,0.15561552,0.14848484
1650,0.07267441,-0.00046927482,0.060785845,0.04663734
1651,-0.21816966,-0.0068001077,0.105460785,0.09671069
1652,-0.0018976592,0.01292517,0.08934309,0.078624144
1653,-0.25938106,0.41899174,0.08234191,0.07435269
1654,-0.39082152,-0.34785008,0.06839148,0.062019832
1655,0.020185601,0.037093744,0.07316027,0.058732502
1656,0.042053472,-0.0361929,0.08128189,0.07247313
1657,-0.156892,0.08208702,0.18990245,0.18292819
1658,-0.23963864,-0.25064838,0.050272565,0.040552605
1659,-0.09831783,-0.49147666,0.10233184,0.09750249
1660,0.104883865,-0.15111889,0.123774566,0.12995844
1661,-0.029047143,-0.34081954,0.11152134,0.1115677
1662,-0.099852145,-0.0042226166,0.042752147,0.039416224
1663,0.1538501,-0.23694831,0.08262512,0.07094575
1664,0.0029895306,0.24242328,0.172495,0.16820769
1665,0.088896886,-0.05328761,0.048306923,0.043495603
1666,0.23173733,-0.043367825,0.08411045,0.07983973
1667,-0.5159368,-0.26190466,0.061842926,0.05392664
1668,0.43373516,0.4305274,0.051494136,0.047669157
1669,0.029499363,-0.017129913,0.04454781,0.030582117
1670,0.23027487,0.20459281,0.048956443,0.044880044
1671,0.004988989,0.12923552,0.10572315,0.09958938
1672,-0.008869972,-0.0069217533,0.040049557,0.033240654
1673,-0.20366289,0.13781483,0.060262505,0.041921027
1674,0.05530655,0.054576643,0.20430543,0.19745225
1675,0.12853713,-0.2050034,0.104785465,0.09700027
1676,-0.12831256,0.04022889,0.10353812,0.08455484
1677,-0.19364794,-0.104641706,0.08060169,0.0644372
1678,0.0557554,-0.1772313,0.078927726,0.078031
1679,-0.01022784,0.12083261,0.26466686,0.26101837
1680,-0.32283753,0.2758056,0.08392326,0.081746735
1681,0.056681506,-0.3232057,0.06600249,0.04957744
1682,0.10498902,0.09066194,0.09382701,0.08683503
1683,-0.043190673,0.17024384,0.054248773,0.04452946
1684,-0.36131275,0.37138522,0.10606007,0.09995538
1685,-0.059709653,-0.13266702,0.13133028,0.12074162
1686,-0.3651881,0.23261884,0.076393515,0.0716368
1687,-0.08133407,-0.02239646,0.07661151,0.07121344
1688,0.18160556,-0.038205206,0.06185077,0.06351626
1689,-0.060449053,-0.06335406,0.14858894,0.15210566
1690,-0.08347687,-0.057603225,0.06720991,0.06498681
1691,-1.0037216,-0.051936284,0.10798873,0.095082045
1692,0.054823756,-0.02667816,0.09487785,0.09455954
1693,0.49231625,-0.13938479,0.09864828,0.08955097
1694,0.08343522,0.2811283,0.13217898,0.12322088
1695,-0.11246784,-0.025630489,0.10736124,0.1016761
1696,0.16354276,-0.08241925,0.068455614,0.049634144
1697,0.1072485,-0.12171008,0.06941576,0.06306168
1698,0.27707922,0.10988119,0.07159023,0.061523795
1699,-0.060628902,-0.13177466,0.11002312,0.108385056
1700,-0.1636013,0.18207319,0.10017614,0.09728639
1701,0.015123241,0.03764853,0.14068641,0.134437
1702,0.08364016,0.34268463,0.09964495,0.088038824
1703,0.60461766,-0.133091,0.049600426,0.036595132
1704,0.06007361,0.20739622,0.12594059,0.11386513
1705,0.107486635,0.14511283,0.15562625,0.14795285
1706,0.056181956,-0.1335409,0.10408979,0.09676562
1707,0.24172239,-0.27965218,0.12934351,0.124493
1708,-0.54451865,-0.4538175,0.08612264,0.06863493
1709,0.08084792,-0.0011788607,0.07505992,0.05891028
1710,0.5089552,0.09521324,0.08959535,0.07288632
1711,0.04566917,0.16161321,0.06165206,0.05674083
1712,0.041873764,-0.070301026,0.041432247,0.031731945
1713,0.26950234,-0.0043473244,0.15500736,0.15059125
1714,0.2280807,-0.15503521,0.10411086,0.09057463
1715,-0.16980158,-0.2812491,0.07311695,0.06332093
1716,-0.09221032,-0.14708802,0.07305256,0.07018791
1717,-0.49861246,0.21936418,0.07297311,0.066212386
1718,0.044250377,-0.10837385,0.06517065,0.061640114
1719,-0.23600933,-0.055787623,0.05794737,0.0539179
1720,-0.1286989,0.12750374,0.21332046,0.19878022
1721,-0.03750445,0.23658602,0.20034318,0.20252916
1722,0.015734103,-0.019157104,0.049577963,0.037264913
1723,-0.083031684,-0.0124154985,0.14992298,0.14185071
1724,-0.21060313,0.250723,0.052598394,0.044421952
1725,-0.058966238,0.10344308,0.07018663,0.058153503
1726,-0.05725467,-0.0863456,0.070826195,0.06173333
1727,-0.019912686,0.38096857,0.07499158,0.0662915
1728,-0.23261544,-0.15999903,0.13982022,0.13236178
1729,-0.014740258,0.055873454,0.10644812,0.08417271
1730,0.014318254,-0.07372311,0.041392215,0.037485108
1731,0.048245337,-0.5197401,0.08627773,0.08014696
1732,-0.08689588,0.24623759,0.09563616,0.09122156
1733,-0.0684637,0.19843417,0.2406144,0.22972435
1734,0.05171672,-0.33356643,0.0799668,0.07659229
1735,0.05311857,0.0066626146,0.091343716,0.073632024
1736,0.23977864,-0.027210891,0.041473307,0.031402715
1737,-0.09978351,-0.011168212,0.13285954,0.12297098
1738,-0.06698166,0.10273698,0.057870414,0.053888615
1739,-0.08963397,0.37368584,0.06436739,0.061413128
1740,0.0033765696,-0.32783145,0.08061874,0.07280637
1741,0.19579834,-0.23045652,0.124427624,0.10169889
1742,-0.42220956,0.12141755,0.08855162,0.07840991
1743,-0.07025075,0.0811299,0.11937869,0.11570191
1744,1.0016972,-0.08425049,0.06546591,0.045761183
1745,0.14279118,-0.032695927,0.13626331,0.13417427
1746,0.59685796,-0.14679259,0.07609451,0.060628414
1747,-0.07046111,0.21043354,0.08536495,0.063544154
1748,-0.23952845,-0.03644243,0.17439361,0.17102724
1749,-0.06323439,-0.09114536,0.2896226,0.29723024
1750,-0.012207199,-0.10970926,0.07895615,0.061308928
1751,0.069768965,-0.17922775,0.051860243,0.042088885
1752,-0.040702663,0.37704813,0.071692206,0.056386698
1753,0.13845101,0.30870175,0.1551729,0.14893329
1754,0.031324085,-0.18104416,0.054360673,0.045849774
1755,0.46582335,-0.41907358,0.06706099,0.06033948
1756,0.07080704,0.08978285,0.12402637,0.12367281
1757,-0.040987287,-0.095917664,0.056079384,0.04111259
1758,-0.2712813,-0.00020447373,0.12702468,0.1209709
1759,0.09817161,0.009144634,0.06863583,0.06730496
1760,-0.025399763,0.0764737,0.08922447,0.07975059
1761,0.022289574,0.24529226,0.10277661,0.09077604
1762,-0.19061302,-0.35455257,0.050742023,0.03809753
1763,0.44274566,-0.5003166,0.104220636,0.09091782
1764,0.00018892065,0.06950948,0.20757674,0.20341775
1765,0.08293551,0.027333103,0.062829025,0.049242545
1766,-0.16346362,-0.019050881,0.058629893,0.048960432
1767,0.017725732,-0.09278923,0.07802134,0.07374621
1768,0.47374654,-0.23219465,0.21306774,0.20656767
1769,0.079514146,-0.2616673,0.041513216,0.029318582
1770,0.26921427,-0.2504961,0.07986092,0.06864953
1771,-0.46171868,0.005916223,0.10227092,0.0972607
1772,-0.32944974,0.11226146,0.26475623,0.2364934
1773,0.20802104,-0.1762424,0.08494159,0.07356865
1774,-0.1503817,-0.10091931,0.07495784,0.07097462
1775,0.11324224,0.060591653,0.090599,0.07449889
1776,0.11398797,-0.098232746,0.0757407,0.06251006
1777,0.020032551,-0.055390865,0.060990002,0.05526321
1778,0.0629313,-0.0029537603,0.057513148,0.05001728
1779,-0.13289388,-0.08117245,0.11001703,0.10386013
1780,0.066512,-0.039092273,0.21148893,0.19828314
1781,0.016323015,0.028566845,0.08909407,0.08388778
1782,-0.18177779,-0.04330544,0.10546476,0.08653701
1783,-0.0045626946,0.025983237,0.083594136,0.08066162
1784,-0.2865497,-0.2113913,0.072389364,0.054821633
1785,-0.5252921,-0.15534596,0.18959498,0.18515164
1786,0.035372578,-0.11517055,0.051966295,0.05403512
1787,-0.035001323,-0.22834828,0.10895698,0.09981954
1788,0.1417744,0.40231198,0.10356004,0.09750997
1789,0.17925678,0.1998007,0.1817944,0.18332301
1790,-0.16255863,-0.06284331,0.04350675,0.034753438
1791,-0.0831254,0.005184144,0.042517506,0.040097773
1792,-0.17674561,-0.020529538,0.07534077,0.06998009
1793,0.03166457,0.06512142,0.07525752,0.055097416
1794,0.5868458,0.4533952,0.16757773,0.16615875
1795,0.06694648,0.08157835,0.09546389,0.087409995
1796,0.16105363,0.05608592,0.071561046,0.060108848
1797,0.02137791,-0.21168141,0.11361358,0.107766956
1798,-0.07586825,-0.14183976,0.15583865,0.15358356
1799,-0.14938387,-0.14079666,0.10541992,0.0967253
1800,-0.48805755,0.020674288,0.06858107,0.061286725
1801,0.04407297,-0.082961485,0.1904015,0.18750694
1802,-0.00424958,0.10943252,0.07982989,0.07208665
1803,0.16448085,-0.15141235,0.142871,0.13330528
1804,0.46832463,-0.32781655,0.04849126,0.047281165
1805,-0.040153105,0.2410477,0.14859469,0.15213935
1806,-0.5663575,0.18247963,0.07502109,0.06611147
1807,0.025765967,0.02394364,0.08723654,0.07128346
1808,0.007913575,0.04368402,0.1398031,0.12494044
1809,0.2346205,-0.15339817,0.18391085,0.17807613
1810,0.020838786,-0.1470512,0.1680969,0.15544899
1811,0.21684875,0.08623774,0.07987061,0.06937819
1812,0.029781908,0.14076917,0.086434856,0.07075444
1813,-0.24152423,0.2240756,0.17583561,0.15591569
1814,-0.05952688,-0.10947174,0.08809271,0.08379923
1815,0.25380373,0.043053314,0.07060206,0.06442635
1816,0.049437802,0.030912213,0.10024807,0.093939885
1817,0.04977975,-0.025130138,0.044849448,0.04194995
1818,0.048874892,0.34176672,0.048268646,0.039727572
1819,-0.21535616,0.032709956,0.098375306,0.086796835
1820,-0.61302084,-0.2331595,0.13828836,0.12779585
1821,-0.23814397,0.08671263,0.12855992,0.11940813
1822,-0.09858832,-0.12085022,0.09589224,0.09440107
1823,0.08744453,-0.21971633,0.24144337,0.23989177
1824,-0.21802303,-0.17873959,0.15668622,0.15266155
1825,-0.007287275,-0.08187094,0.10273574,0.09284228
1826,-0.046423484,-0.032390326,0.07002036,0.06480011
1827,0.29777244,-0.09903614,0.08663176,0.082358524
1828,0.2696281,-0.012393564,0.14357172,0.12423784
1829,-0.16079006,-0.100663334,0.12560302,0.12507148
1830,0.012610957,0.4249704,0.15338613,0.15415275
1831,-0.31872153,0.039184466,0.07129088,0.06429384
1832,0.16225444,0.008104786,0.055266082,0.04480239
1833,-0.23538937,-0.08506052,0.0743634,0.0667671
1834,0.02548609,0.5335932,0.084776565,0.07616334
1835,-0.026929602,0.009471111,0.065375924,0.051075827
1836,-0.019410595,0.2773323,0.21038188,0.20646372
1837,0.021024637,0.11216629,0.12034308,0.106532216
1838,-0.05290181,-0.04849392,0.09669667,0.08921608
1839,-0.07197024,-0.048247993,0.21689923,0.2181019
1840,-0.43446052,-0.0068326592,0.11315027,0.10566023
1841,-0.05271837,-0.00097317994,0.125341,0.12590712
1842,0.008176895,-0.05199083,0.06953442,0.058768496
1843,0.09343693,-0.049390763,0.26634938,0.26894113
1844,-0.17321678,-0.11467804,0.09043424,0.081872135
1845,0.00601542,0.100572154,0.04950105,0.046192333
1846,-0.019844882,0.14857118,0.18665837,0.17469653
1847,0.012387175,0.065239966,0.08437947,0.081081375
1848,-0.14099957,-0.44167823,0.12322659,0.12914209
1849,-0.035360653,-0.16367142,0.113640495,0.10719222
1850,0.07161833,0.13603072,0.07281607,0.060473785
1851,0.072169736,0.007932261,0.0421811,0.035341583
1852,-0.22990845,0.22996236,0.08621987,0.074850455
1853,-0.19420876,-0.31168163,0.1581132,0.15469031
1854,0.36174807,-0.16364454,0.13889694,0.13929331
1855,0.10008088,-0.08403175,0.05787008,0.05237165
1856,0.07232161,-0.009238653,0.111003935,0.100618616
1857,-0.22642885,-0.22543429,0.081628904,0.07112465
1858,-0.29006797,0.51526034,0.051786788,0.053166334
1859,-0.15206315,0.0824506,0.09326368,0.0751199
1860,0.30870715,-0.19142765,0.06779535,0.06409995
1861,0.40782276,-0.27708787,0.07149988,0.06038581
1862,-0.14877509,-0.2931196,0.042020515,0.038554348
1863,0.10900061,-0.005634427,0.1602555,0.16230646
1864,-0.14275128,-0.43342853,0.13351995,0.12607856
1865,0.052479047,-0.23166102,0.052107863,0.047906917
1866,0.0949384,0.04575669,0.10640536,0.10042781
1867,0.17991062,0.23733635,0.1613619,0.15212022
1868,0.023222618,-0.081264265,0.11428106,0.119262524
1869,0.6400996,-0.087677546,0.067401156,0.057533763
1870,0.27014607,0.07859848,0.0877725,0.08226415
1871,-0.18230538,-0.13178654,0.04645724,0.039653838
1872,-0.013938114,-0.09091075,0.060581885,0.057933655
1873,-0.13324666,-0.0363736,0.06729662,0.05981496
1874,-0.019844882,0.14857118,0.18665837,0.17469653
1875,-0.06984593,-0.033835344,0.04690528,0.04346215
1876,0.16863017,-0.26164007,0.06421346,0.057932504
1877,0.3995637,-0.05604367,0.08704129,0.0720644
1878,-0.114766315,-0.1210631,0.15346354,0.15931453
1879,0.004813984,0.11876638,0.071355484,0.0637416
1880,-0.13895456,0.06826593,0.085597955,0.078509696
1881,0.45079374,-0.19921598,0.060887817,0.062448338
1882,0.12435244,-0.48961627,0.21393226,0.21007556
1883,0.053108133,0.33948165,0.07127545,0.05852979
1884,0.027328819,-0.087906405,0.13219328,0.1254805
1885,-0.10581687,0.07374646,0.118722014,0.113861
1886,0.06572215,0.060236268,0.051368102,0.04180683
1887,0.17268668,-0.1098986,0.106532246,0.09978977
1888,-0.31732434,-0.088643506,0.09499925,0.08718779
1889,0.023222618,-0.081264265,0.11428106,0.119262524
1890,0.012152169,-0.10030328,0.10551314,0.09422819
1891,-0.059049066,-0.08602594,0.10065529,0.09204304
1892,0.1690739,-0.023050502,0.06585128,0.050172012
1893,-0.06003764,-0.19728047,0.09020694,0.08930111
1894,-0.028850216,-0.026149929,0.04980653,0.04941498
1895,-0.11590703,0.091196306,0.09886429,0.102494664
1896,0.12516454,0.15975109,0.050997395,0.046728108
1897,0.12039819,-0.109973274,0.21137042,0.20087367
1898,0.11735931,-0.27558404,0.03797716,0.036054995
1899,0.8757567,0.7383283,0.13079228,0.12763995
1900,0.68961245,0.5904289,0.107030004,0.0949679
1901,0.03165036,-0.06521273,0.044169202,0.034296174
1902,-0.53363746,-0.65736943,0.10488282,0.09393299
1903,-0.17867191,-0.062447906,0.19775084,0.18183163
1904,0.15045463,0.014372654,0.06735067,0.051627733
1905,0.05341093,0.15988128,0.10272153,0.09802304
1906,-0.6001229,-0.26552033,0.04638304,0.034861583
1907,0.1439078,-0.09326723,0.07909317,0.063583165
1908,-0.7739065,-0.28898096,0.23108792,0.20791905
1909,0.30755275,-0.23589775,0.116958424,0.1086976
1910,-0.3035965,-0.63731,0.10296377,0.10307649
1911,0.23434894,-0.38531792,0.058148053,0.049555637
1912,-0.0692641,0.3655414,0.049446024,0.041227534
1913,-0.18710712,0.17303605,0.08451795,0.084607914
1914,-0.32106617,0.4376399,0.094281346,0.08364572
1915,0.027472716,0.0852272,0.08499328,0.07685375
1916,-0.4782524,-0.079126485,0.100614555,0.098226465
1917,-0.009299032,-0.17376153,0.10272541,0.1013464
1918,-0.37144217,-0.471106,0.109766245,0.10833931
1919,0.43703955,0.25243175,0.16321127,0.15021378
1920,-0.16979733,0.32902265,0.059647474,0.056161948
1921,0.33401573,-0.47836155,0.074253164,0.062026326
1922,-0.09673555,-0.08618875,0.09404905,0.08319735
1923,-0.13929616,0.093682274,0.07729112,0.07093753
1924,0.009443242,0.028471433,0.050569203,0.0433815
1925,0.820311,0.35069823,0.17934072,0.14390054
1926,-0.30930108,0.20245223,0.26959008,0.26342744
1927,-0.11381556,-0.08240366,0.32713956,0.32794344
1928,-0.0524934,0.037374265,0.057313353,0.053184807
1929,-0.10944238,-0.12221013,0.14210662,0.13852534
1930,-0.22939695,0.5504115,0.10933857,0.1073978
1931,-0.047522794,-0.079490036,0.053303223,0.045985926
1932,-0.06770155,-0.23301606,0.041713905,0.033716794
1933,-0.025055185,-0.017703317,0.0738159,0.07043891
1934,-0.1650333,0.31183082,0.08051524,0.06966996
1935,0.058084916,-0.027323782,0.11365251,0.11439327
1936,-0.4663809,-0.2496123,0.08822281,0.0836064
1937,0.056982316,-0.17015399,0.13171887,0.13232324
1938,-0.4687252,-0.45725363,0.11380393,0.115645126
1939,-0.26860014,0.022180453,0.26325554,0.25152537
1940,0.02180091,-0.017953642,0.065836765,0.05356321
1941,0.11988193,-0.64250994,0.11469282,0.109435275
1942,0.09288083,-0.19306657,0.108436875,0.09662373
1943,-0.11592929,-0.045271665,0.1322596,0.13659872
1944,-0.09069125,0.10226859,0.12054673,0.11341823
1945,0.15505196,0.44217372,0.07939361,0.06554659
1946,0.15230311,-0.38669848,0.11182603,0.108354956
1947,-0.065427154,0.14148661,0.1339274,0.1286766
1948,0.06255175,0.083540484,0.19385162,0.17700657
1949,-0.043807115,0.009096935,0.101217076,0.10034101
1950,-0.2733308,-0.28630847,0.08917323,0.08376666
1951,0.34885043,0.66022015,0.08625859,0.09925362
1952,0.12641212,0.024404332,0.0761947,0.06515708
1953,0.26927197,0.08056307,0.118399285,0.11763167
1954,-0.42416054,-0.46099263,0.10635123,0.09883853
1955,-0.098107085,0.019481555,0.1219629,0.11581681
1956,-0.24859217,-0.118676916,0.14029723,0.13937685
1957,0.07660389,0.045228258,0.080155626,0.0756913
1958,0.4011336,0.06886257,0.074250735,0.06426092
1959,0.042536158,-0.035690308,0.09913811,0.09839584
1960,0.07691771,-0.08444141,0.08693126,0.07223204
1961,0.099576145,-0.17490901,0.06495127,0.058926094
1962,0.08370547,0.40738416,0.09495719,0.09694156
1963,0.0736092,-0.2813207,0.121744655,0.11264462
1964,-0.13637269,-0.07029675,0.14325598,0.13643089
1965,-0.099852145,-0.0042226166,0.042752147,0.039416224
1966,0.23847926,-0.009503052,0.06126912,0.054761574
1967,-0.08318503,0.03736686,0.10542367,0.099635966
1968,-0.03188395,-0.15340596,0.24884602,0.24751508
1969,-0.14680538,-0.20728898,0.086650565,0.083494425
1970,-0.10225052,-0.20190872,0.08520337,0.079320095
1971,0.51548177,-0.15239052,0.051524706,0.03663834
1972,-0.038694166,0.041828625,0.05683966,0.04319008
1973,-0.20675914,0.08059284,0.23152448,0.2244241
1974,-0.3629592,0.0043667853,0.07050953,0.06390319
1975,-0.539026,-0.46825206,0.13248643,0.13574876
1976,0.26924127,0.08790815,0.08210233,0.07059921
1977,-0.04146195,-0.13477947,0.15715522,0.15424705
1978,-0.08526565,-0.44386178,0.070434086,0.062340464
1979,-0.08716762,0.24521084,0.060844403,0.05221862
1980,0.1473601,-0.31917548,0.071982995,0.06260307
1981,-0.097441226,0.30304593,0.08299285,0.07785166
1982,-0.06661277,0.040263467,0.18630962,0.18049283
1983,-0.077454716,-0.022921473,0.047332767,0.036386188
1984,-0.2403077,-0.09945192,0.0517123,0.038067557
1985,0.01753508,-0.08229217,0.18006435,0.17366046
1986,-0.24467307,0.3884291,0.13967335,0.12395669
1987,0.0486842,0.0453891,0.0462328,0.037869215
1988,-0.019174803,-0.044102117,0.08027368,0.07629359
1989,-0.14630365,0.051314265,0.13407837,0.121999264
1990,0.068823755,-0.0022679642,0.11960537,0.117743984
1991,-0.42200407,-0.12216249,0.06882803,0.053708617
1992,-0.26707277,0.15945695,0.13827622,0.12511542
1993,0.22852397,0.30125213,0.09187356,0.08417709
1994,0.038286433,-0.19619688,0.06751437,0.057438355
1995,0.003284311,-0.005635053,0.049097296,0.036134586
1996,-0.23078099,0.18276055,0.11117365,0.08981963
1997,-0.37140077,-0.14773224,0.22837566,0.22901393
1998,-0.30570823,-0.30878478,0.048910122,0.048993956
1999,0.18766153,0.28532082,0.06697292,0.057724994
2000,-0.20813482,0.03265281,0.09343155,0.07849221
2001,0.0064954907,-0.18873523,0.13369218,0.12749334
2002,0.13549437,-0.02520734,0.094931945,0.08685218
2003,0.075001284,-0.08173062,0.07419627,0.061765067
2004,-0.077789694,0.19150291,0.04782303,0.040274646
2005,-0.04129431,-0.057668224,0.06467641,0.0560257
2006,0.09050806,0.08346815,0.04933131,0.03957313
2007,-3.4373254e-05,0.011662498,0.039944068,0.031296905
2008,-0.09012768,-0.5520895,0.09623077,0.09044703
2009,0.07821733,0.121567845,0.14960884,0.13699079
2010,0.01833836,-0.118727505,0.0961685,0.09202713
2011,0.042053472,-0.0361929,0.08128189,0.07247313
2012,-0.0815765,-0.012732625,0.09105806,0.08313509
2013,0.23465456,-0.13976598,0.12602194,0.1271028
2014,-0.07856883,-0.1412947,0.092135176,0.067795426
2015,-0.05442049,-0.032932952,0.069804385,0.056745514
2016,-0.03163328,0.10644532,0.08107658,0.0763024
2017,-0.10584985,0.14835295,0.07551699,0.06839594
2018,-0.029742025,-0.07260144,0.15052676,0.14916737
2019,-0.21928783,-0.19016217,0.18059897,0.17059326
2020,0.08460401,-0.25845093,0.07769645,0.07120329
2021,0.028256726,0.27155787,0.08639026,0.070795745
2022,-0.06657612,-0.07493353,0.22618595,0.21528995
2023,-0.30821475,0.49371552,0.083560355,0.087917194
2024,0.02413401,-0.040460125,0.08102315,0.06844896
2025,-0.119801596,-0.1224166,0.11218936,0.09986074
2026,-0.18548433,-0.13214728,0.11955747,0.115277715
2027,-0.018545605,0.19677429,0.051421437,0.045193873
2028,-0.6342578,0.22607794,0.10594911,0.10331367
2029,0.14418803,-0.23605607,0.049100697,0.038974557
2030,0.04535424,0.73680985,0.076872736,0.06807329
2031,-0.1632332,-0.07006398,0.15324633,0.14649107
2032,0.031820703,0.48745364,0.045159545,0.042387888
2033,0.04751607,0.004774876,0.10362346,0.09046833
2034,-0.07409607,0.16554208,0.2026433,0.20936303
2035,0.015229333,0.058906034,0.18244207,0.18917875
2036,0.1670564,-0.21034329,0.21435355,0.22012126
2037,-0.7078559,-0.131125,0.08546619,0.07015851
2038,-0.2896326,0.33927268,0.16071436,0.15847343
2039,0.045395635,-0.0001276508,0.039118566,0.031277042
2040,0.00018885359,-0.020533726,0.085901044,0.084894106
2041,-0.31732434,-0.088643506,0.09499925,0.08718779
2042,-0.072018445,0.045281246,0.115103014,0.117421135
2043,0.0558295,-0.35452342,0.09062971,0.08179662
2044,0.3570363,-0.016135335,0.09621225,0.09005701
2045,-0.29779744,-0.5637407,0.06525531,0.07280916
2046,-0.06778312,-0.021724015,0.096766785,0.083689615
2047,0.13021405,0.023610748,0.107166454,0.10106649
2048,-0.09000713,-0.22441946,0.121544845,0.113576
2049,0.2964973,0.107726954,0.06395306,0.056746725
2050,0.044310167,-0.21108305,0.119101785,0.11383318
2051,-0.009987138,-0.02825515,0.06261966,0.055192687
2052,-0.078801274,0.26677096,0.048333496,0.04292936
2053,0.25201735,0.061333872,0.0951442,0.09309693
2054,-0.06321057,0.23988421,0.11635949,0.0894257
2055,0.57034653,0.034089364,0.15619369,0.13198026
2056,0.063919604,0.038709395,0.09498049,0.09567583
2057,0.030979864,-0.11032511,0.0757817,0.058496583
2058,-0.05072597,-0.00608588,0.056033734,0.044817224
2059,-0.37639782,0.30583185,0.08968133,0.08134041
2060,-0.10177989,0.023339555,0.054973774,0.045828782
2061,0.07209541,0.07266692,0.052956752,0.045690138
2062,-0.32533264,-0.008491442,0.08603274,0.071224116
2063,-0.09420952,0.05329196,0.18872674,0.18070254
2064,-0.0037247986,0.11254099,0.15207368,0.14527284
2065,-0.040625725,-0.05464042,0.06489619,0.058143876
2066,0.08949578,0.02471079,0.07097635,0.061077747
2067,0.5000386,0.107096374,0.0840745,0.07769645
2068,-0.41282514,0.6664351,0.08343348,0.07886448
2069,0.07122558,-0.04939753,0.08076763,0.07454432
2070,-0.011912193,-0.045064986,0.108300075,0.10454713
2071,0.17957084,-0.46968073,0.110076845,0.10716998
2072,0.23466125,-0.12016537,0.07556684,0.0702183
2073,-0.019417208,0.11966984,0.048783768,0.04292753
2074,-0.24887405,-0.0059969723,0.050294567,0.038470346
2075,0.15527724,-0.22920354,0.07526327,0.07430492
2076,-0.5456392,-0.22072747,0.1424463,0.14163269
2077,0.027937297,0.033170834,0.15416443,0.13669364
2078,-0.588155,-0.06845389,0.13049193,0.11520998
2079,-0.35327905,-0.01777552,0.12744433,0.12769905
2080,0.033873983,0.03271517,0.045528207,0.04027974
2081,-0.010993417,-0.0274667,0.033755817,0.028629312
2082,0.08625278,0.03397888,0.1432506,0.1468921
2083,-0.13924158,-0.04633645,0.08052833,0.07220389
2084,-0.27248067,-0.5351125,0.10416725,0.10698785
2085,-0.12499672,0.48685002,0.052918877,0.045530062
2086,-0.09192,0.016305499,0.043982234,0.04003343
2087,-0.07562399,-0.2554617,0.22403722,0.21888284
2088,0.1348321,0.0036453083,0.077611074,0.067413345
2089,-0.01789591,0.020782322,0.17812002,0.1866734
2090,0.07483645,0.06749579,0.04598384,0.041993476
2091,-0.081808075,0.16279374,0.09452866,0.10322959
2092,0.0279078,0.01654078,0.090220556,0.08392621
2093,-0.028945342,0.21345879,0.20258781,0.193676
2094,-0.20424746,0.22944184,0.052099947,0.04360467
2095,0.014089655,0.0321657,0.07733195,0.07167552
2096,-0.46740088,-0.35562938,0.07708058,0.07799776
2097,-0.04206911,-0.09452675,0.07921962,0.07037293
2098,0.12163313,-0.071172185,0.048425164,0.04233389
2099,-0.55705655,-0.23001169,0.10227608,0.09657841
2100,-0.1843361,0.15636055,0.09145023,0.0830727
2101,-0.22771111,-0.6082294,0.060915068,0.060323447
2102,0.14807688,-0.06274794,0.12684776,0.11693263
2103,0.9353601,-0.53655565,0.12979382,0.10667575
2104,0.019711446,-0.015980572,0.055658553,0.049592055
2105,-0.30256253,0.17456977,0.07672976,0.066409625
2106,-0.29769447,0.20721166,0.063138746,0.055742506
2107,0.06683391,0.44005394,0.13914002,0.12655799
2108,0.19858573,-0.26791793,0.039561886,0.03314448
2109,-0.36289197,-0.17739008,0.06818974,0.049259793
2110,-0.3113333,0.043514818,0.07666561,0.068471685
2111,-0.20595929,0.039635554,0.053040754,0.042411108
2112,0.33272597,-0.09790093,0.07599088,0.062087614
2113,0.19488461,0.4153595,0.07118908,0.06466367
2114,-0.025399763,0.0764737,0.08922447,0.07975059
2115,0.22325401,-0.43160743,0.08883832,0.08539826
2116,0.38731936,0.04188613,0.1300637,0.11586786
2117,0.2869216,0.21724573,0.08362297,0.081263684
2118,0.4395997,0.027059004,0.08878376,0.07037346
2119,0.19324431,-0.12565757,0.11370307,0.10957942
2120,-0.13612826,0.16486965,0.14007455,0.12247546
2121,-0.029391598,-0.02275823,0.06594023,0.0715762
2122,0.068610564,-0.082383215,0.104170024,0.081838995
2123,0.42790148,0.48480368,0.11210741,0.10200284
2124,0.17975913,-0.121866435,0.082641914,0.07669237
2125,-0.16644211,-0.6411187,0.06883659,0.071807355
2126,0.17580405,-0.11412981,0.07236642,0.061787717
2127,0.117580935,-0.023394234,0.044405047,0.038156413
2128,0.27396846,0.26545304,0.04878581,0.042125322
2129,0.09021424,-0.13152646,0.14985423,0.14919132
2130,0.019363277,-0.0019537657,0.04682201,0.041418552
2131,-0.046661142,-0.03327752,0.08181457,0.07952347
2132,0.017004654,0.07456243,0.102640755,0.0854664
2133,0.12479158,0.12604469,0.1602667,0.14829163
2134,-0.07387647,0.09849392,0.089222945,0.07829276
2135,-0.20474742,-0.45458782,0.050740097,0.05158339
2136,0.013587445,0.0050944686,0.053601224,0.050041445
2137,-0.35819948,0.23613225,0.083032675,0.074920945
2138,-0.2837608,-0.008592851,0.114679106,0.11323948
2139,0.25124365,-0.060838357,0.10867067,0.101248056
2140,-0.042249285,-0.003267482,0.06507492,0.054229848
2141,0.42128327,-0.16219936,0.14115502,0.13267896
2142,-0.127763,-0.12810567,0.08741439,0.0784712
2143,0.2747817,0.1743822,0.10912471,0.10766307
2144,0.082361355,0.113736495,0.18650077,0.19036196
2145,0.11078338,0.77831626,0.110380486,0.108322315
2146,0.2470413,0.19783291,0.07467532,0.06730785
2147,0.097732455,0.033078656,0.14461923,0.13947845
2148,-0.085728586,0.043733284,0.059010256,0.045175757
2149,-0.5326517,0.0775782,0.122000895,0.11845914
2150,0.01423613,-0.10408731,0.06864517,0.049828954
2151,0.05396859,0.09138128,0.054402784,0.043226678
2152,-0.17782654,0.52135575,0.07249315,0.05891561
2153,0.033396095,-0.11651455,0.08564414,0.07752856
2154,-0.16264394,-0.20008639,0.1145203,0.10275973
2155,0.027938358,-0.13925655,0.21969412,0.21871267
2156,-0.018726457,-0.20319538,0.12092233,0.10505203
2157,0.00763369,-0.103228286,0.09792802,0.09235242
2158,-0.30584133,0.043130174,0.08106789,0.07089491
2159,0.08627778,0.05000484,0.12741338,0.12090081
2160,0.020947557,-0.011106499,0.05912915,0.058021713
2161,0.025244333,0.021794423,0.06645358,0.055587973
2162,-0.10155478,0.027727932,0.15405294,0.14238481
2163,0.21390583,-0.36499864,0.06847454,0.06322364
2164,0.05871478,0.13765426,0.09856219,0.08559201
2165,-0.19722964,-0.14614789,0.11450478,0.11116084
2166,-0.061115466,-0.08433573,0.101510614,0.0916284
2167,0.027472716,0.0852272,0.08499328,0.07685375
2168,0.60246813,0.12575878,0.088774495,0.073037826
2169,0.13471715,-0.2949317,0.046633728,0.041366443
2170,-0.23545969,-0.2733431,0.05456783,0.0467117
2171,0.6529783,0.4852795,0.1010462,0.08384536
2172,-0.0949844,0.09013386,0.059687007,0.044393037
2173,-0.13020249,0.07112019,0.09595875,0.09429955
2174,-0.15042412,-0.10616531,0.22459064,0.22450712
2175,0.0063976236,-0.08763834,0.09744431,0.096262485
2176,-0.30256253,0.17456977,0.07672976,0.066409625
2177,-0.091361806,-0.0693748,0.097317345,0.08604163
2178,0.1309618,-0.060901523,0.0725967,0.06260496
2179,0.18761328,0.5630244,0.047920305,0.06256385
2180,0.20869447,-0.035114355,0.13241166,0.13239884
2181,-0.55655885,-0.10457349,0.107544206,0.10164379
2182,0.029767983,-0.14864711,0.08833588,0.08444709
2183,0.08108947,-0.063935384,0.051375236,0.038651958
2184,-0.030738797,0.19351324,0.061117515,0.05398333
2185,0.43085006,-0.189939,0.16379488,0.14918639
2186,-0.06466858,-0.10582803,0.14182518,0.14285205
2187,0.032973625,-0.29581213,0.11119808,0.10098982
2188,0.22488937,-0.11493975,0.06469485,0.045258038
2189,0.060885992,-0.0027053878,0.12446888,0.12143037
2190,-0.4265073,0.27919406,0.08891193,0.087081045
2191,-0.25787616,0.5042338,0.11517591,0.11052564
2192,0.30553412,0.5490515,0.09026238,0.10099564
2193,-0.089720696,-0.29335052,0.24946305,0.24842316
2194,0.06721935,0.04339949,0.0666781,0.064239636
2195,0.42452532,-0.16946097,0.08529435,0.07304825
2196,0.040144842,-0.07840085,0.115444675,0.11743204
2197,-0.06843671,-0.011220306,0.25856525,0.26931038
2198,-0.6075302,-0.2084581,0.04705189,0.04594197
2199,-0.09336643,-0.045678608,0.15604949,0.15339443
2200,0.25380373,0.043053314,0.07060206,0.06442635
2201,0.12270656,-0.22705345,0.072468095,0.067917764
2202,-0.16872317,0.056496404,0.0787672,0.0706458
2203,-0.15772025,-0.44530672,0.0611626,0.053049028
2204,0.014982466,0.061952583,0.1480875,0.13908346
2205,-0.05395593,0.03678949,0.073728405,0.0690307
2206,0.05355026,0.06954541,0.1149229,0.117658116
2207,-0.104325905,0.30446255,0.10770329,0.105563834
2208,-0.111556485,-0.009177655,0.051279996,0.046228647
2209,-0.35573286,-0.036393985,0.1334873,0.12674503
2210,-0.25572127,0.04007352,0.0914982,0.088302456
2211,0.32365695,0.15024808,0.066747576,0.0637364
2212,-0.5382148,-0.20702887,0.08867808,0.08288169
2213,0.015560489,-0.024299458,0.11049673,0.10576084
2214,-0.01789591,0.020782322,0.17812002,0.1866734
2215,-0.021804187,-0.042883977,0.11992963,0.111772306
2216,-0.015316181,0.39554548,0.10982127,0.1097091
2217,0.007913575,0.04368402,0.1398031,0.12494044
2218,-0.14853619,0.051463082,0.23629418,0.24093679
2219,-0.16055639,-0.22867301,0.08053295,0.079053216
2220,0.37281924,0.03649974,0.06962493,0.054749526
2221,0.15086652,-0.11512398,0.12515,0.12307937
2222,0.03877912,-0.3988254,0.048177306,0.042707548
2223,0.30218273,-0.39910668,0.0688632,0.067596085
2224,0.07717459,0.32741553,0.04566819,0.038863204
2225,0.41902018,-0.18517996,0.07877878,0.059477888
2226,0.08744453,-0.21971633,0.24144337,0.23989177
2227,0.1174192,-0.010586143,0.061509375,0.055677485
2228,0.045040354,-0.06531739,0.09383939,0.081656694
2229,-0.26543057,-0.14782904,0.08715701,0.07148074
2230,-0.1124738,0.22969428,0.049141567,0.046047196
2231,-0.016034614,0.06473101,0.080160566,0.07253579
2232,0.1308082,-0.040434152,0.09209168,0.076038726
2233,0.067281365,-0.156274,0.10221766,0.09293589
2234,-0.085180566,-0.058199033,0.17338738,0.16993427
2235,-0.037357673,0.16502933,0.045261174,0.036846783
2236,0.2548088,0.35166496,0.11673813,0.121668115
2237,0.056909095,-0.09628437,0.1000232,0.097632326
2238,-0.3544992,-0.10602771,0.07270821,0.067263804
2239,-0.3538295,-0.893463,0.061973922,0.06114354
2240,-0.50145483,-0.46718562,0.13361143,0.13865252
2241,0.38374412,-0.080981985,0.08807732,0.07839901
2242,-0.090910405,-0.078173056,0.14998916,0.13863245
2243,0.25603205,-0.017702952,0.09351938,0.08373703
2244,0.65706134,-0.27705705,0.12761475,0.10824482
2245,-0.059261177,0.06547837,0.06747916,0.06274947
2246,-0.084954485,0.005656056,0.07263317,0.057047483
2247,0.2004347,0.20904915,0.052903503,0.0423436
2248,-0.14021024,0.2500872,0.064135976,0.057959344
2249,0.029111192,-0.09227647,0.091918364,0.09162043
2250,-0.16367707,-0.3609007,0.044362508,0.04047369
2251,0.0053846054,0.13974237,0.09685412,0.091754675
2252,0.096772,-0.18266396,0.2207389,0.20374292
2253,0.101426765,0.03410364,0.056290243,0.049364842
2254,-0.009023618,-0.23969467,0.087279044,0.083481655
2255,-0.14130493,0.19250976,0.19737396,0.17983048
2256,-0.18483259,-0.53509116,0.039602213,0.043159854
2257,-0.2940598,0.041127846,0.07617847,0.070583604
2258,-0.02384441,0.12694697,0.04846139,0.041275833
2259,-0.008205842,-0.0046565384,0.068582624,0.06619052
2260,-0.2469999,0.11707254,0.08425171,0.062752135
2261,0.0056640133,0.13383329,0.07848456,0.073161975
2262,0.155753,0.14970738,0.06945713,0.05021912
2263,0.06991987,0.11840764,0.17812341,0.16992597
2264,-0.014317129,0.007845044,0.09132283,0.087335415
2265,-0.027611252,0.060876712,0.09541871,0.09335337
2266,0.38798523,0.59842086,0.062486622,0.06583907
2267,-0.29003906,0.34198385,0.04950286,0.044621374
2268,-0.039892655,0.18395327,0.053185336,0.04200383
2269,0.027042527,0.0016053468,0.048019502,0.03733396
2270,0.2615865,-0.20319758,0.06863572,0.05637596
2271,-0.18127863,0.38178897,0.07438819,0.067714565
2272,0.3570363,-0.016135335,0.09621225,0.09005701
2273,0.14566152,-0.03912902,0.07643881,0.07220115
2274,0.13048796,0.35541517,0.13189274,0.124107085
2275,-0.17860544,-0.37421465,0.09120074,0.07974991
2276,0.13631162,-0.12807746,0.21577789,0.19789991
2277,0.025914382,-0.49794447,0.110350154,0.10467682
2278,-0.2814399,-0.054851502,0.121534795,0.12026294
2279,-0.07723458,-0.019387484,0.09652988,0.08977136
2280,0.3934927,-0.27404553,0.050729442,0.038964804
2281,-0.1314143,0.19125451,0.053084385,0.047609743
2282,0.09975389,0.19139333,0.10292827,0.09029356
2283,-0.3241898,-0.32086432,0.13184038,0.13678944
2284,-0.25554746,0.3873111,0.15064634,0.14083241
2285,-0.19102453,0.35687977,0.094318,0.08738525
2286,0.13385166,-0.01964581,0.0629178,0.056886416
2287,0.12435244,-0.48961627,0.21393226,0.21007556
2288,0.16794246,0.088441044,0.051657394,0.04306515
2289,0.08373766,0.029224545,0.12295959,0.12810808
2290,0.23612498,-0.13147536,0.069716886,0.061857946
2291,0.10687491,0.023603275,0.21048033,0.20659217
2292,0.2938658,-0.13071072,0.11368188,0.10600839
2293,0.04566917,0.16161321,0.06165206,0.05674083
2294,0.0064954907,-0.18873523,0.13369218,0.12749334
2295,-0.009987138,-0.02825515,0.06261966,0.055192687
2296,-0.09820089,0.014249206,0.116853535,0.10578135
2297,-0.11138828,0.13663878,0.04513778,0.037439033
2298,-0.18523185,0.33407265,0.19778517,0.1788236
2299,0.10583681,-0.0040393174,0.09399502,0.096140645
2300,0.0995702,-0.080727175,0.10344192,0.10036149
2301,0.3550153,0.34301895,0.07391432,0.06331427
2302,0.059239056,-0.0064681172,0.09356216,0.06977484
2303,0.21617487,-0.019798264,0.10283545,0.09399659
2304,0.023861304,-0.19035962,0.08058805,0.07673069
2305,0.13893723,0.14166819,0.080732,0.06488347
2306,0.4679525,-0.5749335,0.13379373,0.13367166
2307,0.13444905,0.55711824,0.059071057,0.057620365
2308,0.27303633,0.111718595,0.05381882,0.048938327
2309,-0.1490835,-0.1223007,0.10278039,0.09539234
2310,0.13631162,-0.12807746,0.21577789,0.19789991
2311,0.032155044,0.17683606,0.05255123,0.039899077
2312,0.16863017,-0.26164007,0.06421346,0.057932504
2313,-0.07979421,-0.01315929,0.09965101,0.09513633
2314,0.015942764,0.16540696,0.12324576,0.120237425
2315,-0.11410603,0.102880046,0.048292723,0.042055324
2316,0.05795036,0.0052626207,0.050947215,0.032969687
2317,0.012815319,-0.1988866,0.09057146,0.073238395
2318,0.28487992,-0.29147488,0.06683488,0.052189477
2319,0.114337236,-0.25788993,0.1064464,0.10474757
2320,-0.048869006,-0.12633637,0.08789861,0.07336642
2321,0.27014607,0.07859848,0.0877725,0.08226415
2322,0.022367053,-0.083835244,0.091611005,0.08103581
2323,0.23674329,0.3523805,0.11851504,0.1061995
2324,-0.16980158,-0.2812491,0.07311695,0.06332093
2325,-0.13120334,0.17821984,0.18361512,0.1790698
2326,0.037731282,0.129254,0.065103516,0.056038816
2327,-0.03939293,0.2320575,0.08507879,0.07588133
2328,-0.20226668,0.033218414,0.1086959,0.09506817
2329,0.33586374,-0.05846794,0.06394288,0.055515952
2330,0.030228756,0.23283118,0.06282769,0.051667344
2331,-0.33467138,-0.02465482,0.12936519,0.122397125
2332,-0.028222334,-0.09021367,0.05916601,0.047483973
2333,-0.16481161,-0.03766994,0.06067568,0.051292818
2334,-0.061813142,0.12626933,0.06368364,0.064282686
2335,-0.0037247986,0.11254099,0.15207368,0.14527284
2336,0.03165036,-0.06521273,0.044169202,0.034296174
2337,0.12211029,0.0919362,0.056040157,0.044964492
2338,0.07314728,-0.21784343,0.055084452,0.050287347
2339,-0.08539119,-0.014214255,0.07212542,0.051959816
2340,0.22318535,0.034098744,0.05854906,0.051525183
2341,0.124895856,0.023149729,0.05263945,0.04019203
2342,0.038216602,-0.07935414,0.056940787,0.052125294
2343,0.21980257,0.38749462,0.1435177,0.14187613
2344,0.15976767,-0.020527676,0.0738212,0.06726356
2345,0.010298077,-0.016538903,0.11198975,0.10755247
2346,-0.23901792,-0.17976528,0.05875703,0.0520383
2347,0.51575977,-0.5784514,0.10267034,0.09725954
2348,-0.23632035,-0.27278936,0.07010161,0.057566825
2349,-0.10836993,0.04984291,0.12724051,0.101844996
2350,0.13641176,0.6869391,0.155984,0.13716261
2351,0.16937481,0.4991932,0.11385945,0.11276901
2352,-0.24939446,-0.17580783,0.05233925,0.040635284
2353,-0.4650499,0.09792012,0.18356188,0.165037
2354,0.14037874,-0.010840058,0.11731396,0.12129192
2355,-0.0032074787,0.078065105,0.043622475,0.04086583
2356,-0.047246654,-0.024211824,0.1169262,0.10755375
2357,0.17534102,-0.028837517,0.07086796,0.06224705
2358,-0.85842997,-0.18884377,0.10544223,0.09362846
2359,0.022665739,-0.079148605,0.078472205,0.07090123
2360,-0.12963161,-0.061720803,0.13087144,0.12577862
2361,-0.2733308,-0.28630847,0.08917323,0.08376666
2362,0.04321808,0.6950037,0.06805867,0.06276104
2363,-0.1740949,0.014298253,0.058974642,0.053625204
2364,-0.06323572,0.040646605,0.10593056,0.09948464
2365,-0.026569556,0.067693755,0.09873912,0.09582128
2366,-0.42416054,-0.46099263,0.10635123,0.09883853
2367,0.0494993,-0.04190889,0.06686554,0.058964558
2368,0.036198422,-0.24793413,0.10667841,0.10286849
2369,-0.1362619,0.16681632,0.057920933,0.052958123
2370,0.14219113,0.07517344,0.11641127,0.11673197
2371,-0.95891154,0.33059633,0.07342827,0.07403494
2372,0.109486416,0.030865505,0.08005857,0.07269615
2373,-0.21350013,-0.19707002,0.24667315,0.2378879
2374,-0.2500749,-0.059893787,0.081566505,0.07237807
2375,-0.3651402,0.15242814,0.0809849,0.07246295
2376,-0.5276204,0.21616398,0.11409974,0.112562604
2377,0.05530655,0.054576643,0.20430543,0.19745225
2378,-0.21697171,-0.4335186,0.051005095,0.04669368
2379,-0.074083045,0.06432458,0.13833082,0.12693891
2380,-0.27912527,-0.31594467,0.14445303,0.14340371
2381,0.5521378,0.091111526,0.06696756,0.051836006
2382,0.087540135,0.7085104,0.089877166,0.08485048
2383,-0.01966361,-0.0146583915,0.07888597,0.058153518
2384,-0.043807115,0.009096935,0.101217076,0.10034101
2385,0.350375,0.039594874,0.07582822,0.06734059
2386,0.024861202,0.040991537,0.039981637,0.033995975
2387,-0.004461821,-0.036178097,0.05940475,0.05349701
2388,0.11222711,0.08519578,0.14240938,0.12992747
2389,-0.24956223,-0.3375656,0.15818891,0.15781936
2390,-0.35935712,0.0721493,0.058756128,0.055360597
2391,0.6582678,0.38628024,0.07709646,0.071688205
2392,-0.0760916,-0.029329926,0.04444895,0.040972717
2393,0.11334209,-0.089319795,0.12557495,0.12522869
2394,-0.41391352,-0.044494897,0.07285719,0.058307264
2395,0.15765472,0.23659103,0.15385315,0.13925792
2396,-0.10940707,-0.20167382,0.12950546,0.124733485
2397,-0.11097565,0.06372078,0.16639838,0.1442436
2398,-0.28517342,-0.24710158,0.074922666,0.071472235
2399,0.73339826,-0.5571487,0.123674504,0.11424212
2400,-0.08285451,0.006768562,0.11772925,0.11579893
2401,-0.05106188,0.35574746,0.11034109,0.101509556
2402,-0.023899585,0.08653697,0.049254827,0.046156917
2403,0.07161833,0.13603072,0.07281607,0.060473785
2404,-0.08384259,-0.05016665,0.10552569,0.09579589
2405,0.49787027,0.2239165,0.090578854,0.07924302
2406,0.0015396029,-0.09620368,0.04763425,0.034413565
2407,-0.16079006,-0.100663334,0.12560302,0.12507148
2408,0.099537924,-0.14519209,0.05181746,0.044240553
2409,0.016372431,-0.022193596,0.06420642,0.05160549
2410,0.009735383,-0.26681703,0.13913825,0.13248824
2411,0.059767526,0.0035483316,0.07741283,0.070400685
2412,-0.53986037,0.14416222,0.050248314,0.036462877
2413,-0.03532992,-0.16993125,0.08409018,0.076527916
2414,-0.24800624,-0.062178746,0.082394496,0.07679156
2415,-0.15569346,-0.14579149,0.105395555,0.098876595
2416,-0.55732894,0.0645695,0.13087207,0.13017818
2417,-0.47088805,0.55043983,0.14676891,0.13750511
2418,-0.0983959,-0.032894745,0.13187571,0.13108158
2419,-0.1416006,-0.35026675,0.16958833,0.15862857
2420,0.05551255,-0.19956648,0.046878546,0.034633543
2421,0.0062117204,-0.14357229,0.13627587,0.1280483
2422,0.037449956,-0.09842141,0.13010463,0.13079046
2423,0.3258449,-0.1920711,0.14850223,0.121798724
2424,-0.18618225,-0.12475258,0.062204145,0.049633827
2425,0.17964695,-0.13818088,0.086172305,0.07929258
2426,-0.31298506,0.048234887,0.12546487,0.12300445
2427,0.1819163,-0.11686056,0.07612765,0.056056764
2428,-0.010533862,0.0121993795,0.065349676,0.053549897
2429,0.015337583,-0.05799889,0.13130152,0.1272188
2430,0.33881184,-0.16764493,0.042759564,0.034949847
2431,-0.10068157,0.12474495,0.14837705,0.13597193
2432,0.2738088,-0.27347088,0.07416108,0.06746352
2433,-0.022079509,0.1700228,0.042486772,0.03444623
2434,-0.03778464,-0.042890362,0.043561425,0.03671321
2435,-0.02412285,0.20804031,0.06157484,0.052966304
2436,-0.07706247,-0.015011385,0.08955675,0.07931817
2437,-0.62436223,0.07636215,0.09961376,0.082859434
2438,0.21684875,0.08623774,0.07987061,0.06937819
2439,-0.16255863,-0.06284331,0.04350675,0.034753438
2440,0.056597445,0.12820488,0.07667422,0.06948646
2441,0.686622,-0.08225851,0.09079857,0.071828805
2442,0.18160556,-0.038205206,0.06185077,0.06351626
2443,-0.13360476,0.062509745,0.10852394,0.09438929
2444,-0.03602037,-0.34666908,0.13462931,0.11773205
2445,-0.30930108,0.20245223,0.26959008,0.26342744
2446,0.09664062,-0.34875643,0.05690081,0.052095935
2447,-0.013258185,0.058434702,0.06772629,0.05747054
2448,-0.2928848,-0.16995858,0.1459496,0.1292854
2449,-0.059751645,0.032992154,0.0835165,0.06661005
2450,-0.15023087,-0.061395198,0.112149626,0.11659971
2451,0.074173406,0.21589777,0.094595686,0.07500656
2452,-0.16851786,0.1012346,0.083467804,0.06806882
2453,-0.0018811058,0.10332322,0.09255875,0.08603139
2454,0.032696195,0.20727466,0.05743459,0.041025
2455,-0.043299638,0.04058694,0.08202391,0.061079264
2456,0.013377044,0.058211096,0.06289686,0.04737571
2457,-0.0013876781,0.111848,0.094330706,0.0898828
2458,0.10871886,0.09369066,0.13043146,0.13227217
2459,0.19694482,-0.27606863,0.083377555,0.07845467
2460,-0.090010196,0.06809996,0.12394256,0.12321755
2461,-0.17790578,-0.16263318,0.17105813,0.1620613
2462,0.0010368321,0.21594657,0.07273239,0.05846066
2463,-0.95891154,0.33059633,0.07342827,0.07403494
2464,-0.2846691,-0.12225586,0.15513965,0.14939557
2465,0.14348736,0.20680706,0.058702633,0.04452009
2466,-0.12675205,0.06849731,0.07655255,0.0691046
2467,0.23912224,-0.34036702,0.066216074,0.05904509
2468,0.27108508,0.38965976,0.042501055,0.039660305
2469,0.01222929,-0.069625646,0.07690805,0.071235746
2470,-0.00424958,0.10943252,0.07982989,0.07208665
2471,0.047721393,0.244832,0.15835407,0.16560656
2472,-0.008726791,0.17319347,0.0705864,0.06290777
2473,0.031845473,-0.052363724,0.07104641,0.06375462
2474,-0.043432154,0.007596761,0.044293635,0.04114468
2475,0.03206287,-0.09178147,0.15146469,0.14477819
2476,0.25212786,0.2123373,0.12510434,0.11309087
2477,-0.04089989,-0.020268738,0.107875615,0.1075516
2478,-0.13924158,-0.04633645,0.08052833,0.07220389
2479,-0.038916003,-0.14698793,0.07056764,0.062485963
2480,0.60139656,-0.84418696,0.0678251,0.079929926
2481,0.23913243,0.062220976,0.2108602,0.20053281
2482,0.13488612,-0.047573544,0.04713173,0.037186433
2483,-0.1551713,-0.19962485,0.101098455,0.09180616
2484,0.5048415,0.03488376,0.05460598,0.04935114
2485,-0.096760646,-0.37289703,0.071892574,0.06528603
2486,0.06807013,-0.29915953,0.10371394,0.0932282
2487,-0.00083445385,-0.03826517,0.1287574,0.11919552
2488,-0.18795127,-0.08458044,0.081267826,0.07602376
2489,0.020185601,0.037093744,0.07316027,0.058732502
2490,0.07314728,-0.21784343,0.055084452,0.050287347
2491,0.2147109,0.6617143,0.063200295,0.054145515
2492,0.46014374,-0.12118836,0.08898447,0.08185893
2493,0.026687194,0.26286477,0.05333973,0.0482273
2494,-0.25694725,-0.09866084,0.11642538,0.10774548
2495,0.3091548,-0.65206516,0.13396223,0.12135616
2496,-0.51530325,-0.19579937,0.058818072,0.04387627
2497,-0.10124746,0.08447707,0.08587334,0.074516475
2498,-0.0016396716,-0.043015048,0.08827074,0.07779202
2499,-0.30296215,-0.07495594,0.106362805,0.104103655
2500,-0.04857124,-0.034266338,0.05303081,0.038422007
2501,0.06695393,0.072215535,0.15199433,0.14697117
2502,-0.030488618,-0.044764146,0.10198375,0.08673162
2503,0.038204253,0.023715869,0.089696586,0.0720675
2504,0.071351334,-0.3664528,0.08622359,0.08156645
2505,0.13191369,-0.027716279,0.23870488,0.22890155
2506,-0.30314934,0.4487347,0.08035894,0.069345765
2507,0.13641176,0.6869391,0.155984,0.13716261
2508,0.20414735,-0.026807733,0.10831666,0.09622261
2509,0.0026651472,-0.17172074,0.08443699,0.07435218
2510,-0.3035965,-0.63731,0.10296377,0.10307649
2511,0.1150078,-0.120928854,0.092853434,0.08397955
2512,0.0028623603,-0.040145844,0.05607398,0.04596271
2513,-0.16759337,0.16852014,0.11802232,0.104995295
2514,0.21436135,-0.19853584,0.061004914,0.052518696
2515,-0.2148019,0.019874714,0.060168333,0.05770627
2516,0.054097883,-0.25056207,0.096525334,0.088674724
2517,-0.03199071,-0.08361664,0.08775088,0.08277018
2518,0.06778623,-0.22495788,0.15137555,0.14011101
2519,-0.0033786185,0.09650394,0.28224808,0.27523026
2520,0.40782276,-0.27708787,0.07149988,0.06038581
2521,-0.10619548,0.04167418,0.11254382,0.09981013
2522,-0.008878324,-0.058999255,0.079336464,0.06676023
2523,-0.19581117,-0.018101722,0.17834875,0.17165743
2524,-0.45590276,0.2940985,0.13420357,0.13268657
2525,0.5461247,-0.39467412,0.06796823,0.058687333
2526,0.30712986,-0.28343314,0.10587328,0.09436961
2527,-0.040455017,0.038545914,0.05084185,0.04393333
2528,0.25417548,0.09487268,0.14847745,0.13413166
2529,-0.014018565,-0.018900432,0.049229633,0.03874139
2530,0.07983279,0.1644932,0.071675114,0.06976445
2531,0.1751203,-0.038768023,0.20245874,0.19150554
2532,0.018383909,0.013618544,0.08884573,0.07029807
2533,-0.09762134,0.16972128,0.124257706,0.12271756
2534,0.0073235184,0.026737772,0.15869671,0.16012299
2535,-0.46801203,-0.37506437,0.1779057,0.17495167
2536,0.060725477,0.079228446,0.057677906,0.050167806
2537,0.28558472,-0.13076474,0.122614406,0.11073019
2538,-0.03765268,-0.08511533,0.15947466,0.14640176
2539,0.82283854,-0.041550048,0.083087526,0.0621933
2540,0.009282572,-0.022529304,0.06607124,0.061911065
2541,-0.00018821657,-0.21001561,0.093420036,0.08194366
2542,-0.23928367,-0.12369867,0.16037416,0.15946527
2543,-0.1762343,-0.27271688,0.19984065,0.19284931
2544,0.072999835,-0.10006732,0.17816968,0.16916083
2545,0.28074616,0.10034528,0.1003929,0.09145231
2546,-0.17113867,-0.62679875,0.038030528,0.03926033
2547,-0.06521846,-0.02225864,0.113496095,0.10911323
2548,0.4516904,0.09137847,0.13213469,0.12322876
2549,-0.13831098,-0.040114284,0.08786541,0.08187632
2550,0.11204949,-0.6759168,0.14472248,0.14835344
2551,-0.25309655,-0.004947886,0.07977584,0.070369154
2552,-0.22575127,0.04747767,0.23047294,0.22682942
2553,-0.029703181,0.020013005,0.10330366,0.09513505
2554,-0.14725728,-0.07245806,0.1012968,0.094029464
2555,0.12996577,-0.0258497,0.13482079,0.13167724
2556,-0.06819412,0.022877008,0.03842442,0.032693185
2557,0.57488394,0.07133824,0.07626308,0.06004957
2558,0.0061676204,-0.12364498,0.10610147,0.096678354
2559,-0.021425195,-0.020736821,0.07936179,0.07067324
2560,-0.00874472,-0.1487308,0.062052343,0.048094474
2561,-0.21365938,0.01479955,0.14733738,0.14933701
2562,-0.5457637,0.06263312,0.12869388,0.11422703
2563,0.40777287,0.019872114,0.073391825,0.067086846
2564,-0.06989929,-0.23095466,0.12687051,0.11413849
2565,0.10019162,0.08848986,0.19812916,0.18141836
2566,0.03526461,-0.17310162,0.12275643,0.117779285
2567,-0.023036733,-0.060970604,0.073707595,0.06747129
2568,-0.4073547,-0.7034914,0.11712831,0.12383918
2569,-0.3978809,0.23972757,0.07970904,0.064593226
2570,-0.11737579,0.53440946,0.07939218,0.07551102
2571,-0.063741595,-0.11534386,0.17899044,0.17604308
2572,-0.05519625,-0.21585464,0.14427792,0.13982548
2573,0.054058805,0.16599993,0.12996268,0.12964366
2574,0.012616515,-0.11669211,0.06997057,0.06661701
2575,0.22990415,0.06952608,0.06655798,0.061601594
2576,0.21106277,0.060783267,0.09962413,0.09295553
2577,-0.64947474,0.12565807,0.066634715,0.053778704
2578,-0.13416539,-0.3066547,0.08550516,0.0792372
2579,0.08627778,0.05000484,0.12741338,0.12090081
2580,-0.022155263,0.04338371,0.10715424,0.10075332
2581,0.18944815,-0.3444482,0.1075683,0.104608595
2582,-0.23632035,-0.27278936,0.07010161,0.057566825
2583,-0.14322545,0.081269905,0.117140196,0.11208701
2584,-0.38971752,-0.38318175,0.048587795,0.038494077
2585,-0.05072597,-0.00608588,0.056033734,0.044817224
2586,0.0011048242,-0.08938393,0.08445386,0.08706778
2587,0.08223951,-0.050560176,0.20082845,0.19703782
2588,-0.098719716,0.13373162,0.111350596,0.10229209
2589,0.48762932,-0.23913771,0.088354655,0.08227978
2590,-0.07787515,-0.18917224,0.059137695,0.05819829
2591,-0.16979733,0.32902265,0.059647474,0.056161948
2592,-0.05156219,0.013516799,0.12370811,0.12146904
2593,-0.27653584,-0.3564433,0.08685847,0.07817615
2594,-0.07836729,-0.08890964,0.05960682,0.048545487
2595,0.21214713,-0.18640451,0.08748386,0.07406711
2596,0.4764945,-0.42879617,0.11448892,0.104849525
2597,-0.12725899,0.22981833,0.22833003,0.22190338
2598,-0.11755738,-0.042240545,0.04627856,0.038584754
2599,0.17548637,0.27764744,0.09361133,0.09927027
2600,-0.37841085,-0.14366837,0.05803388,0.049960937
2601,-0.05290181,-0.04849392,0.09669667,0.08921608
2602,-0.026883774,0.008382179,0.048924882,0.042013235
2603,-0.16872317,0.056496404,0.0787672,0.0706458
2604,0.10115446,0.09271836,0.04708555,0.03345341
2605,-0.6046691,-0.26443005,0.111168005,0.111930005
2606,0.16439562,0.13758856,0.119006954,0.116630346
2607,0.045586497,0.15633182,0.120739475,0.119700536
2608,0.5024109,0.008438379,0.17892395,0.16833767
2609,0.16381659,-0.4851876,0.063060515,0.054203928
2610,-0.07640828,0.14830425,0.057854332,0.051111784
2611,-0.05738269,-0.036675707,0.08055472,0.076015376
2612,0.45780203,0.29479384,0.0965381,0.08999721
2613,-0.15979005,-0.04128372,0.15857403,0.15277839
2614,0.13624163,-0.09195423,0.115180895,0.10694728
2615,0.2162336,-0.16843303,0.08102238,0.073415
2616,0.07079241,-0.08380471,0.10504543,0.101158336
2617,0.11330253,0.22464696,0.08722824,0.08195418
2618,-0.063699685,-0.5130529,0.09336781,0.09559483
2619,0.34651753,0.20602967,0.15870994,0.1681822
2620,0.13703272,-0.059281044,0.080190286,0.06906096
2621,0.6099026,0.3595165,0.08976351,0.0799005
2622,-0.008648887,0.05262331,0.0479261,0.04239254
2623,-0.08322027,0.057274967,0.0945216,0.09329617
2624,-0.37376434,0.16089307,0.08483581,0.07784217
2625,0.4436611,0.36345518,0.08673025,0.07807553
2626,0.064723715,-0.12412891,0.32924616,0.34729525
2627,0.54225713,-0.47059298,0.04920024,0.0429621
2628,-0.085963964,-0.0057329684,0.11114272,0.09329434
2629,0.32165176,0.1366009,0.08901936,0.081517994
2630,-0.10418582,0.23201813,0.044352476,0.03894717
2631,-0.19680505,-0.09312804,0.1322902,0.12905347
2632,-0.0074504465,-0.0031445771,0.13658197,0.1420801
2633,0.16394408,-0.0427292,0.13718505,0.12954497
2634,0.02413401,-0.040460125,0.08102315,0.06844896
2635,-0.2283133,0.79244655,0.07732192,0.061268676
2636,-0.1571682,0.04979775,0.14037803,0.14096195
2637,-0.07219373,-0.23469462,0.08993579,0.087001264
2638,-0.0075803176,0.06470117,0.27642998,0.26442504
2639,-0.042511392,-0.053623915,0.07014828,0.06439937
2640,-0.093535155,-0.035690427,0.08893756,0.08707759
2641,-0.009548444,-0.2579739,0.042418562,0.03888168
2642,0.59704816,0.14667045,0.04970967,0.03715864
2643,-0.036094822,-0.1278245,0.050431617,0.043971904
2644,-0.085685164,0.03410534,0.088934064,0.078339115
2645,0.010420285,-0.16934706,0.092732936,0.090941034
2646,-0.33391386,-0.2377213,0.036728624,0.02947404
2647,-0.1349868,-0.014742009,0.13644876,0.13369612
2648,-0.068783745,0.43171167,0.10025023,0.098171204
2649,-0.11697447,-0.081202015,0.17807691,0.17721684
2650,-0.124387935,0.08459745,0.07244314,0.06611719
2651,0.022164736,-0.14684497,0.07455185,0.06028966
2652,-0.08714512,0.4942057,0.126313,0.133644
2653,0.0201828,0.22337683,0.1366034,0.12800547
2654,0.45780203,0.29479384,0.0965381,0.08999721
2655,-0.23749337,0.37925965,0.06230384,0.05298361
2656,-0.13690132,-0.033625796,0.09271469,0.079795234
2657,-0.75780666,0.08595968,0.08897977,0.07763965
2658,0.10631555,0.13990833,0.1449695,0.14763153
2659,0.19789861,0.21460404,0.12138953,0.116978996
2660,0.009571079,-0.24286798,0.10108725,0.10126926
2661,-0.13652763,-0.21671624,0.12455783,0.11127609
2662,0.49640644,0.20163232,0.13697301,0.12562668
2663,0.056681506,-0.3232057,0.06600249,0.04957744
2664,-0.2088714,0.1185804,0.060929876,0.05037656
2665,0.08399509,-0.023060761,0.055004694,0.04811579
2666,-0.33483097,0.51192856,0.14935689,0.14249313
2667,-0.09741826,-0.23746489,0.07688211,0.062224414
2668,-0.03678592,0.20205572,0.101312,0.084750116
2669,0.43703955,0.25243175,0.16321127,0.15021378
2670,0.08913544,0.17057624,0.056345116,0.052980993
2671,-0.047284294,-0.26607412,0.31370732,0.3160959
2672,-0.042269535,-0.12688288,0.052943636,0.04089441
2673,-0.1740949,0.014298253,0.058974642,0.053625204
2674,0.42666838,-0.48447168,0.17778815,0.16695768
2675,-0.0897474,0.21262349,0.09494408,0.090769574
2676,0.1517288,-0.11045824,0.09741175,0.09138702
2677,-0.19059196,-0.1990933,0.14889827,0.13307428
2678,-0.09546542,-0.07134612,0.05186443,0.04881043
2679,-0.2940598,0.041127846,0.07617847,0.070583604
2680,0.018277101,-0.024744108,0.06165173,0.05495055
2681,-0.008616529,0.30836028,0.08299374,0.06939635
2682,-0.06756596,-0.02797462,0.1621107,0.15282978
2683,-0.1823488,0.06077823,0.06050873,0.04863641
2684,-0.20955825,0.18849438,0.090861276,0.07442591
2685,-0.1706605,-0.056010485,0.16862278,0.1629752
2686,-0.40109763,0.018230245,0.07015974,0.06229079
2687,-0.16884449,0.09642079,0.050862014,0.047178887
2688,0.11384629,-0.0992828,0.084613904,0.08159691
2689,-0.53986037,0.14416222,0.050248314,0.036462877
2690,-0.093516886,0.058346704,0.16004914,0.1503376
2691,0.24425744,-0.058371276,0.087371565,0.08663873
2692,0.14624347,0.015347742,0.054658357,0.04609216
2693,-0.027699165,-0.033560753,0.07980788,0.07548306
2694,0.23465456,-0.13976598,0.12602194,0.1271028
2695,-0.094644755,-0.030349866,0.046663653,0.034983225
2696,-0.29360187,0.4690748,0.11681324,0.101132065
2697,0.050978635,-0.029662587,0.23265965,0.22458456
2698,0.17455807,0.070664436,0.061129738,0.05436177
2699,0.68093985,-0.1810081,0.15884694,0.13379271
2700,0.04566917,0.16161321,0.06165206,0.05674083
2701,0.050935064,0.49892008,0.13752277,0.13584363
2702,-0.017280575,-0.17608128,0.078554094,0.07398138
2703,0.08032574,-0.001289919,0.21971156,0.21688585
2704,0.14413136,-0.3511927,0.097294524,0.08171379
2705,0.45619196,-0.70026964,0.08625575,0.08053948
2706,0.38710654,0.43335956,0.05115168,0.04812306
2707,0.16121618,-0.1314975,0.05334425,0.03785402
2708,-0.06501338,-0.10192524,0.08819346,0.08388964
2709,-0.021542635,-0.11002295,0.075285055,0.071620196
2710,-0.37945592,0.22541653,0.046657618,0.036760554
2711,-0.3458854,0.14387171,0.14416459,0.14109816
2712,-0.08973895,-0.05538398,0.07541341,0.07091047
2713,-0.22024944,0.12278791,0.13143334,0.124634385
2714,0.098051146,-0.12659043,0.058124542,0.04992083
2715,-0.056015808,-0.62496185,0.074532054,0.068220615
2716,-0.06874554,-0.09065132,0.09776078,0.09241129
2717,0.06523757,0.10991767,0.17204043,0.15338951
2718,-0.23668537,-0.009669431,0.09199221,0.07870785
2719,-0.1274939,-0.33184534,0.13444278,0.13379173
2720,-0.031441033,-0.3509971,0.1625844,0.16412959
2721,-0.013938114,-0.09091075,0.060581885,0.057933655
2722,-0.21664302,-0.60423267,0.050979607,0.04397726
2723,-0.08913568,-0.2187304,0.10738137,0.100928776
2724,0.022677295,0.05050473,0.05771853,0.051766586
2725,0.150208,-0.26650834,0.20557138,0.19928159
2726,0.045997526,0.028785877,0.06909697,0.054622926
2727,-0.09337841,0.1942711,0.057440437,0.053506605
2728,-0.17782654,0.52135575,0.07249315,0.05891561
2729,-0.29280394,-0.20892446,0.16900498,0.16012642
2730,0.102439314,-0.28363752,0.07522689,0.07282577
2731,-0.17056285,-0.008232504,0.06844536,0.05304211
2732,-0.009206943,-0.012597859,0.11250867,0.105591804
2733,-0.08133407,-0.02239646,0.07661151,0.07121344
2734,-0.06756596,-0.02797462,0.1621107,0.15282978
2735,-0.17183276,0.03680753,0.087807104,0.07427391
2736,0.008826271,0.42807627,0.08734896,0.07641557
2737,-0.38773435,0.10258238,0.09452508,0.08558831
2738,0.064947724,0.010392085,0.071662135,0.06868233
2739,0.5676277,0.42743146,0.058773782,0.056930024
2740,-0.058802098,0.32424092,0.11075916,0.107527085
2741,0.111859605,-0.65716404,0.11723573,0.11954256
2742,0.24608122,0.062234417,0.06399197,0.056367204
2743,-0.02572238,-0.11794609,0.11158659,0.10379581
2744,0.05314849,0.26155537,0.095779486,0.09257947
2745,0.012835048,0.13752152,0.06443021,0.055472642
2746,0.0957942,0.21285748,0.10280663,0.09710555
2747,0.87870264,-0.02826067,0.10142132,0.07604135
2748,-0.02285542,0.37970775,0.09610115,0.07998417
2749,0.050264902,-0.18784907,0.18515,0.18727632
2750,-0.33516747,0.15212607,0.054575387,0.046215784
2751,0.12536404,0.337983,0.14333655,0.1345548
2752,0.3359745,-0.005544424,0.11816045,0.1140989
2753,-0.047284294,-0.26607412,0.31370732,0.3160959
2754,-0.42656314,-0.42901278,0.065500416,0.055677578
2755,-0.13416539,-0.3066547,0.08550516,0.0792372
2756,0.008384699,-0.23324192,0.12962306,0.12587066
2757,0.32815772,0.5420544,0.10566181,0.112215854
2758,0.29049748,0.44717664,0.07978729,0.08216023
2759,-0.008642651,0.017700046,0.0501643,0.043518636
2760,0.0069957953,-0.058650807,0.092809096,0.08548563
2761,-0.39466906,-0.6694542,0.053973455,0.060945243
2762,0.4430553,0.3505972,0.04367554,0.04699485
2763,-0.055369947,-0.12251157,0.19079481,0.18211211
2764,-0.0005516,-0.052822992,0.13751747,0.13385332
2765,-0.0066931285,0.020728745,0.044588394,0.036185864
2766,-0.11816746,-0.11258209,0.106132984,0.0947779
2767,0.03891281,0.00014671683,0.101902574,0.09433103
2768,-0.16064788,0.11117023,0.08229316,0.061261266
2769,-0.1212246,0.3292305,0.10386622,0.09872786
2770,-0.04453878,0.11045597,0.1080662,0.10125468
2771,-0.19490232,0.31103402,0.09888535,0.08735019
2772,0.03485152,-0.024378434,0.09594878,0.091868795
2773,-0.013876226,-0.08175102,0.09579595,0.088140115
2774,-0.085601926,0.126095,0.11826521,0.11361414
2775,0.009941451,-0.23130183,0.16765042,0.16560785
2776,0.26996002,0.40957123,0.068197645,0.07048735
2777,-0.029485386,-0.011295274,0.10376617,0.105109744
2778,-0.0826401,0.0011152178,0.05520945,0.040449772
2779,0.042377796,-0.110970825,0.10962375,0.104732245
2780,0.24197994,0.07132845,0.10546583,0.09904005
2781,-0.08001745,0.41035104,0.06974313,0.05950494
2782,-0.29049584,0.36461937,0.08710489,0.08111178
2783,-0.28744608,0.033103444,0.078867905,0.07706976
2784,-0.057661783,-0.24794582,0.14062437,0.1325985
2785,-0.10030028,-0.19551358,0.13853449,0.13840926
2786,0.24579407,0.13198219,0.043180607,0.03842141
2787,0.0113591775,0.0059766024,0.06772518,0.05683548
2788,0.33237055,-0.041355267,0.10923351,0.09845648
2789,0.027633566,-0.034688644,0.057902373,0.04634515
2790,-0.009510938,-0.12907186,0.26948702,0.26103967
2791,-0.35819948,0.23613225,0.083032675,0.074920945
2792,0.05685484,0.12781541,0.168757,0.15304753
2793,-0.74509996,0.7262689,0.14569493,0.14119121
2794,-0.26860014,0.022180453,0.26325554,0.25152537
2795,-0.07129556,-0.03741683,0.04152511,0.036338184
2796,0.027758759,-0.16418856,0.084020585,0.08167875
2797,-0.20562558,-0.09899219,0.08135553,0.07728691
2798,0.071953684,-0.24676065,0.10518515,0.096831314
2799,-0.18046938,0.19369027,0.11005953,0.096861415
2800,-0.113878146,-0.009602368,0.07391477,0.06650164
2801,-0.009492479,-0.35629183,0.075507045,0.06315506
2802,-0.04824613,0.21259153,0.080635235,0.0717586
2803,0.55149853,-0.3662926,0.12798697,0.118717626
2804,0.6370489,0.15929455,0.04181086,0.033732038
2805,-0.04475679,-0.23516518,0.18887833,0.19189364
2806,-0.02412285,0.20804031,0.06157484,0.052966304
2807,-0.22984111,-0.20081763,0.12789875,0.12557426
2808,-0.128568,0.06218352,0.061893906,0.044075046
2809,0.5199384,-0.16697761,0.056410585,0.048914913
2810,-0.010672003,0.062821455,0.13228886,0.12629607
2811,0.02309256,0.18800016,0.06495496,0.055008523
2812,0.117644206,-0.16966063,0.1276241,0.1301629
2813,0.070389405,0.17538907,0.048763108,0.040705908
2814,0.12370023,-0.53993255,0.058577735,0.055863846
2815,-0.30821475,0.49371552,0.083560355,0.087917194
2816,-0.039799873,0.1620642,0.13734041,0.13226439
2817,-0.18667579,-0.65012264,0.12014985,0.12724921
2818,-0.070988506,-0.15089098,0.09214572,0.0754411
2819,-0.030634705,-0.0029505268,0.048551902,0.038009197
2820,-0.027955126,-0.2965502,0.1049762,0.101778895
2821,-0.008157149,0.21187325,0.047536947,0.042570364
2822,-0.00053286925,0.1891105,0.084925175,0.06944429
2823,0.04751607,0.004774876,0.10362346,0.09046833
2824,-0.03765268,-0.08511533,0.15947466,0.14640176
2825,-0.17921954,-0.039362013,0.068314336,0.052179955
2826,0.09795374,-0.2969995,0.08192408,0.07461351
2827,-0.2071708,0.070499875,0.2897129,0.2864331
2828,0.03586928,-0.16876881,0.10234744,0.09814105
2829,0.20136692,0.08079959,0.102039285,0.09392212
2830,-0.04786439,-0.14598079,0.06133224,0.048628867
2831,-0.49722105,-0.030028552,0.072714865,0.06654242
2832,-0.18922834,-0.1236441,0.21537265,0.21343763
2833,0.0845035,-0.0793231,0.05669245,0.045273546
2834,0.26993513,0.19226068,0.16654937,0.16746317
2835,0.44613534,-0.27449673,0.06548992,0.05517468
2836,0.0061676204,-0.12364498,0.10610147,0.096678354
2837,-0.20865962,0.3916433,0.12939976,0.122918606
2838,-0.00013237447,0.21626788,0.092388995,0.08349679
2839,0.7086659,0.12345657,0.13483904,0.10560089
2840,-0.030299038,0.0012386739,0.12935776,0.11703279
2841,-0.35071445,-0.06928572,0.06618762,0.05790476
2842,0.06211361,0.36355972,0.067824885,0.0625875
2843,-0.3151825,-0.42960477,0.072156474,0.051407784
2844,0.028531607,-0.029621527,0.09555079,0.09818821
2845,-0.112421975,-0.010962695,0.10435069,0.088041715
2846,0.04481198,-0.09349828,0.037796613,0.02891032
2847,-0.55732894,0.0645695,0.13087207,0.13017818
2848,-0.0389137,0.041286975,0.057564244,0.05072449
2849,0.08686629,-0.4154384,0.06731859,0.05908474
2850,0.16937481,0.4991932,0.11385945,0.11276901
2851,0.050978635,-0.029662587,0.23265965,0.22458456
2852,0.0946029,-0.41586018,0.09313184,0.08856062
2853,-0.10996863,0.09398192,0.07040443,0.06587776
2854,-0.15114062,-0.6003345,0.087771624,0.08449557
2855,0.02180091,-0.017953642,0.065836765,0.05356321
2856,0.20948769,-0.08785871,0.07401817,0.060152557
2857,-0.027476072,-0.08457239,0.17592166,0.16027442
2858,0.048745375,-0.024509326,0.03508749,0.030316288
2859,-0.40075266,-0.07096225,0.16621667,0.15908825
2860,0.0075056776,0.0026024282,0.14550383,0.14049456
2861,0.24646391,0.12229885,0.084003374,0.068225816
2862,-0.055949878,0.55271447,0.11108811,0.11040469
2863,-0.093446165,0.13096187,0.048065856,0.048390858
2864,-0.010754831,-0.015163466,0.16323477,0.15326726
2865,0.21612836,-0.0976118,0.07312671,0.06958447
2866,-0.040039964,0.004441574,0.06477531,0.05863851
2867,0.039029285,-0.12922396,0.08404623,0.07582247
2868,-0.14115687,0.25244308,0.1065494,0.10344822
2869,-0.09310655,-0.35709375,0.21535958,0.20713116
2870,-0.10855049,-0.0052794516,0.14629972,0.13852812
2871,-0.10588874,0.14055867,0.039315492,0.032967735
2872,0.016323015,0.028566845,0.08909407,0.08388778
2873,0.007167347,0.083631516,0.0619152,0.0602801
2874,0.07122558,-0.04939753,0.08076763,0.07454432
2875,0.5356374,-0.37998366,0.054187912,0.044235375
2876,-0.0018976592,0.01292517,0.08934309,0.078624144
2877,-0.12368441,-0.04426503,0.09913304,0.08137827
2878,-0.046661142,-0.03327752,0.08181457,0.07952347
2879,0.33018878,0.594818,0.09761926,0.09175469
2880,-0.17723171,-0.09434101,0.09358516,0.08367783
2881,0.5868458,0.4533952,0.16757773,0.16615875
2882,-0.020055346,-0.083140135,0.19117536,0.17414697
2883,-0.4220985,-0.17023106,0.08551521,0.077898555
2884,-0.012455396,-0.4874252,0.09110116,0.08816651
2885,-0.02921772,-0.025303692,0.08148497,0.077110715
2886,-0.2660582,0.3455965,0.11086822,0.11502843
2887,0.12523475,-0.31360108,0.1158106,0.11451812
2888,0.22817618,-0.09331904,0.06741029,0.06192628
2889,0.29311332,-0.07620539,0.055334322,0.04527553
2890,0.038144115,0.15967685,0.069383055,0.050920535
2891,0.16728574,0.318393,0.1540324,0.15077302
2892,-0.33856413,0.17278527,0.07525321,0.060069323
2893,0.21436135,-0.19853584,0.061004914,0.052518696
2894,0.07821733,0.121567845,0.14960884,0.13699079
2895,-0.02336457,-0.010920033,0.089738764,0.08173298
2896,-0.06538175,-0.07099586,0.08096664,0.07519377
2897,-0.23604485,0.1551059,0.086142994,0.07298017
2898,0.17188321,0.10390217,0.072147936,0.06461788
2899,-0.16366342,0.28739876,0.09474859,0.093911074
2900,-0.51032823,-0.24383938,0.103701055,0.099809654
2901,0.006049849,-0.040084884,0.07808219,0.06878418
2902,-0.011456218,0.20927517,0.16443981,0.16284214
2903,-0.119801596,-0.1224166,0.11218936,0.09986074
2904,-0.041429613,0.044620827,0.15921453,0.13982862
2905,0.012197748,-0.18111326,0.061812557,0.056185998
2906,-3.4373254e-05,0.011662498,0.039944068,0.031296905
2907,-0.04207604,-0.02003029,0.040885855,0.035787374
2908,0.08676329,0.061608538,0.07959565,0.07561199
2909,-0.22785348,-0.6194578,0.05463612,0.05308961
2910,-0.048500422,-0.018862113,0.08934136,0.0826548
2911,-0.18878023,-0.1931767,0.08147442,0.07305984
2912,-0.6600979,-0.11523715,0.095252894,0.08044227
2913,0.057774425,-0.15411218,0.11214567,0.106922835
2914,-0.30042732,-0.23235287,0.07152653,0.06670356
2915,-0.65117335,0.17151923,0.08500511,0.07440358
2916,-0.024620235,0.038417675,0.089399025,0.06777265
2917,0.028755777,-0.021999158,0.07929009,0.062677465
2918,0.06549448,-0.3888346,0.07939273,0.07099116
2919,-0.7270116,-0.20489909,0.071577124,0.069298595
2920,-0.02073026,-0.11037116,0.08799195,0.07796426
2921,-0.014621649,0.04182151,0.051234473,0.03880594
2922,0.22434218,-0.68076515,0.056482688,0.060971826
2923,0.008790445,0.33639294,0.10355446,0.101744354
2924,-0.13104665,-0.6460262,0.07041243,0.07154363
2925,0.12479158,0.12604469,0.1602667,0.14829163
2926,-0.10836993,0.04984291,0.12724051,0.101844996
2927,0.059298318,-0.13503218,0.23473223,0.2269199
2928,-0.48948872,0.017695911,0.09210516,0.085124224
2929,-0.112697855,-0.48718417,0.12952325,0.12658912
2930,-0.27226433,-0.19981714,0.041227043,0.028855668
2931,-0.04798394,0.12606505,0.14126278,0.1434018
2932,0.030046336,0.20192362,0.13796338,0.14375725
2933,-0.057633635,-0.00598906,0.17591937,0.1698832
2934,-0.006794043,-0.2993331,0.13227381,0.1380842
2935,0.0029236227,0.07837404,0.05348416,0.039973587
2936,-0.15247294,-0.14051443,0.05289853,0.050703317
2937,0.068268135,0.07960552,0.09336705,0.08678605
2938,-0.10559592,-0.04976338,0.066028945,0.057622172
2939,-0.16550183,-0.11267712,0.055083778,0.050620854
2940,-0.021665595,-0.060308836,0.057800665,0.051155943
2941,-0.071630195,0.01949948,0.14951953,0.15248153
2942,0.20247106,-0.6598111,0.079917386,0.070398904
2943,-0.30821475,0.49371552,0.083560355,0.087917194
2944,0.039944865,-0.043476857,0.1058141,0.10280633
2945,0.14648315,-0.16695349,0.07560055,0.059847437
2946,-0.0036964752,0.24480505,0.075500414,0.0622405
2947,0.01713061,-0.051417544,0.08494433,0.068387836
2948,-0.2870904,0.58965856,0.048279434,0.058024317
2949,-0.16438669,-0.25660533,0.03923446,0.030861557
2950,-0.15410405,-0.18523505,0.092539966,0.085275516
2951,-0.41416353,0.17539044,0.06376126,0.050349414
2952,0.19523102,-0.25638467,0.06905256,0.045499716
2953,-0.323482,0.20695433,0.07406611,0.060134802
2954,0.10594617,0.31827867,0.051558554,0.046493333
2955,-0.14089559,-0.49211484,0.091049254,0.076785535
2956,0.42511675,-0.19348206,0.08598242,0.074615404
2957,-0.80817616,0.019532114,0.07919119,0.064210996
2958,0.12430699,-0.273454,0.063794576,0.05818861
2959,0.059570413,0.03993497,0.07814009,0.068216115
2960,-0.014124818,0.059164785,0.120090656,0.10555048
2961,0.03179305,0.04345052,0.09142129,0.08151006
2962,-0.0220037,0.02104821,0.073464155,0.067534804
2963,0.13624163,-0.09195423,0.115180895,0.10694728
2964,-0.0059548356,0.27224982,0.0985838,0.08644422
2965,0.0033537,-0.13097768,0.08596863,0.07099386
2966,-0.06494975,-0.06859128,0.26950344,0.27581123
2967,0.16933277,-0.11011927,0.109874345,0.09699875
2968,-0.16682361,-0.041585907,0.15538247,0.15006599
2969,-0.093516886,0.058346704,0.16004914,0.1503376
2970,0.09817161,0.009144634,0.06863583,0.06730496
2971,0.11988193,-0.64250994,0.11469282,0.109435275
2972,0.02137791,-0.21168141,0.11361358,0.107766956
2973,-0.23745003,-0.50529003,0.059400257,0.058392826
2974,0.21855734,-0.06880368,0.15354623,0.14666042
2975,0.17017812,-0.25556332,0.03960004,0.03254384
2976,0.14440796,-0.033266574,0.038423397,0.031751476
2977,0.17199762,0.32432038,0.14382954,0.13176441
2978,-0.12960468,-0.25852585,0.1270381,0.121903904
2979,-0.042315405,-0.2188795,0.043657966,0.038284965
2980,0.6400996,-0.087677546,0.067401156,0.057533763
2981,0.005387213,-0.29429066,0.05114148,0.043281157
2982,0.24489962,-0.21311092,0.09948029,0.09618843
2983,-0.14289235,0.03416396,0.077564634,0.07768954
2984,0.059118714,-0.028351188,0.16470778,0.16001025
2985,0.0020761676,0.18720491,0.20911926,0.21529312
2986,-0.09198369,-0.44289815,0.07150299,0.06761964
2987,0.017765746,0.13608077,0.06455516,0.06214984
2988,-0.08431575,0.17470124,0.048168335,0.043288168
2989,-0.42044365,0.38824934,0.07876334,0.066649616
2990,0.042053472,-0.0361929,0.08128189,0.07247313
2991,0.22416651,-0.11062686,0.14345834,0.12289107
2992,-0.08257151,-0.08924233,0.11700744,0.11699628
2993,-0.589897,-0.19295095,0.11752502,0.11533784
2994,-0.05216878,-0.20247568,0.048690207,0.03907421
2995,0.081698835,-0.08800594,0.13169943,0.1296872
2996,-0.6048469,0.77468824,0.14277491,0.13878989
2997,0.03791934,-0.057172254,0.0663302,0.060211726
2998,-0.3035965,-0.63731,0.10296377,0.10307649
2999,0.08084792,-0.0011788607,0.07505992,0.05891028
