,e1_out_mean,e2_out_mean,e1_out_std,e2_out_std
0,0.2366209,-0.5966562,0.03428261,0.036555942
1,0.006744977,0.0039205775,0.088795565,0.07513742
2,-0.42819577,0.3436393,0.23460874,0.214465
3,-0.31385309,0.5039098,0.0662897,0.065900214
4,-0.04396069,-0.02320806,0.0337708,0.028077088
5,0.022595726,-0.36788812,0.14330514,0.16493398
6,-0.060819454,-0.044263706,0.038786404,0.036563933
7,0.1588764,0.04637889,0.044820495,0.035761353
8,-0.09569964,-0.021347873,0.11330644,0.106490925
9,0.20025736,0.23736404,0.039347816,0.034658674
10,-0.4657569,-0.6855576,0.045722965,0.047016144
11,0.07634807,-0.15759379,0.069388844,0.058172908
12,0.105238676,-0.20948875,0.06825255,0.0560664
13,-0.23574656,-0.028508522,0.18381672,0.14983585
14,-0.025636343,-0.20938474,0.025808705,0.02368259
15,-0.011882346,-0.01493936,0.07133738,0.08240145
16,-0.08443969,-0.034162194,0.113658145,0.089782424
17,-0.06429598,0.21638191,0.048627872,0.04236764
18,0.19881517,-0.20557049,0.10154023,0.088066354
19,0.5917654,0.07483597,0.13614054,0.11887657
20,0.169702,-0.15968287,0.032508686,0.026697993
21,-0.09456368,-0.21291482,0.12564363,0.119175926
22,-0.05110448,-0.04838483,0.08010192,0.07690445
23,0.031712767,0.305815,0.20713717,0.17878121
24,-0.021672,-0.004520774,0.054972645,0.042362723
25,0.033144657,-0.027732305,0.03666898,0.029513745
26,0.037374366,0.2825722,0.13196284,0.13202022
27,-0.2227151,-0.0018660799,0.045614887,0.03754625
28,-0.008508662,-0.079757065,0.066638395,0.05753965
29,0.0026456937,0.036541127,0.059064873,0.059055
30,-0.0881774,0.054191656,0.080254205,0.068636484
31,0.013008557,-0.10895027,0.06421591,0.060888875
32,0.14089616,-0.4546688,0.08328926,0.0750754
33,-0.18284577,-0.006958872,0.06186959,0.046136633
34,0.16502705,0.20386842,0.06311032,0.054690897
35,-0.33784345,-0.18375695,0.21158,0.18620136
36,-0.26590303,0.3886152,0.033778634,0.02929216
37,0.06837371,0.4991661,0.053264007,0.061435826
38,0.5593706,-0.031743795,0.049651816,0.038453694
39,0.12161942,0.022220418,0.03298182,0.027206993
40,0.07652897,-0.44948652,0.10738288,0.091981664
41,-0.0051575825,-0.103308916,0.036952674,0.03101102
42,0.25337648,0.121171445,0.37089902,0.42593876
43,-0.15411986,0.12227052,0.048644453,0.044523466
44,0.114419326,-0.1983132,0.19525439,0.20544173
45,-0.0848909,0.18106416,0.18906379,0.20233057
46,-0.15524438,-0.038948357,0.03031188,0.02495353
47,0.07715993,-0.17197683,0.041870307,0.037428692
48,0.023484316,-0.27982923,0.12887666,0.12791564
49,0.10489653,-0.39250687,0.035632346,0.03792257
50,-0.24065386,-0.011638291,0.046139,0.05199192
51,0.013945568,0.011744462,0.03345046,0.02758723
52,0.00082853064,-0.08891326,0.07700585,0.06674855
53,0.09023687,-0.07882884,0.044772383,0.035798788
54,-0.07017184,-0.3253522,0.063538656,0.07039585
55,-0.14978117,-0.6326014,0.03592231,0.046234977
56,0.105985224,0.050084155,0.09509899,0.07318588
57,-0.018859725,-0.0063322857,0.03543043,0.030164346
58,0.022627864,0.03057047,0.062314592,0.047509663
59,-0.0052377563,-0.047180623,0.03834596,0.030058658
60,-0.39655468,-0.46247974,0.067020975,0.07334203
61,0.047993932,0.2016205,0.17264578,0.17734265
62,0.015235588,0.21465936,0.06793137,0.070233874
63,0.0065654814,-0.049515232,0.03434332,0.027739977
64,0.25475428,-0.7264805,0.09205765,0.09389288
65,0.34393492,0.13834472,0.33582738,0.2370178
66,0.0016916655,-0.19810513,0.031012591,0.02794659
67,-0.036196347,-0.08322738,0.042666364,0.03764947
68,-0.024814866,-0.041380957,0.09342862,0.09629218
69,-0.29506996,-0.42443892,0.14911388,0.10234579
70,0.05308881,0.13469544,0.030133298,0.024145948
71,-0.019034136,-0.11162569,0.105342776,0.09617934
72,0.3844236,0.5857841,0.06399913,0.07081602
73,-0.68139887,-0.16318762,0.052024454,0.03658179
74,-0.17152356,-0.33443362,0.09220909,0.09986156
75,-0.28749254,-0.25450942,0.1275946,0.12372569
76,0.01571823,-0.02221372,0.13498485,0.122489855
77,0.5496834,0.453187,0.047293086,0.03863282
78,-0.021583527,-0.2570703,0.047753364,0.04378981
79,0.59978557,0.13553807,0.0423804,0.03621895
80,-0.03544848,0.061444793,0.068939745,0.06809635
81,-0.0242577,-0.039030686,0.11585256,0.10450924
82,0.007022541,-0.0936538,0.031757623,0.025634795
83,0.021737624,-0.035705164,0.024797488,0.019596417
84,-0.033537343,-0.22043693,0.0937824,0.093284495
85,-0.15363762,-0.015759148,0.047600716,0.032975264
86,-0.014076194,0.010619737,0.07716532,0.06961764
87,-0.17746378,-0.14355288,0.09190271,0.07439751
88,0.041157637,0.014557168,0.06950662,0.05659569
89,0.0840746,-0.17653704,0.15346558,0.15361778
90,-0.088215746,-0.18032822,0.04636608,0.03840114
91,-0.33244973,0.35177192,0.057071075,0.053431008
92,-0.15435284,0.8117,0.038069542,0.040387895
93,-0.13088161,0.038870204,0.06196933,0.055251054
94,0.120148495,-0.0504957,0.02937455,0.024903703
95,0.4176278,0.25154233,0.037864223,0.030760964
96,-0.0071033854,0.066703044,0.19701652,0.169478
97,-0.17360139,-0.4618841,0.03511201,0.03647832
98,0.0027454197,-0.072552845,0.03016025,0.026163835
99,-0.12708646,0.62147653,0.045241125,0.04352496
100,0.19600533,0.084561445,0.08787699,0.08242028
101,0.03555112,-0.026980832,0.034224786,0.026610356
102,-0.1401899,0.049463302,0.15634295,0.13627192
103,0.048904967,-0.027992934,0.052596472,0.04479055
104,0.08098559,-0.43610564,0.045252983,0.03924002
105,0.9903527,-0.105553955,0.07982153,0.059951253
106,-0.010178935,0.13924536,0.07465154,0.06640475
107,-0.11063236,0.13578337,0.082788974,0.073004656
108,-0.040372793,-0.09295231,0.25870752,0.27022466
109,0.036313843,-0.08166957,0.035305694,0.031535707
110,0.024128936,-0.007859372,0.03622587,0.026202332
111,-0.042648196,0.07538939,0.037985653,0.03240675
112,0.014126483,-0.0016012415,0.031864442,0.027215187
113,-0.51379365,-0.40013647,0.055133417,0.04912349
114,-0.06091545,-0.04113312,0.11209314,0.095547825
115,-0.13273998,0.15359211,0.11345107,0.09408337
116,0.5988564,-0.30773342,0.04468963,0.033746257
117,-0.64098126,0.035139423,0.059567846,0.04924318
118,-0.08424412,0.4156661,0.10952523,0.11227893
119,0.004159458,0.041201834,0.024427848,0.020751921
120,0.109952316,-0.22417524,0.029038442,0.024448056
121,0.010446787,-0.029619016,0.027786225,0.025948783
122,0.3789071,0.3872094,0.05492232,0.05244438
123,0.007107701,-0.16589946,0.074461125,0.06609721
124,-0.038215317,0.34035963,0.0421563,0.04085938
125,-0.06006804,-0.049352527,0.04422931,0.036561415
126,-0.20012607,0.08151345,0.17538846,0.13372533
127,-0.47723186,0.20894846,0.058527134,0.040666025
128,-0.024972465,-0.037395343,0.03374798,0.032134626
129,-0.027715182,-0.1349229,0.11329718,0.12406728
130,-0.11564268,-0.076024294,0.12024056,0.09015923
131,-0.08479572,0.20743194,0.024494503,0.022445776
132,-0.0358778,-0.032557234,0.050228246,0.03942509
133,0.039179947,0.064403884,0.02909935,0.024913589
134,-0.0071784705,-0.10430898,0.030503375,0.026187079
135,-0.009524167,-0.0414529,0.035743117,0.030545704
136,0.07206716,-0.12701862,0.08371792,0.08029066
137,-0.40793145,0.066836886,0.057348587,0.061386254
138,0.13127875,0.08290939,0.047692105,0.034598496
139,0.029105764,-0.102416724,0.09139214,0.067534514
140,0.009953741,0.04651317,0.07718807,0.06993582
141,-0.10863441,-0.0091192275,0.03512973,0.02772755
142,-0.17292804,0.4128447,0.044805337,0.050116558
143,0.15869664,0.19164431,0.07870848,0.06784456
144,-0.020208701,0.056144234,0.037085243,0.033783134
145,0.3183971,-0.56993735,0.042328637,0.037422556
146,0.1740361,0.36043435,0.036983345,0.03775076
147,0.30102056,0.44573072,0.08770272,0.07529253
148,-0.29336816,-0.3780661,0.10086667,0.0970046
149,-0.1406257,0.14922202,0.029804967,0.025820151
150,-0.5522688,0.0897234,0.05130355,0.037912372
151,-0.2868602,-0.045544684,0.030185927,0.023784053
152,-0.039970003,0.16900589,0.044934817,0.044061303
153,0.07334888,-0.2838953,0.038201164,0.036455046
154,-0.1554667,0.16192311,0.14068007,0.15092888
155,-0.08308839,0.015848331,0.053887613,0.042085685
156,-0.07101334,0.013515249,0.0377453,0.029170796
157,-0.19075598,0.05802664,0.06129076,0.05176399
158,0.12712769,-0.10934578,0.06718383,0.06317255
159,-0.024171194,-0.02818612,0.109338455,0.10465688
160,-0.055719096,0.07063955,0.03162839,0.028995868
161,0.57497364,0.11557236,0.068964005,0.062027413
162,-0.054547377,-0.44890425,0.0864014,0.08409913
163,-0.30007327,-0.22854468,0.05075064,0.0424883
164,0.045319173,-0.07600601,0.032013856,0.027186431
165,0.59062546,0.3452869,0.035612207,0.031572737
166,0.18285155,-0.06297043,0.059347454,0.04500919
167,-0.024857564,-0.10387167,0.07762729,0.066837244
168,-0.12099995,-0.06292233,0.030687671,0.025255803
169,0.771882,0.04733389,0.05459763,0.039653625
170,-0.7444956,0.1373814,0.054906182,0.038785532
171,0.05488268,0.017176978,0.11829994,0.09082964
172,-0.2529294,-0.086645424,0.14353597,0.109143086
173,-0.33875766,0.072973885,0.078521915,0.056645267
174,0.034511503,0.06489618,0.058440335,0.04409227
175,-0.045274924,0.03032913,0.074939474,0.07150547
176,0.022385627,0.054309096,0.0361854,0.029271465
177,-0.01884351,0.0016000494,0.122836575,0.09698924
178,0.019382995,-0.071821585,0.09993151,0.09155014
179,0.008194964,0.11615799,0.14981861,0.14901379
180,-0.008942226,-0.009242125,0.03430784,0.02634883
181,-0.56479836,-0.49476114,0.0411584,0.045118064
182,-0.0050457977,-0.20308,0.12894644,0.093808025
183,0.5764882,0.55540574,0.07916686,0.073666975
184,-0.0032247566,-0.11482631,0.14736702,0.13662787
185,0.02040112,-0.0014307499,0.029162804,0.024177404
186,0.0022856705,-0.0149163455,0.025739582,0.02135536
187,-0.16747996,0.38227302,0.3693382,0.30462912
188,0.11417182,0.1515388,0.051728487,0.03639676
189,-0.17929606,0.6765846,0.08810308,0.077429526
190,-0.2251508,-0.08067714,0.13413562,0.13398317
191,0.05663037,-0.02391436,0.052446716,0.04389249
192,-0.059647467,0.044554334,0.08000542,0.06091275
193,-0.03384411,0.0015053973,0.028231813,0.022888813
194,-0.008130608,0.05662004,0.026755765,0.020540494
195,-0.27354318,-0.05829306,0.04623701,0.037158664
196,-0.6981542,-0.11135419,0.06511738,0.04644077
197,-0.53624135,0.2747574,0.2147337,0.21159907
198,0.27544963,-0.06419949,0.32370394,0.24323091
199,0.032468934,0.12740226,0.038423967,0.036109783
200,-0.016971566,-0.017826833,0.02400896,0.019860232
201,-0.33717737,-0.16805711,0.1232932,0.12620573
202,0.2598329,0.05976234,0.054527305,0.041450195
203,-0.033131897,0.003014572,0.04417445,0.035518687
204,-0.19540073,0.7895036,0.048129257,0.0689164
205,-0.0683776,-0.120286465,0.12784703,0.10671599
206,-0.22236674,0.13258664,0.0698454,0.05351402
207,-0.0050007086,-0.021700315,0.07801924,0.06652312
208,-0.07164685,0.19848922,0.095705174,0.09237663
209,0.06730072,-0.021425165,0.10489248,0.08048862
210,-0.017798472,-0.07623944,0.06361741,0.05400848
211,0.114923015,-0.21640113,0.12224513,0.13573226
212,0.043663997,-0.11519544,0.07927105,0.07814444
213,-0.06115514,-0.093473524,0.042866707,0.035133034
214,-0.21186602,0.08441267,0.13200504,0.092045106
215,0.056472477,0.12633562,0.03063588,0.02467466
216,-0.08993551,0.101600155,0.06786398,0.066171885
217,-0.060778543,0.04025975,0.07230021,0.05721169
218,0.053092856,-0.06224285,0.0587386,0.05267693
219,-0.15444687,-0.13721663,0.1242058,0.10884599
220,-0.004829131,0.05051562,0.111206725,0.09920997
221,-0.061974637,-0.13527454,0.09273401,0.074584275
222,0.07198669,-0.09344734,0.033499576,0.02813437
223,0.12950374,-0.74246395,0.051304914,0.0622915
224,-0.07717751,-0.46550146,0.04400847,0.045263067
225,-0.03992024,0.1804134,0.035675365,0.032131325
226,0.016731478,-0.008854181,0.06191375,0.06404556
227,0.2764124,0.22064434,0.042952236,0.038231783
228,-0.1336144,-0.61544514,0.07338385,0.07474126
229,-0.14801563,0.25394738,0.03455293,0.03187792
230,-0.014317354,-0.5431483,0.029220926,0.03428668
231,0.016176261,0.029521756,0.069820724,0.053844206
232,-0.010696184,0.007486433,0.036247026,0.03054274
233,0.10200621,0.10271756,0.18435095,0.16370018
234,-0.2713571,0.2584677,0.037590317,0.033870723
235,-0.008522669,-0.019455351,0.029970303,0.02518582
236,0.5798025,-0.31964216,0.054783408,0.04841491
237,0.78959996,-0.5908264,0.04717426,0.0413652
238,-0.0360559,-0.089674994,0.046523012,0.042246073
239,0.05442113,-0.013552286,0.06499975,0.050744433
240,0.00031754002,-0.05647488,0.05898542,0.054614082
241,-0.16556026,-0.3540056,0.027050061,0.023722766
242,0.25363067,-0.1485396,0.086378664,0.073866
243,0.012677379,-0.0037568882,0.13754283,0.11141499
244,-0.022605289,0.010585062,0.06575875,0.051832475
245,-0.11231129,-0.17899382,0.09922382,0.08388862
246,0.07064493,-0.067854896,0.034876607,0.02939611
247,0.0709292,0.5496944,0.088533394,0.1176714
248,-0.11758812,-0.0154079795,0.1202154,0.110916406
249,-0.09618513,0.08509715,0.0654237,0.060228813
250,0.043066297,0.25945652,0.044220977,0.040316384
251,-0.19652624,0.0791129,0.074953526,0.060293913
252,-0.25707784,-0.014046527,0.05976932,0.043055702
253,0.104859695,-0.057447508,0.1456375,0.11411433
254,-0.013859853,-0.042084053,0.038671494,0.033447064
255,-0.45181444,-0.014471948,0.23660477,0.16941735
256,0.015842672,0.009463608,0.036562562,0.030065369
257,-0.15785898,-0.2607918,0.04030081,0.03618316
258,0.15927781,0.22506842,0.046929963,0.04538385
259,0.032845695,0.26016054,0.085066855,0.09554252
260,0.088590726,-0.07440238,0.08571012,0.07798006
261,0.07686038,0.3796569,0.050875273,0.052168023
262,-0.18513642,-0.37945414,0.19540589,0.23207323
263,-0.254502,0.35369694,0.04044495,0.036245286
264,0.42213756,0.04965394,0.031212976,0.026856326
265,-0.3934267,-0.45793924,0.04075127,0.045819577
266,-0.3604832,-0.47225145,0.053040527,0.05626221
267,0.11154428,0.07297834,0.07046331,0.054582898
268,-0.42362288,-0.47582933,0.064718306,0.05833993
269,-0.037810463,0.003925234,0.05888799,0.049591057
270,-0.104881644,-0.030705169,0.036888797,0.026517946
271,-0.007628128,-0.1904571,0.033343233,0.027971666
272,0.11421205,-0.50727034,0.082769334,0.074053206
273,0.049722727,-0.055226296,0.025891067,0.020869749
274,0.04166783,0.25828326,0.08994973,0.07940409
275,0.6627997,0.22639854,0.08836557,0.08280086
276,-0.013888553,-0.035295695,0.038661517,0.033419803
277,0.33696613,0.27399027,0.048057448,0.040632013
278,-0.13954839,0.06792893,0.090676636,0.08062381
279,-0.03240823,0.030874677,0.036817558,0.032263465
280,0.02806902,-0.20781568,0.06497317,0.072297335
281,0.012809601,-0.0122099295,0.057477124,0.046720795
282,0.3174759,0.053743273,0.06703556,0.050239243
283,-0.0021643918,-0.02847872,0.025869694,0.022746874
284,-0.052718554,0.023565635,0.043739785,0.034744408
285,0.009954199,0.05176566,0.032546073,0.027221596
286,-0.04558684,0.0027281046,0.028546061,0.02241736
287,-0.08586331,-0.13910097,0.04933573,0.038055588
288,-0.08496804,0.024816796,0.09471465,0.079795144
289,0.6072104,-0.08610457,0.05576127,0.047964673
290,0.07973227,-0.27599993,0.102446444,0.10243297
291,-0.053008705,-0.03475961,0.030225255,0.02642016
292,-0.065485045,0.5063973,0.13423295,0.14186312
293,-0.016199822,-0.03035359,0.03851161,0.032723963
294,0.05768102,0.01609718,0.028153,0.022663448
295,-0.19836642,-0.023523547,0.03284536,0.027364457
296,-0.2718141,-0.06778036,0.07227925,0.06513518
297,-0.18261461,0.3762205,0.1191439,0.10629112
298,0.17567916,-0.23961377,0.030248731,0.026744748
299,-0.06631765,0.016613275,0.04597461,0.036327537
300,0.028793227,0.020419665,0.038287673,0.033376478
301,0.058504354,-0.09046233,0.037880294,0.036628038
302,-0.071316496,-0.08484997,0.12595488,0.102760114
303,0.1291985,-0.13769093,0.06624017,0.0607669
304,0.07562499,-0.30442595,0.056976818,0.059567146
305,-0.16207862,-0.21037602,0.06506208,0.06140141
306,0.10754901,0.2846737,0.040956,0.03516903
307,-0.036789216,0.01810868,0.040937353,0.030313909
308,0.038502153,0.07852989,0.07482058,0.052969526
309,-0.40738648,-0.45984384,0.09157479,0.107503824
310,-0.04096094,0.06525047,0.04052246,0.03408091
311,-0.062948674,0.9441345,0.033530813,0.040735528
312,-0.34007347,0.13781556,0.049959294,0.038004465
313,0.08510929,0.08793316,0.0878889,0.06925419
314,-0.0420217,0.023684695,0.06171853,0.052934386
315,0.124164864,0.14987627,0.041314207,0.0324734
316,-0.57365316,-0.25893402,0.051000684,0.034091998
317,0.13525845,-0.03015627,0.2788084,0.2398131
318,-0.21435525,0.33942384,0.043260984,0.043716352
319,-0.07448581,0.07568726,0.048450604,0.04395235
320,0.031646673,-0.061461136,0.022456609,0.018993951
321,-0.1293732,0.056606553,0.057953894,0.043956332
322,0.025354948,0.006136872,0.025470933,0.020511739
323,-0.13511957,-0.3467117,0.032472912,0.029898608
324,0.02997651,-0.039847955,0.07825584,0.06939323
325,0.010213766,0.13918763,0.045661923,0.034721635
326,-0.56165797,-0.20259687,0.07557149,0.058624648
327,-0.5405933,-0.33867052,0.036124352,0.031402692
328,-0.059048437,0.5971104,0.08912776,0.10656033
329,-0.11424409,-0.24319229,0.05367139,0.053772453
330,-0.036403373,-0.31893548,0.051204905,0.047837794
331,0.048768748,-0.23909354,0.03676493,0.03228465
332,-0.09065781,-0.0022186935,0.05315233,0.040800773
333,0.025482614,-0.03235227,0.067256935,0.051845763
334,0.3812736,-0.31254673,0.15169968,0.1676603
335,0.05299485,-0.14070697,0.074496195,0.06536208
336,-0.02366053,-0.18701726,0.074640356,0.0703049
337,0.16860315,-0.037857547,0.041125916,0.03600714
338,-0.24451214,0.03672915,0.035554342,0.027731063
339,-0.22567606,-0.2991436,0.057074,0.05256064
340,0.5328245,0.483398,0.07236586,0.0716323
341,-0.020188037,0.011046916,0.032606076,0.028250154
342,-0.33884293,-0.028347038,0.12705113,0.08314364
343,-0.06731701,-0.037288785,0.08837365,0.07190709
344,-0.046299268,-0.16840789,0.094338745,0.08092653
345,-0.14870858,-0.11556722,0.09169881,0.07474392
346,0.23389536,0.54660505,0.09698103,0.09479419
347,0.062883124,0.009991199,0.08008685,0.061535574
348,-0.0076604206,-0.020953305,0.044899482,0.0360643
349,0.2664718,-0.18191302,0.06642971,0.06302163
350,-0.08901152,0.031373486,0.087754704,0.076660655
351,0.010894656,-0.034147546,0.047631413,0.04840527
352,-0.17452547,-0.04802859,0.09907182,0.065630846
353,0.41576782,-0.08688679,0.1353991,0.112657346
354,-0.0020277184,0.009752154,0.055298124,0.045149498
355,-0.24820428,-0.7649683,0.0570079,0.05772974
356,-0.038752895,0.114023335,0.07382486,0.06858676
357,0.009830598,-0.005087152,0.037503745,0.033632103
358,0.28579924,0.3578606,0.21632622,0.2017179
359,-0.012001779,-0.012434475,0.07804658,0.07166254
360,0.35351634,-0.10624449,0.060142744,0.046473846
361,0.03676637,0.11316489,0.03828079,0.034293734
362,0.021228246,0.5994004,0.07057218,0.07422495
363,-0.46644244,0.33997023,0.04402582,0.03572735
364,-0.51867366,0.041480124,0.03679044,0.027475486
365,-0.076813765,-0.110188246,0.06611543,0.0511367
366,0.14301686,0.0069052204,0.03414115,0.027262015
367,-0.15917318,0.0965694,0.15440738,0.11064708
368,-0.02106625,0.05722685,0.03823983,0.03037477
369,0.19244868,0.040107347,0.05898385,0.048965152
370,-0.5013288,-0.29578498,0.079541154,0.05848704
371,0.44546,0.21332355,0.059117574,0.04453453
372,-0.14411204,-0.06031336,0.13080147,0.097676456
373,-0.2166852,0.1132281,0.15752761,0.12967372
374,0.45598465,0.37438548,0.084706135,0.08142822
375,-0.0033373944,-0.04831253,0.06098932,0.05709827
376,0.0067717917,0.0051169023,0.022938015,0.01857739
377,-0.6213168,0.36576697,0.10372405,0.11470168
378,-0.043235507,-0.16523272,0.07186951,0.060695108
379,0.17511587,-0.67860925,0.059825245,0.05741031
380,-0.17740454,0.45736858,0.03732357,0.04079957
381,-0.031282958,0.015801616,0.05742805,0.0498304
382,0.49715522,-0.36814234,0.05316601,0.044103928
383,0.14569291,0.031054012,0.102057695,0.08233045
384,-0.33991638,0.0939262,0.06362804,0.050873455
385,-0.017455652,0.1517126,0.077121295,0.057603694
386,-0.18675506,-0.07849109,0.15480223,0.15185593
387,0.04738443,0.018658258,0.032724686,0.026525425
388,-0.0065768603,0.10244431,0.064179145,0.05700565
389,0.041496802,-0.12718433,0.109394886,0.10036585
390,-0.029910013,0.006729096,0.023415813,0.019605478
391,-0.3713579,0.7795503,0.056121428,0.07835142
392,-0.1329921,0.15293849,0.094527364,0.06782104
393,-0.6709796,-0.3950227,0.106098145,0.080686994
394,0.04114445,-0.071637005,0.080614895,0.056816064
395,-0.31233174,0.009694226,0.10098392,0.060661823
396,0.15425761,-0.75051105,0.095920175,0.1091139
397,0.30855292,-0.4782298,0.07620067,0.090249695
398,-0.14237255,0.18265508,0.2161061,0.21892633
399,0.031968784,-0.007474765,0.08063369,0.065853015
400,-0.101108134,-0.5646448,0.03103282,0.032560524
401,0.11431374,0.20166357,0.09705632,0.08256619
402,0.035229523,0.0404039,0.054387998,0.046189107
403,-0.028162776,-0.0042582154,0.033385668,0.030491473
404,0.050520826,-0.004856311,0.055705007,0.044055335
405,-0.028958382,0.09327741,0.064220384,0.051686745
406,0.06727043,0.20361602,0.036222078,0.03079876
407,0.023570694,0.0039932877,0.12736581,0.090741426
408,0.07599193,-0.24173778,0.23332608,0.23430814
409,0.46639535,0.23836653,0.06867278,0.061752807
410,-0.14591698,-0.096354604,0.0684162,0.058187447
411,-0.20330614,-0.010928698,0.06874256,0.045052756
412,-0.7195021,-0.34195775,0.03485335,0.033091594
413,-0.12364195,0.5373384,0.13100396,0.14105399
414,-0.34780097,-0.7049899,0.051107507,0.060037896
415,-0.06383568,-0.046471298,0.11097214,0.09547777
416,0.00078203157,0.05459102,0.04326498,0.03939858
417,0.0003103651,-0.051532656,0.026299998,0.02164212
418,-0.03876587,-0.1694704,0.029093217,0.025732102
419,0.07216367,0.323673,0.18237223,0.16888091
420,-0.22385688,-0.006526433,0.07271731,0.05596852
421,-0.23657064,0.1699039,0.09168009,0.07162745
422,0.0007932,-0.11635704,0.07683662,0.074225776
423,0.11381498,0.25693685,0.031010628,0.026521383
424,0.0737724,0.11598979,0.108751714,0.09139949
425,0.43844151,-0.30507144,0.19477068,0.15809762
426,0.0052609034,-0.025702924,0.033235885,0.026723256
427,0.08632858,-0.48883936,0.090700366,0.08494949
428,-0.09833512,-0.00040029734,0.13882878,0.1130899
429,0.03943232,0.0032559037,0.05130548,0.038917895
430,0.5305347,-0.08789508,0.18795793,0.17270081
431,0.026859477,0.020302542,0.024525099,0.020204008
432,-0.27788138,-0.12931572,0.085579686,0.06912739
433,-0.026334397,0.0035908595,0.052858043,0.052487504
434,-0.081155226,-0.042858034,0.066133395,0.04964409
435,-0.024057139,-0.0063976943,0.49711105,0.4251885
436,-0.111175135,0.08762317,0.077708244,0.061663143
437,-0.4455688,0.44574723,0.070836306,0.07157792
438,-0.07345739,0.20754987,0.16753913,0.14208391
439,-0.17601809,-0.3310945,0.07523453,0.06335613
440,-0.26991722,0.4610243,0.06263074,0.061371714
441,0.09024456,0.061801497,0.048940543,0.039561365
442,-0.36670634,-0.6299579,0.07219407,0.085378855
443,0.059241656,-0.008098096,0.038156528,0.029900817
444,-0.09175114,-0.037567228,0.10814344,0.08100878
445,0.075760856,-0.4886922,0.05083822,0.049185608
446,0.0009278022,0.08264221,0.09796531,0.08619839
447,-0.09722048,-0.0815033,0.07554407,0.059787326
448,0.09538868,-0.18184367,0.061269898,0.05155863
449,-0.0003486462,0.19614813,0.22765182,0.18656532
450,0.31515735,-0.34665188,0.09662361,0.088101625
451,0.35350803,-0.124133125,0.05339827,0.039658897
452,0.0846231,0.72608423,0.04372963,0.04251266
453,0.040659647,0.015260927,0.100527875,0.08631243
454,0.7322718,0.5870647,0.08891161,0.068199985
455,0.0020978078,-0.19499958,0.030695885,0.026838386
456,-0.63235354,0.10001243,0.060455427,0.04554316
457,0.08726144,0.037380256,0.064328276,0.05411938
458,0.48725006,-0.08903119,0.045488566,0.037619658
459,0.22406843,-0.67840767,0.04469488,0.047242556
460,-0.2561857,0.38451076,0.110671766,0.115768015
461,-0.10507794,-0.5231643,0.10852394,0.10274499
462,0.013603732,0.16707875,0.026767606,0.023265777
463,-0.062153146,0.68231416,0.064893514,0.072615944
464,-0.12206046,0.22624554,0.22971432,0.21218532
465,-0.6251537,0.3894517,0.06611978,0.06256753
466,-0.0036515817,0.3490967,0.09623466,0.08573368
467,-0.006410219,0.25301707,0.040554512,0.03794081
468,0.034443047,-0.054526776,0.032485142,0.027309222
469,0.045522567,-0.01701627,0.04320413,0.036981054
470,0.024799682,-0.15145124,0.11378531,0.08789037
471,-0.08357638,-0.13152108,0.052659582,0.04627962
472,-0.20313965,0.114882365,0.15306304,0.11181544
473,0.05841135,-0.03025408,0.023980442,0.019501576
474,0.029566783,0.01190459,0.08015111,0.07266142
475,-0.026586108,0.0007883683,0.0890042,0.07075513
476,-0.003195813,0.04593448,0.13404961,0.12800626
477,-0.31791794,-0.33409658,0.09000105,0.10575991
478,0.061173115,0.022621408,0.054830577,0.0509424
479,-0.07474457,0.066796705,0.07413628,0.080769375
480,0.14328468,0.1978069,0.051608257,0.04628405
481,0.001805786,0.0053071827,0.02640229,0.022781393
482,-0.22627439,0.15327078,0.107344106,0.08887801
483,-0.12113541,0.0885626,0.066034295,0.053074017
484,-0.15399443,0.049691577,0.24197395,0.19063617
485,0.032285605,0.00016912818,0.06799853,0.051791843
486,-0.08582538,-0.06355515,0.10979446,0.08420651
487,0.10619566,0.016382486,0.047328446,0.036495317
488,0.715412,0.068443805,0.076883316,0.06788736
489,0.5156436,-0.08374894,0.064161696,0.053299453
490,-0.20645428,-0.003143914,0.13175409,0.11229795
491,-0.16079299,0.0565927,0.058400866,0.040664766
492,0.0795048,-0.010011196,0.052057963,0.036461934
493,0.3291919,0.0069913343,0.23823462,0.16688173
494,-0.03650117,-0.019955643,0.02283362,0.020464022
495,0.20682262,-0.3805542,0.038909793,0.03771432
496,-0.4017977,-0.43893567,0.0717174,0.068817
497,-0.13999638,0.038302574,0.067205004,0.052309137
498,0.028463293,0.0410844,0.08809446,0.082558535
499,-0.20328908,-0.06670813,0.119172156,0.097931154
500,-0.041703537,0.24170795,0.045661923,0.040062565
501,-0.0733752,0.0452244,0.06691628,0.04983273
502,-0.08879322,0.16213694,0.058927767,0.057070117
503,0.449526,0.19407725,0.06195241,0.04995362
504,-0.006959494,0.10925681,0.032209184,0.026952911
505,-0.32573336,0.6243814,0.069136895,0.08424092
506,-0.034921754,-0.0112741515,0.04258891,0.03483669
507,-0.19193076,0.14011051,0.15982603,0.14564683
508,0.6212673,0.5105557,0.057141107,0.05514757
509,-0.094690725,0.46943954,0.09365108,0.09364228
510,-0.39555967,0.05032926,0.08178853,0.06311267
511,0.10671425,-0.11677854,0.065576,0.056673005
512,0.003968511,-0.22525355,0.120954655,0.097248174
513,0.029140692,-0.420863,0.05636608,0.06305851
514,-0.031188227,0.060785014,0.09222779,0.07840508
515,-0.13865434,0.023948058,0.060025647,0.04503062
516,0.10775915,-0.113711536,0.049350258,0.04317464
517,0.14080021,-0.906126,0.06264731,0.07436319
518,0.31261647,-0.16114008,0.08601152,0.0699402
519,0.07849309,0.044100054,0.044355445,0.038754426
520,-0.2547488,-0.62972033,0.045864508,0.042043585
521,0.07591359,-0.03416373,0.06782522,0.070265695
522,-0.025822554,-0.14199592,0.08488772,0.074648604
523,0.04327685,-0.014002711,0.058916528,0.041293785
524,0.12580141,0.14094567,0.07035588,0.06783347
525,-0.1977897,-0.045332238,0.17966668,0.16030924
526,-0.04870174,0.6392386,0.052149612,0.056316417
527,-0.61217207,0.44927686,0.059549876,0.061444826
528,0.5642439,-0.035459533,0.044182774,0.036615353
529,0.2631058,-0.08617008,0.09180787,0.06979868
530,-0.002205057,0.18487889,0.18967211,0.19756295
531,-0.04744745,0.0440757,0.03352966,0.025767574
532,0.07218529,-0.3592603,0.03265119,0.031064373
533,-0.22197007,-0.06699994,0.10909254,0.117276035
534,-0.3485069,-0.35048836,0.26410422,0.25666296
535,-0.6420093,0.5258921,0.045752916,0.044035226
536,0.18048133,-0.38517278,0.08294018,0.08718647
537,-0.124044925,-0.24798667,0.02781034,0.024908045
538,-0.08866953,-0.33315527,0.060743105,0.064566076
539,0.18753889,-0.27580637,0.119824946,0.101530485
540,-0.22829448,-0.06036234,0.16202283,0.20417202
541,-0.004497368,-0.016958065,0.045110542,0.040503383
542,0.088045806,0.1425066,0.03662784,0.031845573
543,-0.44666624,-0.5537634,0.039128654,0.046039917
544,-0.0024578888,-0.09102942,0.04587362,0.04348612
545,-0.39656392,-0.40947297,0.08658968,0.08812855
546,-0.27885768,0.28404114,0.075720586,0.067846045
547,-0.030341633,0.065416455,0.13325246,0.10783778
548,0.02174848,0.031680286,0.02847249,0.02332832
549,-0.09248984,-0.0757736,0.08304879,0.06905171
550,0.32475227,0.7708826,0.050123945,0.048783366
551,-0.07044149,-0.059366688,0.10937074,0.08447976
552,-0.042464487,-0.22789082,0.15129206,0.15128729
553,0.0040385462,0.44017765,0.04611658,0.047081336
554,-0.03725578,0.22084251,0.06760908,0.07220535
555,-0.39405292,0.056661725,0.043410525,0.03222987
556,0.05491433,-0.0987311,0.04011724,0.03315366
557,-0.2084793,0.7226293,0.077747405,0.07897394
558,0.21115457,0.6499233,0.05810588,0.06360457
559,0.08289091,0.6191535,0.052073356,0.06256773
560,-0.1817627,0.30751136,0.07172904,0.069019854
561,-0.0603832,-0.04595059,0.07272452,0.04808359
562,0.20662403,-0.016222052,0.11487797,0.079097465
563,-0.5527443,0.14879833,0.049623344,0.041252915
564,0.004582893,-0.2576847,0.21231516,0.18248695
565,-0.033611692,-0.10813524,0.06615359,0.054894455
566,-0.3627553,-0.12935221,0.04927253,0.039514266
567,0.060859006,0.04622776,0.04527588,0.034798454
568,-0.326601,-0.16474196,0.056737278,0.03850365
569,0.06950189,-0.17517579,0.025876315,0.02166455
570,-0.07265027,-0.0007566288,0.034546144,0.030034937
571,-0.41993412,0.3502853,0.049248133,0.049905337
572,0.07290879,-0.13709219,0.033632252,0.030026834
573,0.2257103,-0.13194002,0.0948748,0.065525174
574,-0.02151815,0.07000607,0.16226244,0.12629028
575,0.06358464,-0.5707263,0.11759083,0.1252098
576,-0.4330098,0.09105204,0.14484431,0.11478098
577,0.3139449,0.40568444,0.07169975,0.056695923
578,-0.05253201,0.13673605,0.03330138,0.031744003
579,-0.18909033,0.05295682,0.02699529,0.021156436
580,0.8473892,0.42558968,0.041610766,0.032395676
581,0.16822357,-0.22578263,0.036629107,0.031320915
582,0.072517455,0.018027693,0.07538378,0.059802253
583,0.028099924,-0.4493871,0.028922634,0.0315221
584,0.1915485,0.43583363,0.3608502,0.4344708
585,0.047415737,0.04433989,0.029580813,0.024794538
586,-0.028577471,-0.17827117,0.04669278,0.046005182
587,-0.039777923,-0.021584317,0.05410548,0.051515523
588,-0.06581198,-0.0026207864,0.13574316,0.10477854
589,0.008246373,-0.06619839,0.024239251,0.019163826
590,-0.02821377,0.01389692,0.0334447,0.025652705
591,0.43388295,-0.40236214,0.06840875,0.055527885
592,0.33339164,-0.6253576,0.047537744,0.04435542
593,0.1445894,-0.052793577,0.06293179,0.051117014
594,-0.11175382,-0.19032034,0.061117068,0.057773884
595,0.14925176,-0.2310752,0.08841904,0.08190032
596,0.4443437,0.4935352,0.039308384,0.037098296
597,-0.06606491,-0.50942266,0.114942156,0.14788094
598,0.095951006,-0.14006606,0.0847436,0.06567912
599,-0.017871624,0.067797184,0.055905234,0.048242014
600,0.78498274,-0.07425113,0.04526642,0.03606783
601,-0.03742794,-0.21565205,0.03771247,0.03303365
602,0.034643885,-0.09425156,0.054130666,0.050782885
603,0.01897547,0.05156415,0.04142035,0.037085857
604,-0.12685247,-0.16756332,0.11428265,0.10504716
605,0.00082549825,0.2563381,0.029504886,0.028599031
606,0.02261559,0.040684078,0.04555076,0.043866307
607,-0.060573496,0.09159372,0.02195433,0.018483562
608,0.04777569,-0.009176537,0.068695486,0.04800658
609,-0.09312734,-0.016017564,0.056032266,0.04982524
610,-0.010677982,0.042338505,0.090483025,0.062396694
611,0.007622741,-0.033603594,0.08613337,0.0662082
612,0.018568438,-0.18991181,0.043098632,0.04457004
613,-0.46429828,0.4101651,0.15031673,0.13479593
614,-0.07221408,0.13058884,0.04377915,0.03924135
615,0.020592127,0.014348388,0.038691908,0.030156886
616,0.18570805,-0.10790552,0.06424733,0.053972304
617,0.050952572,0.03803821,0.10959843,0.09857891
618,-0.01781552,-0.012074709,0.030329108,0.025544122
619,0.01548421,-0.06367093,0.04571101,0.03776775
620,0.1584874,0.02283816,0.14884292,0.11032512
621,0.09494838,-0.2133776,0.041111723,0.035493083
622,0.12958719,-0.15406115,0.036996905,0.03210946
623,-0.03067061,-0.07927397,0.06421871,0.05649246
624,0.048258353,-0.0657354,0.09871751,0.08426104
625,-0.050049167,0.02920878,0.06554709,0.053538155
626,0.4029115,0.7320131,0.035575163,0.040683173
627,-0.69772995,0.24307132,0.06271103,0.047892116
628,0.5741237,-0.52196276,0.30094263,0.24494463
629,-0.21470174,-0.21422526,0.044758715,0.034798626
630,0.016061194,0.0010683686,0.10015166,0.1192169
631,-0.083460465,-0.009381674,0.090194955,0.076774366
632,-0.16194421,0.14507091,0.07655409,0.06419285
633,0.062796,-0.16590506,0.036913384,0.033872113
634,0.03642309,-0.17704538,0.04945192,0.041372318
635,0.15803231,-0.1027194,0.032658458,0.025892645
636,0.06379935,-0.0062180012,0.024459604,0.0198756
637,-0.56939983,0.16418546,0.040756192,0.02707758
638,0.028201632,0.10135984,0.06226038,0.053102203
639,0.10457134,0.013620183,0.0810481,0.06839595
640,0.07971977,-0.04786159,0.101475924,0.08158166
641,-0.12729263,0.02590967,0.10104739,0.092652254
642,-0.21596725,0.13260028,0.03204791,0.025618711
643,-0.06594179,-0.055120155,0.13529176,0.1391133
644,0.7240192,-0.27291465,0.058213286,0.0519836
645,-0.27080855,-0.06400639,0.14233547,0.12120757
646,-0.04980293,-0.03537886,0.07518012,0.06673597
647,-0.23119056,0.35716867,0.046502072,0.041839156
648,-0.13243456,0.1370081,0.03743818,0.027460696
649,0.14597365,0.11988125,0.06444284,0.05468694
650,0.20319964,0.7425263,0.054198083,0.05412161
651,0.0042183585,-0.050325036,0.059236452,0.04638497
652,-0.034616068,0.02535376,0.03347767,0.027026907
653,0.0023497902,0.047527146,0.055941194,0.04496304
654,-0.008734025,0.00048200786,0.048554856,0.042520087
655,0.030886438,-0.004134886,0.030559458,0.02459729
656,-0.011724323,-0.006144017,0.02765485,0.022362586
657,0.057977784,0.02580718,0.050337754,0.044105615
658,-0.13755189,0.062370483,0.081311904,0.06960249
659,-0.030562192,-0.3356321,0.062979475,0.064244054
660,0.0020301342,0.05799134,0.073067755,0.061434988
661,-0.0012841411,-0.0488158,0.05107012,0.03933943
662,0.34907457,0.113447204,0.039837427,0.030361092
663,0.009779159,-0.13433506,0.05604185,0.043430462
664,-0.021014793,0.010410443,0.035858594,0.029815294
665,-0.04785175,-0.016975507,0.045977797,0.039553776
666,-0.20288977,0.14188907,0.04744351,0.03385848
667,0.20544717,-0.13277757,0.06789295,0.05930951
668,-0.19954409,-0.07398079,0.026631687,0.021835849
669,-0.0072390735,-0.0023978874,0.022229169,0.018454555
670,0.66381294,-0.23381498,0.09326271,0.06891954
671,0.0015025996,-0.044944495,0.064491235,0.047795083
672,-0.23916349,-0.17747554,0.026044276,0.022002036
673,-0.036553986,-0.0034827963,0.027115034,0.020998003
674,0.47930506,0.60288393,0.06244003,0.058153976
675,-0.009952642,-0.11589466,0.09435826,0.073057525
676,0.07729302,-0.0014474243,0.033391543,0.030288527
677,0.016659122,0.0089457035,0.033666264,0.02662374
678,-0.14702618,0.23444167,0.06471742,0.062337592
679,-0.35903585,-0.1175475,0.046348784,0.035306193
680,-0.0050598457,-0.022950776,0.047425546,0.04483849
681,0.5198751,-0.040599838,0.061489645,0.05160487
682,-0.16530323,0.0323767,0.09585543,0.07280833
683,-0.075006105,-0.06118369,0.05089294,0.04470333
684,-0.20540346,-0.6331264,0.053654663,0.06643694
685,-0.181606,-0.5428988,0.032331992,0.036710102
686,0.08686431,-0.077513784,0.08546619,0.07424026
687,-0.23172441,0.078456014,0.0374275,0.02612742
688,0.011826802,-0.014498435,0.029699432,0.024147583
689,-0.73511255,0.23788163,0.068094976,0.049947206
690,0.16445567,-0.4271178,0.04790008,0.041456394
691,0.07313934,0.27842212,0.12832978,0.12569967
692,0.04222488,-0.0054453537,0.097029604,0.089849025
693,-0.004145181,0.07941544,0.09129138,0.06933329
694,-0.047918454,0.027029477,0.043690834,0.036602072
695,-0.07905626,0.20240244,0.078611396,0.081677936
696,0.009922348,0.07878668,0.033623956,0.028571572
697,-0.3102924,-0.37040165,0.044159163,0.042051863
698,-0.15510736,0.04239171,0.03673655,0.028609784
699,-0.26411182,-0.10663423,0.08636588,0.065855674
700,-0.084005535,-0.22670278,0.027010722,0.023386152
701,0.30582258,-0.09961501,0.05249038,0.03817311
702,-0.018027958,0.0264434,0.029394228,0.025861776
703,-0.008835288,0.11258542,0.06296347,0.051214047
704,0.36607397,-0.24624458,0.04330722,0.034073673
705,0.035646822,0.21183133,0.16854592,0.18168738
706,0.013781898,-0.021898106,0.034142412,0.026813377
707,-0.17931832,-0.040251523,0.13914312,0.10128067
708,-0.4328934,-0.6361177,0.038864493,0.051538244
709,-0.09135799,-0.05321963,0.03501866,0.026518429
710,0.050079685,0.08277236,0.025709141,0.021933625
711,-0.16261846,0.1642385,0.029116718,0.02531893
712,-0.22138551,-0.5085807,0.034557313,0.038455274
713,0.0018470809,-0.012606546,0.033435017,0.030300906
714,-0.37441036,0.42375335,0.06361361,0.05436425
715,-0.028279286,0.08949073,0.12395857,0.10801334
716,0.04162171,-0.6770456,0.049855184,0.051257037
717,-0.07128474,-0.040572107,0.08151771,0.06786502
718,0.08456156,-0.7852427,0.038146082,0.040702786
719,0.056521367,0.033053577,0.24795827,0.23179455
720,0.47612825,-0.61650133,0.064531475,0.06376847
721,0.07769051,0.040235825,0.034383632,0.026158778
722,0.087502,0.08023374,0.03886438,0.027656177
723,0.14437757,-0.071777046,0.037183225,0.030646423
724,-0.15100677,-0.35938317,0.042412512,0.03581261
725,0.19529326,-0.13197096,0.07089873,0.07750914
726,0.14902745,-0.5912093,0.08199491,0.087557465
727,0.46570706,-0.22900316,0.08964166,0.089573495
728,0.02623609,0.09067465,0.09370545,0.084714934
729,-0.3431993,0.23733433,0.13860591,0.12351563
730,0.0810308,-0.032521352,0.07774079,0.072492264
731,0.010409217,-0.046468616,0.024187706,0.019707065
732,-0.07546462,-0.022476748,0.05317132,0.037466247
733,0.11650798,-0.20194611,0.033370912,0.029891407
734,0.0084663,-0.08083604,0.13302456,0.112967156
735,-0.44697782,-0.23953778,0.07146426,0.056794155
736,-0.038710598,-0.07616137,0.08784031,0.08559254
737,0.054220643,0.2115759,0.028426029,0.02521773
738,0.1610106,0.66431797,0.08697179,0.09169438
739,0.11714041,-0.10071649,0.03831326,0.029826544
740,-0.24819852,0.23846653,0.036709435,0.030768145
741,-0.3714473,0.09825961,0.04074497,0.031586055
742,0.012779854,-0.08932559,0.032433324,0.02682146
743,0.015309341,-0.04086487,0.043706466,0.03587931
744,-0.026700016,0.0035888553,0.033152744,0.029853636
745,-0.11795218,-0.25986123,0.05594165,0.052399535
746,-0.10640195,0.0081670135,0.059440583,0.04568036
747,0.0031820387,-0.035989434,0.048692025,0.03627376
748,0.058317315,0.3607258,0.1522195,0.14727837
749,-0.32782787,0.6664567,0.03881978,0.035411324
750,0.14387499,-0.17534435,0.40116227,0.35835916
751,0.011587396,0.117997564,0.07756629,0.08215728
752,-0.4736071,0.43575448,0.14754127,0.1318205
753,-0.44387633,0.19311969,0.05179969,0.04009305
754,0.009663638,0.09655418,0.03891415,0.033938576
755,0.1306671,-0.019429155,0.08089034,0.07199015
756,0.29508474,-0.5408015,0.064030655,0.063925356
757,0.22740862,0.5624219,0.04270006,0.0395456
758,0.1094936,0.30583915,0.09867334,0.09036128
759,0.22323999,-0.11341798,0.122042045,0.09344301
760,-0.013168737,0.0057620034,0.028364033,0.022311034
761,0.122744486,-0.5483073,0.07201472,0.07348907
762,0.14088738,0.0024698973,0.03998565,0.032985643
763,-0.053561803,-0.04146953,0.07590735,0.059470482
764,-0.18274388,-0.03973177,0.13637035,0.105379276
765,-0.046209387,0.3569362,0.045442667,0.04261776
766,-0.009749092,-0.013786875,0.038654987,0.030612573
767,-0.65897274,0.10951008,0.045006163,0.034619402
768,0.13111202,-0.18409553,0.032595463,0.026200773
769,-0.33758995,0.13478155,0.15491892,0.10165181
770,-0.02995108,-0.036600858,0.04772586,0.045074902
771,-0.26091886,-0.61245453,0.052764755,0.053332552
772,0.4232124,-0.5319867,0.095237724,0.09041214
773,-0.66410494,-0.14056396,0.04128069,0.03620977
774,0.50206244,0.5231232,0.060083132,0.057848964
775,0.0032359175,-0.046794787,0.041526023,0.03551566
776,0.025442246,-0.04573299,0.025590276,0.020238256
777,-0.22133881,0.23188525,0.044952367,0.037960153
778,0.0048766546,-0.27532694,0.05341749,0.05037543
779,0.39537346,-0.646976,0.04578981,0.04363498
780,-0.15710758,0.04481689,0.050099898,0.038201947
781,0.025206853,-0.038402095,0.028941285,0.024913723
782,-0.09849547,-0.016659461,0.06251742,0.04745849
783,0.17161879,-0.025864758,0.051698714,0.042351726
784,-0.4192058,0.51299906,0.04598316,0.035101317
785,-0.23113866,-0.7261267,0.04119913,0.053646028
786,-0.15671988,-0.27876544,0.11658856,0.106889054
787,-0.027106244,0.020612024,0.030049663,0.027225496
788,-0.056136936,0.049737792,0.05548794,0.041042913
789,-0.0041821525,-0.10095075,0.09538198,0.08507239
790,0.20193791,-0.17091548,0.03238866,0.026810996
791,-0.0023955386,0.08655597,0.04992142,0.04438005
792,0.06802362,0.018460564,0.07360204,0.06457739
793,-0.555216,0.08172033,0.16000465,0.1343272
794,0.02716694,0.013034627,0.03752763,0.026933063
795,0.15077178,0.13474128,0.14338735,0.12735997
796,-0.012022426,-0.10636406,0.053527437,0.051754087
797,-0.1462956,0.03175185,0.06568987,0.058741134
798,0.12578133,-0.02598267,0.055614013,0.046353824
799,0.022793945,0.30391896,0.037916336,0.034557026
800,0.251293,-0.39233348,0.041970335,0.042544093
801,-0.063890085,0.028392814,0.047598675,0.03798914
802,0.016337562,-0.06676847,0.06449403,0.056736935
803,-0.011232629,0.3902846,0.14078687,0.12592763
804,0.04990347,-0.11025266,0.061389424,0.05066562
805,-0.501022,0.35494757,0.05863204,0.05856551
806,-0.07065819,-0.20324132,0.033965327,0.029370269
807,0.23706952,-0.65953255,0.07920211,0.08104893
808,-0.053209797,0.1633752,0.029636476,0.025385369
809,-0.742143,0.256997,0.051380903,0.04507885
810,-0.055909038,-0.059973016,0.025007255,0.020402873
811,0.05571987,-0.101758674,0.05372313,0.05308671
812,0.06499834,-0.025057249,0.05976359,0.043591063
813,0.46691766,0.37062186,0.046097226,0.03905527
814,-0.0264849,0.01598604,0.037398327,0.027561752
815,-0.17439243,0.13566707,0.050955478,0.042251933
816,0.014626157,0.016471967,0.028636772,0.025251534
817,0.009474829,0.010344982,0.06311726,0.05541774
818,0.020534001,-0.19715479,0.03370372,0.028460747
819,0.0028535463,0.04109711,0.028575605,0.021817632
820,0.29765037,0.49959305,0.07673154,0.06896738
821,-0.011076948,-0.023293547,0.0415035,0.033117894
822,0.26565078,-0.0591325,0.056252483,0.04250753
823,-0.3526424,0.6135526,0.08418892,0.06857982
824,-0.17358887,-0.014151409,0.11288197,0.09497881
825,-0.09367539,-0.46002927,0.07636094,0.084574886
826,0.032910895,-0.007218607,0.027106332,0.020294266
827,0.120343864,0.41966543,0.055725757,0.050713785
828,0.084429115,-0.1513455,0.048810333,0.040878486
829,-0.14656329,-0.08530387,0.08719305,0.09031252
830,0.026308835,0.13535714,0.033721242,0.028789543
831,-0.16268192,-0.036160827,0.13496672,0.1105818
832,-0.045928687,0.07136062,0.05080094,0.041965567
833,0.05074991,0.020353548,0.07483097,0.064842395
834,-0.017563952,-0.034009397,0.039509058,0.03313193
835,0.15253493,0.0819395,0.029513568,0.023334876
836,-0.028048094,0.13336378,0.06588341,0.052705
837,0.19554433,-0.037773356,0.04793042,0.039537787
838,-0.22523461,-0.47055587,0.051662598,0.05059386
839,0.13625427,-0.19815007,0.045212526,0.036673814
840,-0.80178106,-0.12577453,0.08781116,0.054476198
841,0.36704722,0.11798075,0.034301504,0.02834661
842,-0.015531581,-0.15741012,0.055861942,0.0541416
843,-0.28155982,-0.16399813,0.07796422,0.058561444
844,-0.15091404,-0.00935933,0.028245954,0.023132833
845,-0.07157548,-0.012999035,0.08406465,0.07739486
846,0.13770646,-0.7447039,0.04028432,0.043508656
847,-0.010608884,0.019226588,0.028073022,0.023370327
848,-0.10976304,-0.18220344,0.12101169,0.10150069
849,-0.10491134,0.12860164,0.10476689,0.08281305
850,-0.020608515,0.0057302117,0.034759972,0.030375486
851,-0.34362945,0.2954721,0.055722598,0.0558407
852,-0.12824167,-0.2182984,0.13557109,0.11584874
853,-0.1809556,-0.19963026,0.11538879,0.1048931
854,0.12454586,0.17343712,0.045310058,0.04129889
855,-0.739287,-0.47509405,0.06972023,0.06300309
856,0.021993566,-0.016934559,0.035475995,0.035942223
857,0.02339147,-0.044321418,0.088430166,0.07414519
858,0.013655491,0.051902622,0.044514626,0.040079284
859,-0.040902577,0.108724736,0.09780068,0.07190352
860,-0.07442157,-0.11240287,0.07835747,0.056736544
861,0.061109263,-0.0976032,0.034388702,0.029843213
862,0.15681976,0.084919155,0.08588113,0.08581235
863,-0.4419507,-0.18059468,0.057680152,0.045550287
864,0.0057630464,0.022941448,0.044414513,0.0426048
865,-0.054584883,0.012874499,0.048640702,0.039082967
866,-0.51139957,-0.6854105,0.20584776,0.23325731
867,0.063436076,-0.07783283,0.08189849,0.07962812
868,-0.17464624,-0.3718875,0.05290836,0.057620604
869,-0.80129766,0.14556482,0.13404877,0.103392504
870,-0.14021504,-0.1293151,0.076043025,0.058308255
871,-0.11282621,0.64311993,0.053006273,0.049979653
872,-0.118037164,-0.042406455,0.06709945,0.058556896
873,0.0025454536,0.03193134,0.02946345,0.024230529
874,-0.5277189,0.20990717,0.04030596,0.036924183
875,-0.03623169,0.01256077,0.036116533,0.028190162
876,-0.042085446,0.109378226,0.022692038,0.02363006
877,0.036134128,-0.06537846,0.03251953,0.028325545
878,-0.01671134,0.034240466,0.03333482,0.02802095
879,-0.32420188,0.72558236,0.07413175,0.06112643
880,-0.018166777,0.012593344,0.034564797,0.027253127
881,-0.083219126,-0.06281231,0.16883798,0.15942875
882,0.29533046,-0.4016705,0.15454546,0.15902779
883,-0.35936806,-0.11207937,0.09258146,0.0659839
884,0.064906925,0.046290822,0.034698494,0.026497735
885,0.034310106,0.031184569,0.038576644,0.029032826
886,0.15887807,0.23418713,0.06268829,0.06388324
887,0.4509623,0.7591742,0.05849441,0.05276894
888,0.14911367,0.058470797,0.06482067,0.053591188
889,0.70735556,-0.19437164,0.06681359,0.046294164
890,0.056545403,-0.27741477,0.17666645,0.15946446
891,-0.15503272,0.068936855,0.05018018,0.03673154
892,0.0028777458,0.0030911863,0.038474556,0.03560193
893,0.032356095,-0.010703035,0.047126383,0.03761309
894,-0.20771118,-0.38830423,0.06242593,0.06175594
895,0.094047844,0.10010195,0.025918366,0.021668894
896,-0.037205946,0.0019911453,0.07583596,0.054467227
897,-0.035897106,0.0130312145,0.03500887,0.03236862
898,0.12685628,0.03029821,0.07173869,0.055275172
899,0.17737435,-0.9007659,0.06251933,0.07033192
900,-0.34879765,0.32896653,0.05578123,0.054649986
901,-0.49472415,-0.05618088,0.071193516,0.04968983
902,0.03191263,-0.047475472,0.034513086,0.029425343
903,0.3188446,-0.27283612,0.037332416,0.031382754
904,0.16405444,-0.05468054,0.047987457,0.039333884
905,0.11878981,0.41187406,0.056060903,0.051289093
906,0.2713196,-0.3532262,0.06620179,0.06971679
907,-0.16925843,-0.11781351,0.10829301,0.11578762
908,-0.043008804,-0.103031725,0.08332216,0.069928005
909,-0.058475807,-0.003287971,0.06608775,0.053054877
910,0.030372776,-0.024970472,0.041948047,0.031076968
911,0.136337,0.042274013,0.045468405,0.038680077
912,0.060169768,-0.032779038,0.063978545,0.05095246
913,-0.07695243,-0.19951549,0.025113283,0.023593146
914,-0.099097446,0.01711332,0.093650095,0.06464267
915,-0.039709587,-0.08682108,0.058447644,0.05176443
916,-0.008286746,0.03653555,0.027278144,0.021403404
917,0.012283202,-0.14631434,0.042582057,0.033779126
918,0.04411793,0.0074133724,0.04374435,0.036434222
919,0.058725107,0.026678756,0.03697726,0.030899957
920,0.025669817,-0.1151097,0.09667123,0.09108757
921,0.40833673,-0.12387857,0.07990913,0.057328343
922,-0.0752137,-0.12905781,0.17193554,0.12559494
923,0.626038,0.22299992,0.07562608,0.054287948
924,-0.07005322,0.040102173,0.050426282,0.03912567
925,0.12752263,0.25738475,0.0599062,0.04993235
926,0.71811354,0.0011045933,0.059056446,0.04990151
927,0.043919753,0.048802037,0.06745777,0.056077316
928,0.24155596,0.20580031,0.06760185,0.060533784
929,0.43647274,0.19332343,0.060427595,0.045791343
930,0.07629463,-0.17679992,0.093267046,0.07553444
931,-0.77785677,-0.41529945,0.09904256,0.11095365
932,0.20424156,-0.15438154,0.08400622,0.07934716
933,0.32715917,-0.20429945,0.047307525,0.037323795
934,0.044038285,-0.03314334,0.072899975,0.06023143
935,0.070488214,-0.014818929,0.03573644,0.027284315
936,-0.033625193,-0.37435594,0.051533192,0.049277935
937,0.014117651,-0.014334939,0.03900805,0.032562032
938,0.44088838,0.41497555,0.04310217,0.0410357
939,0.08505924,-0.09905124,0.10649025,0.090061106
940,0.34618294,-0.03288892,0.07468507,0.059098765
941,0.19243324,-0.3824948,0.10884655,0.10833104
942,-0.0067789387,-0.039031133,0.026130335,0.020911593
943,-0.15457995,-0.03793536,0.038234435,0.028479993
944,-0.2060833,0.36438128,0.16273586,0.15776452
945,0.0832392,-0.11643475,0.06393897,0.052202813
946,-0.29081193,0.48224273,0.057990123,0.05577964
947,0.23833662,0.18623008,0.029885383,0.031241555
948,-0.14266089,-0.06386471,0.060422428,0.045790836
949,-0.014245428,-0.034587517,0.044962168,0.03512387
950,-0.09666017,0.07042682,0.18273562,0.15098277
951,-0.1329304,0.10258653,0.039569106,0.03250515
952,0.19506997,-0.044508323,0.04678743,0.035171833
953,-0.2562844,-0.47114828,0.10760256,0.11474083
954,0.0250687,-0.0032744184,0.07013785,0.06124669
955,0.057586957,0.040628128,0.06264765,0.05498636
956,0.13137357,-0.046080485,0.08937056,0.073170364
957,-0.15137845,-0.1764743,0.047875643,0.038091745
958,0.16558582,-0.059498355,0.056192204,0.04798654
959,0.0028266571,-0.055837378,0.053662915,0.0457613
960,0.009292539,-0.028171904,0.022929627,0.020025132
961,-0.052150033,-0.1275849,0.09507774,0.06841451
962,-0.15663847,-0.37731388,0.030514713,0.029840115
963,0.2612287,-0.029427335,0.13657823,0.1237572
964,0.16849114,-0.4006833,0.050160453,0.052623816
965,-0.66992795,-0.10354605,0.076571874,0.055846475
966,-0.054835293,-0.074649215,0.026889343,0.022716617
967,-0.04783336,-0.25983912,0.18264695,0.15955977
968,-0.061877683,0.066595346,0.072574526,0.056040317
969,-0.23504189,0.042563003,0.15019888,0.108837605
970,0.059087757,-0.11403032,0.07192209,0.060078118
971,-0.023964288,0.22178099,0.029821169,0.027501408
972,0.03567181,0.004952252,0.028922405,0.023521451
973,-0.05419161,0.181905,0.14020005,0.12016592
974,-0.089592606,-0.09737098,0.027368391,0.020828145
975,-0.03613505,0.07423238,0.044747885,0.038010687
976,0.07219227,-0.27365014,0.09679579,0.08391436
977,-0.097737074,-0.13455918,0.0490838,0.046437513
978,0.12420344,-0.22528467,0.1394305,0.11361277
979,-0.48140576,0.27411407,0.070343204,0.0685009
980,0.008991137,0.057045743,0.08854529,0.0863451
981,-0.034309383,0.07067603,0.07109593,0.056714285
982,-0.090361044,0.25432962,0.067690976,0.07010209
983,-0.19923422,-0.17536062,0.035789005,0.029752295
984,-0.11428136,0.52867484,0.14067212,0.15010871
985,-0.16012196,0.019384176,0.0704382,0.062160797
986,-0.050468702,0.009439722,0.031178886,0.030083112
987,0.041803833,-0.030677319,0.036961522,0.030632202
988,-0.05957789,0.0067244843,0.039803404,0.031954847
989,-0.12320815,-0.26016322,0.08639156,0.10280222
990,0.06304303,-0.009830825,0.11039404,0.09716657
991,0.00056897476,-0.0038379058,0.02892912,0.023140987
992,0.053771783,0.04221238,0.05993112,0.046316873
993,-0.07924163,0.105999485,0.09246583,0.09358245
994,-0.03273677,0.017488278,0.041862536,0.03507375
995,0.096662894,0.20828015,0.04901206,0.038689714
996,0.32965267,0.55878115,0.17541485,0.20471662
997,-0.049337313,-0.10077149,0.13372792,0.1161797
998,-0.25702018,0.1410877,0.09221443,0.086808726
999,0.0022706427,-0.0039155185,0.042825587,0.034663588
1000,-0.26439685,0.1572729,0.047346186,0.03903923
1001,-0.6653934,0.24110228,0.08225529,0.06088023
1002,-0.5288259,0.33511317,0.09065345,0.080775544
1003,0.1245237,0.032156274,0.06571431,0.044969413
1004,-0.011160577,-0.05269192,0.023411853,0.01895477
1005,0.11173391,0.87703955,0.043082874,0.052592658
1006,0.0076707676,0.044577684,0.07528749,0.06061736
1007,-0.055135585,-0.2634172,0.031113021,0.026185723
1008,0.21049777,0.09452668,0.13491891,0.10263699
1009,-0.2621451,-0.11686042,0.1746479,0.18272188
1010,0.03249411,-0.16288269,0.08374654,0.08557025
1011,-0.24576092,-0.15174244,0.025138276,0.021773905
1012,-0.010315504,0.043138016,0.03743864,0.033675734
1013,-0.5572567,0.20246115,0.061360724,0.05346499
1014,-0.02589896,0.32213244,0.039402254,0.035066426
1015,0.13894944,-0.2922144,0.09055512,0.078857414
1016,-0.07535285,0.05731227,0.16875862,0.11124477
1017,0.046885733,-0.124288246,0.052541956,0.04935381
1018,0.07244241,-0.19970104,0.043675996,0.03436169
1019,0.060372893,-0.06300278,0.062349986,0.06154606
1020,-0.5557201,-0.12632948,0.06754056,0.053264774
1021,0.124877766,0.2236043,0.07158413,0.060748395
1022,-0.22045158,0.8049543,0.06774066,0.07293247
1023,-0.07239701,0.044383585,0.07359208,0.061191756
1024,-0.049810395,-0.13176344,0.044850472,0.042819962
1025,-0.11433351,0.035749096,0.0800776,0.06031928
1026,0.13489339,0.21699475,0.21915953,0.17977639
1027,-0.0024970174,0.013648525,0.039337955,0.035064112
1028,-0.14192238,-0.013377175,0.077118084,0.055575285
1029,-0.088861294,-0.045786932,0.038450237,0.031032743
1030,0.55591786,0.11936611,0.042080984,0.033778638
1031,-0.26200923,0.5632839,0.057106204,0.055828042
1032,0.40890086,-0.38122347,0.16626967,0.17545317
1033,0.4105363,-0.29244184,0.08850808,0.0720429
1034,0.57747513,0.048278064,0.055840414,0.04175385
1035,-0.085716456,-0.00074617565,0.100166224,0.07628757
1036,0.040796284,0.28111577,0.059243985,0.058003906
1037,0.013855547,0.25659072,0.098064534,0.09165286
1038,-0.07991345,-0.0028128996,0.055873442,0.046676286
1039,0.033887435,0.27619204,0.035144232,0.034059856
1040,0.18457049,0.136017,0.083217196,0.06802171
1041,0.06890114,-0.044893607,0.021243732,0.019386282
1042,-0.15614495,-0.37276092,0.07230176,0.07162109
1043,-0.15813422,-0.35816562,0.046456672,0.041096248
1044,0.072275236,-0.1501484,0.039283168,0.032763477
1045,-0.19667225,0.27031893,0.14511696,0.1032939
1046,-0.03334461,0.026605554,0.1017093,0.077091604
1047,-0.08955838,0.03118512,0.09979192,0.07286273
1048,0.04673293,0.13096754,0.025709955,0.022361001
1049,0.028580245,0.056295235,0.024804348,0.019368593
1050,0.14567457,0.10183955,0.050443854,0.044773817
1051,-0.09765424,-0.05047743,0.23579484,0.18934621
1052,0.5738687,-0.5850594,0.17307542,0.15165456
1053,-0.14171465,0.11525094,0.027131507,0.021758126
1054,-0.040420532,0.007831797,0.06380498,0.05996634
1055,0.08154726,0.30153146,0.0701883,0.06137556
1056,-0.1418999,-0.03873615,0.10290623,0.08390735
1057,-0.12695532,0.20900692,0.06742033,0.05058995
1058,-0.4709962,0.3640959,0.09002328,0.07300484
1059,0.32515672,-0.095572814,0.038777806,0.029879266
1060,-0.17692412,0.023261003,0.030813677,0.022909753
1061,-0.17119943,-0.10409619,0.09309903,0.06500061
1062,0.19938727,-0.1017271,0.0643124,0.053408142
1063,0.12904784,0.009536162,0.108059235,0.10228719
1064,-0.14070922,-0.14948143,0.095536165,0.07628944
1065,-0.05261412,-0.010228269,0.0348781,0.028873708
1066,0.13342506,0.1968692,0.07467876,0.078912556
1067,-0.20996419,-0.17888063,0.1845594,0.13951088
1068,0.02512749,0.1538387,0.093233384,0.092149965
1069,0.11581002,0.38993627,0.03398249,0.033237714
1070,-0.06709405,0.023455486,0.122001946,0.10340891
1071,-0.14436701,0.08515429,0.10751531,0.11730889
1072,0.06651291,0.08942523,0.14232792,0.11098688
1073,-0.011837572,-0.03619288,0.033632137,0.027882904
1074,-0.0022585355,0.015446089,0.037995983,0.028572543
1075,-0.029206615,0.04028917,0.04044839,0.032025717
1076,-0.08085157,0.015491895,0.036893852,0.027371641
1077,-0.46526936,0.013043866,0.15778328,0.12746002
1078,-0.08089991,-0.096111014,0.08258583,0.08673273
1079,-0.03724677,0.0009088516,0.03922483,0.036333244
1080,-0.1287252,0.06652213,0.0396736,0.029635355
1081,0.17117663,0.06227424,0.05722802,0.04113177
1082,-0.16920754,-0.71547556,0.03594784,0.041718308
1083,0.007857364,-0.12372033,0.05335398,0.053545836
1084,-0.08121426,-0.026028827,0.031272363,0.02509691
1085,0.011397343,0.014051698,0.18436095,0.1792546
1086,-0.11983983,-0.060480684,0.058575034,0.049136266
1087,0.012398642,0.004639037,0.09114056,0.09499809
1088,-0.34728828,-0.023296237,0.071222715,0.058854047
1089,-0.0048617944,-0.14994374,0.04887232,0.039651196
1090,0.7686306,0.06647035,0.07622077,0.0678997
1091,0.005990438,0.03648279,0.03955501,0.035372965
1092,-0.0012140088,0.008543067,0.024805045,0.021642575
1093,0.15797497,-0.11961119,0.05303126,0.036667366
1094,-0.66032845,0.19131738,0.05917342,0.043449778
1095,-0.18055247,-0.07580572,0.0356022,0.029779058
1096,-0.18554014,0.020049155,0.050251827,0.035362758
1097,-0.15554278,-0.10210326,0.11536713,0.08708952
1098,-0.09541722,0.19038142,0.03528947,0.027749438
1099,-0.31851625,-0.3969011,0.12419528,0.11769194
1100,-0.01889575,0.16110703,0.15526631,0.17426804
1101,-0.046943083,0.01806315,0.036398888,0.029641908
1102,0.052523393,-0.2683058,0.054611627,0.0459125
1103,-0.021099778,-0.081462234,0.08040767,0.059371933
1104,-0.115555614,0.1356354,0.21416034,0.2228808
1105,0.0411305,0.038299218,0.04809483,0.051879205
1106,0.143165,-0.16235271,0.08482902,0.0773669
1107,-0.089307845,0.34670028,0.09842069,0.08937057
1108,-0.017010711,0.02539108,0.053392507,0.04696925
1109,0.8545637,-0.12491457,0.062232595,0.046024494
1110,0.21095668,-0.03448449,0.07695618,0.059820466
1111,0.2472753,0.109321244,0.03129743,0.023151563
1112,0.02294745,-0.055506885,0.08866116,0.08380789
1113,0.08819057,-0.13477895,0.11076227,0.095510505
1114,0.013192978,-0.0129035935,0.03997591,0.03243058
1115,-0.092837796,0.382391,0.20000942,0.1628628
1116,0.08835374,0.07859653,0.13642141,0.12965004
1117,-0.36793715,0.606223,0.094614655,0.09195814
1118,-0.7070931,-0.54840636,0.17114735,0.14461185
1119,-0.03154037,0.09748556,0.03661198,0.033311933
1120,0.005808551,-0.035205156,0.07573407,0.06513125
1121,-0.029312778,-0.1833235,0.05012258,0.04507303
1122,-0.067932025,0.06253721,0.13323191,0.11571488
1123,-0.082224034,-0.07254407,0.15317394,0.13248606
1124,-0.0023158006,0.020748548,0.04135035,0.0307881
1125,-0.31748158,-0.06655061,0.057730112,0.050828677
1126,-0.47275022,0.011253506,0.08031526,0.0723501
1127,-0.76612467,0.07882522,0.06689722,0.04523046
1128,0.346719,-0.14368178,0.12072805,0.119291246
1129,0.07608549,-0.042705238,0.07462012,0.066774756
1130,3.471598e-05,-0.01550591,0.032587845,0.029837204
1131,-0.20121053,-0.106520295,0.032911804,0.026833883
1132,0.10093434,-0.29823488,0.041768447,0.039105486
1133,0.52599335,-0.5258868,0.049378283,0.05050781
1134,-0.0711577,-0.030906305,0.043524895,0.03919343
1135,0.20263885,-0.16323876,0.0469195,0.0394331
1136,-0.15869144,-0.51826143,0.15388922,0.16003628
1137,0.07869013,0.13915843,0.03163105,0.02608667
1138,0.12046388,0.10340913,0.07091517,0.08526828
1139,-0.1130445,0.0149216205,0.11641084,0.08208426
1140,-0.020518806,0.044904288,0.111930795,0.11240445
1141,-0.02730667,0.20454964,0.08806476,0.06954843
1142,0.13501592,0.12441089,0.030241909,0.024740407
1143,-0.34222743,0.052707274,0.045330223,0.035783526
1144,-0.22514153,0.038964,0.03375846,0.0275963
1145,0.11354028,0.06251586,0.049600992,0.048720475
1146,0.054340396,-0.0466706,0.09288961,0.078162186
1147,0.05758741,0.2902363,0.048314422,0.042684026
1148,0.6469303,0.5144565,0.055702977,0.05376729
1149,-0.019601747,-0.11039868,0.037147388,0.03281727
1150,0.20833793,-0.47574243,0.17983672,0.19475141
1151,-0.024635624,0.016241573,0.040410724,0.029997785
1152,-0.48655573,-0.15622509,0.08611303,0.05588806
1153,0.024444979,0.37866697,0.16544852,0.19727537
1154,-0.19788136,-0.059431836,0.08773308,0.069126226
1155,-0.067903265,-0.0059891343,0.062056605,0.04799151
1156,-0.44489104,-0.6600684,0.046758074,0.046883434
1157,0.106812134,0.008323863,0.04036344,0.03995863
1158,-0.08570802,-0.06113413,0.072455235,0.06159234
1159,-0.040119268,0.06210567,0.053691726,0.053521775
1160,0.07047114,0.16668312,0.10410204,0.10583836
1161,-0.4820678,0.71835315,0.04519191,0.05039687
1162,0.0423085,0.61659074,0.061560262,0.06767972
1163,0.03188617,-0.030577913,0.11420024,0.12338421
1164,-0.19005461,0.12453917,0.049256753,0.037707537
1165,-0.19508219,0.10387045,0.044863243,0.036222726
1166,-0.1212433,0.09224898,0.10966681,0.10463186
1167,-0.16586015,-0.34608993,0.063806996,0.059207667
1168,-0.25633824,-0.2583819,0.11544774,0.119882144
1169,-0.5358671,0.35572043,0.036076058,0.0294835
1170,-0.17741786,-0.051781908,0.12078965,0.09092962
1171,0.27077892,0.30901945,0.067776866,0.06137288
1172,0.07232362,-0.10338858,0.06016766,0.052564338
1173,-0.0077214725,0.27084154,0.13423765,0.11325356
1174,-0.27639276,-0.17167497,0.1826843,0.16179588
1175,-0.16563389,0.062260043,0.09707926,0.09489751
1176,0.012777362,0.003529936,0.041658677,0.03298081
1177,0.1119332,-0.21485606,0.03944408,0.03311046
1178,-0.062073648,-0.1061136,0.058033314,0.058930706
1179,0.069399,-0.06036447,0.07098212,0.060762033
1180,0.034879524,-0.039483204,0.112717435,0.10652965
1181,0.6270341,-0.14088619,0.04315915,0.03286392
1182,-0.04870179,0.063465856,0.038533513,0.031909637
1183,-0.010804951,-0.041400447,0.08341187,0.06625894
1184,0.009615321,0.02963505,0.03302461,0.034082297
1185,-0.33760744,-0.15228128,0.047787912,0.042219892
1186,0.031326648,-0.1593574,0.10617587,0.11139493
1187,0.07378426,0.074047945,0.20008066,0.18178616
1188,-0.17916386,-0.051802114,0.07730933,0.06385499
1189,0.24920857,0.4078375,0.12668161,0.1126476
1190,-0.24774599,0.0715127,0.10684319,0.08516867
1191,0.015642352,-0.26859784,0.035855602,0.033880502
1192,0.051054653,-0.04620035,0.03607721,0.030580029
1193,-0.4073338,-0.62942946,0.06521119,0.06900144
1194,-0.043501895,-0.54238474,0.05815468,0.056989316
1195,-0.6615362,0.05208632,0.043008197,0.032450236
1196,-0.091208026,0.054644026,0.06114532,0.049252655
1197,-0.1041332,-0.15236291,0.07580601,0.06502477
1198,0.67268974,-0.331056,0.12573907,0.13215382
1199,0.102576,-0.081376776,0.050548013,0.038394906
1200,0.11264174,0.016061649,0.05421965,0.047481813
1201,0.21756211,-0.15998262,0.1542807,0.1635247
1202,-0.015293468,0.067365944,0.04197708,0.03950993
1203,-0.08074808,-0.45384684,0.033806294,0.032868043
1204,-0.11035825,0.053273845,0.12813045,0.11227321
1205,-0.03566548,0.025246173,0.07123471,0.057787985
1206,0.024996694,-0.10266103,0.06270341,0.05080757
1207,0.1736519,-0.39062625,0.1094731,0.121284015
1208,-0.0005291328,-0.047580793,0.069570445,0.067181274
1209,0.002727192,-0.032079518,0.03222096,0.026464978
1210,0.13371736,0.037438534,0.06825888,0.062454626
1211,0.6843368,-0.048119783,0.06765789,0.06031722
1212,0.14367497,0.2091819,0.027978208,0.029291775
1213,0.10788502,-0.19335055,0.06443211,0.061219558
1214,0.0034456253,0.008687735,0.025487784,0.020207413
1215,0.017524745,0.038678523,0.044328295,0.035737075
1216,0.08346933,-0.108511835,0.025583537,0.022329902
1217,0.009949777,-0.0005101487,0.025232203,0.020549515
1218,-0.017848529,0.24772742,0.2707825,0.3197982
1219,-0.031419843,0.023535222,0.046683446,0.041140705
1220,0.29437256,0.019063495,0.04396832,0.033914182
1221,0.37575373,0.22788143,0.039917268,0.03701731
1222,-0.4814002,0.665604,0.10979767,0.091751225
1223,-0.09170626,0.04824991,0.098342575,0.08169747
1224,-0.06936319,-0.121555105,0.05650669,0.050733346
1225,-0.012272272,-0.020012975,0.10483484,0.088700764
1226,-0.0143322125,0.008440465,0.025286835,0.020895677
1227,0.00515024,0.034526173,0.05692142,0.04419548
1228,0.005953163,0.17140317,0.050777946,0.044296682
1229,-0.036066234,-0.13983569,0.0822757,0.08840216
1230,-0.5313002,-0.121828005,0.073180005,0.05229623
1231,-0.6055866,-0.061176136,0.10644382,0.077954195
1232,-0.3536534,0.3149315,0.053147476,0.047224037
1233,-0.3607821,-0.2194306,0.078416325,0.074094065
1234,0.08793612,-0.007954538,0.044285763,0.03331489
1235,-0.64428633,0.079762146,0.107163236,0.08333866
1236,0.05231269,-0.07910697,0.06106021,0.055686098
1237,-0.41100758,0.6502478,0.0879056,0.075839385
1238,0.102114424,-0.05660978,0.118230365,0.09783079
1239,0.40129924,-0.2767354,0.043733284,0.04227455
1240,0.45884413,-0.04042867,0.05121374,0.037328284
1241,0.6839956,-0.45696852,0.06418271,0.055123936
1242,0.011644453,0.041327167,0.025946245,0.02109155
1243,-0.014154499,-0.060842812,0.060444657,0.05286982
1244,0.031916846,-0.021357872,0.1591291,0.13576427
1245,0.030982886,-0.0850973,0.11301326,0.08547344
1246,0.16108534,0.029500812,0.04171528,0.03013856
1247,-0.021086562,-0.09984425,0.06436403,0.0584907
1248,-0.0074611567,-0.13208011,0.14268044,0.10070916
1249,-0.035187352,-0.0149489865,0.034218565,0.029084483
1250,0.024684567,-0.018415764,0.02172129,0.018965933
1251,-0.35376292,-0.01986295,0.089055136,0.077708855
1252,0.5510251,-0.3002395,0.09408584,0.08676736
1253,0.016501531,-0.026044838,0.02869759,0.022367453
1254,-0.071369745,0.028083697,0.060800437,0.055002652
1255,0.3789459,0.032393217,0.14508973,0.1286321
1256,-0.012995943,-0.1437773,0.04871655,0.04563505
1257,0.5390422,-0.03608878,0.053064376,0.039569862
1258,-0.481201,-0.22866592,0.117567636,0.08365988
1259,0.049274284,0.024285488,0.050999325,0.043018863
1260,0.046294156,0.07391441,0.02914092,0.02517634
1261,0.48459002,0.3951216,0.11569807,0.1358614
1262,-0.008135786,-0.23517016,0.028535863,0.026400527
1263,0.06076182,0.096431464,0.040377293,0.038017295
1264,-0.10248099,0.1295027,0.05611522,0.048824795
1265,0.033008967,-0.08240633,0.08884988,0.08169907
1266,-0.3578408,0.261854,0.22459237,0.19053957
1267,0.052734967,0.026847921,0.03175243,0.028318271
1268,-0.0809467,-0.033670083,0.08654737,0.0708595
1269,0.8343635,-0.25124425,0.07063083,0.06504447
1270,0.12336302,-0.1748946,0.032535337,0.02646942
1271,-0.20038685,-0.0074337423,0.048502278,0.035941876
1272,-0.052035335,0.015787661,0.12680763,0.1006169
1273,-0.066446126,-0.02707187,0.051659547,0.04548419
1274,-0.017674437,0.014099881,0.03287489,0.028488604
1275,-0.087477736,-0.06769198,0.029408466,0.027789671
1276,-0.120520025,-0.00097126514,0.072480395,0.053126533
1277,0.18210799,-0.21085978,0.0318216,0.02706911
1278,0.23005846,-0.21433175,0.03871565,0.034029532
1279,-0.047818154,-0.081518516,0.05872961,0.0470195
1280,0.10000044,0.0268192,0.03537785,0.03040069
1281,0.0031371117,0.043050338,0.03782726,0.032906566
1282,-0.06972946,-0.051733002,0.072551355,0.07204798
1283,0.019909494,-0.038686886,0.09224703,0.09990513
1284,0.14598209,0.07813917,0.038411006,0.033162713
1285,-0.0121057145,0.40108112,0.035451714,0.034483466
1286,-0.120771185,-0.03853345,0.02886774,0.022491913
1287,-0.006333528,-0.06434484,0.034091376,0.029295677
1288,-0.018941902,0.005142115,0.049619824,0.03901731
1289,-0.23624139,0.057331003,0.062168855,0.051397327
1290,0.56322443,0.05417421,0.049358312,0.045897346
1291,0.012752995,0.00064103305,0.029578265,0.025722662
1292,-0.02817286,-0.1923491,0.07973346,0.07041597
1293,0.07904729,-0.09318671,0.03276622,0.02536254
1294,-0.042740375,0.007818498,0.06545285,0.06303279
1295,0.17249757,0.002639562,0.038493715,0.033526104
1296,0.031664673,0.051457584,0.054561958,0.053757783
1297,0.030405115,0.1494126,0.026885511,0.022952588
1298,0.109653264,-0.19433048,0.03125006,0.02482267
1299,0.43492463,-0.07114197,0.043249797,0.02769077
1300,-0.58187443,0.08509986,0.0544493,0.04639605
1301,-0.26311725,-0.062405244,0.32030833,0.28574443
1302,0.53832996,-0.48378733,0.04787428,0.044835906
1303,-0.035380814,0.40581632,0.08764506,0.090625495
1304,0.07869084,0.066225424,0.06691818,0.05947711
1305,0.3622177,0.12604392,0.04670358,0.035464555
1306,-0.19967768,-0.2848934,0.112529546,0.09260277
1307,-0.045770474,-0.37784886,0.12985402,0.15596168
1308,-0.5761521,-0.18574458,0.11233714,0.092995554
1309,0.25063342,-0.088980064,0.028466584,0.023828276
1310,-0.34336826,-0.61195767,0.049282853,0.05235446
1311,0.29688743,-0.16421881,0.09236638,0.07117131
1312,-0.28396207,-0.2534555,0.06124826,0.054381825
1313,0.17699881,0.6675625,0.04147308,0.045314997
1314,-0.09675565,-0.07091482,0.033545796,0.02587017
1315,-0.17257144,0.01585465,0.0867978,0.072963946
1316,-0.15434437,0.25464845,0.07352242,0.08960978
1317,0.07716434,-0.64291704,0.03744381,0.037713893
1318,0.08947241,-0.23971775,0.049874015,0.05333962
1319,-0.011868641,0.0113388,0.057278007,0.04525173
1320,-0.093143895,-0.041358188,0.08532117,0.077799454
1321,-0.020124637,-0.03189206,0.025550649,0.023266869
1322,-0.027012873,-0.04958117,0.03122649,0.024022086
1323,-0.05233472,-0.24170247,0.025817417,0.023877697
1324,0.12586583,0.28083903,0.046275485,0.041642226
1325,0.04974701,0.14104138,0.08393805,0.08146966
1326,0.078056425,-0.00020346045,0.05320059,0.050043713
1327,0.2673498,-0.12340751,0.044019543,0.033363372
1328,-0.091530874,0.0042384937,0.1560963,0.12666745
1329,-0.055090666,-0.25323567,0.045801084,0.043959778
1330,0.091309085,-0.07934125,0.030492393,0.024692697
1331,-0.047035143,-0.21240675,0.04046671,0.037807442
1332,-0.38322985,-0.0445998,0.13068254,0.098558515
1333,-0.42878097,-0.40734175,0.06025218,0.057534236
1334,-0.06831972,-0.051973596,0.02927013,0.022740323
1335,-0.13870141,0.050031442,0.04113575,0.035296947
1336,0.7189978,-0.2768603,0.063301355,0.050751537
1337,0.10423671,-0.48485598,0.17986886,0.21839187
1338,-0.0935968,0.19126746,0.052117363,0.03895231
1339,-0.07745073,-0.17691278,0.06428948,0.071121626
1340,0.13815907,0.26252684,0.091872476,0.09197812
1341,-0.059239425,-0.25322315,0.064827375,0.05614961
1342,0.1880777,0.17912364,0.16630955,0.12686001
1343,0.04208273,-0.013538137,0.08064469,0.06534156
1344,0.030611735,-0.056501687,0.03848775,0.03029865
1345,0.19007626,0.09160266,0.14666814,0.1378848
1346,-0.099525705,0.012011513,0.14530738,0.1323196
1347,0.6612299,-0.1180902,0.051904045,0.045869764
1348,0.022754528,0.052887175,0.1243752,0.10403792
1349,-0.09276342,-0.0049418807,0.07423945,0.059054267
1350,-0.13198373,0.29428992,0.05196358,0.04689542
1351,0.026841119,0.08406302,0.039890118,0.032953434
1352,0.017781802,0.053444933,0.037889246,0.032238126
1353,0.1915434,0.042430896,0.06605406,0.047126643
1354,-0.13186423,-0.04899679,0.026267946,0.021934846
1355,0.0044678487,0.01734344,0.026344238,0.02138158
1356,0.05889834,0.15912044,0.06542583,0.055485774
1357,-0.1019171,-0.015858576,0.11531581,0.08836821
1358,0.5352774,-0.1360795,0.055025443,0.040027864
1359,-0.078554824,0.021432832,0.028005796,0.021249982
1360,0.046764832,-0.1585671,0.032647382,0.028662156
1361,0.107651055,-0.48220852,0.18577972,0.21632308
1362,0.0061206743,0.0443496,0.060295396,0.044800695
1363,-0.00048374385,0.050525915,0.059217133,0.051733308
1364,-0.01056692,0.020564005,0.15531114,0.20836447
1365,0.20871313,0.04241119,0.14627199,0.09932913
1366,-0.028501369,-0.45643505,0.13491787,0.13913795
1367,-0.06558181,-0.082279384,0.053659186,0.04967046
1368,-0.06291661,-0.028697222,0.07003725,0.052442532
1369,-0.24521844,0.23446119,0.09953619,0.08516579
1370,0.108235165,-0.06639506,0.032042257,0.028192936
1371,0.35635334,-0.29533413,0.046500366,0.04186757
1372,-0.14497612,-0.7153144,0.047207013,0.053674802
1373,-0.19910255,-0.18305665,0.10903952,0.10665237
1374,0.30698377,0.6995257,0.064116195,0.06961457
1375,0.012045968,-0.026046917,0.026831783,0.023096994
1376,-0.120566234,-0.11599822,0.09151822,0.07319908
1377,0.4772621,-0.5084293,0.14596547,0.12253523
1378,-0.034532923,-0.052858904,0.05220834,0.046631876
1379,0.13170159,-0.16998231,0.030270474,0.02450495
1380,-0.037235662,-0.08454543,0.11294576,0.08964036
1381,0.10486628,-0.034495562,0.035942435,0.031763908
1382,0.13412979,0.07752653,0.039824136,0.035875164
1383,0.58636534,0.38656455,0.047586743,0.044811953
1384,0.13811007,-0.0012134165,0.08880177,0.081578076
1385,-0.15239581,0.009448133,0.045256056,0.036114484
1386,-0.09586647,-0.049456462,0.033427518,0.026027903
1387,0.092315376,-0.014737248,0.042265557,0.03688702
1388,0.027089987,0.1470319,0.03025544,0.026857687
1389,0.17643872,0.15084177,0.051204905,0.04538145
1390,-0.043355454,-0.066498965,0.13374858,0.11166185
1391,-0.23621,0.17158711,0.06536597,0.054019284
1392,-0.09975228,0.055261813,0.14455217,0.13866112
1393,0.020739947,0.07263574,0.05880795,0.053214975
1394,-0.012695691,-0.048236087,0.03686915,0.031048413
1395,0.019854765,0.11997636,0.112041764,0.09680699
1396,0.16447902,0.3391335,0.038265303,0.03482608
1397,0.014895923,-0.07022865,0.077849984,0.06400995
1398,-0.29457906,-0.7494794,0.03432558,0.044775467
1399,-0.7056186,-0.39898768,0.064876415,0.048488315
1400,0.0688505,-0.16753682,0.15980786,0.15507627
1401,-0.12115109,-0.007233016,0.07864578,0.08130505
1402,0.0058676153,0.014682658,0.037819114,0.03438126
1403,0.0091272965,-0.07480553,0.024097754,0.020041704
1404,-0.76976186,0.44750047,0.056336444,0.050967623
1405,0.1385506,-0.12185815,0.103148185,0.072758384
1406,0.02144726,0.0862114,0.080367185,0.06422961
1407,-0.058584385,-0.29536623,0.026244726,0.026584344
1408,-0.19175352,-0.12026848,0.16649862,0.11812832
1409,-0.010488372,-0.06258243,0.038220324,0.031141052
1410,-0.09828523,0.067831516,0.066362664,0.053421333
1411,-0.12200588,-0.79507387,0.039955523,0.053897966
1412,-0.56059384,0.1257887,0.08371671,0.06881743
1413,-0.7347733,-0.001594007,0.050189927,0.044967435
1414,-0.022695366,-0.34045964,0.03704848,0.03915306
1415,-0.062388636,-0.008468702,0.025938459,0.023101468
1416,0.077685505,0.7247906,0.06458087,0.08000056
1417,-0.15802215,-0.047020376,0.049900096,0.035348326
1418,-0.65397835,-0.053774014,0.04180515,0.036001395
1419,-0.008580141,0.012755603,0.05372483,0.046581306
1420,-0.053335644,-0.0023894608,0.027408173,0.02241768
1421,0.13793959,-0.05611068,0.10127602,0.073655255
1422,-0.060953945,-0.11514373,0.048811924,0.044556905
1423,0.027973969,0.09282579,0.14028543,0.12560761
1424,0.09532972,-0.13136585,0.026668832,0.02293541
1425,-0.028233951,-0.011669271,0.034743972,0.026991231
1426,-0.2970525,-0.058709204,0.08157155,0.060394265
1427,0.18861707,0.47925955,0.041167323,0.04386096
1428,-0.051243704,0.25190777,0.09169259,0.08116613
1429,-0.01406957,-0.064412594,0.04850466,0.043438017
1430,0.0607511,0.0055692494,0.03694521,0.029719636
1431,0.015007749,0.66138434,0.311902,0.22895798
1432,-0.10132043,0.022372209,0.06028754,0.04885984
1433,0.025072202,-0.011772767,0.09692803,0.086158745
1434,-0.11741845,-0.025864631,0.028965026,0.022137191
1435,-0.056554433,-0.13727532,0.07189924,0.05884529
1436,-0.03511579,0.32641953,0.042342346,0.03972753
1437,-0.07225563,-0.034280196,0.034103934,0.028221013
1438,-0.4049947,-0.25679484,0.04372541,0.043354567
1439,-0.24613124,0.29028803,0.08768285,0.09027835
1440,-0.035885777,0.03650524,0.028275272,0.023797287
1441,-0.11192672,-0.00906188,0.13341115,0.10841812
1442,0.093248636,-0.16935721,0.08836873,0.074019276
1443,-0.06787521,-0.010357901,0.033078354,0.025774721
1444,0.114673525,-0.104215175,0.04773405,0.03723217
1445,0.28492412,-0.15465422,0.28441992,0.287352
1446,-0.6270381,0.23448856,0.0604313,0.053047627
1447,0.023716412,-0.056997076,0.039958734,0.03048569
1448,-0.77609116,0.15234368,0.12964158,0.10476512
1449,0.08388002,0.005926594,0.03266019,0.0278712
1450,0.035395365,0.07774288,0.04071522,0.036359657
1451,-0.036458973,-0.055682972,0.05074916,0.04110366
1452,0.18337107,-0.10573627,0.07201428,0.053222634
1453,0.04583403,0.006385468,0.059281513,0.052478768
1454,0.02192083,0.048453994,0.031298127,0.02640707
1455,-0.061994363,0.32082558,0.08272214,0.069810875
1456,0.09035657,-0.032863513,0.07902874,0.06795393
1457,-0.0067027137,-0.25385368,0.046856713,0.048238862
1458,-0.01689843,0.06414426,0.081293985,0.07034618
1459,0.0880523,-0.13998114,0.052763846,0.04846969
1460,0.05634774,-0.69948447,0.06813373,0.07214316
1461,0.109860495,-0.056898072,0.056613147,0.046299648
1462,-0.0028972998,-0.00349693,0.024828536,0.021464532
1463,0.018334623,-0.044451505,0.024987953,0.021053156
1464,0.15534341,-0.8776885,0.07430197,0.08337396
1465,0.0027043745,-0.06791319,0.07594568,0.058305234
1466,-0.10634102,-0.08969277,0.09790943,0.09097649
1467,-0.2769217,0.16116208,0.13050333,0.0991473
1468,-0.13202931,0.3600808,0.19208287,0.196925
1469,-0.4826403,-0.13043973,0.11226076,0.10384796
1470,-0.75783914,0.2098636,0.04939008,0.044678204
1471,0.40042737,-0.25413457,0.22247916,0.1857216
1472,0.24321109,-0.38509193,0.05963018,0.054214858
1473,-0.075880535,-0.0055210516,0.059478886,0.041687116
1474,0.022085171,0.07539553,0.11346661,0.11399334
1475,0.011299882,0.025568664,0.093492895,0.08248679
1476,0.008191422,-0.027019262,0.032965556,0.027675705
1477,0.08526033,0.024773471,0.043719474,0.031612195
1478,-0.07675943,-0.014346719,0.05542456,0.0485082
1479,-0.06442321,0.06493699,0.06508175,0.053208426
1480,-0.027943635,-0.10222155,0.06901809,0.05812352
1481,-0.5611416,0.13338196,0.2298627,0.18733343
1482,0.078593925,-0.10813299,0.03491805,0.027392529
1483,-0.121468455,-0.16573897,0.041835327,0.034739416
1484,0.006653279,-0.0069430545,0.028569695,0.0241196
1485,0.15069997,0.27267545,0.07681874,0.07240815
1486,-0.21900707,-0.16109246,0.03396221,0.02811064
1487,0.20553674,0.011381492,0.04266248,0.03423113
1488,-0.17537916,0.026370093,0.10129743,0.09483534
1489,0.24456388,-0.113263756,0.22579384,0.19144826
1490,0.16768657,-0.17869756,0.12166846,0.10964233
1491,-0.494921,0.05276617,0.07305833,0.050315347
1492,-0.11732918,-0.07713278,0.19815661,0.17218289
1493,-0.10204384,0.21638009,0.049317915,0.03942739
1494,0.015434414,0.022969663,0.034356564,0.02922356
1495,-0.033259884,-0.038246185,0.08790429,0.07904695
1496,-0.018917283,-0.037465706,0.06873678,0.059029374
1497,-0.020758344,-0.014455095,0.039408788,0.032237243
1498,0.021646913,-0.050553456,0.1157485,0.10742488
1499,-0.16502538,0.9798573,0.05131839,0.050197877
1500,0.005085677,0.16216573,0.082317315,0.08749184
1501,0.3250607,0.8509201,0.07265169,0.07694002
1502,0.030026551,-0.1840761,0.030244917,0.026523076
1503,0.11759721,0.20451954,0.042251386,0.03385173
1504,-0.30020756,0.2372625,0.069575004,0.060975432
1505,-0.22819307,0.3739674,0.04320733,0.043913856
1506,-0.06201888,0.022846453,0.10695738,0.09893883
1507,0.012360394,0.023004755,0.043315556,0.032028362
1508,0.016718958,-0.045238495,0.03548773,0.029272625
1509,0.05623005,-0.0446555,0.06509805,0.05515311
1510,0.028860696,-0.015018448,0.04880909,0.040702935
1511,-0.06557007,0.0249997,0.05761353,0.04629596
1512,0.15869169,-0.13302596,0.08860146,0.06647223
1513,0.11866607,-0.08721657,0.10845251,0.09293199
1514,0.13599278,-0.3341679,0.06264597,0.06132821
1515,0.22555047,0.13053748,0.054847393,0.048586223
1516,0.29050258,0.28948575,0.1483564,0.10303866
1517,-0.19212481,0.038814742,0.08920201,0.08677056
1518,0.027767893,0.10962369,0.030646404,0.026177991
1519,0.06273928,0.007150963,0.055012356,0.04655474
1520,0.041523214,-0.009887792,0.0809983,0.0818222
1521,-0.01991274,0.013357259,0.050093777,0.04551963
1522,0.33495903,0.02766651,0.10881363,0.070149094
1523,-0.17094491,0.139249,0.037552655,0.03591363
1524,0.1523991,-0.011570305,0.08899788,0.07656027
1525,0.4140095,0.24403898,0.10084306,0.09852306
1526,-0.10817227,-0.04628153,0.028495895,0.021417858
1527,-0.05447816,-0.02279815,0.09044274,0.065777294
1528,-0.013030732,-0.11150588,0.052570462,0.041839644
1529,0.69176984,-0.18464804,0.11520534,0.0798837
1530,0.41463873,-0.83089244,0.041984964,0.04573577
1531,-0.052121907,-0.031916946,0.11445458,0.08078471
1532,0.23817325,-0.7449664,0.05429451,0.05452701
1533,0.10673055,0.027020976,0.15322629,0.121993944
1534,-0.099559605,0.68885875,0.089754015,0.09541247
1535,0.06684707,0.18874648,0.051800817,0.044799693
1536,-0.035803135,0.044217315,0.053214274,0.042645384
1537,-0.15689562,-0.21687159,0.09854729,0.0967374
1538,-0.3597293,0.45469064,0.037908755,0.035582256
1539,0.2045258,0.016468331,0.0708784,0.06391587
1540,-0.45121562,-0.5889249,0.04516239,0.038951565
1541,-0.091270685,0.673964,0.054187234,0.04972392
1542,-0.076445855,-0.08560331,0.038460214,0.03388185
1543,0.0070109107,-0.015981779,0.083329506,0.06658022
1544,-0.1508145,-0.028807253,0.05128351,0.03917092
1545,-0.25297722,0.10772523,0.11591083,0.07964257
1546,-0.27857584,0.09772432,0.06337632,0.050248604
1547,0.20635955,0.76187277,0.040760424,0.044926487
1548,0.44171476,0.0019439757,0.09939631,0.08127459
1549,-0.014106888,-0.067625344,0.08199437,0.07060404
1550,0.5169111,-0.25083753,0.06914291,0.06113721
1551,0.28177473,0.08768698,0.055811435,0.045779876
1552,-0.051765144,-0.029702827,0.02687252,0.02352887
1553,0.071422845,0.041770916,0.03808148,0.03355979
1554,0.008132186,0.011242196,0.040254664,0.038350206
1555,-0.0013652518,0.24876386,0.04251819,0.03912525
1556,-0.3261076,-0.36730257,0.038739618,0.03669784
1557,-0.039211266,0.07978168,0.2066216,0.21339619
1558,-0.04629437,-0.052474096,0.067013055,0.05462634
1559,0.2670435,0.13149546,0.057829916,0.04536953
1560,0.027826384,0.14257598,0.08802133,0.104907334
1561,0.08544049,-0.07288046,0.041434307,0.038692277
1562,-0.03492385,-0.002521038,0.075445466,0.0752904
1563,0.09512703,0.42364293,0.10653675,0.094939314
1564,0.1649137,0.23019655,0.1551961,0.14245051
1565,-0.30735916,-0.38756698,0.037486404,0.032299884
1566,-0.11025007,0.114626676,0.035170704,0.029503923
1567,-0.076753214,-0.120514184,0.09083103,0.08365946
1568,0.07025342,0.07669653,0.03885429,0.032565664
1569,-1.0254841,0.16983199,0.08500796,0.06409036
1570,-0.6065828,0.12841417,0.04153415,0.033906236
1571,-0.24911623,0.042626433,0.067911536,0.050262637
1572,-0.04378975,0.03662469,0.030530319,0.023638159
1573,-0.08767363,-0.0020755157,0.058600217,0.041550305
1574,0.3753569,-0.33931476,0.08203182,0.07045958
1575,-0.066855505,-0.06940873,0.062404756,0.044932622
1576,0.38208008,-0.0008767396,0.035056066,0.02986065
1577,0.32385504,0.012776867,0.040120795,0.028453868
1578,-0.73384166,0.17138705,0.09543063,0.084147036
1579,-0.017891109,-0.0413758,0.03619736,0.029576244
1580,-0.52773255,0.23517694,0.059071172,0.043787763
1581,-0.14102036,0.03365795,0.15626313,0.14245073
1582,0.05818196,0.056933947,0.0588174,0.053889718
1583,-0.22377282,0.35360205,0.031075465,0.02965941
1584,0.02556473,0.038136445,0.04480283,0.037417
1585,0.01228933,0.056276288,0.036394745,0.030096997
1586,0.13099186,0.010177366,0.1349087,0.11986312
1587,-0.10398939,0.0847716,0.053158324,0.047614172
1588,-0.08364637,-0.069292784,0.06318307,0.04816577
1589,-0.052517228,0.95820355,0.11668042,0.13462901
1590,-0.16996507,-0.16393903,0.070320986,0.05979264
1591,-0.015442535,0.06455388,0.05817043,0.05022407
1592,-0.021489302,-0.55122805,0.09277368,0.12851676
1593,0.02040318,-0.07879904,0.036839396,0.03248697
1594,0.043543663,0.12281359,0.064019814,0.057618763
1595,-0.054891706,0.07301546,0.03465036,0.025267426
1596,-0.006903004,-0.04421121,0.052588213,0.04506247
1597,0.053169016,-0.5187434,0.0823822,0.08503265
1598,0.051746238,-0.10275404,0.050819304,0.04819265
1599,-0.0163468,-0.11197108,0.05822532,0.05256916
1600,0.092601284,0.015315905,0.029885264,0.024861468
1601,0.019791678,-0.030914754,0.03624185,0.032500822
1602,0.49379495,-0.49647865,0.096397385,0.0870746
1603,-0.061411977,-0.09401183,0.051982366,0.043401178
1604,0.067001745,0.039896492,0.062777184,0.052087497
1605,-0.055733167,0.014661573,0.073311165,0.07782484
1606,0.001698833,-0.10602182,0.04046992,0.038700357
1607,-0.39439195,0.12251865,0.042529505,0.031210944
1608,0.050357405,0.07316979,0.05771346,0.04828094
1609,-0.069558725,0.25230882,0.03707617,0.035222556
1610,0.06972392,0.28371668,0.04507637,0.041789584
1611,-0.015013043,-0.041304365,0.049287736,0.041543234
1612,0.056764673,-0.32949013,0.063541904,0.06452025
1613,-0.0797925,0.07157032,0.044733632,0.040998884
1614,-0.042040348,0.35198107,0.08579021,0.07552002
1615,0.12429987,-0.058412835,0.02968277,0.023085013
1616,0.08690931,-0.088979915,0.036283817,0.031096894
1617,0.047088075,-0.013482578,0.027951313,0.020866444
1618,0.048075352,-0.18903759,0.039980035,0.03308184
1619,0.076153755,-0.068103746,0.028549192,0.023038242
1620,-0.6473541,0.09021227,0.05143865,0.043627553
1621,0.15313655,0.07908342,0.046141736,0.036358096
1622,-0.08654119,-0.13434027,0.04063384,0.033342365
1623,-0.09351009,-0.2924675,0.03421165,0.031312954
1624,-0.17767194,-0.23079419,0.09826142,0.093773454
1625,0.23328838,0.20431072,0.14214934,0.12880796
1626,-0.024302464,0.10425979,0.0647496,0.05591047
1627,-0.18935561,-0.16838115,0.042552244,0.030892642
1628,-0.008361127,-0.51103294,0.22037384,0.24013986
1629,0.6531305,-0.06264831,0.04139885,0.029905258
1630,-0.7330254,0.089380145,0.03736032,0.029668879
1631,0.017211054,0.033864144,0.061919462,0.05781002
1632,0.03402431,-0.12086891,0.059401374,0.06268355
1633,0.107404664,-0.37556124,0.10695322,0.11033666
1634,-0.051197246,0.19974744,0.040391605,0.036282174
1635,-0.18772194,0.2270305,0.045245115,0.039690375
1636,0.01811684,0.016199723,0.08308424,0.06614025
1637,-0.11761308,-0.04496418,0.1476403,0.13246502
1638,-0.33906743,0.17813548,0.057371553,0.05170851
1639,-0.08673033,-0.110435754,0.057167,0.049435597
1640,-0.051027626,0.36765248,0.10950505,0.10013813
1641,0.08923483,-0.11317316,0.044489883,0.042216882
1642,0.46380404,0.42704234,0.05571843,0.048232004
1643,0.075075254,-0.14618723,0.08548665,0.09735249
1644,0.124146655,-0.27743837,0.043812133,0.038140133
1645,-0.04225322,0.077392146,0.11179566,0.12069301
1646,-0.007123325,0.006655596,0.044216983,0.035174467
1647,-0.0188331,0.044118494,0.04257326,0.03782584
1648,0.0695381,0.035231445,0.054701585,0.043039355
1649,-0.24836788,0.021112897,0.10017657,0.0767603
1650,0.006624803,0.0037237108,0.042412847,0.034860406
1651,-0.21288821,0.047640108,0.051930536,0.04452257
1652,-0.05040931,0.023159422,0.042827185,0.036797527
1653,-0.27773407,0.5833136,0.071601205,0.07009743
1654,-0.41498926,-0.36044717,0.05248642,0.04645992
1655,0.08585855,0.0007622838,0.04182801,0.030517291
1656,-0.022860486,-0.024765499,0.030399425,0.025260868
1657,0.020996086,-0.0284857,0.13928948,0.10298089
1658,-0.28491428,-0.2586936,0.03362983,0.02603719
1659,-0.08845137,-0.634094,0.07293179,0.07220169
1660,0.044179033,-0.178202,0.057998564,0.052609213
1661,0.04637659,-0.5073353,0.07345796,0.077484734
1662,-0.044878196,-0.006387882,0.027284527,0.022340108
1663,0.22085369,-0.28689963,0.05989452,0.055820987
1664,0.02617937,0.36741787,0.15256089,0.15925717
1665,0.07823001,-0.015447006,0.036099516,0.027744435
1666,0.274815,-0.07612854,0.0600435,0.047086466
1667,-0.50962895,-0.28106406,0.089888275,0.077887215
1668,0.5112037,0.38217106,0.033518597,0.032505266
1669,-0.002004845,-0.014127843,0.02488133,0.021809865
1670,0.21284673,0.14291048,0.03245329,0.027971981
1671,-0.037481736,-0.008733749,0.10858629,0.13442777
1672,-0.00079411454,-0.004800603,0.022034561,0.019806135
1673,-0.24142069,0.18049844,0.040562868,0.03696239
1674,0.033246156,0.017916426,0.2793065,0.23343015
1675,0.19078821,-0.13518283,0.069963224,0.051810607
1676,-0.026176207,-0.035554186,0.044677433,0.03684071
1677,-0.13319166,-0.124336034,0.065527655,0.053387757
1678,0.07032378,-0.1453863,0.050235048,0.043118745
1679,0.019750122,-0.12021056,0.11220237,0.082606055
1680,-0.39066985,0.1719329,0.06911154,0.05041875
1681,0.07156013,-0.36921772,0.04018412,0.049423087
1682,0.15505849,0.080789626,0.06345464,0.053865258
1683,-0.11278136,0.2159968,0.02850331,0.025172945
1684,-0.5862183,0.39938322,0.18267187,0.12852715
1685,0.011591297,0.0374481,0.08829322,0.079728834
1686,-0.39655042,0.27127066,0.052167047,0.045977797
1687,0.0020025037,-0.033952087,0.07458438,0.05425146
1688,0.28533837,-0.034658656,0.036914073,0.032632247
1689,-0.08841338,-0.08521904,0.11164031,0.11089843
1690,-0.07473138,-0.052217975,0.03562578,0.030334756
1691,-0.85612285,0.03007678,0.04234041,0.04529154
1692,0.04653823,-0.018418461,0.05875243,0.05285422
1693,0.36959714,-0.24784851,0.036590602,0.042020686
1694,0.09642875,0.33779317,0.26651978,0.2828166
1695,-0.08645423,0.048977703,0.04903056,0.039323833
1696,0.20015396,-0.14573576,0.0443941,0.03925981
1697,0.08802524,-0.07768823,0.05344924,0.041952915
1698,0.2778102,0.09210063,0.049260385,0.034842737
1699,-0.11169243,-0.12170157,0.07468794,0.058920864
1700,-0.15506275,0.15862574,0.06721928,0.057616852
1701,-0.0065708943,-0.037360027,0.08209837,0.06791549
1702,-0.06909999,0.41532847,0.086528994,0.08526133
1703,0.65104514,-0.23073336,0.045783203,0.03331489
1704,-0.005420981,0.103912495,0.08949713,0.06985687
1705,0.093029425,0.11312583,0.11921523,0.09817444
1706,0.1326368,-0.15937737,0.040500134,0.032949068
1707,0.2129027,-0.35562763,0.09523122,0.07813796
1708,-0.63043886,-0.33076555,0.045095276,0.038897615
1709,0.058985543,-0.0034621134,0.034354035,0.028309686
1710,0.5300561,0.04025535,0.06681571,0.06274283
1711,0.10300097,0.13202015,0.034455277,0.029617272
1712,0.024171926,-0.045969173,0.024807487,0.020619854
1713,0.4331035,-0.14932872,0.28136954,0.23277393
1714,0.13916127,-0.062312573,0.06987964,0.05712485
1715,-0.084696576,-0.28257832,0.057496037,0.05410841
1716,-0.041827694,-0.10354099,0.043952692,0.034971923
1717,-0.44687837,0.23433487,0.05429406,0.041318428
1718,0.0701167,-0.05623603,0.032501068,0.027787363
1719,-0.39870933,-0.03347321,0.03677964,0.026807595
1720,-0.14205565,0.065411925,0.1842427,0.18463382
1721,0.082014516,-0.030748665,0.13174114,0.14329
1722,0.08020128,-0.0012021661,0.028798709,0.02260856
1723,0.011919491,-0.09701039,0.080955096,0.06799709
1724,-0.2458872,0.26789993,0.03601109,0.029703502
1725,0.040274393,0.022857964,0.046115443,0.0348522
1726,-0.012463307,-0.056700617,0.045903113,0.03990905
1727,0.0085552335,0.3861497,0.0532943,0.048720617
1728,-0.34991547,-0.20243719,0.16014157,0.112360716
1729,-0.02548356,0.019849762,0.036450498,0.029393852
1730,-0.015034009,-0.028527513,0.028175138,0.021975886
1731,0.043365363,-0.71723354,0.06139323,0.05756488
1732,-0.04056804,0.30778563,0.08115397,0.07900239
1733,-0.11542128,0.14866883,0.16935128,0.13852966
1734,0.16893795,-0.4432523,0.056370474,0.068178214
1735,-0.06582211,0.024572447,0.03747837,0.030552076
1736,0.24074426,-0.0021182373,0.028316645,0.02077938
1737,-0.055859804,0.009356484,0.05243167,0.04171918
1738,-0.05486407,0.13548155,0.029420158,0.02410424
1739,-0.07496692,0.31927726,0.037467804,0.03482461
1740,0.05985519,-0.3889924,0.062199775,0.07221144
1741,0.14677006,-0.1652667,0.09548804,0.07451429
1742,-0.5156394,0.18236056,0.04888049,0.03840476
1743,0.00030736625,-0.05752778,0.10810706,0.08459098
1744,0.9034138,-0.15948048,0.054587353,0.043994285
1745,0.16882068,-0.09300797,0.15951683,0.11991703
1746,0.62171996,-0.16971886,0.054749206,0.049195383
1747,-0.002219284,0.14771613,0.051013142,0.041851684
1748,-0.14589812,0.11962504,0.1029585,0.07619103
1749,-0.08316387,-0.07814388,0.23634212,0.31346536
1750,-0.04499819,-0.060580015,0.039231133,0.0351866
1751,0.0930461,-0.1590375,0.032821596,0.03107906
1752,-0.004820522,0.44451177,0.04334957,0.04580229
1753,0.0996878,0.33885807,0.15703408,0.14716001
1754,0.028126366,-0.207784,0.033932712,0.030441552
1755,0.50848126,-0.34184676,0.04330254,0.035712868
1756,0.052702036,0.09038868,0.076156706,0.062208217
1757,0.06449817,-0.03173989,0.033069126,0.030162632
1758,-0.09444986,-0.022792347,0.15137134,0.13211577
1759,0.13006982,0.02213873,0.024343502,0.020896716
1760,-0.092243254,0.11352439,0.057213616,0.04677611
1761,-0.012155838,0.14133202,0.061098002,0.059890345
1762,-0.26057768,-0.39724824,0.04780098,0.049772207
1763,0.49591544,-0.54080987,0.11707944,0.09225619
1764,-0.16452,0.1519084,0.14151676,0.13206586
1765,0.039742563,0.0040815473,0.030334082,0.02504108
1766,-0.036215413,0.0039786845,0.03608157,0.030118532
1767,0.04130591,-0.027297847,0.036234383,0.02757353
1768,0.7641916,-0.3747099,0.20992362,0.14674218
1769,0.1258891,-0.27487832,0.030932963,0.027052885
1770,0.17657247,-0.30248487,0.04549278,0.041695736
1771,-0.38691512,-0.013743192,0.09305645,0.07612963
1772,-0.32270223,0.09070597,0.1731539,0.116171725
1773,0.22104374,-0.20411652,0.063111655,0.053653777
1774,-0.290186,-0.23274824,0.034288485,0.028551597
1775,0.15487397,0.08367038,0.060086615,0.05489523
1776,0.121845365,0.016404718,0.06397922,0.05594597
1777,-0.024348862,0.010534748,0.033512715,0.028282985
1778,0.070681885,-0.07446149,0.03377944,0.02753344
1779,-0.03854455,-0.024819873,0.059291955,0.047833215
1780,0.13366175,-0.19273382,0.10863505,0.09431249
1781,0.0009651594,0.028816901,0.048698273,0.03897376
1782,-0.07684699,-0.1012138,0.041491598,0.033755995
1783,-0.009026384,0.03718999,0.039925516,0.03565367
1784,-0.25968307,-0.27541912,0.039949916,0.039257403
1785,-0.29794848,-0.17986089,0.17047416,0.15227942
1786,0.07867333,-0.10504584,0.025136184,0.021736477
1787,-0.12500711,-0.16648412,0.077368915,0.06519746
1788,0.11180808,0.5521685,0.104179606,0.10643511
1789,0.06623125,0.11446749,0.13924477,0.12904866
1790,-0.11788784,-0.039510474,0.027840251,0.023640186
1791,-0.026351703,0.014600016,0.028856505,0.023239814
1792,0.004781399,-0.017341718,0.03886496,0.029296845
1793,-0.03281935,0.050274916,0.032787334,0.025133144
1794,0.6280215,0.41088602,0.099070735,0.08407317
1795,0.0426354,0.0301205,0.058485195,0.045470327
1796,0.06677584,0.0719239,0.03784093,0.03260173
1797,0.04932491,-0.08854462,0.04359121,0.038966313
1798,-0.08845733,0.03210018,0.06254195,0.047905143
1799,-0.076830775,0.02165544,0.04119352,0.032909356
1800,-0.36173767,-0.041560605,0.05862158,0.04452264
1801,-0.03625547,-0.22874692,0.2513537,0.22648714
1802,0.011295117,0.15811324,0.048341908,0.044286415
1803,0.34858653,-0.16251743,0.2578983,0.21308444
1804,0.5553093,-0.31256455,0.04484854,0.03856265
1805,-0.06450385,-0.027218215,0.08407395,0.069818296
1806,-0.76824635,0.08101912,0.04146244,0.04027819
1807,0.0058798566,0.008922398,0.035080813,0.029291151
1808,0.07623312,-0.006407827,0.048911944,0.044397347
1809,0.17763379,-0.25769585,0.26063475,0.24545902
1810,0.005707018,-0.03387925,0.095709614,0.0996482
1811,0.3711925,0.14676297,0.03986572,0.031579304
1812,0.038953964,0.07002342,0.059796616,0.047949746
1813,-0.23082589,0.24851388,0.38737154,0.28601947
1814,-0.12477465,-0.010829017,0.050599467,0.043482486
1815,0.2096683,0.1051527,0.061475743,0.0542892
1816,-0.005286349,-0.02543509,0.042767335,0.03444851
1817,0.028931223,-0.0060578734,0.029415527,0.024290614
1818,0.009821471,0.30836165,0.03260919,0.033341244
1819,-0.16875163,-0.01850202,0.06203934,0.053063724
1820,-0.7081703,-0.34988576,0.07525354,0.08239366
1821,-0.07302791,0.0114282295,0.06711985,0.054166112
1822,-0.16744506,-0.22215316,0.059784252,0.048457053
1823,0.22290176,-0.17653093,0.29234815,0.36068967
1824,-0.12919094,-0.13228858,0.13603587,0.09261496
1825,0.09144968,-0.002866082,0.05499014,0.045276206
1826,-0.035120837,0.013895102,0.036630828,0.030775579
1827,0.30425406,-0.09936179,0.052395243,0.043095347
1828,0.043951783,-0.023698777,0.09084125,0.07902752
1829,-0.20969228,-0.2323348,0.11374955,0.11190749
1830,-0.08981405,0.38386604,0.13344525,0.14245945
1831,-0.51212806,0.02513168,0.04653951,0.039968513
1832,0.1208538,0.06208133,0.034529097,0.0293608
1833,-0.17670125,-0.005504407,0.054867703,0.044906657
1834,-0.001937475,0.50037646,0.05315787,0.061849583
1835,-0.0030810162,0.0119479075,0.03407905,0.028757347
1836,0.006251443,0.03424784,0.16675846,0.1634272
1837,0.0390271,0.06480449,0.07271076,0.06844883
1838,0.004948452,0.030169852,0.047869056,0.043159783
1839,-0.04831957,0.044787183,0.113475874,0.10904422
1840,-0.41937461,0.050103664,0.09977044,0.08419436
1841,-0.06670714,-0.06070596,0.062195968,0.05576604
1842,-0.032882344,-0.06683269,0.05554252,0.04182047
1843,0.026728097,-0.13468692,0.25834012,0.24317957
1844,-0.2139392,-0.15241131,0.10277974,0.073954605
1845,-0.033014264,0.040913317,0.0327961,0.026384663
1846,-0.1500284,0.19674541,0.29966265,0.23622529
1847,-0.003453292,0.04974188,0.0471166,0.0452081
1848,-0.1566275,-0.4820253,0.084352076,0.08218416
1849,0.16300665,-0.13462703,0.13806276,0.11836121
1850,0.07394953,0.08404218,0.04100017,0.033358797
1851,0.06046525,0.048423786,0.023764176,0.021715146
1852,-0.21755494,0.22455858,0.063086815,0.05001223
1853,-0.05528342,-0.08573422,0.08868602,0.07512922
1854,0.46314263,-0.254906,0.22189716,0.16621202
1855,0.02149374,-0.1011489,0.04817969,0.040624924
1856,0.03138197,-0.027483039,0.064668246,0.04687392
1857,-0.2615854,-0.29577821,0.05354167,0.05405276
1858,-0.22614126,0.5371349,0.039292112,0.03496686
1859,-0.017803438,-0.0029180646,0.064489566,0.050431803
1860,0.39054447,-0.19011486,0.0429865,0.034495305
1861,0.47365,-0.33791736,0.035586786,0.035767425
1862,-0.08910246,-0.39999425,0.03522054,0.029178198
1863,0.059981886,0.056084182,0.070207074,0.06392549
1864,-0.10237253,-0.26099,0.13508274,0.10221192
1865,0.06528817,-0.26961833,0.034408975,0.029039858
1866,-0.038172163,-0.073696494,0.0963517,0.069486536
1867,0.2132871,0.07216136,0.06557276,0.07093567
1868,-0.0075751394,-0.103870615,0.06860778,0.070827425
1869,0.59980524,-0.010065936,0.056679603,0.043067314
1870,0.2433098,0.020181179,0.081084274,0.06395269
1871,-0.21479462,-0.17481256,0.030571021,0.027755195
1872,-0.09890403,-0.15521103,0.058317307,0.05030413
1873,-0.10609411,-0.08049564,0.05004366,0.03432779
1874,-0.12926105,0.19783598,0.21390326,0.16312236
1875,-0.05643983,-0.04503949,0.030130519,0.02535473
1876,0.16400558,-0.23733032,0.042722788,0.03794744
1877,0.4774842,-0.039202884,0.062446862,0.050109625
1878,-0.097084254,-0.09095155,0.12592787,0.0962944
1879,-0.014423478,0.038185734,0.03269515,0.02791879
1880,0.01232541,0.030618787,0.045817368,0.040460937
1881,0.5454178,-0.2624559,0.05389054,0.04748609
1882,0.20755152,-0.7631341,0.19798508,0.22752671
1883,0.060410384,0.19501758,0.057323713,0.05146232
1884,0.026472688,-0.0010299087,0.09045103,0.07832777
1885,-0.030864712,0.046626654,0.05917622,0.047039
1886,0.07098597,-0.065966845,0.03358453,0.026864238
1887,0.15526995,-0.13489695,0.072611,0.06411845
1888,-0.30887377,-0.012765728,0.11793215,0.066243
1889,-0.023939367,-0.10128595,0.06128414,0.056113638
1890,-0.030227251,-0.013944097,0.07986026,0.065222
1891,-0.05871969,-0.04764065,0.056546677,0.047570307
1892,0.16528225,-0.025512956,0.031262193,0.025417823
1893,-0.023814147,-0.1052247,0.101444796,0.086824216
1894,-0.0058969706,-0.015888631,0.028782267,0.023557289
1895,-0.04279269,0.14848027,0.07202515,0.07083408
1896,0.15758137,0.18887606,0.030576687,0.02950762
1897,0.07145952,-0.23271772,0.12861483,0.15004876
1898,0.15114142,-0.25847942,0.03355779,0.027726227
1899,0.6494843,0.6272162,0.05446386,0.054258544
1900,0.630696,0.58385944,0.04076157,0.054034255
1901,0.06586446,-0.11095317,0.025441065,0.021554537
1902,-0.53857994,-0.58937275,0.044504482,0.04721879
1903,-0.029780567,0.03567602,0.07373195,0.069030665
1904,0.011301607,-0.022508934,0.03906423,0.029348347
1905,0.096733525,0.12813444,0.075166084,0.06206576
1906,-0.57718503,-0.27493754,0.03773072,0.035128146
1907,0.055549216,-0.056778118,0.043142136,0.036820475
1908,-0.60221314,-0.32883567,0.13217948,0.093653515
1909,0.3933523,-0.26003596,0.077674165,0.06362172
1910,-0.41009027,-0.6693537,0.048279434,0.049314957
1911,0.2904231,-0.451363,0.03807861,0.03480337
1912,-0.106881976,0.35462618,0.029666223,0.028060468
1913,-0.20243719,0.2089253,0.059172414,0.04765241
1914,-0.345546,0.46488145,0.116347596,0.12017737
1915,-0.01315956,-0.005178921,0.037887063,0.03192525
1916,-0.56819403,-0.039170563,0.15226413,0.09638461
1917,0.013348069,-0.06636304,0.078022875,0.06428087
1918,-0.43200698,-0.585322,0.059585143,0.056820624
1919,0.524106,0.4871329,0.116018474,0.1230056
1920,-0.18179983,0.3098185,0.05463883,0.051460832
1921,0.41167194,-0.43993172,0.07888642,0.07764498
1922,-0.045929406,-0.16366115,0.053037137,0.04449758
1923,-0.030128017,-0.012836866,0.03077611,0.02539378
1924,-0.031017438,0.036174335,0.028932601,0.023304038
1925,0.9371532,0.36400825,0.0372101,0.040385343
1926,-0.14820655,0.13870524,0.20390728,0.18508397
1927,-0.08265054,-0.24496022,0.35670844,0.42113015
1928,-0.088988885,0.07757239,0.03495719,0.027852373
1929,0.052055884,-0.10628985,0.08936915,0.084487066
1930,-0.06903206,0.6422508,0.108746685,0.09964307
1931,-0.034842104,-0.051330566,0.031733032,0.02787721
1932,-0.061915025,-0.1577425,0.027096469,0.023319665
1933,-0.07009567,-0.0032464564,0.040636703,0.03350246
1934,-0.15799254,0.3886579,0.047433272,0.055578105
1935,0.004020136,-0.052656755,0.089460395,0.07763932
1936,-0.46681365,-0.36594322,0.0538823,0.052106403
1937,-0.1357874,0.018668681,0.049606778,0.043525476
1938,-0.38278538,-0.5247661,0.15124632,0.13570687
1939,-0.12493785,-0.024766423,0.15048812,0.14753614
1940,0.07021707,0.01329124,0.044025246,0.034494177
1941,0.13514856,-0.6688404,0.07888675,0.08129838
1942,0.03135148,-0.20150962,0.118406475,0.10797292
1943,-0.051433653,-0.05631408,0.06752129,0.05806383
1944,-0.010981727,0.11306147,0.1377325,0.10914155
1945,0.15358609,0.3736634,0.04255498,0.03755414
1946,0.13893497,-0.55422854,0.119083464,0.12058787
1947,-0.02904643,0.034316268,0.09569261,0.070384145
1948,-0.059532277,-0.05501336,0.05499938,0.04476733
1949,-0.031371254,-0.016326785,0.04696113,0.04574326
1950,-0.28127596,-0.3228405,0.05773213,0.053527426
1951,0.4228268,0.6318599,0.059114087,0.06479188
1952,0.07221727,-0.014758341,0.03985346,0.036300175
1953,0.5102811,0.028426059,0.15526092,0.107899815
1954,-0.4329087,-0.31103778,0.07045498,0.06261118
1955,-0.00741273,0.048381735,0.07362941,0.053207625
1956,-0.15564036,0.1042702,0.15684283,0.12981845
1957,0.085775346,0.13412027,0.061665736,0.05464073
1958,0.5525825,0.14000604,0.04485537,0.033958264
1959,-0.016683187,0.056778073,0.056427933,0.048510775
1960,-0.019809121,-0.06673613,0.05827638,0.049037617
1961,0.10240556,-0.16169122,0.048471045,0.040993374
1962,0.017400283,0.52353334,0.08397718,0.08323627
1963,-0.13531226,-0.23489088,0.04970751,0.048831906
1964,-0.09998037,0.018135048,0.10475174,0.08218392
1965,-0.040776744,0.010927089,0.027195085,0.021553688
1966,0.42394423,-0.022754863,0.046398748,0.03382988
1967,-0.034335162,0.03176926,0.041276805,0.031425033
1968,-0.011237837,-0.24664727,0.12389632,0.11022345
1969,-0.072046615,-0.11717838,0.068486005,0.07015502
1970,-0.049959414,-0.046835363,0.06655743,0.050727934
1971,0.529286,-0.10387537,0.04197834,0.036082316
1972,0.0026060678,0.03630953,0.030950068,0.024625592
1973,-0.2776762,-0.14291328,0.13515949,0.100462005
1974,-0.4136861,0.107787825,0.13222921,0.10734981
1975,-0.54531884,-0.57513154,0.13918357,0.13464057
1976,0.32610604,0.09265079,0.08433663,0.06319015
1977,-0.020216735,-0.059673443,0.05052852,0.044096667
1978,-0.18890454,-0.63083875,0.049090724,0.0531952
1979,-0.12251267,0.21372685,0.060113333,0.047453813
1980,0.14944799,-0.44976744,0.039059184,0.036078513
1981,-0.11416964,0.4345076,0.06889669,0.06305831
1982,-0.015870314,0.045739625,0.09927628,0.09860445
1983,-0.14789782,0.016750403,0.03041203,0.024730459
1984,-0.17406195,-0.16029605,0.038271498,0.028579932
1985,-0.07763471,-0.043014884,0.0751329,0.07535441
1986,-0.39762604,0.14298616,0.12844573,0.10679671
1987,-0.0031781476,0.050993443,0.024351412,0.01981826
1988,-0.02653189,0.015388779,0.044845227,0.036428872
1989,-0.036299225,0.03774565,0.07651058,0.07283469
1990,-0.04306104,0.10023253,0.06568853,0.06392525
1991,-0.30491704,-0.09930517,0.03105917,0.025967179
1992,-0.20644961,0.2626465,0.17712651,0.17839175
1993,0.2667629,0.4426673,0.050084487,0.044229675
1994,0.048479337,-0.26619402,0.048337366,0.045165505
1995,-0.044561315,-0.059791937,0.02732443,0.023540119
1996,-0.3396413,0.11648537,0.11223486,0.09147006
1997,-0.0044789687,-0.06021157,0.13617311,0.12575793
1998,-0.32814226,-0.39543983,0.037670683,0.03489883
1999,0.09409161,0.32567596,0.06988498,0.066809855
2000,-0.06798896,-0.00039954484,0.08691246,0.06546475
2001,-0.18639928,-0.2171078,0.10595285,0.1017421
2002,-0.07452142,0.03399819,0.06496155,0.05602093
2003,0.09711707,-0.085160226,0.03974635,0.035284497
2004,-0.0810712,0.14401276,0.026761565,0.024972804
2005,-0.0025588982,-0.009019703,0.034096442,0.028713297
2006,0.06250408,0.14129993,0.030806746,0.029463384
2007,0.020858482,-0.044462174,0.022183344,0.01937672
2008,-0.046964977,-0.6262486,0.043904886,0.053829048
2009,0.1055862,0.09993153,0.10987061,0.08285275
2010,0.03177624,-0.057647377,0.05123356,0.04183822
2011,-0.014134379,0.0025163665,0.029672237,0.026011262
2012,0.0033733472,0.0029022992,0.039270908,0.029126251
2013,0.14211419,-0.075707465,0.15977219,0.12267921
2014,0.006638352,-0.045908555,0.02957815,0.02458109
2015,-0.018062506,-0.039225057,0.04073502,0.03240091
2016,-0.0006864108,0.033478074,0.049687322,0.037736118
2017,-0.08396058,0.1370638,0.05003731,0.05117329
2018,0.006641846,-0.11242615,0.06452778,0.059490543
2019,0.011606798,-0.07958414,0.104074,0.09245042
2020,0.0986321,-0.23857525,0.049840108,0.042758986
2021,0.09884159,0.29377276,0.07530197,0.06403121
2022,-0.04522924,-0.08156444,0.13009438,0.13294947
2023,-0.4105257,0.41083485,0.055027593,0.05845676
2024,0.016220387,0.042447556,0.031861905,0.027096653
2025,0.015882175,-0.11145432,0.04921976,0.04381282
2026,-0.18738087,-0.0975378,0.087949045,0.09618206
2027,0.009805061,0.20800671,0.02769984,0.02281248
2028,-0.7112424,0.16580626,0.11894896,0.09760604
2029,0.15182644,-0.1625013,0.031134512,0.02544226
2030,0.15710734,0.6534785,0.04642924,0.048842385
2031,-0.08309747,-0.017364457,0.083618134,0.06537479
2032,0.0014722496,0.4879362,0.03462364,0.03607802
2033,0.121075615,0.101545654,0.06169925,0.04822083
2034,-0.09247972,0.03703616,0.19738512,0.18579149
2035,0.0902607,-0.016732708,0.10882934,0.092771575
2036,-0.0063072722,-0.37568355,0.1852119,0.20528758
2037,-0.8307023,-0.033431977,0.03851998,0.031599786
2038,-0.23711503,0.484772,0.14701582,0.15078874
2039,0.11993237,0.024141617,0.028679054,0.02347607
2040,0.037199844,-0.011661015,0.049213972,0.042870853
2041,-0.3798527,0.010825038,0.100214414,0.07790903
2042,-0.053927347,0.14128704,0.07883651,0.049789015
2043,0.19180235,-0.43184313,0.066254005,0.064301714
2044,0.5419986,-0.124332994,0.07521142,0.06369397
2045,-0.24953029,-0.7158054,0.042041667,0.054515563
2046,-0.024986682,-0.022945315,0.04187591,0.03241398
2047,0.20081356,-0.005485937,0.07395252,0.056656934
2048,-0.06552747,-0.20499358,0.07592414,0.07271217
2049,0.30171448,0.1467494,0.03862321,0.032508362
2050,-0.11083053,-0.084337115,0.1387933,0.09951762
2051,-0.017114166,0.017188445,0.039268043,0.031193862
2052,-0.043082733,0.3463336,0.034748692,0.036905073
2053,0.040648866,-0.01197508,0.039124984,0.033057783
2054,-0.16024275,0.1679061,0.10273756,0.078373246
2055,0.84998673,-0.30910823,0.11460448,0.091473065
2056,-0.018560678,-0.012004763,0.046672177,0.042640906
2057,0.06503029,-0.06960513,0.050035834,0.043066714
2058,-0.0006013699,0.009842768,0.027111901,0.021843858
2059,-0.45936108,0.43120742,0.06480559,0.06188021
2060,-0.085648194,0.0060069486,0.027159348,0.023081707
2061,-0.015998947,0.035314642,0.029747225,0.024296954
2062,-0.4647574,-0.07849176,0.13035958,0.08686088
2063,-0.013915626,0.09017572,0.097301334,0.08916052
2064,-0.07648912,0.06776886,0.07198599,0.0657737
2065,-0.010535173,0.03185097,0.031098805,0.023622306
2066,0.12584805,-0.036136866,0.060843512,0.04566425
2067,0.4323379,-0.034026444,0.10719537,0.06817326
2068,-0.46928942,0.60955703,0.053808987,0.062220357
2069,0.008244913,-0.045088753,0.037095927,0.030161755
2070,0.041138742,0.048258428,0.05781034,0.04480015
2071,0.40635157,-0.5684017,0.098229654,0.100187525
2072,0.32177407,-0.13303746,0.05993404,0.04265774
2073,0.019023512,0.019125588,0.033588108,0.026383419
2074,-0.22370298,-0.062253013,0.035635334,0.029357975
2075,0.21613885,-0.29716328,0.043998554,0.04501183
2076,-0.553968,-0.25085703,0.07127345,0.05586345
2077,-0.018872794,0.11351259,0.076649934,0.068618044
2078,-0.3710015,0.09120816,0.14442785,0.112553336
2079,-0.2953955,-0.12849629,0.08902121,0.06239547
2080,0.00029484555,0.019116089,0.02542793,0.021450391
2081,0.008043878,-0.012585141,0.0233322,0.020169023
2082,0.13191593,0.012866393,0.15999581,0.12539
2083,-0.07278686,-0.089614436,0.04145832,0.035114754
2084,-0.3391567,-0.42427233,0.10735954,0.08739997
2085,-0.110667214,0.5026574,0.03533032,0.0353168
2086,-0.10396318,0.056321327,0.028243396,0.022103706
2087,0.08305156,-0.07563692,0.13105989,0.10982607
2088,0.10335003,0.035438128,0.067876235,0.05069236
2089,0.050284017,-0.059074894,0.12286694,0.1171611
2090,0.065176696,0.055370968,0.027861005,0.020586684
2091,0.015291423,0.10708003,0.05082644,0.045665856
2092,0.10611433,-0.032945976,0.048512723,0.04057607
2093,-0.056010827,0.024917647,0.15617613,0.15275235
2094,-0.14990577,0.12955144,0.030683164,0.023288675
2095,0.039163303,0.005901389,0.05003754,0.04174571
2096,-0.4406489,-0.466822,0.05121771,0.05262807
2097,0.019617047,-0.12713575,0.05614475,0.054274295
2098,0.19543868,-0.14317586,0.032367773,0.027565803
2099,-0.74231243,-0.31888112,0.06852874,0.056745593
2100,-0.25035825,0.15292631,0.053562243,0.04277567
2101,-0.29939258,-0.72103894,0.037501447,0.04507981
2102,0.04109628,-0.019076675,0.11843762,0.11027102
2103,0.7358481,-0.42680743,0.05104905,0.053552087
2104,0.008264672,-0.017735802,0.030056374,0.025267774
2105,-0.3015972,0.18273094,0.11438793,0.08461732
2106,-0.3719853,0.22614478,0.03705216,0.030474389
2107,0.1348504,0.36134148,0.12962452,0.14251618
2108,0.2229,-0.22847876,0.031825874,0.027068567
2109,-0.7171464,-0.33876595,0.053765606,0.052825112
2110,-0.38739607,-0.00050497055,0.038147233,0.031062374
2111,-0.16536929,0.03978363,0.03294791,0.025042491
2112,0.2531754,-0.095221415,0.055994406,0.04744096
2113,0.10614027,0.46126962,0.06539065,0.07006668
2114,-0.042062346,0.12635162,0.06757967,0.052232854
2115,0.27572915,-0.5489018,0.06276969,0.06730125
2116,0.31040233,0.08076925,0.09817735,0.07700497
2117,0.30764776,0.14285174,0.06535135,0.05203353
2118,0.32611683,0.074647926,0.06956789,0.05319798
2119,0.17464489,-0.06106317,0.2430558,0.2398077
2120,-0.0923939,0.08100128,0.071353704,0.056523863
2121,0.017498199,0.003038779,0.024123589,0.019180436
2122,-0.04927861,-0.042558685,0.039983016,0.03208694
2123,0.462686,0.41243577,0.055767585,0.06230817
2124,0.32044345,-0.13248639,0.09983162,0.06692827
2125,-0.21524616,-0.7153444,0.04499123,0.05625038
2126,0.19312875,-0.09310052,0.06345509,0.05068654
2127,0.059107658,-0.06728178,0.027456654,0.022682453
2128,0.1570044,0.27494383,0.035366338,0.03092862
2129,-0.03285684,-0.15322442,0.0958903,0.083387285
2130,-0.006605331,0.0016427934,0.02674822,0.021335209
2131,0.0034723654,0.03058403,0.04860789,0.040924024
2132,0.029002659,0.022855513,0.03966718,0.029898206
2133,0.011908721,0.022436053,0.10447527,0.0820076
2134,-0.029603656,-0.023150638,0.03623553,0.03446673
2135,-0.20486201,-0.5338006,0.037832312,0.04146853
2136,-0.020674849,0.026504338,0.103528336,0.07370471
2137,-0.21177535,0.23898068,0.069894984,0.065747626
2138,-0.21954271,-0.07830803,0.2588476,0.18040559
2139,0.20069629,-0.055914238,0.08354062,0.071081296
2140,-0.0681186,0.03472104,0.039685518,0.03304413
2141,0.79815906,-0.3776552,0.15094285,0.1456128
2142,-0.039408106,-0.0169086,0.041970566,0.03228261
2143,0.25908968,0.21959239,0.11402338,0.083687305
2144,0.088619426,0.044845268,0.07574004,0.06419344
2145,0.13081412,0.8576673,0.06072864,0.06593871
2146,0.27813876,0.16581124,0.05214102,0.042589284
2147,0.023379732,-0.08239688,0.08206213,0.083431356
2148,0.0091132,0.0042119697,0.043073174,0.03473594
2149,-0.5210106,0.18386397,0.08402496,0.06673201
2150,0.038474556,-0.07855791,0.03425647,0.028433207
2151,0.08335818,0.022262827,0.042752832,0.03968267
2152,-0.09235945,0.57154727,0.06356181,0.065055914
2153,-0.019662317,-0.012465179,0.05394172,0.048583813
2154,-0.07058703,-0.06681982,0.099166505,0.08049142
2155,-0.01782576,-0.094094425,0.10421998,0.08651091
2156,0.017191343,-0.0053548887,0.08840529,0.0738726
2157,-0.010382663,-0.04053642,0.042257216,0.036092345
2158,-0.2546985,0.067358814,0.061385725,0.04167511
2159,0.03460492,-0.013874948,0.054751467,0.049190167
2160,-0.0067274477,-0.0048178136,0.0287635,0.022770103
2161,-0.036386862,0.01022511,0.04886721,0.038184676
2162,-0.049173743,0.06700168,0.10757002,0.09058853
2163,0.2575373,-0.31105214,0.041152798,0.04057352
2164,0.019973192,0.15803535,0.043868605,0.038591787
2165,-0.19797981,-0.18736911,0.072817616,0.074225456
2166,-0.11530462,0.08386022,0.048775703,0.035376508
2167,0.0010589808,0.026583306,0.045114875,0.037220597
2168,0.6871998,0.15023972,0.08106888,0.07805152
2169,0.080381915,-0.22262523,0.041359387,0.036403615
2170,-0.24453674,-0.3588675,0.051112708,0.046817757
2171,0.72724473,0.5311799,0.05254546,0.05699006
2172,-0.04496581,0.063850954,0.040887795,0.033549502
2173,-0.0991344,0.0068912506,0.069261156,0.052647296
2174,-0.19837683,-0.100470126,0.19963652,0.20339514
2175,0.014449526,-0.020877473,0.040791783,0.034634087
2176,-0.32420295,0.14832503,0.102163196,0.089158714
2177,-0.018848853,-0.11504519,0.051714793,0.041221615
2178,0.09622505,-0.07108542,0.04380745,0.034631632
2179,0.28535,0.61873555,0.048173446,0.047846437
2180,0.1775572,0.07139458,0.1622582,0.14060734
2181,-0.55170166,-0.11704588,0.05493384,0.040733032
2182,0.11313622,-0.14245194,0.046196714,0.041776154
2183,-0.0024803486,-0.0023924634,0.032060377,0.02459589
2184,-0.024700036,0.18087858,0.03034854,0.02496964
2185,0.5109337,-0.101674035,0.1850111,0.17332716
2186,-0.014277341,-0.08347671,0.055408087,0.064516656
2187,0.23173437,-0.30686125,0.11283214,0.118255354
2188,0.1844296,-0.12505546,0.052902933,0.041185454
2189,0.06660926,-0.021976776,0.07124792,0.060173966
2190,-0.44091463,0.42281938,0.048469797,0.04164177
2191,-0.37734064,0.6403042,0.077607214,0.07045504
2192,0.24556953,0.5761994,0.056608524,0.065861665
2193,-0.07889436,-0.050050333,0.06311211,0.053313263
2194,0.05096672,0.06337573,0.04752695,0.036969457
2195,0.35319993,-0.22476044,0.11898389,0.092387766
2196,0.049284156,-0.14779958,0.09758185,0.08087303
2197,0.24712989,-0.22572115,0.41420457,0.41304067
2198,-0.5838167,-0.19030258,0.036230356,0.026776688
2199,-0.035878588,0.0062143654,0.08529861,0.08201974
2200,0.1694114,0.051304895,0.06611833,0.051996965
2201,0.13784264,-0.2161791,0.04916608,0.037583306
2202,-0.105545044,0.07078625,0.045482308,0.0388323
2203,-0.20814997,-0.50895536,0.04269903,0.043619078
2204,0.09128903,0.029411666,0.09574374,0.083423994
2205,0.011982195,0.037033364,0.03690868,0.029403841
2206,-0.010742215,0.14738606,0.08743089,0.07658255
2207,-0.16089743,0.101678945,0.12618744,0.10279654
2208,-0.06539999,0.022334784,0.03311953,0.025003124
2209,-0.5972167,-0.07347536,0.14367716,0.11213429
2210,-0.18824622,0.0035228357,0.0630688,0.049977597
2211,0.3548455,0.08481759,0.043775957,0.034339853
2212,-0.6020921,-0.23392764,0.04778098,0.046154674
2213,-0.05248567,0.017159604,0.061277863,0.051924802
2214,0.072092056,-0.051076308,0.13064583,0.11422187
2215,-0.0010073483,-0.08782032,0.0809065,0.0736229
2216,-0.021868825,0.48085272,0.06541522,0.070087776
2217,0.03420612,-0.011065379,0.046451326,0.041669622
2218,-0.1554389,-0.11137383,0.15804002,0.13949366
2219,-0.13133758,-0.32908934,0.0446886,0.04752878
2220,0.44170332,0.0055852532,0.034790482,0.02836379
2221,0.091815814,-0.12936209,0.11948532,0.100775726
2222,0.018411737,-0.3789564,0.031194368,0.032187205
2223,0.3667708,-0.35396412,0.046291877,0.044389825
2224,0.12983349,0.40537658,0.037201375,0.033282284
2225,0.34143585,-0.24115983,0.049208865,0.043577828
2226,0.19455916,-0.20457101,0.28016564,0.29271936
2227,0.18283218,-0.016994871,0.038725056,0.031657163
2228,-0.077239186,-0.06934506,0.04058508,0.035129357
2229,-0.2891445,-0.21770087,0.059271954,0.049879853
2230,-0.16148211,0.22793627,0.03222142,0.030102056
2231,0.028215185,-0.05087717,0.034444105,0.028081473
2232,0.0784529,0.037411418,0.084818944,0.06864927
2233,0.05121516,-0.010888703,0.068150766,0.05283205
2234,0.0065606423,-0.1513737,0.111708015,0.10518581
2235,-0.03176395,0.12823476,0.026519084,0.022244124
2236,0.24752218,0.4201816,0.123133734,0.11519207
2237,0.105630696,-0.077456355,0.068094864,0.059299175
2238,-0.4329429,-0.16333455,0.05187077,0.03899206
2239,-0.16739678,-0.7575747,0.040856905,0.050487027
2240,-0.47549257,-0.47947887,0.09239344,0.08232013
2241,0.35028705,-0.048247606,0.06987686,0.054274067
2242,-0.020209407,-0.10265906,0.1269183,0.102874056
2243,0.21616289,0.005928859,0.046937924,0.044178605
2244,0.76312965,-0.24399284,0.041904718,0.057182953
2245,0.009309515,0.12577277,0.049435582,0.04702924
2246,-0.0112712085,0.005158618,0.033071663,0.02691697
2247,0.2785119,0.18671748,0.033778403,0.027941823
2248,-0.13500202,0.3873913,0.040461555,0.037049253
2249,0.071576014,-0.17154211,0.07070415,0.060960002
2250,-0.1792454,-0.41118363,0.03263723,0.03387655
2251,0.06363928,0.11757957,0.101153515,0.11572117
2252,0.022366747,0.0065088794,0.11479656,0.11496185
2253,0.06300734,0.035402533,0.0407594,0.031257335
2254,0.08150701,-0.18142572,0.053480998,0.050686825
2255,-0.16645585,0.055774327,0.10530082,0.07828659
2256,-0.11711156,-0.57815313,0.036663696,0.036913935
2257,-0.1426872,0.060034823,0.118583955,0.07364763
2258,-0.040570077,0.11809374,0.028957613,0.025673192
2259,0.0061234124,0.03310509,0.03271026,0.027154459
2260,-0.110256314,-0.011563212,0.054741867,0.045826618
2261,0.008295868,0.06063892,0.03496962,0.0318688
2262,0.09950505,0.17255917,0.02699819,0.023674155
2263,0.057594422,-0.014016002,0.071633615,0.05504912
2264,-0.020838602,0.06087907,0.034764696,0.029920973
2265,0.05012059,0.056935843,0.07522724,0.05677105
2266,0.27802008,0.60202813,0.051323373,0.04832587
2267,-0.33253133,0.41871163,0.03521052,0.034545958
2268,-0.17552654,0.233002,0.062324,0.04886203
2269,0.006343089,0.0014677197,0.026405541,0.0222417
2270,0.19659233,-0.13850842,0.05266195,0.046599366
2271,-0.16720979,0.48503458,0.05052671,0.054966796
2272,0.6054862,-0.06364073,0.08035541,0.06417083
2273,0.12005688,-0.065607235,0.08334968,0.056953367
2274,0.046791423,0.4142143,0.14573066,0.1600631
2275,-0.0027754586,-0.39944556,0.06949582,0.07680697
2276,0.03738531,0.045976333,0.05888799,0.062264375
2277,0.11792062,-0.2583503,0.12840267,0.124737784
2278,-0.21322252,-0.013894498,0.17391206,0.11065764
2279,-0.045311525,0.018539287,0.04036779,0.032661047
2280,0.44128412,-0.2534181,0.03228479,0.029505627
2281,-0.1326342,0.18107939,0.028812842,0.023769232
2282,0.04528294,0.19245306,0.11984916,0.10585065
2283,-0.07910939,-0.29430997,0.23727465,0.21351326
2284,-0.1753782,0.30519366,0.10914866,0.104786456
2285,-0.1762379,0.569956,0.06471139,0.06892973
2286,0.15039292,-0.06445697,0.040096864,0.030618412
2287,0.16160561,-0.70347345,0.24805427,0.29493216
2288,0.105713755,0.10021752,0.034911368,0.027761858
2289,0.022356108,-0.062931076,0.05963972,0.058944356
2290,0.2205832,-0.10114545,0.047937237,0.03437941
2291,0.26794404,0.0699853,0.23176958,0.20434374
2292,0.29889384,-0.051636234,0.15713301,0.14124417
2293,0.10583542,0.10647451,0.034490515,0.028490491
2294,-0.23579407,-0.23318651,0.11820684,0.10190037
2295,-0.040591206,0.026819453,0.038070463,0.030715631
2296,-0.06431296,-0.13198815,0.10064581,0.0987059
2297,-0.15282643,0.20429209,0.033233695,0.024668543
2298,-0.17917822,0.07420749,0.08553721,0.07723248
2299,0.09789474,-0.024252437,0.060274515,0.047549058
2300,0.102182925,-0.1229019,0.05731482,0.051040184
2301,0.4226854,0.44965047,0.037579756,0.031154372
2302,0.08245763,-0.008465186,0.068031944,0.055931017
2303,0.16978088,-0.01581052,0.0720998,0.06929312
2304,0.0074315406,-0.13175565,0.053988583,0.046652123
2305,0.09751895,0.19436882,0.088017926,0.067873456
2306,0.4301302,-0.6069406,0.1243474,0.11058921
2307,0.1251,0.56045043,0.038163982,0.035930768
2308,0.13888182,0.05017234,0.03208543,0.025130404
2309,-0.03159461,-0.06688486,0.064376004,0.05424691
2310,0.016108349,0.052721757,0.07352397,0.07399972
2311,0.07396267,0.2179792,0.039239958,0.034923967
2312,0.14785334,-0.24845392,0.049339022,0.041315112
2313,-0.0017369781,0.025469385,0.096486256,0.0739464
2314,-0.06853098,0.027113855,0.080073096,0.06251702
2315,-0.054445542,0.030997284,0.032735992,0.026819462
2316,0.024700277,0.005194433,0.023498723,0.020311747
2317,0.028119732,-0.15372448,0.07644245,0.06435907
2318,0.4010949,-0.3169394,0.05697333,0.059783023
2319,0.13774842,-0.4127687,0.08488246,0.077878974
2320,0.032132115,-0.16890532,0.06678705,0.06707325
2321,0.23005465,0.0034901723,0.06881356,0.04778941
2322,-0.020117901,-0.053304955,0.052208573,0.03886595
2323,0.2565187,0.39363825,0.05663692,0.04521649
2324,-0.108018205,-0.27050874,0.06350566,0.051237132
2325,-0.06694938,0.12862518,0.12163203,0.09232592
2326,0.04592674,0.075262845,0.036082726,0.03131663
2327,-0.06998786,0.50906575,0.09216692,0.11196077
2328,-0.08067682,-0.019158587,0.05884258,0.055611327
2329,0.32881102,-0.08353458,0.03341841,0.027005028
2330,0.07592222,0.2820783,0.04584402,0.04734873
2331,-0.36218092,0.03460332,0.10526219,0.08706865
2332,0.040366907,-0.0719334,0.031422894,0.026241295
2333,-0.05632024,-0.109757096,0.038779296,0.032681882
2334,-0.00091658905,0.07104467,0.031091414,0.025334401
2335,-0.08130272,0.07706743,0.07035654,0.065257445
2336,0.07427472,-0.077902734,0.025903499,0.02191285
2337,0.17036667,0.06434077,0.036203224,0.027738374
2338,0.05719148,-0.18837926,0.03549958,0.032263976
2339,-0.069291115,0.024011642,0.03336803,0.024865534
2340,0.17589799,0.11723066,0.056682646,0.048419077
2341,0.09801066,-0.015384413,0.027897872,0.023172678
2342,0.049221594,-0.06422873,0.036758155,0.030334748
2343,0.20585786,0.29885447,0.114654444,0.102827184
2344,0.20498523,0.0382909,0.11162251,0.08376438
2345,-0.018873677,0.02015838,0.0397145,0.031235352
2346,-0.121671274,-0.13449521,0.035408337,0.027926419
2347,0.5177945,-0.49020448,0.04282273,0.037686173
2348,-0.20709866,-0.3620819,0.041286755,0.03650942
2349,-0.09698185,0.03091006,0.052142713,0.047376767
2350,-0.053500228,0.48961398,0.16812985,0.16640359
2351,0.22697914,0.720611,0.057773773,0.06904316
2352,-0.19986425,-0.26709306,0.040815134,0.03520353
2353,-0.3745859,0.03574831,0.22167341,0.16965021
2354,0.08222836,-0.09668496,0.0785444,0.06128871
2355,0.029382624,0.048594207,0.028192988,0.024786105
2356,0.075271115,0.123442814,0.0799033,0.07317678
2357,0.122553885,-0.09216392,0.041399993,0.03105836
2358,-0.8078567,-0.16162813,0.08811912,0.061508592
2359,0.024809692,-0.028926507,0.04414331,0.035591774
2360,0.028766401,-0.074907854,0.059337795,0.051525585
2361,-0.26948753,-0.28095728,0.09155967,0.07588577
2362,0.07943107,0.68745613,0.046196826,0.05514879
2363,-0.22781302,0.035369836,0.047382902,0.03062492
2364,-0.020926936,-0.07335767,0.06275637,0.05585743
2365,-0.00380994,-0.0073927417,0.045516245,0.038922913
2366,-0.39569244,-0.34841928,0.065515146,0.06141818
2367,0.09601939,-0.0043155327,0.045567732,0.037540127
2368,-0.07001907,0.047768287,0.13328543,0.14895922
2369,-0.12998953,0.16608177,0.03673253,0.029527815
2370,0.09195405,0.09707114,0.08403384,0.08172421
2371,-0.7924396,0.20674568,0.064278305,0.041809205
2372,0.14001997,-0.02896168,0.07566279,0.048646584
2373,-0.0244831,-0.08135651,0.1088921,0.09928373
2374,-0.17864099,-0.05592251,0.08148575,0.068404645
2375,-0.50646657,0.19342083,0.05697941,0.047290288
2376,-0.56848234,0.2781431,0.073810354,0.07043687
2377,-0.0077412706,0.028383158,0.20732236,0.19566295
2378,-0.31006756,-0.5058112,0.032870967,0.036451336
2379,0.005614564,0.039981116,0.060253307,0.055333856
2380,-0.23034193,-0.2511319,0.079606645,0.08599864
2381,0.53355336,0.097727574,0.05289015,0.038263664
2382,0.15541548,0.7583188,0.079543024,0.07611167
2383,0.016365148,-0.033581913,0.038929053,0.033920184
2384,-0.02053391,0.008070268,0.052523747,0.040615574
2385,0.3682683,0.06887377,0.06486703,0.049637552
2386,0.021533612,0.04443829,0.02455604,0.01859572
2387,-0.011093261,-0.0070245117,0.034116607,0.02579709
2388,0.003681399,-0.029654808,0.07553016,0.06206295
2389,-0.14357151,-0.34988046,0.16980876,0.16000788
2390,-0.31330088,0.061432555,0.042920835,0.035410255
2391,0.697302,0.3823439,0.052532226,0.047619764
2392,-0.048436016,-0.06486231,0.027827268,0.022795167
2393,0.15953729,0.010664597,0.08369709,0.06678223
2394,-0.44302467,-0.058096915,0.04202144,0.032171853
2395,0.13191198,0.15143508,0.08467427,0.07089857
2396,0.0019132122,-0.082197085,0.11787006,0.09999374
2397,-0.08759178,0.06529352,0.07546802,0.05525132
2398,-0.21850938,-0.22477019,0.04864661,0.04416881
2399,0.7442864,-0.57287,0.051447935,0.054821674
2400,-0.037166677,-0.056361377,0.040329207,0.038211793
2401,-0.117977664,0.30864537,0.10283964,0.08538133
2402,-0.03708796,0.06354582,0.033497497,0.027680157
2403,0.08237414,0.09922189,0.041334223,0.031935107
2404,-0.044142168,-0.055472612,0.064026855,0.056894884
2405,0.6927372,0.15493685,0.060885236,0.049739037
2406,-0.014919642,2.82228e-05,0.023659982,0.020484157
2407,-0.17251427,-0.270103,0.111363925,0.08383259
2408,0.10188308,-0.19570184,0.038167424,0.038065985
2409,-0.002324732,-0.017815843,0.03357266,0.029220682
2410,0.032267224,-0.14370495,0.095346324,0.092747
2411,0.121417984,0.044627625,0.033208903,0.02756314
2412,-0.52224517,0.15487042,0.048330665,0.03268551
2413,-0.09322257,-0.07101841,0.07795474,0.06509872
2414,-0.28731734,-0.16856176,0.046394877,0.032814324
2415,-0.058086503,-0.13016638,0.053082813,0.045360178
2416,-0.61351335,0.06848505,0.10480928,0.09354798
2417,-0.5580846,0.5843197,0.1067654,0.10914876
2418,-0.05190416,-0.004524544,0.14414696,0.1018804
2419,0.08665633,-0.114513904,0.14750743,0.12457071
2420,0.11935994,-0.20245221,0.032031752,0.026650464
2421,-0.029036516,-0.1414668,0.07309102,0.06870191
2422,-0.082826845,-0.10364683,0.08302785,0.06755416
2423,0.22471201,-0.22443345,0.14660811,0.114040814
2424,-0.19126743,-0.20980826,0.03787478,0.034934238
2425,0.23723432,-0.23080346,0.033434663,0.027506499
2426,-0.2069101,-0.0037926286,0.1342192,0.09831998
2427,0.15753943,-0.15621084,0.06061386,0.044643026
2428,-0.03087012,-0.050085142,0.03118432,0.026373202
2429,-0.007926218,0.06377612,0.06681359,0.06297651
2430,0.47392246,-0.23438862,0.045102913,0.03982023
2431,0.009332318,0.046319183,0.11716946,0.11173892
2432,0.32441902,-0.29744518,0.056617767,0.05003685
2433,0.0016403794,0.09303042,0.03253626,0.025396803
2434,0.03792469,-0.07354237,0.02988075,0.024825118
2435,-0.050911557,0.21402466,0.030789057,0.026703864
2436,-0.016941922,-0.11346032,0.075529814,0.065490015
2437,-0.44531402,-0.014790773,0.06682652,0.048643097
2438,0.384482,0.1751857,0.042988893,0.04003146
2439,-0.12032412,-0.03866832,0.03061958,0.022952985
2440,0.04086491,0.040909838,0.06786531,0.053328607
2441,0.76242405,-0.14464141,0.0371158,0.040544193
2442,0.32314402,-0.034119964,0.035209253,0.027640754
2443,-0.16310312,0.1704651,0.09755678,0.07201851
2444,0.015149917,-0.22924054,0.09142869,0.07344989
2445,-0.07382594,0.1903716,0.22537619,0.199285
2446,0.05829807,-0.3522706,0.035013936,0.032060616
2447,0.02418429,0.04595068,0.031914324,0.026507402
2448,0.031297397,0.0021238923,0.063751414,0.061488237
2449,-0.012637667,0.05144511,0.033104878,0.030360797
2450,-0.03786349,-0.01621303,0.04664772,0.039547145
2451,0.10175344,0.4519834,0.045098122,0.04338119
2452,-0.15883029,0.05826423,0.07350125,0.0537517
2453,0.01621477,-0.0036334544,0.051190637,0.040138222
2454,0.032340515,0.14668077,0.028539574,0.02465668
2455,-0.055597905,0.019657612,0.028315136,0.025195196
2456,-0.024322089,-0.0008318946,0.03469434,0.028376902
2457,0.06663513,0.0859177,0.07894712,0.058241777
2458,0.09118676,0.0014968589,0.1403166,0.10804094
2459,0.05496854,-0.10029653,0.06912155,0.066087455
2460,0.001033891,0.021881923,0.06582036,0.055287287
2461,-0.03718856,-0.08790359,0.10374037,0.10154897
2462,0.03556319,0.17208242,0.04929886,0.04522314
2463,-0.8189423,0.28649598,0.046263307,0.033789
2464,-0.27246138,-0.054389372,0.14018865,0.10432889
2465,0.1248164,0.28708863,0.038561616,0.031157803
2466,-0.0784688,0.036158416,0.046235077,0.03967285
2467,0.29439414,-0.33348614,0.046913013,0.042643107
2468,0.17688715,0.49265638,0.04683407,0.047603004
2469,0.006678719,-0.018996634,0.041425154,0.03459715
2470,0.07027991,0.13914765,0.057534754,0.05578784
2471,-0.063977316,0.18898195,0.30662966,0.36589465
2472,-0.00993593,0.14312002,0.034532666,0.028880205
2473,-0.024891797,-0.023548357,0.035454016,0.03083748
2474,0.031052258,-0.02242978,0.027665058,0.022643473
2475,0.037392844,-0.061909616,0.09011642,0.06711059
2476,0.46520123,0.1418377,0.186517,0.17347454
2477,-0.0025441442,0.13950622,0.056196593,0.057497453
2478,-0.070157334,-0.08642955,0.03888181,0.03194729
2479,0.015849177,-0.19456199,0.0593324,0.058759455
2480,0.49447283,-0.7176064,0.044057757,0.049991168
2481,0.14446759,-0.012672968,0.10317947,0.09447805
2482,0.19540513,-0.066608414,0.03039792,0.021376345
2483,-0.072530076,-0.09061001,0.043184835,0.035993584
2484,0.72459996,0.0013921484,0.04147719,0.03404663
2485,-0.039338544,-0.35016137,0.0589843,0.06314155
2486,0.17361121,-0.3973563,0.058203053,0.04854419
2487,0.0031124577,-0.012842327,0.07812057,0.06336654
2488,-0.109879196,0.047502585,0.08599248,0.06910507
2489,0.05401255,0.01669228,0.035774633,0.030075135
2490,0.035916116,-0.18331188,0.038905088,0.034056947
2491,0.19147043,0.61678445,0.04031512,0.041060325
2492,0.56016064,-0.13249855,0.059430473,0.050772514
2493,0.074694484,0.24675182,0.03624036,0.03456043
2494,-0.20846874,-0.16365895,0.07022242,0.05814147
2495,0.45256764,-0.66336846,0.06643696,0.055069614
2496,-0.570121,-0.16014898,0.04897324,0.038940467
2497,-0.01744644,0.042357616,0.04078034,0.03441639
2498,0.04355571,-0.08586787,0.047063604,0.044112857
2499,-0.42071703,-0.06239657,0.107747816,0.090115145
2500,-0.0077004153,-0.06355466,0.025789537,0.021508312
2501,0.026692897,0.15137771,0.076230824,0.07385742
2502,-0.006342057,-0.014132366,0.038245108,0.032094944
2503,0.005950991,-0.015460588,0.052087042,0.045059644
2504,0.031561974,-0.4579685,0.124032706,0.11896622
2505,-0.038591027,0.11592919,0.19900216,0.17465776
2506,-0.19864084,0.4007912,0.06391571,0.07567238
2507,-0.1151638,0.510316,0.14541528,0.15060136
2508,0.25305977,-0.015233949,0.14245881,0.11234919
2509,-0.02084253,-0.07512088,0.039404087,0.034585305
2510,-0.431001,-0.7211708,0.056661922,0.059290178
2511,0.05765019,-0.15160918,0.065147646,0.05567243
2512,-0.0063623115,-0.0027069077,0.030723166,0.025022168
2513,-0.15295473,0.121975526,0.11192144,0.08112739
2514,0.18883333,-0.2126933,0.029226134,0.02846225
2515,-0.027459709,0.02298449,0.03212168,0.026652668
2516,-0.03785833,-0.21627492,0.086567156,0.08233129
2517,-0.064323455,-0.06923592,0.04949458,0.04386963
2518,0.100700155,-0.29663336,0.15842305,0.12055278
2519,-0.031693276,0.031628825,0.0783394,0.06937589
2520,0.4967902,-0.29419383,0.042887833,0.037644207
2521,0.024365343,0.062009078,0.07428903,0.055836473
2522,-0.0023849662,-0.07442777,0.029429764,0.025546983
2523,-0.11749184,-0.009807244,0.08343787,0.060231
2524,-0.46114263,0.4064028,0.15168412,0.1354646
2525,0.70744246,-0.5044745,0.048746075,0.039421916
2526,0.43619114,-0.16841611,0.13101776,0.12558451
2527,-0.00619974,0.002467379,0.024864003,0.020556215
2528,0.15718578,0.15900695,0.16377917,0.119700395
2529,0.03221949,0.0027929693,0.02448322,0.020286346
2530,0.13975409,0.23003654,0.05209881,0.055506494
2531,0.41387865,0.03671554,0.2879479,0.18409172
2532,-0.039612602,-0.0009726733,0.045318827,0.034747943
2533,-0.04262734,0.13171369,0.07460397,0.0667979
2534,0.038230207,-0.046388254,0.12953727,0.12485601
2535,-0.5745973,-0.38853163,0.105297916,0.08632455
2536,0.115014344,0.093653716,0.036450498,0.02894049
2537,0.12267181,0.08067469,0.087829925,0.0865398
2538,-0.11663841,-0.024086885,0.21365595,0.17406105
2539,0.7618698,0.024272911,0.0477212,0.042386286
2540,-0.02484117,0.002719663,0.034261532,0.029671606
2541,-0.07686788,-0.26664007,0.09544015,0.087839656
2542,-0.13137384,-0.09271921,0.12622431,0.09655855
2543,-0.11739494,-0.26066795,0.18244731,0.1975752
2544,-0.07421893,0.046019875,0.11895711,0.07686733
2545,0.21278504,0.17541456,0.21748891,0.1619615
2546,-0.09128411,-0.5120435,0.03850358,0.037469435
2547,-0.026597582,0.06598224,0.17915827,0.12814812
2548,0.42711625,0.061832003,0.1529945,0.1356466
2549,-0.081970036,-0.041911885,0.07130787,0.054252647
2550,0.09130494,-0.82036555,0.11268687,0.11458649
2551,-0.21951035,-0.060903296,0.07690143,0.05963337
2552,-0.13901415,0.054805756,0.10178962,0.09830466
2553,-0.094359666,0.067600355,0.06440182,0.055396367
2554,0.0042895265,-0.0027571693,0.04887879,0.045080483
2555,0.040754255,0.023911975,0.05928757,0.053338815
2556,0.008671466,0.025698818,0.019946067,0.016135551
2557,0.6839276,0.16290362,0.04560862,0.04458647
2558,0.046488952,0.021082208,0.049843963,0.044155184
2559,0.01015079,-0.0062439665,0.038165476,0.030126618
2560,0.061260667,-0.19017476,0.031333484,0.027429994
2561,-0.040269542,0.018196605,0.06896023,0.051825497
2562,-0.50284284,-0.10462561,0.17574127,0.11522802
2563,0.38588145,-0.03342943,0.0648029,0.04841736
2564,-0.16912669,-0.3181934,0.0852683,0.0960083
2565,0.05271792,0.008201085,0.087370045,0.069306836
2566,0.10772103,-0.22754359,0.09987553,0.10016823
2567,-0.0060464423,0.033453237,0.034136657,0.027627923
2568,-0.4901971,-0.8304999,0.08903735,0.09003413
2569,-0.25046763,0.22407733,0.06819263,0.05536161
2570,-0.16620514,0.58308744,0.07184133,0.08757743
2571,0.09943196,-0.12503852,0.1490778,0.1391438
2572,-0.06657958,-0.05825843,0.07514993,0.07463731
2573,-0.033037044,0.0379919,0.056957006,0.05699422
2574,-0.018040776,-0.055261552,0.028436918,0.024987759
2575,0.3284082,0.11578042,0.04193913,0.035299316
2576,0.13579665,0.07453753,0.068935305,0.059510022
2577,-0.6114128,0.15572144,0.044004824,0.037888926
2578,-0.13805474,-0.27611122,0.050945286,0.042798176
2579,0.07137281,0.02280198,0.0710362,0.054408018
2580,0.0047048926,-0.04913065,0.046361867,0.04491752
2581,0.29832372,-0.452471,0.101890735,0.10736814
2582,-0.1603004,-0.34083584,0.035774633,0.033266693
2583,0.0166983,-0.003630571,0.06275816,0.06093387
2584,-0.36891097,-0.3572032,0.034650248,0.030704208
2585,-0.010273453,0.012480773,0.025674053,0.020206293
2586,-0.036735434,-0.028149113,0.036398776,0.03369881
2587,0.09059377,-0.09535055,0.15479681,0.13061327
2588,-0.09272699,0.065252796,0.11503863,0.10788783
2589,0.6386305,-0.28331897,0.052031595,0.045541294
2590,-0.10317396,-0.16641793,0.03951433,0.032196205
2591,-0.15582661,0.34739405,0.065109104,0.06568511
2592,0.026975874,0.019091293,0.056234572,0.05950385
2593,-0.41865563,-0.47566637,0.061806507,0.056056887
2594,-0.007344026,-0.08455779,0.032149732,0.02795933
2595,0.23408952,-0.008646704,0.0730559,0.07114667
2596,0.6557877,-0.5453532,0.06517914,0.06683471
2597,-0.0655891,0.09067978,0.11114656,0.12900001
2598,-0.0771207,-0.053099006,0.028050076,0.024058538
2599,0.004714761,0.30827013,0.14645512,0.1227616
2600,-0.4842902,-0.17073217,0.040037304,0.032690242
2601,0.04940724,0.016157612,0.041833498,0.040752128
2602,0.018388517,0.008862793,0.027499221,0.023656528
2603,-0.10310276,0.08463876,0.04534025,0.036870938
2604,0.031836595,0.07885865,0.023442013,0.019749522
2605,-0.6586645,-0.40842143,0.1410017,0.15206902
2606,0.1252571,0.26988035,0.12081806,0.10271915
2607,0.03237107,0.15903538,0.06268717,0.06698856
2608,0.42425823,-0.014499962,0.27835897,0.20250271
2609,0.14957677,-0.4636766,0.0467814,0.044256806
2610,-0.049613066,0.08223153,0.035321694,0.029495442
2611,0.022807058,-0.066162094,0.037299227,0.036255524
2612,0.43253273,0.29093704,0.080142416,0.07774062
2613,-0.1279933,0.03777707,0.08027951,0.07879733
2614,0.22000706,-0.05289556,0.08659317,0.08076276
2615,0.2524731,-0.2178536,0.055140074,0.050679184
2616,0.02250195,-0.013596639,0.07426136,0.07112472
2617,0.26804098,0.22991551,0.081436306,0.076457396
2618,0.102477685,-0.5172812,0.09996484,0.110112734
2619,-0.10505496,0.026343726,0.043626465,0.034081023
2620,0.12920307,-0.048122555,0.06322637,0.050092407
2621,0.64857024,0.5131161,0.055156548,0.042240843
2622,0.012462959,-0.001363799,0.02743717,0.021091247
2623,-0.07956374,-0.01892665,0.05322637,0.047326777
2624,-0.40685695,0.08903027,0.11600076,0.08770182
2625,0.29519677,0.3661311,0.040668633,0.039602805
2626,-0.04721424,-0.038395792,0.24185751,0.22426502
2627,0.5191742,-0.47470924,0.035280954,0.038503554
2628,0.02774167,0.01661595,0.048959844,0.038946588
2629,0.2546382,0.023955546,0.06058167,0.048932068
2630,-0.13850352,0.16379827,0.032794945,0.027368879
2631,0.07530558,-0.13403027,0.25253895,0.21249332
2632,-0.049810193,-0.045770034,0.08730919,0.08039816
2633,0.11105737,-0.042628035,0.10422921,0.07655785
2634,0.024344936,0.04579614,0.03221957,0.025587251
2635,-0.1761062,0.7584368,0.03984064,0.041421384
2636,-0.011858327,0.012632072,0.09186834,0.0789908
2637,-0.15785803,-0.3247074,0.05290576,0.0495805
2638,-0.014346058,0.012447797,0.06761923,0.07102508
2639,-0.07405031,-0.06592414,0.038313605,0.031042967
2640,-0.11487585,-0.08099851,0.060625874,0.042500768
2641,0.029977992,-0.28037462,0.034282386,0.030883387
2642,0.560978,0.10399106,0.0414446,0.030037886
2643,-0.02252001,-0.17589277,0.028589044,0.025746066
2644,-0.10796976,0.047778353,0.032640688,0.028087132
2645,-0.010968678,-0.16928935,0.046399083,0.04515712
2646,-0.289829,-0.28942314,0.027721407,0.024423154
2647,-0.0020126663,0.0035954714,0.060920008,0.047984302
2648,-0.134364,0.6002151,0.0823946,0.08670568
2649,-0.15707372,-0.11370501,0.104675196,0.10781692
2650,-0.021068495,0.054559,0.03676057,0.03007799
2651,0.026836991,-0.16531515,0.041904148,0.037567716
2652,-0.1593102,0.4879144,0.13352548,0.14678276
2653,-0.046587408,0.22296543,0.107478596,0.10714062
2654,0.393561,0.29867947,0.056450017,0.052024823
2655,-0.1802082,0.3489875,0.038301904,0.03874476
2656,-0.10374807,0.023998655,0.046406705,0.04083402
2657,-0.764926,0.1103555,0.07549114,0.050443303
2658,0.24856406,-0.011699587,0.16573723,0.13107854
2659,0.19961713,0.1403324,0.06823661,0.058575176
2660,0.042176243,-0.16869688,0.08221752,0.06634581
2661,0.026709575,-0.13810465,0.077660374,0.082814865
2662,0.54130965,0.24570331,0.20649737,0.1233723
2663,0.10821284,-0.35761198,0.051386222,0.050082617
2664,-0.10930319,0.08972608,0.04143625,0.033696182
2665,-0.01737223,-0.0277929,0.03349162,0.02639575
2666,-0.22402672,0.5715052,0.07245855,0.07632795
2667,-0.10336989,-0.1762271,0.046961013,0.042785026
2668,-0.041532826,0.10355031,0.09316008,0.07377356
2669,0.4591858,0.46492,0.13130288,0.12859344
2670,0.17645839,0.16687977,0.03356205,0.030108629
2671,0.1317942,-0.34341034,0.39301163,0.33721417
2672,0.03904712,-0.108684644,0.028294044,0.023178482
2673,-0.2220094,-0.0026252493,0.04444484,0.0316519
2674,0.5031354,-0.4768223,0.07691391,0.0710106
2675,-0.011954837,0.09403216,0.052375898,0.05519238
2676,0.24091116,-0.14854494,0.117198825,0.08898526
2677,-0.086824894,-0.107048854,0.09488207,0.08108867
2678,-0.15046068,-0.046211705,0.034681905,0.028075768
2679,-0.1597996,0.02374202,0.10673541,0.0731668
2680,0.013593432,0.009276837,0.043018367,0.03918164
2681,0.04767536,0.26722673,0.04886165,0.042152796
2682,0.042577144,0.050723296,0.1195159,0.11572197
2683,-0.12564053,0.03195273,0.049287394,0.03820376
2684,-0.09882155,0.197579,0.048015185,0.04760134
2685,-0.17328794,-0.0415318,0.14066444,0.10912879
2686,-0.49110746,-0.017492227,0.048174128,0.03904512
2687,-0.1148206,0.12286125,0.034817316,0.034127966
2688,-0.065475754,-0.07024525,0.048935782,0.03729305
2689,-0.49118188,0.1788131,0.03874237,0.031712297
2690,-0.03321211,0.07558752,0.052769955,0.043784853
2691,0.371002,-0.008150719,0.08338029,0.0637022
2692,0.05594342,0.062091067,0.027170604,0.022820603
2693,0.022939079,-0.06357835,0.03597613,0.0365417
2694,0.091475785,-0.06659256,0.17616832,0.13259944
2695,-0.03858698,-0.071869686,0.027374193,0.023082783
2696,-0.27593186,0.23403141,0.078719705,0.086906254
2697,0.05042688,-0.110670924,0.17722516,0.1857287
2698,0.15547816,0.105941735,0.050236862,0.043827984
2699,0.85371715,-0.23430577,0.07396348,0.047057603
2700,0.07720737,0.09651408,0.034379717,0.029776175
2701,0.06991261,0.5801021,0.104604535,0.097445115
2702,0.0018854775,-0.19450516,0.04435886,0.036320865
2703,-0.034950208,0.12053683,0.12675637,0.0903368
2704,0.13909891,-0.1920205,0.057517197,0.048231944
2705,0.47440717,-0.6926651,0.043897245,0.042515345
2706,0.37030157,0.42731577,0.043576483,0.038328465
2707,0.16323234,-0.13819066,0.033329286,0.031689715
2708,-0.03289274,-0.088486746,0.04976684,0.039350793
2709,-0.07634182,-0.0035123155,0.06792546,0.058729075
2710,-0.45007208,0.18451858,0.04353631,0.03473119
2711,-0.37851954,0.2313976,0.15340535,0.13076979
2712,-0.086533785,-0.048735708,0.038780328,0.02996673
2713,-0.044705577,0.056865845,0.113146335,0.0941365
2714,0.055490043,-0.10941169,0.04399536,0.03680727
2715,0.01686456,-0.67765605,0.032623265,0.04658756
2716,-0.009700017,-0.025520153,0.044529215,0.044981826
2717,0.0502279,0.021490276,0.11307469,0.10687032
2718,-0.11438578,-0.020663597,0.05177886,0.03740696
2719,-0.22325216,-0.7456403,0.25968862,0.41424906
2720,0.02523655,-0.49701408,0.17909816,0.19385591
2721,-0.044072375,-0.1642695,0.055450156,0.04799623
2722,-0.1874966,-0.6011419,0.027363753,0.03504257
2723,-0.02854528,-0.22976026,0.07351611,0.08016873
2724,0.07273579,0.09043935,0.029815035,0.025300872
2725,0.35156423,-0.3684249,0.25025842,0.3054049
2726,0.026168883,0.06425514,0.040263362,0.03600642
2727,-0.08021602,0.23292863,0.037066292,0.03512205
2728,-0.030057654,0.5273302,0.061998677,0.05604394
2729,-0.23489782,-0.09373289,0.123766996,0.10228184
2730,0.12297757,-0.45098588,0.0724,0.07335457
2731,-0.11413209,-0.020381093,0.0425784,0.031440098
2732,-0.07535808,0.08777707,0.09773062,0.073777884
2733,0.031155799,-0.04682666,0.061449282,0.056271587
2734,0.04951964,-0.034734964,0.06973223,0.06555072
2735,-0.12700358,0.081246085,0.1272448,0.09030513
2736,0.10016751,0.5378723,0.051645055,0.051515903
2737,-0.5597857,0.005781181,0.06328176,0.052690677
2738,0.0030667633,0.057700295,0.04389325,0.03533975
2739,0.51742077,0.48950186,0.040574778,0.03990057
2740,-0.12865868,0.42720333,0.113006435,0.10784839
2741,0.12318742,-0.69562674,0.07309723,0.08991222
2742,0.34229308,0.13925257,0.03148678,0.027490806
2743,-0.03185138,-0.08473705,0.07529411,0.079916686
2744,0.077112496,0.40169197,0.11473799,0.13494095
2745,-0.015282886,0.08667149,0.026009085,0.02359747
2746,-0.02417666,0.18863359,0.080082566,0.082632475
2747,0.8417445,-0.028682522,0.050331183,0.038009122
2748,-0.053872384,0.27944976,0.054736007,0.050770845
2749,-0.10105705,-0.20215598,0.12986071,0.117616355
2750,-0.3352249,0.1527926,0.03755782,0.031385485
2751,0.29615098,0.33779556,0.08998001,0.07943102
2752,0.38945007,-0.120088935,0.1780843,0.15098801
2753,0.014191702,-0.28527936,0.21648772,0.21754989
2754,-0.41934323,-0.5109588,0.03411131,0.03625117
2755,-0.15518267,-0.28893858,0.04199022,0.037476853
2756,-0.07443063,-0.20924053,0.14043461,0.112703554
2757,0.37249655,0.5833992,0.07835571,0.09236057
2758,0.26254243,0.3959015,0.06810734,0.061964206
2759,0.03440235,0.00613945,0.028799636,0.023273585
2760,0.00891548,-0.01648362,0.03837578,0.031803235
2761,-0.44723082,-0.7348652,0.043119982,0.05401893
2762,0.5455485,0.38652542,0.035691008,0.036357448
2763,-0.1008009,-0.28949618,0.14304511,0.116555296
2764,0.038778465,-0.0989138,0.10408925,0.11248666
2765,-0.016011782,0.0027105957,0.026423305,0.0217899
2766,0.019093808,-0.109733224,0.051591847,0.04325538
2767,0.0042425804,-0.025641166,0.049776357,0.038992923
2768,-0.16275518,0.07704928,0.02864048,0.025573563
2769,-0.04834763,0.21611825,0.06649519,0.06843825
2770,-0.023967259,0.010242686,0.10548009,0.10928316
2771,-0.11106208,0.25174305,0.095948994,0.07908594
2772,-0.011838652,-0.06924203,0.059572224,0.04863952
2773,-0.0016478766,-0.008397207,0.03620748,0.031124344
2774,-0.2129132,0.2143479,0.13992356,0.11069103
2775,0.033938732,0.033855118,0.07858297,0.07261208
2776,0.3014222,0.577322,0.060527124,0.06751533
2777,-0.00885441,-0.004922904,0.054760944,0.04198301
2778,-0.15509385,0.12252815,0.028048454,0.023717798
2779,0.11359587,-0.101432025,0.09761365,0.083412394
2780,0.24618655,0.043890182,0.086575575,0.06443996
2781,-0.11532445,0.44421527,0.040887453,0.040670708
2782,-0.20642418,0.42752448,0.047633342,0.047915295
2783,-0.17676874,-0.031758294,0.084437534,0.058428574
2784,-0.10264851,-0.017155133,0.15404119,0.15058528
2785,-0.06381671,-0.19689456,0.13003273,0.119301066
2786,0.22893137,0.1574765,0.034496274,0.02491716
2787,-0.01564207,0.014917836,0.026088877,0.02167907
2788,0.3729119,-0.10977179,0.068780616,0.04931868
2789,-0.0064890273,-0.07823698,0.026813215,0.023435371
2790,0.025925506,0.029405683,0.19825517,0.1963239
2791,-0.27056122,0.21982184,0.073439896,0.07617414
2792,0.10503876,-0.056555316,0.117491625,0.090839386
2793,-0.71268654,0.7688472,0.08232588,0.08151666
2794,-0.092849985,-0.011743255,0.14782417,0.15151002
2795,0.013426296,-0.0036048144,0.023105655,0.018632462
2796,-0.09830788,-0.21414638,0.0666123,0.072114274
2797,-0.24931014,-0.10299744,0.05467619,0.04606768
2798,0.135829,-0.2252394,0.113975726,0.09609955
2799,-0.047557674,0.18956056,0.08127695,0.066297166
2800,-0.083035246,-0.024335563,0.031285882,0.024318902
2801,-0.034616675,-0.37736934,0.039757006,0.03769884
2802,-0.0504307,0.11991973,0.051015183,0.051411204
2803,0.5499984,-0.46601245,0.08135707,0.07616187
2804,0.5897863,0.13426934,0.041331597,0.029798346
2805,0.056421835,-0.14188142,0.1613135,0.12519075
2806,-0.041536298,0.16422358,0.03746803,0.030339057
2807,-0.20995852,-0.16470253,0.09879452,0.07913711
2808,-0.14944875,0.010614984,0.04451257,0.0363992
2809,0.72331655,-0.21013808,0.05375081,0.03861384
2810,0.0010872409,-0.074389115,0.057839364,0.046406183
2811,0.037557926,0.28741455,0.040660277,0.034231946
2812,0.11090247,-0.10262376,0.091657355,0.084462
2813,0.0667744,0.21510464,0.029051986,0.025114344
2814,0.20299911,-0.60464597,0.03497054,0.036859244
2815,-0.3729035,0.43318546,0.05684258,0.060586993
2816,-0.06184721,0.05877775,0.09993237,0.08512727
2817,-0.28906196,-0.74943817,0.06362311,0.0855681
2818,0.027479857,-0.10777865,0.041239053,0.040757485
2819,-0.12061745,-0.017559834,0.034351844,0.026134897
2820,0.01593224,-0.065632775,0.046643287,0.038478088
2821,0.004213374,0.22552454,0.029932586,0.02812056
2822,0.083560124,0.09993026,0.08038523,0.07559715
2823,0.11205459,0.06543186,0.051661473,0.044399463
2824,-0.08848108,-0.0783028,0.19663692,0.15136608
2825,-0.10168561,-0.014838219,0.038722076,0.029461741
2826,0.11375518,-0.36763114,0.067149386,0.05854707
2827,-0.12672329,-0.03553784,0.13369496,0.099258184
2828,0.010049358,-0.07345733,0.062259372,0.04761145
2829,0.084624976,0.03370711,0.12500997,0.09463345
2830,0.013527866,-0.23470122,0.040136024,0.04525794
2831,-0.42737842,-0.022127457,0.052942276,0.040270615
2832,-0.055227183,-0.045994684,0.16561915,0.13598916
2833,0.038377684,-0.046251282,0.027674912,0.02359611
2834,0.22253382,0.14174758,0.13086109,0.12071452
2835,0.43563655,-0.34611496,0.056687605,0.040905505
2836,-0.0046455096,-0.002344057,0.063284785,0.054809097
2837,-0.31837493,0.38137585,0.10505851,0.09957981
2838,-0.041176494,0.19464682,0.059211515,0.047942296
2839,0.81198686,0.03180264,0.055101942,0.04481603
2840,0.095323965,0.0491119,0.064662896,0.051824953
2841,-0.5363849,-0.1064491,0.066677876,0.053985186
2842,0.11631949,0.38995424,0.04780587,0.048414245
2843,-0.32341757,-0.46113697,0.049060863,0.045641936
2844,-0.05521112,-0.031908467,0.07664773,0.0790321
2845,-0.13634545,0.015072048,0.09612508,0.08123228
2846,0.0779448,-0.109788835,0.026578868,0.021441238
2847,-0.6508986,0.100160316,0.10683708,0.10544429
2848,-0.009135272,0.01602079,0.02644943,0.022228966
2849,0.049426194,-0.597237,0.038426153,0.04097817
2850,0.33198968,0.6646941,0.066846825,0.07917212
2851,0.021078408,-0.08700299,0.20059867,0.16734914
2852,0.16357447,-0.4474081,0.067404725,0.070832275
2853,-0.00793249,0.14075695,0.046668883,0.04240082
2854,-0.22246385,-0.72875905,0.040034786,0.04508332
2855,0.09452164,0.0029165223,0.051661126,0.041160736
2856,0.020615026,0.029623285,0.05790991,0.04147505
2857,0.07393736,0.010817833,0.09267437,0.0787996
2858,0.0082077235,0.012907445,0.027636878,0.02290743
2859,-0.24499774,-0.15389045,0.2714504,0.32832536
2860,0.00806123,0.02787587,0.06911832,0.062006094
2861,0.3642163,0.2041844,0.08134498,0.07283057
2862,-0.048886403,0.5859202,0.09400641,0.093073286
2863,0.014319103,0.017826244,0.029386587,0.023633711
2864,-0.15847886,-0.07621677,0.22920723,0.2231924
2865,0.043938424,-0.12109539,0.051172405,0.04048416
2866,-0.08638319,-0.0067645833,0.030479673,0.024897154
2867,0.03767165,-0.10455564,0.038995784,0.031202061
2868,-0.23387973,0.23978299,0.11423224,0.088179335
2869,0.07188454,-0.05199115,0.08685901,0.073884085
2870,0.020318288,-0.03130883,0.0684408,0.064022705
2871,-0.061472595,0.13947184,0.027218286,0.022927081
2872,-0.018020887,0.007824384,0.047484316,0.044306796
2873,-0.03910503,0.077229984,0.045620017,0.042943656
2874,0.042533506,-0.068463504,0.043343294,0.0360714
2875,0.5223771,-0.3935285,0.038686175,0.03159308
2876,-0.056261472,0.007081449,0.038871493,0.03495825
2877,-0.089410394,-0.09680739,0.0416007,0.03358091
2878,0.030911367,0.019919984,0.053078737,0.048207853
2879,0.24415964,0.6102363,0.067730084,0.0698495
2880,-0.14676352,-0.12595251,0.097128704,0.07053718
2881,0.5891133,0.3863684,0.07443345,0.06547928
2882,0.01379763,0.03674614,0.07971849,0.07084447
2883,-0.49634457,-0.29725397,0.06250936,0.042718824
2884,0.08285236,-0.6216886,0.069741234,0.07669596
2885,-0.065573856,-0.013673,0.040648032,0.030394087
2886,-0.2486211,0.3398469,0.12691724,0.12878048
2887,0.105282724,-0.3451787,0.14036737,0.14963287
2888,0.11800912,-0.05245152,0.036832154,0.032786008
2889,0.36356723,-0.11797996,0.042059723,0.032265477
2890,0.08996071,0.12680176,0.027624007,0.024336567
2891,0.0063753985,0.0966672,0.34871656,0.3109479
2892,-0.45046282,0.12591957,0.04869135,0.036582995
2893,0.14882153,-0.22845167,0.026687168,0.026104828
2894,0.13910446,0.041582633,0.12786853,0.10640487
2895,-0.087992646,-0.024881989,0.035876535,0.03351836
2896,-0.05097788,0.020820558,0.040216874,0.03349676
2897,-0.17107025,0.13096601,0.054304104,0.04750524
2898,0.18662687,0.14872526,0.07834281,0.054786865
2899,-0.076859884,0.2916693,0.10647438,0.09702503
2900,-0.6330109,-0.40994355,0.06214881,0.048257522
2901,-0.0028248578,-0.006260559,0.053831924,0.04083131
2902,0.005750932,0.07991923,0.07993169,0.08373984
2903,0.08492848,-0.10758999,0.050635956,0.04157431
2904,0.09095359,0.0111585185,0.08135686,0.06415283
2905,-0.055099837,-0.13538423,0.041380662,0.038596302
2906,0.027155686,-0.02794759,0.02305731,0.020943226
2907,-0.010171808,0.013116702,0.024677934,0.020415328
2908,0.05156446,-0.022361152,0.084651485,0.073120624
2909,-0.3101209,-0.6630931,0.034609478,0.04169
2910,-0.017835937,-0.06116335,0.044979036,0.037443634
2911,-0.29448423,-0.17403051,0.05346291,0.041791696
2912,-0.5360312,-0.12258217,0.07432987,0.047751952
2913,0.018221546,-0.1287893,0.046895724,0.040205352
2914,-0.38610503,-0.20970309,0.03729498,0.030202081
2915,-0.586569,0.15079379,0.072888665,0.053755313
2916,0.0126504265,0.0050498173,0.037790418,0.028758638
2917,-0.013027109,-0.042827263,0.03457067,0.027661717
2918,0.11086562,-0.5775547,0.05604208,0.058774747
2919,-0.7053295,-0.14845799,0.055933304,0.04344325
2920,0.016528543,-0.013680503,0.058145694,0.048361454
2921,0.00046155602,0.0072157905,0.02943972,0.022994718
2922,0.17555612,-0.68750775,0.0520351,0.05400449
2923,0.043462772,0.30231977,0.08296498,0.0832591
2924,-0.14157856,-0.8204763,0.046607897,0.05252337
2925,-0.04928293,0.045803394,0.116788946,0.076339364
2926,-0.024154697,0.005550258,0.049469054,0.038620654
2927,0.070000425,-0.007085383,0.11183254,0.113159895
2928,-0.62563586,0.1866723,0.06356037,0.063820876
2929,-0.041083954,-0.3866624,0.11223731,0.1076166
2930,-0.26444244,-0.18297446,0.036008444,0.027990295
2931,0.021535415,0.056420438,0.086461656,0.06722152
2932,0.09315868,0.09588908,0.13377921,0.110584274
2933,-0.09800002,0.0071273223,0.07255069,0.062046494
2934,-0.022546463,0.037567653,0.0598258,0.043861985
2935,-0.016925162,0.032755457,0.03176398,0.025493717
2936,-0.19996949,-0.20240784,0.030033581,0.025696676
2937,0.010677788,0.08473152,0.055815723,0.050903372
2938,0.0045196787,-0.025599323,0.030797843,0.025532601
2939,-0.040222123,-0.0735345,0.034387324,0.026900586
2940,-0.059016578,0.008259401,0.032732185,0.0261547
2941,-0.09838374,-0.12717104,0.087888345,0.07859307
2942,0.21875378,-0.6994995,0.038905315,0.046518832
2943,-0.38534188,0.47947443,0.06472894,0.058662392
2944,0.031332556,-0.009153143,0.09415757,0.071988724
2945,0.10403323,-0.19822732,0.048642863,0.03861254
2946,0.010011423,0.27052253,0.07297578,0.06623556
2947,-0.0052433293,-0.058239326,0.050167706,0.04677477
2948,-0.2658978,0.5534128,0.032389354,0.033212006
2949,-0.119157255,-0.25370136,0.028306676,0.028178964
2950,-0.16083777,-0.21255034,0.13483371,0.11688359
2951,-0.30190644,0.16160294,0.050253864,0.045692895
2952,0.34520236,-0.2180534,0.048366785,0.036594193
2953,-0.45550263,0.25590718,0.05006838,0.041334435
2954,0.21094453,0.385874,0.04626513,0.03859581
2955,-0.032237265,-0.52991235,0.06451002,0.07644736
2956,0.57309484,-0.010312811,0.0802564,0.06718949
2957,-0.8200124,0.07208991,0.04460812,0.038574804
2958,0.22421685,-0.36858284,0.042033095,0.03792156
2959,0.051307682,0.026912056,0.04100703,0.03915861
2960,0.011917088,-0.03169197,0.05234015,0.04328504
2961,0.06153808,0.03551785,0.060926285,0.0538243
2962,-0.020535756,0.041966174,0.036397744,0.031127399
2963,0.20714994,-0.052963734,0.11847214,0.10607114
2964,-0.0631954,0.16562901,0.07860336,0.07580133
2965,-0.033723056,-0.041387677,0.041230474,0.035783038
2966,0.09720376,0.0954096,0.30794796,0.28931248
2967,-0.002316665,-0.09724197,0.07982053,0.0608667
2968,-0.0835546,0.0027370602,0.09604972,0.08047703
2969,-0.007932469,0.019444652,0.061515875,0.053713463
2970,0.10488561,0.02994486,0.02828327,0.0216699
2971,0.14810427,-0.64653456,0.07452961,0.08855455
2972,0.03464425,-0.10512015,0.051577467,0.04394921
2973,-0.17546637,-0.5569668,0.04659197,0.051703095
2974,-0.0021668505,-0.0546443,0.20355433,0.20198148
2975,0.21531725,-0.23585808,0.030791137,0.028218213
2976,0.17116688,-0.045597255,0.02882894,0.021714367
2977,0.16689377,0.4199891,0.088702716,0.11609116
2978,-0.10177587,-0.20246056,0.10214929,0.09148282
2979,-0.017593881,-0.22752106,0.03509877,0.03217003
2980,0.5968426,0.040728774,0.04254344,0.03812832
2981,-0.010634795,-0.25701055,0.04255395,0.03709643
2982,0.48115626,-0.4361975,0.08325965,0.086414285
2983,-0.03564378,-0.04533349,0.043272406,0.037356094
2984,-0.07684774,-0.0738125,0.07730911,0.07184583
2985,-0.13855818,0.18517417,0.23153573,0.24783373
2986,-0.17360303,-0.65809023,0.052050263,0.058549054
2987,0.033700753,0.026602209,0.04314442,0.03889006
2988,-0.061739437,0.16393718,0.02846577,0.025984941
2989,-0.32904318,0.26202685,0.04451314,0.042125054
2990,0.012991209,-0.013759442,0.031850938,0.025512736
2991,0.15151441,-0.11697805,0.10240373,0.09912467
2992,-0.018543601,0.02994825,0.07256167,0.07164794
2993,-0.77256733,-0.23451388,0.059582327,0.045390565
2994,-0.016409187,-0.18907216,0.034741897,0.029689554
2995,0.092120945,-0.10897902,0.118417814,0.08582229
2996,-0.6048795,0.62874377,0.06431508,0.061131485
2997,0.06958549,-0.07503919,0.04117773,0.03621346
2998,-0.38285273,-0.71533453,0.037897624,0.034471456
2999,0.03862604,0.0059881434,0.03511948,0.02509464
