,e1_out_mean,e2_out_mean,e1_out_std,e2_out_std,z_out_mean,z_out_std
0,0.247725403478472,0.36228517904175594,0.14180961643339984,0.12695596718403446,0.9328008377094658,0.06647821182435586
1,0.4225207980112531,0.7121500036001175,0.09485642345035264,0.09354918328860558,0.4532420552686037,0.0820183627126767
2,0.2412316474185714,0.7482777693625815,0.050951388088529136,0.04159284345873875,0.9383019695662939,0.06109927595961723
3,-0.1285231870039884,-0.07880244002748522,0.06391417584658479,0.05123609589663116,0.7566976055293565,0.05471243855426288
4,-0.14410046811705543,-0.32010011624141704,0.20039439751821694,0.19239374784024404,0.7023562178267271,0.08267136625181275
5,-0.14496016324564193,0.48078079721244654,0.16272570213952006,0.140434452429198,1.8413453918720561,0.29085137239914055
6,0.14496013728837617,0.052524188928520336,0.0695969458806645,0.06480560037498413,0.11511870861337122,0.11630363349952536
7,-0.11431496578803362,0.07805047174769485,0.06714373167484308,0.05564834893429429,0.6289710611850943,0.06279741845642776
8,-0.023008086134921644,0.06990774265300712,0.035733681835637444,0.03136927924562843,0.1912925148221655,0.05365779665536614
9,-0.21409269690067856,-0.2192864212733862,0.15065172325442394,0.1316195389129776,1.1038086071846105,0.1092736940569499
10,-0.011331023942484338,0.019347370956906633,0.09845071068926055,0.08215327590462866,0.9121610792609106,0.059279553237509455
11,-0.11455492841060803,0.12152778987629846,0.21857349172347437,0.20464798394173864,1.3717727382400309,0.1651252435351016
12,-0.3396553364420569,-0.3014209350323488,0.07185047662541948,0.06510710819187086,0.5466815774301628,0.08541121856169957
13,-0.2631560041501839,-0.3552379317683769,0.1164662428750004,0.11376599676702383,0.30418082854223144,0.2419043278497682
14,0.2032772905173103,0.259509460495234,0.1666493995198199,0.13874574998914857,1.9024209762497202,0.37148738108954704
15,0.05319576825065254,0.12336254932521246,0.15279868636552732,0.12420682867546327,1.5192434788954225,0.1988037585594102
16,-0.042466586310996104,-0.019074797802025933,0.13330959261251477,0.10762770827585054,1.3069650857656672,0.18348107555836843
17,-0.0533065600694757,0.0732334640917258,0.11470527582752009,0.1093320347619161,0.38472684638216004,0.10497672692420988
18,-0.42917827276354187,-0.08197460838095634,0.03239348931827361,0.026530454871275526,0.4735655732900156,0.05477750681750734
19,-0.050645464890927215,0.04837546002593133,0.08204965773732265,0.0715112605092069,0.4651986988731939,0.07316576261594229
20,0.19199837472803125,-0.24194307447012042,0.03444246025961931,0.031413827422092346,0.31258974453178673,0.06124712727132265
21,0.15474199005872422,-0.14035309164018633,0.09026788173564008,0.08380288142832967,0.21440462983158262,0.1038369691343956
22,0.01937450930335108,-0.2971469773183409,0.1298521190142428,0.11265333289630346,1.1217728541881264,0.08432708365106553
23,0.1280607627340428,-0.03927000556255662,0.05043238541831574,0.04093179640133665,0.6587223055510497,0.060208359004711026
24,-0.02584573833832312,-0.760218817482404,0.08720014638279992,0.0821649969307278,0.5873671307611363,0.09739032354981325
25,0.00371344197925092,-0.0059518142470585435,0.05132880336589344,0.04852517159476017,0.3697962870033534,0.07119440827370387
26,0.11755467550000544,-0.019749348994935224,0.15024173120917253,0.1313573481113026,0.9385348780243179,0.08961377654545254
27,0.12095369494424557,-0.00728066868852738,0.02975719662219278,0.025177392405179442,0.3442015549471166,0.04973235869155693
28,0.29615680483003803,-0.40766963464591227,0.1053249199770454,0.09623853934226785,0.7360604064719666,0.06663770722387205
29,-0.10880335613660667,0.09389220462415117,0.11251469698269542,0.09876856341097669,0.8940517297516237,0.06061863381472262
30,-0.13928425654798926,-0.07661730491149067,0.04208049778294077,0.035557659993817,0.5161030202864698,0.05112419073672492
31,-0.17971370204946333,0.1545115978942745,0.17473982821835962,0.15281843492452163,1.3957134550743282,0.1753665792081978
32,0.22984833895974843,-0.17556754687055245,0.09350920834340488,0.07841032784495203,0.8442148682350568,0.05699314480317228
33,-0.160308481814401,-0.11104424281226391,0.16865540667172,0.161156192447484,0.24179681230810657,0.0705481208034745
34,0.7151534363848988,0.17983956648609337,0.04068408207923179,0.0337180892821184,0.6908403818371913,0.05062119601358292
35,-0.4497142570050444,0.20785845068826347,0.03999246183736975,0.0339289561786418,0.2695239829913399,0.07806030215675143
36,0.02010367384283958,-0.15827596224264412,0.16129481798370282,0.14121162736946594,1.3976466458402452,0.1896275372071635
37,-0.027320891840007064,-0.04940696949898659,0.17593870346266607,0.15282022212557134,1.10677552725981,0.08003210586902805
38,0.10179005017711348,0.023642437300971136,0.06833163447985044,0.06382975168090835,0.4297936397928877,0.08920286285625947
39,0.18460292692319183,-0.17754887028004757,0.18074069422919115,0.1589347446932254,1.5913917163636682,0.22426005335534874
40,0.28376780712772676,-0.2790627272134943,0.08081032359130998,0.07612281249692213,0.21105313620856397,0.09389885058223421
41,-0.07632006262072341,-0.012756896211135814,0.060527303700688394,0.043037492386243305,1.0638168202613942,0.05746394040550037
42,-0.020191066337535712,-0.009688917424811939,0.09051412157347223,0.06742012089982215,1.07821169596907,0.08354125215604064
43,-0.017855742941255172,0.02118464492808853,0.1521843200468161,0.12863805058512198,1.5412275646174678,0.20411580705071475
44,-0.6424440545015976,0.0389614635243347,0.08068201367358219,0.06590322701423229,0.9795751183542701,0.05862866250433177
45,-0.1115157476359528,0.045160153471642935,0.1877444229347073,0.1818184295898544,0.14925413345059702,0.09069469696979816
46,-0.3669768179347883,-0.6252680463996585,0.03158391668019573,0.02872427367226963,0.21303317916424327,0.0753921924584731
47,-0.20679881248406576,-0.503775123229022,0.07254790510292262,0.06286004031370943,0.8143988522340015,0.061480763682554694
48,0.04585740822042007,-0.060560782329388024,0.20179285431925373,0.1789388242863821,1.04620645126787,0.11807813809005559
49,0.054103245853262205,0.18151324173383573,0.08068759315327945,0.062527961819317,0.8491498178472853,0.10566651896051082
50,-0.05487370328565591,0.055304008624066266,0.07934419969981839,0.054714082952142785,1.158314751278025,0.09166940517539171
51,0.3034947167004835,0.07193922726691061,0.10284676438700147,0.09816345730660068,0.2694803683501266,0.10418617311644421
52,0.13050865753143767,-0.0032413079734176114,0.16990334178329938,0.1363395103659114,1.5512833069262089,0.268905872884496
53,-0.17566462219154494,0.2969300225160452,0.10743396784425296,0.09340914683122131,0.9077000769708371,0.06325312414842374
54,-0.5489109118060966,-0.035480534799584344,0.05410716502719389,0.04725444676783231,0.30003304461421887,0.10983987148286341
55,-0.27464114122791317,-0.4876468618317951,0.06517426891588915,0.06308833508284523,0.399544258190719,0.08424343676342025
56,0.1489286270194393,0.3365462023464074,0.09265995677630486,0.08908601701473541,0.21831419352994405,0.1373023329182022
57,-0.13148722404662513,-0.11362328437290878,0.23646866445586756,0.24536246876915915,0.21644674970634592,0.14510331840525198
58,0.0009011267343266732,-0.23135454994871843,0.14003363650307368,0.13519708540050462,0.4250541523967788,0.09867720669651764
59,-0.10024695701650885,0.0858979362505926,0.05987441062671375,0.048275456708678104,0.724977844237015,0.053801822971507984
60,-0.5266320246758787,0.45872850429728174,0.14567331657850272,0.13977028674904424,0.3073985302167813,0.09612498702903277
61,-0.18174423056242273,0.13260553658060603,0.05915776843172954,0.049932951892920026,0.45909080129000873,0.10394898404330105
62,-0.10823546659884158,-0.020588790658926596,0.1139949079124622,0.09118583056099194,1.2244305645134956,0.12150086963864462
63,-0.2078455559050881,-0.3205023883834318,0.07668806728683797,0.06311677278848611,0.7579760812858294,0.06671548951967882
64,0.18660194627819743,0.07416458347674552,0.07512570773224124,0.0531689208067741,1.1572071645222513,0.07512650321654993
65,-0.23430121831998307,0.1584255016859226,0.10560452867541005,0.08068512309844325,1.247480422836499,0.12785955253018
66,0.2666459350254234,0.0850991071931744,0.026013729425807156,0.022276350056422842,0.06131994655815153,0.07297197123133248
67,-0.44433370920411797,0.18429761480182094,0.14103285087085593,0.13535745238768884,0.4292569942695605,0.09738118123478144
68,-0.459440570305322,-0.29659694577898177,0.07030754822179486,0.06621236040992301,0.6428338794234374,0.08847026113190831
69,0.3688150893567636,-0.04058759113328132,0.08561067678664075,0.07833396814552679,0.4171070720005247,0.08861589071838759
70,0.12340738775455645,-0.005139309597141643,0.03308728684208036,0.028916036707022752,0.2777540799737032,0.06297870432680464
71,0.09839254301652457,-0.15501802823288802,0.07198340079725224,0.04921276506909852,1.1836715721830569,0.0879873926308879
72,-0.0015404359660007214,-0.20347756199997089,0.08795989031642483,0.07389646369930834,0.8309282756939916,0.06570497345620933
73,-0.31756239864073627,0.1106304897784548,0.08767590217310574,0.06472654553989139,1.156609505287225,0.08785542848954597
74,0.45347336134736066,0.03175657322162159,0.09196112941532976,0.0683054695985316,1.1533913573396062,0.07952108752149216
75,-0.19304930951152258,-0.5566192967712061,0.05605157137700296,0.053325329469614616,0.38071360882890626,0.08823847212065447
76,0.14255460353940305,-0.04245957261532281,0.13085339891348208,0.12957510793034752,0.3519890410659258,0.11344912251184115
77,-0.17039504390267612,0.26573987626906415,0.08887089852506892,0.08183736929806788,0.6152135041176136,0.07598469048436655
78,-0.460492019538858,0.06127524489679461,0.1721388390131409,0.15302253514080102,1.0922958543828656,0.056745799132803074
79,-0.008711484576190438,0.302286280750826,0.10012434984838843,0.09365702779690274,0.24973319411506442,0.09054436257905549
80,-0.6185080901020215,0.3483810936026341,0.08277494186908342,0.06956877096692446,0.9741699140730606,0.06859071137181434
81,0.20759794052141728,-0.5730349577494674,0.047624586542086615,0.044595801284666364,0.38131354130876194,0.07966624577029673
82,-0.4928654800378834,0.006962725854024701,0.07231722269057482,0.05162702627262241,1.162900358342593,0.10262876810466828
83,-0.17425316176939462,0.1714905601066721,0.1924311111225066,0.17556591957247947,1.3221672720904516,0.18309769213013108
84,0.19323626978002365,0.30946627983649494,0.09289580907994674,0.07654257163486028,0.900857759484979,0.07819882600486895
85,-0.11374545075048421,-0.04660721197221495,0.18444738159839388,0.1617265427412446,1.3521102879401625,0.16818598914865768
86,0.26792798296390713,-0.14450771085665362,0.2628358959187463,0.25222895425475733,0.4235252628360694,0.3789512516140331
87,0.16419572724344178,0.4234981659173704,0.10258356456416966,0.09835706099860937,0.20049599060685405,0.1061994733360746
88,-0.5816620915378273,0.18783893012638803,0.07698458573027799,0.06387564586008206,0.8229801524218785,0.05858097707765471
89,-0.045211612137324005,-0.054377378687012534,0.06345104842248002,0.043730514197947615,1.1154056435735529,0.06444638305191853
90,-0.2706273406923504,-0.1044155359577223,0.033691045699605626,0.02829571632573935,0.23046268709237244,0.08754810108057998
91,0.023247833812494414,-0.11706806812500749,0.06991397601712498,0.055955522690601424,0.8202888365131698,0.05610331477799009
92,0.16497720623402717,0.0815973726304086,0.09896258366087378,0.09021867150771008,0.4902049994265627,0.06775240692916916
93,0.00960780622530729,-0.3132846335458251,0.20776300636169528,0.20715315618385308,0.2650956738585118,0.25460185219367004
94,-0.11374545075048421,-0.04660721197221495,0.18444738159839388,0.1617265427412446,1.3521102879401625,0.16818598914865768
95,-0.09889152043235425,-0.194995082897154,0.13879763571508613,0.13279494179543033,0.17608741117793467,0.0962152874556199
96,0.13598353837600674,-0.001429130707511495,0.045550904083583796,0.04123106087191675,0.12186767214226543,0.0980738147867067
97,-0.4865526871486435,-0.6762291454443178,0.026801023206207808,0.02771977688704008,0.3387721661699534,0.0652671337126417
98,0.4229254203919217,0.08638440956052186,0.08003365827513224,0.06649797414037913,0.8035855748122657,0.0632736124660349
99,0.18831290080260435,-0.24035276025247315,0.16663364802239317,0.14654159285436044,1.7083687703523356,0.25039397349539994
100,0.26255758528144446,0.027901347599445833,0.19895383909999706,0.16876602183700423,1.1516481992452794,0.15215602382463972
101,-0.2020517637115004,0.013624251468422133,0.06527635735977784,0.056224291465689136,0.5171287437278431,0.07097994249646057
102,-0.08817781694444755,-0.04154123066315611,0.13383293582650824,0.11299063985875701,0.8392941373710487,0.07438966792662498
103,-0.5083578084385156,0.6533023344183926,0.05695548296534709,0.05881037871351204,0.24826345135570344,0.0878672779261386
104,0.07465233992835958,0.211629390957161,0.0843078507237911,0.06901382605761407,0.8994242779752454,0.061340226705958546
105,-0.06028754831459163,0.06175520968407731,0.0712635259602182,0.060722140465000886,0.6421360370908302,0.06490587611386066
106,-0.6354235570283481,0.27056716672027714,0.06418321396687579,0.05868437499982816,0.259031390902813,0.07363866597016151
107,-0.5921246683591936,-0.33960290506196333,0.0477514312468917,0.04777531034491441,0.43327561625000527,0.08025790738620693
108,-0.0012308671279693656,-0.001935514928294088,0.08085767580064954,0.06953339020582418,0.8323687580272627,0.06679888197034058
109,-0.4216971347612364,-0.2537641019400556,0.18311572546240878,0.17795548804313743,0.6825122498372546,0.07321069049516525
110,0.19721101329257662,-0.19202244251232828,0.0418142545578112,0.03597452560281421,0.11828325691696957,0.06734254823022502
111,0.11010092001494337,0.07105387283726126,0.04858740284660187,0.04214657387872201,0.19681497953316157,0.06130395779576318
112,0.1680519298731542,-0.5404068501069758,0.04249258791494653,0.03363500854710903,0.7714594373579496,0.05440882277396734
113,-0.033899228560678674,0.008614554809886599,0.08498573474418859,0.07557983003526984,0.5591097043086735,0.07449897515962324
114,0.02666373844913221,0.13935615667906004,0.13099521047835255,0.11750600922070363,0.8804478191459615,0.06234637896026893
115,-0.22464455540890846,-0.013442357046483016,0.2091540646041599,0.189447956228639,1.5004506948333332,0.19916292962998725
116,0.4624312950744384,-0.0824519573682314,0.0981500035044081,0.08340804225454715,0.8863187578000684,0.07057128834020202
117,-0.033610196268035596,0.025804457555742153,0.02813356857024479,0.023658841865153758,0.30929522748292915,0.047049531290417
118,-0.05479543804334919,-0.03119458380035534,0.25011874133549095,0.2545481596097201,0.38420643076714006,0.12925954222649258
119,0.16855146719509573,0.042375135974902486,0.05700971649842172,0.046572026523934607,0.6157476092452465,0.08169221464312952
120,-0.30850808139569735,-0.3122449083586805,0.11432063127043156,0.10412296702907643,0.7844892932702617,0.05946947212475859
121,-0.013130196077102248,-0.21180515574351222,0.08726992707003925,0.07891444085027874,0.6134840296313911,0.07789340921364318
122,-0.0681114112308848,-0.48520714870768017,0.09642630774229109,0.09830868669698806,0.4717022915053047,0.0990954646418154
123,-0.010052866728707935,0.16870433775982444,0.15321811047927103,0.13576037818805944,1.201247244100565,0.10768970746098198
124,0.6704840430112191,0.3308116752694525,0.03142088771554575,0.02599449592481398,0.4873839917300076,0.07073200708698531
125,-0.08267226093533886,-0.18792517086915086,0.037063278168871665,0.032058709245261455,0.5372262994211016,0.05744636620055931
126,-0.16584897969615764,-0.22219115288437083,0.06224236672505595,0.06181229218556973,0.29775053359536424,0.09839451411589073
127,0.22714591214324986,-0.43068655073879614,0.08476764680654485,0.0732454803575639,0.7920157237556257,0.05838417685867597
128,-0.009416119244573898,-0.4651136028806744,0.058708411271957306,0.04817306063081806,0.7986738277159506,0.057094744844890834
129,0.5485303584630129,-0.12855987692427093,0.09116268800677185,0.08515724910765088,0.24183510051182797,0.09265756536564149
130,0.28885924560482373,0.21103844017932066,0.11266219561377808,0.10698790350659661,0.17878304313077356,0.09736618914039867
131,-0.306156782635341,-0.09674515821350453,0.17111383508910766,0.1656453279373911,0.49933093303968273,0.09580326281417224
132,0.050676334734819625,-0.3753551525151986,0.07484395759479165,0.06631925251589574,0.5838768382491886,0.06693460881517976
133,0.15903991413229446,0.15976896621254955,0.12249119828165253,0.1007130992278988,1.1770859888930656,0.09995165598192181
134,-0.1858822574492063,0.4043665832813816,0.13941667587465623,0.1194097221011762,1.2230553092430985,0.18770370320487856
135,0.08938575614226159,0.03023592351194498,0.19101077013311754,0.17075642391924342,1.2157808308421336,0.12457892654021774
136,-0.6428854891439769,-0.29688566256033777,0.03280861092123913,0.03071562701914434,0.251267811247496,0.08754505011880084
137,-0.04786528112614438,-0.11758721930188958,0.14298035357448038,0.12676463266046933,0.8203979558423864,0.050700027666652665
138,0.1691811523432101,-0.3678876334813161,0.11359309537009461,0.10067916651202544,0.790170030979621,0.0647188476240572
139,-0.11186506173187882,0.02642740691468841,0.057046129839383154,0.05013498330110462,0.3203988305258954,0.07125485055322159
140,-0.11871893278308315,0.45836103542893797,0.062061285044295415,0.05329263222662344,0.639643808494719,0.05657035823450546
141,-0.073350703027894,-0.09086914768357252,0.21273449218213836,0.19336725449672773,1.4291645204646262,0.19570733214755986
142,-0.0977040652322041,-0.025235838797741262,0.07795008790921788,0.06367801493439992,0.8186987747608347,0.066249969923066
143,0.01666534864014686,-0.10600962261029812,0.08114475588268376,0.0668607074014243,0.753002248055891,0.06500845025669985
144,-0.23303805855569654,-0.05526556698923567,0.13337350133258252,0.1231241163702472,0.8197913188170051,0.0645538698515908
145,-0.16584897969615764,-0.22219115288437083,0.06224236672505595,0.06181229218556973,0.29775053359536424,0.09839451411589073
146,-0.2765811092836433,0.4655665287259142,0.10003501718802336,0.07691128490950902,1.4139972762674096,0.14855364016977923
147,-0.07939842398940453,-0.08575131117689412,0.07544009638211659,0.06938058002208924,0.38133863537920354,0.08542120871979475
148,-0.042564207778708577,0.09732582023822196,0.0830294503028013,0.07254859327350113,0.7370308750253867,0.05856974812060584
149,0.0075721095858254945,0.008685335487375878,0.04407029496664921,0.03931309969291188,0.40380501106245115,0.0712123256369317
150,0.3584869865784497,0.15514633085472684,0.2674047964214449,0.2671821714779068,0.6032334809276856,0.09263354246921557
151,-0.1379550949124555,-0.026366232162771872,0.1125357478699669,0.08672398617329663,1.3577239929098779,0.1573901376286112
152,0.3001969800920801,0.1194401246752841,0.0756398696198616,0.06850725342139379,0.39124390551615734,0.08142435606890361
153,0.024920688082874714,-0.23172323569634523,0.2262223922840612,0.20322696177526067,1.2498075362290586,0.1793017078555934
154,-0.05660507503646544,-0.083575728313279,0.09318800216777977,0.07107613946395275,1.036375780792571,0.06924418753699978
155,-0.09543571754881801,-0.12491200096472142,0.07661252250352595,0.06063229170536868,0.819438333942805,0.06261317058154554
156,0.8177570963348748,0.08984540485946202,0.10313004725703762,0.102017927197272,0.26731180282189637,0.08630503952253292
157,0.027183783192507152,0.013321545882852233,0.16045357189048676,0.13541626194547562,1.3415236121279888,0.17473808109003355
158,-0.03670987239700946,-0.1440067431725128,0.0697042458570471,0.049859689906051885,1.0930081446533522,0.07225176012629023
159,0.056295284677548796,-0.12275280511982208,0.12992667696853416,0.10634672987442968,1.1420829125847614,0.08411050734706092
160,-0.12392285726809801,-0.19686713412554974,0.169764576888679,0.14135031341144294,1.9948195048456496,0.4031184532051409
161,-0.45354994487769995,-0.44966015793692043,0.1198233552309237,0.10612221622045576,0.8575144837644221,0.05807040131803815
162,0.003918572915492356,-0.040712713292309084,0.15928089677985557,0.1273552056501059,1.8216447951025436,0.2834922113326213
163,0.10363512590110008,-0.3259861915286867,0.04482654425348235,0.041730876766785135,0.3184274390511963,0.07547557753821164
164,-0.20066114098241494,-0.12083454774490884,0.06473724215973853,0.053011547337267255,0.6192169374384084,0.09816179434953835
165,-0.1322765994076925,0.23356001144602107,0.11758621483200044,0.09684727190912785,1.1848684320636917,0.10396756412526065
166,-0.09803980717553987,0.022673224903734114,0.12878279738454848,0.12773752758691403,0.39184411667877384,0.08672996451833828
167,-0.04187506511305602,0.00927482881723686,0.11320473563885813,0.09204520883289245,1.0864246000742082,0.07214600773278564
168,0.24153346304524947,0.10959607597505326,0.11628116849787415,0.10713535833842652,0.6091496022791479,0.08359119828904986
169,-0.25902605919747146,-0.4164155008047319,0.14818003028549123,0.12148992404562392,1.5232212487894274,0.17092680960380074
170,0.3060461633674,-0.5790182316434743,0.07572569338121829,0.0633332585108905,0.9367518615143701,0.05666333990803101
171,0.6166351498055266,-0.3314988604836622,0.09815562654860548,0.08026257752650769,1.0947367539029984,0.09461701886690957
172,0.572115144622721,-0.09485819979283983,0.062431397698435566,0.05680891174762328,0.3936806630349416,0.08586656593266029
173,0.07757745757056336,-0.16461021729228242,0.06355429584734928,0.04233518735435193,1.1565609597701232,0.07664960359084631
174,-0.11656706203015861,0.1431867484382355,0.15363072411559503,0.13777213939302535,0.8906274796295307,0.05641948397386828
175,-0.06259923585320659,-0.05028297917460436,0.11345758447332398,0.09649654637265544,0.9644260298553072,0.0683161653840033
176,0.07641108308120909,0.14579819261858926,0.07407614877599371,0.06783874833963809,0.46483343359784063,0.0788047677459665
177,0.01425129053462496,0.00859603554317744,0.02945808564780855,0.025018408508911794,0.3674394194368835,0.047265052206431166
178,0.1057954454469963,-0.10864762716387591,0.08365269342456462,0.06798643841407044,0.9138878256659954,0.06037184562528432
179,-0.024903036057921858,0.07706410008308467,0.05470514493967705,0.04425859461531,0.6024967119683128,0.05357386691436266
180,-0.09838828245832415,-0.14216171692102203,0.2255816541522048,0.19176695406557925,1.5632598270102138,0.7205009664582568
181,0.16071618456684253,-0.2214535487733449,0.11150780952652843,0.09220265527102053,0.5795855224263992,0.1640628695773888
182,0.027484876967990728,-0.02385928975522372,0.07521111132950331,0.06853707860859673,0.2167835013692529,0.08187321624018606
183,0.02033005576489367,-0.05762124240278389,0.1057325202781381,0.08587194574165109,0.911408384616898,0.06356089691692732
184,0.23746365397225688,-0.8238908525544327,0.034558226937443495,0.02954231817775101,0.7983983482667711,0.05215481009606823
185,0.17277033791902688,0.20128772512091822,0.063674161826878,0.05859896254180254,0.3405931006680752,0.07216809993591417
186,-0.3134719538331008,-0.01672511722451737,0.06426475088789303,0.05186378504272413,0.7203466401746946,0.05846366336585661
187,0.34843239432964374,-0.11416191252714415,0.046695220851439595,0.03744589015375445,0.6447936537482879,0.08074796039471141
188,0.06569238394497688,0.039929897955437506,0.1345236531916997,0.10860058635052743,1.1763848685471676,0.12268268781461145
189,-0.10833932448812397,-0.10268971340639792,0.06820475859640403,0.049338673784792286,1.0824421022707762,0.08144699353554465
190,-0.346611864687002,0.3593129767920543,0.047567364444845786,0.04511593166500228,0.12470557120767907,0.0944455172424013
191,0.6762579203572627,-0.19430046388847452,0.10441170395123467,0.08867515605778,1.1899493052492647,0.11069915592390889
192,-0.029895463889910615,-0.025840576345022997,0.05750460329140328,0.04923488347760472,0.6505682426585638,0.05793689948572653
193,-0.555683267706999,-0.278995676573956,0.029559702372274108,0.026732051829022045,0.4858414349947254,0.05272366288456472
194,0.16986361521802945,-0.7190070493813291,0.06729731016191688,0.05801435817926764,0.8726932418864366,0.05220050180664315
195,-0.028607931200005626,-0.051532353196183704,0.06741585384311162,0.05473832225581921,0.7489598233225192,0.05661872008453173
196,0.2920125236788816,0.7234968327179612,0.034852140987094916,0.03579641189813946,0.14276712569269737,0.12189950608282435
197,-0.030158295178879184,0.0012357667495579683,0.05989332620530206,0.053837817252039954,0.11346976601440088,0.10238485433404297
198,-0.00036216224644217273,-0.1962249168791145,0.07556517701153788,0.06392712912487454,0.5186259802917886,0.0714513323228549
199,0.025631422156870278,0.3190508290660837,0.09576432626340248,0.08455028891798128,0.7192665475470951,0.06114620466130241
200,0.23804099622074404,0.2504929286846767,0.17011674528338927,0.15188991690330117,1.4008852050794565,0.1676940916179202
201,-0.12463238336732062,0.1198748185886212,0.07226488955006141,0.06312779445857519,0.6397547449022062,0.06455228189538861
202,-0.01571495189086824,-0.05615024360186154,0.18745231953007466,0.1663192303283852,1.2623258086987998,0.14694786056485737
203,0.16181233712961532,-0.2378183643881106,0.17836072267604555,0.15412941551223322,0.8153625682808129,0.0934709128869274
204,0.5525403736622082,0.061179440239360616,0.09004782523459065,0.08409273784994772,0.5054527950838155,0.08527771172440671
205,0.21697043834891006,-0.49447247911126346,0.047482850534626836,0.041788101034964414,0.623975523789674,0.061870821167031693
206,-0.09867992619261767,-0.046242962005004044,0.040902744320095524,0.036690540264500714,0.29221843245859114,0.08409457195451678
207,-0.018626685507398492,-0.10613263310083135,0.15576402993391097,0.15354024377626774,0.2662476104686658,0.11232804287120576
208,-0.5413900836460114,-0.45721464518908844,0.03689340161967873,0.03366047680937572,0.8026218453040573,0.04560015960549155
209,0.2505681263435331,-0.08508893524858188,0.05356064024471791,0.04830263876858694,0.0866134006109413,0.10402702367581727
210,0.037719296215507396,0.030720613840522125,0.03159820875906053,0.026733193543096993,0.39726619655780304,0.05475659868562144
211,0.08062835924619235,-0.2337036573871288,0.14053542666246863,0.11864971577503983,1.346717228936024,0.16062266602011877
212,0.10788929755588852,0.04020312036348482,0.044729148310141874,0.03560078453607695,0.6679378252557648,0.05685811605757026
213,-0.34469819203911417,0.013781260041497625,0.06814726579349166,0.06134091008885039,0.35742427413886424,0.08147527650281708
214,0.09865030982049552,-0.018123302810081402,0.12644561700261203,0.11873207487698877,0.6355528995404505,0.07919882304636752
215,-0.32143133403934204,0.2605051950827588,0.1666176514070136,0.14973212722404938,1.0794085234100324,0.08278318666759832
216,0.0618123950851049,-0.1537427514206911,0.11252750301850478,0.11119758977970368,0.19073150357917562,0.1296696377828005
217,0.1587511367065962,-0.46087665334615974,0.04347566872662671,0.03641339001015517,0.7085756440771765,0.05569324685710017
218,0.4030212858234936,0.28292193099942875,0.05841804212527367,0.054183762296399825,0.5551420509933912,0.07672458868830283
219,-0.03433435096218419,-0.05175406819313685,0.06770982098176916,0.0633128947068581,0.48224026574511203,0.07937928060161722
220,-0.26493150341903393,-0.18022595469343133,0.22094148388783655,0.19818719285062927,1.6552604547598604,0.24693826440772207
221,0.16617135388119436,-0.10138215242296685,0.09058531454868869,0.07030734005733329,1.6221468665808627,0.24522368408041506
222,0.08379702921621729,0.054240926203952246,0.12778996843279017,0.11773879254201171,0.5499631790624374,0.09214223055722273
223,-0.016803149319074555,-0.03776449918802633,0.09463984472024571,0.07332903350742065,1.1205425710731747,0.07166750677345714
224,-0.6240418430276339,0.19551844029446155,0.061779890510068096,0.05207289525395848,0.6865626171100522,0.06025575501893358
225,-0.015315916498884486,-0.08826691830012874,0.050968553282897414,0.0471517689062326,0.14731588149187944,0.11522926302792778
226,0.1580712724858606,-0.1180456959575495,0.11150105666107403,0.10685936353228977,0.22597231109541666,0.09645241981355678
227,-0.022716315660188557,-0.08159139405105392,0.060113010999479195,0.05001711549003576,0.6360269143917291,0.05582962986485744
228,-0.03812449544129201,-0.2509848313914706,0.06750143641679174,0.05530938254171949,0.7336149599002302,0.06647068482637392
229,0.004139121538359906,-0.08147896257972087,0.0658335491538713,0.05410261300856208,0.7663830236160495,0.061335049377233566
230,0.09275011251930143,-0.19833139735392272,0.0735335284024765,0.07171826032938956,0.3671174784377866,0.08208373901542247
231,0.15690825824493682,-0.6491590323487828,0.05151061357182008,0.04829557952574748,0.36628367294023456,0.07796316306282217
232,-0.026309596592120982,0.09318006092441372,0.06575926338380503,0.057862958973944355,0.6415483857261546,0.06068412432506358
233,-0.07986884873691502,0.18133591005437977,0.09293389814400861,0.085068910239035,0.4169547689612515,0.08791434070753631
234,-0.2556562437665888,-0.03477434067575296,0.0937012667334845,0.0685468198484261,1.1998296997229987,0.09489030211623645
235,0.15229674418246916,0.1877709588917485,0.09907015731026972,0.09327699667777908,0.400493664486398,0.09217224590211838
236,0.20971357123847031,0.18407595050833359,0.1364397194339723,0.13063142945475875,0.634010220086798,0.09762841482999325
237,0.023209991480662946,0.03419788060995516,0.03974755970923456,0.034112702174988206,0.3400125953797689,0.060844307398323624
238,-0.23843962233527916,-0.1330147798451493,0.026926823278948176,0.022564708279318006,0.3210040182257967,0.04398328122580675
239,-0.015192319937516116,-0.06229009447967704,0.13277772086203463,0.11881863764066596,0.799120633117129,0.06311648739995852
240,-0.12818657772084577,0.11329014225480395,0.12156447242648456,0.10470464661124516,0.8637707757343062,0.056000686794087796
241,-0.10608150982902168,-0.3976079969328914,0.06299068392686667,0.06058974809077993,0.6066416636064141,0.06171778451074908
242,0.22924138468477678,-0.6444479680245654,0.07526732914075654,0.06580410693649638,0.8191963304823267,0.04975374246585751
243,-0.7838479489070156,-0.11909250617401922,0.05871508122781909,0.05196275656237366,0.32549483909804916,0.0708657972074137
244,-0.22114511380591673,0.10283530032467353,0.13991709344325903,0.13893840920888614,0.4331455706721592,0.097030642361907
245,0.259244309262982,-0.23252008100982385,0.12694495988855048,0.10528184503949661,1.094463089122481,0.10343288590314167
246,0.247725403478472,0.36228517904175594,0.14180961643339984,0.12695596718403446,0.9328008377094658,0.06647821182435586
247,-0.0901388212334559,-0.0460165607113542,0.18090589777590263,0.16223375908746915,1.2162782400632064,0.12514500844723092
248,-0.03378033436231477,0.25460210719455034,0.07920995507402659,0.0741588766513742,0.4723591907499469,0.09512343523248291
249,0.16788260053261825,0.7111353765949351,0.1382126112232095,0.13266487212197514,0.38035750966192156,0.08315624646366812
250,-0.32458887116298435,-0.17688002175721498,0.14544230670622732,0.1206218846931973,1.548576694534201,0.19115008798529906
251,-0.3564218300598393,0.3818126709820675,0.09331028260373714,0.07573752837805982,1.0334385985576495,0.0673444076709644
252,0.13753167730571927,-0.6452001945905801,0.07018688707973457,0.06661507693630482,0.49668898361989533,0.09516725244747515
253,0.3093127147720893,-0.2483010614127577,0.053009416889414816,0.046450023473477924,0.5689126419169022,0.05950878880297579
254,0.11294148574608398,-0.12867911903252452,0.08162579214954713,0.0593026886861752,1.2451807323024346,0.10649536045698728
255,0.43208478966303826,0.3581699851405827,0.04505100111574432,0.03835700538298806,0.5094376062740036,0.0865714622071738
256,0.11062719913144475,-0.337837717882296,0.20995325884889202,0.20192742308922754,0.42407152518438174,0.0890950519277435
257,-0.11644331812204367,-0.11370839775064995,0.11392969001260113,0.0888781727053875,1.254429877722084,0.1223398283435945
258,0.05847021913823049,0.21674189558126983,0.1567145994890136,0.14382822037000495,0.8695473324889881,0.12287024372019172
259,-0.4279928552105285,-0.29194730684720605,0.05423723093708234,0.052496997442959145,0.3464383486362975,0.07680715515079196
260,-0.2059879314157911,0.36024944183864166,0.07987074551623762,0.06572099510726073,0.8124154981741178,0.06670040382709998
261,0.08917178853745021,-0.014699995295558385,0.05115957456981001,0.04363993299923242,0.5367472028714588,0.0647265787017745
262,-0.3297266794856213,-0.05691821023752983,0.07940474533967036,0.07064398193184447,0.45672281161056744,0.09687949711099532
263,0.00838054094264431,0.1882542163341858,0.039652178196051026,0.03446922563221467,0.40763808225826315,0.06146025282406701
264,-0.07242115296118573,-0.015716241612233114,0.11113908398280416,0.09811165331412189,0.7767168312994367,0.06420399055841701
265,-0.05706314875501971,0.1468241120976621,0.042058571500988344,0.03732015720128694,0.15400182202848955,0.08628716437623331
266,0.09919986484057117,-0.39451006331884136,0.040698795119434895,0.03587373682252994,0.1823732416448878,0.10209063379673322
267,0.06825835107016184,-0.04913614664538298,0.18546844527048362,0.16175090695437427,1.6596946216243107,0.22330848259083683
268,-0.43328481909416605,0.49863911420593565,0.10687148586765796,0.09347900961600877,0.9284171988426733,0.06531294797556447
269,-0.07986884873691502,0.18133591005437977,0.09293389814400861,0.085068910239035,0.4169547689612515,0.08791434070753631
270,0.36967066290553025,0.28874921359463285,0.08673255777098748,0.07834703658323638,0.5414816407203057,0.09202715993609203
271,0.014113754127808775,0.13463488363328288,0.05488081967395749,0.045808144440450116,0.6478127568651058,0.056420000669160586
272,-0.007527730608081594,-0.3258307407165785,0.0915429592260955,0.08828774485956216,0.34039248662646515,0.10345968116277975
273,0.011110868746172354,-0.03978178572131002,0.12411735424176133,0.11698612772366075,0.235803103622707,0.109590584408348
274,-0.039653462960039874,0.13404215619651458,0.16520321770249735,0.13853830251511587,1.31653248867862,0.12552861018497277
275,-0.2122905090727244,-0.10813926165309323,0.12676400447806413,0.10423003564634745,1.2675124153387003,0.1331192611797651
276,-0.30419236174804004,0.48221870873674355,0.05460010701754635,0.05403274068864165,0.17209392376602287,0.08153841771908216
277,0.01243405446815322,-0.05454717807925355,0.037956067371686684,0.03061281710336007,0.5807069685946813,0.06081899535140417
278,-0.009385918593436566,-0.07771566126063399,0.09321373846228069,0.07814492624719359,0.7757744796482251,0.059826389985429
279,0.05044755506134491,0.04087640194877259,0.09755724765063578,0.07732445007145546,1.1371785019931095,0.07858494385043997
280,-0.5618877241617761,-0.31624871806122645,0.12192049432512334,0.09832720562132238,1.340512316168954,0.1346441500038688
281,0.25040261177977646,0.5846571667052558,0.11008228239401788,0.09632366558808443,1.025592562190006,0.09352451257038005
282,-0.15021171575581427,-0.0011308404175480184,0.08878465898078264,0.08071100639734603,0.5479792093894832,0.07647018292133616
283,-0.011120611512429683,-0.03539532628970932,0.04567057701670602,0.03881398150742996,0.5164279390866561,0.062298873424125926
284,0.2768633245401272,-0.18624441544784456,0.2768121079690375,0.26845063593951873,0.4922974933614359,0.1255620460920854
285,0.13755797881131027,-0.37640592232754394,0.12067696810203964,0.10404519643000158,1.1822430946824953,0.12428942745050138
286,0.1028932805863004,0.21509523974353884,0.06942750488602129,0.05348323296183182,0.9408640069615047,0.0540226606662824
287,-0.05251659581725458,0.23491101769103975,0.08191209755888738,0.07415990319162014,0.4511486008858065,0.11331319532728698
288,0.02972925040342918,-0.057429442750996,0.07723930824748913,0.06603845677513988,0.6786659932781038,0.06484884549610594
289,0.38423116134575935,0.6131191062972858,0.0571825703585719,0.049660849674177394,0.2085610191864333,0.16758251751511327
290,-0.0964467841506858,-0.15001256906899385,0.16108210792080055,0.15488191698970183,0.2304642979997252,0.10485403097023663
291,-0.04013219193663529,0.10929393769176213,0.0443843718930441,0.03897000103066591,0.30517193151155503,0.07896287444710345
292,0.20561758084541726,-0.0428102446456083,0.11766988640723565,0.10281893945900984,0.8875176991766732,0.06821567872306965
293,0.15686193286264824,0.36964271140667193,0.08284699329175878,0.07371335041292562,0.5750778771426727,0.08501038336551475
294,-0.20739691554137363,-0.17835767059718344,0.23077312817674783,0.22386232656415037,1.5806944843087085,0.2501433664112041
295,-0.27880524067856494,-0.34693900948178097,0.1841572256222748,0.17765637059946995,0.31678599257448986,0.11816831751639645
296,0.05115868214221392,-0.6459867759052337,0.0882033803739653,0.07872171967969048,0.9835440135975831,0.06900401812747448
297,0.25040261177977646,0.5846571667052558,0.11008228239401788,0.09632366558808443,1.025592562190006,0.09352451257038005
298,0.5039568769419043,0.12961939356224822,0.13436216095540823,0.1315882911810555,0.24004417817099655,0.07568416190114573
299,-0.1943650032586321,0.022172952653215505,0.1970046987836135,0.1680467660309753,1.5491193331056687,0.2511291556897193
300,-0.06256583632538026,-0.023788002816827167,0.09969376699105192,0.08317511009376292,0.9243094695344911,0.07550002457593064
301,-0.4470139171229454,-0.14126847944720788,0.1005567549108105,0.09595568559540625,0.23127450881648193,0.10151066687843753
302,-0.27208390311136116,0.484815860362297,0.04036373623273897,0.03474310452859348,0.6002642623873136,0.056880717893134446
303,0.1047949854928947,0.1851790043836341,0.09702192217010185,0.0942283316487669,0.35437951409638446,0.11123482139410332
304,0.007356367407263373,-0.12554066233946776,0.15654811883742908,0.15279122059867312,0.3946188356943952,0.08686613246175567
305,-0.24901479782292255,0.28197183710568396,0.09006672884430582,0.08308700269674889,0.3612922164745626,0.08357500472704157
306,0.3913513839963914,0.007113505284471924,0.1471521431511331,0.13737799046661545,0.7876337902167669,0.07335946857336594
307,0.0048717547563294755,-0.02845669408279697,0.0664711308279867,0.06127565731257806,0.21657010859981574,0.10786759414706444
308,0.33581405940946285,0.45607489193797895,0.05216058892500677,0.04661171844681892,0.48243362318848393,0.07136163492160112
309,0.33704078673548193,0.18992715271642982,0.07263984016003006,0.05647961360413929,0.9330378197594176,0.052299477545330514
310,0.7538414836778543,-0.20062263695159016,0.031419358254518165,0.02499728881270213,0.5437736422446602,0.08087511710416687
311,-0.01700284880080776,0.03611742866753219,0.08521758505489187,0.06034605638124317,1.1942964953238215,0.09249379431027101
312,0.10480398083921075,0.002058514825317217,0.10460391305184194,0.09027062529895613,0.7775564638235315,0.06646473052109644
313,-0.0019492913536953093,0.10586730970277874,0.029126325006743642,0.024199586504382864,0.40034320267538404,0.04799919298671551
314,-0.1026269503423189,0.05920559390000162,0.2140177933679474,0.18377216161240112,1.575552526538564,0.22887692315080727
315,-0.06948328485327952,-0.2123146809568129,0.12154898104042393,0.11527216590865613,0.2582916068408145,0.09089408335948346
316,0.10788929755588852,0.04020312036348482,0.044729148310141874,0.03560078453607695,0.6679378252557648,0.05685811605757026
317,0.09017141252995062,-0.11009628970531218,0.07042870690865259,0.0662955507077177,0.35804758801918435,0.07622954176814471
318,0.12393917570070048,0.10559908773723563,0.06950819312306541,0.061145544535625575,0.5705506768178753,0.07651441737385074
319,-0.06652532784798362,-0.024745083120401256,0.08627111383779525,0.07047724074259495,0.8111377705488871,0.06015067138597993
320,-0.1547681029065226,-0.22980488581213648,0.06644222746795658,0.05634099037034323,0.6064367459655347,0.06153504044761501
321,-0.04660371181069637,0.03825204293517546,0.1179260506265386,0.10709622140342318,0.6830834573367826,0.07450186559655819
322,0.05151029894751828,0.0854857783561933,0.051763435042269046,0.04457390985787925,0.3982215245849988,0.066733616831156
323,0.0610304901459755,-0.061978716623314695,0.14665474808438242,0.1297094146809363,0.8952809643236893,0.06700089445189682
324,0.31123938413322444,-0.42433890341562835,0.05527035033585361,0.052595225093820315,0.30698440242058084,0.0909737435293145
325,-0.1962115685552428,-0.26166863080627256,0.11986782773456749,0.10883716002370182,0.9740794809752406,0.07925081936745343
326,0.3612264426700304,-0.19065720894079333,0.15373028366942856,0.14556308049131303,0.5862096915582825,0.08476369924347672
327,-0.013842210762347427,0.1490326863396055,0.1497052070702366,0.14443928546090393,0.43226490166705217,0.11900590666362963
328,0.0669524460570736,0.20811649090127152,0.11788637155663462,0.10702818699985038,0.7817711709012963,0.057528044987191454
329,-0.004706120814075279,-0.09527007213884768,0.05092637888690355,0.04385592893078515,0.43471288545526726,0.06208870268567357
330,-0.0258076615181712,0.09079375725528685,0.07852789365592333,0.0726700686553873,0.5558951982288205,0.07834825691064773
331,0.07387457583108141,0.06419081849781338,0.14061638734229737,0.13026239094245312,0.554205469131108,0.12560086259444053
332,0.298337985457483,0.4053492902660671,0.055048040610841814,0.04823870894831345,0.5883096418977533,0.05962780361563913
333,-0.11182707072437124,-0.1989887207753371,0.22933270468834915,0.21226698347588852,1.122845610847192,0.08517146749885515
334,0.2156368409305732,-0.06853548320749499,0.11865823733834323,0.11625787464435944,0.1727232501551426,0.1132552994075634
335,-0.3354931507941552,-0.08232419008538706,0.07715097954999003,0.0676668620056621,0.5080999820150187,0.07897663055880531
336,-0.1993638463169719,-0.021079487202975956,0.04627877557427161,0.03625555378274438,0.6239224268417155,0.0510539356534453
337,-0.1912635577339382,0.2027733888533634,0.10544208418816559,0.08993669067713252,0.9550945325703951,0.06666852363219053
338,-0.1241780597878553,0.6281790478525908,0.14803720424270414,0.14881695224505695,0.20662896786180218,0.13868634166499724
339,-0.20581629825571057,0.1406207129218304,0.21592028612194158,0.19413452179678534,1.6334061585826243,0.23145615969922187
340,-0.015021211485750367,-0.0005065815445713996,0.08821665301680663,0.073597663911291,0.876814184369423,0.055558484140073625
341,0.046082705064474205,0.004673763782651646,0.03391725937288386,0.027562693019059878,0.49909500919172206,0.05320571232694677
342,-0.046855294356955686,0.029342971372192817,0.03337502781500766,0.028471647246934812,0.34604459789472897,0.05848814876525236
343,0.001599622781358076,-0.060145598814975845,0.23237319991871042,0.23099217271635739,0.17849250471423084,0.16667021017613012
344,0.03555946900005742,-0.07220816893461718,0.044811208778561776,0.03965970585161289,0.3356209757175123,0.07692441809075334
345,-0.005039530363526506,-0.042963370218353905,0.06231125881105422,0.051195312567920995,0.7062997968336939,0.05948537596022765
346,-0.29623384975732353,0.03014103798701931,0.10290543391598023,0.09028621136310637,0.6981235815365722,0.06480804281147627
347,0.08314625863657893,-0.07815969426617878,0.10565334616097913,0.08110261784937842,1.280238783033176,0.12155190222254035
348,0.2643296153718886,-0.22508680480853135,0.09680192098841493,0.07251269753100148,1.374555680164842,0.13484494964810428
349,0.16935507872837205,-0.327511645839792,0.05982068653306997,0.05923555341509072,0.39832489699095874,0.07555285139911427
350,0.04916265454919051,-0.007979916740910977,0.10517865610567759,0.08263719723420225,1.1474281041284673,0.08253903188191168
351,-0.057384113759876156,-0.19656644547106103,0.13882599984117372,0.13342972163743153,0.2791714135462742,0.0978174569185772
352,-0.15592254910444356,-0.22650990292716827,0.2044845087407591,0.19193546494924255,1.1196844234496166,0.12764301935791206
353,-0.026643455576289332,0.0094205065512221,0.10189999817507996,0.08879599418146895,0.9144814961149434,0.06851182923655058
354,0.011423564890645898,0.11459889932615251,0.08110563239459197,0.06515038925850836,0.8879253399912352,0.057605069756870214
355,0.013180680210960471,0.04468814325331498,0.0925388945751927,0.07735637329799518,0.8296725254394022,0.061347164540965914
356,-0.19863852041810956,0.13991342397604808,0.04586984631084528,0.033692115733870265,0.801519369560016,0.05322275022523704
357,0.01825508947393,-0.025201330137668388,0.09408863239457922,0.0709188947040605,1.1490300941083875,0.08373484135891804
358,0.5101248245169223,-0.4212047441108218,0.09331321193613593,0.0897458937086907,0.3545744481571948,0.08462231820639919
359,-0.6424440545015976,0.0389614635243347,0.08068201367358219,0.06590322701423229,0.9795751183542701,0.05862866250433177
360,0.046617613856583244,-0.036946158315095,0.037249176741195086,0.03188494489193816,0.2660441142243593,0.05709655456187539
361,0.025531939567462688,-0.06745041586920567,0.17190252791797045,0.1497361338047115,1.4497299012933258,0.2184104147672179
362,0.1776438345645847,0.10510445160916898,0.11006137041569133,0.09430000074432267,0.9296204529823319,0.06515474527311484
363,0.24224114185671475,0.21653603310621308,0.1256525568806527,0.12199849183643324,0.3589350096876585,0.0961778093693892
364,-0.03690182479049563,-0.061861434343031166,0.03214707686993091,0.027283677672392714,0.3462577353771262,0.05370613440370759
365,0.2331865282144953,-0.009988287869264537,0.04534132809296836,0.034680074888863856,0.7205596078698552,0.05400237154800404
366,0.12946519471554502,-0.47372380403074815,0.13437361735328196,0.1258898604357221,0.19127567893374722,0.0779199450349885
367,0.3726926024245631,-0.5116265179516811,0.07603916990744641,0.07142077091916858,0.3537562714487081,0.0831097750393152
368,-0.07477163935900707,-0.015723620939342518,0.0753836684735755,0.06437037549694377,0.39955845636975923,0.07182961906196
369,-0.10743284912379891,-0.19508216622921945,0.13407664154680882,0.11754440629034656,0.9988794073335825,0.06767616779171604
370,0.07276866106052225,0.09569818378043364,0.10263441068037138,0.09054961223059235,0.690052570082639,0.07513193435857801
371,-0.035736023949055,-0.04847504450338865,0.07641663770577722,0.052931011509408425,1.2334453205288758,0.0929087883021501
372,-0.29598292774843094,0.1899990855789027,0.1497733312871331,0.12682689137537304,1.4594166740541015,0.1690726635938581
373,-0.023052276961566694,-0.08204691531281967,0.027761211940228375,0.023168218863611645,0.3419810193037235,0.046966706606885573
374,-0.5465255092151262,0.5925313781562467,0.07143577582840036,0.0679574627286973,0.2695343685118732,0.09100644220071445
375,0.3765683628814904,-0.20173275412131192,0.13190653812213937,0.10989400792127745,1.1016487266285842,0.07805438758865281
376,-0.8000633874266425,0.4129547306209132,0.060575174568042796,0.05591997582585006,0.3567465050695521,0.06814577890085932
377,-0.22815120425085114,-0.11875559359448487,0.16427388464761186,0.17169073155878217,0.31301647665878946,0.12015913780366615
378,-0.1056109192615797,-0.2383576465929717,0.1310438016249795,0.12514461969958904,0.3781335104860556,0.08287965921066248
379,-0.16553231945228639,-0.1900208153972742,0.06242176208009468,0.05630672274420417,0.3643373934371632,0.07472053823907027
380,-0.026643455576289332,0.0094205065512221,0.10189999817507996,0.08879599418146895,0.9144814961149434,0.06851182923655058
381,0.13710385046952953,0.6400468297898934,0.12150652678807775,0.10622418825706878,1.2704557309214675,0.15069210211486964
382,0.0695411996749101,-0.16184209730541899,0.03724030016768771,0.03248206716571941,0.33291026292120596,0.06707806429365894
383,-0.24973421455320716,-0.10565392040350631,0.178278248880002,0.15807411396471963,0.9998554760893555,0.09186496991150732
384,-0.44590870263277044,-0.12132288284025203,0.13902415523979492,0.13206895657703835,0.36032093020130596,0.08757046450292177
385,0.01349858169336615,0.044707128071774405,0.05512989967353052,0.04318046343003909,0.5934921765773786,0.06803196745597768
386,-0.4684060527914111,0.32004652990165067,0.16249063535645406,0.16632927231589864,0.17230669257320005,0.12775858993966158
387,0.030257914774535127,0.11587868966658108,0.07967526094236031,0.07553105671530705,0.2361343657923449,0.09318984007629424
388,0.15260859138460275,0.0646271532612259,0.0652443023966828,0.05989055862417046,0.5328628398929972,0.09270694676367924
389,0.08626992714748472,-0.047624548580891976,0.05386541305277017,0.049238969875440866,0.4969909366917418,0.06812799796994795
390,-0.18857454693699852,-0.016819905795587706,0.052860942196803255,0.041961365981614034,0.7206138605298842,0.0536388579523745
391,0.126982908061642,-0.04426448975459282,0.05683644999395813,0.04310047134617167,0.8646682791167026,0.05109363628284003
392,-0.17270945818629088,-0.16547918911334442,0.08568121917085145,0.08582321354360346,0.12499778487074216,0.09430844105993486
393,0.29788440903462,-0.2528849550886685,0.19097563480202945,0.18911375835934963,0.3548801047564039,0.10076332409018941
394,-0.18544695093292327,-0.37310226792221507,0.11481008061877336,0.10876676189437916,0.7654954697668193,0.07133294495665632
395,0.14149280355792362,-0.10362835973223754,0.08718409789867547,0.07300818971052789,0.88550849024281,0.060271838937629815
396,0.21325077744252308,0.3848467941478783,0.21294777784116756,0.20354878657462466,0.3754922593149254,0.08545974832698668
397,-0.04619044105397688,0.07862670300738835,0.06165039781450037,0.04872278469347916,0.7810897741119037,0.05153723263313593
398,-0.16436154905470055,-0.07671236238953112,0.13114433187455932,0.1258154550624216,0.16948609155790875,0.10023912562547407
399,-0.1930087209004563,0.5071688032457058,0.1687766555878532,0.14864485220741772,1.363822267026064,0.16653518962890423
400,0.4533465195819247,-0.1297127206743739,0.11535458297221902,0.09207588640499509,1.2199193883074493,0.12051329050213674
401,-0.3426185780503769,-0.1576730417573142,0.06668828520595894,0.05544186912111497,0.8212284956181144,0.0569596343839617
402,-0.2912353929537007,0.22223977682290663,0.0568213352607583,0.05026201381054214,0.4402971041679571,0.0739896759790389
403,-0.12205891757634399,0.4457302811820484,0.11848146611251494,0.11282120336420082,0.1447080058177204,0.18196214469488659
404,0.1730291162285229,-0.0882055573431317,0.08217749571398361,0.06807319620269253,0.7961782363576244,0.05674260877056906
405,0.6971209015356462,0.07738647084106631,0.10429718565297233,0.09045807558676623,0.7976346536166923,0.06346829763488979
406,0.16129080385912933,-0.28154972311911425,0.1106643777117971,0.09311799799858622,1.1190782663805208,0.06994983787958382
407,-0.19827606701583753,0.3325266754745288,0.09019403138488921,0.06774357042602362,1.202797692929346,0.08862870612062418
408,-0.33244950256656214,-0.05626362597545069,0.2501909057951306,0.24244976178334696,0.46555866958600023,0.12794912574428297
409,-0.3056983948217613,-0.1156242310926848,0.09637270758195815,0.08138747767546166,0.9569740448801924,0.0543489432584926
410,-0.3951027613816811,-0.5063419596081843,0.11002395600636342,0.09355572196628704,1.189561480490512,0.10895280940767238
411,0.03583594971310806,0.006261539488699845,0.18267759044027373,0.166226282551746,1.1766137241235644,0.12662313047141008
412,0.3143984910453002,0.0062992136555919225,0.17705371239611611,0.1698238903590597,0.4755994077934513,0.12629325769535157
413,-0.06126581547971949,-0.041422407223354725,0.079488628601962,0.05927315748874018,1.128298249958146,0.06988543682825102
414,-0.011599486477739217,-0.10886002364006304,0.10280054080561021,0.08993524094612021,0.7898270332185077,0.07670565566502911
415,-0.3866426596508514,0.291454541145055,0.039700426515476755,0.03152665146835798,0.480102255588496,0.09012115317389267
416,-0.2593259322199722,0.16898682279051677,0.18570228576790934,0.15898762354957943,1.6052222751661853,0.2365708134150893
417,-0.20304830824631512,0.019181841906269863,0.07656715319760028,0.05848814834101666,0.9450172130604083,0.05675147331530041
418,-0.37100549356063706,0.4970189006317999,0.03212595694289364,0.027913763483208603,0.17901623978253922,0.09131574697394056
419,-0.023807274041852004,0.02659729487787617,0.05216798333606468,0.046255020298981216,0.412566727809297,0.07717338946325421
420,-0.21230476212246818,-0.2439738782451914,0.06544369072005408,0.06058653150208231,0.649163573931796,0.061560544844573364
421,-0.00043252125356521,-0.013402361066060764,0.0714095322251025,0.05542172343022207,0.8589588460766047,0.06305193675785577
422,-0.1753148462028534,0.10785455272117049,0.11425172518281063,0.1116679120077071,0.328486782364589,0.09784654595474239
423,0.02806866407975496,0.06446966264076796,0.09214123718981557,0.07448155578336682,0.8863518755487556,0.0668760575710356
424,-0.03339209845434095,0.07695414382984822,0.15380190875751829,0.1483152613632387,0.5503626709565342,0.09691408406213954
425,-0.6277824506448021,0.06938518885840284,0.039845651150725844,0.0348063809688951,0.16726601314362627,0.07939556425844224
426,0.12398546138674077,0.25335476849238575,0.05362940419368593,0.055447525871297296,0.5243585888661393,0.0889571629362861
427,0.40008501937976587,-0.682318401978835,0.039080744960642406,0.03860988353062079,0.4103901873283541,0.08083439278558784
428,0.031852124182397946,0.1691196459374083,0.10577712179469143,0.0894258808033239,0.8744764187928361,0.05695752329132368
429,-0.09244932594936231,-0.0798934721831222,0.1458368367362631,0.14276379029380484,0.27832641539280467,0.09625697435072454
430,-0.40726985610394584,-0.16082345363729492,0.10909854478380075,0.10355940184247232,0.1885807261948589,0.10482431615047155
431,0.227457178109035,-0.2553876788036944,0.17173140181898938,0.16452361508481037,0.40829018819547597,0.08192291624993842
432,0.11739847540056245,-0.2957730133888831,0.02828107539699737,0.023917414414785534,0.339780014468375,0.05094955419746143
433,-0.10152604184222762,-0.08600071387279985,0.06775787893979957,0.06169363034277261,0.1498130558287089,0.09226827372633366
434,0.04334472667091103,0.020858721387502093,0.10995009042170095,0.10486839395373375,0.3867760130030353,0.1012216956346618
435,0.040053197782286255,-0.2139411334814575,0.053965413840390226,0.04255061286836702,0.7448940103336698,0.06984216204940553
436,0.00960780622530729,-0.3132846335458251,0.20776300636169528,0.20715315618385308,0.2650956738585118,0.25460185219367004
437,-0.029354366714101042,-0.08332233025607186,0.20683721841169153,0.1893524119299835,1.5004354447906378,0.19991673222368705
438,-0.09663233566379573,-0.495274460019902,0.05144763001205349,0.047181511121319256,0.45432039621596776,0.11000106075952258
439,-0.29972380994176945,0.059448930598258315,0.1733623320816095,0.16887128031086268,0.36686182992991323,0.10020314193714276
440,-0.021214718910836233,0.0005988189095469418,0.05616311581213376,0.047078256001860164,0.61667433126967,0.05501305202648875
441,0.49007898040759235,0.34332905120087925,0.062217336307675446,0.04542202047274014,0.9524567036357914,0.06268095192092567
442,-0.04626656745811367,-0.04315537566058013,0.04574294948694356,0.036488547711321005,0.7323330625410136,0.04961410666246519
443,-0.08443811593588929,0.2551045358821426,0.05199669719853061,0.04462348870910188,0.5003742882737298,0.06134378149403842
444,0.17402643159391054,-0.14547097521321906,0.0626111757191852,0.049732588553224856,0.7694710078325474,0.06377669913314642
445,-0.03174873620937786,-0.2520455824809295,0.11211987105135943,0.1031160564105339,0.6738598185879424,0.06018400492127742
446,0.016636476521273882,-0.060968006014318274,0.06688954492352443,0.05207023768788573,0.851715466874115,0.06523040528111645
447,0.28061269260245175,-0.47879817813554926,0.08117829183638828,0.06793319092151183,0.9196794948840616,0.06298823128614753
448,-0.019364920460891798,0.026984992630099514,0.04011412376435043,0.032016434232952126,0.6229767681144143,0.0498843990824737
449,0.0420262826438909,-0.6396556565324882,0.208022447937185,0.2106382865492017,0.48300779531591315,0.10648676699811184
450,-0.09883453826535063,0.07274636362479119,0.0575365488841631,0.05103333237188817,0.3320040958464199,0.07265127734299302
451,0.0841974425457121,-0.05441562804713957,0.13290575113580885,0.10744607046918743,1.3865857288132135,0.1655553820839582
452,0.4082830282166239,0.12291600060360962,0.06919397232518461,0.05527478508128198,0.8554344470972047,0.05470780315112473
453,-0.5028100971171113,0.08217741903546354,0.152773779508896,0.12538732561700094,1.5062196695042098,0.20576295352414747
454,-0.19027893097379942,-0.05783278551163149,0.10306143459516262,0.08706366922514767,0.8613409240063459,0.0632080622765387
455,-0.7077470658013918,-0.1731741106058844,0.11167436100786003,0.10016591389444869,0.7681824720809395,0.05386661707781467
456,-0.294210075030719,0.03018222826835247,0.1333023433069845,0.12812747279745818,0.36873553495094236,0.09742404993755052
457,-0.09444712441948924,-0.6278585994672631,0.033643938432998115,0.031567775411260955,0.4155465003724803,0.05939872498757618
458,-0.013406799340612346,0.07798553034761642,0.20165557462504347,0.1769928276199445,1.3246482517844256,0.16263784261325281
459,-0.045530450099823885,-0.07485905340560822,0.08668800802672241,0.06351659991664539,1.1433243650872853,0.08401434307946988
460,-0.19338471322579528,-0.17573737640455803,0.23368493409507463,0.21143962474286288,1.6033060892559479,0.26068232437514394
461,-0.08641238993869876,0.11406643809045894,0.13815117439217534,0.12520508758824964,0.6095678229282474,0.16579653589582768
462,-0.1007683338225172,-0.008823086646686459,0.1077863125303193,0.09709032205602176,0.49558929716387307,0.07724054500631068
463,0.1636485855570869,-0.30954765667603473,0.20144977056262828,0.17511839129476697,1.9093062287222118,0.37553116471363224
464,0.019889066658095672,-0.46579492531060007,0.03473281546927637,0.031439707231307824,0.12275631178128964,0.08124218749099303
465,-0.11068182677194333,-0.031356701795178146,0.14351978518322475,0.1301653482246954,0.8463808609356613,0.05945876715170912
466,-0.0132986287201209,-0.20276739873535812,0.18482483069737426,0.1620509872917317,1.17226030137483,0.09066801671873147
467,-0.6448317766668882,-0.2946377132399615,0.03635593235912253,0.034273586559267745,0.34206929242558254,0.08625604723977241
468,-0.08887832414384576,-0.03626095380790058,0.12945216827129502,0.12364916193138557,0.36833199710342224,0.10301879502345263
469,0.37439381619339673,-0.5093115495417471,0.025341592081742803,0.022910765659472934,0.07444198927594421,0.08558524710203118
470,0.09011171096954093,0.11722023465420459,0.18235621674041946,0.17915497820045648,0.39234757880283216,0.09282983792698606
471,-0.19593032541162786,-0.08561059968644576,0.16797415913018748,0.14623914057465828,1.4497476235678144,0.1914905025189115
472,-0.09057763500248614,0.07432734584998883,0.05659485308138508,0.04317488836876434,0.9210661600113629,0.05082622728402257
473,0.014218173539342247,-0.10948134665733006,0.08717920324289037,0.07267831418995979,0.8431842643226897,0.0589405150825313
474,-0.035037368499432134,0.015691732640011037,0.10357075876085498,0.09115073360445523,0.7738594551378898,0.07806469408983242
475,-0.211571103046525,-0.08809833626258701,0.10561181140557549,0.08408563144167443,1.19282457776112,0.09985642641481629
476,0.6114702817445238,0.3006389633518008,0.1539709930292258,0.1554952914413522,0.20523202117550063,0.11752072724044574
477,-0.060596006330076634,-0.10331164992075974,0.08972533427200974,0.0826511314730273,0.2216373960360968,0.08319144445071779
478,-0.2830475192256174,-0.39455684780454886,0.11807051169152974,0.11115217212390044,0.657219395079866,0.09016246862584726
479,-0.030089123475010755,-0.02468488189290692,0.08570188874472631,0.08236769244300886,0.1497440644448511,0.13665961279721894
480,0.137467167749771,-0.2132816973246935,0.09537140964775484,0.09037629424788293,0.23532126224310884,0.09757767045100699
481,-0.1876231805137733,0.03385901770771175,0.07561777852117775,0.06277142835676386,0.660582132124605,0.06808064803596765
482,-0.0009812554775973765,-0.44692128826375155,0.23835088791251455,0.24522095621661127,0.32586981988005864,0.12843605226969682
483,0.4077399723607019,-0.21251843503855156,0.17041593693121412,0.1688362908720921,0.3133468738787581,0.09885035412749607
484,-0.11394908919609352,-0.5398410569271331,0.04890864650520113,0.04189226413950781,0.6248846502711215,0.05886218039434049
485,0.5174481158644254,0.6262459799880917,0.025077156606505592,0.02198219267285795,0.3787319494461812,0.06632761532265839
486,0.15811473124899342,-0.06682606568464775,0.12390204967389147,0.1219040718702125,0.4345639315360975,0.0989242590492547
487,-0.15532836855215165,0.1135780483303816,0.11274921975666478,0.10848132088247564,0.22671908207456312,0.09521096406082993
488,0.16157554538958907,0.05159406166097339,0.17245953926836488,0.14651782782153946,1.604869555924156,0.239734161559782
489,-0.0887026152743647,-0.16683610202878402,0.16202392866489937,0.16015377674224046,0.3574586683326667,0.10473760894957929
490,-0.06028754831459163,0.06175520968407731,0.0712635259602182,0.060722140465000886,0.6421360370908302,0.06490587611386066
491,0.09452653449145934,-0.031128410784474394,0.17810985188516198,0.15420838421890187,1.6837652004217056,0.238384855269233
492,-0.05528372116363958,0.021514523054294965,0.07028496450823571,0.05032643626700585,1.1064905615002298,0.07529932521212128
493,-0.0887026152743647,-0.16683610202878402,0.16202392866489937,0.16015377674224046,0.3574586683326667,0.10473760894957929
494,0.1880015705722646,0.11790969647772925,0.059904742228907196,0.06288774560883918,0.33772587321660646,0.09284814343615858
495,-0.17580738576091598,0.0069600812819468096,0.0965958712293063,0.07412363607175594,1.1145246004619294,0.08901594823980459
496,-0.05673055592286219,0.006994421331275742,0.08955633814535494,0.08428357409462248,0.3461148363712334,0.08622311516183044
497,-0.10933251686721818,0.0980850659427938,0.06494021848421375,0.057349342173119856,0.49682131968859733,0.07066708303768149
498,-0.320805774695662,0.020446917876175568,0.30304459737747275,0.29484753621886645,0.5157640851597236,0.09852957894701744
499,-0.054202668530553805,0.16703282810643738,0.07209236791058884,0.06747181417386297,0.17374240056499196,0.1102440870552299
500,0.07862058789604548,-0.09212631456877114,0.18274461429633185,0.15710491847064334,1.6475908739224574,0.23201515154757998
501,0.16920345268746204,0.30567384792099617,0.05779566472977384,0.05260970411715185,0.40539055318430695,0.10659277271280863
502,-0.03617732535790471,-0.028963299941112967,0.1223414549169835,0.09864645316043572,1.3036844192586683,0.13247738853683974
503,-0.08017936865549699,-0.018178632382862644,0.13714593349232707,0.11412740896943444,1.1753071471422483,0.09982455062072593
504,-0.07514865255205602,0.017929158266169504,0.03463332998285523,0.030120051276119098,0.10847261094583134,0.06478849709601335
505,0.00869977577924841,-0.10591689982307191,0.09656600668664658,0.0929984159685166,0.48865257602592,0.0947921835691078
506,-0.05388405957887414,-0.041427272920054214,0.07463094071971171,0.054666214502810055,1.1595441167098997,0.08188572086745449
507,-0.021771468488931647,0.007497246736264571,0.09105267427088991,0.07475198007974528,0.8605184646682926,0.05293926676710794
508,-0.1538133473337148,0.17432565905246222,0.1557870019564411,0.14956449493696786,0.6732706841087767,0.06525364832358178
509,-0.03888503412368912,0.006654071044982193,0.055507231845489106,0.0447998122416281,0.7153296722499816,0.049526142416215765
510,-0.15838998825776338,0.1803187225232598,0.10255521218852146,0.07679132834818359,1.1983855020491907,0.1124196148908337
511,0.247321288389499,0.01833084004025907,0.16598327690081288,0.1437216469672623,1.6008834275685004,0.25143660169200155
512,-0.09803980717553987,0.022673224903734114,0.12878279738454848,0.12773752758691403,0.39184411667877384,0.08672996451833828
513,-0.5681778275808931,-0.6129187800109854,0.03509625704419648,0.03321868600096332,0.47654709317547217,0.08378942183994012
514,-0.6261806974910052,-0.2543788199259289,0.15306202061531707,0.13986903807333745,0.9766124447999003,0.06042070529582199
515,-0.11625680018979578,-0.5183356108102655,0.07806323728783786,0.06617961471608341,0.8429937242307516,0.07643202977503218
516,-0.23705627968845183,-0.20675164125998674,0.07985354392225669,0.08001010017865033,0.25787429304821224,0.10765175853338081
517,0.11601866060651744,-0.15855387165428117,0.07740762282274521,0.060707015955381645,0.8194582553662291,0.069631461795118
518,-0.0500866411701657,-0.09269380855500994,0.11439292895555833,0.09052018914336524,1.425644606570763,0.16507629708628227
519,-0.18823091996535912,0.172830271590013,0.1405604442456097,0.11530483513192293,1.1534292014159926,0.08990495245835807
520,-0.08744998636489011,0.3764428609758451,0.04418599553880004,0.03836523374862787,0.4610293973605134,0.07749680511452343
521,0.05960345199267375,-0.03743288375703401,0.1974883677103967,0.17784022388460533,1.202644708773914,0.11058948127927479
522,-0.3536987085463887,0.03236584317063511,0.14540920608193447,0.12183263800901756,1.422382164619875,0.17172310741788593
523,-0.0715193937727183,-0.27951492299283764,0.04266395604385192,0.038503132460049584,0.32828846798163464,0.06949840747859663
524,-0.223460169000063,-0.4260085582551906,0.037190284464685565,0.03554142330418036,0.2550485346288403,0.07373336677594065
525,-0.1357756499336981,0.17064223259946149,0.14102570333487466,0.11474348904548433,1.473070318665863,0.17269912050333483
526,-0.43412528269353323,0.46756677727628865,0.05222174447904465,0.042398840139143294,0.6840780280215052,0.0712706058853864
527,0.020171280965732865,0.00949389651979286,0.08839751102703977,0.08571426274558586,0.14196321303082896,0.12771410135786945
528,-0.06573435953458062,-0.07223258296766202,0.043815495602819686,0.03876164721657763,0.10842353168029463,0.10313100067527828
529,0.3726926024245631,-0.5116265179516811,0.07603916990744641,0.07142077091916858,0.3537562714487081,0.0831097750393152
530,-0.044672700850137984,-0.05889127249189041,0.12126368840122966,0.10433606870861735,0.9297956003813402,0.055328418839111146
531,0.03520307333462034,-0.3332599276352865,0.0625063106408624,0.048564791664043504,0.9445036104083248,0.051915111003104704
532,-0.0883468003832042,0.011726737511002835,0.056159786759163534,0.044527014814758445,0.7687786752352257,0.05291268642754662
533,0.06991931007551012,0.01301678712423439,0.0566470000588312,0.04206991019485048,0.7592622398387523,0.06368291023437221
534,-0.04385874345797146,-0.044945328942042215,0.165290045865397,0.14378797587392605,1.3247783703220979,0.15831692168368233
535,-0.03177518561380788,-0.04251768322456214,0.12725441246207098,0.12524723118194342,0.3210127210424912,0.11432793991507322
536,0.40726217330922093,0.09624915974932777,0.11311130737911015,0.1097870194412903,0.17213146559497675,0.11109766188484692
537,-0.48732081282693485,0.5086713274174485,0.04320459715156188,0.03458689039406641,0.5927362549916779,0.07998620859024934
538,0.20561758084541726,-0.0428102446456083,0.11766988640723565,0.10281893945900984,0.8875176991766732,0.06821567872306965
539,-0.6191179225486084,-0.055354526602291884,0.0683439037499348,0.054806525788560566,0.8322503104540511,0.05835617070410785
540,0.09078940263202745,-0.2677390752610719,0.11655018967662205,0.0910119805843999,1.5117629775483798,0.1682774097094472
541,-0.032996140705461974,-0.13193082454192964,0.07958127329472464,0.06162454738353876,0.7716234406766719,0.07488006579153762
542,0.201489651238663,-0.24844421778169112,0.05456209332156455,0.051205646780073666,0.1548212115001379,0.09492022726484274
543,0.20561758084541726,-0.0428102446456083,0.11766988640723565,0.10281893945900984,0.8875176991766732,0.06821567872306965
544,-0.021677324573908394,0.1190878418660716,0.16799543355054397,0.14593775965744665,1.1094179999582585,0.10791788750169415
545,-0.01740473577295767,-0.18356215759421554,0.04145033745552058,0.036781938247048576,0.24721368748143055,0.08913669351806688
546,0.4994186068861172,-0.5630182739190512,0.035646712124742796,0.03466355932896161,0.21426001139478473,0.0768389218078203
547,-0.3751068061491037,0.08920701962399241,0.1848670988347174,0.16009058154218317,1.0555351356328093,0.1169558130680212
548,-0.0387860264111775,0.6205565579325193,0.16425569270346674,0.1582211342773515,0.23649331432932805,0.10844125151028894
549,-0.1452296968853098,-0.1872853658489765,0.15695246435138557,0.15339743315479443,0.7921880361802285,0.07967804661063237
550,-0.046648827423603836,-0.04669875867667708,0.07243941711950055,0.05551103777776105,0.8448512480951781,0.0742925874868741
551,-0.25406134227892224,0.03330949483672215,0.029570673724134595,0.02526405317132218,0.09587882762651523,0.06597625526153246
552,0.08185163162637257,0.12891570283465664,0.08458573522720134,0.08417612263987471,0.2681914124137629,0.1055668354004083
553,-0.029913218238966317,0.027249940723063755,0.03447534335587977,0.027889954967127237,0.5295959413187827,0.0509151795500497
554,0.10214312280866542,0.06832373787890568,0.07107553874103192,0.06336585391284424,0.7330477070428879,0.059217505067441355
555,0.3981371529137309,-0.2377651567804016,0.07363256471644515,0.0586026419740873,0.8851921500814752,0.060816840667334955
556,0.01168954430036622,-0.15509870852278557,0.04290209115342659,0.034560323933172966,0.5796096888941675,0.06191815608663008
557,-0.10824319365188664,-0.023393530010291163,0.15809466721038673,0.14580982955817626,0.7577232950208316,0.07006324536869575
558,0.4336367511582956,0.06527658158931748,0.13692351592177873,0.13444478498870133,0.31337695652407405,0.08419346784647805
559,-0.09850460027852746,-0.15334749815108653,0.2922091953289914,0.3001662005542986,0.1491375494128026,0.17845978294597867
560,-0.17439992224383016,-0.2429802854707943,0.2483567508463258,0.25524999665083015,0.31381301548626167,0.10503821253275612
561,0.17277033791902688,0.20128772512091822,0.063674161826878,0.05859896254180254,0.3405931006680752,0.07216809993591417
562,0.19497558734370524,0.5871542454045945,0.09932659565939922,0.09595711040003767,0.36779335926737244,0.09185401203487109
563,-0.08500836828001508,0.8817982415309784,0.0468194856394679,0.03882804593551244,0.9528227522693422,0.0723111844998435
564,0.004173400445636815,-0.12538990190620047,0.14402248641242416,0.14322192462523178,0.26151380615548325,0.10263906939490014
565,-0.1549242890190214,-0.008864714071238575,0.056338414817811995,0.04313321938238096,0.7408097295516295,0.05829684241998775
566,-0.000376005735445092,0.2327438363483606,0.14193900731449557,0.12355983890590362,0.9622723677154665,0.06489202135395736
567,0.006928675689671733,0.009401482565809935,0.06196339040052502,0.05089775087655308,0.7300101338706836,0.05837479213337351
568,0.2598550784672822,0.385539192145496,0.15844597921771925,0.1393931507841065,1.543432872285433,0.22148687303849202
569,0.5646883154248723,-0.37013372993555954,0.057427252283870855,0.05521311092841079,0.14616759001942153,0.09210210571551417
570,-0.11522343485944427,0.08349521459238776,0.18965689659655932,0.17026156050729305,0.9798424367094358,0.07635260967655437
571,0.27588696418777214,-0.1952112364393352,0.14769040721355023,0.13025561357346657,0.8456172093488342,0.05008215047965789
572,0.3274612499301642,-0.11736703514491323,0.13904949371793468,0.1360513252654812,0.37863226167766445,0.10287295672352374
573,0.0347237349539186,0.09953612571960424,0.04525216398678603,0.03927879194068614,0.344636827184927,0.06056282423609272
574,-0.048035578408847125,0.02215285499815132,0.13669206376297552,0.11608954469579967,1.1800726244095523,0.10513329384269456
575,-0.7042636507936166,-0.41911469081626107,0.0910313128840497,0.08635137111047572,0.5412996835436981,0.0861630413765921
576,-0.09619345415670745,-0.6516729955800801,0.04422612982502538,0.04250736991009829,0.2672336962919642,0.09282590531102983
577,-0.09216030962842103,-0.2458012904500428,0.17688794322930995,0.17478013802986855,0.48127077287722975,0.09905129202213239
578,0.7471778985393943,-0.125363164443896,0.05672663612346975,0.0430509703633428,0.9723568847740393,0.07912514297608926
579,0.2226527327411179,-0.19394458259377287,0.10059854596176834,0.08385486908887628,1.0150469743851926,0.07754541193605131
580,0.17843921944331917,-0.022551737264830122,0.09255314028975713,0.0666428675159304,1.6226113377249323,0.17301936193661735
581,-0.3542126856124626,-0.29577097808716507,0.09523625947497308,0.0791879822240275,0.9595402710321685,0.05724587357591237
582,-0.18247588234952392,0.022202612549987084,0.04736257958514199,0.04076832013932474,0.37744971274996525,0.06899083675275947
583,-0.19214030779523544,-0.3482051649144572,0.25704985205189207,0.2626171156434489,0.2796642745324911,0.09154494884136716
584,-0.08283429334865113,0.46638799862411123,0.05464065966513649,0.04405152168335892,0.7449426952058281,0.05632327766640095
585,-0.19485304020448277,-0.09479793077420456,0.16733168461461376,0.14187266531777612,1.6083653010128895,0.2088048874390309
586,0.15772489280861787,-0.47951815088706284,0.07973613596515866,0.06899131523831815,0.7952957728971732,0.052222402977244654
587,-0.08564991220328677,-0.025452111926051374,0.06047644529594904,0.05138967221394292,0.6117385237537281,0.057364959609249006
588,0.46844955726469417,0.2998506765208293,0.13499867609802754,0.10960195898408172,1.2281845876665871,0.1360105404190546
589,-0.02702103616893981,-0.0076819842099584024,0.03621331027068381,0.030901286491707557,0.2160164724347077,0.05255354239569762
590,-0.22003968967407708,-0.04217057154370775,0.17118046869788311,0.14568834657694815,1.357255379161015,0.14489276498508752
591,-0.0229678013829475,0.1659125685234344,0.0748677539248371,0.06905565768894044,0.2111793877700544,0.11140413204597277
592,-0.20086734918984,-0.3272237355980162,0.1867757944287234,0.18755811833328703,0.18749486792176348,0.09497867878607577
593,0.008030462247162985,-0.16359928246790814,0.04681299070283006,0.0409366962733107,0.14265730818085032,0.0940577243729496
594,-0.05722824963312756,0.39115832961868635,0.06445078258914624,0.047849807226900375,0.8713511176203571,0.08962093212973092
595,0.11971747553827113,-0.09603775323081831,0.1830679520907826,0.17830385802010043,0.26068740783136324,0.3355169731050199
596,0.19293713321670436,-0.13245373532434118,0.0891144095519853,0.08127028188276288,0.2233746454193223,0.2013011547779875
597,-0.125726716284003,-0.08296763337057321,0.22197632184237776,0.2012965433432191,1.6089789910536552,0.22676123458870712
598,-0.27894160207288665,0.13207581459577994,0.10567691277749099,0.08396657208786262,1.1796283950158002,0.08790813255740189
599,-0.0015465746297534957,0.0882687193160199,0.20437306645281908,0.17662837148362406,1.5645994373925265,0.21829398764551916
600,-0.048774262238638504,0.3973645834657434,0.10605294600527827,0.09531731341516599,0.9214420272995288,0.06305733603920555
601,0.3806550778594061,-0.7701758264305383,0.05774731692987316,0.04988571403385205,0.8229356004035182,0.051721642429948055
602,-0.05899920258202481,-0.1506330593209329,0.15800608587753034,0.135340934680879,1.4389982939518258,0.18017928586341256
603,-0.07396919060620374,-0.0381303645135449,0.05997207551113018,0.049988647196450874,0.5818448937042173,0.07302596266661471
604,-0.012571900972451021,0.01685449148530743,0.15109321532855316,0.14362780776832662,0.5585355439891397,0.11039506086141415
605,-0.05006154800625478,0.012228085443547317,0.06300253370518857,0.053682819428337296,0.49367807796879054,0.06705063248861654
606,0.13433693402856808,-0.09880758129042605,0.15233685365177282,0.13118287835225756,1.4525889091757274,0.19869894012889464
607,0.054192028122503455,-0.005215204654906153,0.06383877634718443,0.050610220672439594,0.7530720270713531,0.06367900546787135
608,-0.404984578028605,-0.40271959796522044,0.2154773740810334,0.20435294189027275,0.8304520318878967,0.08507620383003849
609,0.018812764603028984,-0.08238865991139478,0.03063549500098489,0.025476537744332818,0.5029554856259264,0.04820349582040275
610,0.08619294198645548,0.12337700989575917,0.04653452827869644,0.043014967078659226,0.12029923048929181,0.0832962921399999
611,0.015944177861860812,-0.21873739538531586,0.05904600089279189,0.04841529762364227,0.7233361718113092,0.05641954401875004
612,0.0030659452125431108,0.09819303413144992,0.07236223185025793,0.05165421100781658,1.1205581661291681,0.06515168827950553
613,-0.13178760584749782,-0.015339582163555009,0.11529551288605026,0.10184715721532672,0.7422959385505264,0.07495070484308636
614,0.28144594912427917,-0.2481096018664392,0.19385152139489,0.1920321309840141,0.4675016564651711,0.09858802278065001
615,0.05492066408083021,-0.2900878995055158,0.1157146095713326,0.10573941944872228,0.7238452062894427,0.06645810240873716
616,0.0021444911403922886,0.041623056573815494,0.07771673672346822,0.06314493430871984,0.8681474755180844,0.060545533673355106
617,-0.09699528866567442,0.001792775912764315,0.10413877255340855,0.09811033601266661,0.4462410929166163,0.10664396534309514
618,0.05669537076098802,-0.11732747561412817,0.038065976147458595,0.03251500751376722,0.37593632505242924,0.05670332780227361
619,-0.08358475900383511,0.22407349342771885,0.10886933154066093,0.10565723519659977,0.3985935561966257,0.10984568430746602
620,-0.3462177951507804,0.11240182872598949,0.03450671166617963,0.02882871079678409,0.3702558382243405,0.06129256493810448
621,0.11002141341621069,0.32859485245802444,0.1257990598154725,0.11631932315252039,0.7652856153367806,0.07252904494114633
622,-0.41510728065768754,-0.4592490959933659,0.09690728359864562,0.07554068259193326,1.348502018813481,0.14037568991710006
623,-0.18085160336357545,0.39834858202994644,0.1854558953781211,0.18023307036314765,0.4164647296861342,0.11528380997319229
624,0.15229674418246916,0.1877709588917485,0.09907015731026972,0.09327699667777908,0.400493664486398,0.09217224590211838
625,-0.16996076879155217,-0.29916832756311496,0.17948506202931855,0.1636734453686793,1.1522271602220244,0.11890016077843199
626,-0.15848749080423927,-0.02907351516892206,0.1664092831261872,0.15123851652437637,0.8411695657654459,0.05700451345770241
627,-0.015005651907252842,-0.05155124731309713,0.20766641528015894,0.2066390474474657,0.23961418161159867,0.11812821369134059
628,0.05153654467781281,-0.017979200812223862,0.03729862167458047,0.03466787977994064,0.22665137021331616,0.09680841719582106
629,0.09779772000299755,-0.015188360259759707,0.15223650719778853,0.12896251484357663,1.1427299286121375,0.07391388476632699
630,-0.05860875853131986,-0.15509435532758498,0.08353973315932785,0.06793328464213014,0.9787878026425378,0.06438191311233467
631,0.2235428739953725,-0.07534875610190109,0.03614788258484914,0.03321071100165259,0.13537787028258116,0.09765455787765
632,-0.45952139257471314,-0.4231284584483827,0.09051479442211388,0.08822100984591999,0.19218417113921082,0.0758276495883065
633,0.13833072279136427,-0.6796791431698578,0.058144340944016014,0.048633742225789166,0.7648964996109053,0.06824513992331263
634,-0.41942882252298663,-0.12531224154435622,0.10624832744596516,0.08208229859918835,1.347564352484761,0.14085436772850402
635,0.0029457636208523445,0.1059012407574207,0.048761119601213675,0.03597057827650875,0.8416153583730168,0.052770932909178336
636,-0.03106882906216444,-0.006389055065000489,0.10260797071390992,0.08874322116223304,0.6848184062712359,0.07612216794474004
637,0.13008957514672695,0.017993328384469775,0.22636156824673895,0.21672774041672796,0.672475270647327,0.08283551169638526
638,-0.25689307026386626,-0.14997343877509448,0.26482797857791024,0.24285842726710394,1.1221878530179092,0.3031995726358945
639,0.12215067848195249,0.283178020413774,0.15891951118695427,0.13230641633643933,1.389116661045558,0.2062251357984662
640,-0.37017329300087265,-0.26190168093911453,0.14825623656664885,0.1430691989946064,0.2050788842034601,0.08672829151477143
641,0.1691811523432101,-0.3678876334813161,0.11359309537009461,0.10067916651202544,0.790170030979621,0.0647188476240572
642,0.3255969119188445,-0.2525573611976132,0.07692359078755862,0.07041959587319756,0.35447121723464803,0.08602131955851577
643,0.4204595164796848,0.3733439584427298,0.15508465419105197,0.13559313641622067,1.065064160193453,0.08405296575836257
644,-0.009084724001733246,0.14852256585143894,0.14705082945526943,0.12442053750661923,1.1317382022784561,0.07956952955714386
645,0.3366276532464469,-0.22198837956317816,0.07603090800453807,0.06939067914807781,0.5141981070629453,0.07930180104703839
646,0.20096483795371686,-0.7353247822704537,0.07904972311993899,0.07061477197881828,1.0195891555721288,0.062404183202993874
647,0.6567081079680299,-0.36319609879212217,0.18920893489725643,0.18322689612160564,0.7546592242748733,0.071428184644122
648,-0.008762623582398689,-0.06428081794827985,0.0931794015786727,0.06902297315676666,1.288055431992713,0.10600636365999909
649,0.14121911115054386,-0.27049021896538844,0.12291972014823098,0.11281218070985014,0.8352269792199583,0.07438402490493376
650,0.6085341373226659,0.1853842747241845,0.08385787880700861,0.07488634376199375,0.410984872745423,0.11565045166578072
651,-0.21355691445984834,-0.10327923550679273,0.0992139521806036,0.08593852725072533,0.6452090011468885,0.06828639181527515
652,-0.03789315496150316,0.20378411862512688,0.13972021036548044,0.13203772676912373,0.5254057648870397,0.09027794151397739
653,-0.0022726149838633316,-0.010541701227306926,0.033161743636280605,0.029214851233011502,0.13466769619889213,0.07665903325325188
654,0.004255976495102079,-0.17672087444580736,0.15254395146919084,0.13315452073515002,1.1437190318846189,0.10128251699072653
655,0.23344990483744946,0.28585822462179544,0.22445427697304252,0.22351453741885333,0.33278095448620265,0.09732529998245669
656,0.35376422198784085,0.19265584652422219,0.07511522361535244,0.06450154313187424,0.74651527070248,0.06451236192269229
657,0.07751746871235218,0.07402942345955237,0.12219143657557918,0.09391692486262242,1.3815052311468288,0.1572952609180905
658,-0.13295240993924654,0.0576484361416648,0.03998237959029358,0.03518065188199297,0.27312556274176203,0.07962733226563927
659,0.20568080664590413,0.06046503899968478,0.05537121149532907,0.049419732274576876,0.3687113264414105,0.07508358253682185
660,0.2682620300886793,-0.14381886244066067,0.1888851933306836,0.17562937737160816,0.4352996717406076,0.2578259025090691
661,-0.4460400527586024,0.3993853774193054,0.07198197153331463,0.06783471336349343,0.2708896499438668,0.11530563052156394
662,0.09512747583609794,-0.2093927801511057,0.09301307960976359,0.07875868046380417,0.8207702900673381,0.05767651607496502
663,0.48387130392516153,0.3134204588466516,0.03047271341051868,0.02665909694394864,0.30259391989422385,0.07074649948237564
664,-0.1554968391713822,-0.009240419093161605,0.14571632733101486,0.12123160099103726,1.321050196235593,0.14309800479076473
665,0.053109223147019616,0.07348190652395603,0.0477622238220834,0.03885188863365184,0.6472504170385952,0.053042069991282755
666,0.1917146431072996,0.06340272094820064,0.09042803725038977,0.07359961694029582,0.8974151860469564,0.05809975975676062
667,0.049335679293268785,0.061907397303381934,0.08766286233170757,0.08651655155862943,0.24754869747775998,0.10321041285593799
668,-0.20042977363298528,-0.5903466042416654,0.03937160112182072,0.04212430850553312,0.17679537942820886,0.08540493211789843
669,-0.16463025434402537,0.1194245388517353,0.054442913843194836,0.04700884410246087,0.3887127241201446,0.07088805572700974
670,-0.2556562437665888,-0.03477434067575296,0.0937012667334845,0.0685468198484261,1.1998296997229987,0.09489030211623645
671,-0.3769113625379371,-0.5738914225925525,0.09572195360267524,0.09260360803774875,0.48538483081434364,0.08337560705517563
672,-0.08220205813771711,0.006535464391883279,0.12378696415082804,0.11341010689819774,0.652877527636083,0.06862895972599083
673,-0.2476067520761908,0.12374632899893222,0.08327164967557033,0.07377591687346562,0.5864464535689549,0.07487215700548806
674,0.4408997669803863,-0.18968654209978006,0.06149569532425058,0.05570137484255827,0.33578213915585514,0.08927011914570412
675,0.5120981028115641,-0.48528903025343906,0.06273584304652972,0.05654851252582297,0.10533093217345733,0.11716139955722597
676,0.08685716293246444,-0.023759956196701838,0.08409838836768375,0.06652680716556163,0.9150923443115563,0.06794964127368708
677,0.312615013480934,-0.2731654616656458,0.08501569636256959,0.07615538493105473,0.6530602996493109,0.07952736943760302
678,-0.358937188146227,-0.5106757244805212,0.05706512990685896,0.05318531983386105,0.6021353440401566,0.07100395531642771
679,0.1552158183355281,0.03129337765792107,0.17682840261682328,0.15639604716340977,0.732164228143569,0.06462529436065106
680,-0.002139118160988131,0.04847015616409761,0.09440562525094616,0.06902982777487028,1.4120152005156756,0.15834885897492823
681,-0.009912657199346073,0.0018473820346754442,0.10937257873816134,0.0839724959665299,1.2042609733602947,0.11005382641986776
682,-0.26278250370083134,0.3587612120956554,0.1669335335725683,0.14464584071397,1.3222096881490846,0.15521898068307918
683,0.034207203492369505,0.1903471248799698,0.08663794374069707,0.07969537835047329,0.4559186792911965,0.08468025799147955
684,0.02350231584939121,-0.1422820424621258,0.1449273402302066,0.11719981985569426,1.3825742004896895,0.19591706707016368
685,0.42870966403951977,0.2548528607995312,0.22239695795675432,0.23028558069846128,0.12652347552568963,0.17920757743781962
686,-0.0013834142826556531,-0.11064575086139823,0.0986146832459213,0.07401816077237637,1.3567292764863117,0.1384693399147015
687,0.08037232993615155,-0.07754929210991154,0.16463631517069888,0.16019925996428366,0.3155514855730773,0.09353447219896671
688,-0.0669233447572644,0.12156424466858072,0.05457713713376395,0.049838985413116564,0.3149817499706765,0.10659519785275634
689,-0.2171110232079588,0.3000603599305119,0.03839628495903963,0.03650804012225388,0.18463594916803586,0.05576023358810537
690,-0.6261806974910052,-0.2543788199259289,0.15306202061531707,0.13986903807333745,0.9766124447999003,0.06042070529582199
691,0.09346985810417463,0.0756289003538093,0.15378241241316068,0.14781107454725023,0.16633065700352362,0.09022469247529558
692,-0.10834018145249653,0.08303789369735624,0.16538927993883223,0.14190743550497506,1.5183332895582673,0.19837135725361268
693,-0.3586999714685509,-0.00956145406033481,0.196754007031859,0.18589019051503286,0.710647913005368,0.05856002664174762
694,0.20879164320115473,0.0018855864853212765,0.15187612318741187,0.14767786175608932,0.3360661876644751,0.11400228260821316
695,-0.15062153781382,-0.056404644359932435,0.04775141514570334,0.041857375166339215,0.2681128506425154,0.08401620629198306
696,0.4566160421102356,0.6644880770705531,0.04182409826902243,0.03395834364779947,0.8362373711086223,0.05111664306788894
697,-0.1064597072948419,-0.10821836297453354,0.13054871900688297,0.1145103704840203,0.9388002942195969,0.07540524661050398
698,-0.11932351372458272,0.008536793516833655,0.0927228105820748,0.07110985257764563,1.043774928068545,0.08492893842669626
699,-0.08852219290727803,0.3569204426564646,0.03902296047154873,0.03375609416248741,0.19512540364339437,0.05463108162291161
700,0.15810594411966344,-0.44198064153508654,0.12597289425887226,0.12079632176612007,0.715595509281955,0.07723739593083716
701,-0.14411624780072022,0.15289182462326106,0.16368977035546253,0.14084776489529377,1.6156797303218593,0.20864302815719107
702,-0.5417597476936634,0.16912464526898952,0.08800720060078682,0.07836526333278503,0.47621487775908034,0.09142900813237731
703,-0.08220508907355799,-0.09598024472825083,0.17047170381977297,0.14403376848739585,1.8884628740682365,0.2843366590544498
704,0.586570823077429,0.22489908147939977,0.03617677983219965,0.030583811709114915,0.61145682457717,0.049253299055187376
705,-0.14016492498583147,-0.17687672542485428,0.11831337362017634,0.09945966114203315,1.0956437052117507,0.07383634615539328
706,-0.18591155695396624,0.4171641094615209,0.11416410475831444,0.10369651928260473,0.7349112556285875,0.06346674483106411
707,0.023691140208205598,-0.0196521930753221,0.0954535757379927,0.0816845439067824,0.780434649592742,0.07115094005603688
708,0.014714462755110473,0.4855095016079863,0.03675898230281805,0.03312840370761566,0.31717748144833097,0.07807366160906276
709,-0.03741079398177821,-0.06933512857589351,0.03653302488845356,0.03403815741714053,0.19845220953798556,0.054615539145853556
710,0.14141704069275882,0.09906953934529537,0.09264770813304322,0.07545688842464653,0.8762806881491233,0.0574360813380586
711,-0.18247588234952392,0.022202612549987084,0.04736257958514199,0.04076832013932474,0.37744971274996525,0.06899083675275947
712,-0.09552246454806748,-0.18115160536540334,0.17225734156173,0.15025177079209134,1.4517069789253447,0.19590795525430818
713,-0.769530859733215,-0.32160906876874573,0.04287996462387614,0.0386346329318326,0.34048265074341283,0.09213383445714055
714,0.24707291719129404,0.07411426993765066,0.15185729975089685,0.14355874360796528,0.5329323232147243,0.12907546087500826
715,-0.049687500318816864,-0.26993184814975324,0.03287094700778588,0.027759204394221287,0.554297141301325,0.05138603216629411
716,-0.07388122417752771,-0.018358002611108187,0.11553404691140173,0.09813778057740408,1.0622514487758805,0.06786216050020845
717,0.16473273038537758,0.05229826882576661,0.0742459165303674,0.05046517716547013,1.351645388966313,0.12706022989254542
718,-0.12121546708572159,-0.05345960011743367,0.09204857198656068,0.08656918661363135,0.2829913302163727,0.10087533179349585
719,-0.26317773489855695,-0.05258440129990827,0.22084485195895476,0.21895403724895082,0.2712200634693196,0.10775217802881687
720,-0.03382716352797201,-0.05499711650390013,0.053873688082030864,0.048008047213574406,0.1793158892885665,0.08540622675791568
721,0.01574240301675587,0.03210317125459851,0.0954561043377748,0.08966141096685022,0.5290732368571092,0.08451313994727971
722,0.057499476939985014,-0.05948958156039086,0.11288886953997233,0.08613603260307061,1.3001602727053412,0.1498483321949874
723,-0.38408611526215664,-0.25484867788837956,0.06261836853600815,0.057969806103674096,0.2399269921186493,0.10479162340776951
724,-0.32919184605482454,-0.21223186866481278,0.15234611258827582,0.14207782775462122,0.6980171140690622,0.06243624481477753
725,-0.3955185189729225,0.7912292448764533,0.05838108344339408,0.05805415349749464,0.20458651330550998,0.07542428085492635
726,-0.04061471208633224,0.025172643042343363,0.04561095563395995,0.03751824488451875,0.5591806515367387,0.06004677875808487
727,0.08626992714748472,-0.047624548580891976,0.05386541305277017,0.049238969875440866,0.4969909366917418,0.06812799796994795
728,0.0832571355869406,0.11851384570290437,0.09086068619073852,0.07421837361461156,0.8388884075164446,0.05865615621742898
729,-0.23889935658337616,0.49324684043142886,0.0983293471852394,0.11096190743006244,0.2635625650573074,0.14547529922853106
730,-0.1964288829549212,-0.012745098470722702,0.22211524226911505,0.20705965254014658,1.594561580956246,0.23304025016314203
731,0.30348997649881043,0.6761860515974221,0.04732837475601996,0.03805772954172871,0.8430114274357211,0.05842039061482065
732,-0.10844810083287093,0.02479570249261155,0.14593812865329972,0.11958834546705391,1.340631624011714,0.1369145750080097
733,0.11959931754480416,0.5472158855859234,0.09583060595035331,0.08017416410655057,0.9842779368351221,0.07612628853352219
734,-0.22555562868558518,-0.8400646189824755,0.029659232595588052,0.026145323388563714,0.6398011422293436,0.05744122274849233
735,0.12523143502088943,-0.06723452133969679,0.03618560345810777,0.03125598801194743,0.1943553840106728,0.05315869983475216
736,-0.2690786028117795,-0.32737962877312604,0.14741561343439313,0.14257865447252105,0.39500003897585023,0.08711472902247276
737,0.04131208221618532,-0.25169419544558724,0.1936261027747889,0.17864327205106156,1.395615375568629,0.1638773296797662
738,-0.08038305088767103,0.1951462169098546,0.20525836028281005,0.20356885118567744,0.2882205820403168,0.10147133108439056
739,-0.10404323770882468,0.06526621516646672,0.04969562471089404,0.03875105551683319,0.722092991029322,0.05095909303420228
740,-0.057000216940296576,-0.1633006637788953,0.0874692382185082,0.07843089458606887,0.5638570412107876,0.09771794100346981
741,0.311113531099617,0.24519813026981546,0.07852826851418893,0.0651016130878793,0.8410762877076707,0.06269360874952284
742,0.03595169371454417,0.2809006108791849,0.06346000508710783,0.05173017885004758,0.7959921013882792,0.055757599492976775
743,0.24284367565231726,0.4328772416813722,0.11247931035745758,0.10750528208155898,0.4067935986597421,0.08232699054295449
744,0.08607905198553692,-0.623987164726409,0.06021743130038959,0.052751689418073185,0.7085727950217314,0.056959520916510624
745,-0.11828922763397579,-0.07859462689536577,0.27832763623629964,0.2855528509070949,0.3320423651289527,0.12522056441124488
746,0.05123183646710766,-0.11017101956189813,0.03480752134719539,0.030042818240649468,0.19788406888656762,0.05151627906847776
747,-0.20042977363298528,-0.5903466042416654,0.03937160112182072,0.04212430850553312,0.17679537942820886,0.08540493211789843
748,-0.0381744830352377,-0.0038190170064120415,0.06924154826482744,0.052766953878989074,0.9265647700818541,0.05860735012347771
749,-0.13573563347184817,-0.4334821096634098,0.12345905498107133,0.11784365780899865,0.7642830002084693,0.06592372078176359
750,-0.770766879309949,-0.3262815767533673,0.06392221255754388,0.05471737967371023,0.93050945624734,0.053163136498458136
751,0.2531235128438682,0.19077525230258838,0.06038653484963234,0.05209802530747248,0.563952672547251,0.05916926103922453
752,0.3644817621599284,-0.06585367106400863,0.05577046273574946,0.04698182003648888,0.3705973361795531,0.10955821537229957
753,0.08413916255541033,-0.12323534913197977,0.14307689798856368,0.13960261895564557,0.4217740256275278,0.09817232236713176
754,-0.008969479148042022,0.2683829982418146,0.06857659713210569,0.06347723425324464,0.1332923764324442,0.11900186963866821
755,-0.535103337231403,-0.11310515936747427,0.040294166955863374,0.03477226184255937,0.3717494202039413,0.06485434230382962
756,-0.394962782718099,-0.3788020578310576,0.02743776548128571,0.02505727778737533,0.3632853847435762,0.052768025885369094
757,-0.21200930633300577,0.14136503496473718,0.058446650873152886,0.04762723183201885,0.6934524485263824,0.05806172200181945
758,0.11945621050748473,0.05203547193662701,0.2144133964868573,0.21571082218173646,0.3244966004493139,0.13039772105827296
759,0.5944554655892739,-0.3398370974336471,0.17071662699741483,0.14774300189805326,1.1377137988239616,0.11328387936132846
760,-0.0501245232096377,-0.5974080789522977,0.13112840904219278,0.1189895257255019,1.0193264595772598,0.05935465476639204
761,-0.0614065858547259,-0.053071615959537126,0.15635609415352947,0.15167806574283393,0.5577753665998253,0.08574060325979253
762,-0.10433154228992414,0.09071302583133596,0.18768346725717927,0.1715465939983941,0.809548313733553,0.12184997862949162
763,0.04033332355642806,0.3723420904895942,0.19161489022478448,0.16588756419350273,1.7141269690290368,0.2749532623692138
764,0.36270673022898325,0.09982466032856399,0.1631314785128597,0.1598318718974799,0.31525142967095005,0.07537784083420968
765,-0.10872743357785164,-0.2700475165653874,0.1499618310469608,0.1376703492108776,0.8123133256486698,0.057773337099304496
766,-0.3705932090656772,0.052295946300738735,0.3053185219707464,0.3166076187178213,0.44812574400899313,0.1192204380663332
767,0.34563124565778386,0.24211637194477192,0.08580106309154946,0.07712850294882219,0.6844517183840975,0.06232502660891647
768,-0.2916502498345474,0.04387740762669112,0.19729043787285158,0.17605816474282304,1.347720664129759,0.1706158566612361
769,0.01877672075437,-0.048661674649853714,0.12266480883048993,0.11666435891833671,0.2425364220243558,0.11697159056328435
770,-0.4796285630577227,-0.396328799220043,0.07900013049285959,0.06918686478064283,0.786657716374833,0.04712650846892227
771,0.4081956138461089,0.1063191429526132,0.12084017256960168,0.0977337558462199,1.2743598385334678,0.13523891502625132
772,0.22779890679618256,0.4055244015317283,0.04195610274248774,0.03612022607976902,0.46116398335161934,0.07547542258078287
773,-0.04648118614941049,0.06354933587861969,0.04042867244835585,0.036189847496837936,0.12139745674611795,0.09202823572702479
774,-0.17933093176039863,0.053063739824800754,0.20732625248141381,0.20350056032278105,0.38056705865044793,0.09210411586364259
775,-0.13701979414082371,-0.04397972049949186,0.09465234186731271,0.08567231897775651,0.4682601974220655,0.09480174543040706
776,0.07414990689578634,0.08865460678872936,0.043764307821377885,0.0380168546378862,0.39195987422554074,0.057909695439070624
777,-0.165184529617916,-0.2579109306222788,0.23118235678746357,0.23748911348120566,0.4788058772689085,0.11566486629676544
778,0.35612456174473367,0.04465225471327128,0.10794230588400838,0.09986058856701623,0.5346642286242358,0.07804967425337893
779,-0.12238430448045574,-0.23144579542897034,0.1251453417421314,0.10898902036303214,1.1689335616383076,0.07992689829730663
780,-0.13089657279181516,0.07679529062239711,0.127672903873175,0.1116763467222301,0.9879189585411536,0.05680786392886235
781,0.24238435833823754,-0.0050158323197644124,0.13872226806730928,0.12070645163481726,0.861130154631165,0.06303804679627648
782,0.4792440971013122,0.2819173197814454,0.050397301888106046,0.042930103458135374,0.6480528719362225,0.06386818839080753
783,0.28446436496981947,-0.1575975493260101,0.09122162740203152,0.07212539889776286,1.0482705208109313,0.06596010903195831
784,-0.18350771723996306,0.17591498693404684,0.10986155192705144,0.09964404863510432,0.5962164514632433,0.0666382948798981
785,-0.06565284983569755,0.12861204296608292,0.1346885222743036,0.10907691917337325,1.4940466073789371,0.1944322946990688
786,0.027429718983506567,-0.0410778152508344,0.18189128220047487,0.16199932928694188,1.4072502082213163,0.2045139212585715
787,-0.11326575655619935,-0.2581566217765421,0.2416823599913381,0.22561242581174087,1.0980674310472296,0.16351601601272114
788,-0.18974666945166582,-0.13223759123499332,0.04032597528120162,0.038542725666810045,0.3602000673693797,0.0692474112637742
789,0.0239833979559304,-0.1510748868879904,0.1699351358666425,0.14598709696630754,1.4108795742970988,0.16789542446474098
790,-0.08530265340737397,-0.02487631984631804,0.05802024252120019,0.051751872230834134,0.2548624400185202,0.09885884394646773
791,0.0756872614559059,-0.04808390545053547,0.04197454212309168,0.03821397106731335,0.07223844402137926,0.09991061193238104
792,-0.24523057071684692,0.1581364955327272,0.06897431896553569,0.06835576218776312,0.2174186655757486,0.1349803340061328
793,0.07081957149682781,-0.10817176210502877,0.06294752035422611,0.049864151634701974,0.7574487741893281,0.05252384386055986
794,0.049499464329907504,-0.03691368878242471,0.10687797216968237,0.0948479754497952,0.4401988309859753,0.13001083196960128
795,-0.16995189566042287,-0.0719986693910278,0.15123837481579328,0.12847813239746725,1.1847575419592302,0.10332114799993777
796,0.11087770613089314,0.0626288899426485,0.07456345267774665,0.06759010623310353,0.3778400852210733,0.0845728438225357
797,-0.6126890873190077,-0.6140935862073339,0.09498519911796999,0.08448615952867247,0.43853249181716836,0.33914765261665114
798,0.4710183679175197,0.2518803892016911,0.11395358575131928,0.08527154199334866,1.3790085439517803,0.1523317166831945
799,-0.41978802608289245,0.23688754786344463,0.1013189390375462,0.09471467830535499,0.4059941709448416,0.08887573936093869
800,0.03675459293916465,0.05062663593966289,0.08660099202692953,0.06694327926574226,1.1348395701239313,0.06482693248509012
801,-0.4312192687802701,-0.5590434559059385,0.03314256013877846,0.03401569868385291,0.3173772902135822,0.07573514953101111
802,0.00035539121294990124,-0.14915471321277035,0.11948366625773392,0.10394637616415084,0.9990158737163856,0.06237280420394209
803,0.4264531599920169,-0.7023343230784579,0.05614364941588936,0.053843501168759265,0.4631931736420201,0.07858383289318747
804,-0.1547681029065226,-0.22980488581213648,0.06644222746795658,0.05634099037034323,0.6064367459655347,0.06153504044761501
805,-0.16893799799833858,-0.06255057244080038,0.15873994927547458,0.13803616697660456,1.4716543558455346,0.188756857556912
806,0.012508533537638368,-0.0856210809202385,0.1022142624992998,0.09537214723846728,0.3115399101043862,0.07749840051167596
807,0.07361532011232044,0.01829555654852749,0.09676060291793964,0.08206130746788871,0.6231432020387706,0.08038181871938643
808,0.012687850630629147,0.11633750696109306,0.17210120220836841,0.14800431366374386,1.4017474757309862,0.17382822258768235
809,0.055334149950826535,-0.013982214105129532,0.13048935157522001,0.11757847330555826,0.8042956052916324,0.06932120079078549
810,-0.19485304020448277,-0.09479793077420456,0.16733168461461376,0.14187266531777612,1.6083653010128895,0.2088048874390309
811,-0.02208649418519633,-0.03214484041837284,0.04523057407591255,0.03892910241573524,0.5240835567828385,0.06928493628037409
812,0.458426115143965,0.5689626205384236,0.07566037907018082,0.06769327047233269,0.812288578794417,0.05546915441911599
813,-0.238677572987601,-0.019126473040705912,0.11494147319432645,0.10314271239940194,0.661910327355999,0.097385106310741
814,-0.6524156135602928,-0.09670754468716795,0.15662727587715206,0.12904988962382577,1.2604632096091744,0.17686605171660139
815,0.03981526190859397,0.13581848228657709,0.3330922082680053,0.34422618280244544,0.4044979103131419,0.12393986015643232
816,-0.09147386921729576,0.20558309663066027,0.0658777008656795,0.04831091776929273,1.1397575853322075,0.06733301193440461
817,-0.18657958406553177,0.19284483037401273,0.16812991198978208,0.1498220678035571,1.102900290574881,0.06362017656730719
818,0.3611151754138024,-0.43186377002374987,0.07757368101167812,0.06854386808397925,0.7606049328029062,0.05559461948101317
819,0.16706002974606807,-0.2070121189182642,0.07188475575765171,0.06633007159037985,0.3092797858918957,0.08454952886635701
820,-0.018251049376733205,-0.1764987545600746,0.13337127560610346,0.11210711802944913,1.2955243573540665,0.13385545165453389
821,0.4371480622838054,0.3941251105144577,0.02978011123466245,0.02518437437265414,0.22731472883468198,0.05293455164800697
822,-0.03339209845434095,0.07695414382984822,0.15380190875751829,0.1483152613632387,0.5503626709565342,0.09691408406213954
823,0.018812764603028984,-0.08238865991139478,0.03063549500098489,0.025476537744332818,0.5029554856259264,0.04820349582040275
824,-0.1403905217990418,-0.08742030406476557,0.08439356247709559,0.07363594976952574,0.3425630951369518,0.3116067303894502
825,-0.4008703498713414,-0.15444319610411536,0.042281046131945936,0.037651654246661205,0.15294303093993783,0.08735627279170421
826,-0.3544866153401772,0.06375257421536948,0.2092459919599283,0.18493787561084604,1.6557738494058778,0.24502822420411458
827,-0.09424745019559708,0.03290809598898424,0.0462863598951911,0.041624728587047494,0.16300491370425457,0.09558143703411483
828,0.1016496503836535,-0.39227211297830433,0.08166842451949449,0.07834086723205907,0.3328637202082357,0.08122605438169778
829,-0.09911831909782853,-0.012455048217543504,0.07585093626811477,0.06205366296010115,0.8108320775920619,0.05037174224532951
830,0.03713530939564194,-0.04498430175375266,0.10993951961952628,0.09845671066617545,0.6684191057266488,0.056176592409809316
831,-0.1941368360211956,0.35701568358954666,0.13144140919453776,0.11298824734565947,0.9875149457658886,0.075491417032016
832,0.7615569463249405,-0.40715483946391734,0.042023068172374695,0.03608138274990582,0.8221746238525163,0.05191526481678252
833,0.3806900226372576,-0.6243414663478816,0.05205932531657286,0.0492374054863869,0.31163978251812624,0.08276943185434174
834,-0.31341399370430334,0.22452665527765386,0.19365503801268774,0.17294632896737555,1.3202802821669308,0.1588119686900443
835,-0.056533969404631304,0.011032877074762052,0.042227212677799955,0.03622778976228032,0.27788399460931945,0.07168815328413601
836,0.2923517277544018,0.042275303375027815,0.11894611530912137,0.09722329367896194,1.3991544305736712,0.17533552987894713
837,-0.46814611012393614,0.33330030604673505,0.03504322125331112,0.030244611575639235,0.09818712250657208,0.09259044877968202
838,0.4433948103285643,0.016939139753733658,0.1683550164345759,0.16481467171872483,0.2187669582022102,0.08582965241817028
839,0.28061269260245175,-0.47879817813554926,0.08117829183638828,0.06793319092151183,0.9196794948840616,0.06298823128614753
840,0.2933096989773357,0.09780628819174528,0.11692626230023416,0.09905935324556137,1.1024913369200184,0.09036994636020654
841,0.13757670973169475,0.3449148245672999,0.07874303447716317,0.06899610693980071,0.6980503035199828,0.06644682606419663
842,-0.11651234098286585,0.1454753396669431,0.11323746825087906,0.10084286671255861,0.775977954154839,0.07119711887209812
843,0.006885016708635849,0.08218974572333791,0.18809127383482843,0.17739984168405618,0.8230886028590273,0.10493041178833114
844,-0.003433120644725857,0.23074163244098983,0.08987154213636057,0.08249309084818736,0.4151371618993704,0.08464097169877632
845,0.09691318898540609,0.025217705842875776,0.10055388525735691,0.08305737422526814,0.8907182248609072,0.05298984063039985
846,0.34356505386351444,0.30472415512740275,0.2085168887053821,0.21047570149751058,0.3857651364126538,0.10770498546432432
847,0.636235306056206,0.20418692748458997,0.06623071795889539,0.06304549831117352,0.30957604121703475,0.10014520409839552
848,-0.18042576516006673,0.14530368777593436,0.06330566454748156,0.048478194592501064,0.9347728667305254,0.056396800154321594
849,-0.04304065831590495,0.047543354392626705,0.05897102181817731,0.048008123364846424,0.697411262824886,0.05474855476461105
850,-0.049661818580460475,0.023966439994142462,0.029719788799208918,0.024840486963571613,0.4635858187648793,0.054278158176352426
851,-0.10015788687364653,-0.3846857336852909,0.22037791369599113,0.20092289330059648,1.4515535748655832,0.21151598080179912
852,0.4195910808047596,0.2904109402828453,0.03994964618596246,0.03391726696103427,0.6722035570690995,0.05652272539818451
853,-0.2729019112077375,0.5400785973093372,0.041820437938225645,0.037229988600998416,0.3357508244703704,0.07978799441664942
854,-0.0228440796661906,0.2514886722810242,0.1101632579429191,0.09123420532249282,0.9703377932344217,0.05796119938705967
855,0.07777578513774919,0.29534112358881826,0.05969852426686472,0.0505875986444358,0.6120117056719911,0.05703267685304901
856,-0.1911393893717264,0.027664261971214802,0.11555131469740193,0.10446889086088909,0.9314500962540299,0.05743117992626335
857,-0.12055584301040566,-0.6252529698629258,0.0729783594582747,0.07318836892242557,0.49399660650608634,0.0929317981864153
858,0.5473844545749126,-0.200533057191019,0.10044734545447681,0.07327623257274676,1.295352187929737,0.13817508240843826
859,0.22451571790416988,0.10675859348004277,0.09060370544069495,0.078341886396717,0.8508816325170058,0.05531222249930703
860,-0.23848426756187585,-0.27013766121252003,0.06790428352820234,0.06601193357466711,0.43507652749898756,0.08132962294820179
861,-0.028992484252053786,-0.024490332769728732,0.10952574434734594,0.09262896946222125,0.9676986865991714,0.06871528268724537
862,-0.03471663621550396,-0.03821517427363812,0.05035075180413291,0.04555030410592565,0.21271119948076622,0.08247873436230779
863,-0.770243830611058,-0.3763070768666885,0.07141148414594903,0.06503062691619718,0.45849285082108937,0.09240302999064307
864,0.18952869365710245,-0.21629942234371333,0.16707932178019386,0.1433425179668317,1.210415742012216,0.15197517885513956
865,-0.5981138516838244,0.4389858154348525,0.13662788600930734,0.128071885769049,0.8561249562681952,0.0935264932633612
866,-0.25413993099938154,-0.5497135091764079,0.049180789665109144,0.05196711695698351,0.15549980566411287,0.0972743786316693
867,-0.11228266105202944,-0.05876262678525084,0.1695501990276359,0.16803144630677852,0.37274928354724846,0.09336392191414418
868,-0.23771190040767165,0.02883831063867751,0.050531120176171625,0.04496404706329333,0.21622008609420038,0.07740233910399065
869,0.10275901076191742,0.2729405452971808,0.045246320112572194,0.0387527497268449,0.42441889765303437,0.05630228455700559
870,0.08167194621753246,0.08763797399530027,0.046783892549099905,0.041402549843263046,0.5471999765816387,0.05549081429986317
871,-0.13345143644202898,0.21452547360439617,0.06658528743775348,0.053336171297330356,0.7466340066538681,0.05254860477282812
872,0.12423389204003873,-0.12052799043069805,0.08231655701115566,0.0665729581168819,1.002058394694735,0.07080733086470094
873,0.1458483122501098,-0.44636994759860826,0.17981382759242895,0.1648763841151032,1.1134643982265686,0.15557647547959036
874,0.0172416113458551,-0.04875726834263988,0.12074440288675518,0.10586833909077749,0.9473560356152151,0.05958928460541735
875,-0.03526934377675497,-0.4656095374363932,0.18072670150012865,0.1773611738393785,0.6005641631438478,0.07056354759467275
876,-0.3390140329523151,-0.22703339022940558,0.08763911026777978,0.07006960108087523,1.000363510174508,0.07242243402902943
877,-0.16258325418356084,-0.448564704488229,0.12299080749620894,0.11697780739841757,0.35477803714537764,0.12552619068697168
878,-0.035777236963504155,0.18369413738264212,0.1305885618861438,0.10389689603930101,1.8540328493412028,0.2901698742186921
879,-0.04656480767450492,-0.20530379467090534,0.07650905109759264,0.06108176134899144,0.8298477949677169,0.06828556134205489
880,0.06068524870847149,-0.13028442227812417,0.15753619115161363,0.15161208082954358,0.43225970341323033,0.10499309897694442
881,-0.03437538134684644,-0.019241410715147195,0.08317253490847897,0.06714141376583116,0.9503217207173627,0.05887725950126175
882,0.27024097055353874,0.32099474638341485,0.25786225757205233,0.2659494234179743,0.21655582050690614,0.1175652274641021
883,-0.11690956772928054,-0.08552446543820581,0.11662048099895249,0.09094891111017735,1.186220011481143,0.1085828548496525
884,0.026210590621994538,-0.011440784183987439,0.20004785507413977,0.17959665340914097,1.4471637500644157,0.19563021627978447
885,-0.060226281012269275,0.4339355512321432,0.12097068729014071,0.0942676315706444,1.3812390326190156,0.14669615792715457
886,0.03527108318207173,0.06487775647823735,0.06952200766160381,0.05411380296238996,0.794525212256446,0.05613520259636283
887,-0.03670987239700946,-0.1440067431725128,0.0697042458570471,0.049859689906051885,1.0930081446533522,0.07225176012629023
888,-0.049687500318816864,-0.26993184814975324,0.03287094700778588,0.027759204394221287,0.554297141301325,0.05138603216629411
889,-0.28408055234778923,-0.4918379528911471,0.06431489808513939,0.059148022927197653,0.497886974258271,0.1151549972371527
890,-0.14429013330706536,-0.19416913073104286,0.22019484762197314,0.20802929169617865,0.9483042321341368,0.08557242651817819
891,-0.36690186991991475,-0.5850732068354384,0.04236407649867815,0.03723980165366307,0.8129784316871367,0.06622405924984827
892,-0.09731886923604627,0.06574308880512615,0.15448781421981683,0.15026495606980506,0.2035789480989531,0.09948386703883853
893,-0.043322758411279465,0.21889144286661716,0.0726116392020532,0.0502034686107103,1.3932129740783599,0.12764005519859725
894,-0.15872763350277588,-0.04429218308664497,0.21613133684476815,0.2173496214573419,0.31678595140070137,0.09025741862528858
895,-0.030158295178879184,0.0012357667495579683,0.05989332620530206,0.053837817252039954,0.11346976601440088,0.10238485433404297
896,0.7838095621890667,0.12450002163336811,0.029011374569394625,0.024722137523667063,0.3836807065386655,0.06985204245134878
897,0.4639059311533144,-0.19545626864802756,0.12251283966711997,0.11168796682517189,0.3918958959668197,0.10538545882715046
898,0.00788997324254133,0.1888838056210927,0.055750582921135224,0.04751618946476052,0.4426127528033776,0.0813714523242389
899,-0.19195680552062866,-0.13715643072001377,0.1441672306820824,0.11481387588608225,1.722828154403779,0.2181023974601045
900,0.011423564890645898,0.11459889932615251,0.08110563239459197,0.06515038925850836,0.8879253399912352,0.057605069756870214
901,-0.5509921979895901,-0.09788178361781008,0.059782486244503136,0.05019169536646695,0.7497037876356314,0.06692727991144279
902,-0.3471422924952361,-0.34960874001373227,0.19962437961709031,0.18193311911702767,1.1391439331175748,0.11535010825912378
903,-0.2593259322199722,0.16898682279051677,0.18570228576790934,0.15898762354957943,1.6052222751661853,0.2365708134150893
904,-0.8217299952938028,-0.37699788912959414,0.03303592035874859,0.027813317911288743,0.6352106333474533,0.05633009290602357
905,0.1004625491932171,0.04900141443007972,0.06817965427620733,0.05453445582777488,0.8633945682444062,0.059903717708053
906,0.08508424229948312,0.08676787324284625,0.10282043139940499,0.09160439081090811,0.7237714704801099,0.0646057195279016
907,-0.04540796075919372,-0.3018754704677085,0.14618017169569042,0.14061671355080524,0.5901702649078135,0.08224405035693852
908,-0.3664312425425375,-0.06161325470286619,0.11637320302040631,0.11059992544413981,0.3646027728367124,0.1025995905542249
909,-0.027506700457006802,0.1276493393852847,0.08440539422352764,0.06999858925767062,0.8882619423139824,0.05742071643067347
910,0.024509591990377062,0.04314036098124846,0.18708727432453157,0.16520067416165946,1.6253295536826975,0.21601533797101385
911,0.09030626890872392,0.24507335507645453,0.07435915734924808,0.06509516495527347,0.6548090665530268,0.0627103894955393
912,-0.09853783874450268,-0.2143846482511913,0.1117917941788227,0.09878242731129934,0.899921032471294,0.053217472704907724
913,-0.10995353941643707,0.17512628997392024,0.1462053300860143,0.1304985930983859,0.9453696700191816,0.0685982379786099
914,-0.10594378017613305,-0.1472756996245364,0.1018010593295602,0.08158621794392737,0.832387010512148,0.0858488340500901
915,0.0008208349386877299,-0.3744051967558403,0.08526002177514605,0.07584358818053996,0.6829028922358829,0.05855203648364574
916,-0.22684183968301372,-0.3057980258520432,0.14791334271432166,0.14577687988499863,0.3719489255948093,0.10302850836058676
917,-0.4208453994589777,-0.45248833625918555,0.08001794095858028,0.0672788266475864,0.9465413526004994,0.0583634755439414
918,-0.4312192687802701,-0.5590434559059385,0.03314256013877846,0.03401569868385291,0.3173772902135822,0.07573514953101111
919,-0.1132921224335723,0.09652692043212906,0.06278306858988365,0.059100713800830484,0.20638328129982741,0.08804557689615326
920,0.49082808890839486,-0.7585506286096331,0.03291031462116215,0.030228118753084073,0.180803903501762,0.08823640935983713
921,-0.13038549154265883,-0.24546504581591608,0.23673634576471272,0.2331907234876472,0.446467491750512,0.08215159978913888
922,-0.21708267309629356,-0.2563213076242201,0.15630743150027387,0.14064534836526094,1.1564052578151964,0.07221041242093967
923,0.48408051821302134,-0.23111646378387768,0.0782831707499797,0.0726686160168638,0.23031301423170863,0.08594200913714967
924,-0.10337023665186189,-0.18210521222435447,0.12942706408495327,0.10562292797107965,1.101725305612674,0.09039337212037735
925,0.05410845159937455,-0.10589051017899907,0.11071935102539407,0.10596733046397733,0.3551526732778088,0.09897875900661712
926,0.24120385390368826,-0.4049110406795721,0.0373808487377541,0.0356278157475457,0.2656210374228421,0.07543649343784742
927,-0.02791427658942578,-0.06591675278763426,0.14866364749862587,0.13482424162519613,0.8395336564084056,0.08143209484569737
928,0.37940486442245497,-0.16928704933150518,0.09234721235718037,0.08083117137595482,0.7482628086139067,0.0724354995426669
929,0.02263158254118211,-0.10753907368395538,0.05351635860519046,0.0431665174227695,0.7247669820342075,0.05765026778200481
930,-0.04391841827445615,0.008856330974621176,0.04785820854205945,0.03826469602604055,0.6780194697205852,0.051874352760096845
931,-0.059685910470338874,0.028737358134373663,0.12315218725480528,0.1130357731611938,0.8819645132252777,0.09245208861574651
932,0.00856658842189765,-0.012812919130543962,0.08091104109334468,0.06986296469710061,0.710898328129943,0.06008732225641202
933,-0.5295143453404383,0.21451321221289993,0.027153659900356522,0.020656123384193724,0.5777447922435377,0.05350296898971792
934,-0.3416374245675721,-0.013347347762018845,0.2509522326840056,0.23234998141036384,1.2179339031748098,0.14944141001889558
935,-0.6050822222645742,0.31339162299585166,0.07380456494870437,0.06207314161040886,0.7698771169292151,0.05899198434297304
936,0.04366457133892129,-0.11775769262722059,0.08714794935496982,0.07571042517938456,0.8456332334551093,0.056495564229880654
937,-0.06655857117356878,0.01147889309018833,0.15218836351162837,0.13400477336037755,1.151277123960643,0.10450431520286432
938,0.12659621568493862,0.02067275185323725,0.10554505049514322,0.08215041149860851,1.1067351918575294,0.08952090362209825
939,-0.05537674525866962,-8.735825997946986e-05,0.05735591986413448,0.04978644633155431,0.4211828677346563,0.07540065754933621
940,-0.054202668530553805,0.16703282810643738,0.07209236791058884,0.06747181417386297,0.17374240056499196,0.1102440870552299
941,-0.028215048519541416,-0.028475032417118226,0.06679940905377689,0.04984921320978674,0.9432997735494634,0.06583918312359141
942,0.0036525482091121658,0.050914516594605996,0.24024026100490029,0.23487062638985215,0.4087921714948868,0.097761394975436
943,0.11258823991220919,-0.4896964861702504,0.14802600139598845,0.1279244237538683,1.59958012630166,0.22665632557927684
944,-0.6147851220748458,0.46195270279605716,0.1338162037699648,0.11862462746502107,0.9612159646903485,0.05497700622523487
945,0.15810594411966344,-0.44198064153508654,0.12597289425887226,0.12079632176612007,0.715595509281955,0.07723739593083716
946,-0.04398564890378477,-0.03352707117220641,0.15187428566991182,0.14770129241585367,0.35879477735732507,0.08954950170061624
947,0.08185163162637257,0.12891570283465664,0.08458573522720134,0.08417612263987471,0.2681914124137629,0.1055668354004083
948,0.1418001306889183,0.052301672777414356,0.13235502616120243,0.12836247584308597,0.31320167800471793,0.15251941664392785
949,-0.21604529736770156,-0.2722264987482451,0.048618287608964667,0.045335439451223085,0.31863839429894586,0.08230723408212452
950,-0.12439842976186685,-0.20703411553765255,0.18814712631910202,0.1633322220622655,1.5272994545915892,0.18919268514073354
951,0.2125055324375125,0.3842351635910195,0.06446428347520722,0.053267045561176854,0.7758159312907765,0.055256720402567225
952,-0.08517270656754027,0.0619099284885295,0.18064595905567638,0.15552569531272675,1.1120276284105872,0.0981068964591818
953,0.4081956138461089,0.1063191429526132,0.12084017256960168,0.0977337558462199,1.2743598385334678,0.13523891502625132
954,-0.20996842069218927,0.01353565849531354,0.0842903397337124,0.06768287695941723,0.9036528732737724,0.060498641945261424
955,0.245512673035254,-0.19527490326393462,0.05789083483533138,0.05356411226897835,0.37135116784632954,0.07527637217913476
956,-0.006191689517022285,0.019017545954400836,0.0656135692159887,0.054928650263855267,0.6765972661742148,0.07674150488809203
957,0.6429576106195117,0.45452790546015953,0.04732419200660022,0.03982342425091991,0.8622824423134066,0.055553130534959846
958,-0.021757696029447084,0.7517439912456851,0.0664690559334643,0.06260187947483517,0.476149934669244,0.07298793462109676
959,0.49470688439836896,0.14172492765739483,0.05105714451662448,0.038398322176675874,0.847774947862321,0.05328313304662781
960,-0.769530859733215,-0.32160906876874573,0.04287996462387614,0.0386346329318326,0.34048265074341283,0.09213383445714055
961,0.22022570483718668,0.06391811260135472,0.12298714116753909,0.09634094460813415,1.563742604535664,0.22047070505215652
962,-0.0681114112308848,-0.48520714870768017,0.09642630774229109,0.09830868669698806,0.4717022915053047,0.0990954646418154
963,-0.07917485356945797,-0.04788713496597113,0.08333038856884951,0.06013321475897223,1.1914428772765944,0.09073625528595017
964,-0.21102409170691405,-0.18533992788402961,0.18012173642884446,0.16176847197485064,1.066469876114904,0.09500856634857509
965,-0.08991740923673093,-0.18106293464638992,0.17274817142846619,0.1645285108576369,0.5627533980626042,0.10924938573398427
966,0.11453135438550459,0.2247683681436568,0.09969296588277211,0.07436028794919451,1.3637119640411925,0.15184077120158562
967,0.1489286270194393,0.3365462023464074,0.09265995677630486,0.08908601701473541,0.21831419352994405,0.1373023329182022
968,0.3210118508759266,-0.045794820344571295,0.13748611058668447,0.12503245339144936,0.6904408823409997,0.12235883584315857
969,-0.20673876342168937,-0.12948662470844052,0.08107427760958935,0.06010741950419311,1.1440047874401131,0.07497349059646961
970,-0.018053265764882923,-0.06563530383210257,0.08586641320298329,0.07127297175070846,0.8722307720407635,0.06119795267177166
971,-0.2979032022582448,0.17789819490994357,0.1891876256018003,0.18007643883148733,0.7331617065337023,0.0643784195917355
972,-0.03244237404135583,0.009942200600674756,0.06194810945275083,0.05671508884074307,0.2768426223757254,0.11268381694876484
973,0.226438622560562,0.10815424556685979,0.07064732832169839,0.06692706913021682,0.6894931758744554,0.07313437489304793
974,-0.23901286873434205,-0.3877480928335363,0.23422795379543965,0.23283185535300813,0.21087030619524336,0.20356261330476239
975,-0.021746755269703842,-0.009136914134213706,0.09698724993891371,0.08425742292288063,0.7606180502208921,0.058454785873108615
976,-0.02636604616034237,0.051625075124437175,0.0573096450842948,0.04929766978800558,0.4874470936179192,0.06787123854261944
977,-0.15519900565539266,0.02340013497489348,0.07122397027635709,0.058568329812894525,0.8544136207231838,0.05110718422069328
978,-0.3390140329523151,-0.22703339022940558,0.08763911026777978,0.07006960108087523,1.000363510174508,0.07242243402902943
979,0.0629672384186095,-0.09574179467068067,0.14944784103583753,0.14354577731034623,0.26652043428539135,0.09455702593869783
980,0.7891814820477705,-0.10423808866158134,0.028635153095232704,0.023309799251539354,0.603264493196348,0.056597028523106795
981,0.041822859666376534,-0.09506018981292085,0.09963169119461596,0.09346179674082804,0.48811905310538906,0.08013800396729022
982,0.03582257091391691,-0.1807037713349402,0.057366377955674425,0.048878748149127973,0.569567398453991,0.05993884290754739
983,-0.13443286018444284,0.06444158743647556,0.12201492735038003,0.10202559943020086,1.0447129791922063,0.06668371159692264
984,-0.0015587891418841443,0.19130317157632418,0.290999951075826,0.29055427576803117,0.43551963257246445,0.09123997514813172
985,0.01989927846600742,0.041799399994367756,0.037241767403562706,0.034121751986937385,0.35778095406363464,0.055517909007034245
986,-0.19347875785281984,0.2001733466045168,0.13002515106798748,0.12499310508668361,0.34583556416103184,0.08874275564494175
987,0.03345014101549697,-0.12862577172764558,0.06919375173491632,0.05656712657895062,0.8006519040727865,0.057710126398782466
988,-0.42337868103232007,0.14664387903783416,0.049606347303002334,0.04259838238210082,0.3215217475076067,0.1210300157890596
989,-0.05949303390904348,-0.029617279174089,0.07363329038855479,0.06892792243249643,0.2698457121894836,0.07217896470776533
990,-0.08910709988752907,0.18817509335491306,0.08781901997728352,0.08045271621833579,0.4916650758241293,0.1190380303389973
991,-0.20804820370228486,0.2996227509350748,0.13745638200177202,0.12052458009566389,1.058135207655617,0.07229259536746178
992,0.0003770690958790463,0.02538668948268135,0.16260067283972982,0.13538932688440874,1.5692309813936185,0.20016251885143915
993,0.05340689304538916,0.011056537681586846,0.06792014899109043,0.05733785145263082,0.5377417300588536,0.06664158644298267
994,-0.27208390311136116,0.484815860362297,0.04036373623273897,0.03474310452859348,0.6002642623873136,0.056880717893134446
995,0.018087300962902786,0.18960023093900757,0.11109799127771788,0.09573126340655207,0.8566168104579657,0.0663479265401777
996,-0.394962782718099,-0.3788020578310576,0.02743776548128571,0.02505727778737533,0.3632853847435762,0.052768025885369094
997,-0.1526988088621114,-0.004212747201959436,0.1611940242732052,0.14000388601092645,1.2248924949632776,0.1303871805798854
998,-0.013967532108850439,0.02062984694324563,0.06651233730133134,0.050863812994756064,0.7928700865332964,0.07599451204741249
999,-0.034208580467833975,-0.056185388270583045,0.18560896628847395,0.1665461965894236,1.3910318742234342,0.16695680291504733
