,e1_out_mean,e2_out_mean,e1_out_std,e2_out_std
0,0.19580305,-0.60033536,0.035906665,0.033541042
1,-0.014924083,0.0036975145,0.094626054,0.07349624
2,-0.4234139,0.37824377,0.38579413,0.32340008
3,-0.27222818,0.47757018,0.07127345,0.08255532
4,-0.057836097,-0.012108885,0.03606226,0.031233823
5,-0.011716625,-0.44886473,0.21966697,0.20599419
6,-0.027665645,-0.038194016,0.03312368,0.028693194
7,0.19800995,0.024477355,0.04518039,0.031772517
8,-0.03148529,0.049162943,0.13391918,0.11391338
9,0.24213284,0.26310733,0.03790635,0.03587489
10,-0.38884813,-0.66364264,0.042335834,0.04925034
11,0.071741015,-0.15310977,0.06214925,0.048709083
12,0.09207977,-0.24780703,0.085142076,0.08285984
13,-0.2182455,-0.050630063,0.18519616,0.15721017
14,-0.029180333,-0.19695073,0.028178615,0.023530178
15,0.0026080683,-0.0029870644,0.10619848,0.09315127
16,-0.13625507,-0.100368366,0.114821635,0.10174989
17,-0.086937085,0.20986441,0.050517075,0.043752044
18,0.26485732,-0.17675045,0.12055962,0.111323796
19,0.6417401,0.061365765,0.15584263,0.1275778
20,0.15826257,-0.15158619,0.036476247,0.028883327
21,-0.15713945,-0.19581103,0.13079897,0.1305518
22,-0.05837383,-0.117829874,0.08254214,0.068163626
23,0.044631835,0.22603561,0.15066451,0.1699846
24,-0.028857468,0.013051219,0.04444051,0.034849003
25,0.017826948,0.018622808,0.032631,0.027367184
26,0.035650145,0.2570865,0.13346133,0.11181473
27,-0.22759654,0.020921625,0.06184393,0.043823306
28,0.00063542277,-0.12947838,0.07032109,0.057292975
29,0.03777239,-0.09924726,0.07235267,0.06924259
30,-0.07979557,0.10937556,0.072706774,0.060499784
31,0.004913535,-0.14534928,0.059223197,0.061302993
32,0.11075553,-0.46084693,0.054072615,0.06768612
33,-0.15314686,-0.028531149,0.06202355,0.043800365
34,0.10442719,0.20340273,0.06060242,0.054679066
35,-0.3018096,-0.1883595,0.21548137,0.18483
36,-0.23210241,0.41584578,0.042815305,0.04385159
37,0.016867828,0.5689768,0.077951536,0.076493286
38,0.57041633,-0.0138656795,0.04919173,0.03567646
39,0.13192068,0.02930998,0.0392105,0.02981293
40,0.062253665,-0.4446698,0.10650941,0.115535766
41,-0.022581948,-0.10665324,0.037379153,0.030983504
42,0.13116203,0.1176395,0.3597748,0.30908936
43,-0.1379477,0.21254706,0.053269997,0.045101106
44,0.021735243,-0.2041929,0.1836199,0.13703473
45,-0.06882592,0.18167976,0.17261088,0.17774588
46,-0.1561562,-0.04408139,0.029848585,0.02440365
47,0.07095048,-0.14050683,0.039145045,0.03707429
48,0.0493651,-0.22918573,0.124599285,0.12057456
49,0.0938662,-0.44688,0.040944442,0.038556
50,-0.32258058,0.0233654,0.0660391,0.055653274
51,0.036149766,0.004684329,0.0383876,0.030695649
52,-0.029494656,-0.028457232,0.08015408,0.06770038
53,0.12870514,-0.14020017,0.04843708,0.04044678
54,-0.078203976,-0.32916948,0.055657767,0.05642933
55,-0.13263777,-0.6018846,0.039790228,0.05005628
56,0.14510463,0.06735226,0.11073516,0.08229693
57,-0.016968701,0.0030905828,0.0364682,0.031021163
58,0.10130201,0.09687192,0.041578744,0.040313866
59,0.033228677,-0.029220268,0.035471965,0.03107326
60,-0.40238985,-0.45465758,0.08272027,0.07701618
61,0.23121935,0.20722714,0.17423558,0.17748114
62,-0.014094597,0.24140318,0.06349614,0.07081486
63,0.0339208,-0.050992504,0.032507762,0.027961584
64,0.38429165,-0.7034024,0.084924296,0.09284802
65,0.29695123,0.2150357,0.2617579,0.25829113
66,-0.035617255,-0.22029507,0.039265063,0.03628999
67,-0.03154155,-0.057997838,0.04143522,0.040635888
68,-0.07334097,-0.047650322,0.07560188,0.080226585
69,-0.2963102,-0.34269008,0.1596981,0.16338295
70,0.05850828,0.12444716,0.031028775,0.025530988
71,0.034633,-0.096756816,0.13904302,0.12817249
72,0.3289128,0.63195217,0.08044496,0.070848614
73,-0.68376714,-0.14425294,0.047852013,0.039095446
74,-0.21358328,-0.38735235,0.10368223,0.11328149
75,-0.28848323,-0.26382232,0.0879104,0.0807829
76,0.014674116,-0.02654688,0.11718545,0.10399633
77,0.58522624,0.4424601,0.038396318,0.030319666
78,-0.099081635,-0.2547754,0.05065103,0.05115833
79,0.5583627,0.101945505,0.036120437,0.03375253
80,-0.052902408,0.08468759,0.08483998,0.06857281
81,-0.037867032,0.062662706,0.14708291,0.11705041
82,0.00036507472,-0.08230974,0.03109823,0.025377337
83,0.037395176,-0.054745972,0.025505912,0.021761289
84,-0.072893225,-0.23191687,0.13433658,0.11728913
85,-0.150633,0.0071479604,0.048606414,0.03797997
86,-0.046564803,0.006688252,0.0853309,0.070662685
87,-0.15141381,-0.11903784,0.09081457,0.0671899
88,0.046134863,0.018422,0.07688697,0.05372265
89,-0.042833857,-0.10968259,0.2364626,0.22565256
90,-0.06937557,-0.1867404,0.04854702,0.037652534
91,-0.31845605,0.35047546,0.04202875,0.04251269
92,-0.16428146,0.82279396,0.046308946,0.055869456
93,-0.1202243,0.03145767,0.052931197,0.047473855
94,0.13203156,-0.05087696,0.03030957,0.02382613
95,0.3755779,0.24419431,0.03881255,0.030508999
96,-0.031076383,0.05966165,0.1402413,0.13516197
97,-0.1546749,-0.47395024,0.034694806,0.032683253
98,0.017354231,-0.08111516,0.030809171,0.024819508
99,-0.120933786,0.5430909,0.03692958,0.043226406
100,0.14265892,0.12663403,0.15598005,0.12579176
101,0.042395566,-0.025375232,0.03513825,0.028438063
102,-0.19056907,0.072427206,0.1801212,0.105495855
103,0.038515914,-0.03951089,0.048789106,0.036359586
104,0.08879045,-0.44880828,0.04285117,0.043002617
105,0.9468681,-0.017116152,0.054911938,0.042847637
106,0.03117444,0.10568487,0.06377165,0.055548664
107,-0.039991323,0.11687252,0.11625666,0.11472187
108,-0.0761431,-0.038267046,0.26694864,0.22683066
109,0.022550706,-0.07372716,0.04044026,0.034369443
110,0.0046089664,-0.018220529,0.036950607,0.03050335
111,-0.04259511,0.060920246,0.045032945,0.033758394
112,0.019132923,0.008022696,0.032379083,0.026726242
113,-0.5359273,-0.3753269,0.065469936,0.052782297
114,-0.09902798,-0.052915096,0.1014978,0.08156886
115,-0.13959156,0.14827669,0.112727016,0.08831856
116,0.5452987,-0.3189786,0.05392952,0.042061593
117,-0.7185305,0.062123835,0.049692545,0.03723971
118,-0.11199066,0.41707876,0.084389,0.0786222
119,0.013122566,0.04469067,0.025439207,0.019290805
120,0.115921915,-0.21490657,0.028485466,0.02559378
121,-0.014394894,-0.03952962,0.030622356,0.025704116
122,0.41242447,0.3127269,0.063345775,0.066155806
123,0.05533952,-0.17446825,0.06472681,0.06947378
124,0.015671782,0.34339613,0.046658188,0.04021916
125,-0.040651035,-0.034915358,0.04823218,0.040059015
126,-0.20483816,0.02419909,0.16353445,0.12838814
127,-0.4572878,0.26162985,0.056599297,0.052597176
128,-0.021355659,-0.004893847,0.0359414,0.03033259
129,-0.028700095,-0.19993001,0.1254879,0.11228557
130,-0.01625918,-0.120036885,0.15472543,0.12900476
131,-0.08482356,0.21844456,0.028067924,0.025262332
132,-0.022310594,-0.061519325,0.049966212,0.04498001
133,0.024155855,0.036677543,0.031001268,0.025769979
134,-0.012402236,-0.09354843,0.031242436,0.027894184
135,0.02600342,-0.020417713,0.03494694,0.03066379
136,0.021412909,-0.20560858,0.06937016,0.06683103
137,-0.50699157,0.12220766,0.05152991,0.041903295
138,0.13396597,0.09860536,0.04885847,0.040096633
139,0.039207947,-0.13004716,0.10282061,0.08466521
140,0.049945634,0.022325411,0.09229051,0.07387981
141,-0.09670882,-0.015876539,0.031986948,0.026654933
142,-0.14579074,0.41316795,0.060160026,0.06536653
143,0.12177594,0.24681067,0.08216425,0.0802925
144,-0.030939601,0.103860915,0.045324296,0.03889228
145,0.3151233,-0.55159914,0.03218991,0.031755928
146,0.17993565,0.33595425,0.038958635,0.036111556
147,0.25606576,0.45927268,0.07693432,0.0762908
148,-0.33501413,-0.41210648,0.101379104,0.09515231
149,-0.14391977,0.13223839,0.031522475,0.02481454
150,-0.544004,0.0929279,0.044706162,0.03408771
151,-0.28436807,-0.048572302,0.032732416,0.02664733
152,-0.0019358136,0.12268452,0.03989642,0.036098097
153,0.0843029,-0.28875238,0.040536653,0.035455424
154,-0.13785322,0.30162326,0.17734,0.15016761
155,-0.048762925,-0.013332367,0.057260554,0.048669226
156,-0.05850603,-0.021296188,0.037871335,0.029732965
157,-0.16323696,-0.009610951,0.062781,0.05079232
158,0.059736934,-0.11027585,0.07351722,0.06454446
159,0.013216414,0.019057289,0.097913004,0.098872446
160,-0.060617503,0.089487754,0.034522995,0.02874213
161,0.58994836,0.13704784,0.06828049,0.049692307
162,0.00974831,-0.48085663,0.088706315,0.093458824
163,-0.29912734,-0.18311927,0.048418235,0.04460085
164,-0.00095907785,-0.054123342,0.030029884,0.02564853
165,0.6065541,0.34264457,0.04684317,0.042341407
166,0.19458818,-0.030433327,0.08396403,0.057865527
167,-0.038488597,-0.06610486,0.10275284,0.08997547
168,-0.1174591,-0.06013684,0.026832016,0.021150637
169,0.76745766,-0.011757672,0.057472847,0.041902766
170,-0.7725765,0.059388556,0.049556185,0.038201936
171,0.08189741,0.034719232,0.11698028,0.08304996
172,-0.29318947,0.056497023,0.16294494,0.12655777
173,-0.28832743,0.053911578,0.07488439,0.060645975
174,0.024681479,0.028841332,0.052834526,0.04430256
175,-0.07538928,0.030571245,0.07647834,0.07491035
176,0.018339023,0.047971666,0.034535315,0.029683108
177,0.020714238,-0.042105496,0.11470887,0.10943475
178,-0.035716932,-0.13557458,0.10177026,0.097755805
179,0.05463038,0.15160169,0.19265795,0.18946478
180,0.0058285594,-0.0024478212,0.037263967,0.03036865
181,-0.5510798,-0.6011456,0.051500924,0.053157452
182,0.0015945919,-0.21993527,0.11728141,0.10262988
183,0.6329383,0.55945265,0.07481106,0.07817079
184,0.07335281,-0.1309289,0.13713433,0.117101505
185,0.022971962,-0.00782194,0.028707324,0.022958623
186,0.008706398,0.008181006,0.025138741,0.021753706
187,-0.2576279,0.41725397,0.35913932,0.40295348
188,0.11185451,0.15913014,0.04004406,0.036104433
189,-0.16620636,0.6470845,0.102299124,0.09493704
190,-0.23695605,-0.22946501,0.08846237,0.08652632
191,0.06421159,-0.028279476,0.053396016,0.044858888
192,-0.0011872891,0.04888862,0.073363684,0.062470246
193,-0.03426074,-0.0006168783,0.026953401,0.021702077
194,0.00037680566,0.038172495,0.025077477,0.020607097
195,-0.26568714,-0.048457533,0.04921715,0.038281932
196,-0.72695965,-0.11963306,0.046817347,0.041689184
197,-0.60119855,0.29378575,0.23644316,0.23120977
198,0.32116783,-0.08633864,0.19702336,0.1489551
199,0.022654079,0.13075772,0.042349894,0.038045824
200,-0.008113869,-0.01006715,0.02437259,0.020154836
201,-0.30902326,-0.1944409,0.14266287,0.10943673
202,0.18850495,0.08182491,0.057437968,0.058624078
203,-0.016717073,-0.02525343,0.038486946,0.033974785
204,-0.20937549,0.80970514,0.06069834,0.06964468
205,-0.10321441,-0.13807517,0.12792277,0.12787582
206,-0.24507767,0.13211161,0.053852364,0.038309835
207,0.017583303,-0.05146742,0.08924931,0.07202587
208,-0.11260259,0.21572891,0.07275034,0.0747784
209,0.059399802,0.036111537,0.07531248,0.06746104
210,-0.028520223,-0.05281581,0.069039784,0.055018675
211,0.04274224,-0.2458871,0.16642916,0.1663994
212,0.0121024735,-0.15737203,0.10271014,0.097385116
213,-0.088091545,-0.08317965,0.04148737,0.030742196
214,-0.17836034,0.08382058,0.11791266,0.09977901
215,0.028036784,0.12979427,0.028823266,0.025106061
216,-0.12672836,0.037016667,0.058706228,0.063178435
217,-0.113646716,0.04217052,0.06900373,0.057202023
218,0.060944308,-0.07089463,0.07333755,0.06402708
219,-0.11193672,-0.13143472,0.12385535,0.10175618
220,0.02392546,0.09948867,0.091492325,0.077052295
221,-0.0792912,-0.12768963,0.08090903,0.080750346
222,0.07133579,-0.10850291,0.034193795,0.026293099
223,0.16870567,-0.7430004,0.07844885,0.075478874
224,-0.00052562356,-0.4848304,0.05064978,0.054734215
225,-0.049055897,0.19792697,0.035446994,0.030315595
226,-0.05909732,-0.034472093,0.06396916,0.054917384
227,0.31262296,0.1958338,0.04298718,0.035833854
228,-0.13436165,-0.612445,0.081798315,0.078467146
229,-0.1588197,0.22968602,0.035023954,0.0301696
230,-0.052181266,-0.53774166,0.028859517,0.029566742
231,-0.020550173,-0.023621626,0.05259138,0.04554774
232,-0.013440073,0.0059092864,0.038539246,0.034295753
233,0.16281556,0.19057532,0.2368517,0.21935105
234,-0.26855236,0.28424764,0.033060245,0.03261921
235,-0.023243781,0.0155150965,0.032202374,0.028905695
236,0.5416302,-0.32136804,0.043435298,0.0439103
237,0.7590077,-0.545293,0.036246337,0.034836784
238,-0.05650328,-0.10620962,0.047617424,0.039572917
239,0.070929885,-0.028446406,0.064521424,0.052473586
240,-0.009900097,-0.015179686,0.06128605,0.0543133
241,-0.13985965,-0.37576902,0.027640933,0.025991544
242,0.25410098,-0.110709235,0.0921918,0.081047006
243,0.010217797,-0.036982656,0.096174024,0.076889336
244,-0.04784613,-0.019686535,0.06736695,0.06178991
245,-0.057453766,-0.1867452,0.08403417,0.0863612
246,0.07879232,-0.041810125,0.0342863,0.030206693
247,0.015637003,0.54087603,0.08525012,0.086494
248,-0.09487465,0.006421216,0.18070574,0.15381433
249,-0.013924921,0.16121152,0.06695964,0.05698105
250,0.030051898,0.22675243,0.047767233,0.039256096
251,-0.16671327,0.08312242,0.095286705,0.06507565
252,-0.26117185,0.025439098,0.0629468,0.05113425
253,0.064341515,-0.02036433,0.13247338,0.11649795
254,-0.040997084,-0.017494828,0.03990581,0.035206985
255,-0.459006,0.0045737475,0.14779015,0.1369064
256,0.011370745,0.0129683465,0.034232736,0.02691068
257,-0.119976416,-0.22906318,0.035397638,0.03391547
258,0.13372593,0.20662728,0.044623844,0.04063977
259,0.05901726,0.13144511,0.14014098,0.11029084
260,0.07837647,-0.09829,0.07918702,0.061956864
261,0.09988429,0.38575986,0.060002524,0.056653768
262,-0.12549004,-0.31706607,0.3744348,0.43728805
263,-0.2224508,0.31985527,0.042065438,0.039000418
264,0.40917954,0.019679219,0.032159433,0.030424587
265,-0.41356334,-0.4525794,0.04704745,0.048611365
266,-0.3922952,-0.4755074,0.05890608,0.057805117
267,0.06289226,0.028774612,0.055186335,0.052934475
268,-0.44585708,-0.48092386,0.064032115,0.065435186
269,-0.022881342,-0.050611794,0.055092014,0.043099727
270,-0.14191417,-0.036918372,0.036527395,0.029431883
271,-0.016589165,-0.20201054,0.02763421,0.02543196
272,0.08463988,-0.47846577,0.08490731,0.08151086
273,0.03881124,-0.04670216,0.027130233,0.02105198
274,0.08751613,0.24873243,0.12160227,0.09322205
275,0.61867577,0.18473971,0.08313547,0.075705625
276,-0.015838593,-0.038097262,0.03491989,0.032916795
277,0.38407582,0.30090833,0.053668674,0.03792239
278,-0.08386054,0.04411383,0.1583671,0.11783929
279,0.021815773,0.03001012,0.040847752,0.031757224
280,0.050041374,-0.2388868,0.05646534,0.056537934
281,0.0399806,-0.0279738,0.04408764,0.03646573
282,0.29250875,0.06270222,0.06435699,0.049353607
283,0.006055273,-0.051667288,0.023684777,0.021629523
284,-0.025588954,0.034612946,0.048903424,0.041364435
285,-0.028953904,0.02980221,0.029893132,0.025336627
286,-0.052178495,-0.014289372,0.027167935,0.022043595
287,-0.07612561,-0.13809948,0.040569507,0.03688808
288,-0.1809684,0.041855417,0.13021013,0.098512664
289,0.61963254,0.009525739,0.07287692,0.055799574
290,0.12425427,-0.28624427,0.09108462,0.096529886
291,-0.042143162,-0.047064275,0.039495766,0.033821974
292,-0.05154758,0.4572359,0.08414596,0.10303381
293,-0.04444352,-0.025573246,0.037384897,0.030057425
294,0.05501664,0.007953897,0.025993982,0.021528745
295,-0.17664658,-0.042445242,0.035034884,0.027875215
296,-0.23488414,-0.103476405,0.07140566,0.073093645
297,-0.15345159,0.39782092,0.093103155,0.09252458
298,0.11940764,-0.24744171,0.03739638,0.034041822
299,-0.06086164,0.01800415,0.043179356,0.031517908
300,0.041695755,0.032252654,0.039315376,0.029298747
301,0.02479719,-0.081802145,0.039775565,0.036486752
302,-0.124829546,-0.13866688,0.1059684,0.10581449
303,0.044221234,-0.14908366,0.0757901,0.061662525
304,0.09730488,-0.31085694,0.060826797,0.059881918
305,-0.13787949,-0.19504586,0.063371845,0.062937215
306,0.14173865,0.28615743,0.04081616,0.03477815
307,-0.038704045,0.021277241,0.039248556,0.031123525
308,0.08264966,0.021710537,0.06535614,0.06865888
309,-0.3319001,-0.48264328,0.09687305,0.09550064
310,-0.070505366,0.05676065,0.03896471,0.033830535
311,-0.05496441,0.9958776,0.035580114,0.04556936
312,-0.29087526,0.15820213,0.063036904,0.04782045
313,0.034471292,0.036042094,0.09630373,0.08766985
314,0.017478112,0.00019395351,0.065662965,0.05005438
315,0.087385476,0.16804247,0.03619241,0.03299622
316,-0.62349665,-0.3039434,0.052669648,0.042472072
317,0.17952563,-0.052889854,0.2557667,0.20927678
318,-0.26047328,0.33440053,0.0394144,0.03707579
319,-0.11575799,0.079471044,0.050127342,0.04520869
320,0.035152372,-0.076351166,0.0232636,0.02042932
321,-0.061283953,0.025151215,0.06148527,0.042636782
322,0.040648278,0.0068529844,0.025100263,0.021077001
323,-0.13040058,-0.3095899,0.03334658,0.030122707
324,-0.013314862,-0.035513982,0.058854043,0.051338796
325,0.0032459795,0.1284692,0.045242034,0.042964496
326,-0.42179754,-0.24813208,0.060502782,0.05341036
327,-0.5429482,-0.3217038,0.039462302,0.03301835
328,0.020586185,0.5597315,0.09497693,0.10472261
329,-0.16959803,-0.16249505,0.067422226,0.066748515
330,-0.028410101,-0.3160826,0.048453666,0.05047193
331,0.042814348,-0.23578805,0.0391423,0.031339806
332,-0.08004751,-0.013033375,0.065952726,0.048428033
333,0.03283215,0.021898903,0.051598076,0.045993708
334,0.39234582,-0.27007973,0.18122798,0.16468056
335,0.041028168,-0.14313555,0.071819805,0.070615165
336,-0.06117292,-0.14847437,0.057631545,0.051675253
337,0.13190755,-0.018964753,0.048371207,0.040064048
338,-0.23870683,0.03166861,0.037944682,0.031141002
339,-0.23878883,-0.29104158,0.046255227,0.0375277
340,0.5669012,0.46474692,0.075176805,0.06971957
341,-0.01820574,0.007014483,0.03231226,0.024965975
342,-0.35531765,-0.041722193,0.12576652,0.08429589
343,-0.07892214,-0.109552175,0.114755966,0.09317681
344,-0.05449464,-0.13325943,0.08116781,0.06837686
345,-0.033861637,-0.095440224,0.10448129,0.075676255
346,0.27243182,0.45433256,0.08436851,0.09138989
347,0.042763423,0.028254159,0.09938585,0.07072772
348,0.010938376,0.0049455836,0.040888716,0.031211397
349,0.26185423,-0.15537012,0.07297855,0.077780664
350,-0.0753102,0.013803512,0.088933416,0.08503588
351,-0.0046155825,-0.038870513,0.04332172,0.04193397
352,-0.20364177,-0.0065162256,0.07640115,0.06525911
353,0.3803087,-0.044968918,0.11783934,0.10307391
354,-0.01707531,0.019236922,0.047947466,0.03949775
355,-0.23260222,-0.72611594,0.06163279,0.063869335
356,-0.08907439,0.08308916,0.06599201,0.06180559
357,0.0005446039,0.012809716,0.032547228,0.024370987
358,0.30043986,0.35431746,0.16580045,0.1339402
359,-0.044550017,0.03931228,0.09438538,0.09455765
360,0.3567869,-0.09940699,0.060781587,0.045755442
361,0.048264373,0.09326992,0.04505322,0.04147181
362,0.0158684,0.61503065,0.063330665,0.08411411
363,-0.51139677,0.32753515,0.038248323,0.032906722
364,-0.49636453,0.019097716,0.042293783,0.03236132
365,-0.0840338,-0.09678845,0.069582455,0.05541297
366,0.13877256,0.0037243292,0.03637544,0.027830811
367,-0.1272613,0.116927855,0.09912915,0.08355203
368,-0.038322177,0.05326925,0.040505745,0.03241564
369,0.1628406,0.06865606,0.064042844,0.046177696
370,-0.58000237,-0.37236938,0.06302078,0.042837728
371,0.39579973,0.19680592,0.06329183,0.048062004
372,-0.12700933,-0.07958354,0.09321447,0.067655995
373,-0.19238347,0.129036,0.13205592,0.10227071
374,0.43605465,0.39999267,0.07999189,0.08213621
375,-0.007509012,-0.02820979,0.07346073,0.066632666
376,0.012448218,0.0081285015,0.022999646,0.019954154
377,-0.5424931,0.30475637,0.13616769,0.1505715
378,-0.030105414,-0.09979305,0.07804438,0.06615077
379,0.20260368,-0.66018116,0.0653012,0.07763318
380,-0.13574672,0.40894297,0.0394387,0.04245531
381,-0.01717939,-0.025041208,0.050978586,0.042576324
382,0.5702118,-0.34861207,0.061857715,0.056838684
383,0.116274714,0.04940018,0.107473776,0.08243622
384,-0.44165337,0.055664524,0.07487311,0.059522793
385,-0.02363812,0.16369161,0.08757889,0.075303525
386,-0.18415251,-0.07550527,0.15617552,0.11754288
387,0.040469285,0.018622138,0.03234365,0.026482161
388,-0.019407712,0.1501059,0.055614356,0.048882242
389,0.046696004,-0.16089049,0.1417982,0.14155401
390,-0.019287724,-0.0064883083,0.024898188,0.019597799
391,-0.37448397,0.74282074,0.05594762,0.055921476
392,-0.1855436,0.17593902,0.05586319,0.047146108
393,-0.682209,-0.3892189,0.1090517,0.0805878
394,0.05184565,-0.112099335,0.05323688,0.037090983
395,-0.32972297,0.009124175,0.101671934,0.08155231
396,0.1757614,-0.6840743,0.08625038,0.088348836
397,0.2846982,-0.5734689,0.11455516,0.14330873
398,-0.10816382,0.15417853,0.17455152,0.16696447
399,0.05215024,0.02852644,0.08898413,0.07282392
400,-0.15474467,-0.5998812,0.030934582,0.031649712
401,0.087364435,0.20039102,0.09673572,0.07748307
402,0.04749578,0.059581436,0.04943638,0.04080558
403,-0.02942535,-0.027832292,0.038959555,0.031811867
404,0.019112717,-0.009846106,0.061421484,0.048544023
405,-0.0393739,0.053685103,0.06234361,0.04887307
406,0.06654666,0.2268058,0.036912806,0.03733965
407,0.11470719,0.046971023,0.14386764,0.11745662
408,0.05424354,-0.26252687,0.2259537,0.25909802
409,0.46798524,0.11696325,0.062457174,0.048172303
410,-0.15235704,-0.08942884,0.070438534,0.068762176
411,-0.15661304,0.004722722,0.052600995,0.041801844
412,-0.69466007,-0.38438696,0.04176478,0.039432738
413,-0.077316836,0.5893349,0.11339627,0.10863043
414,-0.3237643,-0.686497,0.06821356,0.0819975
415,-0.011772117,0.018369243,0.11434433,0.10081333
416,-0.003466094,0.0059206933,0.05234717,0.040924974
417,-0.0036977082,-0.06563245,0.026136724,0.020739
418,-0.05963519,-0.16955322,0.028579662,0.024757775
419,-0.00704409,0.32497814,0.27864987,0.31039873
420,-0.22893827,-0.06742801,0.06996835,0.046765924
421,-0.2180158,0.15103264,0.083725594,0.06982596
422,0.08896181,-0.1481782,0.089194156,0.073837094
423,0.14106566,0.26994509,0.031372756,0.030493341
424,0.029756997,0.09928615,0.08076115,0.06061959
425,0.5322181,-0.22087577,0.15952872,0.12181443
426,0.016301315,3.5971403e-05,0.031664893,0.025390191
427,0.03643344,-0.40838102,0.07418178,0.086881146
428,-0.06333914,-0.01592131,0.13119413,0.10980066
429,0.038338605,0.031675495,0.06765154,0.051205862
430,0.53404385,-0.1956945,0.20747648,0.1505499
431,0.011784188,0.0349429,0.024029093,0.020338073
432,-0.3107221,-0.08393513,0.09726802,0.073052555
433,-0.026771795,0.017942026,0.054617036,0.040843587
434,-0.043718383,-0.043642253,0.056452613,0.0436684
435,-0.079514876,0.047725856,0.46601957,0.48020446
436,-0.0730363,0.07209983,0.059105553,0.051344417
437,-0.5231783,0.41360176,0.06492411,0.060313005
438,0.03172989,0.2884941,0.26074085,0.21877258
439,-0.08265608,-0.31014633,0.059983328,0.06667367
440,-0.28318593,0.5275314,0.06334733,0.06671947
441,0.07628597,0.0429864,0.05471535,0.04309371
442,-0.36617458,-0.71788275,0.064434916,0.078467034
443,0.058580715,0.016609661,0.04112362,0.036380272
444,-0.13925873,0.0013756827,0.10922016,0.0854275
445,0.036993746,-0.5307312,0.03861438,0.045381792
446,0.0034463666,0.09430904,0.10879758,0.088563934
447,-0.13527687,-0.08459382,0.07598789,0.060208913
448,0.034411136,-0.25565782,0.06523286,0.05933836
449,0.002932202,0.26273167,0.29686776,0.21218155
450,0.34044337,-0.3776946,0.08369215,0.07477227
451,0.3289659,-0.11333369,0.05590726,0.04223711
452,0.03194836,0.76533556,0.04799894,0.04713847
453,0.058054943,0.055099264,0.11411092,0.0980896
454,0.85662675,0.60116196,0.0752615,0.061181355
455,-0.024761936,-0.23717484,0.033440776,0.028567037
456,-0.6488475,0.023252048,0.0583867,0.048931394
457,0.104250416,0.070872016,0.05895879,0.054552242
458,0.49020013,-0.09070498,0.039599005,0.033418305
459,0.25778434,-0.66645443,0.040243667,0.045881763
460,-0.2618204,0.32534036,0.120590374,0.12085135
461,-0.08747024,-0.48848817,0.07392761,0.085373126
462,0.021487188,0.1850214,0.027059458,0.025222337
463,-0.020892905,0.6502416,0.06597259,0.08687051
464,-0.08254174,0.26567724,0.2861761,0.26882124
465,-0.6254006,0.387575,0.05782857,0.04171306
466,0.00612795,0.32060847,0.10748684,0.077604055
467,0.003118001,0.2608833,0.04431872,0.036560874
468,0.0688352,-0.057632953,0.034091607,0.028285945
469,0.030733649,-0.08392425,0.03885051,0.037385948
470,0.09094225,-0.1188207,0.08837278,0.076212175
471,-0.04701882,-0.13647144,0.056522563,0.052336745
472,-0.20814799,0.10679206,0.119475484,0.09956428
473,0.07106511,-0.020213857,0.025701124,0.020032274
474,0.03973971,0.036044754,0.08691114,0.06402042
475,-0.0044774935,-0.025227211,0.11144679,0.0716933
476,0.033097852,-0.009449691,0.11653987,0.1053733
477,-0.29302308,-0.3439117,0.14050588,0.11612417
478,0.08409123,-0.019816801,0.05533568,0.045570504
479,-0.13634834,0.036817566,0.09114741,0.09463104
480,0.16645303,0.197831,0.0694509,0.062297873
481,-0.00085947476,-0.002391003,0.027814977,0.021290824
482,-0.22111529,0.18935272,0.10537164,0.08149561
483,-0.098235846,0.08700711,0.061930105,0.051680654
484,-0.22108527,0.07151079,0.19269755,0.22506948
485,0.046291474,0.009252362,0.06283743,0.046110563
486,-0.08693463,-0.08508612,0.10222206,0.08793653
487,0.052402306,0.031013362,0.05480835,0.040510196
488,0.7315853,0.117096715,0.059804466,0.04990673
489,0.46448275,-0.108102456,0.07357924,0.048506673
490,-0.14181632,-0.01483129,0.13234848,0.12591927
491,-0.1848669,0.006164424,0.05460812,0.04488608
492,0.07653718,-0.04863274,0.046452343,0.038858242
493,0.33393404,-0.047791913,0.19253011,0.19351113
494,0.0054983534,-0.045154378,0.023198377,0.02058411
495,0.20297484,-0.42826822,0.037028957,0.035360307
496,-0.35977325,-0.5156858,0.07773494,0.078432225
497,-0.08681157,0.014154427,0.06660996,0.05652893
498,-0.05906142,0.07041296,0.061367117,0.06349443
499,-0.21552302,-0.1187709,0.14278534,0.09841805
500,-0.007549491,0.2522484,0.045781154,0.038885992
501,-0.09152001,0.044407558,0.056560878,0.043703336
502,-0.078941986,0.16687007,0.058194842,0.053422675
503,0.4592931,0.16998614,0.07128488,0.063331775
504,0.03053547,0.12721322,0.033962443,0.028026078
505,-0.30438122,0.58396757,0.110878564,0.10256788
506,-0.027273703,-0.01318837,0.044093687,0.034521278
507,-0.18394051,0.18607739,0.14788608,0.108839236
508,0.63098574,0.46883982,0.044409372,0.05363592
509,-0.057411313,0.5154818,0.06111785,0.076773226
510,-0.38738865,0.10436746,0.07513788,0.053416815
511,0.06611936,-0.100402,0.06088255,0.053961843
512,-0.026653161,-0.22309604,0.109248266,0.110867955
513,0.049142268,-0.40266225,0.061930105,0.059675295
514,-0.029219637,0.03170584,0.072531395,0.059981395
515,-0.1597354,0.054941043,0.07047987,0.05575449
516,0.082849964,-0.12510672,0.056237616,0.049001418
517,0.077516794,-0.91084754,0.0675975,0.095567144
518,0.32126674,-0.16240713,0.08565103,0.08455224
519,0.036801893,0.035278734,0.04748397,0.041089434
520,-0.3065101,-0.6353463,0.039399046,0.046706133
521,0.044296194,-0.01564382,0.07616278,0.07474979
522,-0.04688538,-0.12166636,0.07315995,0.066613145
523,0.0063510127,0.027780026,0.05813455,0.042041592
524,0.08986628,0.15049383,0.06829797,0.061206635
525,-0.14499766,-0.009238608,0.1451416,0.15183409
526,-0.11116929,0.6260525,0.049400296,0.053826556
527,-0.6597947,0.37210253,0.045411106,0.049298275
528,0.517435,-0.037306264,0.041476507,0.034716945
529,0.22765088,-0.05746445,0.080135815,0.065127835
530,0.03679155,0.13903531,0.23541422,0.25226557
531,-0.04485291,0.021756805,0.03303649,0.022192832
532,0.09753013,-0.35498175,0.032138187,0.029502006
533,-0.3339648,-0.057702735,0.12821926,0.09287318
534,-0.35269195,-0.31155452,0.3379561,0.25158712
535,-0.6317847,0.51749897,0.047077022,0.036454458
536,0.09171136,-0.43327102,0.08240098,0.08596853
537,-0.12453145,-0.24665016,0.030476669,0.027903084
538,-0.06861815,-0.3017324,0.06263388,0.06008867
539,0.24058843,-0.3354805,0.12405587,0.10417207
540,-0.28053102,-0.026466489,0.14452112,0.1456336
541,-0.0023940299,-0.024432138,0.045533326,0.034508687
542,0.10565847,0.15982214,0.03829926,0.031554457
543,-0.46968442,-0.55571187,0.03815687,0.041137397
544,0.004645318,-0.12326738,0.044344835,0.03652484
545,-0.35445538,-0.42414156,0.11394881,0.118284084
546,-0.32366818,0.25255293,0.06650265,0.04795994
547,0.061828513,0.035908267,0.08623552,0.082278885
548,0.01649696,0.016596459,0.027647663,0.022954874
549,-0.04017919,-0.06422944,0.064550914,0.058354493
550,0.40048084,0.728444,0.043261666,0.04376352
551,-0.0452459,-0.070750505,0.106747955,0.089686796
552,-0.06110619,-0.2827672,0.14071654,0.13519196
553,-0.016457606,0.4396215,0.04419486,0.04589957
554,0.006387554,0.25441536,0.07519483,0.08002518
555,-0.3382754,0.052843574,0.03863284,0.029113766
556,0.024885658,-0.15637127,0.03541156,0.029766118
557,-0.18931216,0.669296,0.06871863,0.075494364
558,0.23986173,0.69050145,0.08557607,0.09675258
559,0.040345397,0.6020534,0.07337455,0.079295374
560,-0.19572182,0.2868665,0.06663639,0.058223035
561,-0.037385456,-0.040517583,0.060196288,0.058697373
562,0.16125494,0.047101274,0.10691677,0.107116535
563,-0.60428953,0.112383395,0.04025329,0.034264237
564,-0.064631134,-0.22127491,0.13210335,0.12712362
565,-0.07082547,-0.12200783,0.055437863,0.051184
566,-0.3332592,-0.13337654,0.049743693,0.040962752
567,0.089154884,0.03085637,0.04245627,0.0368353
568,-0.30788377,-0.18233675,0.049408242,0.038675096
569,0.06368449,-0.1779274,0.028046135,0.022865131
570,-0.09002237,-0.0012632757,0.039839145,0.02929533
571,-0.36643896,0.33844936,0.056523807,0.043777186
572,0.06936762,-0.15037069,0.03633164,0.033459216
573,0.24665493,-0.1221775,0.10120135,0.077041954
574,0.018400993,0.029531345,0.15118043,0.1256455
575,0.05871213,-0.60450256,0.13696885,0.16249888
576,-0.45462653,0.18089145,0.11804319,0.09464696
577,0.33610618,0.40943575,0.061326187,0.04632605
578,-0.036511604,0.11969131,0.03847295,0.032784935
579,-0.19908798,0.01402875,0.026441066,0.020815942
580,0.9263196,0.34278256,0.043739215,0.04892707
581,0.13763934,-0.23429558,0.03146876,0.026786068
582,0.051633667,0.014840536,0.076891154,0.05369232
583,0.03440277,-0.4318383,0.031630352,0.031509824
584,0.16804996,0.4109968,0.27971053,0.29957235
585,0.0184449,0.04173937,0.028588697,0.02250354
586,0.016970586,-0.18852043,0.058037367,0.051349282
587,0.014605377,0.012669452,0.06305168,0.055821765
588,0.05608781,0.02821748,0.14531809,0.1288598
589,-0.02701905,-0.060701504,0.024513232,0.021270758
590,-0.016203938,-0.0139910355,0.034534052,0.02964587
591,0.482698,-0.38141653,0.0723704,0.056150243
592,0.29607522,-0.58063054,0.054881804,0.051303957
593,0.11583792,-0.06882116,0.057116896,0.045619253
594,-0.12974629,-0.22776571,0.068960555,0.053981386
595,0.13100393,-0.23665276,0.09373042,0.08056128
596,0.3992603,0.5273776,0.038922857,0.034911327
597,-0.030021897,-0.47075078,0.0985811,0.111259736
598,0.03765625,-0.123189345,0.069198966,0.056393493
599,-0.0027952679,0.09400136,0.058825713,0.049406834
600,0.72531253,-0.0945577,0.050988678,0.049632605
601,-0.030596182,-0.19177648,0.033720315,0.029704506
602,0.048435476,-0.06604253,0.049838632,0.046082146
603,0.070802525,0.058725808,0.045400288,0.03729043
604,-0.12929285,-0.12553915,0.1367315,0.13003203
605,0.019716185,0.26170567,0.027191026,0.025319852
606,-0.00088689476,0.059996706,0.051362667,0.044337768
607,-0.057567462,0.097604,0.020995937,0.019069802
608,0.07403898,0.029157385,0.080086745,0.0591065
609,-0.1185022,0.05394517,0.047468178,0.04315217
610,-0.08821496,0.043618374,0.074541554,0.05113802
611,-0.010154337,-0.017806843,0.07918196,0.062525384
612,-0.05042129,-0.21624082,0.040919386,0.04396856
613,-0.4960619,0.38901708,0.18296288,0.14467989
614,-0.09094791,0.13491365,0.04109662,0.033756502
615,0.013709366,0.028821789,0.038000576,0.030520512
616,0.17249718,-0.10637586,0.06513211,0.055978607
617,0.05086221,0.072694674,0.1083897,0.088604495
618,-0.01464178,-0.008999668,0.032928295,0.027148198
619,-0.027877836,-0.080064595,0.056526847,0.048863467
620,0.191318,0.039543252,0.17657584,0.1347918
621,0.17200093,-0.16923511,0.04610007,0.03915684
622,0.16968194,-0.1501766,0.033722505,0.03086743
623,-0.007629795,-0.09458654,0.06393449,0.05223783
624,0.01003344,-0.06006591,0.093957126,0.07799582
625,-0.05931355,0.034979653,0.083096415,0.069079325
626,0.39180884,0.6794658,0.034903195,0.04125708
627,-0.7252717,0.21898396,0.095046945,0.068616726
628,0.58642447,-0.5490055,0.17141253,0.17258905
629,-0.18955171,-0.17982677,0.04172145,0.032182805
630,0.059196737,-0.047780424,0.14766191,0.16283801
631,-0.059153277,0.0007081777,0.07026231,0.056570336
632,-0.106907666,0.14699541,0.08252963,0.060058054
633,0.008144841,-0.16770858,0.037449088,0.03412254
634,-0.01156793,-0.14567657,0.047312643,0.043067124
635,0.14394407,-0.111583635,0.033034183,0.026166333
636,0.064875945,-0.0036490634,0.025336467,0.01985816
637,-0.5393978,0.18423131,0.046928253,0.038837954
638,-0.007808931,0.11359212,0.074389406,0.06430946
639,0.10211198,-0.01251857,0.11136606,0.101239175
640,0.0652647,0.04383467,0.103345476,0.087487765
641,-0.04379381,0.136793,0.12444415,0.117776394
642,-0.19878139,0.13113101,0.030537143,0.02403473
643,-0.026578195,-0.041019797,0.13460638,0.12361994
644,0.80341995,-0.30431297,0.04767142,0.039013006
645,-0.30635038,-0.046646714,0.10380938,0.09202695
646,-0.114172876,-0.07300536,0.0902674,0.07661396
647,-0.23829311,0.3284972,0.04595093,0.042399846
648,-0.1672554,0.117423594,0.040178284,0.030416552
649,0.14856794,0.13379246,0.06385118,0.049532905
650,0.13682401,0.7837446,0.050915603,0.054155014
651,0.014393065,-0.07774353,0.05367918,0.051833007
652,-0.035369754,0.014910027,0.034967434,0.028382171
653,-0.009901892,0.015088752,0.04653314,0.03882698
654,-0.02171693,0.0044287816,0.050462782,0.043813065
655,0.019656472,-0.00053809583,0.03038138,0.023746818
656,-0.0049170256,-0.01141452,0.029606503,0.025934435
657,0.00976811,3.002584e-06,0.05236923,0.046155713
658,-0.18271953,0.04723693,0.099082835,0.08365611
659,-0.10186267,-0.32015595,0.062180065,0.05784483
660,-0.0030198786,0.01590518,0.060378894,0.050807673
661,0.0076513886,-0.043797478,0.041973196,0.03349829
662,0.38079447,0.14833194,0.03912854,0.031477448
663,0.012215242,-0.15746996,0.056495987,0.050826702
664,-0.023748063,0.01591555,0.034835737,0.028063387
665,-0.006414704,-0.04337983,0.04684886,0.042028084
666,-0.23637442,0.1536333,0.052016992,0.040438615
667,0.22327125,-0.15057431,0.065765224,0.05173592
668,-0.17901553,-0.085840836,0.0278115,0.02154346
669,0.005461231,0.009204954,0.022740284,0.018473243
670,0.66535527,-0.29812568,0.079537295,0.07715919
671,-0.022396408,-0.009619698,0.06887543,0.05623488
672,-0.21077609,-0.16689941,0.026755417,0.02388526
673,-0.009357179,0.0021136329,0.028822338,0.022040509
674,0.51315343,0.6289035,0.082928985,0.07803926
675,-0.015600948,-0.16809097,0.08693781,0.071654856
676,0.093434006,0.0002457276,0.032109562,0.028573738
677,0.0112233795,-0.011049733,0.030503262,0.024220573
678,-0.11729285,0.26838118,0.057859734,0.054457914
679,-0.31052253,-0.12561901,0.034265336,0.027667003
680,-0.048412398,-0.08697845,0.047456346,0.04005922
681,0.5100076,-0.029804043,0.06267419,0.04203662
682,-0.19881417,0.053139552,0.09322665,0.081294864
683,-0.08419263,-0.051879898,0.049487203,0.04341323
684,-0.28713626,-0.5813625,0.052156173,0.05687982
685,-0.112699494,-0.4608607,0.03398572,0.039232712
686,0.05609267,-0.05118957,0.07957109,0.08851009
687,-0.2313934,0.08576691,0.03361197,0.026456363
688,0.009684924,0.003108278,0.03050997,0.02598994
689,-0.7477666,0.2056014,0.051461983,0.038687
690,0.17498545,-0.4418886,0.041747864,0.037515882
691,0.06949897,0.3023908,0.13054235,0.12979747
692,-0.024894143,-0.034651414,0.11177839,0.082893364
693,0.010868959,0.11756473,0.07850296,0.065859705
694,-0.08356765,-0.0037350506,0.056548607,0.04759022
695,-0.04231547,0.12966882,0.07336978,0.071957044
696,0.0039616004,0.09237677,0.03192299,0.025739934
697,-0.32799238,-0.36223465,0.037609607,0.03815686
698,-0.14777476,0.068364106,0.037448168,0.029965008
699,-0.26064423,-0.10071315,0.082260326,0.06649437
700,-0.073618844,-0.23021773,0.027028129,0.02494309
701,0.24888504,-0.05872725,0.05579521,0.044154555
702,-0.0011906195,0.025131404,0.033529315,0.02733938
703,-0.07739354,0.10148067,0.06301361,0.07386726
704,0.35724366,-0.24920464,0.050886262,0.046242777
705,0.068152204,0.11874135,0.16659044,0.17378128
706,-0.006871259,-0.002169706,0.04267584,0.031296283
707,-0.14661874,0.004501693,0.1509619,0.11447803
708,-0.4241393,-0.673298,0.05726934,0.068161845
709,-0.107079476,-0.05841683,0.03261819,0.026179835
710,0.048289943,0.08528277,0.02734322,0.022515472
711,-0.116405144,0.15559654,0.029491924,0.023999672
712,-0.22314239,-0.53811276,0.037305657,0.03574794
713,-0.0046563745,-0.0134461075,0.033472598,0.02787778
714,-0.37188336,0.40895858,0.06490267,0.05843864
715,-0.040540032,0.041068327,0.14188394,0.12395434
716,0.079966664,-0.6785717,0.042431932,0.04958659
717,-0.07898168,-0.061249107,0.065097935,0.060990505
718,0.08284618,-0.7888806,0.04242896,0.0482227
719,0.14070731,0.009307511,0.24268188,0.24549408
720,0.46752432,-0.5980004,0.050084595,0.044606604
721,0.04753219,0.033945896,0.03159686,0.026336992
722,0.07921475,0.065989636,0.039475936,0.028507076
723,0.1414249,-0.08528635,0.045482993,0.037406888
724,-0.19615434,-0.37114447,0.03874214,0.034697227
725,0.20320348,-0.18092388,0.072524406,0.07973046
726,0.15344307,-0.5590764,0.060320083,0.06904614
727,0.41466895,-0.1781041,0.07790875,0.07037415
728,0.022345737,0.07532063,0.0776477,0.0735638
729,-0.32436508,0.22159347,0.18666342,0.121867664
730,0.10672136,0.012136951,0.09587112,0.077636145
731,0.01108643,-0.043005154,0.023647992,0.019274611
732,-0.069342,0.025743105,0.037561845,0.031142138
733,0.11944787,-0.21220773,0.038788356,0.03652547
734,-0.028607713,-0.05822976,0.11181453,0.118335225
735,-0.47994578,-0.20051816,0.091594264,0.07147461
736,-0.067235634,-0.07597116,0.095611244,0.106953226
737,0.078921914,0.22636108,0.027720481,0.024649614
738,0.082476154,0.7094145,0.079508014,0.0915613
739,0.108459845,-0.120435864,0.041278977,0.03251069
740,-0.24587664,0.27381882,0.03386599,0.029981857
741,-0.3256307,0.10439625,0.03435484,0.026160832
742,0.019018449,-0.075807005,0.02972663,0.024731362
743,0.033266652,-0.008775689,0.04385708,0.0320458
744,0.009874985,-0.02577971,0.035337225,0.027219228
745,-0.1650682,-0.23645201,0.067739874,0.06423351
746,-0.14981748,-0.003878288,0.05466795,0.0468476
747,-0.020327106,-0.0708005,0.052027863,0.04341069
748,0.07723458,0.42197338,0.15221438,0.12615651
749,-0.27653968,0.6902702,0.04562537,0.04270111
750,0.14967975,-0.11472426,0.38080698,0.37168172
751,-0.02123927,0.11539392,0.06548478,0.06814234
752,-0.40360963,0.5553564,0.15000816,0.17148906
753,-0.47273886,0.15986091,0.063690014,0.048224293
754,0.056128923,0.084693186,0.034984127,0.029735971
755,0.16709216,-0.043553576,0.07547487,0.06732675
756,0.256994,-0.5337496,0.09054663,0.07601156
757,0.21975645,0.56850517,0.04014427,0.048682835
758,0.11761692,0.26131648,0.09710587,0.09553062
759,0.21337749,-0.09034781,0.13578634,0.120003276
760,0.0009002723,-0.007831246,0.028465655,0.022797726
761,0.13160264,-0.5456722,0.06536195,0.0797964
762,0.097359434,0.048239768,0.04029577,0.03618189
763,-0.0010330155,0.0058086887,0.08223267,0.07261667
764,-0.16541551,0.0067982376,0.10668291,0.08218589
765,-0.08050236,0.33975017,0.04297748,0.044012588
766,-0.008275781,-0.008751415,0.038245223,0.032916095
767,-0.6373254,0.08181776,0.034399763,0.033182964
768,0.13258411,-0.18666908,0.028496822,0.02636224
769,-0.42977893,0.067912884,0.1393935,0.10394681
770,-0.037005976,-0.036113575,0.050033905,0.03911535
771,-0.2840416,-0.64351,0.04972952,0.048098408
772,0.36762223,-0.4961218,0.08971173,0.091875665
773,-0.6574161,-0.15084367,0.054195818,0.037431527
774,0.414313,0.55515146,0.07587784,0.07325214
775,-0.002105195,-0.008443326,0.040616896,0.032735027
776,0.043025855,-0.03892857,0.0277039,0.021556303
777,-0.230873,0.20884752,0.04428462,0.041049976
778,0.0322141,-0.2791045,0.05415268,0.05472584
779,0.40472525,-0.5998721,0.045292974,0.04094516
780,-0.13205396,0.063837975,0.05710812,0.046714675
781,0.0016195737,-0.04477966,0.030643396,0.024909165
782,-0.09776726,-0.031454116,0.05616616,0.041717805
783,0.21383667,-0.06179659,0.056831095,0.040719572
784,-0.3740636,0.5319707,0.03973054,0.040299594
785,-0.29613945,-0.7298068,0.03737617,0.041758273
786,-0.05163704,-0.32359907,0.077942386,0.076022185
787,0.0059691444,0.0034764335,0.036391415,0.028898796
788,-0.09392418,0.018222392,0.061858162,0.046221413
789,-0.017897164,-0.10871798,0.097480096,0.09301678
790,0.17180441,-0.17859238,0.026621938,0.023897387
791,-0.008436423,0.04167353,0.045875564,0.039775446
792,0.12544073,-0.021755971,0.07180981,0.06391018
793,-0.5430214,0.04155394,0.19610901,0.13921355
794,0.016044531,0.0035595223,0.0372542,0.029670449
795,0.21851295,0.08505304,0.13551268,0.1040965
796,-0.005894905,-0.16326025,0.0478986,0.047000628
797,-0.04424076,0.064339764,0.07752216,0.07530546
798,0.08327074,-0.03647718,0.060773958,0.05118574
799,-0.0011547711,0.33849585,0.03616068,0.031532403
800,0.25765353,-0.3996677,0.041200276,0.037118685
801,-0.07856752,0.02074989,0.05417402,0.04080467
802,-0.008395297,-0.040764928,0.05484107,0.05477973
803,0.07227248,0.3167649,0.16648085,0.15193392
804,0.048237752,-0.07607098,0.06042905,0.046960577
805,-0.48792773,0.26769024,0.0665988,0.0513724
806,-0.0925509,-0.19337565,0.03424794,0.03268301
807,0.22909409,-0.67993176,0.09082873,0.08218916
808,-0.05640003,0.16142446,0.030709757,0.024901995
809,-0.72918224,0.2804118,0.054181136,0.040444724
810,-0.06430054,-0.04705417,0.026846059,0.023386605
811,0.015684292,-0.07757732,0.05326536,0.05237539
812,0.021863073,-0.027697712,0.05524454,0.039613172
813,0.47637352,0.35367516,0.03732518,0.04185146
814,-0.018660396,0.01314792,0.035497397,0.030166835
815,-0.1771282,0.1193593,0.05074508,0.037775688
816,0.023391433,0.008606583,0.02640264,0.02372307
817,0.014309231,0.037167713,0.05655085,0.054241933
818,0.064463034,-0.16678593,0.035914026,0.030405324
819,-0.0017758142,0.021832056,0.026750542,0.021788632
820,0.20229094,0.50477856,0.0761651,0.061651886
821,-0.017102156,-0.023332596,0.037439786,0.028715855
822,0.26746863,-0.055634826,0.053356804,0.04618696
823,-0.400053,0.6697347,0.063378885,0.07269294
824,-0.17012212,-0.048785985,0.1140186,0.08772669
825,-0.13543576,-0.4025545,0.09112794,0.08278783
826,0.04110114,-0.005652502,0.026979743,0.021086963
827,0.13244638,0.45134556,0.061710905,0.06479681
828,0.09861125,-0.19486707,0.04658787,0.047483396
829,-0.12737866,-0.10682607,0.08544737,0.07195215
830,0.026211292,0.14080325,0.03045782,0.027980808
831,-0.09940253,0.01844009,0.12217709,0.11190933
832,-0.036900897,0.09994417,0.054549534,0.0411669
833,-0.0010233987,-0.034177244,0.08986464,0.07909926
834,-0.02861855,-0.057174608,0.042349894,0.030933963
835,0.13736726,0.047130484,0.032138076,0.026726725
836,0.03155354,0.10698937,0.06667654,0.068851694
837,0.17710695,-0.038346663,0.04642401,0.03392876
838,-0.27109945,-0.46926484,0.045188945,0.04784695
839,0.18252037,-0.2551433,0.03305275,0.033906452
840,-0.7438257,-0.10952398,0.088793695,0.062411945
841,0.3647568,0.14569397,0.034044594,0.030034505
842,-0.024584971,-0.1487144,0.06252772,0.06810207
843,-0.31057262,-0.17817038,0.07133051,0.06314522
844,-0.12777743,-0.007964358,0.03121228,0.025503656
845,-0.05367931,-0.036527693,0.07216224,0.068597205
846,0.13384193,-0.70395005,0.040410496,0.047416057
847,-0.005906757,0.02408208,0.031230649,0.026135972
848,-0.08309363,-0.12450042,0.09934861,0.097336754
849,-0.12985435,0.03014443,0.12530732,0.09378383
850,-0.019201767,0.030951262,0.034658533,0.029959999
851,-0.35866812,0.28319055,0.047013104,0.04608418
852,-0.100767806,-0.2448523,0.11858374,0.11267638
853,-0.170218,-0.15559375,0.1086882,0.11208848
854,0.10270387,0.15249348,0.04898959,0.037312776
855,-0.63002473,-0.53787756,0.07676067,0.09048654
856,0.026354209,-0.03520322,0.036803193,0.033287093
857,0.04420091,0.01992257,0.075137995,0.065115936
858,-0.025620772,0.035450418,0.04173506,0.03560915
859,-0.0510414,0.031600483,0.06627443,0.06343219
860,-0.10752013,-0.058835983,0.065836765,0.050317816
861,0.07299055,-0.08573711,0.03676275,0.030227844
862,0.17274295,0.083888106,0.097738944,0.07922509
863,-0.48372763,-0.15787777,0.0557925,0.04768405
864,0.0010476299,0.09935974,0.054992836,0.041896522
865,-0.0677717,0.01036644,0.043398205,0.036433876
866,-0.5785925,-0.6816311,0.124436356,0.14533971
867,-0.00868533,-0.08797446,0.09530405,0.08983797
868,-0.18216743,-0.34525338,0.05505524,0.050446298
869,-0.7387145,0.11792259,0.115608215,0.10406661
870,-0.11771634,-0.09530926,0.07321124,0.055501156
871,-0.11599751,0.62905,0.050852273,0.044154216
872,-0.13282558,-0.06041439,0.06595798,0.057740517
873,-0.016182125,0.018809274,0.03157561,0.026432596
874,-0.4930967,0.15677977,0.034902047,0.027870601
875,-0.01622108,0.019988634,0.035601165,0.03771919
876,-0.029497277,0.103463314,0.035490375,0.03511593
877,0.022157408,-0.06642029,0.029246628,0.023930935
878,-0.03969479,0.021734722,0.03945394,0.032182172
879,-0.41691002,0.67111504,0.063374974,0.07081686
880,-0.0045992006,0.00027775764,0.03384732,0.025277816
881,0.003372278,-0.01214844,0.14700884,0.15437391
882,0.29281092,-0.4278607,0.1513608,0.15118673
883,-0.3645859,-0.15843618,0.10396959,0.076037645
884,0.08079375,0.046836052,0.03690327,0.029638257
885,0.045451727,0.02284544,0.037770208,0.030822624
886,0.1571025,0.1653539,0.07299926,0.07407948
887,0.4440206,0.7405776,0.049592484,0.06270965
888,0.19645101,0.067175925,0.061795067,0.0445481
889,0.7269405,-0.13105966,0.057459455,0.05188439
890,0.02755497,-0.24518424,0.17325465,0.1645442
891,-0.15664022,0.060162924,0.042081784,0.030398011
892,-0.0048007835,-0.021495715,0.0416238,0.034244586
893,-0.033426978,-0.031891078,0.055677723,0.04617531
894,-0.20954414,-0.36052582,0.053034537,0.054356445
895,0.08265172,0.12548041,0.029403491,0.023595706
896,-0.028647128,-0.023359343,0.06239524,0.05251936
897,-0.0067290366,-0.008109927,0.03822365,0.029397584
898,0.09315744,-0.023113392,0.08151926,0.057941377
899,0.17938384,-0.8523282,0.04839779,0.07023864
900,-0.33435875,0.36471242,0.044959206,0.039283335
901,-0.48468444,-0.07212412,0.058525108,0.042287648
902,0.0119281225,-0.046626642,0.03641912,0.029484347
903,0.34689012,-0.23400497,0.04490564,0.034844093
904,0.15300825,-0.040178746,0.04084661,0.031223986
905,0.111960575,0.40535906,0.045049343,0.03950079
906,0.23884287,-0.34180242,0.067336634,0.07404588
907,-0.118464336,-0.09397511,0.12634167,0.10519769
908,0.0014943443,-0.09406462,0.072130635,0.049899593
909,-0.07171722,0.041129664,0.057913397,0.054447073
910,0.015796632,-0.027907506,0.04174077,0.035461802
911,0.11318603,0.011173941,0.051370367,0.047280524
912,0.08122955,-0.06696956,0.06350823,0.055703793
913,-0.10435124,-0.19537914,0.026013615,0.024281599
914,-0.10272384,-0.05470878,0.09373736,0.074714586
915,-0.04847937,-0.07221022,0.04763312,0.044996336
916,-0.0036277827,0.029612832,0.026076334,0.02243574
917,0.022939,-0.13837092,0.03738788,0.03428895
918,0.01808833,-0.011122763,0.04989624,0.039170146
919,0.03348423,0.055167858,0.03888525,0.030151447
920,0.047973868,-0.087950066,0.11083568,0.09223046
921,0.36188495,-0.100416854,0.07447849,0.05368296
922,-0.16501528,-0.10753825,0.14859377,0.13051091
923,0.64445794,0.17074022,0.05195905,0.04307865
924,-0.0564315,0.017909497,0.04933369,0.041690703
925,0.09600848,0.26006937,0.051984407,0.050239995
926,0.7533375,-0.02952969,0.050969865,0.04760909
927,0.004474122,-0.0015219375,0.049277976,0.044120032
928,0.21232188,0.20712748,0.061192982,0.054539308
929,0.3908027,0.15051602,0.06994612,0.05240251
930,0.057888184,-0.16756105,0.0866568,0.07174799
931,-0.77555025,-0.37524825,0.07979268,0.08790324
932,0.1491666,-0.1728237,0.087622456,0.076993585
933,0.3709073,-0.18686646,0.043305393,0.039960474
934,-0.027272057,-0.019378044,0.07291449,0.06262081
935,0.066529915,-0.021803275,0.034033075,0.026978554
936,0.019684117,-0.41755828,0.04568869,0.047227744
937,0.0036326908,-0.0054834187,0.03533653,0.032373413
938,0.48035374,0.41860434,0.048186395,0.046311814
939,0.04285461,-0.12233749,0.0983149,0.08827614
940,0.36111882,-0.04040669,0.07256276,0.05394209
941,0.09388484,-0.37446707,0.10229308,0.10502709
942,-0.011487182,-0.05472906,0.025440948,0.021474345
943,-0.13934557,-0.030342326,0.035575397,0.027704833
944,-0.28269932,0.36816734,0.1703694,0.20208095
945,-0.004082255,-0.01225879,0.054669753,0.038739562
946,-0.2839067,0.46010435,0.053858463,0.05105649
947,0.23910865,0.1673423,0.038872067,0.03345452
948,-0.18626626,-0.04384707,0.07142041,0.056894604
949,-0.03533814,-0.053161502,0.042598277,0.037342522
950,-0.02860858,0.027322277,0.1265002,0.121344864
951,-0.13415492,0.10953189,0.034494434,0.033022225
952,0.20531824,-0.013839424,0.063134715,0.046348516
953,-0.2370778,-0.4623551,0.10371255,0.118435904
954,-0.008227982,-0.007787116,0.053308427,0.05344585
955,0.07579665,0.032880243,0.07202658,0.05153542
956,0.15831783,-0.06642401,0.14993869,0.14146115
957,-0.14015754,-0.17139235,0.041896604,0.037240844
958,0.09461649,-0.044446602,0.055324055,0.048830107
959,-0.023385765,-0.023143783,0.058463275,0.04838575
960,-0.017443277,-0.027480543,0.02653255,0.021584976
961,-0.11981507,-0.22337803,0.07277462,0.061194047
962,-0.18954237,-0.4278747,0.03105755,0.027503049
963,0.2950481,-0.032654747,0.15121026,0.13852811
964,0.13630863,-0.37492424,0.06370388,0.064880066
965,-0.7460607,-0.09967242,0.062659636,0.056439128
966,-0.04266539,-0.06266016,0.029089626,0.023755642
967,0.015513696,-0.20016742,0.25079042,0.21178441
968,-0.057437345,0.09306674,0.063645035,0.047024198
969,-0.2455175,-0.05262442,0.14879411,0.12450217
970,0.11515288,-0.124971405,0.084653124,0.073202364
971,-0.01436902,0.22749406,0.029681496,0.024704251
972,0.041529287,0.010145739,0.031508032,0.025463788
973,-0.038524903,0.1850552,0.104719214,0.09814134
974,-0.09274362,-0.08294842,0.02506143,0.020434488
975,-0.011369467,0.047766566,0.049375106,0.04832102
976,0.03319372,-0.27220735,0.09624992,0.09520828
977,-0.09489621,-0.13659231,0.047795415,0.04816512
978,0.11212005,-0.25914904,0.12712197,0.1321388
979,-0.3790905,0.3027373,0.11412452,0.0902262
980,-0.056348294,0.06125661,0.054520644,0.05374439
981,0.014422551,-0.00357496,0.0715759,0.061777968
982,-0.032312423,0.25186813,0.06650635,0.05496463
983,-0.24669388,-0.17740488,0.035270832,0.029972937
984,-0.05301434,0.48124442,0.15709074,0.16366184
985,-0.13138945,-0.0055408403,0.089954525,0.084398896
986,-0.021537744,0.014169738,0.03640521,0.031126173
987,0.02724794,-0.043697834,0.03876508,0.033941496
988,-0.033041254,0.019575045,0.043731913,0.032564953
989,-0.10473105,-0.31814164,0.070687264,0.062756054
990,0.05741782,-0.062546805,0.13269618,0.12975925
991,-0.015223006,0.022051886,0.028235517,0.023617463
992,0.0043274947,0.03531317,0.04934867,0.042841304
993,-0.03619961,0.12900048,0.13969532,0.095381275
994,-0.0010919161,0.031710573,0.044145472,0.039582383
995,0.093676984,0.17467634,0.039778773,0.037042048
996,0.22088888,0.5872922,0.28181866,0.31925678
997,-0.010713216,-0.07668729,0.14375779,0.12924749
998,-0.24646749,0.16354895,0.11313845,0.09272391
999,-0.014098419,-0.025390282,0.038540166,0.031965617
1000,-0.2985193,0.19714761,0.043489512,0.03655203
1001,-0.6552826,0.30404156,0.059904628,0.048151877
1002,-0.52968824,0.3075381,0.10225995,0.1091979
1003,0.13113694,0.013969071,0.0535419,0.0399215
1004,-0.0053795297,-0.035879955,0.023996504,0.02052874
1005,0.106357336,0.8612225,0.038909793,0.04591452
1006,0.0267541,0.028801046,0.069628716,0.058726635
1007,-0.08187705,-0.24196166,0.024882842,0.023390397
1008,0.28760436,0.09520664,0.13178949,0.10446668
1009,-0.28408024,-0.047532007,0.19032621,0.16767082
1010,-0.026373478,-0.17410061,0.07813082,0.078277946
1011,-0.26350248,-0.16056198,0.027814861,0.023802735
1012,0.021343753,0.0005581379,0.03911272,0.036664877
1013,-0.60342324,0.16281421,0.061228756,0.04596781
1014,-0.032993186,0.31113338,0.032077122,0.031357456
1015,0.10809502,-0.2583746,0.12714708,0.10368079
1016,-0.053323157,0.11889156,0.096773066,0.09486183
1017,-0.027270338,-0.14531586,0.056743927,0.043711327
1018,0.10123941,-0.20135593,0.05094041,0.036831077
1019,0.08429983,-0.07059272,0.066806786,0.068054855
1020,-0.5674786,-0.19925284,0.058772214,0.04829125
1021,0.11009641,0.2969826,0.058599655,0.06671521
1022,-0.2522835,0.8886738,0.06753265,0.060208697
1023,-0.08823666,0.045324605,0.075549155,0.05622059
1024,-0.08043356,-0.156205,0.054938342,0.049593538
1025,-0.10493742,0.033561204,0.09823452,0.07922979
1026,0.16544217,0.2060248,0.2003128,0.19283321
1027,0.001635287,0.0108343735,0.042739127,0.03244248
1028,-0.13796307,0.031801105,0.06658509,0.05236819
1029,-0.04686423,-0.024397835,0.038595915,0.03284211
1030,0.5417044,0.09251348,0.04040568,0.028500473
1031,-0.28940433,0.5253627,0.07633001,0.08348405
1032,0.40006977,-0.33907026,0.1549908,0.16047835
1033,0.39059064,-0.284999,0.061299954,0.062134594
1034,0.54560137,0.054433204,0.05471648,0.044532884
1035,-0.05051218,0.016262546,0.093253255,0.082107626
1036,0.036877785,0.334408,0.078164116,0.071658224
1037,0.027796537,0.24935661,0.083857365,0.08445505
1038,-0.1175863,0.021107487,0.07906774,0.06314451
1039,0.052634414,0.2763513,0.034647826,0.03200397
1040,0.1991191,0.13021085,0.090619594,0.060680375
1041,0.058497023,-0.049586624,0.021486333,0.01875707
1042,-0.15898708,-0.42722133,0.07716808,0.079787314
1043,-0.16305886,-0.39174008,0.046876043,0.042332307
1044,0.07945542,-0.12612733,0.03590529,0.03296834
1045,-0.29258403,0.25410086,0.15746343,0.14643064
1046,-0.1494698,0.03170827,0.09125069,0.08235568
1047,-0.16513866,0.021356098,0.098771416,0.074489385
1048,0.032716554,0.12996235,0.025855057,0.02163221
1049,0.015571911,0.047312297,0.02303378,0.020827042
1050,0.15441732,0.087576285,0.060860556,0.05637114
1051,-0.15455736,-0.03260024,0.27447087,0.1607484
1052,0.6133232,-0.49496612,0.14193608,0.14658277
1053,-0.11957395,0.12631394,0.031099964,0.024607955
1054,0.032485615,-0.008452095,0.0861232,0.07788073
1055,0.054517183,0.31446463,0.07438365,0.076495215
1056,-0.1558741,-0.041099936,0.0857134,0.08232783
1057,-0.10467303,0.16220734,0.08725796,0.07829003
1058,-0.5134019,0.3608072,0.10775617,0.08405637
1059,0.33548775,-0.10369179,0.04157932,0.030446509
1060,-0.18557322,0.037813876,0.030542925,0.023572328
1061,-0.16405928,-0.12037116,0.0841887,0.06638837
1062,0.155805,-0.09896873,0.063673116,0.048937086
1063,0.13507338,0.104774594,0.10091903,0.0909615
1064,-0.11854607,-0.20183721,0.08101677,0.07036911
1065,-0.046198457,-0.015623212,0.03602017,0.030656025
1066,0.09807676,0.19057864,0.08660235,0.07746474
1067,-0.21903715,-0.1304472,0.18672644,0.17348535
1068,0.013908468,0.14997643,0.10591146,0.103544086
1069,0.09027246,0.4586168,0.034045406,0.032955892
1070,-0.08387971,0.02726166,0.12035746,0.11500571
1071,-0.054477356,0.049724765,0.09812656,0.10118696
1072,0.090008706,0.06993662,0.17415486,0.13198818
1073,0.015172195,-0.04987903,0.04011152,0.032656085
1074,0.0027680174,0.053150594,0.031119142,0.025503298
1075,0.0018945597,0.06313594,0.041045364,0.034962147
1076,-0.08437595,0.025777236,0.038469624,0.032325007
1077,-0.43011475,0.0016437694,0.12955716,0.10535936
1078,-0.058346964,-0.13960569,0.077449456,0.07744654
1079,-0.03897415,-0.031218365,0.03604064,0.030478794
1080,-0.13701704,0.04179762,0.04305776,0.03217626
1081,0.21686876,0.08686895,0.054715578,0.043107063
1082,-0.16173053,-0.7019496,0.030930534,0.044398274
1083,0.03728999,-0.07214077,0.04817481,0.04269348
1084,-0.08881959,-0.01101505,0.031867333,0.025803229
1085,0.027881388,-0.07685545,0.2191776,0.14349656
1086,-0.08347637,-0.07645877,0.07509718,0.05435125
1087,-0.042184226,0.022451088,0.081123404,0.069669336
1088,-0.29129922,0.007442698,0.0562721,0.049596775
1089,-0.027235538,-0.10317166,0.036809057,0.029268974
1090,0.7023463,0.12635699,0.08176206,0.06022176
1091,0.04580592,0.030691467,0.042064637,0.03295713
1092,-0.04779727,-0.0082027465,0.028429043,0.022551583
1093,0.17795217,-0.08357294,0.06119208,0.047688533
1094,-0.63604647,0.22536674,0.05923522,0.045483403
1095,-0.18707627,-0.06649873,0.035433996,0.02456127
1096,-0.16562197,0.053329937,0.045290347,0.031810623
1097,-0.15838487,-0.14484918,0.1274819,0.08965491
1098,-0.08487484,0.18257906,0.032353234,0.029641893
1099,-0.36307082,-0.39721468,0.0847022,0.08314804
1100,-0.08444454,0.11439721,0.13335899,0.15277052
1101,-0.06025564,0.006805338,0.03789636,0.030003613
1102,0.029060964,-0.27399564,0.06488647,0.05952051
1103,0.022220861,-0.09187755,0.07291527,0.063363805
1104,-0.10575645,0.16460711,0.18928881,0.18780382
1105,0.05865966,-0.034462005,0.063051894,0.051432103
1106,0.10934657,-0.11350939,0.09120748,0.067749284
1107,-0.10032351,0.33786523,0.11406963,0.10899556
1108,-0.049299248,0.0796267,0.05937644,0.04611731
1109,0.79372334,-0.039317667,0.05236244,0.037862103
1110,0.26346752,-0.0052398145,0.08911237,0.06800364
1111,0.23141605,0.13661328,0.028345378,0.024677115
1112,0.07362646,-0.082626596,0.079167746,0.07868857
1113,0.052949693,-0.16138822,0.10357358,0.091413125
1114,0.019272339,-0.024627537,0.037345853,0.029844634
1115,-0.042610973,0.44173667,0.20971401,0.16836573
1116,0.059140753,0.10601383,0.14639302,0.12649791
1117,-0.3663714,0.5876168,0.07375598,0.07508735
1118,-0.51346743,-0.5196376,0.17542614,0.17700861
1119,-0.03504093,0.08793517,0.035802692,0.027663145
1120,-0.026292298,0.004450634,0.08975947,0.08268301
1121,-0.084300935,-0.2017119,0.054842763,0.05218166
1122,-0.050962545,0.07022977,0.13852048,0.1182072
1123,-0.11831275,-0.09315331,0.20357521,0.18034771
1124,0.014149606,0.007154241,0.0398199,0.032726724
1125,-0.31578356,-0.029814273,0.05876288,0.0427424
1126,-0.4913935,-0.059849963,0.12431005,0.09609825
1127,-0.7329319,0.027909972,0.049083,0.035958115
1128,0.33571216,-0.14417985,0.15201105,0.1427134
1129,-0.02511571,-0.03802319,0.074763276,0.07254963
1130,-0.005183624,0.019162998,0.0318462,0.026860846
1131,-0.17945279,-0.086483106,0.03296717,0.025829889
1132,0.08136475,-0.30728066,0.040533565,0.038947992
1133,0.46581978,-0.5891564,0.0377717,0.031775117
1134,-0.0613518,-0.053069487,0.05553688,0.045492053
1135,0.19308007,-0.19544709,0.052807387,0.038674362
1136,-0.15357128,-0.50975156,0.22647652,0.25179455
1137,0.058626,0.12020989,0.031374376,0.025698232
1138,0.09292324,0.106014244,0.07680362,0.06387013
1139,-0.19213854,-0.008520678,0.17026766,0.10312335
1140,-0.015133187,0.03649063,0.11530307,0.112118155
1141,-0.11235894,0.24864629,0.10457759,0.07762983
1142,0.13223656,0.14073819,0.029930506,0.027758988
1143,-0.34786752,0.085484765,0.0433506,0.032524582
1144,-0.21400174,0.035671804,0.032409783,0.02540203
1145,0.12383108,0.006894976,0.0659323,0.0510535
1146,-0.039648324,-0.06609714,0.1052769,0.090769984
1147,0.07696745,0.26242304,0.042057782,0.03774865
1148,0.6662963,0.46425936,0.046540987,0.043891493
1149,-0.009380449,-0.121406674,0.03877425,0.03433329
1150,0.0776889,-0.49492964,0.15760775,0.14600196
1151,-0.054897193,0.030153774,0.038706586,0.03284337
1152,-0.51719064,-0.15215531,0.08171966,0.069028184
1153,0.013737135,0.47568426,0.18098621,0.1621715
1154,-0.18793581,-0.007014416,0.1109222,0.080673695
1155,-0.06142912,0.00340195,0.05374889,0.039125618
1156,-0.4047079,-0.6598425,0.038478456,0.039956335
1157,0.120428815,0.027085632,0.051483717,0.039814945
1158,-0.094932094,-0.08756235,0.083695665,0.06769791
1159,0.007743176,0.07733865,0.052511755,0.05649243
1160,-0.0036466233,0.1604101,0.12924306,0.1133318
1161,-0.4492973,0.64201975,0.0506627,0.056154124
1162,-0.00066317245,0.6725185,0.046652723,0.056900594
1163,0.03436401,-0.020847648,0.10252521,0.10709873
1164,-0.19303997,0.11558732,0.051243644,0.038973507
1165,-0.20075884,0.117231905,0.039511576,0.034346502
1166,-0.04645414,0.11730278,0.11149159,0.09290095
1167,-0.2074754,-0.35094127,0.072601244,0.070033446
1168,-0.28192052,-0.26819977,0.119026326,0.09006183
1169,-0.53833103,0.34044886,0.03253591,0.033954337
1170,-0.12824547,-0.024472855,0.12575947,0.09594841
1171,0.30860448,0.28318596,0.06671011,0.06378216
1172,0.017719802,-0.10381402,0.059118256,0.044470638
1173,0.053861316,0.24670619,0.11027948,0.12639518
1174,-0.26054376,-0.116097376,0.20774344,0.1528927
1175,-0.160379,0.044114005,0.1300507,0.09890223
1176,0.03351659,0.058920015,0.035181865,0.032505408
1177,0.09478629,-0.21065441,0.04105841,0.036890026
1178,0.035626967,-0.08185516,0.077943265,0.060166053
1179,0.10427487,-0.09452608,0.08177931,0.06489765
1180,-0.020967772,-0.02055993,0.09117679,0.08056543
1181,0.66438293,-0.10287754,0.049940467,0.03616702
1182,-0.049326465,0.07452674,0.043016765,0.03423477
1183,-0.0055865906,-0.04378377,0.09068925,0.071461916
1184,0.021187782,0.040251855,0.03305932,0.031355824
1185,-0.33749893,-0.14000793,0.052395355,0.040513396
1186,-0.0058339015,-0.105861634,0.12515704,0.11004001
1187,0.00779159,0.046624236,0.18423533,0.1798642
1188,-0.15193893,-0.055141315,0.09668898,0.07359284
1189,0.17048925,0.32863107,0.0947989,0.11552899
1190,-0.19533332,0.04406799,0.11873809,0.08802221
1191,0.045846622,-0.2625742,0.03805715,0.032547403
1192,0.03997911,-0.039769903,0.03835135,0.029941443
1193,-0.51797354,-0.58519673,0.080211625,0.07972306
1194,-0.070164815,-0.5577228,0.054421075,0.055500522
1195,-0.7342205,0.041162245,0.04326361,0.035640057
1196,-0.075143695,0.055219274,0.051869407,0.045911998
1197,-0.13048202,-0.13054468,0.08093069,0.06639903
1198,0.6763723,-0.27220994,0.07531082,0.08057426
1199,0.0934993,-0.05856581,0.04615358,0.038232803
1200,0.087927535,0.028926104,0.048562128,0.049580842
1201,0.23833358,-0.1964714,0.21856196,0.17717744
1202,-0.014348917,0.10356769,0.052105036,0.043889537
1203,-0.04949188,-0.48122564,0.030839458,0.040185325
1204,-0.058382154,0.08844516,0.1189081,0.09290469
1205,-0.0662168,0.042891003,0.06706979,0.058083814
1206,-0.011059031,-0.06437677,0.067070134,0.052141454
1207,0.10111189,-0.36525896,0.116166964,0.13982452
1208,-0.031031262,0.0014656037,0.063302025,0.055722218
1209,0.016703267,-0.005564168,0.02745828,0.024126237
1210,0.13198559,0.036514964,0.058077753,0.05230005
1211,0.6719811,-0.07591611,0.07195182,0.05824588
1212,0.13011502,0.25532144,0.03182518,0.029631894
1213,0.09939982,-0.2278381,0.047694266,0.04414659
1214,-0.008827256,0.014080271,0.024899004,0.021189831
1215,0.0082899,0.027019225,0.044898797,0.039655007
1216,0.070574,-0.11091736,0.028712185,0.02377268
1217,0.0076541267,0.0010229871,0.024779344,0.020737007
1218,0.012854412,0.34809566,0.22381766,0.25164425
1219,-0.023755882,-0.027231447,0.049691524,0.041336816
1220,0.28841573,0.013280623,0.043589495,0.034333702
1221,0.3596099,0.23411846,0.039697204,0.033523943
1222,-0.57294977,0.68532705,0.11410357,0.12439002
1223,-0.03940722,0.034201123,0.13181886,0.10452588
1224,-0.032231014,-0.112649575,0.04770995,0.042240206
1225,0.078957126,0.03473599,0.09806096,0.08195417
1226,-0.0026356801,0.0046105087,0.026739635,0.021425446
1227,0.020439047,0.03698993,0.05612977,0.04898732
1228,0.016768228,0.17874187,0.057974603,0.048050363
1229,-0.08982958,-0.14346191,0.087469876,0.07902677
1230,-0.5406345,-0.17314526,0.07726585,0.05948366
1231,-0.6473303,-0.014763869,0.12502576,0.10487812
1232,-0.3713516,0.2985556,0.057491533,0.04979738
1233,-0.32911822,-0.20927131,0.08143971,0.06993531
1234,0.09266007,-0.01049836,0.04140834,0.030705225
1235,-0.59190094,0.04238006,0.13045709,0.09268348
1236,0.0026299804,-0.08943774,0.057458673,0.050267078
1237,-0.4111111,0.66598046,0.052045397,0.069734864
1238,0.12955461,-0.026031703,0.1564233,0.13673727
1239,0.43498194,-0.25816914,0.047903944,0.041969575
1240,0.43935147,-0.030637965,0.046553735,0.041724794
1241,0.65385157,-0.43683913,0.052644197,0.039449938
1242,0.019064795,0.03959571,0.02553136,0.020804051
1243,-0.016477387,-0.052588567,0.0612902,0.05607015
1244,0.014360547,-0.012790903,0.13583276,0.11223082
1245,0.009086497,-0.10513894,0.101710916,0.084924504
1246,0.14030445,0.057676077,0.037990015,0.027377725
1247,-0.023629852,-0.08682406,0.06166058,0.06042798
1248,0.018158883,-0.14291924,0.100555584,0.078200266
1249,-0.06066731,-0.0047094673,0.036807567,0.034212347
1250,0.023674984,-0.032811135,0.022870902,0.017750543
1251,-0.32077703,-0.020922989,0.07079033,0.051542986
1252,0.62283564,-0.24058682,0.075463705,0.060776994
1253,0.02106117,-0.038627148,0.02820817,0.0231214
1254,-0.05034111,-0.008837238,0.06613997,0.05097777
1255,0.32695496,0.039817136,0.2296156,0.16670266
1256,-0.008471491,-0.13426313,0.047030848,0.045581914
1257,0.5347692,0.0008674413,0.04904804,0.0393991
1258,-0.43985787,-0.17935282,0.12088494,0.08879463
1259,0.06467064,0.011206567,0.047269206,0.041669253
1260,0.023153123,0.10035423,0.028823035,0.024348846
1261,0.5317283,0.43063647,0.13977472,0.12985785
1262,0.013220716,-0.2572303,0.030021897,0.029080214
1263,0.042942923,0.08404461,0.04308322,0.0370838
1264,-0.18018705,0.12330581,0.080086194,0.0748458
1265,0.039348762,-0.012409806,0.0954096,0.075209126
1266,-0.29027846,0.23739778,0.21391003,0.20838778
1267,0.076750964,0.030481756,0.035106022,0.033044834
1268,0.022517644,-0.072549194,0.068334594,0.064954944
1269,0.90387976,-0.20544204,0.058231506,0.04843173
1270,0.13583478,-0.14479686,0.03016603,0.024789022
1271,-0.1740033,-0.042782694,0.044940855,0.03190673
1272,-0.07337951,0.015464067,0.0852313,0.07008733
1273,-0.064503565,-0.042534605,0.043548867,0.037241723
1274,-0.030029735,-0.00075885653,0.030262493,0.02479826
1275,-0.08429284,-0.08424507,0.02871172,0.024384715
1276,-0.11342791,0.01814624,0.065753825,0.05003415
1277,0.16305503,-0.2287449,0.030600043,0.029016053
1278,0.18285999,-0.1809364,0.04326875,0.03903096
1279,-0.03612353,-0.11064911,0.05730896,0.05253635
1280,0.084240645,0.022359386,0.037884425,0.029145978
1281,-0.0060169715,-0.011258587,0.03579315,0.029881246
1282,-0.09540856,-0.041625008,0.07012662,0.05718164
1283,-0.09738541,-0.11459565,0.13371155,0.097238615
1284,0.14485578,0.07861526,0.038219407,0.028840296
1285,-0.0046401173,0.4215211,0.03778628,0.033112373
1286,-0.12404901,-0.045549676,0.028798014,0.022033237
1287,0.011162445,-0.050041318,0.035483815,0.02843447
1288,0.015324291,0.0057848096,0.04592008,0.03642304
1289,-0.1874144,0.073526755,0.04733254,0.048544675
1290,0.5459928,0.062010873,0.058197763,0.04707201
1291,-0.0065011475,-0.013323523,0.028435295,0.022354923
1292,-0.020531023,-0.22514871,0.08673124,0.07701785
1293,0.11044672,-0.071375206,0.030263187,0.027312905
1294,-0.11258407,-0.012988836,0.07489546,0.055796407
1295,0.162016,-0.02897989,0.043595202,0.033803783
1296,0.06821245,0.09814448,0.053377707,0.047989752
1297,0.016565084,0.1321215,0.02561305,0.022556592
1298,0.12255603,-0.21614313,0.027784714,0.026662339
1299,0.43215933,-0.033124343,0.036660247,0.029494857
1300,-0.572573,0.08494044,0.060838796,0.04742209
1301,-0.32553685,-0.12229408,0.34036505,0.32903546
1302,0.5054682,-0.5462215,0.047793824,0.04156245
1303,-0.07616113,0.43296677,0.10499969,0.11808797
1304,0.15472248,0.021345057,0.051608942,0.04617337
1305,0.4229701,0.15233243,0.042816106,0.03656245
1306,-0.26930627,-0.25040296,0.11457493,0.105650984
1307,-0.0024567097,-0.35455346,0.19117595,0.19723588
1308,-0.55412954,-0.29848352,0.13405982,0.11448782
1309,0.28238466,-0.10434909,0.029441338,0.025031349
1310,-0.35724425,-0.6039946,0.04647465,0.047994453
1311,0.3341916,-0.15722421,0.09879442,0.069763675
1312,-0.24049693,-0.23200634,0.046946455,0.04228816
1313,0.24214813,0.70010567,0.045246597,0.047244314
1314,-0.09914376,-0.06227903,0.03404944,0.028455712
1315,-0.17791627,-0.018173546,0.072048,0.047627654
1316,-0.16252619,0.24846777,0.10513708,0.08373287
1317,0.03527602,-0.63804424,0.0350853,0.03849126
1318,0.1297587,-0.23209536,0.051949427,0.046636984
1319,0.0013145767,0.023664713,0.05224127,0.041797623
1320,-0.17323779,-0.0056763366,0.11086309,0.09824047
1321,-0.0037602894,-0.053960145,0.026127087,0.023083221
1322,-0.021577746,-0.0555038,0.028519994,0.022746671
1323,-0.11408268,-0.22772649,0.02748716,0.023965843
1324,0.09611809,0.25855273,0.037094437,0.034354333
1325,0.025711872,0.0291318,0.085427664,0.07750633
1326,0.05146912,0.008991353,0.06617656,0.059810583
1327,0.28558743,-0.1240526,0.039493013,0.029734364
1328,-0.038867965,-0.008563258,0.13998419,0.10413232
1329,-0.029281706,-0.26034957,0.052055582,0.049678832
1330,0.080134585,-0.07243267,0.029255655,0.023924561
1331,-0.04477334,-0.1919455,0.045379326,0.041071907
1332,-0.36977327,0.028658524,0.09455718,0.07135534
1333,-0.51223856,-0.41532192,0.06635486,0.07533086
1334,-0.0687629,-0.06607932,0.028956223,0.02275526
1335,-0.18636575,0.06852415,0.04239674,0.031172048
1336,0.6175531,-0.2589467,0.075237066,0.071170256
1337,0.029293932,-0.4093531,0.31741902,0.39807266
1338,-0.10287614,0.184344,0.05136471,0.038871218
1339,-0.038652286,-0.14607213,0.092051566,0.085562706
1340,0.02333599,0.2540269,0.073477,0.08730239
1341,-0.0840439,-0.2770886,0.06809653,0.065336145
1342,0.21568117,0.1674492,0.13173443,0.10691284
1343,0.0073406547,0.036085993,0.09285712,0.07421821
1344,-0.0036970899,-0.04309362,0.040392403,0.03405446
1345,0.14488888,0.11436234,0.16448663,0.15721615
1346,-0.07515794,0.061231773,0.17226584,0.17798138
1347,0.6333778,-0.06934866,0.038193364,0.034662116
1348,-0.045793913,0.12550087,0.17282741,0.13872208
1349,-0.0617187,0.005835727,0.05558041,0.048115496
1350,-0.13457392,0.33450156,0.063647054,0.06263049
1351,0.048982505,0.090751596,0.039515015,0.034568455
1352,0.037517417,0.07751173,0.047201894,0.04143946
1353,0.20587665,0.011744127,0.059452266,0.05423376
1354,-0.12756759,-0.048676282,0.027218172,0.021471618
1355,-0.01028418,0.016977638,0.026451867,0.020343209
1356,-0.00084943697,0.17282364,0.076265514,0.06854288
1357,-0.123951614,-0.04512225,0.08607453,0.058106657
1358,0.559461,-0.12315805,0.055144705,0.04652157
1359,-0.08626081,0.025921255,0.026592452,0.021911273
1360,0.039394718,-0.15259054,0.03180532,0.027940648
1361,0.036553163,-0.47804716,0.17036247,0.16493371
1362,-0.025211405,0.035789646,0.05592101,0.05483647
1363,-0.036013033,0.038120806,0.0509053,0.049271863
1364,0.10119876,0.05245585,0.20614292,0.2421838
1365,0.20587423,0.021792233,0.143148,0.112810284
1366,0.005363688,-0.42946753,0.15215899,0.1672951
1367,-0.014892284,-0.08357315,0.06075444,0.052627403
1368,-0.0486776,0.0135002285,0.06647656,0.051754788
1369,-0.21970753,0.2207026,0.084121086,0.09598962
1370,0.11682987,-0.060147792,0.03299635,0.026461221
1371,0.33396646,-0.2978001,0.051062647,0.039468117
1372,-0.11089225,-0.7485943,0.046971705,0.053974763
1373,-0.21129808,-0.16654411,0.11497786,0.099825904
1374,0.2989383,0.67290664,0.06591367,0.06460063
1375,0.0005742721,-0.009548724,0.027900307,0.022041302
1376,-0.11626369,-0.10762966,0.07519007,0.055994876
1377,0.48018256,-0.5561143,0.20975402,0.17283654
1378,0.0021894462,0.0024515241,0.04770654,0.04091711
1379,0.12828158,-0.19649866,0.029336462,0.02569254
1380,-0.06634259,-0.09952864,0.07132063,0.061882246
1381,0.11294101,-0.0240663,0.041132547,0.031627633
1382,0.13635837,0.08135815,0.040848438,0.033128824
1383,0.6010758,0.33078012,0.050133694,0.04279576
1384,0.13853863,-0.023633197,0.08321214,0.070850894
1385,-0.13598879,0.0066918135,0.051863074,0.040283095
1386,-0.084719695,-0.07614216,0.031212049,0.025423426
1387,0.09556319,0.010255322,0.049003206,0.040848963
1388,0.016887508,0.1529853,0.03703688,0.033430997
1389,0.16175242,0.19312355,0.050165094,0.043387674
1390,-0.06466091,-0.09513974,0.13091838,0.12107516
1391,-0.2597027,0.22913282,0.061906353,0.054392926
1392,-0.073655166,0.13687673,0.15554054,0.13672873
1393,0.025138516,0.051769305,0.06710157,0.05156323
1394,-0.019401215,-0.03202419,0.038684227,0.03102521
1395,-0.052251406,0.13421626,0.08234026,0.07808681
1396,0.14893544,0.37171078,0.036183447,0.032904584
1397,-0.042936794,-0.08571488,0.0760122,0.060052752
1398,-0.28051442,-0.69893086,0.038787782,0.043869816
1399,-0.774501,-0.426874,0.05953898,0.057119675
1400,0.042157914,-0.16768458,0.16050564,0.15962897
1401,-0.10876559,-0.024311744,0.05925421,0.059403744
1402,0.0202424,0.026662238,0.042256646,0.038475458
1403,0.008632947,-0.06050834,0.027743902,0.024315923
1404,-0.69839716,0.5145819,0.05138905,0.047646984
1405,0.15579918,-0.11945754,0.10095353,0.0811704
1406,0.025090855,0.0032951012,0.06793347,0.06025161
1407,-0.061802477,-0.28786042,0.024580698,0.02354502
1408,-0.19625604,-0.14711015,0.2105484,0.15659323
1409,0.008752469,-0.072429866,0.035072066,0.02810485
1410,-0.06256172,0.09413441,0.0812353,0.069968335
1411,-0.08175825,-0.8200915,0.04094604,0.053484958
1412,-0.5741459,0.12968734,0.0935474,0.08244613
1413,-0.7486949,-0.044478893,0.061753947,0.044743933
1414,-0.017482199,-0.29824412,0.047427703,0.043406412
1415,-0.05334861,-0.026867636,0.027155988,0.022133945
1416,0.051393155,0.6671643,0.050048538,0.0537722
1417,-0.16780476,-0.04978749,0.04397585,0.032211114
1418,-0.7196874,-0.084975496,0.045804847,0.043454684
1419,0.0004793182,0.016773753,0.052418888,0.04047973
1420,-0.06596282,-0.006575905,0.026609862,0.02226062
1421,0.12474343,-0.05340664,0.083723836,0.065772064
1422,-0.076906465,-0.14330938,0.045931343,0.04231419
1423,-0.020683702,0.13966271,0.08637451,0.07943793
1424,0.084889784,-0.11911896,0.026320899,0.021669736
1425,-0.0057036355,-0.0024632663,0.03454729,0.0269783
1426,-0.28852698,-0.05746317,0.09240628,0.0658537
1427,0.204186,0.47130564,0.037652314,0.04091612
1428,-0.07125781,0.22378121,0.08464162,0.06915798
1429,-0.06508698,-0.06418592,0.040993877,0.0327173
1430,0.050422173,0.012166522,0.03947514,0.030595023
1431,0.021912996,0.62829375,0.18152024,0.22758831
1432,-0.030768968,0.039457705,0.07876579,0.06558918
1433,0.008466784,-0.021576613,0.11780426,0.10860517
1434,-0.11767456,-0.048680127,0.028104901,0.022283064
1435,-0.014272662,-0.14463542,0.07644719,0.070678376
1436,-0.03615871,0.32903188,0.045541655,0.043427058
1437,-0.03884756,-0.06555472,0.04882975,0.0451962
1438,-0.38156456,-0.29994923,0.048518065,0.04320161
1439,-0.23322326,0.34553733,0.09182125,0.09238571
1440,-0.032098852,0.043232374,0.028527293,0.023272716
1441,-0.12508672,0.011642359,0.19721061,0.14320214
1442,0.08587642,-0.11469422,0.07974866,0.069279306
1443,-0.087342076,0.015771717,0.033810444,0.026257277
1444,0.10697432,-0.11680697,0.045356307,0.038098887
1445,0.13354604,-0.07924491,0.31680536,0.37866023
1446,-0.67210597,0.21122885,0.03744449,0.03214893
1447,0.051417697,-0.029323205,0.043400142,0.035438694
1448,-0.7697581,0.17708744,0.13076018,0.09496737
1449,0.06666365,0.013054967,0.032461025,0.027049528
1450,0.02350941,0.022544108,0.04989272,0.038277797
1451,-0.02642434,-0.03251314,0.04320105,0.04028753
1452,0.14583425,-0.13548249,0.060603987,0.0476744
1453,0.0622765,0.006886497,0.04673999,0.040247213
1454,0.03385969,0.04985055,0.028254526,0.024401318
1455,-0.028611766,0.33049133,0.07609362,0.05958572
1456,0.12186049,-0.011472695,0.07255479,0.06076697
1457,-0.05591934,-0.2578687,0.049029086,0.04336106
1458,0.016564324,0.13779163,0.1030571,0.0993403
1459,0.051788624,-0.11450428,0.07424033,0.066192895
1460,0.00541177,-0.68644094,0.063342415,0.067424506
1461,0.07783072,-0.059239432,0.06525721,0.053688217
1462,0.012170631,0.003256075,0.025135139,0.020094808
1463,0.013825405,-0.056005135,0.027397739,0.022340858
1464,0.09009521,-0.9000393,0.08555845,0.08810239
1465,-0.025578149,-0.11396861,0.08205466,0.06741312
1466,-0.0517122,-0.09563969,0.101480015,0.099063605
1467,-0.2687207,0.23973128,0.10927702,0.091986954
1468,-0.07996486,0.38494202,0.23511018,0.23335725
1469,-0.50381756,-0.18021262,0.12880193,0.09289203
1470,-0.7267439,0.26283836,0.06013297,0.044298913
1471,0.48107198,-0.255908,0.23598251,0.2535515
1472,0.2574789,-0.38891888,0.064333305,0.06848463
1473,-0.093336806,-0.00027272105,0.05919511,0.049666945
1474,-0.0297819,0.15373637,0.12155941,0.13975504
1475,0.03916579,0.048311792,0.08760051,0.07913121
1476,0.012588948,-0.020664848,0.031174956,0.023348691
1477,0.08807987,0.029703878,0.040957145,0.027429115
1478,-0.10869153,0.0073514283,0.08750669,0.068153754
1479,-0.032468695,0.05250926,0.06816947,0.056568246
1480,0.03748585,-0.10346742,0.04642685,0.03971385
1481,-0.41242775,0.1793636,0.23077235,0.17886265
1482,0.11314826,-0.113749,0.038008723,0.028531916
1483,-0.11450496,-0.1805371,0.03928718,0.04061616
1484,0.01618854,-0.017414905,0.028032804,0.022238946
1485,0.095256895,0.24254891,0.07627523,0.082773075
1486,-0.2290858,-0.16265833,0.031576533,0.028326822
1487,0.17453146,-0.020592175,0.0447912,0.037675668
1488,-0.2132709,-0.03134124,0.13140501,0.10347338
1489,0.23834774,-0.12818228,0.1991442,0.1500092
1490,0.20522541,-0.17072889,0.13704151,0.11768373
1491,-0.48885238,0.09667464,0.08454862,0.064106375
1492,-0.1104743,-0.015088595,0.123858936,0.13295344
1493,-0.12515295,0.20517403,0.056458693,0.047750965
1494,-0.0013003405,0.016523056,0.03623151,0.029394759
1495,-0.05428825,0.02269116,0.10545349,0.09170384
1496,-0.00799544,-0.030874163,0.06009593,0.04800209
1497,-0.003789302,-0.0039810166,0.034889612,0.027367618
1498,0.02305625,-0.12328453,0.10008899,0.09109266
1499,-0.10783471,1.0212935,0.054135066,0.0591774
1500,-0.0059246775,0.12630081,0.07400543,0.076818965
1501,0.29532123,0.89583933,0.06724157,0.07740721
1502,0.016895238,-0.18027124,0.03040821,0.026039813
1503,0.1021442,0.2048332,0.03992059,0.03443152
1504,-0.30932865,0.25575036,0.07698676,0.07554246
1505,-0.2414811,0.41417068,0.04218602,0.03834095
1506,-0.101336464,0.022114865,0.11014326,0.1166377
1507,-0.04223099,0.038655944,0.040644027,0.03335419
1508,0.0038736388,-0.039769977,0.03342118,0.027172558
1509,0.08508599,-0.022772297,0.0580484,0.050493665
1510,0.039499324,-0.02708669,0.05083018,0.042295277
1511,-0.031965002,0.022027172,0.064196914,0.047208335
1512,0.15071483,-0.073596835,0.08500828,0.06308119
1513,0.08205849,-0.11059348,0.106609404,0.0745244
1514,0.1256744,-0.3872015,0.067065105,0.06577895
1515,0.22181919,0.10351618,0.078187935,0.056198288
1516,0.29901022,0.21194027,0.14361985,0.12362119
1517,-0.15075995,0.075275786,0.08711549,0.06864062
1518,0.011210863,0.12464991,0.029033463,0.025009574
1519,0.095534965,0.023875147,0.052989088,0.04308048
1520,0.058619622,-0.046656847,0.09426638,0.07106258
1521,-0.020042636,-0.005033523,0.050382983,0.04315827
1522,0.32845196,-0.035208285,0.09538977,0.0642569
1523,-0.16544944,0.15227798,0.038961843,0.035208352
1524,0.12785155,-0.07212791,0.10598954,0.0914514
1525,0.47620687,0.24278449,0.07696898,0.07446407
1526,-0.12726401,-0.046340436,0.02910653,0.023003832
1527,-0.11517984,-0.039694488,0.09307633,0.075454436
1528,-0.038284305,-0.084836364,0.055474516,0.045634713
1529,0.5844424,-0.20762944,0.10788909,0.082650974
1530,0.4126929,-0.8574668,0.04372963,0.046841513
1531,-0.02021474,-0.0048732683,0.11369646,0.08094309
1532,0.2454814,-0.7166928,0.048784904,0.055898014
1533,0.09491129,0.03655961,0.19039115,0.16138265
1534,-0.045036647,0.6682229,0.075385995,0.0869363
1535,0.0065553524,0.22360055,0.058554795,0.049873147
1536,-0.048930615,0.03108611,0.04495841,0.038149673
1537,-0.10226771,-0.1760579,0.11085808,0.0771921
1538,-0.35341823,0.47138593,0.03970018,0.03730488
1539,0.16633995,-0.030230701,0.06827436,0.06610682
1540,-0.40931657,-0.5599736,0.03928581,0.039405853
1541,-0.1820951,0.6332681,0.047030162,0.04423295
1542,-0.06776005,-0.09003468,0.04130883,0.035518065
1543,-0.0053141136,-0.0806091,0.07503559,0.06068193
1544,-0.15314855,-0.038355514,0.04902943,0.037712116
1545,-0.24947576,0.09774278,0.13877143,0.10294547
1546,-0.31384903,0.16474018,0.07713278,0.058468778
1547,0.21046238,0.7372842,0.036377277,0.039800607
1548,0.42988265,-0.013010681,0.08777719,0.057181746
1549,-0.046288136,-0.036398366,0.09439556,0.0739628
1550,0.50653017,-0.25059965,0.07546526,0.067766994
1551,0.34180805,0.067737535,0.059062295,0.04411161
1552,-0.046925407,-0.047555223,0.02423355,0.02277574
1553,0.024992876,0.031866662,0.045054138,0.03170326
1554,0.028734762,0.013416827,0.036103077,0.03375898
1555,0.011264559,0.23740962,0.036937855,0.036680184
1556,-0.35214707,-0.3795149,0.037721194,0.036134943
1557,-0.086658314,0.03211806,0.1779073,0.15515484
1558,-0.013986096,-0.119371966,0.06297209,0.05741469
1559,0.27750626,0.10433304,0.064491905,0.050058216
1560,0.06370863,0.17723572,0.11454496,0.0919575
1561,0.086906716,-0.06067495,0.03812612,0.035966042
1562,-0.012795998,-0.06321144,0.1349611,0.11724285
1563,0.053142387,0.41734657,0.1065539,0.1118732
1564,0.16386819,0.26362383,0.18693382,0.16347738
1565,-0.30567414,-0.38368684,0.03188338,0.028096078
1566,-0.116656765,0.09842505,0.040078647,0.034562312
1567,-0.023042988,-0.15655485,0.11427352,0.09447574
1568,0.043858472,0.05367324,0.047888488,0.03450582
1569,-0.98701316,0.1097242,0.053545404,0.03650943
1570,-0.6807346,0.10046788,0.054510597,0.046013992
1571,-0.22267227,0.08793252,0.085498266,0.064461626
1572,-0.03916268,0.050001875,0.033774372,0.026501073
1573,-0.07827484,0.0038956925,0.06277427,0.04619253
1574,0.314131,-0.37215406,0.094083995,0.0846967
1575,-0.034157157,-0.10147597,0.05147602,0.04515069
1576,0.377878,-0.0025235862,0.030215539,0.025238527
1577,0.300029,-0.011254974,0.039911084,0.0330631
1578,-0.78457624,0.17173074,0.13785641,0.11600587
1579,0.006979488,-0.027268805,0.03597601,0.034025777
1580,-0.52646285,0.19793138,0.06877683,0.040544033
1581,-0.085042,0.06235164,0.11666505,0.09157016
1582,0.012945503,0.055376228,0.07649822,0.06748165
1583,-0.2355781,0.37368545,0.038648326,0.036817845
1584,0.031639885,0.03155406,0.043184154,0.032511495
1585,0.0150575,0.042523555,0.03822606,0.030978646
1586,0.13085274,0.05278024,0.121412985,0.09168381
1587,-0.14024706,0.0681463,0.06979338,0.067144364
1588,-0.07955553,-0.107219234,0.05620809,0.047293235
1589,-0.00030403957,0.93352044,0.084751256,0.13144621
1590,-0.16730157,-0.115415245,0.09492674,0.069205806
1591,0.005541414,0.01171419,0.05927409,0.053173773
1592,-0.026858456,-0.63775396,0.100656256,0.08603153
1593,0.040494543,-0.08728737,0.039980613,0.035017848
1594,-0.013652626,0.12778841,0.05220597,0.04159127
1595,-0.0954362,0.068514116,0.033970855,0.029830072
1596,-0.013636248,-0.029726058,0.044195198,0.043436624
1597,0.04333372,-0.499966,0.09348508,0.08354879
1598,0.08901478,-0.04780236,0.03816697,0.036902685
1599,0.0016796589,-0.120349824,0.053008303,0.047462404
1600,0.09468095,0.019829124,0.029462641,0.021935353
1601,0.019020736,-0.047618106,0.041750036,0.03612593
1602,0.5037875,-0.4584497,0.05825681,0.061112322
1603,-0.03490172,-0.08444981,0.048811696,0.041317604
1604,0.030322026,0.02015388,0.05877738,0.049930092
1605,-0.0017144419,0.017565012,0.078454025,0.07306892
1606,-0.0032131039,-0.077840045,0.042090468,0.03644459
1607,-0.416251,0.14450902,0.04315835,0.030913882
1608,0.011603992,0.07647149,0.0496846,0.044206157
1609,-0.062473554,0.25101253,0.03790267,0.03179126
1610,0.09057282,0.26296526,0.04021584,0.03756512
1611,-0.018519415,0.0012172237,0.05684157,0.03780142
1612,0.08686505,-0.32769397,0.07216268,0.07615658
1613,-0.0705477,0.06027881,0.046125002,0.04540506
1614,-0.015439441,0.34291103,0.077934556,0.07544783
1615,0.116133645,-0.07681073,0.028774273,0.024449792
1616,0.08962779,-0.05163808,0.029613795,0.028496366
1617,0.03622603,-0.009186573,0.027496442,0.023001648
1618,0.013907202,-0.16917005,0.036618188,0.03659409
1619,0.08093917,-0.071303815,0.029524907,0.025372917
1620,-0.6244147,0.0515416,0.07013096,0.052985974
1621,0.11230466,0.12576735,0.048140272,0.037270322
1622,-0.065687366,-0.11533259,0.03764393,0.03213521
1623,-0.10616641,-0.28154504,0.028311424,0.025834523
1624,-0.247491,-0.19991297,0.105369166,0.08308885
1625,0.23799345,0.14148614,0.2204513,0.16774063
1626,0.0018067993,0.07665159,0.07425804,0.061957285
1627,-0.21553142,-0.15708369,0.038768627,0.03369372
1628,0.026753075,-0.53810537,0.2249854,0.27230552
1629,0.61799985,-0.06598975,0.03481121,0.026400885
1630,-0.66849273,0.14604123,0.058101937,0.046174463
1631,0.080238685,0.036731895,0.06066379,0.042214196
1632,0.050111677,-0.13014531,0.07039242,0.07002173
1633,0.107969746,-0.4347528,0.09372358,0.10009703
1634,-0.052674927,0.19115461,0.03985358,0.032756858
1635,-0.15905775,0.25214386,0.049897946,0.04420313
1636,0.009734701,0.031344563,0.10125262,0.08194251
1637,-0.11108711,-0.0062487647,0.1330952,0.110761814
1638,-0.28281942,0.21112566,0.05492526,0.04767272
1639,-0.09914921,-0.0572778,0.043303564,0.038287416
1640,-0.054586112,0.37844846,0.09985567,0.10831253
1641,0.14370628,-0.10857934,0.049540415,0.04043999
1642,0.48671553,0.38311422,0.062488638,0.058383293
1643,0.06505641,-0.15497184,0.10516423,0.07859894
1644,0.100280404,-0.27840805,0.047695283,0.03884196
1645,-0.04111232,0.10249229,0.123623714,0.11863821
1646,0.008660581,0.002158545,0.036934063,0.030687833
1647,-0.02010317,0.020756163,0.04937079,0.043047167
1648,0.039085355,0.034170285,0.05886978,0.045205265
1649,-0.28746822,-0.02214355,0.09787798,0.07943842
1650,-0.016101541,-0.005181171,0.04152511,0.033290632
1651,-0.23842856,0.06669518,0.0661912,0.058778927
1652,-0.05250217,-0.023126438,0.041261703,0.033478368
1653,-0.2521979,0.5256536,0.055319212,0.06606511
1654,-0.4361818,-0.39386693,0.039308384,0.034548067
1655,0.052515987,0.014812231,0.040141527,0.032313924
1656,-0.0294587,0.010057114,0.027244272,0.02420676
1657,0.025792122,-0.027652591,0.14760524,0.11371881
1658,-0.26523608,-0.254362,0.033925455,0.029732216
1659,-0.15126164,-0.61015606,0.040046237,0.04431095
1660,0.04743317,-0.1157857,0.06353261,0.055198945
1661,0.066120744,-0.47860077,0.08671101,0.08737511
1662,-0.0495408,0.0069009587,0.026491107,0.02162267
1663,0.22626814,-0.2643005,0.062068593,0.05403323
1664,0.018095713,0.3555886,0.14363162,0.16344635
1665,0.050061267,-0.01945889,0.03817076,0.02835195
1666,0.2577193,-0.063450485,0.06480089,0.049073428
1667,-0.5287125,-0.35147452,0.086916275,0.05705217
1668,0.5183558,0.40621078,0.040116787,0.03389121
1669,-0.0012736022,0.017045826,0.024821907,0.019624928
1670,0.22012934,0.15456676,0.037440937,0.030564366
1671,-0.11644435,-0.09437136,0.11358889,0.09921507
1672,-0.0049189385,-0.013152726,0.022397157,0.017811967
1673,-0.21672471,0.18419933,0.048260458,0.03926795
1674,-0.028044356,0.02373936,0.1864891,0.15024498
1675,0.24941665,-0.16764,0.07775976,0.062182702
1676,-0.046978142,-0.011900909,0.04047884,0.032694947
1677,-0.15361562,-0.1032566,0.06360679,0.048882682
1678,0.051286083,-0.12604693,0.049926974,0.045030013
1679,-0.00019222498,-0.08968674,0.10848981,0.09957501
1680,-0.35400522,0.16760471,0.053562816,0.042287957
1681,0.08624449,-0.34161115,0.052895583,0.05513728
1682,0.14560486,0.099942066,0.067038134,0.053018354
1683,-0.11172922,0.20283124,0.028810756,0.026488155
1684,-0.51048046,0.41314676,0.16053964,0.19036332
1685,0.049328182,-0.0035548732,0.082153715,0.072253294
1686,-0.40540987,0.24583259,0.04782894,0.045845658
1687,-0.008808058,-0.024095207,0.07038931,0.052955467
1688,0.28422594,-0.014224976,0.03943503,0.032388464
1689,-0.04171858,-0.110024795,0.14300916,0.14418525
1690,-0.07083888,-0.009206928,0.036967266,0.028863879
1691,-0.8243897,0.015685529,0.050757095,0.039782684
1692,0.050711233,-0.052114412,0.0596961,0.05332984
1693,0.31184348,-0.25157148,0.041676972,0.044173013
1694,0.09847996,0.4262716,0.326189,0.3496446
1695,-0.08919257,0.012135759,0.05235135,0.046486337
1696,0.16174868,-0.16759169,0.052654378,0.046144586
1697,0.07323955,-0.08333661,0.047202464,0.04334382
1698,0.32048312,0.11827796,0.039393313,0.0329171
1699,-0.06486583,-0.12907405,0.069759466,0.047894157
1700,-0.116336554,0.17588729,0.06422027,0.059151895
1701,-0.026818588,-0.0617318,0.07145582,0.054017533
1702,-0.014181774,0.4620171,0.0710473,0.0646963
1703,0.58729184,-0.21698678,0.03710466,0.038203377
1704,-0.00825985,0.14321801,0.09393435,0.08504924
1705,0.04104987,0.19932532,0.094007604,0.09835184
1706,0.13232149,-0.18209898,0.043885607,0.035832178
1707,0.32150725,-0.31899652,0.1269034,0.12238836
1708,-0.6183964,-0.35118118,0.048075855,0.040833008
1709,0.056293186,-0.01073496,0.040858846,0.033691682
1710,0.5975973,-0.0012978464,0.053049687,0.035462197
1711,0.11424273,0.12512767,0.03741418,0.029288597
1712,0.01684374,-0.054640114,0.02402141,0.02139737
1713,0.5245913,-0.12739098,0.20216474,0.14466274
1714,0.13263981,-0.110012755,0.07347989,0.052997384
1715,-0.14775127,-0.31590942,0.060036216,0.062486473
1716,-0.026761666,-0.11612436,0.041513216,0.03343122
1717,-0.43069926,0.29230934,0.0557102,0.051707447
1718,0.072070464,-0.07578932,0.038392536,0.028605653
1719,-0.42903662,-0.07288554,0.028952632,0.023668244
1720,-0.27549493,-0.018804975,0.24703115,0.18689026
1721,0.071088,0.066783234,0.14191808,0.12632625
1722,0.06043331,0.008914672,0.027945632,0.023441028
1723,0.014758211,-0.1193742,0.0773441,0.06341403
1724,-0.23742865,0.26341033,0.033678938,0.027405953
1725,0.07725696,0.022176042,0.049149856,0.040977072
1726,-0.04609993,-0.045743763,0.054868605,0.04885051
1727,0.03936099,0.33085096,0.04786008,0.042864304
1728,-0.2993095,-0.26810798,0.1446314,0.15028712
1729,-0.055122443,0.011511952,0.036281515,0.03033972
1730,-0.009085605,-0.030718237,0.028004408,0.023680028
1731,0.060320158,-0.7258271,0.0686858,0.060372315
1732,-0.059396587,0.23568428,0.09371241,0.0918405
1733,-0.10210048,0.13116272,0.15557992,0.13179265
1734,0.121094406,-0.4451646,0.06494602,0.06855868
1735,-0.086421624,-0.008808494,0.03726293,0.0315901
1736,0.25311667,0.003720373,0.030336974,0.025620105
1737,-0.07542242,0.036064576,0.051825725,0.046041038
1738,-0.07227368,0.12626472,0.028471563,0.021606
1739,-0.082324445,0.3377,0.046072528,0.04646861
1740,0.08126339,-0.4809803,0.079014316,0.07513127
1741,0.18751553,-0.18749818,0.09357822,0.08241544
1742,-0.48577723,0.2003741,0.059858706,0.051630367
1743,-0.03913964,-0.03905356,0.10183259,0.10564245
1744,0.872899,-0.18619016,0.04074623,0.03235833
1745,0.15659371,-0.07981688,0.11048936,0.104018755
1746,0.64983714,-0.18059593,0.059368797,0.03859501
1747,-0.045404904,0.1468208,0.04186105,0.037939824
1748,-0.13442884,0.04905458,0.0950089,0.09604044
1749,-0.22907169,-0.10875182,0.21935108,0.20210792
1750,-0.03517417,-0.0346431,0.046191484,0.039267488
1751,0.09133418,-0.16885298,0.032226957,0.028318183
1752,0.012003139,0.44328436,0.048580978,0.042066377
1753,0.13341302,0.34046865,0.13514586,0.11607499
1754,0.0098584555,-0.21044737,0.03250857,0.028298654
1755,0.47714874,-0.3109808,0.038354445,0.031827852
1756,0.062802,0.09376455,0.08893516,0.080981195
1757,0.07788086,-0.051515475,0.03800183,0.03579114
1758,-0.16980234,-0.029074207,0.14072286,0.11377758
1759,0.12816411,0.04454378,0.027242064,0.02152669
1760,-0.071215525,0.09295905,0.048706673,0.04681869
1761,0.04633582,0.18786451,0.06407047,0.05532247
1762,-0.24173827,-0.42180994,0.046260573,0.043303005
1763,0.5234299,-0.33693695,0.14681514,0.12780944
1764,-0.17625919,0.13034548,0.11090909,0.11197894
1765,0.068719596,0.013945095,0.028555911,0.022466442
1766,-0.049364947,0.026728012,0.037103392,0.0280754
1767,0.0375345,-0.012159169,0.033741873,0.02720121
1768,0.6734349,-0.44929078,0.22927502,0.17044318
1769,0.12117551,-0.32061505,0.02580847,0.025142757
1770,0.17605986,-0.27499393,0.04588387,0.03988646
1771,-0.38156405,0.007119648,0.10692257,0.060060445
1772,-0.3842533,0.17429197,0.14624698,0.13997862
1773,0.18251707,-0.21471009,0.07810557,0.059282824
1774,-0.31686446,-0.22089186,0.030710798,0.026991285
1775,0.10635458,0.045249376,0.07546315,0.059503578
1776,0.14263248,0.015989095,0.045545295,0.041713677
1777,-0.014750384,0.010654084,0.033663146,0.025508944
1778,0.086312905,-0.07386023,0.033912085,0.027451862
1779,-0.03297306,-0.06349468,0.057729207,0.05006206
1780,0.03877723,-0.16299349,0.1326299,0.12222234
1781,0.000564266,0.047785312,0.052056942,0.044127267
1782,-0.05702546,-0.1189429,0.040633608,0.035937615
1783,0.027302813,0.041546084,0.036648758,0.031698313
1784,-0.27312464,-0.26267734,0.04015252,0.03540328
1785,-0.32140887,-0.119408086,0.13253121,0.10588339
1786,0.061340827,-0.11520895,0.026758784,0.022640336
1787,-0.092501305,-0.20282695,0.08705965,0.07484816
1788,0.20060475,0.52754235,0.08502919,0.09611742
1789,0.05277388,0.08178535,0.12716681,0.13069128
1790,-0.10841262,-0.046008036,0.029447941,0.022646643
1791,-0.019786164,0.009323634,0.028207937,0.02264047
1792,-0.021417594,-0.032056585,0.038957372,0.033716373
1793,-0.05467569,0.0843752,0.03281905,0.027307402
1794,0.6868442,0.42855668,0.118066385,0.090136774
1795,0.06364079,0.043929413,0.06536351,0.053933322
1796,0.04967766,0.085367925,0.034822725,0.031798165
1797,0.012413371,-0.110185355,0.052323744,0.049193732
1798,-0.11213289,0.019981928,0.058066275,0.053291462
1799,-0.0825607,0.0054557696,0.044331267,0.035330303
1800,-0.35413736,-0.022616848,0.05629925,0.042930372
1801,-0.11189605,-0.21907383,0.19712165,0.1934069
1802,0.08196181,0.22951595,0.057181302,0.06254652
1803,0.41130537,-0.14653194,0.19119796,0.14753889
1804,0.61463463,-0.31407985,0.045379553,0.03969747
1805,-0.055135973,-0.044906944,0.06824174,0.06679909
1806,-0.77295727,0.056470603,0.057872903,0.052570336
1807,-0.015296856,0.005743243,0.03598119,0.028808253
1808,0.05233023,0.008535184,0.06163917,0.05031525
1809,0.28426254,-0.23932335,0.25677308,0.20772137
1810,-0.02488748,0.024865337,0.11374444,0.12696773
1811,0.37410554,0.11480608,0.03926518,0.0317968
1812,0.03613351,0.06651229,0.05555312,0.044798806
1813,-0.290449,0.24783023,0.21012191,0.17218962
1814,-0.10568161,-0.038009748,0.053222075,0.04165948
1815,0.22582838,0.07877338,0.08252524,0.06393837
1816,0.010912083,-0.042724714,0.046881735,0.03940211
1817,0.022991423,-0.03854394,0.02484586,0.022079347
1818,0.031640578,0.33875528,0.039628115,0.03546656
1819,-0.16910909,-0.018026091,0.07986125,0.054282095
1820,-0.7530212,-0.36255834,0.08665386,0.10016453
1821,-0.058561757,0.029149555,0.07728263,0.060494427
1822,-0.10556108,-0.1594696,0.05599417,0.047827724
1823,0.15545285,-0.18419263,0.30896676,0.33781016
1824,-0.11918308,-0.15082683,0.11614753,0.11247882
1825,0.04103555,0.01594901,0.03984716,0.026884092
1826,-0.06286165,-0.010391213,0.038764734,0.030281974
1827,0.28538242,-0.13664943,0.065018736,0.05560662
1828,0.069785535,-0.022601731,0.11612483,0.09385984
1829,-0.19705938,-0.22576323,0.08900704,0.08369997
1830,-0.022698654,0.32897964,0.15780324,0.18448919
1831,-0.5207936,0.035390865,0.06457181,0.049058355
1832,0.12841906,0.051359273,0.0355739,0.028433593
1833,-0.19925688,-0.031944692,0.057599574,0.050524812
1834,-0.01714247,0.52313834,0.049441822,0.05362729
1835,-0.027283227,0.0049070045,0.02943486,0.024337497
1836,-0.053384464,0.015331738,0.19658472,0.15739387
1837,0.00153099,0.020451143,0.058966093,0.05100698
1838,0.011132725,-0.0073106885,0.05432962,0.04723875
1839,-0.10224031,0.11787821,0.1563774,0.16451788
1840,-0.4138946,0.056427043,0.118271545,0.074311316
1841,-0.112305745,-0.11108731,0.06006461,0.064326234
1842,-0.08077571,-0.06770712,0.047319464,0.037634492
1843,0.061835583,-0.16886136,0.24398738,0.22532709
1844,-0.20187205,-0.14560108,0.106882185,0.09397338
1845,-0.013820238,0.018480591,0.026814492,0.021292435
1846,-0.11139995,0.15372927,0.22637188,0.14665343
1847,0.042809162,0.0007269457,0.038118772,0.031207912
1848,-0.08251922,-0.49441347,0.08196802,0.095125556
1849,0.10290018,-0.1945478,0.18072324,0.15045066
1850,0.057299566,0.11315343,0.03841628,0.028553814
1851,0.06399687,0.07881522,0.025702398,0.02285033
1852,-0.21896659,0.24461779,0.05439917,0.039966553
1853,-0.039609563,-0.10038546,0.13568506,0.0985049
1854,0.48082915,-0.17068082,0.22050321,0.17711852
1855,0.042689543,-0.10300538,0.054395214,0.045021765
1856,0.033755045,-0.024902016,0.06359806,0.05170084
1857,-0.2795979,-0.29064485,0.05799215,0.057867907
1858,-0.20976934,0.5446488,0.045143478,0.05001151
1859,-0.05464658,0.02691172,0.058487672,0.047135487
1860,0.37028953,-0.17910117,0.041772217,0.03145355
1861,0.44376427,-0.35863727,0.040389657,0.032100316
1862,-0.053343646,-0.3844944,0.028380143,0.026338952
1863,0.03664166,0.011797078,0.06646173,0.05474418
1864,-0.05938757,-0.17654568,0.105278395,0.10742858
1865,0.034291442,-0.266086,0.030428099,0.02785573
1866,-0.08415082,-0.017567918,0.10436048,0.08490265
1867,0.21523055,0.09148885,0.060740527,0.049720857
1868,-0.042167004,-0.16295356,0.07246753,0.06785362
1869,0.6077117,-0.009057999,0.056358863,0.04292682
1870,0.2503128,0.03325638,0.06498802,0.05455686
1871,-0.23340042,-0.15620863,0.031449117,0.02479477
1872,-0.040557418,-0.15445475,0.05380684,0.05862876
1873,-0.1426189,-0.07505053,0.0372882,0.03286019
1874,-0.15017515,0.11513212,0.19210948,0.15254515
1875,-0.05294191,-0.036970675,0.02954123,0.024379946
1876,0.16358168,-0.24999166,0.03970843,0.03345909
1877,0.44080508,-0.026416078,0.057940736,0.04208132
1878,-0.084564745,-0.05949807,0.13603869,0.10619182
1879,0.028560083,0.060551062,0.03753084,0.030822176
1880,-0.03218492,0.045211848,0.04490564,0.042117182
1881,0.5964354,-0.3161026,0.04659538,0.04267178
1882,0.13434283,-0.74908614,0.19287832,0.19495216
1883,0.099332735,0.22876447,0.056514464,0.053627502
1884,-0.022495158,0.08595716,0.09647726,0.085325144
1885,0.0110165365,0.021562546,0.058191136,0.049822222
1886,0.109924704,-0.04971111,0.03531996,0.030570185
1887,0.1503946,-0.18397966,0.06741476,0.057368662
1888,-0.35770118,-0.0023634732,0.14511314,0.10079168
1889,0.005582176,-0.14982724,0.05240158,0.058390014
1890,-0.018537505,-0.029333815,0.09949215,0.07649184
1891,-0.033468332,-0.03667836,0.049820144,0.043353755
1892,0.15936413,-0.034688234,0.03454327,0.026200777
1893,-0.048642404,-0.14720243,0.09339246,0.083242714
1894,-0.010279687,-0.019890033,0.02815451,0.023065135
1895,-0.021915384,0.13012111,0.07150855,0.063352704
1896,0.14115101,0.17133147,0.029633699,0.027270615
1897,0.0009970963,-0.2301344,0.11867923,0.11748403
1898,0.15553015,-0.23694777,0.03659003,0.03300333
1899,0.74152184,0.61043966,0.07365343,0.054130897
1900,0.6428068,0.59595084,0.037675045,0.03701168
1901,0.06650101,-0.09694666,0.025252547,0.021693703
1902,-0.5959805,-0.59087586,0.059720017,0.05953642
1903,-0.019284703,0.01475779,0.10751349,0.0944413
1904,0.02858597,-0.036185265,0.035952553,0.027214449
1905,0.08247842,0.082463175,0.077763066,0.06666035
1906,-0.57260287,-0.27701294,0.03904141,0.035369284
1907,0.06313297,-0.05379024,0.03508795,0.033450074
1908,-0.5435043,-0.2718172,0.19012043,0.15028898
1909,0.4453889,-0.27598017,0.109860465,0.08442819
1910,-0.41323793,-0.60882556,0.044270024,0.048487194
1911,0.28130314,-0.44820938,0.044016004,0.04026797
1912,-0.10385272,0.37960827,0.026761798,0.026322395
1913,-0.22272405,0.21852273,0.06817548,0.054965723
1914,-0.2869073,0.5231645,0.116123036,0.100122586
1915,0.018607512,-0.012252219,0.05023074,0.038746417
1916,-0.5550118,0.022542693,0.10687082,0.08449478
1917,-0.017454155,-0.12069236,0.03897331,0.04096882
1918,-0.4223615,-0.60989594,0.048770934,0.048362657
1919,0.56832975,0.545573,0.1233051,0.10677143
1920,-0.1384519,0.30163687,0.06300388,0.05373932
1921,0.39344314,-0.46210226,0.059730574,0.0646791
1922,-0.012592608,-0.13833539,0.054958086,0.047897525
1923,-0.057460874,0.0053215474,0.031509884,0.025813436
1924,-0.019281106,0.04108364,0.027635602,0.022759791
1925,0.94330597,0.40094146,0.048804544,0.049667418
1926,-0.13039148,0.11405298,0.18707705,0.1644729
1927,-0.030475676,-0.2490933,0.32085875,0.23235461
1928,-0.0888529,0.08412431,0.03353093,0.0273268
1929,-0.008904157,-0.09849571,0.10713454,0.10958612
1930,-0.13318229,0.64767146,0.09236541,0.099686764
1931,-0.024593307,-0.059713393,0.031565327,0.027875178
1932,-0.06285145,-0.16276708,0.027172694,0.023353945
1933,-0.025940154,0.0029207692,0.03735308,0.029962933
1934,-0.14239952,0.38894445,0.043257676,0.04052984
1935,0.06580356,-0.06664927,0.081671,0.06799256
1936,-0.42451093,-0.32310796,0.06807637,0.051208388
1937,-0.09235784,0.031688206,0.056256775,0.054858375
1938,-0.39501542,-0.56768036,0.113120906,0.12637138
1939,-0.034813195,-0.08943239,0.17060483,0.14185297
1940,0.10377999,0.0038689524,0.042952236,0.037312943
1941,0.14504942,-0.64711845,0.072940096,0.07256728
1942,0.060096797,-0.2721147,0.09650043,0.08728338
1943,-0.051047765,-0.089548826,0.0783739,0.07199148
1944,0.042718995,0.1140085,0.1149159,0.113362044
1945,0.14212513,0.38279104,0.050153308,0.045197535
1946,0.17049916,-0.5845957,0.092677966,0.10510426
1947,-0.08622037,0.07410785,0.08340245,0.07672587
1948,-0.06991288,-0.04556848,0.060667157,0.05398436
1949,-0.046112906,-0.01902926,0.059888575,0.042575955
1950,-0.2885079,-0.28156736,0.065084755,0.062323064
1951,0.36480424,0.63374937,0.052692495,0.053630657
1952,0.09109923,-0.00020261854,0.037394084,0.032312926
1953,0.52035624,0.0629687,0.16622172,0.097919546
1954,-0.3701374,-0.33878797,0.07026131,0.068153
1955,0.04672114,0.020573668,0.04511328,0.041295134
1956,-0.112788275,0.005856544,0.17120232,0.1409228
1957,0.12766525,0.16057071,0.058999803,0.061792713
1958,0.489773,0.12898171,0.044970717,0.033349592
1959,0.0058641545,0.042728934,0.060293365,0.052111324
1960,-0.009478932,-0.058251485,0.06259054,0.050745446
1961,0.07781626,-0.1938442,0.048134368,0.038977034
1962,-0.01159047,0.45909718,0.07455705,0.076216236
1963,-0.06279993,-0.2501863,0.05154825,0.060622167
1964,-0.074265376,-0.057709903,0.0937213,0.07560736
1965,-0.045864627,0.0042517483,0.028260203,0.021967912
1966,0.42780492,-0.009075344,0.04463184,0.034363963
1967,-0.050629288,0.020844646,0.043018702,0.032627523
1968,0.015220109,-0.21208838,0.16178869,0.1566092
1969,-0.08614468,-0.117574245,0.06713434,0.0604543
1970,-0.010628521,-0.07179205,0.053228628,0.052362088
1971,0.48030552,-0.109425575,0.041747175,0.03825872
1972,0.007671647,0.027755156,0.029131193,0.024850579
1973,-0.23119639,-0.14913572,0.1288121,0.08285101
1974,-0.4327188,0.10626013,0.13840225,0.09985013
1975,-0.58853495,-0.49869457,0.19977945,0.1949822
1976,0.30880064,0.031098656,0.07587851,0.05762833
1977,-0.026827298,-0.074269176,0.051961996,0.040699553
1978,-0.13817266,-0.62285733,0.05023244,0.054215465
1979,-0.12565562,0.20495604,0.045423407,0.03711395
1980,0.10745856,-0.46372738,0.038295135,0.047998272
1981,-0.10683894,0.40159315,0.061999347,0.06141858
1982,-0.019821284,0.010499835,0.08919154,0.10178155
1983,-0.13071842,0.007836863,0.03108748,0.024606496
1984,-0.18624431,-0.17740455,0.04022844,0.035250526
1985,-0.015711257,-0.09347497,0.094183706,0.06381657
1986,-0.43615484,0.24504654,0.12905751,0.0816172
1987,0.0061594844,0.045155466,0.02766181,0.021634413
1988,-0.067200825,-0.0057263523,0.0440873,0.038613122
1989,-0.025796013,0.014742374,0.07361257,0.05834565
1990,-0.00053213537,0.087462574,0.05816964,0.05291045
1991,-0.29194227,-0.06805609,0.03317419,0.023990985
1992,-0.19709478,0.3346115,0.14343736,0.13439105
1993,0.34111172,0.46079192,0.05672241,0.05079051
1994,0.009740975,-0.2463406,0.05166476,0.05012236
1995,-0.06765853,-0.04715213,0.02634563,0.020620223
1996,-0.35103887,0.09946203,0.14824477,0.10905603
1997,-0.03278501,0.0046499074,0.10195802,0.10216518
1998,-0.3149564,-0.38820678,0.0345656,0.034652237
1999,0.08966154,0.38090777,0.049292047,0.046586946
2000,-0.07092497,0.02286563,0.08415078,0.05823807
2001,-0.2721308,-0.24964982,0.12483386,0.10886516
2002,-0.046739526,0.07690464,0.058105756,0.054209206
2003,0.061239656,-0.09476927,0.03978175,0.03363227
2004,-0.06200292,0.13458721,0.029086495,0.025082357
2005,0.001570601,-0.00872574,0.035389464,0.028945224
2006,0.064891145,0.15709937,0.033412647,0.03145605
2007,0.027348917,-0.032830372,0.024466816,0.019345867
2008,0.0034243688,-0.613829,0.05767059,0.062950134
2009,0.16888034,0.06608715,0.08834833,0.076178335
2010,0.037309606,-0.062626585,0.05187359,0.04446828
2011,-0.020313028,0.0049081445,0.030056953,0.028233906
2012,0.0035349056,0.018564358,0.03522376,0.029871736
2013,0.1143083,-0.046334878,0.12879238,0.12216736
2014,0.011490233,-0.03817591,0.031445194,0.026757574
2015,-0.028886821,-0.012319915,0.037880745,0.029541843
2016,0.008620784,0.030157737,0.052240815,0.04177942
2017,-0.051954716,0.16691159,0.048500802,0.04661844
2018,-0.03200303,-0.1046264,0.05572282,0.05478944
2019,-0.070875846,-0.04498844,0.12555131,0.09998241
2020,0.08160117,-0.23189929,0.041355386,0.037167713
2021,0.06694481,0.30179703,0.075673506,0.06302846
2022,-0.045626417,-0.10417268,0.107774355,0.09315349
2023,-0.3825522,0.44502968,0.06419736,0.050611172
2024,0.03249154,-6.8202615e-05,0.032155387,0.025773803
2025,0.107275605,-0.14648595,0.06459941,0.054872707
2026,-0.13638096,-0.06010902,0.12148509,0.099762194
2027,0.017711136,0.17022002,0.024873072,0.022425072
2028,-0.7346698,0.23084362,0.10238218,0.07898146
2029,0.12626262,-0.20192078,0.031325042,0.024486966
2030,0.10349168,0.7217113,0.0437852,0.047100462
2031,-0.072484046,-0.07092467,0.08788769,0.07781851
2032,-0.013917118,0.4659143,0.037777323,0.035527818
2033,0.10034867,0.0891282,0.050573856,0.041550696
2034,-0.12041058,0.005768031,0.23859745,0.2169467
2035,0.112938076,-0.0457751,0.15265101,0.12174111
2036,0.015414581,-0.39873764,0.15660118,0.18162169
2037,-0.7545653,-0.04894565,0.051615734,0.038313266
2038,-0.20670821,0.47377387,0.1459629,0.1683354
2039,0.08339168,0.035479467,0.026728258,0.020811044
2040,0.026898663,-0.030802459,0.054712985,0.040248077
2041,-0.33636993,0.0010870099,0.11099007,0.08322711
2042,-0.18217029,0.11452702,0.09016947,0.07209246
2043,0.18598744,-0.4432318,0.072803214,0.07909511
2044,0.5913048,-0.11131351,0.06265929,0.05628587
2045,-0.25969696,-0.6739533,0.053971305,0.056681972
2046,-0.037417814,-0.02052579,0.045938864,0.03537901
2047,0.23910716,-0.030680448,0.07763005,0.0549837
2048,-0.032726146,-0.1882639,0.06903143,0.07308453
2049,0.3362831,0.1646502,0.038927678,0.03406132
2050,-0.041709095,-0.08037658,0.116326585,0.104835324
2051,-0.025398523,0.0115237385,0.03537727,0.027950916
2052,-0.04553354,0.3180825,0.0419597,0.038857963
2053,0.036734622,0.023760453,0.03384421,0.030837826
2054,-0.103376746,0.055620573,0.06529228,0.054283753
2055,0.84604365,-0.24307519,0.11332039,0.08669894
2056,0.0065453425,-0.010636948,0.070231855,0.061554745
2057,0.07490426,-0.043415546,0.04554518,0.042347763
2058,-0.01129668,0.0113317445,0.026496908,0.021033501
2059,-0.39176786,0.4712143,0.08300196,0.07276953
2060,-0.07016724,0.028661259,0.032325186,0.023918284
2061,-0.009702157,0.02779127,0.028638512,0.023633968
2062,-0.4341374,-0.032818124,0.13427496,0.08623039
2063,-0.10612786,0.06608346,0.13423245,0.1104512
2064,-0.0668072,0.0936847,0.08238703,0.0660011
2065,-0.019029006,0.03441586,0.028500183,0.022526164
2066,0.1409594,-0.092137754,0.052985128,0.041316945
2067,0.52125883,-0.016292714,0.09167127,0.071111694
2068,-0.50481254,0.67084944,0.076118246,0.067341596
2069,0.0063679963,-0.04867412,0.03794491,0.031529743
2070,-0.0020685494,0.049371045,0.0467649,0.048359647
2071,0.36291826,-0.5553566,0.107681885,0.11190607
2072,0.32925668,-0.12143296,0.0580881,0.039548323
2073,0.027210414,0.015237339,0.034265913,0.026897512
2074,-0.22851232,-0.059040785,0.03629738,0.028837604
2075,0.19319363,-0.33682635,0.042246245,0.039491598
2076,-0.5497977,-0.18597165,0.062896535,0.045168463
2077,-0.055234943,0.11129807,0.080474764,0.07076811
2078,-0.45041826,0.07695796,0.15928477,0.15708977
2079,-0.37556362,-0.13475335,0.108732045,0.08451525
2080,0.026347253,0.041733723,0.025108052,0.021274908
2081,0.008737065,-0.018421143,0.022094848,0.018258715
2082,0.07787213,0.025021896,0.123764776,0.1290702
2083,-0.06245101,-0.09894167,0.040812045,0.031140652
2084,-0.37778008,-0.43803957,0.07383736,0.07377763
2085,-0.14682728,0.48202127,0.041920383,0.038316395
2086,-0.10355328,0.05538825,0.029351745,0.023759449
2087,0.092950284,-0.059780672,0.07355376,0.08340747
2088,0.12817171,0.01722569,0.055460867,0.045064542
2089,0.10298206,0.06733142,0.12425318,0.109447084
2090,0.0461916,0.06200652,0.027851846,0.024318112
2091,-0.0038187262,0.115741245,0.052864492,0.041218597
2092,0.07649951,-0.035863176,0.04612808,0.04099587
2093,-0.05058803,0.028530978,0.16745262,0.14975931
2094,-0.1362156,0.12406149,0.026913831,0.025278276
2095,0.038031656,-0.012687013,0.04996519,0.03876966
2096,-0.47417557,-0.43949154,0.0565905,0.055342928
2097,-0.013779791,-0.11608024,0.052833173,0.05613267
2098,0.16827327,-0.118422925,0.03601235,0.027945925
2099,-0.63454854,-0.30751637,0.057969756,0.05292322
2100,-0.26691636,0.1770917,0.05459391,0.049196564
2101,-0.28571746,-0.7244724,0.03719873,0.038006324
2102,0.042181674,-0.0038924813,0.07943809,0.07777577
2103,0.83192503,-0.4804853,0.0473754,0.041741602
2104,0.005659431,-0.010427348,0.029349197,0.023122098
2105,-0.33627722,0.19425377,0.10249668,0.084955625
2106,-0.36572427,0.26478165,0.039367754,0.032974485
2107,0.0809768,0.32655504,0.121891156,0.123553485
2108,0.18378635,-0.21662003,0.030933194,0.02651583
2109,-0.74042386,-0.32819954,0.045468297,0.037975166
2110,-0.32227388,0.023171112,0.042368975,0.030664867
2111,-0.20794815,0.043565348,0.033488277,0.024835244
2112,0.26851583,-0.14192271,0.054395333,0.043993033
2113,0.10867947,0.47269648,0.056871645,0.06215007
2114,-0.07654969,0.10385344,0.05275096,0.042895805
2115,0.27623147,-0.5673027,0.0565477,0.057307202
2116,0.2433277,0.120776504,0.14133854,0.11875962
2117,0.35973227,0.17087227,0.049714204,0.039874915
2118,0.32964012,0.098392725,0.09140671,0.06643758
2119,0.12768756,-0.13509668,0.24670331,0.23919867
2120,-0.09229028,0.10920174,0.08573309,0.0664359
2121,0.012505058,0.004343182,0.023844032,0.018149234
2122,-0.05310613,-0.06887312,0.040791783,0.035058197
2123,0.45872644,0.43631375,0.054103106,0.04529615
2124,0.31002444,-0.15821618,0.10884817,0.0793692
2125,-0.2535996,-0.78295946,0.03145016,0.03645784
2126,0.21841449,-0.10619937,0.071611196,0.060849253
2127,0.07281053,-0.055287316,0.027808836,0.022605594
2128,0.1545807,0.29113576,0.035451025,0.030516326
2129,0.030084018,-0.08546509,0.11346139,0.08742863
2130,-0.0015140548,0.0067417994,0.025282186,0.019708661
2131,-0.024120577,0.019676998,0.052340604,0.04188327
2132,0.0034084208,0.011859477,0.044138744,0.033502545
2133,-0.014605947,0.014696375,0.10809006,0.07827851
2134,-0.04744219,-0.016620524,0.040506545,0.036564067
2135,-0.15130915,-0.47667572,0.031548,0.031899087
2136,-0.01850462,0.10894511,0.12848485,0.08620191
2137,-0.27815205,0.19858325,0.07099034,0.070025735
2138,-0.16997804,-0.020659402,0.17973055,0.21056321
2139,0.16127014,-0.02553676,0.08418815,0.058293454
2140,-0.042566806,0.046886377,0.045741867,0.033249363
2141,0.783767,-0.37893593,0.1508799,0.14915444
2142,-0.029241525,-0.010224976,0.040970307,0.03663523
2143,0.24767008,0.18197949,0.1255473,0.08041889
2144,-0.05566398,0.100586526,0.1451953,0.13113177
2145,0.22517642,0.72826266,0.051747277,0.07457246
2146,0.3186969,0.15293935,0.040372826,0.039251123
2147,0.11986585,-0.07312447,0.09919198,0.0828699
2148,0.021535609,0.009869292,0.04509448,0.03538712
2149,-0.5283095,0.10532084,0.087916516,0.067234665
2150,0.050632652,-0.069135085,0.032054838,0.027121523
2151,0.084833056,0.06756549,0.03996732,0.032733712
2152,0.010519862,0.5464118,0.08000311,0.070536695
2153,0.018360112,-0.03653349,0.056339033,0.045486197
2154,-0.07635024,-0.04167351,0.06768663,0.06389641
2155,0.010647118,-0.0445264,0.06236253,0.059760753
2156,0.046495225,-0.022338033,0.06982049,0.06188914
2157,-0.03038457,-0.022614278,0.052153464,0.044749387
2158,-0.2664042,0.006609127,0.050632104,0.038545027
2159,0.07849802,0.06492517,0.07447738,0.055710416
2160,0.002875086,0.03659545,0.032317225,0.026597818
2161,-0.042552464,0.008410774,0.044274464,0.03605392
2162,-0.053563595,0.00959938,0.1161139,0.102505945
2163,0.27734813,-0.31285527,0.05255349,0.048363004
2164,0.042525705,0.14514256,0.04893737,0.04260064
2165,-0.1961511,-0.1595166,0.058678236,0.060430676
2166,-0.07610312,0.063371405,0.04338587,0.03271503
2167,0.0068947,0.01374653,0.048568714,0.039201565
2168,0.7272909,0.15647979,0.09832268,0.077265434
2169,0.091552004,-0.2400097,0.039775334,0.03583181
2170,-0.24111108,-0.40847006,0.041641753,0.041642528
2171,0.69947153,0.48879695,0.043035604,0.04141851
2172,-0.059925467,0.07470004,0.038448516,0.030297535
2173,-0.1278829,0.031497516,0.0905034,0.07326775
2174,-0.12736036,-0.09232403,0.14462604,0.11299632
2175,-0.002152985,-0.033061415,0.03901814,0.034795474
2176,-0.26609477,0.2328434,0.12917979,0.10850277
2177,-0.038713332,-0.1322882,0.05312949,0.041500136
2178,0.08234191,-0.038062364,0.04471893,0.035860002
2179,0.32794872,0.6164217,0.048932143,0.0548204
2180,0.23192918,0.044414647,0.20660637,0.18062763
2181,-0.5528983,-0.10549098,0.072035246,0.06351539
2182,0.08081491,-0.11355446,0.06587973,0.059555378
2183,-0.0023341626,0.008287393,0.031485163,0.026140533
2184,-0.035651103,0.18117371,0.028423479,0.024907965
2185,0.4974632,-0.071084216,0.20998953,0.17249797
2186,-0.066746965,-0.13299173,0.07375399,0.07672279
2187,0.2670004,-0.34555265,0.16028771,0.15166563
2188,0.17606208,-0.14155316,0.052260052,0.0436593
2189,0.10186842,-0.017793648,0.068684466,0.05771649
2190,-0.38581288,0.4486546,0.05770682,0.05295412
2191,-0.3637952,0.6361815,0.07343436,0.07365362
2192,0.25392663,0.5658057,0.0658314,0.05793641
2193,-0.05141358,-0.0020667687,0.057820126,0.053732045
2194,0.104020774,0.07602477,0.044487488,0.036611233
2195,0.3621363,-0.17469427,0.079365306,0.070639744
2196,-0.011720173,-0.16215205,0.08438604,0.083016485
2197,0.2310499,-0.10045792,0.43458638,0.43589187
2198,-0.5893319,-0.17226142,0.040579922,0.029224006
2199,-0.056848582,0.06860958,0.093011804,0.088873506
2200,0.19223721,0.08969639,0.06673877,0.05908489
2201,0.18568368,-0.2183828,0.058110703,0.05645699
2202,-0.11596607,0.10928341,0.04338565,0.03365734
2203,-0.22293234,-0.5235143,0.036870874,0.0388661
2204,0.032384235,-0.028727569,0.10392348,0.09750622
2205,-0.002774544,0.025996827,0.035241943,0.026303781
2206,0.024200417,0.13928452,0.10889733,0.091883555
2207,-0.13428955,0.14707391,0.12319096,0.1246906
2208,-0.06141883,0.019149706,0.035144463,0.026997047
2209,-0.5663218,-0.08250287,0.1618098,0.122710325
2210,-0.1351634,0.005384527,0.06360914,0.04976153
2211,0.33126128,0.10509771,0.052815866,0.041420892
2212,-0.63283867,-0.27948406,0.06232814,0.04867377
2213,0.025974948,-0.012219921,0.057230167,0.041658297
2214,0.084674716,0.02831415,0.14657341,0.13153516
2215,0.017751865,-0.1110896,0.056657422,0.055930495
2216,-0.04093843,0.45763555,0.08838326,0.09069522
2217,0.09360075,0.03582527,0.063212045,0.05176206
2218,-0.19118237,-0.14503707,0.20838447,0.1783606
2219,-0.13582273,-0.3538141,0.047218263,0.05151474
2220,0.3918786,0.046595987,0.0460082,0.03387455
2221,0.05182704,-0.14396188,0.110880695,0.11239486
2222,0.06472927,-0.37982872,0.029123899,0.028489953
2223,0.33062643,-0.38206148,0.04888912,0.046877053
2224,0.13571186,0.4243234,0.03675253,0.03369029
2225,0.34925586,-0.20713612,0.047307983,0.040804356
2226,0.15003568,-0.18352506,0.24590288,0.23905502
2227,0.16774711,-0.02235233,0.038421325,0.028751539
2228,-0.086100265,-0.02459921,0.043193404,0.035053708
2229,-0.2865599,-0.23155633,0.054756314,0.042158704
2230,-0.16562168,0.24999772,0.030580848,0.02642281
2231,0.011539716,-0.015665673,0.033916004,0.027953573
2232,0.053714577,0.053788833,0.068640605,0.055546016
2233,0.04008301,-0.018565059,0.057273168,0.059161454
2234,-0.07585348,-0.14576995,0.10703151,0.10883371
2235,-0.043375313,0.13483396,0.027916422,0.025140114
2236,0.13245352,0.42385843,0.14832401,0.12839833
2237,0.11941315,-0.015224867,0.09282898,0.07345357
2238,-0.44765505,-0.13559003,0.054839604,0.04038869
2239,-0.22625332,-0.759593,0.046289146,0.061460376
2240,-0.4382428,-0.5114231,0.08487393,0.064213544
2241,0.37096682,-0.036619365,0.07067571,0.052745413
2242,-0.033510875,-0.055653155,0.12243491,0.09880597
2243,0.2706672,-0.003052421,0.059378684,0.04262834
2244,0.76714015,-0.23672149,0.0472758,0.048676103
2245,0.050873768,0.11646052,0.049941834,0.04019175
2246,-0.014673272,-0.025454916,0.035779465,0.028026704
2247,0.29509154,0.17205696,0.03553962,0.027458942
2248,-0.16656898,0.34922436,0.040395614,0.034712046
2249,0.040802974,-0.17824054,0.09333329,0.078115925
2250,-0.12336917,-0.41743478,0.033868067,0.032127194
2251,0.059376735,0.20509648,0.10540318,0.108089134
2252,0.02571246,-0.05622758,0.08570596,0.07548869
2253,0.06409103,-0.0025130585,0.03279033,0.028413486
2254,0.050305996,-0.22581002,0.057102602,0.048725184
2255,-0.16764902,0.05975351,0.13047677,0.107619725
2256,-0.16423032,-0.5355828,0.038440026,0.04631907
2257,-0.17886123,0.09743382,0.1044568,0.08817253
2258,-0.03156065,0.1288948,0.030497368,0.025417304
2259,0.0048741847,0.026922114,0.03733299,0.028049415
2260,-0.08988641,-0.016940594,0.06786519,0.052546177
2261,-0.0083112195,0.04034763,0.040770378,0.03405033
2262,0.08417818,0.17671031,0.027882686,0.025422223
2263,0.029062472,-0.035498977,0.09368754,0.07801166
2264,-0.026589524,0.05610887,0.033102922,0.029992634
2265,0.033203553,0.08250891,0.07643228,0.06811611
2266,0.30017027,0.6269196,0.048643883,0.054145128
2267,-0.29990458,0.44473672,0.035935186,0.037094165
2268,-0.17858149,0.20381656,0.059068024,0.054608922
2269,0.01741371,-0.012658551,0.027987713,0.021905717
2270,0.2613113,-0.17006224,0.06789317,0.073582284
2271,-0.18609083,0.47086,0.05499555,0.04798145
2272,0.52052903,-0.09103322,0.06923257,0.056610648
2273,0.035784956,-0.026026204,0.06485832,0.0543406
2274,0.013636287,0.47991177,0.1945499,0.20756508
2275,-0.023390438,-0.37315,0.0669067,0.06779856
2276,0.05683544,0.018495552,0.081663854,0.061884906
2277,0.07436359,-0.27400693,0.13713787,0.12856348
2278,-0.1402418,-0.0704429,0.15371986,0.12325799
2279,-0.049791742,0.027245477,0.04144505,0.033531893
2280,0.43612543,-0.2836198,0.03273438,0.030546136
2281,-0.13431525,0.17395103,0.028823266,0.025103517
2282,0.063687876,0.2042603,0.09276162,0.111559615
2283,-0.10543342,-0.31890443,0.1440198,0.16720551
2284,-0.20951892,0.33407295,0.123157024,0.12426753
2285,-0.20100357,0.5854647,0.06553369,0.056541625
2286,0.17710337,-0.0762513,0.044190988,0.032858964
2287,0.1786056,-0.7297101,0.26756302,0.26754233
2288,0.09015407,0.11083729,0.03633475,0.031262565
2289,0.046516333,-0.0731702,0.07201206,0.06867007
2290,0.21614589,-0.067414925,0.051070467,0.038891703
2291,0.2658718,0.090010405,0.27498904,0.25859168
2292,0.3056635,-0.10682346,0.14791486,0.12379451
2293,0.09103185,0.13588636,0.03617563,0.031075139
2294,-0.23810855,-0.20436984,0.11162924,0.09883741
2295,-0.006086638,0.020142555,0.03265765,0.029693147
2296,-0.053558074,-0.09893714,0.114511244,0.118074454
2297,-0.1351451,0.22179504,0.030455856,0.027999852
2298,-0.14935899,0.083940454,0.07095469,0.0621774
2299,0.050865818,-0.030718848,0.055608604,0.051145684
2300,0.08672176,-0.1751745,0.05787267,0.04744859
2301,0.4333817,0.4258043,0.040617816,0.040922258
2302,0.053568404,0.0020801201,0.059507307,0.048913505
2303,0.19632031,0.02035901,0.06344479,0.055924468
2304,-0.0039666817,-0.15247324,0.050572492,0.04747835
2305,0.06736007,0.16295907,0.09818513,0.06854668
2306,0.42510378,-0.65425193,0.100610994,0.10915836
2307,0.120123565,0.56546354,0.037830822,0.042069964
2308,0.1502943,0.048080996,0.030402083,0.025341844
2309,-0.0023886878,-0.04784508,0.06110854,0.06404597
2310,0.04867227,0.009039789,0.08533179,0.068926066
2311,0.04662821,0.2145651,0.03563165,0.029459955
2312,0.16001962,-0.24182191,0.04298673,0.0355945
2313,0.044470247,0.03752039,0.08705561,0.0759125
2314,-0.04015878,-0.039380103,0.089412324,0.064997606
2315,-0.06828598,0.032162145,0.03511384,0.02818523
2316,0.034960438,-0.013210021,0.027028129,0.02251926
2317,0.031084869,-0.17257878,0.07312227,0.06842781
2318,0.3738897,-0.32819724,0.05849329,0.04763135
2319,0.16972002,-0.39560264,0.10325689,0.09777257
2320,-0.028116163,-0.1278518,0.07698476,0.07914363
2321,0.26716104,0.045113113,0.07135349,0.049516745
2322,-0.025364373,0.001531288,0.05231074,0.040838666
2323,0.220822,0.37338486,0.079137124,0.081694216
2324,-0.086295836,-0.25882676,0.07031965,0.068707176
2325,-0.06662679,0.14364716,0.17051418,0.124359995
2326,0.05417717,0.087733075,0.03706778,0.029082239
2327,-0.0762351,0.5327877,0.1167793,0.108811416
2328,-0.10297194,-0.006729014,0.078365296,0.06774893
2329,0.3146955,-0.089254335,0.033773795,0.026624132
2330,0.11878905,0.26346025,0.046890948,0.04755311
2331,-0.41866532,0.09928428,0.1212565,0.107210785
2332,0.050187048,-0.047301844,0.034500882,0.028434312
2333,-0.04334815,-0.09644839,0.036277834,0.030037919
2334,-0.027918756,0.055892963,0.03197171,0.02582668
2335,-0.052103348,0.040852416,0.07727534,0.07454689
2336,0.066354305,-0.059388816,0.026331462,0.022429124
2337,0.14353548,0.06896181,0.037184257,0.029077696
2338,0.0683586,-0.19319397,0.037990015,0.029870808
2339,-0.07384473,0.010946222,0.03190024,0.02505658
2340,0.22473443,0.116595164,0.045690853,0.04123204
2341,0.07016294,0.007385917,0.02861511,0.024392385
2342,0.044930127,-0.07974453,0.033383824,0.027348788
2343,0.23331723,0.2585472,0.09810657,0.09530075
2344,0.18672587,0.0019197613,0.090021856,0.08430182
2345,-0.045168944,0.03188116,0.04409232,0.0369307
2346,-0.12897338,-0.15048526,0.036211733,0.028585218
2347,0.5112411,-0.5447,0.052586067,0.050189193
2348,-0.18051067,-0.36576217,0.03647176,0.032139827
2349,-0.09831527,0.028130524,0.052562997,0.04589039
2350,-0.061276414,0.45326084,0.12322132,0.10382703
2351,0.23393753,0.6350093,0.071726486,0.084167644
2352,-0.21540076,-0.2838154,0.037972566,0.031762417
2353,-0.3841199,0.084921114,0.2086621,0.11680952
2354,0.048884045,-0.09593062,0.07908712,0.064968295
2355,0.03097481,0.032756597,0.028933873,0.023865521
2356,-0.00097488426,0.09495446,0.08943446,0.07888736
2357,0.08735728,-0.11782792,0.04247135,0.030959925
2358,-0.7510824,-0.2366809,0.1131573,0.080711484
2359,0.0030360036,-0.06658703,0.045468744,0.034600865
2360,0.041986387,-0.043326825,0.07825606,0.0639626
2361,-0.26964325,-0.33642882,0.08710729,0.07879254
2362,0.09117746,0.7631893,0.054551117,0.06267231
2363,-0.19435999,0.021869257,0.04966804,0.035291195
2364,0.0066236816,-0.07644573,0.059089817,0.05251233
2365,-0.008377513,-0.008316122,0.04579767,0.038218934
2366,-0.38148972,-0.28774002,0.078927286,0.08054329
2367,0.10051143,-0.028797925,0.04289971,0.036381442
2368,-0.01421053,0.04978102,0.17190816,0.13408297
2369,-0.15049228,0.16160631,0.04379079,0.035515998
2370,0.08079173,0.06761947,0.06788091,0.056516964
2371,-0.8212591,0.2077907,0.0632539,0.04960744
2372,0.16490903,0.021597952,0.081054695,0.05265007
2373,-0.01187337,-0.03221804,0.12723914,0.12543878
2374,-0.17955966,-0.068379134,0.0785023,0.05801622
2375,-0.47724977,0.17668325,0.066154264,0.055318944
2376,-0.5380872,0.25305212,0.080473445,0.071930856
2377,0.008419566,0.078258775,0.1547527,0.13580322
2378,-0.27904713,-0.5145055,0.03422732,0.03148221
2379,0.028640963,0.08249995,0.051058345,0.046227638
2380,-0.23334849,-0.30739018,0.09569651,0.080734
2381,0.51000875,0.097774416,0.059618384,0.048404112
2382,0.17483838,0.7516506,0.067043826,0.06906241
2383,0.033201303,-0.018018179,0.033524703,0.028182428
2384,-0.056704007,0.020798132,0.04527269,0.03751701
2385,0.41087505,0.066058904,0.059165217,0.04745107
2386,0.025347114,0.024037883,0.024535568,0.017694585
2387,-0.017340438,-0.0019557625,0.031465527,0.026497006
2388,0.012515087,-0.04847923,0.07356672,0.06338751
2389,-0.10302858,-0.34273094,0.10777104,0.12789868
2390,-0.27082482,0.057916407,0.052320007,0.03544822
2391,0.7097175,0.41064504,0.053088576,0.03477574
2392,-0.05286563,-0.06767364,0.026927756,0.021996194
2393,0.13509753,-0.041931093,0.16537961,0.13437024
2394,-0.49025315,-0.07114102,0.04261416,0.033481836
2395,0.12727365,0.18995327,0.10404284,0.09442228
2396,-0.049597524,-0.07477243,0.087318145,0.07934517
2397,-0.08205162,0.005423337,0.06521108,0.047198363
2398,-0.1977342,-0.20538321,0.06149021,0.056186266
2399,0.645892,-0.5633235,0.067815974,0.05779122
2400,-0.044497125,-0.056169912,0.051644146,0.04634754
2401,-0.12054345,0.33945602,0.10866809,0.10346644
2402,-0.015766984,0.07717374,0.031063447,0.027167363
2403,0.09556796,0.056395043,0.03911008,0.035349514
2404,-0.057279617,-0.06311487,0.06561999,0.058563977
2405,0.71864665,0.13588044,0.062360175,0.041516073
2406,-0.019168664,0.003036499,0.025681835,0.021426817
2407,-0.12731972,-0.262191,0.1000657,0.08336293
2408,0.10986565,-0.19850561,0.03953691,0.034632012
2409,-0.014756992,-0.022023968,0.032676347,0.027893629
2410,0.03847136,-0.14865193,0.114803985,0.112603344
2411,0.104289025,0.07633154,0.040734217,0.03260648
2412,-0.455074,0.14033702,0.04650685,0.034219168
2413,-0.06221033,-0.08389087,0.066931106,0.056017324
2414,-0.33799028,-0.15364362,0.054633867,0.042642023
2415,-0.08733317,-0.1247714,0.06307417,0.049152978
2416,-0.5706954,0.051651713,0.15283194,0.16283707
2417,-0.6207784,0.6805029,0.11300591,0.115059435
2418,-0.1126689,-0.047053263,0.14008981,0.113331504
2419,0.04650115,-0.07588121,0.16693784,0.13194104
2420,0.11228047,-0.21031871,0.029127372,0.025525138
2421,-0.08170532,-0.12530933,0.104169935,0.08349993
2422,-0.06319842,-0.1409309,0.08290595,0.08114385
2423,0.24719205,-0.13648616,0.11834252,0.0898167
2424,-0.18234375,-0.20832616,0.038392995,0.033265434
2425,0.23529947,-0.22156852,0.036221504,0.033882953
2426,-0.13156009,-0.064287156,0.12828313,0.114992864
2427,0.14288653,-0.15009482,0.06284089,0.05398979
2428,-0.033111565,-0.011532262,0.03291515,0.028346807
2429,0.01817396,0.014559083,0.058138266,0.07230726
2430,0.41914654,-0.2505343,0.048058927,0.040849227
2431,-0.055128284,0.03178762,0.113761775,0.10581624
2432,0.31940448,-0.321243,0.055194676,0.04522086
2433,0.022793978,0.0997469,0.029999455,0.027631512
2434,0.034900915,-0.07784064,0.029703831,0.024147665
2435,-0.047896102,0.1441205,0.02910653,0.026423128
2436,0.04299557,-0.095327646,0.065674126,0.049982607
2437,-0.48515153,-0.0006854087,0.06755873,0.055582553
2438,0.37167943,0.15561762,0.038142297,0.032889865
2439,-0.1137926,-0.03611046,0.029292818,0.022995993
2440,0.06359528,0.10923588,0.05356789,0.04630622
2441,0.7616185,-0.14303675,0.054345094,0.044136114
2442,0.331956,-0.040586025,0.03600787,0.026875341
2443,-0.17511635,0.13215408,0.056430753,0.051208675
2444,0.047843855,-0.15603572,0.09138518,0.08387626
2445,-0.08146036,0.14247769,0.16198246,0.16288726
2446,0.03988305,-0.33303392,0.03532008,0.033202752
2447,0.024516955,0.031461857,0.03243344,0.02755254
2448,-0.056061137,0.053275127,0.07558995,0.07141288
2449,-0.03919551,0.029115878,0.033123795,0.029096114
2450,-0.016690055,0.0071889237,0.041658446,0.032735985
2451,0.10758479,0.4327402,0.042507797,0.041791514
2452,-0.159747,0.024917357,0.055180807,0.043320537
2453,0.0005117059,-0.0141399205,0.054861613,0.043193594
2454,0.029605519,0.14859082,0.02891117,0.024724271
2455,-0.027062349,0.027056813,0.036484636,0.028077327
2456,-0.020563051,0.027016737,0.03334047,0.02911649
2457,0.06478694,0.062491797,0.06838191,0.057819325
2458,0.12468749,-0.00519637,0.12989056,0.118800275
2459,0.039871756,-0.10559781,0.094384186,0.08487603
2460,-0.06850341,0.03962464,0.070499964,0.05602331
2461,-0.07694757,-0.033124447,0.105012365,0.12770012
2462,0.06514749,0.20030212,0.0415712,0.035631187
2463,-0.7734931,0.2284736,0.056768138,0.048151102
2464,-0.32464308,-0.08544263,0.12220474,0.09009868
2465,0.12363225,0.24128108,0.0416796,0.034210462
2466,-0.06994382,0.023343615,0.05059595,0.042841736
2467,0.2757626,-0.34942308,0.046692085,0.038488675
2468,0.19268496,0.49957192,0.04458258,0.04001743
2469,0.0154361725,0.025656499,0.03994842,0.032007605
2470,0.02558861,0.16829401,0.062924735,0.061126802
2471,-0.05258,0.12323309,0.42522976,0.40433002
2472,-0.034216225,0.102414906,0.033496693,0.028703257
2473,-0.0040559564,-0.0100407675,0.035667658,0.0315551
2474,0.04255328,-0.017083243,0.027933,0.023030287
2475,0.04302374,-0.051628456,0.10712823,0.120197974
2476,0.4558052,0.0904453,0.15164489,0.11902087
2477,-0.028437532,0.21245089,0.08670894,0.06736555
2478,-0.066379614,-0.085915536,0.03899154,0.032064334
2479,0.030740771,-0.17452979,0.06630822,0.06734684
2480,0.42955548,-0.75918543,0.03749812,0.038282108
2481,0.16914652,0.002845697,0.12939234,0.09884599
2482,0.21576731,-0.060296938,0.026567377,0.021963201
2483,-0.03341868,-0.076288655,0.047714382,0.04436018
2484,0.80065715,-0.021837384,0.042254593,0.039696395
2485,0.04341894,-0.37934938,0.054364853,0.053119037
2486,0.10960999,-0.37668794,0.05061907,0.056774296
2487,0.0005865097,-0.0437925,0.07490121,0.059234682
2488,-0.16042219,0.075209916,0.0803003,0.06455827
2489,0.053580392,0.018950291,0.039436176,0.030871976
2490,0.061738763,-0.20250764,0.036458198,0.033565167
2491,0.18503357,0.6294662,0.04443275,0.041552395
2492,0.5349238,-0.17833534,0.06410702,0.04574502
2493,0.08089869,0.23159699,0.034023974,0.036604773
2494,-0.2431481,-0.13427155,0.09302409,0.073943384
2495,0.4468399,-0.6813996,0.06435197,0.06581063
2496,-0.6017331,-0.17580274,0.058585826,0.05214742
2497,-0.033108763,0.047341745,0.038149185,0.033082407
2498,0.042184692,-0.08135794,0.042014915,0.03713735
2499,-0.38003176,-0.0972255,0.085256696,0.0732284
2500,-0.03142148,-0.058198184,0.026466725,0.023203922
2501,-0.04814968,0.14291006,0.06978071,0.06418992
2502,0.008778162,-0.02141574,0.037676077,0.03225351
2503,0.025472607,-0.07415129,0.050163515,0.04094989
2504,0.062873885,-0.40017608,0.08328937,0.10293403
2505,-0.01062724,0.042620722,0.16218732,0.14745358
2506,-0.25329256,0.40510842,0.062633544,0.060535572
2507,-0.1436626,0.4968738,0.14927098,0.1558036
2508,0.24105448,-0.029180385,0.09462107,0.08887785
2509,0.063958734,-0.08799563,0.038460106,0.033227887
2510,-0.4079931,-0.7334776,0.04413578,0.05141176
2511,0.043705937,-0.14139149,0.073739596,0.061268628
2512,0.010890193,-0.0073587,0.03211152,0.026236622
2513,-0.145793,0.13394733,0.12327054,0.1021904
2514,0.17922066,-0.21782881,0.0322826,0.03127428
2515,-0.03976577,0.026489109,0.033276822,0.024085686
2516,0.03137446,-0.25048435,0.08515347,0.08136726
2517,-0.038033728,-0.035844594,0.04678664,0.042380385
2518,0.025443088,-0.23174557,0.113071054,0.09079039
2519,-0.0016918778,-0.055554166,0.09293478,0.078504086
2520,0.4850168,-0.35688663,0.042473637,0.035986546
2521,-0.013387859,0.041323278,0.06391425,0.05286836
2522,-0.005575195,-0.07427992,0.03070016,0.02693417
2523,-0.07197385,0.0052278787,0.065778054,0.055921175
2524,-0.50365704,0.3912671,0.17262541,0.1291347
2525,0.7100617,-0.5266321,0.036737584,0.039284933
2526,0.5473436,-0.08338378,0.23599012,0.16652168
2527,-0.0035317186,0.0064761713,0.025948796,0.020907959
2528,0.22732699,0.14213076,0.13100666,0.12845933
2529,0.029517364,0.013457142,0.026567724,0.021899078
2530,0.11688475,0.23295546,0.052654155,0.05221826
2531,0.43568525,-0.03912945,0.18857847,0.16431527
2532,-0.02598327,-0.010036312,0.046914604,0.03404253
2533,-0.00534779,0.12612846,0.07037487,0.061017253
2534,0.10805835,-0.0207052,0.1430228,0.112397455
2535,-0.611513,-0.30477992,0.11009445,0.1073704
2536,0.11672619,0.083140776,0.040253405,0.029609669
2537,0.13849764,0.0725935,0.122473925,0.094461754
2538,-0.09067729,-0.032589674,0.17484184,0.1682097
2539,0.8274152,0.01577498,0.0441246,0.03261301
2540,-0.028300922,-0.0111241415,0.03426822,0.028878622
2541,-0.03469278,-0.20735192,0.09593708,0.09430839
2542,-0.20724985,-0.05027929,0.15502898,0.11356283
2543,-0.17090927,-0.21719018,0.102754235,0.107636906
2544,-0.08411605,-0.022131547,0.13533007,0.0862886
2545,0.29014862,0.13931921,0.20741431,0.14090946
2546,-0.07183846,-0.5562414,0.036214374,0.03512618
2547,-0.12554435,0.09252943,0.10694743,0.087702855
2548,0.47147885,0.076729536,0.16095077,0.13801375
2549,-0.081165686,-0.03484817,0.07220872,0.054124933
2550,0.12965927,-0.87489223,0.13916002,0.16550358
2551,-0.20316173,-0.020079754,0.08660815,0.07200422
2552,-0.16854133,0.08822286,0.10071836,0.09376665
2553,-0.08384673,0.027684748,0.05223945,0.04653323
2554,-0.0063335635,-0.012814939,0.05819552,0.05509003
2555,0.07125425,-0.01339262,0.057621405,0.05707354
2556,0.020142432,0.042611577,0.020732433,0.019761642
2557,0.6588275,0.1297955,0.03740867,0.03409266
2558,0.06401883,-0.004327625,0.05978975,0.054198503
2559,-0.015373647,-0.03843549,0.033151243,0.027564578
2560,0.070653796,-0.19165024,0.037659667,0.034205403
2561,-0.07144755,0.02132772,0.05693933,0.04549242
2562,-0.46664852,-0.04884273,0.16141474,0.110664956
2563,0.37468588,-0.015222155,0.06304955,0.04329525
2564,-0.15796989,-0.29292735,0.09372478,0.085322596
2565,-0.017359577,0.028784879,0.08348294,0.07512236
2566,0.09054528,-0.1883848,0.13188729,0.11788635
2567,0.009625424,0.0370278,0.035562396,0.029438864
2568,-0.4384819,-0.90459275,0.04906961,0.069348775
2569,-0.2833244,0.21851844,0.055255704,0.06112006
2570,-0.23864482,0.61731756,0.088496074,0.08855088
2571,0.05993345,-0.09213415,0.15856081,0.17675155
2572,-0.071946755,-0.08704777,0.074566126,0.084392436
2573,-0.010550726,0.049603544,0.06733162,0.05760064
2574,-0.0056086164,-0.052866578,0.029908525,0.024920676
2575,0.291787,0.11496732,0.042945728,0.034122404
2576,0.16310427,0.098929234,0.08645094,0.06979401
2577,-0.5776646,0.2105604,0.047229752,0.03931948
2578,-0.16640341,-0.2951726,0.043689117,0.039136603
2579,0.052698094,0.05014349,0.07127512,0.055938188
2580,-0.0145054925,-0.057032943,0.049469624,0.043627113
2581,0.3051714,-0.41924068,0.06801824,0.06369216
2582,-0.20464528,-0.36438194,0.041547872,0.036814764
2583,-0.0030467492,-0.025911078,0.07264925,0.062070895
2584,-0.393464,-0.33472475,0.03530144,0.03240336
2585,-0.011930209,0.008956015,0.028060278,0.022243988
2586,-0.00046942756,-0.016934209,0.043063466,0.035283137
2587,0.11783539,-0.06863235,0.08806007,0.07216231
2588,-0.06592964,-0.015515387,0.107104555,0.08495483
2589,0.68849975,-0.30021307,0.049032044,0.039085574
2590,-0.12418993,-0.14407021,0.038425457,0.031966336
2591,-0.18985583,0.31770134,0.054963052,0.05496888
2592,0.026805658,0.04600869,0.074761614,0.08262167
2593,-0.44278562,-0.42049262,0.050545864,0.048466485
2594,-0.018855292,-0.07852328,0.034006692,0.028007146
2595,0.19201358,0.029147848,0.07290895,0.052524857
2596,0.61575407,-0.49459586,0.08312209,0.08549135
2597,-0.095279574,0.17832541,0.14625883,0.17627658
2598,-0.07102901,-0.04807177,0.030538645,0.023797996
2599,0.02382458,0.22010754,0.10974222,0.14256653
2600,-0.44842404,-0.16816655,0.04582044,0.045572087
2601,0.014942113,-0.031902686,0.046151534,0.041415595
2602,-0.0034583174,0.01606834,0.02744738,0.022393974
2603,-0.13325477,0.11045158,0.045224264,0.03770432
2604,0.029404644,0.07755232,0.02495156,0.020163396
2605,-0.7515468,-0.5009649,0.121872574,0.11242523
2606,0.10195592,0.220328,0.13890557,0.12188809
2607,0.011412378,0.1886437,0.08232566,0.080751516
2608,0.47776684,-0.044917345,0.26917002,0.2179566
2609,0.20848407,-0.42302057,0.04042412,0.039422017
2610,-0.029439218,0.08326169,0.03557689,0.028766902
2611,0.009209838,-0.07974695,0.03356009,0.027508076
2612,0.37838855,0.26692304,0.06651103,0.051440805
2613,-0.05314527,0.022476286,0.08799185,0.06948072
2614,0.23768592,-0.13655579,0.10357885,0.08715169
2615,0.31153178,-0.21610466,0.04832862,0.034958612
2616,0.038278896,-0.0024565682,0.06512071,0.05389745
2617,0.33609304,0.2596051,0.07010094,0.08394912
2618,0.011172514,-0.54986596,0.10675417,0.12571402
2619,-0.09898588,0.011291437,0.048446175,0.03884508
2620,0.095849335,-0.03424871,0.06359011,0.059153922
2621,0.5928558,0.4490949,0.052055582,0.053270936
2622,0.016265787,0.01028274,0.026994362,0.022261878
2623,-0.06714038,-0.04617347,0.046753753,0.04369118
2624,-0.4586586,0.13399297,0.11091911,0.075526595
2625,0.3008975,0.4178743,0.055160943,0.04956415
2626,-0.09729229,-0.1233661,0.2652086,0.19604014
2627,0.4940633,-0.48656037,0.042940132,0.038313072
2628,0.008515675,-0.0029682815,0.041948278,0.034108672
2629,0.2790142,0.021715,0.048110623,0.035431284
2630,-0.13099694,0.17988765,0.035887346,0.030309884
2631,0.07030846,-0.21533823,0.14824376,0.13591297
2632,0.010225531,-0.08425081,0.08299429,0.073993735
2633,0.17425323,-0.06973618,0.10247226,0.086525895
2634,0.028201677,0.02391763,0.027971366,0.023381306
2635,-0.18556465,0.8491819,0.045067355,0.048345387
2636,0.02297933,0.022276588,0.08788846,0.08327754
2637,-0.083687335,-0.3156802,0.052862454,0.047679987
2638,-0.0052008107,0.014063872,0.059893508,0.0578026
2639,-0.066889256,-0.06502764,0.03688075,0.029891588
2640,-0.07604398,-0.059159815,0.053176746,0.038283695
2641,0.04665165,-0.2888926,0.03333955,0.031408437
2642,0.5982223,0.116729096,0.03763555,0.02861706
2643,-0.0430421,-0.16590536,0.03671713,0.030039234
2644,-0.08901438,0.015956253,0.033503834,0.025256304
2645,-0.019868355,-0.1429162,0.05308835,0.049570266
2646,-0.27560624,-0.2754227,0.033182263,0.028703982
2647,0.0008341074,-0.03245701,0.074388966,0.060879953
2648,-0.20125003,0.656948,0.084619485,0.08810818
2649,-0.16300112,-0.018355355,0.14147681,0.111003555
2650,-0.050912477,0.037172373,0.030716462,0.026242109
2651,-0.018560968,-0.13186345,0.050979383,0.046691697
2652,-0.10992427,0.47828203,0.11829263,0.11369828
2653,-0.047530092,0.27306435,0.11739973,0.14079347
2654,0.40645164,0.3052633,0.06617066,0.05777485
2655,-0.16979195,0.35330763,0.0361608,0.03521513
2656,-0.09973182,-0.014281087,0.059684645,0.045917373
2657,-0.740127,0.152114,0.07685109,0.056290995
2658,0.25420526,0.068313695,0.13607094,0.12361278
2659,0.16027126,0.079256274,0.08775404,0.06942856
2660,0.07486762,-0.18509686,0.057577185,0.060158722
2661,-0.02084933,-0.118370086,0.078822725,0.08089828
2662,0.5941031,0.25868744,0.15940614,0.123388045
2663,0.0963987,-0.34767064,0.043524552,0.049479343
2664,-0.12216972,0.06193182,0.045489818,0.036379233
2665,-0.031004727,-0.04915245,0.030891586,0.024310095
2666,-0.2831188,0.51262486,0.067261405,0.08102297
2667,-0.11537121,-0.19619983,0.040251113,0.036686283
2668,-0.014790706,0.06530569,0.08051161,0.06681083
2669,0.4311463,0.5145949,0.10601055,0.10732873
2670,0.13137412,0.16099066,0.031356238,0.024712125
2671,0.08200391,-0.30052343,0.27240068,0.29422918
2672,0.01432411,-0.09216575,0.027252508,0.02391223
2673,-0.20711562,0.0023159683,0.04326601,0.030853996
2674,0.5348473,-0.45459846,0.08087165,0.0809784
2675,-0.010356296,0.06936693,0.04014759,0.037335776
2676,0.18390481,-0.14454594,0.09522667,0.07177346
2677,-0.0676738,-0.0699721,0.089802735,0.07636905
2678,-0.14645216,-0.051824555,0.039224945,0.02870277
2679,-0.12226874,0.08740112,0.12214249,0.083585545
2680,-0.02997119,0.0053188503,0.04149583,0.031650122
2681,0.051533382,0.2685097,0.043180607,0.039469022
2682,-0.039257806,0.05647502,0.10907683,0.1052535
2683,-0.1259607,0.046740867,0.04920069,0.03568805
2684,-0.093413815,0.26146597,0.044130422,0.045804624
2685,-0.106201604,-0.009250432,0.15362284,0.12603433
2686,-0.47454107,0.01630146,0.05342946,0.04105334
2687,-0.12462796,0.10562479,0.037311513,0.032381434
2688,-0.035591803,-0.10307579,0.052156746,0.04321911
2689,-0.5122747,0.20030269,0.042961035,0.031630147
2690,-0.011945022,0.030390032,0.054806657,0.04142401
2691,0.37967116,0.055373434,0.08567576,0.06605088
2692,0.04528277,0.07025172,0.023872318,0.021844344
2693,2.387911e-06,-0.070606515,0.04281953,0.03635807
2694,0.061266195,-0.059452415,0.07757709,0.09483013
2695,-0.048352145,-0.09165096,0.027876541,0.023519166
2696,-0.26475,0.2556845,0.0928179,0.077035576
2697,0.058618587,-0.06957425,0.17665055,0.12047887
2698,0.18539163,0.1483751,0.044511203,0.040810898
2699,0.9082932,-0.26392826,0.07962702,0.057631183
2700,0.0866282,0.1229204,0.03559219,0.02963886
2701,0.05427574,0.60258055,0.086873546,0.09278107
2702,0.026795957,-0.16253185,0.04945067,0.041443408
2703,-0.047178734,0.09193745,0.10874658,0.10427315
2704,0.1609697,-0.21407002,0.048986975,0.03954003
2705,0.4333852,-0.65486264,0.045202386,0.04558897
2706,0.33344933,0.42197728,0.052870486,0.04624974
2707,0.17515889,-0.13128349,0.03577854,0.03168086
2708,-0.046649884,-0.08526681,0.04641832,0.036511414
2709,-0.046319872,-0.07089019,0.067105465,0.054247215
2710,-0.45633233,0.1629238,0.03624151,0.027607474
2711,-0.4443976,0.19010186,0.23315963,0.20598225
2712,-0.0950641,-0.04443355,0.03791174,0.029313251
2713,-0.026260287,0.07312234,0.16306454,0.13228694
2714,0.05788457,-0.11599137,0.043142136,0.03401891
2715,0.0035889708,-0.6304538,0.042108074,0.053222556
2716,0.009328309,-0.0014135092,0.05794704,0.052793503
2717,-0.018924419,-0.074391454,0.12830451,0.10845331
2718,-0.10070266,-0.025165237,0.04842221,0.038683154
2719,-0.1786934,-0.658144,0.24474595,0.2343642
2720,-0.0055583045,-0.4566712,0.22335905,0.2314063
2721,-0.040474713,-0.16344383,0.048623107,0.049207434
2722,-0.14599252,-0.60679185,0.040345576,0.04525593
2723,-0.025530078,-0.25989047,0.07278604,0.064579874
2724,0.05699229,0.09150657,0.029320141,0.025138741
2725,0.39648503,-0.32447916,0.23428144,0.21757409
2726,0.049579684,0.06836198,0.038028806,0.03466707
2727,-0.08637507,0.2308902,0.038884565,0.035706114
2728,-0.11092608,0.56078166,0.07334375,0.06742646
2729,-0.14514661,-0.19542462,0.10314831,0.09759203
2730,0.102212414,-0.44840917,0.072206825,0.0644598
2731,-0.08745227,-0.026834063,0.046621095,0.034085415
2732,-0.07153071,0.026911795,0.08063765,0.068053864
2733,-0.009887828,-0.018077858,0.062489204,0.047870904
2734,0.06977458,0.03061089,0.07160353,0.07159867
2735,-0.13067988,0.102133974,0.098331116,0.064719595
2736,0.07383631,0.5161443,0.04727625,0.059664387
2737,-0.5676624,-0.015400805,0.048065968,0.049968198
2738,0.033321794,0.03897173,0.04756412,0.038881227
2739,0.52502143,0.46187282,0.0498866,0.040907264
2740,-0.042721316,0.4031756,0.10252392,0.10934106
2741,0.10554874,-0.6386595,0.0705704,0.079780936
2742,0.33886012,0.13332152,0.03909862,0.029421423
2743,-0.0049125534,-0.11575869,0.06575327,0.058965385
2744,0.103448585,0.37331122,0.10035548,0.1067248
2745,-0.009331226,0.089313716,0.028268548,0.023561576
2746,0.0007165037,0.20043586,0.072502576,0.06812603
2747,0.845502,-0.07313527,0.04028432,0.034963757
2748,-0.02745972,0.33924967,0.06501796,0.05628837
2749,-0.059849538,-0.03734149,0.10277737,0.09002482
2750,-0.29318926,0.16643389,0.040863536,0.030788131
2751,0.2862785,0.28281516,0.06383115,0.07350607
2752,0.42136165,-0.11269078,0.21892281,0.14971869
2753,0.06760275,-0.32730576,0.3621478,0.40427616
2754,-0.4770785,-0.5513253,0.04990894,0.035668626
2755,-0.15964408,-0.26838547,0.047639024,0.041132245
2756,-0.013119565,-0.18186125,0.1090577,0.09460732
2757,0.39748818,0.59711874,0.086584434,0.073067054
2758,0.24410611,0.43532953,0.08788846,0.07669993
2759,0.013348464,0.014970183,0.03088199,0.023904117
2760,-0.010321002,-0.03466846,0.043668464,0.03462848
2761,-0.35205427,-0.7272035,0.041166525,0.049947385
2762,0.4855844,0.44601828,0.03873824,0.036706734
2763,-0.09620717,-0.3308168,0.097946405,0.0945016
2764,-0.03909714,-0.10697238,0.15498437,0.120555356
2765,-0.023889435,0.0126733035,0.026427483,0.0219317
2766,0.0062655136,-0.070322394,0.050593346,0.045710687
2767,0.016354367,-0.015712045,0.059011273,0.04819659
2768,-0.1486562,0.047766753,0.035131797,0.02777034
2769,-0.13867071,0.27886796,0.08823122,0.07292976
2770,-0.00801331,-0.015586436,0.08706665,0.07683645
2771,-0.14647146,0.24054024,0.08797263,0.06571268
2772,-0.008091437,-0.039234534,0.07082599,0.04822219
2773,0.015870396,0.0018850565,0.033554677,0.027650483
2774,-0.14600776,0.24043165,0.10082711,0.09435537
2775,0.005714629,0.038147748,0.08304101,0.07398857
2776,0.27815077,0.63893604,0.04496,0.053302072
2777,-0.012922637,-0.0030300394,0.051089156,0.04236093
2778,-0.15005685,0.13551417,0.025351575,0.020178033
2779,0.1571412,-0.04317002,0.07225475,0.080023415
2780,0.23568004,0.059862386,0.08300414,0.065574266
2781,-0.095337585,0.45481768,0.039982323,0.03832693
2782,-0.2870516,0.39408982,0.053366058,0.051366445
2783,-0.19697018,-0.053760067,0.07732533,0.057250757
2784,-0.13551201,-0.044353724,0.14706597,0.16656299
2785,-0.09003495,-0.21289271,0.13630095,0.1304035
2786,0.22198749,0.14797676,0.034339752,0.025810152
2787,-0.019365858,0.015729167,0.023901647,0.018581308
2788,0.3419632,-0.09842266,0.070311755,0.053891856
2789,-0.008343108,-0.06785908,0.02354716,0.020117175
2790,-0.006077016,0.012269281,0.24448667,0.21539971
2791,-0.26010695,0.18514398,0.07202194,0.05695026
2792,0.12225658,-0.03338419,0.1100166,0.08014375
2793,-0.68004495,0.7331089,0.06542638,0.06251827
2794,-0.121446595,-0.032417282,0.14214954,0.13511424
2795,0.00683818,-0.013155483,0.02473085,0.021401154
2796,-0.040941477,-0.2078194,0.08994341,0.07617983
2797,-0.28558025,-0.13592362,0.047038577,0.039820302
2798,0.19735627,-0.21177685,0.1070042,0.096837156
2799,-0.0418397,0.14733976,0.119057655,0.10025255
2800,-0.05189041,-0.022124648,0.030663166,0.023430778
2801,0.01381094,-0.37796184,0.03697416,0.03426114
2802,-0.010473736,0.13066372,0.05609257,0.04717406
2803,0.54670936,-0.5038321,0.08431559,0.07897678
2804,0.6135569,0.1743378,0.035653047,0.028577296
2805,0.0041455217,-0.12867914,0.19364734,0.19917102
2806,-0.074685454,0.13599785,0.02903925,0.026262555
2807,-0.22236224,-0.18221498,0.09651732,0.08386744
2808,-0.14895315,0.010186546,0.046744995,0.03694819
2809,0.69872695,-0.23615009,0.03652923,0.036346857
2810,-0.00622447,-0.046255723,0.05667622,0.05026233
2811,0.079048544,0.28785515,0.037727505,0.03236232
2812,0.14027417,-0.078592256,0.11883296,0.09170291
2813,0.06519078,0.23225518,0.027062705,0.023779647
2814,0.20358855,-0.6344168,0.043214295,0.04184904
2815,-0.3973439,0.33379418,0.0699689,0.0556636
2816,-0.07898572,0.10109531,0.12941892,0.12423027
2817,-0.29041085,-0.7247658,0.052909266,0.06399343
2818,0.020092435,-0.09182131,0.04025535,0.042945877
2819,-0.11085445,-0.014200643,0.0330659,0.02701685
2820,0.007028319,-0.05599363,0.052631307,0.045402333
2821,-0.0037330482,0.24459922,0.030846855,0.027238267
2822,0.08111289,0.08373413,0.09715001,0.076719075
2823,0.10485262,0.10211461,0.053735893,0.043222513
2824,-0.117553085,-0.09932235,0.21671626,0.19468355
2825,-0.12486617,-0.009717725,0.040990215,0.028610833
2826,0.16693538,-0.39802992,0.070524186,0.06126872
2827,-0.21119012,-0.045080647,0.13960657,0.10641202
2828,-0.02585454,-0.08449669,0.071809486,0.05780763
2829,0.0587984,0.038358495,0.14346875,0.1027155
2830,-0.04290392,-0.24732575,0.04675227,0.04560473
2831,-0.4495612,-0.043135747,0.051745355,0.039714828
2832,-0.099658996,-0.102235824,0.1681602,0.12580594
2833,0.011485148,-0.035876736,0.028526135,0.0238802
2834,0.115866035,0.07393691,0.19934961,0.17405635
2835,0.4163341,-0.33704975,0.04979916,0.04702743
2836,-0.038909167,0.025097594,0.06853165,0.06054404
2837,-0.32485265,0.404737,0.12671395,0.12752388
2838,0.014508154,0.16986689,0.0632473,0.05716439
2839,0.7708138,0.11437706,0.046860237,0.033579133
2840,0.035677094,0.038988743,0.055972867,0.048159894
2841,-0.49648362,-0.13510433,0.0632896,0.041612793
2842,0.12278655,0.36999664,0.03878423,0.037181254
2843,-0.3096199,-0.44329336,0.055029735,0.04860962
2844,-0.036484208,-0.05618404,0.066494286,0.058025274
2845,-0.065698355,-0.013888538,0.11068255,0.08921937
2846,0.070566356,-0.09993863,0.02640043,0.021474494
2847,-0.6187237,0.02432993,0.14083284,0.13274851
2848,-0.008291155,0.011825591,0.02908939,0.023886397
2849,0.10056932,-0.5548079,0.041516993,0.04055443
2850,0.2917929,0.66119516,0.0581566,0.05855196
2851,0.10485442,-0.13694984,0.10192217,0.10208465
2852,0.109041035,-0.4095039,0.07897025,0.075564235
2853,-0.02344285,0.119945124,0.047773708,0.037256893
2854,-0.2324834,-0.6841191,0.046574447,0.050845724
2855,0.09739427,-0.011007391,0.04280149,0.036935315
2856,0.06490944,0.046315648,0.057879984,0.045987584
2857,0.074937955,-0.04856929,0.07748013,0.073814094
2858,0.008846354,-0.004288733,0.026596978,0.021197196
2859,-0.24316329,-0.047203913,0.22448325,0.16840349
2860,0.03902081,0.008977041,0.0675087,0.05650661
2861,0.31582427,0.19003072,0.07917226,0.0518666
2862,-0.025274897,0.60229206,0.086755835,0.104117535
2863,0.0036244132,0.017016172,0.026805786,0.023888154
2864,-0.16977558,-0.11979969,0.17800589,0.1696004
2865,0.075573936,-0.11908063,0.05597512,0.04074074
2866,-0.08991788,0.009245403,0.02972628,0.025142005
2867,0.044822436,-0.119788826,0.043073397,0.036140773
2868,-0.21478164,0.26048118,0.08597323,0.08548358
2869,0.082773104,-0.048514202,0.08878705,0.08690732
2870,0.016565688,-0.059592575,0.11489168,0.08065512
2871,-0.06796507,0.15011935,0.024623968,0.022612596
2872,0.005532719,0.04647697,0.049594413,0.039672732
2873,-0.04245563,0.10750688,0.03897641,0.033707093
2874,0.010649327,-0.05271314,0.036467392,0.029520988
2875,0.49916968,-0.34711635,0.036324397,0.03355444
2876,-0.07483123,0.020377591,0.046670474,0.037311736
2877,-0.04596275,-0.08107787,0.03894109,0.032539453
2878,0.022993367,0.027668,0.057432104,0.055252343
2879,0.2672257,0.6068982,0.058361173,0.060654785
2880,-0.09265843,-0.13577965,0.07522856,0.05981947
2881,0.55916506,0.42127073,0.06713211,0.07061155
2882,-0.024461322,0.0011852756,0.077242024,0.06028567
2883,-0.46962243,-0.2202954,0.044846024,0.038870767
2884,0.09758462,-0.6161214,0.06707504,0.06173097
2885,-0.015317032,-0.026416972,0.04378474,0.038687665
2886,-0.22392619,0.37852988,0.16097544,0.1409286
2887,0.19160914,-0.36536872,0.22433595,0.20423734
2888,0.09692784,-0.069175005,0.040318098,0.031111702
2889,0.3597272,-0.12333372,0.038582373,0.031912427
2890,0.065016404,0.109173134,0.030361379,0.023247847
2891,0.0389173,0.13016048,0.2751408,0.32740644
2892,-0.45394737,0.08778356,0.041615225,0.031853203
2893,0.19509666,-0.20239797,0.02765508,0.022778424
2894,0.13498299,0.07070256,0.13763341,0.1056895
2895,-0.055268966,0.00048024952,0.03717093,0.03118228
2896,-0.05748266,0.009174474,0.038357776,0.031505108
2897,-0.13655066,0.14530638,0.06983663,0.055310693
2898,0.17053899,0.09305156,0.092001654,0.073885165
2899,-0.051213697,0.3470616,0.107625045,0.11699964
2900,-0.5975472,-0.43191072,0.056140356,0.057559058
2901,-0.020250458,0.020213708,0.047691196,0.041904844
2902,0.004866693,0.06317477,0.10110675,0.09624767
2903,0.044066776,-0.118847,0.0590324,0.056483112
2904,0.0799592,0.0372219,0.06987975,0.05484273
2905,-0.050397348,-0.14599556,0.043614373,0.037217215
2906,0.01898706,-0.031017646,0.02572866,0.02083498
2907,-0.0038385969,0.007390119,0.025750618,0.021663846
2908,0.12392028,-0.04491502,0.102093,0.08143999
2909,-0.29696253,-0.65195453,0.046207536,0.048831716
2910,-0.0796221,-0.06921154,0.050775226,0.044024196
2911,-0.29260454,-0.1967583,0.05930465,0.046256103
2912,-0.48381954,-0.15802574,0.05123764,0.044963986
2913,-0.025907006,-0.17061234,0.045409966,0.03839912
2914,-0.41815406,-0.21492487,0.0483912,0.03623363
2915,-0.61029583,0.10231281,0.075534455,0.055392995
2916,0.049662303,0.031978674,0.03567617,0.029797465
2917,0.00093856826,-0.036402017,0.037982322,0.032284338
2918,0.14086466,-0.5176573,0.049131576,0.041260235
2919,-0.7178341,-0.17225635,0.04872314,0.04686767
2920,0.053322453,-0.001553461,0.055500574,0.045558047
2921,-0.0018797442,0.0064163283,0.026613114,0.022145825
2922,0.26556912,-0.67050004,0.037639685,0.040883284
2923,0.027658138,0.2734444,0.07462996,0.080933474
2924,-0.18428513,-0.7477666,0.045516245,0.057787858
2925,0.0010806769,0.011562839,0.10653247,0.07976146
2926,-0.07396948,0.023071498,0.062042825,0.05427078
2927,0.07413721,-0.015923895,0.1257335,0.12403221
2928,-0.5654768,0.12830521,0.056194454,0.046675485
2929,-0.11246827,-0.40993205,0.08577172,0.080435
2930,-0.2757041,-0.17897508,0.031749077,0.02666104
2931,0.037073713,0.04757408,0.07065727,0.051197235
2932,0.10516319,0.1264817,0.1342733,0.12929708
2933,-0.08658059,0.039648894,0.06584335,0.063652806
2934,0.06977336,0.061503425,0.055776045,0.047837745
2935,-0.04157181,0.025909856,0.03125538,0.026719913
2936,-0.20139135,-0.20140421,0.032649577,0.026059752
2937,0.038116287,0.13061582,0.076384366,0.056509215
2938,-0.038300507,-0.029892042,0.038907494,0.033595063
2939,-0.08041285,-0.029292606,0.035557564,0.029209908
2940,-0.018148798,-0.015107535,0.031695496,0.027216028
2941,-0.14239597,-0.072055,0.072118096,0.068001
2942,0.25280496,-0.70927215,0.03963453,0.052265983
2943,-0.41724986,0.4006383,0.06014723,0.057472903
2944,0.047168713,-0.042144746,0.07615273,0.06692554
2945,0.107457966,-0.21277085,0.03660531,0.029905677
2946,0.026147712,0.261532,0.067704454,0.064498544
2947,0.040674184,-0.021364465,0.051525045,0.045616016
2948,-0.2847586,0.5457306,0.037240308,0.041667797
2949,-0.1225851,-0.2474249,0.02955338,0.025501044
2950,-0.17999245,-0.19235328,0.11478445,0.1078879
2951,-0.3270126,0.14750186,0.051899068,0.04467112
2952,0.3503251,-0.22271985,0.04236212,0.035842773
2953,-0.4549735,0.23922141,0.053910542,0.051283274
2954,0.1983826,0.4008593,0.042658255,0.039017655
2955,-0.08311397,-0.54567397,0.0656662,0.07371821
2956,0.61356556,0.009626783,0.07545034,0.06173038
2957,-0.78657347,0.07351793,0.045597006,0.029654806
2958,0.20898314,-0.3166072,0.044609483,0.041273672
2959,0.071187526,0.0012353435,0.048228882,0.043696597
2960,0.0067681,-0.032007948,0.057708163,0.046890818
2961,0.030364256,0.03437102,0.054702822,0.041610226
2962,0.0009763427,0.034836784,0.039180007,0.03165154
2963,0.24086118,-0.05717717,0.12815781,0.107789755
2964,-0.030637799,0.19790672,0.07816368,0.06770397
2965,-0.0042647365,-0.025043912,0.039161205,0.03341488
2966,-0.07107818,0.053796746,0.2062145,0.23221688
2967,0.0324624,-0.084126934,0.056037575,0.049029544
2968,-0.06864372,-0.04967536,0.111475475,0.08852466
2969,-0.039010614,0.069609515,0.06016934,0.05227089
2970,0.117871344,0.033135295,0.02603301,0.020009352
2971,0.18575452,-0.67609775,0.06540707,0.07392975
2972,0.046314035,-0.099525094,0.058263555,0.04767276
2973,-0.16226059,-0.5461118,0.046292335,0.05550372
2974,-0.024478592,-0.06360164,0.14313026,0.13513201
2975,0.21477754,-0.22074524,0.03358165,0.029188382
2976,0.16025344,-0.03630124,0.027705874,0.022514911
2977,0.18547657,0.4439878,0.10343063,0.106048696
2978,-0.057451986,-0.10574001,0.1145104,0.12725882
2979,-0.0035743918,-0.2185925,0.03498401,0.033904374
2980,0.61432403,-0.009504542,0.05248947,0.03190482
2981,-0.006873369,-0.3306758,0.03809732,0.034325898
2982,0.41052875,-0.46442142,0.08081414,0.071402624
2983,-0.025725044,-0.056698054,0.05642568,0.04494331
2984,-0.07555121,-0.064065635,0.095844805,0.09018377
2985,-0.110754356,0.22589095,0.24837682,0.2664806
2986,-0.18945935,-0.6172346,0.06548355,0.07631963
2987,-0.005831914,0.022445492,0.045619782,0.041653063
2988,-0.057588495,0.16472946,0.031070031,0.028085161
2989,-0.39141712,0.2635459,0.049956232,0.037831295
2990,-0.0004739985,-0.014904268,0.030206399,0.02388889
2991,0.0820757,-0.1580202,0.1210475,0.10766729
2992,-0.054123126,0.015519828,0.07233326,0.06214562
2993,-0.8177563,-0.19169194,0.07233569,0.05508909
2994,-0.002023546,-0.19004202,0.037935268,0.03274112
2995,0.13226248,-0.018054731,0.109010875,0.089817405
2996,-0.48806924,0.73048854,0.0814008,0.075737976
2997,0.06740464,-0.10111955,0.040353134,0.035891827
2998,-0.37809053,-0.72422206,0.035420418,0.046555564
2999,0.03662436,0.006358944,0.03790738,0.029794373
