,e1_out_mean,e2_out_mean,e1_out_std,e2_out_std
0,0.28443283,-0.6364894,0.04659481,0.052869514
1,0.027195845,-0.012256265,0.08208641,0.06361332
2,-0.3999249,0.34801042,0.25639665,0.2603893
3,-0.24806099,0.52154195,0.06399052,0.06064722
4,-0.05678994,-0.009428874,0.033376094,0.029074902
5,0.033713307,-0.46271965,0.14813808,0.16978969
6,-0.033945724,-0.033321366,0.0469435,0.039453793
7,0.17080058,0.031568408,0.046040192,0.033238426
8,-0.059994854,0.05894242,0.13899137,0.11080996
9,0.22454968,0.30561626,0.045309488,0.03755386
10,-0.4303125,-0.6467141,0.030462446,0.04534345
11,0.101723775,-0.12585032,0.07629764,0.061606705
12,0.103483096,-0.17165071,0.047690064,0.051034532
13,-0.33581442,-0.04276879,0.23669949,0.14286931
14,-0.051129043,-0.22206038,0.031322736,0.028039753
15,-0.045519125,0.0003273487,0.09118431,0.08797343
16,-0.069958,-0.0663259,0.1373059,0.110838726
17,-0.025186015,0.20663181,0.048666365,0.047268007
18,0.20489608,-0.21354407,0.124226764,0.11112918
19,0.6436215,0.0358,0.17301604,0.13160238
20,0.1672641,-0.14449391,0.036236677,0.031141814
21,-0.06871003,-0.24682945,0.117791556,0.12290394
22,-0.072303094,-0.047419384,0.061889317,0.052847054
23,0.076855734,0.26821876,0.17657804,0.15506887
24,-0.02435379,0.006795414,0.049028065,0.04070755
25,0.021349952,0.0074296296,0.037843905,0.03266023
26,0.0678141,0.26259142,0.12554319,0.105465695
27,-0.2443989,-0.0012363791,0.06371495,0.044340704
28,-0.0022620074,-0.0653418,0.06869449,0.060429927
29,0.028851423,-0.0055080056,0.05785557,0.04410784
30,-0.06354104,0.08250144,0.089675665,0.08625711
31,-0.028295632,-0.13043419,0.056157373,0.04929789
32,0.11947286,-0.46735027,0.073646575,0.08105654
33,-0.18942139,0.0041916072,0.071976,0.05593967
34,0.11621447,0.22158216,0.06346404,0.04879026
35,-0.24168259,-0.2142758,0.22796848,0.21033898
36,-0.22616862,0.4117781,0.043641075,0.03622315
37,0.025758486,0.55310977,0.06269288,0.065731704
38,0.54242206,-0.01872471,0.048894573,0.038505178
39,0.13284335,0.050501645,0.036566235,0.027709778
40,0.12238477,-0.4534863,0.08790887,0.078869596
41,-0.021996321,-0.11550751,0.035791885,0.029066315
42,0.11755499,0.14344187,0.3273605,0.47578132
43,-0.12969877,0.18344717,0.052260615,0.049365837
44,0.1594802,-0.15542832,0.2183182,0.19030944
45,-0.04205709,0.2589866,0.212394,0.22032002
46,-0.15246816,-0.04307255,0.029912801,0.02399372
47,0.06498213,-0.17568758,0.03869845,0.032161962
48,0.015462618,-0.24337253,0.14270864,0.15951318
49,0.080063194,-0.40303826,0.031336367,0.029539324
50,-0.30248505,-0.029083073,0.053327866,0.048049293
51,-0.010805145,-0.0033329204,0.030915977,0.027121682
52,-0.0597786,-0.080910936,0.08488498,0.083902664
53,0.09309927,-0.12448053,0.053029113,0.037976842
54,-0.11835387,-0.2948806,0.058486436,0.058769632
55,-0.12426759,-0.59216416,0.036800206,0.046664968
56,0.11211221,0.053732622,0.09537015,0.09061499
57,-0.028994571,-0.004519202,0.041143637,0.034469772
58,0.034635786,0.080297835,0.070926934,0.064333886
59,-0.0054346398,-0.041821808,0.035394646,0.03186777
60,-0.39148927,-0.48454627,0.07542038,0.07881692
61,0.09317568,0.14510003,0.29117018,0.23487005
62,0.010538314,0.23703083,0.0715001,0.0703543
63,0.016093668,-0.044427708,0.034414735,0.028978597
64,0.32897317,-0.7687229,0.07448535,0.06879733
65,0.3120637,0.17810485,0.25866532,0.24804397
66,-0.007993724,-0.18764973,0.033341967,0.028958192
67,-0.023660839,-0.057880744,0.044239003,0.04153692
68,-0.062421784,-0.097013935,0.09024148,0.08044444
69,-0.3116312,-0.36015663,0.123403825,0.10601808
70,0.06447612,0.11791149,0.03416246,0.02913142
71,0.012418307,-0.12624389,0.12650755,0.102311105
72,0.371106,0.57457626,0.10525951,0.09187518
73,-0.64222956,-0.1672205,0.048450492,0.036272086
74,-0.20159402,-0.38413563,0.12016053,0.12502801
75,-0.32071346,-0.21859327,0.11831265,0.13895603
76,0.031464737,0.044964544,0.14712079,0.11431332
77,0.5662308,0.47609946,0.038027197,0.037551045
78,-0.0660374,-0.2684536,0.046066947,0.045813493
79,0.58907574,0.11392286,0.039887033,0.032530688
80,-0.081308074,0.06209765,0.08854878,0.070526645
81,-0.018117119,-0.065563515,0.097334325,0.09280171
82,0.019778844,-0.08985524,0.026623676,0.021626705
83,0.037216548,-0.051500127,0.024613615,0.020271955
84,-0.05785711,-0.20363742,0.109447025,0.090446755
85,-0.13216993,0.0007728264,0.047508758,0.03687144
86,-0.06569843,0.0108139515,0.09540886,0.08511081
87,-0.14511438,-0.13488123,0.08571975,0.08357459
88,0.11105387,-0.010863937,0.052511305,0.04320261
89,-0.08615631,-0.05611992,0.25621477,0.2664522
90,-0.13544309,-0.16283834,0.03266873,0.0318141
91,-0.34508437,0.3457471,0.062095933,0.049885258
92,-0.23501809,0.8474821,0.044602413,0.04676167
93,-0.13294494,0.00176467,0.0660477,0.049643803
94,0.13520747,-0.062050417,0.028897045,0.025010142
95,0.41648522,0.24535751,0.03826622,0.029725172
96,0.05571996,0.031960912,0.14714488,0.1410027
97,-0.21976018,-0.49818453,0.027696477,0.03387169
98,0.0367702,-0.058782578,0.026079468,0.024751674
99,-0.071094304,0.593974,0.044065055,0.055496424
100,0.1673753,0.19668144,0.14644873,0.12676136
101,0.020028792,-0.011928454,0.03429333,0.026275868
102,-0.3011014,0.051980525,0.16142489,0.13990983
103,0.009802889,-0.0496704,0.051324166,0.041470822
104,0.096034974,-0.47609565,0.042044863,0.043227665
105,1.0149499,-0.09358384,0.057219014,0.050932586
106,0.054255586,0.1437424,0.065158695,0.059221007
107,-0.042758696,0.11512871,0.14832073,0.1498168
108,-0.049211845,-0.055309385,0.3685575,0.32307118
109,0.024445456,-0.07837252,0.037222162,0.032033034
110,0.04876144,-0.002747804,0.037204128,0.029894633
111,-0.057701178,0.053227544,0.039171413,0.031576127
112,0.016569339,0.0025181845,0.030758658,0.027511304
113,-0.49452996,-0.39555392,0.07962779,0.056177046
114,-0.022513136,-0.07393779,0.08887114,0.07335248
115,-0.18121588,0.16894838,0.10345029,0.09025722
116,0.52463585,-0.31364408,0.047500342,0.03678269
117,-0.71602196,0.08812457,0.06367971,0.04273482
118,-0.100329146,0.41828924,0.10066758,0.1037944
119,0.012724437,0.04591418,0.024098452,0.018893508
120,0.10229525,-0.2083461,0.02797473,0.022812987
121,0.016147614,-0.029942244,0.029642727,0.02418929
122,0.3741523,0.3676091,0.066544935,0.061144046
123,0.05533361,-0.1584639,0.074692465,0.07041174
124,-0.012602393,0.34116367,0.03288354,0.03176914
125,-0.04195442,-0.061362505,0.05094891,0.04231039
126,-0.22449903,0.04012349,0.11371785,0.09071169
127,-0.4530253,0.22606193,0.061534032,0.05241667
128,-0.02356721,-0.03132978,0.04011942,0.036401886
129,0.029858164,-0.26999363,0.119429685,0.12650439
130,-0.07459881,-0.089362696,0.17000438,0.14775929
131,-0.10566144,0.21014228,0.025400503,0.021045124
132,0.0017334744,-0.034836814,0.048783425,0.039204862
133,0.029863566,0.047601093,0.026800219,0.022826577
134,-0.002907591,-0.10363853,0.03158473,0.026638601
135,0.0040394776,-0.016521454,0.037061814,0.032260075
136,0.11703986,-0.09515633,0.058292575,0.06536425
137,-0.4301234,0.102989346,0.0495158,0.037563626
138,0.120525464,0.07687706,0.051882878,0.040723633
139,0.0748833,-0.091315374,0.11742676,0.08339055
140,-0.024472963,0.005133465,0.08909286,0.06711648
141,-0.11139271,-0.025510632,0.03263908,0.02361451
142,-0.11537902,0.4612121,0.047516376,0.047699396
143,0.13907255,0.2212941,0.0814364,0.07922375
144,-0.055408426,0.058459993,0.046503436,0.038683094
145,0.24310774,-0.5753975,0.041536093,0.045368362
146,0.1993688,0.3192148,0.038494058,0.038288098
147,0.30879617,0.36573157,0.09216626,0.083618864
148,-0.3038679,-0.38629723,0.08549377,0.08899601
149,-0.10949665,0.110577606,0.03241071,0.026577089
150,-0.5091054,0.07784798,0.05125213,0.03735211
151,-0.30493817,-0.055918366,0.029940799,0.023744272
152,-0.033940885,0.11226882,0.051961996,0.039930042
153,0.056894626,-0.31416297,0.036565434,0.0331646
154,-0.18305434,0.23737875,0.13571973,0.17502172
155,-0.033769675,0.044076268,0.04810483,0.04497999
156,-0.0639299,-0.026053905,0.037811767,0.032527857
157,-0.22800805,0.018710755,0.06362894,0.048698496
158,0.05468181,-0.07371268,0.056871645,0.054366563
159,-0.048384745,-0.048940927,0.12953006,0.10653045
160,-0.04542864,0.07128917,0.037035275,0.031029265
161,0.6474089,0.12966992,0.056200426,0.05637476
162,-0.037358798,-0.45120367,0.083123945,0.084065765
163,-0.34129378,-0.1527414,0.048196282,0.036625225
164,0.040735234,-0.086473316,0.029035777,0.024842905
165,0.60771114,0.3691879,0.03968437,0.03458916
166,0.24195248,-0.042160362,0.07638115,0.057957005
167,-0.041979726,-0.07912071,0.08116582,0.076918975
168,-0.086606234,-0.04447314,0.02951646,0.024986207
169,0.77774787,0.007980667,0.049931966,0.043028887
170,-0.7464661,0.13004847,0.06848811,0.04230163
171,0.034141753,-0.004488431,0.09445144,0.086428896
172,-0.30036,0.024571404,0.15962872,0.12681587
173,-0.3233739,0.13516116,0.07600436,0.05989038
174,0.041688014,0.06421264,0.05622905,0.04153747
175,-0.032125153,-0.012182981,0.07881844,0.06718244
176,0.03167772,0.042351626,0.033056676,0.026432542
177,0.017686754,-0.010449454,0.12566464,0.08908147
178,-0.11098541,-0.029472388,0.1005034,0.087283276
179,0.10135749,0.17290083,0.116359696,0.12560332
180,0.007829823,9.3355775e-06,0.039642893,0.032772478
181,-0.56294364,-0.59122825,0.053690936,0.05625318
182,-0.006883569,-0.19131035,0.103558,0.09244919
183,0.64612144,0.5574018,0.06770323,0.07533403
184,0.08476283,-0.10847302,0.14667863,0.11610182
185,0.03213733,-0.010436557,0.030699465,0.027850354
186,0.03304914,-0.020422012,0.027425457,0.022020625
187,-0.22778313,0.36231935,0.4834162,0.5398253
188,0.110914335,0.16952583,0.044840895,0.03805561
189,-0.11541784,0.6692209,0.07984651,0.07927742
190,-0.2582181,-0.106882855,0.094760194,0.10261326
191,0.067907155,0.021652222,0.058455747,0.049585216
192,-0.06949359,-0.0112957135,0.081379056,0.06902423
193,-0.03745113,-0.0018738508,0.02812472,0.021586634
194,-0.016550787,0.049558666,0.026735684,0.023736853
195,-0.2529392,-0.03827122,0.052891396,0.03963724
196,-0.7632352,-0.1292373,0.047900308,0.045386173
197,-0.567093,0.3074609,0.2813571,0.23565482
198,0.26064417,-0.08570379,0.24905293,0.16904575
199,0.06142168,0.1185729,0.042202476,0.03559031
200,-0.010967474,-0.025185846,0.023617255,0.018584244
201,-0.31571734,-0.16966861,0.16256332,0.14267519
202,0.20645382,0.0868452,0.06110708,0.049212724
203,-0.042932674,-0.01776924,0.03893238,0.030648464
204,-0.25432682,0.8101424,0.05638827,0.06738515
205,-0.12127507,-0.11847572,0.10680419,0.10760657
206,-0.22172579,0.13176432,0.054546945,0.04371278
207,-0.019365959,-0.023734808,0.09778955,0.08040356
208,-0.08617242,0.23990013,0.08331569,0.0724309
209,0.0721259,0.0777953,0.06882369,0.06600786
210,-0.002193056,-0.05489859,0.07173115,0.0642227
211,0.11548939,-0.2547796,0.192101,0.16305351
212,-0.015956968,-0.1405725,0.0940994,0.094896995
213,-0.079603806,-0.10582793,0.040511355,0.031850312
214,-0.18424805,0.088229,0.13781123,0.13132203
215,0.059941065,0.11820671,0.03186745,0.026172183
216,-0.067017,0.056541253,0.05458634,0.053457383
217,-0.068396635,0.013810374,0.071165435,0.06380591
218,0.05463547,-0.055299357,0.05782114,0.05609539
219,-0.21559139,-0.08044766,0.14177097,0.119818695
220,0.051974665,0.06316339,0.11891995,0.10224077
221,-0.061171204,-0.1290545,0.07627688,0.07087063
222,0.08190009,-0.094752684,0.028512228,0.024539012
223,0.14230035,-0.7352917,0.08042262,0.083678424
224,-0.03435769,-0.48533782,0.06333055,0.06408496
225,-0.040208448,0.19502863,0.035415705,0.032152954
226,0.029499095,-0.023654796,0.07993796,0.061519675
227,0.30972043,0.22061434,0.044875316,0.034852624
228,-0.18474802,-0.70321727,0.053176973,0.06044255
229,-0.098701805,0.207288,0.03337379,0.02752724
230,-0.029995114,-0.54322517,0.026782807,0.030799575
231,0.0014594421,0.013304852,0.081072725,0.06574988
232,0.0024307705,0.021376066,0.03557689,0.03215606
233,0.1164037,0.10349427,0.2040185,0.18514015
234,-0.28164098,0.2625205,0.03241809,0.028278204
235,-0.0019776933,-0.008726411,0.03423147,0.032538284
236,0.59670925,-0.32446054,0.038777694,0.030954106
237,0.7661621,-0.5925106,0.04709203,0.03685139
238,-0.065846995,-0.0795107,0.040486168,0.042687215
239,-0.027210409,-0.06854959,0.04990236,0.04218759
240,0.03739394,-0.05882533,0.056446187,0.048952285
241,-0.14892504,-0.34185418,0.021327056,0.021820871
242,0.26637828,-0.1942839,0.09167388,0.08257804
243,0.0076559,-0.006435536,0.12524065,0.11495504
244,-0.08450198,0.0020785928,0.05803264,0.04805889
245,-0.096084744,-0.16048566,0.10470536,0.0929736
246,0.07185921,-0.047327414,0.03687455,0.029360918
247,0.03544793,0.5029421,0.08298747,0.08812887
248,-0.080235966,-0.0014595017,0.18095556,0.12965676
249,-0.06765712,0.07723952,0.071610756,0.06552247
250,-0.02771334,0.25307584,0.039560396,0.034789942
251,-0.17216988,0.09567027,0.095233284,0.07005008
252,-0.27119648,-0.014188848,0.061928086,0.046009168
253,0.12673683,-0.020373873,0.13355967,0.108503126
254,-0.027661385,-0.024707846,0.038178097,0.030334836
255,-0.44834,0.042606108,0.16493988,0.1251888
256,0.01051569,0.0118987635,0.03683307,0.027987612
257,-0.1192075,-0.2376973,0.0400751,0.03732894
258,0.15364747,0.22435051,0.0487237,0.05054566
259,-0.044881634,0.20183483,0.07551588,0.08691405
260,0.106694475,-0.12402704,0.110941306,0.09662144
261,0.09690319,0.38322014,0.062117666,0.057776283
262,-0.21189888,-0.35030487,0.3124436,0.2844436
263,-0.21004298,0.3579555,0.032408286,0.03118388
264,0.47134665,0.08751003,0.029773144,0.027185556
265,-0.3920016,-0.4820951,0.045621496,0.042612832
266,-0.40665996,-0.44668362,0.06916704,0.06717088
267,0.036631595,0.06078661,0.05582565,0.053535175
268,-0.45297566,-0.47671488,0.053767525,0.051636223
269,-0.03511075,-0.024462983,0.058161326,0.052711517
270,-0.1125706,-0.04328586,0.036789868,0.026853144
271,-0.01615922,-0.18252128,0.028516399,0.024566716
272,0.06527482,-0.4973552,0.0605498,0.06979595
273,0.044917766,-0.04149294,0.025483714,0.02145439
274,0.05881686,0.20624511,0.09944132,0.09228855
275,0.711944,0.14433508,0.04910207,0.055838116
276,-0.01775014,-0.04749094,0.039461274,0.035364542
277,0.36850053,0.30035865,0.0427012,0.040255878
278,-0.059686277,0.07691503,0.10679829,0.08836324
279,-0.020305557,0.051765073,0.043997068,0.03670268
280,0.015879236,-0.2678063,0.06568094,0.065115936
281,0.053148333,-0.039081022,0.047809053,0.043022323
282,0.34255153,0.056063958,0.052853636,0.040376224
283,0.02777154,-0.02632662,0.025812073,0.02019249
284,-0.023660636,0.07157355,0.06823985,0.057205833
285,0.0006391555,0.03872639,0.028080793,0.024598265
286,-0.051648058,0.0018351004,0.030198999,0.022996046
287,-0.11350307,-0.12994976,0.04295304,0.03618914
288,-0.09447679,0.07698117,0.11635258,0.08496239
289,0.6147725,-0.03847213,0.05849902,0.046312425
290,0.11819984,-0.29815838,0.11104277,0.104321964
291,-0.041568317,-0.067954615,0.041252322,0.03570392
292,-0.09105593,0.43120733,0.1129267,0.13252817
293,-0.010003818,-0.046699405,0.034438115,0.031041713
294,0.05869249,-0.0022803545,0.027946096,0.021078631
295,-0.19285858,-0.016641423,0.03744128,0.029677918
296,-0.26510617,-0.062065825,0.08751717,0.096253514
297,-0.11139296,0.43359295,0.115948096,0.10203495
298,0.15847656,-0.24769992,0.035805687,0.031597946
299,-0.06141551,-0.018709794,0.044951912,0.035683732
300,0.051494073,0.02501665,0.035882745,0.02950737
301,0.06586476,-0.0752376,0.04830841,0.04187794
302,-0.114201546,-0.090794966,0.13061318,0.14085397
303,0.08570412,-0.124019936,0.058681384,0.061405845
304,0.116929784,-0.29688475,0.05382887,0.055294715
305,-0.113603845,-0.22133839,0.089773744,0.08245804
306,0.11257397,0.33113724,0.037324145,0.034565657
307,-0.017122421,0.024339765,0.03539936,0.028540138
308,0.07180649,0.09611462,0.05990575,0.049772754
309,-0.4041638,-0.48833534,0.108360924,0.10879154
310,-0.054654382,0.09741846,0.043542925,0.034520555
311,-0.053817123,0.9817864,0.036312096,0.04052585
312,-0.34819543,0.17842811,0.059833437,0.040277354
313,0.045606907,0.08322423,0.14044932,0.08416634
314,-0.01269293,0.0063014477,0.05496328,0.047387805
315,0.11823957,0.07827876,0.035075635,0.03212614
316,-0.58817387,-0.29549587,0.04329033,0.03949629
317,0.11153923,-0.013446495,0.2598636,0.1834036
318,-0.21687503,0.33610946,0.04570303,0.043237627
319,-0.06284838,0.0706236,0.054726526,0.043567527
320,0.03706594,-0.072504714,0.02361213,0.020810407
321,-0.117876545,0.069115564,0.06235805,0.051253002
322,0.040662434,0.017044567,0.023780819,0.020221205
323,-0.17523955,-0.31236434,0.037927806,0.034747988
324,0.013048507,-0.05915451,0.0630407,0.05363611
325,0.003961861,0.1421181,0.054005414,0.04128279
326,-0.5325189,-0.15615588,0.08122399,0.07296617
327,-0.5139702,-0.30857858,0.037923794,0.03131811
328,-0.02151892,0.63267803,0.08851779,0.095953256
329,-0.12365094,-0.2876213,0.06207162,0.06477955
330,-0.060948357,-0.34283495,0.044563536,0.045739472
331,0.062385622,-0.23638612,0.037856188,0.036691695
332,-0.09385172,-0.010039084,0.058102943,0.047959406
333,-0.00045695528,-0.021161377,0.042728845,0.036072537
334,0.34015113,-0.31563526,0.14885092,0.1283474
335,0.03100058,-0.12539941,0.065962546,0.062299673
336,-0.049292274,-0.1267318,0.06122852,0.061735384
337,0.1354493,-0.046088576,0.047601398,0.03917965
338,-0.24076399,0.012813337,0.035819836,0.02805391
339,-0.25378335,-0.2665854,0.05073545,0.050029323
340,0.50961286,0.49439535,0.0903713,0.07446602
341,-0.025783557,0.0013183355,0.031371374,0.025098674
342,-0.33520257,-0.04321581,0.14730406,0.109645136
343,-0.012757545,-0.06343135,0.07362953,0.06221047
344,-0.10540849,-0.16605014,0.1457455,0.11648245
345,-0.058476448,-0.13588141,0.09584123,0.07300846
346,0.21985525,0.49496445,0.07526824,0.07378757
347,0.07304621,0.040523045,0.08366091,0.054773383
348,0.026320618,-0.02846817,0.038496237,0.033388138
349,0.292135,-0.13308805,0.05994729,0.059491638
350,-0.09052661,0.05660442,0.0781791,0.07140363
351,0.030044202,-0.06119308,0.051637925,0.040501803
352,-0.17181294,-0.061846793,0.08397422,0.06523859
353,0.36822927,-0.09984882,0.15119971,0.12915237
354,-0.02715538,0.025191575,0.052436646,0.04135689
355,-0.2780141,-0.778496,0.048992313,0.058947366
356,-0.09993777,0.034735277,0.07273072,0.07037587
357,-0.0012504067,0.003942102,0.028593674,0.024684392
358,0.28850198,0.37715766,0.12713249,0.12673894
359,-0.002918575,-0.010980636,0.106869325,0.09982133
360,0.3804778,-0.103104115,0.05485665,0.044163406
361,0.05229101,0.12831378,0.04413989,0.037484515
362,0.09177789,0.6164439,0.06315084,0.05978686
363,-0.5185988,0.30127233,0.06804018,0.0535934
364,-0.51986617,0.049218588,0.03939446,0.032705586
365,-0.13109481,-0.104283154,0.06321082,0.052040547
366,0.1207643,0.010593675,0.03463999,0.028827196
367,-0.15318774,0.13752607,0.12826583,0.110105194
368,-0.030926786,0.057760317,0.03952819,0.032117106
369,0.16093704,0.076157644,0.05632067,0.0467957
370,-0.54224694,-0.30044264,0.095231764,0.06487064
371,0.3890774,0.19697839,0.05494015,0.0444391
372,-0.23257671,-0.09906846,0.106790476,0.086718895
373,-0.21865252,0.108675264,0.15801835,0.15640865
374,0.43600395,0.40384895,0.10296173,0.090741195
375,-0.0051982813,-0.03077726,0.07871344,0.06638166
376,0.008699343,-0.007504426,0.022661388,0.019712716
377,-0.5553201,0.3439952,0.15158682,0.124606706
378,-0.040500246,-0.09828928,0.077664465,0.056375805
379,0.18356358,-0.65629804,0.07438432,0.06968748
380,-0.16146305,0.4710675,0.034878448,0.038524896
381,0.0065383427,0.015310727,0.06448508,0.056317646
382,0.49096885,-0.3351866,0.04959827,0.05026479
383,0.10768041,0.09629444,0.100681916,0.073964186
384,-0.39671236,0.07008204,0.0760111,0.0596122
385,-0.0611759,0.13467813,0.08518696,0.0748296
386,-0.22503406,-0.12312251,0.12728964,0.115452744
387,0.012206551,0.028175682,0.032991275,0.02634505
388,-0.0103914905,0.13691014,0.062452797,0.05872041
389,-0.01473468,-0.10873243,0.1285574,0.123724066
390,-0.038090087,0.00047724694,0.022981007,0.020481719
391,-0.36698827,0.7966236,0.063217536,0.06446968
392,-0.21066739,0.14425766,0.077678904,0.060575586
393,-0.7383518,-0.4031578,0.09457551,0.088584974
394,0.066616625,-0.07901116,0.062148586,0.047248572
395,-0.2695921,0.0028084293,0.1277375,0.08274506
396,0.23179722,-0.73738754,0.12662153,0.1244006
397,0.28773192,-0.4840499,0.11664522,0.13621122
398,-0.053930104,0.19084841,0.13380978,0.13135889
399,0.060800564,0.024008438,0.08224265,0.0774857
400,-0.18723571,-0.5163351,0.027884189,0.031400073
401,0.12498559,0.218142,0.08940057,0.07862865
402,0.040601764,0.045722503,0.054755073,0.04125387
403,-0.047114037,0.012921728,0.0400617,0.03685471
404,0.08703777,-0.03444168,0.062440928,0.048312057
405,-0.043797262,0.04759658,0.07623303,0.05694286
406,0.06426479,0.19771917,0.033564247,0.028097847
407,0.09224668,0.019265555,0.09368613,0.09213486
408,0.11332899,-0.27790233,0.31507543,0.26777852
409,0.43834665,0.13995965,0.06319045,0.06129525
410,-0.17388712,-0.07834047,0.08967131,0.072854154
411,-0.19654086,0.012791231,0.055570375,0.038031768
412,-0.6512295,-0.36734217,0.046001147,0.037447285
413,-0.100591436,0.5304575,0.14148654,0.13318807
414,-0.3050914,-0.6498065,0.07207728,0.08141938
415,-0.06389356,-0.0366562,0.12830892,0.105515175
416,-0.0189047,0.04340165,0.040072583,0.03447486
417,-0.017439993,-0.045476183,0.02800116,0.02130738
418,-0.05779952,-0.16769436,0.027650677,0.02408628
419,0.08939755,0.30631128,0.23000808,0.2518953
420,-0.21323805,-0.057732746,0.079237014,0.05386516
421,-0.16918406,0.13757364,0.090625465,0.084083416
422,0.037061635,-0.17445382,0.07972236,0.06182034
423,0.13582185,0.2720896,0.03413101,0.03302165
424,0.037560213,0.13997233,0.07839494,0.07801498
425,0.51940036,-0.20872092,0.12991214,0.13920532
426,-0.0268349,0.005256012,0.030720508,0.02734646
427,0.0001674667,-0.41122404,0.09013831,0.09279884
428,-0.043994997,0.07790661,0.1496585,0.1304287
429,0.029009726,-0.02019345,0.06087806,0.04443875
430,0.56029385,-0.083959356,0.21105365,0.17271894
431,0.025045026,0.032999597,0.025559133,0.020501528
432,-0.27218354,-0.087724954,0.10570332,0.08705721
433,0.0060505047,0.0027895942,0.04593283,0.034308515
434,-0.047523048,-0.05195403,0.057807412,0.04058362
435,-0.017986491,0.096304074,0.38978323,0.4618119
436,-0.10906817,0.0531104,0.074291125,0.06090088
437,-0.50804955,0.39418796,0.064653285,0.07801536
438,-0.17970985,0.29035628,0.17494208,0.19382209
439,-0.12625612,-0.400903,0.07008383,0.06367603
440,-0.29055357,0.48429668,0.07671982,0.0670666
441,0.08357483,0.105114065,0.055664647,0.041321605
442,-0.33393088,-0.63865423,0.06962571,0.09297866
443,0.062047113,0.0075018853,0.038984545,0.03159062
444,-0.080385715,0.032893073,0.09852903,0.08159439
445,0.014145665,-0.479386,0.04469214,0.048434142
446,0.0066483356,0.08408643,0.09641926,0.06938848
447,-0.10308738,-0.05910161,0.08955839,0.10279992
448,0.07873431,-0.19796029,0.051794596,0.0505329
449,-0.05459677,0.24102452,0.24493141,0.16922453
450,0.32293862,-0.38987395,0.081388384,0.06640836
451,0.36759576,-0.14498521,0.06268381,0.04592946
452,0.10573079,0.7301831,0.041162748,0.047232997
453,0.049490836,0.056333743,0.08892393,0.0750439
454,0.7589777,0.58580005,0.08748025,0.07270973
455,-0.00767494,-0.18293959,0.03839839,0.03250297
456,-0.68143654,0.090714164,0.06822147,0.055091705
457,0.023262296,0.0289822,0.052551005,0.04276601
458,0.453409,-0.08626513,0.037959483,0.030650692
459,0.23330086,-0.7006929,0.05590851,0.05241768
460,-0.26179144,0.3680636,0.15663838,0.1631417
461,-0.09462984,-0.5026854,0.09559813,0.09932798
462,0.017235842,0.18070927,0.029174497,0.023286799
463,-0.1181764,0.64045167,0.0728716,0.067701384
464,-0.04491389,0.16359362,0.23088983,0.20541148
465,-0.68409836,0.41548696,0.05063301,0.058802936
466,0.017571334,0.39183015,0.097220756,0.07673689
467,0.012299333,0.2811181,0.044405844,0.03974346
468,0.055871416,-0.06856334,0.03062617,0.025243426
469,0.0590298,-0.08333504,0.039892524,0.03116007
470,0.04743688,-0.12528974,0.08467635,0.06396141
471,-0.015104316,-0.15638095,0.054536898,0.048241537
472,-0.1793017,0.16025397,0.12636586,0.118466936
473,0.06833331,-0.0017580315,0.025281258,0.021619577
474,0.04726534,-0.011793934,0.08014034,0.053812146
475,-0.018159516,0.0139724165,0.096009314,0.0742938
476,0.053302895,0.048414286,0.10192722,0.1060186
477,-0.23822598,-0.32644573,0.1259513,0.107032515
478,0.052722413,0.038951054,0.058122516,0.056123428
479,-0.031037495,0.092986025,0.09613158,0.07741231
480,0.16552836,0.22907951,0.05510059,0.05460701
481,-0.001418177,0.006052971,0.025986781,0.020518612
482,-0.25977015,0.15239,0.09019605,0.07996306
483,-0.117427394,0.0811143,0.06458546,0.05527912
484,-0.07177019,0.049799845,0.15046792,0.16274163
485,0.01211182,0.04490186,0.04833804,0.045031574
486,-0.14328413,-0.07223551,0.099471636,0.08278169
487,0.10035357,0.011808053,0.0585901,0.0417339
488,0.75262946,0.11106912,0.06709298,0.05912867
489,0.45024174,-0.10591629,0.060923707,0.05392384
490,-0.16390383,-0.012198538,0.12712891,0.14348248
491,-0.13459784,0.03050989,0.059552792,0.048257142
492,0.07760134,-0.015521169,0.041856475,0.0368865
493,0.28579628,-0.117274225,0.25432044,0.15977351
494,-0.04901918,-0.043636397,0.022005055,0.018410578
495,0.15686348,-0.3828208,0.037658397,0.03334876
496,-0.37350392,-0.4314632,0.0875661,0.09006157
497,-0.12903802,-0.0017113462,0.06352266,0.056183904
498,0.048417736,0.041064113,0.08127618,0.06733914
499,-0.16421925,-0.087547064,0.116508044,0.093374275
500,0.0057487115,0.2422531,0.050922405,0.04220765
501,-0.093502454,0.02689112,0.06821368,0.05402823
502,-0.06082116,0.18491669,0.060216606,0.05526642
503,0.4341141,0.160793,0.07562654,0.05870436
504,-0.030657062,0.11996678,0.034116376,0.027021654
505,-0.32783756,0.5872459,0.123662286,0.12931326
506,-0.021784192,-0.0093712285,0.045561127,0.03846931
507,-0.1180373,0.15311873,0.16034487,0.13765512
508,0.6867596,0.4566488,0.06011827,0.050125074
509,-0.006336756,0.5450205,0.07252231,0.07085127
510,-0.40178257,0.0662514,0.10102443,0.06294358
511,0.085269704,-0.128779,0.0558367,0.045449983
512,0.053997044,-0.240111,0.13151988,0.12306083
513,-0.0081361085,-0.38990954,0.057588432,0.05663925
514,-0.009687621,0.053924635,0.08709789,0.06958968
515,-0.1982794,0.06021041,0.071207836,0.05429454
516,0.111106634,-0.107933536,0.0519758,0.04248158
517,0.10581742,-0.85006654,0.059866004,0.07304383
518,0.28764465,-0.15286772,0.117302835,0.07788656
519,0.05094524,0.050447438,0.051395055,0.040630374
520,-0.2462203,-0.6018045,0.033727694,0.03767236
521,0.06930122,-0.055811614,0.08017312,0.08010363
522,-0.04202927,-0.12633425,0.07618455,0.06565754
523,0.04155102,-0.015756205,0.057260666,0.03830219
524,0.10893963,0.11463626,0.06302402,0.05596858
525,-0.14602569,-0.066481814,0.16770011,0.1433977
526,-0.07001421,0.6540439,0.044727135,0.047672044
527,-0.5931759,0.40836015,0.05417527,0.051292665
528,0.53785217,0.0052089095,0.04467139,0.041871034
529,0.286458,-0.0983226,0.09604743,0.078372225
530,0.030027479,0.117551215,0.26732537,0.21061404
531,-0.05731401,0.03443109,0.029999109,0.022850784
532,0.07512157,-0.33875993,0.027330924,0.029592557
533,-0.38032272,-0.064765185,0.14660442,0.11584979
534,-0.4131,-0.3119466,0.29451674,0.209878
535,-0.57957536,0.54071033,0.056913085,0.04769561
536,0.18460816,-0.4218627,0.08785745,0.07619137
537,-0.13324134,-0.24846679,0.027110625,0.024567029
538,-0.025219424,-0.32262874,0.065904856,0.06818333
539,0.16517563,-0.29792637,0.10270357,0.09751051
540,-0.24962933,-0.05636266,0.22299255,0.21374442
541,-0.024878485,-0.008226894,0.046168037,0.037433203
542,0.0794131,0.14974625,0.03619483,0.03140783
543,-0.4645464,-0.5452684,0.037130386,0.04264579
544,0.032033656,-0.12413359,0.047121715,0.040661357
545,-0.4010185,-0.44017145,0.13329712,0.121886805
546,-0.32019022,0.25382227,0.059634108,0.049705066
547,0.041647125,0.043317482,0.12029139,0.10347023
548,0.017298501,0.016295016,0.028604219,0.021871021
549,-0.0055289883,-0.029993862,0.09491611,0.082635425
550,0.33873865,0.7242991,0.04313414,0.052965913
551,-0.07445289,-0.049057215,0.08850011,0.07458065
552,-0.0006190166,-0.31848833,0.1615089,0.16126022
553,-0.02678756,0.49860075,0.04805518,0.045263134
554,-0.033391245,0.22367233,0.0798442,0.07736825
555,-0.38217044,0.096613176,0.04111756,0.029755926
556,0.0031900927,-0.12925172,0.034735568,0.02961533
557,-0.15356484,0.6501715,0.06856493,0.06442161
558,0.2591963,0.6037843,0.08012107,0.07704629
559,0.120854184,0.6328697,0.05933386,0.05906188
560,-0.16389877,0.28648692,0.0775996,0.082648575
561,-0.04610022,-0.019578695,0.061480895,0.055226635
562,0.19596869,0.026272051,0.11528522,0.10343618
563,-0.5246303,0.21374159,0.041392103,0.02803337
564,-0.06638546,-0.22030547,0.15077606,0.15317653
565,-0.027995523,-0.11445148,0.053359393,0.05140106
566,-0.3229545,-0.15672109,0.045986913,0.039865244
567,0.11088841,0.064725265,0.041001655,0.041169625
568,-0.27872717,-0.14985844,0.058994304,0.042080082
569,0.05761223,-0.18628234,0.027051216,0.024683956
570,-0.09364505,-0.0005536303,0.039180126,0.030071363
571,-0.4339664,0.3201357,0.049499463,0.043171454
572,0.039474275,-0.17139232,0.03682641,0.030433206
573,0.25026283,-0.09621604,0.09360287,0.078564726
574,-0.045697447,0.0579121,0.15604714,0.13871878
575,0.03377961,-0.6065465,0.19982189,0.18806815
576,-0.45054394,0.14384031,0.15126355,0.11186966
577,0.3426659,0.40449372,0.064671606,0.06862791
578,-0.009561725,0.10048869,0.04121594,0.034707956
579,-0.17582293,0.03406939,0.02447089,0.019143324
580,0.8898937,0.41356003,0.053661898,0.04548579
581,0.14363255,-0.2550766,0.032387506,0.02847395
582,0.06965582,0.036215145,0.065839894,0.051602088
583,0.046336252,-0.44436684,0.032768756,0.031047871
584,0.15768158,0.41475213,0.40543172,0.38260123
585,0.018895257,0.03304844,0.026680669,0.021645637
586,-0.029998634,-0.1727975,0.06610862,0.05378789
587,-0.018789683,-0.0001598373,0.050009076,0.050799668
588,-0.06231589,-0.041759282,0.14778593,0.10095031
589,-0.0059811547,-0.086055934,0.023106938,0.020807063
590,-0.031201005,-0.017549798,0.029404763,0.023030698
591,0.41180432,-0.43749598,0.07681212,0.06407513
592,0.33226338,-0.5815191,0.049324844,0.054264892
593,0.1525448,-0.10795571,0.0601891,0.050502323
594,-0.17538868,-0.18344995,0.072577186,0.06387474
595,0.15965414,-0.27396926,0.091132514,0.07189602
596,0.33477607,0.521464,0.048235815,0.04528377
597,-0.04458264,-0.46052286,0.0857064,0.11520381
598,0.06938934,-0.18541026,0.06893307,0.059567675
599,-0.0087437555,0.08526684,0.051313408,0.03868496
600,0.7212009,-0.118299276,0.049748573,0.031223953
601,-0.023809861,-0.19311997,0.032304414,0.026906757
602,0.01695605,-0.09802763,0.053813733,0.04792327
603,0.04959904,0.06771703,0.045484584,0.03936968
604,-0.073982656,-0.14086446,0.13297476,0.109276116
605,0.019468457,0.26381,0.026482746,0.027082698
606,0.0046772026,0.019039862,0.055867694,0.044935506
607,-0.032108534,0.10228525,0.023784082,0.017979283
608,0.0378966,-0.0034859702,0.07172172,0.060569804
609,-0.10115114,-0.008802362,0.053975258,0.04904139
610,-0.040265217,0.052042264,0.081522115,0.07906444
611,-0.010097947,-0.0124795735,0.07211688,0.057322778
612,-0.058137722,-0.17668596,0.043091893,0.043147486
613,-0.5137999,0.35305786,0.1622144,0.14145733
614,-0.084291264,0.15705337,0.04014038,0.034067236
615,0.0038268045,0.037564162,0.0401721,0.030731073
616,0.18203156,-0.09321463,0.064277746,0.04842583
617,-0.003438102,0.09504833,0.09899571,0.09036572
618,-0.009373412,-0.0068170056,0.02830007,0.024048224
619,-0.004316479,-0.064061075,0.0469253,0.038577914
620,0.12737617,0.038101617,0.15371086,0.13977179
621,0.11282343,-0.1693609,0.040317524,0.036211796
622,0.1590662,-0.14727621,0.03046279,0.026090633
623,-0.06819843,-0.050257146,0.072214045,0.064565346
624,0.023542725,-0.098757744,0.09465459,0.08158538
625,-0.053512335,0.025850743,0.06157854,0.050972845
626,0.39856142,0.74512005,0.042706113,0.048378866
627,-0.7333222,0.14421737,0.043312695,0.060681
628,0.6439952,-0.47797182,0.1908611,0.20424464
629,-0.26032832,-0.2226198,0.040605452,0.034156837
630,-0.090526626,-0.01361011,0.20106597,0.21337625
631,-0.025019592,-0.07603374,0.05636145,0.056674335
632,-0.14932916,0.14685921,0.07312284,0.058315743
633,0.0054171905,-0.20225915,0.036374863,0.029690076
634,-0.021249354,-0.17274103,0.038518377,0.032187425
635,0.15831554,-0.09430647,0.036757123,0.028928148
636,0.07140015,-0.018207416,0.023005588,0.019889269
637,-0.61077756,0.1857428,0.048459347,0.037630524
638,0.011785105,0.07761037,0.07578048,0.07040229
639,0.08848338,0.030662313,0.094913185,0.0760553
640,0.016734496,0.016187645,0.09601754,0.10468853
641,-0.093830824,0.103900604,0.21629858,0.18711689
642,-0.19456534,0.12816364,0.031390432,0.024762686
643,-0.06280862,-0.039249137,0.19140732,0.16406305
644,0.7417476,-0.28642696,0.0725171,0.055072173
645,-0.28947937,-0.14222892,0.20628908,0.14541931
646,-0.09774871,-0.031583697,0.08197801,0.07362253
647,-0.21348296,0.3586787,0.044871785,0.045726597
648,-0.10987647,0.1446599,0.033758923,0.027292397
649,0.11495966,0.11873287,0.056360777,0.0536645
650,0.15419011,0.7632135,0.07231873,0.07551707
651,-0.021093408,-0.07747984,0.05129484,0.047677316
652,-0.024559358,0.0103505105,0.029417377,0.027648164
653,-0.034315772,0.06812003,0.051266517,0.044495646
654,-0.03182275,0.011952676,0.047902122,0.042185854
655,0.025137879,0.012264259,0.029761458,0.024710737
656,-0.018200178,0.0023106635,0.028694231,0.024019118
657,0.030839544,-0.0060216114,0.04032806,0.036350064
658,-0.20223162,0.020581238,0.084419236,0.06020705
659,-0.05028046,-0.35626978,0.05317629,0.0690633
660,0.05026738,0.09457287,0.06290548,0.05228925
661,0.005121518,-0.041042507,0.042072184,0.031356424
662,0.38714048,0.16646945,0.045134816,0.034032233
663,0.009742886,-0.15486044,0.058849543,0.05004971
664,-0.007194288,-0.014392868,0.0342226,0.027223332
665,-0.0052601583,-0.059663847,0.04796735,0.041215148
666,-0.24785462,0.1621992,0.04782053,0.032619752
667,0.21877697,-0.1442575,0.06818094,0.056897625
668,-0.19032279,-0.08686854,0.029637983,0.023202933
669,0.00824412,0.011479333,0.022002723,0.019886915
670,0.73082924,-0.14730543,0.10425908,0.07203667
671,-0.03367487,-0.049617648,0.064001806,0.053489693
672,-0.24088757,-0.1468024,0.028469361,0.02382883
673,-0.02233876,-0.007126689,0.025483714,0.019713087
674,0.4652875,0.5806613,0.07754609,0.07045026
675,-0.037170827,-0.13295028,0.08518148,0.06726516
676,0.11617279,-0.016856387,0.033798225,0.028076382
677,0.018000446,-0.011944838,0.031393446,0.026186625
678,-0.12923165,0.28856504,0.055279505,0.057243705
679,-0.34312886,-0.12868744,0.04436376,0.031550746
680,-0.0019546747,-0.036205277,0.05262124,0.042809054
681,0.48460177,-0.057146505,0.050051823,0.038259648
682,-0.1841131,0.01496198,0.10421762,0.07959965
683,-0.059395235,-0.048614487,0.060360268,0.05046796
684,-0.28034362,-0.6109158,0.05109074,0.05659095
685,-0.12742214,-0.5185368,0.035266224,0.036630303
686,0.029460344,-0.13506965,0.09080934,0.086409494
687,-0.20223537,0.08251682,0.033912662,0.028608495
688,0.0017841533,-0.009848431,0.029434165,0.023919597
689,-0.7371415,0.34041977,0.045416348,0.040834483
690,0.15208639,-0.45239553,0.035423066,0.03604856
691,0.021335736,0.25467753,0.11740587,0.12392467
692,-0.0073315687,-0.004770413,0.106011294,0.070989825
693,-0.0036723334,0.08881509,0.09695852,0.0844094
694,-0.091402926,0.01171454,0.062168747,0.050354786
695,0.0180252,0.14605184,0.07243327,0.057518784
696,0.009201162,0.09552395,0.02922185,0.024887452
697,-0.27218187,-0.3758879,0.04479759,0.039500173
698,-0.14029422,0.04501819,0.034692276,0.029377123
699,-0.244417,-0.078899264,0.07684347,0.06325089
700,-0.0815589,-0.26031566,0.025864463,0.022667669
701,0.2724795,-0.06486523,0.05492266,0.043114867
702,-0.013836581,0.0074708164,0.030071525,0.024020081
703,-0.024177644,0.061885107,0.06445414,0.06764921
704,0.37805116,-0.25702497,0.053220376,0.047799233
705,0.057017613,0.169341,0.18415631,0.15041807
706,-0.02110172,-0.0043989867,0.03450998,0.02701097
707,-0.19015844,-0.080493495,0.13119727,0.10271547
708,-0.40195975,-0.63108337,0.056126162,0.057828087
709,-0.07734944,-0.05068472,0.036849614,0.02692748
710,0.051680174,0.09944894,0.024757018,0.021411924
711,-0.13648622,0.18719925,0.028903183,0.022503864
712,-0.25032634,-0.51358473,0.033692423,0.035605293
713,-0.0100925565,-0.0018813312,0.034981478,0.02711982
714,-0.4010174,0.4056474,0.057115547,0.046913616
715,-0.15199842,0.039466478,0.11410644,0.11624243
716,0.039698396,-0.66199136,0.04851181,0.053470325
717,-0.018264595,-0.04158482,0.057510223,0.0508932
718,0.08092187,-0.81167245,0.041727856,0.04349805
719,0.11330888,0.05832628,0.24640688,0.18276662
720,0.46436685,-0.5783653,0.048155043,0.049249012
721,0.06348789,0.021382205,0.030508466,0.025323777
722,0.11070706,0.06883992,0.03754967,0.028376253
723,0.15674156,-0.07752435,0.041460954,0.029077113
724,-0.17569822,-0.37578142,0.03714704,0.037432496
725,0.15965514,-0.14195693,0.080271915,0.06429654
726,0.097733065,-0.59468484,0.06524146,0.079391845
727,0.34974027,-0.27513668,0.11975123,0.09911586
728,0.0017719865,0.11586948,0.09050819,0.09618171
729,-0.30850357,0.17926171,0.1768933,0.14178835
730,0.19056943,0.023303479,0.092497796,0.08031709
731,0.001531478,-0.03767723,0.024248095,0.020177657
732,-0.0335982,0.017069608,0.043790907,0.03543317
733,0.12388283,-0.20252782,0.038367298,0.035934232
734,0.005729791,-0.13086209,0.14389364,0.14178368
735,-0.4681534,-0.25066537,0.048817594,0.049080946
736,-0.040024288,-0.028854288,0.09640658,0.094993606
737,0.06974818,0.22507581,0.026134634,0.023727862
738,0.20294319,0.662797,0.072866395,0.06864374
739,0.1325208,-0.06992866,0.037772503,0.031430192
740,-0.24037471,0.24070232,0.03345127,0.029839924
741,-0.35164654,0.08516478,0.036137804,0.028657984
742,0.048994016,-0.07518688,0.030341834,0.023277929
743,0.010018289,-0.03840682,0.0365698,0.03184342
744,-0.045629892,0.0039496794,0.041726593,0.03132922
745,-0.09469181,-0.2584346,0.056824338,0.05721337
746,-0.112678036,-0.053581566,0.06393046,0.049174923
747,-0.012420915,-0.046539918,0.04700446,0.03821088
748,-0.02736098,0.33233136,0.11357889,0.10249496
749,-0.36009115,0.689042,0.037822094,0.046053626
750,0.19528349,-0.076923415,0.36868933,0.30772036
751,0.053284142,0.12246489,0.08011612,0.06848527
752,-0.5318022,0.51929796,0.23439696,0.34111527
753,-0.46693042,0.1644872,0.05067165,0.03702589
754,0.0053827986,0.104806446,0.037791792,0.032017007
755,0.20595638,-0.028745852,0.07417325,0.052957356
756,0.2765769,-0.54632103,0.09443981,0.084404565
757,0.2558313,0.59051484,0.038528126,0.03800036
758,0.11118591,0.2803614,0.101022825,0.096912436
759,0.15052016,-0.053683043,0.1320486,0.11819705
760,-0.007895911,0.01776009,0.028054249,0.02309211
761,0.12083024,-0.55860925,0.06091238,0.058877837
762,0.057579752,0.026575677,0.045128662,0.037932903
763,-0.009812798,-0.016783893,0.08892535,0.06614217
764,-0.18625933,-0.044398785,0.15430482,0.11308461
765,-0.054360397,0.36696178,0.045431726,0.04329914
766,-0.00769729,-0.021538839,0.044768404,0.038646806
767,-0.65349716,0.06452833,0.03652981,0.028923387
768,0.12071189,-0.18015775,0.03295598,0.024072979
769,-0.37088066,0.11263797,0.18352734,0.117908604
770,-0.03722638,-0.03765236,0.057196047,0.04379072
771,-0.24762899,-0.6118213,0.045730367,0.047337078
772,0.3982952,-0.48027614,0.10342719,0.080150574
773,-0.63881993,-0.15564382,0.0428715,0.03066946
774,0.4088413,0.5287806,0.07124448,0.05677927
775,-0.012743194,-0.014681235,0.03439803,0.029563451
776,0.042109404,-0.042723164,0.025502078,0.021341784
777,-0.23618612,0.2108512,0.041572798,0.035839666
778,-0.0214829,-0.2848011,0.05234931,0.044168577
779,0.38465187,-0.63302517,0.041280575,0.04568488
780,-0.12190615,0.06370404,0.055036053,0.04037487
781,0.0017475374,-0.056582794,0.030737381,0.02425605
782,-0.10181773,-0.00785353,0.047500007,0.040763512
783,0.16598816,-0.030431196,0.05717252,0.04141179
784,-0.48835868,0.51457024,0.04291798,0.037232783
785,-0.21023312,-0.6855576,0.03449328,0.03988641
786,-0.06320732,-0.2405341,0.0904448,0.091550425
787,-0.0041236486,0.028513402,0.028948808,0.023040393
788,-0.08050861,0.05841413,0.06750112,0.045317713
789,-0.04161203,-0.060347512,0.07957022,0.06293918
790,0.17405528,-0.15444876,0.031187898,0.025381716
791,0.013278417,0.06076222,0.04665067,0.042079967
792,0.12124267,0.018362664,0.07008794,0.05766262
793,-0.42562446,0.038450412,0.13567008,0.109425224
794,0.03002926,-0.0066319928,0.037406366,0.031009855
795,0.14581896,0.12325922,0.094072476,0.09708713
796,-0.046711586,-0.16009492,0.058006097,0.055141643
797,-0.11192608,0.05672197,0.08305253,0.06067311
798,0.13019419,-0.059882924,0.068266675,0.049633827
799,-0.015212322,0.28928426,0.040052652,0.039944783
800,0.2620001,-0.39904636,0.04020027,0.036591806
801,-0.11727576,0.052505326,0.051466502,0.039713603
802,-0.032843158,-0.049220383,0.0647657,0.053521506
803,-0.008203052,0.39387178,0.16805449,0.1812946
804,0.061267164,-0.07712223,0.07064027,0.05411981
805,-0.4863608,0.2993089,0.06495619,0.044452637
806,-0.061488226,-0.23737404,0.039333947,0.03535685
807,0.20507109,-0.63531387,0.069497384,0.065127455
808,-0.05678131,0.15297356,0.027491681,0.02285532
809,-0.77542436,0.3203057,0.056988873,0.04419427
810,-0.08392568,-0.057871908,0.026951427,0.023452729
811,0.027432386,-0.054124013,0.052167494,0.047937296
812,0.07230882,-0.042984918,0.053031147,0.041544344
813,0.41743156,0.36192074,0.0457224,0.04175163
814,-0.012424221,0.012333952,0.03765243,0.032900985
815,-0.20631455,0.13680206,0.051128913,0.03744396
816,0.019972581,0.028825596,0.026888996,0.024434706
817,0.014645025,0.010561585,0.055704445,0.051965453
818,0.033167582,-0.17046556,0.040386796,0.03465239
819,0.015683096,0.023660205,0.02557645,0.02130989
820,0.27829042,0.46607542,0.09960136,0.08900557
821,-0.050326724,-0.0043065026,0.046202864,0.041170143
822,0.2376037,-0.08285177,0.05786221,0.04807685
823,-0.36123762,0.6828803,0.083207875,0.062965915
824,-0.14988798,-0.10567765,0.11493131,0.100504205
825,-0.0707849,-0.3952945,0.09372108,0.08716658
826,0.04103859,-0.0077957585,0.024611754,0.020317728
827,0.11827716,0.4372216,0.07123204,0.06984661
828,0.07207739,-0.19988474,0.058391083,0.051326603
829,-0.14639689,-0.11207907,0.095749356,0.078891486
830,0.07611048,0.12186602,0.028513502,0.02787023
831,-0.09829213,0.0049830675,0.11953641,0.08555079
832,-0.07739784,0.11177125,0.04987787,0.04459536
833,0.04105587,-0.0025004596,0.072395794,0.0649415
834,-0.026973872,-0.033149466,0.039547674,0.0316317
835,0.15150927,0.07574783,0.02875678,0.02440116
836,-0.04722116,0.10743918,0.0647534,0.057091065
837,0.15915193,-0.057533115,0.042970743,0.033681538
838,-0.2622146,-0.527706,0.06060938,0.061767664
839,0.11442819,-0.2822841,0.037573557,0.04011799
840,-0.76291144,-0.06541675,0.084614016,0.06098308
841,0.3817519,0.13324396,0.036911547,0.02799863
842,-0.008517554,-0.08919525,0.07663193,0.08368198
843,-0.31271997,-0.14125375,0.08144806,0.062170923
844,-0.14217265,-0.014781192,0.02774541,0.024203047
845,-0.07700357,-0.052450016,0.088720284,0.07846881
846,0.12816863,-0.74995565,0.040170956,0.04411587
847,-0.0069324635,0.015617222,0.027798282,0.023266012
848,-0.1454903,-0.16818452,0.10349674,0.10034166
849,-0.16691831,0.11482145,0.101578884,0.090147234
850,-0.036758024,0.007978059,0.032152157,0.029406713
851,-0.30927014,0.28571147,0.06719832,0.052475207
852,-0.18028602,-0.24354327,0.10369976,0.09026826
853,-0.17329235,-0.17221123,0.1415685,0.14266762
854,0.106929556,0.17005935,0.05267519,0.038975835
855,-0.75586104,-0.52521145,0.07162463,0.07042282
856,0.015308619,-0.056882426,0.036059957,0.029079894
857,-0.02301381,0.007225722,0.08532489,0.071407154
858,-0.023273673,0.0038316026,0.046504125,0.036032736
859,-0.056513444,0.009561606,0.09128191,0.06665815
860,-0.07814297,-0.11763604,0.0699509,0.05080544
861,0.05613399,-0.06813972,0.0334711,0.029658377
862,0.10824719,0.07578603,0.09936555,0.084240966
863,-0.4701657,-0.16691497,0.07078289,0.054233786
864,0.007037334,0.0624197,0.04246895,0.03901136
865,-0.08040439,0.0040903687,0.048732445,0.036902074
866,-0.47638237,-0.648669,0.14191312,0.15443084
867,0.000350371,-0.024134032,0.095734954,0.08837321
868,-0.17013681,-0.35196903,0.06357669,0.067072906
869,-0.77062804,0.19643411,0.116069205,0.08385157
870,-0.12904708,-0.186531,0.08199042,0.06105951
871,-0.13369821,0.57331455,0.053575125,0.050429877
872,-0.14232944,-0.041228354,0.063604325,0.05344885
873,-0.009053156,0.010558352,0.030939437,0.024309019
874,-0.49058178,0.18910956,0.04183201,0.030925896
875,-0.012164069,0.037562344,0.032850787,0.03020305
876,-0.041135192,0.14270681,0.03308009,0.028033791
877,0.03474539,-0.05600241,0.03068744,0.023189273
878,-0.042471915,0.0027430728,0.040661994,0.0324373
879,-0.36785913,0.6845794,0.08040513,0.08006063
880,-0.03241449,-0.015917428,0.03639935,0.029889194
881,-0.037957896,0.020283148,0.17523877,0.12638554
882,0.29928038,-0.40925452,0.15991262,0.16517916
883,-0.309991,-0.14527634,0.104391284,0.07338883
884,0.06673308,0.045773316,0.032978702,0.02744587
885,0.0040715374,-0.014832996,0.047613457,0.038854282
886,0.15806428,0.24310116,0.058945082,0.06102094
887,0.43658406,0.76628697,0.041984856,0.04320773
888,0.15006392,0.051367026,0.07587873,0.059219886
889,0.67322433,-0.121173725,0.056308832,0.04404631
890,0.018179934,-0.31605998,0.22957297,0.22884323
891,-0.14488184,0.043467756,0.045297522,0.030092116
892,-0.017544976,-0.032697648,0.04131581,0.03443786
893,0.045218375,-0.0049243495,0.055050496,0.045316584
894,-0.18172818,-0.39324653,0.05434012,0.04438304
895,0.101978496,0.112325504,0.026505964,0.022464534
896,-0.049424507,0.0112002045,0.06823494,0.05213672
897,-0.016621575,-0.00077812374,0.035413057,0.02856489
898,0.06783658,-0.015100144,0.081911445,0.056495756
899,0.11871803,-0.894796,0.04401452,0.06256968
900,-0.36290872,0.36311746,0.05432793,0.04726784
901,-0.4762505,-0.07710913,0.045748703,0.041016746
902,0.0046700574,-0.03847882,0.032627884,0.028696649
903,0.34107038,-0.23026693,0.046181124,0.03474414
904,0.13979612,-0.03370115,0.036304854,0.032623064
905,0.073902026,0.35839674,0.03748089,0.031636924
906,0.24857852,-0.3559997,0.063222796,0.062382057
907,-0.119623736,-0.10193771,0.11220789,0.09559733
908,-0.028911699,-0.11542423,0.05643199,0.048348658
909,-0.025571639,0.015270799,0.07141453,0.0611675
910,-0.006406592,0.021446995,0.039003238,0.035133414
911,0.13061196,-0.0024394318,0.043269664,0.036845945
912,0.08175643,-0.027230129,0.069088176,0.05953837
913,-0.07412685,-0.19602472,0.026912551,0.023631053
914,-0.07488082,-0.01777295,0.08149299,0.07082407
915,-0.024622098,-0.12316261,0.056228835,0.047655985
916,-0.02001801,0.03513168,0.026855575,0.021914821
917,0.01697367,-0.14894588,0.044801917,0.04451298
918,0.02424027,0.066610426,0.048349746,0.043692406
919,0.019882072,0.019474171,0.03809662,0.030842759
920,0.07546216,-0.12765212,0.10191506,0.08253293
921,0.37742588,-0.056765974,0.06667029,0.05907613
922,-0.16475444,-0.14794795,0.10540382,0.084751405
923,0.6602231,0.1614733,0.06703668,0.054102466
924,-0.03914258,0.017185517,0.037918743,0.03695024
925,0.095381364,0.23916586,0.049483463,0.044700403
926,0.7639207,0.039622296,0.045051284,0.048153672
927,0.013272483,0.019370273,0.06503315,0.051912334
928,0.22947913,0.20835915,0.07111436,0.05994007
929,0.3948171,0.129127,0.06924169,0.051757865
930,0.05159149,-0.16500565,0.08199086,0.07918883
931,-0.81058556,-0.4600598,0.06599536,0.0820532
932,0.20533466,-0.16342697,0.08085813,0.07491301
933,0.31021065,-0.20463991,0.041971482,0.039001316
934,0.026865624,-0.05220309,0.08348557,0.06719729
935,0.06337677,-0.020228475,0.034100704,0.026818717
936,-0.0037450641,-0.3964518,0.04863355,0.046696994
937,-0.0029548667,-0.01266595,0.038079068,0.03285369
938,0.4812589,0.4105517,0.054225296,0.04435375
939,0.078082785,-0.124991104,0.09677653,0.08948855
940,0.30061793,0.0027788505,0.08155519,0.054882184
941,0.17731075,-0.3443311,0.11099189,0.10653252
942,-0.016122958,-0.051009938,0.025937183,0.021578953
943,-0.15704007,-0.019333363,0.037455745,0.029837025
944,-0.20357725,0.35373473,0.20491466,0.15696177
945,0.055536155,-0.056031972,0.063384034,0.04771886
946,-0.27512997,0.42100123,0.05115858,0.045839928
947,0.22017446,0.19767272,0.035621643,0.026051812
948,-0.16541734,-0.03928107,0.06830309,0.05900509
949,-0.045414004,-0.049133837,0.04290587,0.037735965
950,-0.08639474,0.05467374,0.15043448,0.121015824
951,-0.1306566,0.10532165,0.036634393,0.03356665
952,0.21896207,0.00066779554,0.045762826,0.037485346
953,-0.19908395,-0.5197748,0.09861967,0.117995836
954,-0.04636256,0.014457315,0.060630135,0.0655904
955,0.060126547,9.071827e-05,0.06168188,0.04740997
956,0.10398874,-0.057201594,0.119694866,0.0884285
957,-0.18061143,-0.15360671,0.0590315,0.052242648
958,0.116176784,-0.06303042,0.06387254,0.05046489
959,-0.035423305,-0.05410397,0.051560257,0.044015676
960,0.00249058,-0.054731846,0.023493135,0.020459754
961,-0.025131114,-0.13266683,0.07029476,0.075478375
962,-0.19367728,-0.4036639,0.03109153,0.029652225
963,0.26940086,-0.047290638,0.1330566,0.10585007
964,0.114205405,-0.3922747,0.054114174,0.0547893
965,-0.66548777,-0.12126289,0.06450755,0.05402001
966,-0.039783135,-0.08172256,0.026410302,0.02297188
967,-0.11405814,-0.2982772,0.24002352,0.20431824
968,-0.095780715,0.051338222,0.058650363,0.047863882
969,-0.22980215,-0.013167083,0.122304,0.1063624
970,0.11998539,-0.111364424,0.08773701,0.06999319
971,0.0010469444,0.24041125,0.028114872,0.026934383
972,0.04978225,0.004379779,0.027777182,0.02442642
973,-0.11037782,0.14458211,0.14048217,0.09776489
974,-0.09377497,-0.10126515,0.02551602,0.020570355
975,-0.024457444,0.046959717,0.04189992,0.03600804
976,0.09666522,-0.20100924,0.10872456,0.1012456
977,-0.121691465,-0.14469184,0.044195995,0.043206185
978,0.15627848,-0.2909508,0.122325845,0.10406424
979,-0.43289888,0.24427071,0.09209472,0.09731298
980,-0.018701965,0.07999408,0.08353766,0.07985654
981,0.04167186,0.024239019,0.0799263,0.061461512
982,-0.053713582,0.28190127,0.06389691,0.06786728
983,-0.23665649,-0.2041772,0.037821636,0.029636523
984,-0.12325452,0.48319426,0.097644135,0.11693971
985,-0.13393429,-0.058207944,0.09909601,0.08856956
986,-0.02869428,-0.022607781,0.03338878,0.028446717
987,0.039085936,-0.051184118,0.0396673,0.03204457
988,-0.0562991,0.014310397,0.03610032,0.029251752
989,-0.076032564,-0.32267246,0.09658095,0.0865383
990,0.076194674,-0.012033254,0.15900426,0.12000766
991,0.00028404966,0.00087213516,0.029914074,0.023385968
992,-0.0023664963,0.06504424,0.042244874,0.03371484
993,-0.023870595,0.09574581,0.10110115,0.08759894
994,-0.008672547,0.0061831027,0.04847366,0.03812239
995,0.124504775,0.16056001,0.04705735,0.041045252
996,0.2408978,0.6217861,0.20656985,0.22957602
997,-0.023016926,-0.084542975,0.12507161,0.11526748
998,-0.23696534,0.15324864,0.09455555,0.07992609
999,-0.0002393052,-0.014164522,0.040901877,0.03494211
1000,-0.29382434,0.21476343,0.039991718,0.035508454
1001,-0.6785328,0.23157126,0.06385017,0.050512943
1002,-0.5423053,0.31954393,0.09267199,0.0737536
1003,0.103804395,0.029459223,0.06764797,0.04176855
1004,0.00031560287,-0.024863482,0.023021547,0.019000411
1005,0.10167211,0.88316345,0.053170186,0.060217675
1006,-0.040941767,0.06984888,0.08095137,0.06960935
1007,-0.0260045,-0.2633657,0.030912854,0.027580231
1008,0.25538504,0.03450489,0.21791005,0.14884333
1009,-0.14232893,-0.091277644,0.26221082,0.21708018
1010,0.06769699,-0.15752605,0.083325565,0.07655018
1011,-0.25543508,-0.12744638,0.028137585,0.021739097
1012,-0.009475673,0.02523274,0.039209474,0.03571449
1013,-0.5379637,0.19538411,0.04544164,0.033021696
1014,-0.01606172,0.34557575,0.037786976,0.037771665
1015,0.13188198,-0.2333948,0.10649871,0.08660151
1016,-0.03147132,0.035414446,0.096974105,0.09382252
1017,-0.008278104,-0.1244593,0.07111381,0.06774749
1018,0.08654627,-0.22280803,0.043538135,0.037992895
1019,0.040640954,-0.06886594,0.07929241,0.06337357
1020,-0.59714574,-0.17818263,0.057087287,0.037445404
1021,0.1572584,0.2935039,0.04689709,0.044624873
1022,-0.29100585,0.862641,0.07569041,0.09499575
1023,-0.09314822,0.078085944,0.07885248,0.07025173
1024,-0.09746522,-0.12581044,0.056937404,0.05225811
1025,-0.13740638,0.020592473,0.086789176,0.06553168
1026,0.13980559,0.18880448,0.17957008,0.16700979
1027,-0.0036899038,0.0065826923,0.03517151,0.02903715
1028,-0.1410184,0.027438939,0.062252764,0.04940681
1029,-0.07360723,-0.026451446,0.042505853,0.032504294
1030,0.5457588,0.15377837,0.046809956,0.038768187
1031,-0.2525198,0.53090304,0.0613633,0.06065891
1032,0.3179299,-0.3537067,0.11958984,0.12266423
1033,0.40406743,-0.26233566,0.06876582,0.05779774
1034,0.5488776,0.018309064,0.051806252,0.04425953
1035,-0.057440218,0.033865348,0.099011794,0.08428629
1036,-0.0015888326,0.33094287,0.0767334,0.063079946
1037,0.037683,0.25642192,0.07292401,0.072649
1038,-0.12282817,0.04234044,0.067068346,0.053326324
1039,0.065575585,0.28423733,0.03246645,0.029637123
1040,0.16527325,0.12569748,0.0787769,0.06866917
1041,0.071230024,-0.055801407,0.02160055,0.017449468
1042,-0.12550841,-0.34728044,0.1017176,0.097046435
1043,-0.21119925,-0.36312523,0.04356975,0.040819045
1044,0.034466725,-0.11790444,0.03749238,0.030344337
1045,-0.17420225,0.25119108,0.13618372,0.11959099
1046,-0.04310099,0.010207839,0.10994153,0.09376782
1047,-0.13353893,0.057610303,0.12012216,0.08490185
1048,0.030651499,0.13199352,0.026294539,0.023371879
1049,0.003466297,0.04273853,0.023029586,0.020124672
1050,0.12667753,0.09198717,0.040821657,0.038193755
1051,-0.19630714,-0.024687208,0.16642341,0.14762782
1052,0.53586113,-0.5589745,0.23332842,0.20757926
1053,-0.12407257,0.118223794,0.02805923,0.02363821
1054,0.0335075,-0.02514553,0.085779265,0.07984035
1055,0.070277765,0.3518312,0.0781392,0.06673407
1056,-0.18426086,-0.031007007,0.11353431,0.0887187
1057,-0.055363294,0.23052478,0.07366994,0.061472565
1058,-0.5858555,0.3078759,0.0751214,0.06817188
1059,0.2998225,-0.11770739,0.04092167,0.033519763
1060,-0.18607396,0.02263859,0.03188107,0.025945943
1061,-0.14297783,-0.14818549,0.07711566,0.06341221
1062,0.19867998,-0.10327934,0.061651282,0.049960464
1063,0.096272886,0.02735208,0.105663516,0.0794538
1064,-0.12719809,-0.1406641,0.07948224,0.0687527
1065,-0.014831977,-0.003985584,0.035862043,0.028794467
1066,0.089789644,0.21694458,0.07632769,0.07865925
1067,-0.24716057,-0.15407279,0.17429356,0.16203985
1068,8.5707754e-05,0.16807689,0.10755996,0.10746678
1069,0.124985665,0.4238595,0.039503902,0.03858637
1070,-0.119385764,0.07861291,0.15285282,0.1282235
1071,-0.038417596,0.046857607,0.12135174,0.100649886
1072,0.08687846,0.051489245,0.18231909,0.14372844
1073,0.0219424,-0.015240587,0.03628612,0.034070037
1074,0.012671985,0.055117685,0.031092681,0.026368083
1075,-0.020984853,0.056980107,0.044644143,0.037094228
1076,-0.084111914,0.0075015873,0.039863314,0.029523894
1077,-0.51053214,-0.032065272,0.12009204,0.08762604
1078,-0.03084395,-0.13056248,0.07770858,0.07818071
1079,-0.05004608,0.0033352897,0.037139576,0.03409452
1080,-0.09593889,0.06506342,0.04360616,0.032302238
1081,0.14243974,0.09234088,0.0639544,0.050722428
1082,-0.1522426,-0.73396826,0.042846028,0.045949932
1083,-0.00043497607,-0.08014485,0.05111373,0.04516954
1084,-0.07881939,-0.02277834,0.031742845,0.026393041
1085,0.07657795,-0.017344452,0.168714,0.13703069
1086,-0.04753746,-0.07537943,0.055861723,0.04390372
1087,0.03440951,0.028082117,0.10520961,0.082940094
1088,-0.24335065,-0.056915373,0.047898263,0.041515023
1089,0.006590806,-0.12142961,0.035866067,0.033605132
1090,0.7466824,0.08501024,0.07109604,0.06279104
1091,0.06326188,0.053303413,0.046677873,0.03845747
1092,-0.027921308,0.0045013875,0.029481158,0.022316784
1093,0.16871056,-0.11959067,0.04361871,0.0368286
1094,-0.73530674,0.208453,0.049669962,0.040883124
1095,-0.20161042,-0.057532668,0.035391428,0.02825874
1096,-0.15397663,0.030433148,0.04757935,0.03491662
1097,-0.18599468,-0.12262629,0.09800259,0.061742205
1098,-0.122978345,0.19634962,0.036461074,0.02900723
1099,-0.33471465,-0.39489213,0.08261678,0.077806376
1100,-0.1670897,0.06392485,0.12233851,0.10724393
1101,-0.039431397,0.013064042,0.03917955,0.029104706
1102,0.02685893,-0.2624869,0.055981766,0.04937648
1103,0.015085112,-0.08906528,0.09035843,0.077472225
1104,-0.14516978,0.18407807,0.25115076,0.27325845
1105,0.04685529,0.010435648,0.04034077,0.035872065
1106,0.07546903,-0.13044119,0.07228546,0.060106926
1107,-0.093681656,0.34313822,0.090143,0.08612803
1108,-0.053037837,0.039775755,0.057403516,0.05034037
1109,0.8307204,-0.094796,0.07802255,0.048009768
1110,0.27561033,-0.01902727,0.10130315,0.075265855
1111,0.251726,0.12231922,0.02970626,0.023932379
1112,0.038157094,-0.10540782,0.08253775,0.07906185
1113,0.05021682,-0.1840859,0.15484378,0.13633798
1114,-0.0021999758,-0.040756524,0.047828715,0.039026827
1115,-0.13806438,0.39621997,0.13337004,0.14908502
1116,0.08300464,0.054387912,0.16251467,0.16555026
1117,-0.28723338,0.54014397,0.06765076,0.06661863
1118,-0.62871504,-0.48325494,0.12930183,0.17101304
1119,-0.038578555,0.10138116,0.035102107,0.029190484
1120,-0.013930429,-0.02518706,0.0674104,0.06515356
1121,-0.042065084,-0.2002652,0.06656668,0.05656103
1122,0.05477028,0.037530858,0.13057448,0.11352513
1123,-0.1158407,-0.12597403,0.120801695,0.11326027
1124,5.286187e-05,-0.00041968375,0.038863696,0.030037113
1125,-0.31144,-0.01486849,0.05971295,0.04270141
1126,-0.5121102,-0.0034136176,0.101012364,0.07835822
1127,-0.7554595,0.092274226,0.04342457,0.04732045
1128,0.3116859,-0.23650753,0.10375392,0.10215758
1129,0.008415919,-0.053048924,0.08288104,0.0699817
1130,-0.009523287,-0.01793243,0.03055738,0.025094006
1131,-0.19567426,-0.12140374,0.031361092,0.026685439
1132,0.12090984,-0.2867288,0.043136656,0.03562697
1133,0.5727901,-0.57892585,0.03381955,0.030786421
1134,-0.09710285,-0.056310177,0.043887775,0.044576705
1135,0.20012993,-0.21397957,0.046973977,0.043187905
1136,-0.20000224,-0.4681953,0.19711998,0.1880849
1137,0.0788586,0.12959112,0.0316918,0.026644347
1138,0.06894615,0.17951936,0.09106047,0.07312848
1139,-0.03070891,0.0192611,0.12552102,0.080339655
1140,-0.05178477,-0.0038719028,0.13236216,0.11740174
1141,-0.10332245,0.20994017,0.08950781,0.07845837
1142,0.121022806,0.19509675,0.03133001,0.024805868
1143,-0.34939972,0.07097373,0.052744735,0.03632124
1144,-0.21796122,0.062659025,0.038499333,0.02669566
1145,0.058946628,0.028704993,0.0473953,0.037861794
1146,0.0078865215,-0.049574062,0.11767084,0.097062685
1147,0.031536642,0.22554569,0.045729116,0.03888344
1148,0.6734562,0.5345661,0.058834143,0.06290814
1149,-0.017068725,-0.14519903,0.040657304,0.0361547
1150,0.15579124,-0.45878634,0.25576162,0.2584887
1151,-0.03259268,0.030721925,0.039387356,0.031623077
1152,-0.54582095,-0.14914855,0.103607535,0.065462604
1153,0.0143621825,0.32407987,0.15058297,0.13987911
1154,-0.14296772,-0.025775343,0.108655795,0.085688636
1155,-0.06585969,0.017867029,0.06349949,0.04656587
1156,-0.3857074,-0.65106606,0.03713946,0.050284676
1157,0.13468471,0.060899157,0.044077948,0.038477786
1158,-0.08311079,-0.06169641,0.10643334,0.08277214
1159,-0.003999226,0.06909699,0.051837157,0.050849494
1160,0.06820491,0.13186727,0.110800765,0.10648334
1161,-0.47824568,0.6804148,0.040649176,0.05775868
1162,0.001460053,0.61496985,0.04177862,0.044437945
1163,-0.007113004,0.012526199,0.0908112,0.09341245
1164,-0.18873778,0.13185495,0.04972373,0.035069026
1165,-0.17048714,0.14413384,0.04564632,0.037170876
1166,-0.061368246,0.07913143,0.108684465,0.13347691
1167,-0.20681155,-0.33163536,0.07630958,0.07221211
1168,-0.27422267,-0.29133534,0.10130648,0.09437881
1169,-0.5298852,0.3429163,0.046114307,0.03311743
1170,-0.10973504,-0.049199924,0.12416063,0.11268231
1171,0.32844347,0.28433836,0.057587873,0.050505172
1172,0.044267427,-0.105079636,0.059415862,0.04041535
1173,-0.013182379,0.2575913,0.12360613,0.1238052
1174,-0.30453038,-0.13528177,0.23022099,0.17852125
1175,-0.1935679,0.034752607,0.07431227,0.06477833
1176,0.037983526,-0.00764668,0.03741705,0.029197115
1177,0.106464565,-0.1913918,0.038260598,0.033818815
1178,0.016105384,-0.07871485,0.04880636,0.052466486
1179,0.0869126,-0.088565126,0.06860644,0.06057934
1180,0.018906683,-0.06055242,0.09483836,0.08968127
1181,0.66624844,-0.065830484,0.05103444,0.03636068
1182,-0.049519993,0.07474391,0.038630202,0.033587333
1183,0.025034428,-0.03209564,0.06049863,0.060291316
1184,0.02278525,0.04710079,0.038011134,0.033964437
1185,-0.32905242,-0.13203982,0.049982093,0.041960176
1186,0.10280955,-0.11040498,0.13246064,0.13612956
1187,0.015925098,0.019296043,0.2062298,0.1354844
1188,-0.16500416,-0.059560165,0.092192784,0.07197197
1189,0.21517557,0.37052026,0.12943758,0.13131344
1190,-0.25969765,0.045401085,0.1346469,0.08345419
1191,0.049651656,-0.28453925,0.03191271,0.029450329
1192,0.05970278,-0.02816084,0.03846366,0.03213335
1193,-0.4293473,-0.668357,0.06861246,0.09840602
1194,-0.033708647,-0.51501215,0.07618465,0.09267581
1195,-0.70149493,0.05240112,0.044576764,0.03073667
1196,-0.09144071,0.08383486,0.056371268,0.047396887
1197,-0.13329875,-0.18147102,0.07900252,0.07519983
1198,0.72766596,-0.31652972,0.12130835,0.10768408
1199,0.080324486,-0.0354688,0.049057122,0.03672108
1200,0.06438942,0.010873802,0.048695434,0.041293357
1201,0.30348623,-0.18577862,0.15074815,0.15272845
1202,-0.024662165,0.060895752,0.047347095,0.037852984
1203,-0.029100165,-0.47299632,0.033754665,0.03977316
1204,-0.07927792,0.10501416,0.107528806,0.096478574
1205,0.008934345,0.046299607,0.072819725,0.056937482
1206,0.0062284768,-0.06155902,0.06884639,0.058756784
1207,0.1368122,-0.40886226,0.10348222,0.1147923
1208,0.011192512,-0.037004545,0.0680511,0.051330134
1209,0.02102644,-0.009463601,0.031039407,0.025441242
1210,0.13052523,0.0863674,0.067037344,0.059003223
1211,0.6968692,-0.07230097,0.06818562,0.051304284
1212,0.15693799,0.22754076,0.036681503,0.03096442
1213,0.11643417,-0.21436936,0.049648296,0.047638454
1214,-0.00036299974,0.014512457,0.025904313,0.020179356
1215,0.037923846,0.015414998,0.04064082,0.033339873
1216,0.07666737,-0.11367065,0.025910815,0.02057944
1217,0.0022262745,0.00029414147,0.027046459,0.02177795
1218,-0.058191013,0.44023573,0.30306163,0.30300072
1219,-0.08657141,-0.006398849,0.059354533,0.046723396
1220,0.29209673,0.015184954,0.042980105,0.031231914
1221,0.330465,0.22826748,0.037476763,0.03313503
1222,-0.48634824,0.687184,0.14672598,0.14769828
1223,-0.056354716,0.044156935,0.13229282,0.11072502
1224,0.00418777,-0.13196626,0.05374256,0.04761862
1225,0.022068698,-0.0057467073,0.09886407,0.081373
1226,-0.011292176,0.014773153,0.025019463,0.021667348
1227,0.019683238,0.05809541,0.05335511,0.04566152
1228,-0.022594327,0.17704242,0.059276897,0.05311345
1229,-0.050559886,-0.123877704,0.095380016,0.083690695
1230,-0.48018727,-0.11977379,0.07971025,0.06149708
1231,-0.6474307,-0.083722636,0.10434823,0.07637881
1232,-0.35227814,0.3461244,0.05164562,0.04579294
1233,-0.31001464,-0.2204729,0.10407668,0.08338587
1234,0.110982165,-0.008974254,0.047538426,0.034743007
1235,-0.62532455,0.10213361,0.14117344,0.12935406
1236,0.052921187,-0.07447669,0.072101355,0.05890792
1237,-0.35852927,0.6708653,0.053478397,0.068841524
1238,0.13340575,-0.04819274,0.15976498,0.11044387
1239,0.46707895,-0.25286078,0.051437516,0.041076172
1240,0.45434257,-0.021098793,0.04160676,0.035158843
1241,0.6642558,-0.4313415,0.048739605,0.050491653
1242,0.011233136,0.035365395,0.026407978,0.026286852
1243,-0.026050534,-0.031520247,0.05049656,0.045321245
1244,0.02255508,0.030355163,0.23032676,0.20964745
1245,0.046136443,-0.04765442,0.11529543,0.08897029
1246,0.18123269,0.04378549,0.038305912,0.029241595
1247,0.0004972294,-0.10897057,0.08013483,0.06716155
1248,0.06971122,-0.11258121,0.12153986,0.10312598
1249,-0.02850078,0.012492061,0.039736956,0.031992473
1250,0.030901153,-0.0358714,0.021485632,0.018404374
1251,-0.39305097,0.018658437,0.10391683,0.07138133
1252,0.5846476,-0.24475828,0.06628201,0.057610452
1253,0.026148092,-0.024119772,0.026858129,0.022639973
1254,-0.05037148,0.012390621,0.06345385,0.05159732
1255,0.30890775,0.07086886,0.16067284,0.1491751
1256,0.019889306,-0.11144598,0.04711728,0.04278507
1257,0.5082178,-0.030284643,0.05404732,0.042719774
1258,-0.47851202,-0.27184543,0.11386647,0.082583845
1259,0.08160803,0.0029062629,0.052663084,0.042364765
1260,0.03687674,0.09032959,0.027967662,0.023778968
1261,0.4215979,0.45826977,0.09244703,0.11015553
1262,5.530566e-05,-0.2509691,0.030046077,0.027496006
1263,0.045139264,0.08357843,0.04640318,0.03911798
1264,-0.12817922,0.15039529,0.057298157,0.05903733
1265,-0.10547228,0.032351904,0.057448093,0.046754714
1266,-0.3447849,0.26332983,0.15706018,0.14138052
1267,0.050057437,0.021502532,0.032654993,0.027055671
1268,-0.017923364,-0.019861758,0.09067217,0.07377806
1269,0.8388385,-0.20299146,0.072468534,0.051414855
1270,0.1316533,-0.13717307,0.032228,0.026972068
1271,-0.17239346,-0.027217217,0.04965057,0.034090456
1272,-0.016838796,0.040732082,0.08340003,0.07101204
1273,-0.042518564,-0.06814255,0.05600646,0.048042852
1274,-0.023304585,-0.0025538579,0.03272999,0.0270445
1275,-0.0787563,-0.07486038,0.029803118,0.026871441
1276,-0.13561955,-0.007083647,0.06537613,0.061962638
1277,0.18500823,-0.21978474,0.029678836,0.027660562
1278,0.23302576,-0.18663055,0.045194294,0.03783507
1279,-0.06917879,-0.07870661,0.063667186,0.055893473
1280,0.07080226,0.0018835813,0.039883815,0.030991927
1281,-0.022514734,0.00045746565,0.034824107,0.02915706
1282,-0.1182984,-0.032277837,0.06175989,0.05251132
1283,-0.05251712,-0.0632848,0.1303172,0.1392219
1284,0.13790843,0.08263987,0.040784575,0.031333428
1285,0.011035476,0.40079615,0.03302265,0.029925255
1286,-0.12473597,-0.045614958,0.02741908,0.02172431
1287,-0.0053905714,-0.010217562,0.034562033,0.03137508
1288,-0.014906231,0.028759785,0.048934415,0.039030436
1289,-0.18931462,0.06611924,0.067731865,0.06110646
1290,0.4892598,0.15570615,0.049354456,0.045118865
1291,-0.0044501293,-0.017986141,0.030662818,0.024002565
1292,-0.031977937,-0.17842233,0.07635265,0.07380921
1293,0.08942476,-0.07699695,0.03134931,0.02462617
1294,-0.09185596,0.003219813,0.08318209,0.06683207
1295,0.21665323,-0.029290602,0.050816923,0.037837967
1296,0.010272715,0.062334314,0.060035985,0.053516775
1297,0.03306773,0.1285566,0.026425049,0.02231519
1298,0.1186416,-0.19144985,0.030118259,0.026929535
1299,0.44917238,-0.087982476,0.037916675,0.029510334
1300,-0.58508635,0.08574211,0.0609762,0.04510399
1301,-0.32359794,-0.10336177,0.23988447,0.26604348
1302,0.5897794,-0.42919847,0.06406857,0.05275335
1303,-0.051576097,0.43156087,0.09704226,0.10709723
1304,0.14144138,0.04282031,0.054936424,0.047616344
1305,0.36761612,0.1671524,0.0441838,0.03433695
1306,-0.17892063,-0.18109769,0.11698739,0.0875537
1307,-0.10122801,-0.31112605,0.16756462,0.17408243
1308,-0.562745,-0.3027205,0.12068949,0.10828589
1309,0.26017624,-0.11183685,0.03149348,0.02289082
1310,-0.32389596,-0.5943904,0.038569532,0.048281033
1311,0.27103958,-0.13728318,0.11453283,0.08632699
1312,-0.2250362,-0.20951995,0.04364119,0.038540807
1313,0.187603,0.70295,0.046454057,0.05214665
1314,-0.09085259,-0.060648263,0.03156764,0.02795124
1315,-0.18785925,-0.024301872,0.06384671,0.04801699
1316,-0.09846367,0.26546806,0.09673108,0.0816892
1317,-0.016598284,-0.59436285,0.039237093,0.043331873
1318,0.093526244,-0.19453698,0.05155256,0.042773247
1319,-0.0050667673,0.045656536,0.05417809,0.043697577
1320,-0.088706106,-0.045214236,0.11559643,0.08812492
1321,-0.007580748,-0.016689494,0.027892074,0.023951082
1322,-0.030383281,-0.046938702,0.02681031,0.022234868
1323,-0.0757449,-0.2391842,0.029224282,0.024017885
1324,0.1297925,0.24998473,0.041772567,0.034510855
1325,0.031231295,0.094734,0.07303173,0.067584746
1326,0.041481826,0.0193692,0.06882369,0.05966618
1327,0.29157418,-0.11922026,0.036461413,0.028564205
1328,-0.07899019,0.0020921454,0.17504264,0.17427118
1329,-0.047536418,-0.23109952,0.05456918,0.052993603
1330,0.08199105,-0.065596,0.028711487,0.024931692
1331,-0.07730849,-0.19595087,0.03736089,0.03658978
1332,-0.31945732,-0.017433442,0.124070734,0.09201936
1333,-0.4745719,-0.37947872,0.054782048,0.05303713
1334,-0.08509329,-0.049862653,0.028770098,0.023580708
1335,-0.14007792,0.07220127,0.045426596,0.035199825
1336,0.67568004,-0.2847345,0.0647819,0.051258855
1337,0.13426742,-0.5105549,0.19108841,0.20482504
1338,-0.08801288,0.24681073,0.03949141,0.03694161
1339,-0.024219142,-0.1694363,0.088928945,0.07822505
1340,0.04765221,0.2747172,0.08340037,0.08275603
1341,-0.0800619,-0.2691193,0.06000107,0.057337068
1342,0.20263815,0.114285424,0.17709255,0.115130976
1343,0.030956957,0.053420525,0.0983955,0.07207434
1344,0.015343577,-0.0452113,0.038170185,0.03123363
1345,0.1525081,0.15365493,0.12356103,0.11398813
1346,-0.22403786,0.01658561,0.13101776,0.12595998
1347,0.6845039,-0.08862005,0.038675744,0.026920464
1348,-0.07394622,0.14201404,0.18030836,0.16345385
1349,-0.058526997,0.040391866,0.0673713,0.06320749
1350,-0.14694853,0.34965464,0.05704371,0.063082665
1351,0.03261826,0.1129452,0.036461413,0.03781324
1352,0.011752166,0.07716226,0.038365576,0.03129516
1353,0.2018435,0.09107605,0.059110384,0.054703683
1354,-0.12419756,-0.05967319,0.026406586,0.020556942
1355,0.0015467443,0.023288935,0.024470426,0.020179601
1356,-0.006824877,0.18905953,0.083069645,0.06371932
1357,-0.024902267,-0.058159873,0.084935464,0.08048625
1358,0.565543,-0.12198177,0.04512217,0.03131397
1359,-0.06388274,0.0115648955,0.02741757,0.021900577
1360,0.03811832,-0.16842616,0.032553453,0.027951365
1361,0.04090702,-0.49978498,0.17301916,0.18273513
1362,0.018067893,0.026592523,0.066474445,0.05836006
1363,-0.04359575,0.07808478,0.05323338,0.05045743
1364,0.06965187,-0.07622047,0.22591588,0.17180207
1365,0.21731938,0.06401382,0.15995233,0.12487541
1366,0.018589616,-0.48096952,0.23497769,0.2391811
1367,-0.048614237,-0.08811274,0.059463046,0.053336587
1368,-0.12884593,0.009150058,0.07398307,0.05848813
1369,-0.2404551,0.23397331,0.115046084,0.09031203
1370,0.13020499,-0.052860677,0.036899824,0.028013045
1371,0.3015095,-0.33234653,0.052855667,0.046935204
1372,-0.15236472,-0.7693113,0.05260778,0.05714366
1373,-0.16319695,-0.19031736,0.107947946,0.09427513
1374,0.35788733,0.668751,0.073572926,0.07595582
1375,-0.0028317552,-0.03088507,0.026785476,0.021238076
1376,-0.110964745,-0.11714311,0.07732898,0.057725873
1377,0.4456363,-0.5175973,0.12200775,0.11402523
1378,0.0387096,0.0026281327,0.05144035,0.0420723
1379,0.118037224,-0.16910398,0.03161569,0.024166496
1380,-0.018055249,-0.05840236,0.07523961,0.06707331
1381,0.08620122,-0.029124483,0.040455144,0.032004517
1382,0.13456659,0.09147626,0.03895566,0.030928554
1383,0.62768376,0.33516535,0.041223265,0.03698891
1384,0.10888371,0.00050931424,0.083159275,0.062129024
1385,-0.15995951,0.019102328,0.05053271,0.03743496
1386,-0.08318049,-0.0836885,0.031400833,0.026980786
1387,0.091869354,-0.03672135,0.04658889,0.036592107
1388,-0.00014136732,0.13159421,0.032664344,0.03429001
1389,0.19813018,0.17392159,0.058319677,0.047384843
1390,-0.086111106,-0.06281966,0.120390445,0.0972849
1391,-0.20968471,0.20769957,0.06565895,0.05354091
1392,-0.1784903,0.035027012,0.13522054,0.11860195
1393,0.016771432,0.055875253,0.06769311,0.05303869
1394,-0.008457642,-0.043827504,0.040780455,0.032795366
1395,-0.057360876,0.04440386,0.10104533,0.08555761
1396,0.15150149,0.3530997,0.034672353,0.034759015
1397,-0.01944996,-0.10208313,0.07430618,0.059800394
1398,-0.31202328,-0.76886284,0.028317455,0.03338221
1399,-0.8015492,-0.39721763,0.059185896,0.068652704
1400,0.026583176,-0.1718444,0.18387862,0.17468119
1401,-0.0919587,-0.05698082,0.098854356,0.084989555
1402,0.026008256,-0.01564034,0.04036172,0.035671577
1403,0.020460036,-0.076846,0.025673937,0.02233441
1404,-0.6612229,0.4650084,0.04443731,0.043994546
1405,0.16326705,-0.11035122,0.0741675,0.06442307
1406,0.028818142,0.06996322,0.05480089,0.05425848
1407,-0.05604083,-0.2798903,0.0269961,0.025022857
1408,-0.21752946,-0.1447238,0.15633164,0.13510256
1409,-0.011613907,-0.06507757,0.03605053,0.031546682
1410,-0.039733674,0.08739673,0.075615585,0.068154104
1411,-0.1891808,-0.8003137,0.04831896,0.059668086
1412,-0.5875471,0.070836216,0.08854834,0.05368549
1413,-0.7295996,-0.047996715,0.061213836,0.04420521
1414,-0.021159194,-0.3012955,0.046926096,0.04921588
1415,-0.06009257,-0.020581923,0.030530319,0.023317803
1416,0.07828121,0.7444773,0.060565166,0.06729015
1417,-0.12395574,-0.07094072,0.047291156,0.035462886
1418,-0.7597661,-0.04672259,0.04680745,0.041614693
1419,0.027597968,0.0010322183,0.05648337,0.050587796
1420,-0.052384652,-0.00878419,0.027031958,0.022441156
1421,0.13446309,-0.033248484,0.08591361,0.068472415
1422,-0.06280312,-0.17052507,0.048307262,0.046432838
1423,-0.0392793,0.0999675,0.13133854,0.10644474
1424,0.08472879,-0.121408254,0.025804289,0.021845624
1425,0.008690752,-0.0010323748,0.035967965,0.030154394
1426,-0.29297522,-0.057652473,0.11346917,0.07753833
1427,0.16967864,0.44724947,0.038619995,0.036550716
1428,-0.038858846,0.28645808,0.07648463,0.06699767
1429,-0.05185034,-0.034509942,0.049080275,0.042723212
1430,0.06808749,0.013206221,0.03818418,0.028082065
1431,0.12285152,0.58625555,0.31042236,0.34552425
1432,-0.06160205,0.07059467,0.055683132,0.047390413
1433,0.01790407,-0.05290322,0.14254482,0.1253658
1434,-0.11809623,-0.0359288,0.027971018,0.021656865
1435,0.027689792,-0.12870255,0.060565166,0.06532384
1436,-0.027388431,0.32096183,0.04532772,0.04148495
1437,-0.056494363,-0.03248927,0.050860204,0.039173715
1438,-0.42211834,-0.27438906,0.054669976,0.04911202
1439,-0.25189164,0.2823004,0.09164027,0.09144391
1440,-0.03978756,0.059640378,0.027988872,0.022787413
1441,-0.101543024,-0.037440836,0.17680521,0.12950322
1442,0.13163626,-0.12274422,0.09210647,0.077282935
1443,-0.058850586,-0.024484105,0.032774873,0.027255146
1444,0.11364992,-0.109217316,0.048710983,0.038983706
1445,0.14951222,-0.12573574,0.40457603,0.48387215
1446,-0.6986594,0.2482594,0.05008562,0.046902865
1447,0.016898725,-0.03828837,0.053979438,0.040944252
1448,-0.76072705,0.15132037,0.15002242,0.11345992
1449,0.09084432,-0.0009774938,0.036216903,0.029623484
1450,0.008754514,0.07945448,0.050092984,0.041112795
1451,-0.017372854,-0.046491712,0.04188963,0.03945219
1452,0.22585067,-0.105555624,0.067185946,0.05530683
1453,0.046382178,0.013535053,0.049079027,0.04085834
1454,0.02407432,0.0367575,0.030539107,0.024364932
1455,-0.051042415,0.33568692,0.08894367,0.07501996
1456,0.12131168,0.0013097003,0.07168709,0.05549294
1457,0.03247759,-0.2304624,0.043207556,0.045829788
1458,0.024291102,0.12972027,0.09871947,0.08232404
1459,0.05315825,-0.12611778,0.07142475,0.06151936
1460,0.042258944,-0.6974133,0.05207437,0.056626167
1461,0.059630517,-0.07998456,0.06773966,0.055151988
1462,-0.011052776,-0.002647899,0.025653021,0.02066421
1463,0.024481725,-0.038965628,0.027562426,0.021935979
1464,0.077128306,-0.9267682,0.053876653,0.0615575
1465,-0.036936555,-0.07857309,0.091013014,0.07075942
1466,-0.06530419,-0.065858394,0.10455505,0.10214418
1467,-0.275632,0.22582336,0.1052844,0.09279321
1468,-0.10477851,0.38954398,0.19976501,0.15678026
1469,-0.47499096,-0.1792911,0.08418311,0.068976134
1470,-0.7143438,0.1742574,0.051587205,0.047355954
1471,0.55680186,-0.27800676,0.21214326,0.17504175
1472,0.26829126,-0.39331844,0.07286916,0.068862095
1473,-0.11686058,0.023239434,0.061485942,0.053610858
1474,0.018094212,0.15297067,0.13582452,0.13092394
1475,0.046857927,-0.014444396,0.108100325,0.09032796
1476,0.010378301,-0.027733311,0.032881927,0.027112832
1477,0.08731341,-0.005879119,0.037222736,0.029586649
1478,-0.11124925,-0.017264932,0.07907026,0.08132925
1479,-0.005827047,0.07536932,0.07081433,0.056346968
1480,-0.0169778,-0.09807064,0.05302097,0.050101995
1481,-0.4842614,0.1754573,0.24286482,0.1973991
1482,0.10172622,-0.072789535,0.042867616,0.030319868
1483,-0.08745074,-0.18513027,0.03507494,0.03148501
1484,0.0061719976,-0.004059091,0.027707146,0.021040365
1485,0.15070207,0.22030845,0.11298152,0.1017437
1486,-0.22642748,-0.13180032,0.031097766,0.02569313
1487,0.15436204,0.0104666725,0.045040123,0.034977436
1488,-0.15632157,-0.0074267834,0.1303262,0.098550566
1489,0.20013936,-0.14312728,0.16952072,0.14553413
1490,0.21940464,-0.162649,0.12833734,0.10409366
1491,-0.45500165,0.103396155,0.08865046,0.06609134
1492,-0.12048535,-0.057673097,0.16589549,0.16592509
1493,-0.099601135,0.19684264,0.04670711,0.041111574
1494,0.016369816,0.013880067,0.034215,0.02501653
1495,-0.04774763,-0.0479576,0.10848949,0.095105834
1496,-0.011921439,-0.024626166,0.06964594,0.05385675
1497,-0.036173057,0.008426145,0.037748057,0.032221816
1498,-0.03516353,-0.027806148,0.11128073,0.11382014
1499,-0.044372387,0.949731,0.044854805,0.05267104
1500,-0.0904312,0.12465392,0.11182636,0.10784339
1501,0.23277053,0.83461654,0.041457865,0.06560098
1502,0.040281754,-0.1517412,0.02895286,0.024073452
1503,0.09151006,0.20380351,0.03855772,0.036076248
1504,-0.296369,0.223544,0.076431066,0.058395725
1505,-0.19232279,0.3752792,0.03633601,0.037071362
1506,-0.05058008,0.034299254,0.14849903,0.123172194
1507,-0.017707977,0.011300929,0.03516161,0.02965483
1508,0.010230865,-0.031249851,0.037654955,0.030637039
1509,0.09257673,-0.044096887,0.054289654,0.046223935
1510,0.024659887,-0.026379243,0.053614892,0.0461228
1511,-0.028229637,0.055808213,0.0768416,0.05994984
1512,0.11120932,-0.079788804,0.06715284,0.05586649
1513,0.16019307,-0.13480502,0.09132391,0.07558437
1514,0.16009118,-0.40575728,0.05257238,0.0618795
1515,0.21101397,0.12771775,0.050079945,0.04485626
1516,0.35818645,0.21053085,0.1416458,0.13227722
1517,-0.20018584,0.055610266,0.08061169,0.065790646
1518,0.034254808,0.13348088,0.029995868,0.025692843
1519,0.05717123,0.037606925,0.049759008,0.03861943
1520,0.078348935,-0.038282365,0.08645149,0.07518283
1521,-0.05816611,-0.015362062,0.056621484,0.048044037
1522,0.32517344,-0.04107502,0.0914202,0.061406966
1523,-0.1686474,0.106749505,0.03746321,0.032901846
1524,0.08719869,-0.060617626,0.098532714,0.09594531
1525,0.46686113,0.2552426,0.09763008,0.07834773
1526,-0.11691187,-0.047544777,0.028011015,0.024374688
1527,-0.06764429,-0.0005840212,0.10963784,0.09312054
1528,-0.009403357,-0.0955008,0.05969891,0.044544086
1529,0.61799556,-0.26389158,0.13994151,0.10537352
1530,0.44884008,-0.756436,0.05952123,0.056148507
1531,-0.08091917,-0.06443581,0.087335855,0.0808568
1532,0.23056734,-0.80198765,0.037985653,0.04023789
1533,0.17504627,0.03167069,0.11200723,0.10567168
1534,-0.04873082,0.6910126,0.08378863,0.073955916
1535,-0.007326871,0.24662052,0.053346742,0.04958574
1536,0.04185694,-0.016734347,0.053880833,0.046236504
1537,-0.117206514,-0.17697564,0.10790837,0.106386185
1538,-0.3170929,0.47776866,0.041966677,0.048344415
1539,0.16646834,0.005096145,0.085191555,0.07190884
1540,-0.3749353,-0.5606992,0.042129677,0.048986156
1541,-0.123603955,0.6501323,0.06327785,0.06549246
1542,-0.093446285,-0.0850649,0.0429221,0.031230275
1543,0.006639283,-0.04267873,0.057039663,0.05000498
1544,-0.15031673,-0.05269292,0.048050065,0.047004126
1545,-0.28586328,0.11521149,0.11419078,0.09908021
1546,-0.29626304,0.18209882,0.078798056,0.05501814
1547,0.20953369,0.73060083,0.03513076,0.040240865
1548,0.4292304,0.019881412,0.08395087,0.07094784
1549,-0.05630602,-0.030192971,0.09041945,0.07349663
1550,0.45876443,-0.24257892,0.063488424,0.05592586
1551,0.31747714,0.054438476,0.06799463,0.055723216
1552,-0.036764175,-0.064115435,0.028886734,0.02646713
1553,0.093870446,0.06713163,0.045136645,0.036549143
1554,0.026525553,0.010843232,0.046560224,0.038938936
1555,-0.007109234,0.25060627,0.038949348,0.032196686
1556,-0.31305617,-0.3982059,0.03329158,0.030452233
1557,-0.1480505,0.04180457,0.18339597,0.15905651
1558,-0.06355316,-0.092276216,0.07587343,0.0671577
1559,0.29793113,0.13429996,0.055138495,0.04383959
1560,0.11170268,0.15620098,0.09104697,0.07727168
1561,0.097503126,-0.054244384,0.04434586,0.038477436
1562,0.03877328,-0.022437759,0.08245554,0.0781852
1563,0.097215325,0.40221965,0.087728165,0.10797765
1564,0.068106994,0.24848093,0.1303675,0.14911248
1565,-0.30813426,-0.3770084,0.034681454,0.031844232
1566,-0.107262164,0.11172297,0.03564223,0.032094683
1567,-0.07740595,-0.10143374,0.09981435,0.08155548
1568,0.037344206,0.0850581,0.0433514,0.03468133
1569,-0.9279901,0.2420358,0.061333593,0.059978247
1570,-0.679305,0.087998316,0.046146862,0.03552478
1571,-0.22423644,0.09381462,0.060872782,0.04386243
1572,-0.020200636,0.06315949,0.032358427,0.026494091
1573,-0.079810955,-0.0055195317,0.057274852,0.045378823
1574,0.36796317,-0.38567,0.09657036,0.09127431
1575,-0.010468613,-0.073845446,0.05705835,0.05487399
1576,0.36314622,0.00084044784,0.033367217,0.024106687
1577,0.29265705,-0.008558303,0.037058935,0.028418392
1578,-0.78827214,0.15365706,0.07325856,0.05606572
1579,-0.0033378433,-0.022043727,0.038474556,0.031025618
1580,-0.5323791,0.21776347,0.07006259,0.05963245
1581,-0.1271183,0.009268694,0.11102996,0.08880676
1582,0.0050101243,0.037909295,0.0598285,0.059055816
1583,-0.19562025,0.3626866,0.036147002,0.037764207
1584,0.03797796,0.045890637,0.04658924,0.038587738
1585,0.016342103,0.059301313,0.03327625,0.027538989
1586,0.14060883,0.0028578714,0.110131815,0.09658957
1587,-0.111737564,0.056689397,0.06535827,0.064953975
1588,-0.052064087,-0.089708686,0.05893901,0.04763131
1589,0.008644156,0.98512936,0.07371668,0.10364304
1590,-0.16333383,-0.10206322,0.08911336,0.07553035
1591,-0.020569788,0.044303987,0.055477224,0.0522621
1592,-0.058479607,-0.6277605,0.085611634,0.11024806
1593,0.030584324,-0.075256854,0.041071452,0.033819873
1594,0.008436523,0.17411673,0.05950674,0.05313609
1595,-0.06635116,0.07802507,0.03966982,0.027452355
1596,-0.009929504,-0.042478144,0.052643295,0.045165148
1597,0.04307944,-0.5004263,0.069556996,0.068668626
1598,0.06730725,-0.09381245,0.037982322,0.03835523
1599,0.00713405,-0.1358874,0.048914667,0.044738
1600,0.092621714,0.020734146,0.027885698,0.021938764
1601,0.024156973,-0.03236516,0.039095066,0.03267062
1602,0.41929922,-0.44146863,0.05514583,0.055275746
1603,-0.06285577,-0.110820755,0.059439458,0.050464164
1604,0.058253918,0.024893053,0.061388522,0.051483843
1605,-0.0035024192,0.016625382,0.09847243,0.08006184
1606,-0.03281611,-0.07845278,0.044512,0.03964088
1607,-0.40632573,0.17998242,0.035701476,0.030243257
1608,0.0061102323,0.07599235,0.05524194,0.0459495
1609,-0.0763071,0.24391878,0.03886496,0.03601541
1610,0.11584911,0.267628,0.04723339,0.040088337
1611,-0.01966963,0.010040566,0.05101847,0.03868903
1612,0.05677106,-0.31543624,0.05782339,0.067060545
1613,-0.051190544,0.08429658,0.04888129,0.044222537
1614,-0.13434213,0.33259833,0.073842585,0.064578556
1615,0.106374905,-0.053748593,0.031622503,0.024069339
1616,0.07415263,-0.08073811,0.031950586,0.02865461
1617,0.042023685,-0.011306502,0.025459198,0.020965517
1618,0.026525795,-0.19314429,0.03416223,0.031806976
1619,0.07692933,-0.07177542,0.03028921,0.023898771
1620,-0.6946606,0.0409557,0.063563496,0.050334934
1621,0.14775439,0.079040736,0.050485104,0.03869496
1622,-0.077636644,-0.12469299,0.034229856,0.028675415
1623,-0.10081673,-0.31153908,0.029236784,0.028665362
1624,-0.23409519,-0.20002306,0.12289171,0.11989919
1625,0.24644738,0.13068405,0.1900314,0.13419113
1626,-0.027073111,0.09275713,0.06357077,0.05326198
1627,-0.18958575,-0.19715166,0.033151586,0.030693553
1628,0.08116056,-0.4318346,0.15588915,0.17582813
1629,0.61799884,-0.07485221,0.04133983,0.032956466
1630,-0.6755633,0.13430819,0.050975874,0.043914746
1631,0.01133845,0.0988399,0.0563467,0.054445207
1632,0.055853616,-0.13552555,0.07931818,0.06938636
1633,0.07289924,-0.403317,0.12177717,0.12465106
1634,-0.07066572,0.17250994,0.04059114,0.033427022
1635,-0.20063062,0.21297875,0.04863457,0.05018857
1636,0.075180784,0.024755046,0.12652446,0.084832445
1637,-0.16910711,-0.055347487,0.10540113,0.09283186
1638,-0.3031826,0.1924909,0.06151666,0.05228821
1639,-0.09043914,-0.05824049,0.054902125,0.04641832
1640,-0.05940046,0.32453585,0.107604496,0.09774282
1641,0.06045502,-0.12411031,0.051107842,0.041171905
1642,0.4756386,0.3980355,0.050518204,0.045429308
1643,0.049021427,-0.21233985,0.086075835,0.09485434
1644,0.074059024,-0.30730456,0.03686007,0.03237713
1645,-0.105413765,0.07160689,0.10255017,0.09315246
1646,-0.056030914,0.0019738376,0.042201903,0.038279165
1647,0.013131779,0.050568733,0.043204017,0.035119377
1648,0.10556488,0.020840056,0.069585904,0.054456726
1649,-0.24478626,0.03022775,0.07844896,0.064753555
1650,0.010422811,0.007013984,0.03771844,0.029488577
1651,-0.21936303,0.059175707,0.06618093,0.05906075
1652,-0.08715403,0.030749291,0.043832097,0.03090648
1653,-0.30563313,0.5469656,0.07989273,0.07190265
1654,-0.42122072,-0.392631,0.044666264,0.03915968
1655,0.06137568,0.0048436224,0.036917515,0.03046953
1656,-0.020403702,-0.029086158,0.032021012,0.026046172
1657,0.048297945,-0.07913038,0.09702149,0.09304767
1658,-0.2579135,-0.28209117,0.029363902,0.026428021
1659,-0.15631233,-0.6831393,0.065873384,0.075573154
1660,0.08841686,-0.12940723,0.06942821,0.05865922
1661,0.046186943,-0.4805518,0.07150788,0.077950105
1662,-0.04403243,-0.0089165345,0.027700072,0.021587929
1663,0.24240324,-0.27445924,0.07270711,0.06396122
1664,0.034100246,0.38903543,0.18201762,0.21441883
1665,0.0679529,-0.01186762,0.034142878,0.025510453
1666,0.28462696,-0.04656127,0.052411646,0.040885698
1667,-0.5683784,-0.29379454,0.08290342,0.08745215
1668,0.5343745,0.3725521,0.041309174,0.041629877
1669,0.015880771,-0.007880196,0.025308104,0.020936409
1670,0.24774218,0.16071297,0.038081937,0.0332936
1671,-0.0792886,-0.0047709346,0.1551614,0.12587647
1672,-0.004848687,0.014024116,0.022494255,0.01811261
1673,-0.22211406,0.17917003,0.04644199,0.03955034
1674,-0.07112984,0.012791611,0.24459513,0.19236927
1675,0.1615131,-0.12859137,0.08040173,0.06343839
1676,-0.04449088,-0.05750893,0.040829092,0.036439132
1677,-0.12715326,-0.11195238,0.056433793,0.042578686
1678,0.011573788,-0.15746295,0.05307523,0.039517324
1679,-0.12008822,-0.14420006,0.11089766,0.08377832
1680,-0.35576355,0.1775706,0.066977605,0.054781515
1681,0.050014596,-0.33486697,0.04736881,0.04787157
1682,0.16463023,0.089298025,0.070196636,0.065146536
1683,-0.10937883,0.18878853,0.033706255,0.027217083
1684,-0.5216736,0.41367257,0.14860731,0.13460064
1685,0.08086212,0.015237607,0.09934289,0.06972723
1686,-0.3914689,0.24846444,0.0466707,0.038637202
1687,0.003792178,-0.053474918,0.068708844,0.06304671
1688,0.31195655,-0.025213078,0.03555204,0.02849936
1689,-0.045212716,-0.076313674,0.13559034,0.16434829
1690,-0.071510956,-0.05111155,0.03794227,0.031421393
1691,-0.9036641,0.08974889,0.06422677,0.05207849
1692,0.052249353,-0.103652105,0.054861385,0.043176435
1693,0.30658045,-0.32308525,0.037865825,0.044604976
1694,0.09860547,0.3788185,0.2834646,0.32568824
1695,-0.111934826,0.01635307,0.055519063,0.039021447
1696,0.19376493,-0.17217574,0.058963735,0.04299086
1697,0.05698521,-0.07034607,0.04745283,0.038276076
1698,0.28628823,0.08749368,0.039289705,0.031455286
1699,-0.07403483,-0.12537856,0.061213728,0.059556432
1700,-0.06155858,0.09364986,0.07013529,0.057736747
1701,-0.008434214,-0.06668712,0.082632914,0.06036201
1702,-0.023740856,0.46318007,0.07316039,0.074959636
1703,0.57304543,-0.23775074,0.03833632,0.034237575
1704,-0.04499623,0.10619587,0.09265166,0.07839009
1705,0.072822124,0.13776189,0.08134135,0.07654052
1706,0.113461,-0.18038136,0.04456525,0.038146578
1707,0.27592394,-0.2825996,0.1189317,0.11902662
1708,-0.59166044,-0.35431212,0.048536118,0.042823788
1709,0.044969063,0.003703609,0.032988854,0.02550766
1710,0.52436054,0.020838544,0.059024874,0.042344954
1711,0.116835356,0.12335947,0.033059437,0.0282852
1712,0.016571552,-0.04534416,0.024172582,0.019500729
1713,0.43238455,-0.18242216,0.23540156,0.18090606
1714,0.17125948,-0.052902788,0.08738217,0.07436354
1715,-0.13645054,-0.26538783,0.06639268,0.05712978
1716,-0.033060804,-0.09713103,0.04107111,0.036459208
1717,-0.4758284,0.26682568,0.055762846,0.042108722
1718,0.055921745,-0.07155432,0.03018604,0.023724964
1719,-0.41046467,-0.122139335,0.03373622,0.026436063
1720,-0.1393781,0.007801302,0.21104488,0.14171694
1721,0.02165142,0.019836113,0.16264316,0.15779635
1722,0.07152934,-0.009287536,0.029848585,0.024980893
1723,0.022799246,-0.07302171,0.073379196,0.06393567
1724,-0.26084265,0.30339426,0.032715224,0.029830629
1725,0.022587102,0.029680014,0.044277545,0.0382361
1726,-0.019155566,-0.04905565,0.0558138,0.04853457
1727,0.023986626,0.34758678,0.050795965,0.047751863
1728,-0.28701258,-0.25890628,0.18996765,0.1522791
1729,-0.028948097,0.016750023,0.043602277,0.038625177
1730,-0.012373803,-0.016710192,0.025763629,0.02501493
1731,0.043480102,-0.71730614,0.06328814,0.06958541
1732,-0.047098942,0.25217137,0.09198241,0.087204054
1733,0.034108344,0.13192305,0.14829679,0.11880802
1734,0.1380882,-0.47728947,0.07868027,0.08403682
1735,-0.034316257,-0.028919548,0.04071797,0.032685507
1736,0.24133715,0.0012464449,0.030534828,0.023460506
1737,-0.027005335,-0.00910417,0.062222067,0.04880616
1738,-0.047727,0.1071434,0.030584896,0.026548259
1739,-0.104010165,0.3228397,0.04077851,0.035784498
1740,0.0759165,-0.38948134,0.070522524,0.067289606
1741,0.11619376,-0.21664694,0.072527185,0.06621966
1742,-0.48665732,0.14330615,0.05613315,0.04433593
1743,-0.010418076,0.0011074468,0.07598966,0.0710021
1744,0.87276125,-0.18126535,0.043991137,0.033419456
1745,0.14792958,-0.11051662,0.12422308,0.11290618
1746,0.6196565,-0.13380787,0.049299873,0.039730832
1747,-0.022471031,0.11951284,0.045891613,0.04140746
1748,-0.11595662,0.026109964,0.10150835,0.0985446
1749,-0.12047121,-0.04552053,0.23426317,0.2705965
1750,-0.06191403,-0.040409133,0.04452899,0.034533717
1751,0.07340123,-0.15911663,0.032716725,0.028746262
1752,0.07819332,0.38775337,0.04327218,0.040952314
1753,0.021602683,0.3121385,0.12083391,0.113840036
1754,0.017941222,-0.20227435,0.030746285,0.02725313
1755,0.45088503,-0.29535243,0.041915007,0.036295023
1756,0.02831167,0.049080133,0.081194416,0.065990426
1757,0.073996976,-0.020748727,0.034746278,0.031290613
1758,-0.09790361,0.029392496,0.17753255,0.15950772
1759,0.13655652,0.052715715,0.02645326,0.021885453
1760,-0.017554328,0.13263042,0.062626146,0.059828077
1761,0.050067414,0.14404751,0.07339083,0.062018722
1762,-0.30802616,-0.37813282,0.044283826,0.04263469
1763,0.4171119,-0.4666991,0.088298455,0.09431043
1764,-0.21691889,0.04966833,0.15822066,0.14448383
1765,0.06453864,0.012170576,0.029894752,0.02398979
1766,-0.049280327,0.0059286207,0.031652186,0.028690247
1767,0.040574994,-0.039217383,0.03021889,0.02687195
1768,0.6637873,-0.48207864,0.18244961,0.14907654
1769,0.10715677,-0.28580043,0.028314207,0.025091551
1770,0.19014749,-0.30923927,0.04216408,0.03908431
1771,-0.39676493,-0.02641005,0.078881346,0.06292022
1772,-0.38956106,0.24472162,0.20274131,0.17407024
1773,0.23406798,-0.1985201,0.09163473,0.074316554
1774,-0.32183143,-0.16556585,0.038885824,0.031837292
1775,0.12200551,0.07459791,0.07970671,0.05797742
1776,0.15942238,0.025541544,0.048825778,0.043195777
1777,-0.014008647,0.009554118,0.042684752,0.03494916
1778,0.09472646,-0.06572214,0.030304823,0.02419564
1779,-0.04095923,-0.02491603,0.06085473,0.048874248
1780,0.017912805,-0.19654936,0.11007832,0.1003116
1781,-0.006758511,0.03632538,0.051819045,0.04298916
1782,-0.083411895,-0.08985323,0.036189776,0.033546392
1783,0.006349057,0.03201534,0.0449151,0.04134937
1784,-0.21455264,-0.23265615,0.046802673,0.046493355
1785,-0.28756282,-0.09859763,0.13486755,0.10613259
1786,0.060242508,-0.10546774,0.026462778,0.02214163
1787,-0.1020962,-0.2133961,0.06039606,0.066921666
1788,0.19284926,0.50233054,0.08429313,0.08841995
1789,0.05426206,0.09975165,0.10597999,0.10860967
1790,-0.115708515,-0.037001953,0.029356837,0.0238454
1791,-0.016454455,-0.0028050542,0.02719427,0.021936337
1792,-0.048854947,-0.0035991967,0.038673446,0.030555634
1793,-0.06551947,0.047898836,0.035480708,0.027108036
1794,0.6791933,0.38888612,0.10513289,0.073266424
1795,0.056987148,0.07406082,0.057276994,0.05086031
1796,0.08572017,0.07252549,0.03474593,0.029869601
1797,0.049063075,-0.046500877,0.062393885,0.050691247
1798,-0.061522238,0.021378174,0.07343978,0.060909554
1799,-0.068724416,0.021031104,0.03997603,0.032279916
1800,-0.36754262,-0.033544824,0.050902467,0.03788077
1801,-0.06919682,-0.16936764,0.27103686,0.22355834
1802,-0.00060292706,0.14553285,0.052670896,0.058677312
1803,0.3077672,-0.15081008,0.2454218,0.1939361
1804,0.541969,-0.31786025,0.042039156,0.041395284
1805,-0.11055389,-0.02879744,0.08062886,0.07560701
1806,-0.70849425,0.098315574,0.03939515,0.03265146
1807,-0.0058737006,0.006683357,0.03518486,0.030290566
1808,0.024232183,0.053082075,0.059227467,0.050614238
1809,0.28937843,-0.2950241,0.19488056,0.19323184
1810,-0.08448236,0.0068981797,0.0902076,0.08863526
1811,0.3736475,0.13251771,0.052612532,0.037289124
1812,0.033757534,0.07446396,0.07182268,0.058085814
1813,-0.19411764,0.2997409,0.23778999,0.22023913
1814,-0.08345293,-0.038952082,0.038151246,0.029211752
1815,0.18338308,0.08276743,0.06780638,0.055708446
1816,0.041309852,-0.02589541,0.045299686,0.0360522
1817,0.0029503666,-0.021909915,0.027162133,0.021351082
1818,0.0032170042,0.32391453,0.037471134,0.034993283
1819,-0.13957359,-0.013894327,0.0778803,0.055164922
1820,-0.6584137,-0.35483876,0.11453506,0.12583007
1821,-0.104738444,-0.042863667,0.0564837,0.045599032
1822,-0.1626672,-0.15822169,0.064905465,0.053309202
1823,0.08959809,-0.26214477,0.2628111,0.29307827
1824,-0.18982562,-0.12125325,0.15155421,0.13707829
1825,-0.026864126,0.029278688,0.039943837,0.03146978
1826,-0.040787242,0.014821358,0.028153349,0.02427954
1827,0.33586308,-0.14687671,0.063100025,0.047028225
1828,0.03259648,-0.044256806,0.07307972,0.07377863
1829,-0.18979424,-0.23009792,0.09086976,0.09258909
1830,-0.13356182,0.26127434,0.18351524,0.1726777
1831,-0.5308718,0.03593754,0.057091787,0.047230028
1832,0.14071342,0.065992445,0.035592537,0.02848948
1833,-0.20665859,-0.034238666,0.04857303,0.04423835
1834,0.0108985305,0.54339504,0.04958319,0.054805
1835,-0.0001803711,0.0114892125,0.02884817,0.024180008
1836,-0.016391907,0.022684999,0.14652409,0.13948195
1837,-0.031332273,0.049238287,0.06192775,0.054559916
1838,0.05202044,0.0072699264,0.046156652,0.036980756
1839,0.0017327592,0.09935024,0.107195154,0.10074679
1840,-0.42874047,0.06848446,0.12917037,0.07969831
1841,-0.13958901,-0.089426324,0.05972653,0.05659353
1842,-0.08046758,-0.051335588,0.040710755,0.0373789
1843,0.03324641,-0.15429957,0.20596683,0.2519851
1844,-0.20692505,-0.10487275,0.07567638,0.07168759
1845,-0.012173098,0.018447556,0.028242243,0.023570722
1846,-0.12953024,0.15969768,0.225865,0.19466469
1847,0.054972563,0.041567806,0.038637433,0.03491066
1848,-0.14155339,-0.45236525,0.10526702,0.10231367
1849,0.11910221,-0.111042365,0.13954227,0.134055
1850,0.075889066,0.09291292,0.036963362,0.03417949
1851,0.07885073,0.061506744,0.02556378,0.021958081
1852,-0.21157457,0.21490538,0.05047117,0.04656142
1853,-0.11895242,-0.101142794,0.13994431,0.09512767
1854,0.56431425,-0.22322968,0.17065479,0.15444048
1855,0.040454347,-0.1390383,0.048570756,0.03918869
1856,0.047192615,-0.0105066,0.06308962,0.0513748
1857,-0.26858962,-0.3107638,0.052483253,0.049611192
1858,-0.22389603,0.5681497,0.038398612,0.04236247
1859,-0.042037927,-0.013244204,0.054354683,0.04326823
1860,0.41192457,-0.15468797,0.036863286,0.03287955
1861,0.4947112,-0.29335177,0.043016076,0.03211749
1862,-0.056037433,-0.38592467,0.0336266,0.03051292
1863,0.093247324,0.039875317,0.06793359,0.060882803
1864,-0.06422125,-0.23865539,0.1317149,0.115940705
1865,0.053498264,-0.2625584,0.030060768,0.028337505
1866,-0.083760455,-0.024949737,0.06176952,0.049935743
1867,0.2475785,0.054350175,0.075496204,0.05460277
1868,-0.04957496,-0.14928366,0.048939183,0.050030548
1869,0.62157726,-0.0075077116,0.04490712,0.035946112
1870,0.2466113,0.052980628,0.08302741,0.05695005
1871,-0.2290429,-0.18539026,0.028173516,0.024397684
1872,-0.017726801,-0.19000635,0.05021566,0.04693767
1873,-0.1246219,-0.07626879,0.047532402,0.040073764
1874,-0.15405709,0.121649265,0.23849152,0.18828431
1875,-0.07110256,-0.036688104,0.029091941,0.024890536
1876,0.1629857,-0.2467561,0.046315093,0.041216437
1877,0.4392375,-0.04249628,0.05828965,0.052896127
1878,-0.109010905,-0.0453068,0.112361014,0.1174912
1879,0.0074623562,0.05252015,0.03869753,0.031612262
1880,-0.006144963,0.049516756,0.05141204,0.04871084
1881,0.57791746,-0.30447528,0.041249465,0.0378554
1882,0.16008274,-0.7935555,0.17230165,0.19547062
1883,0.048521187,0.23200347,0.06265078,0.0639527
1884,-0.009559378,0.0102756545,0.09102607,0.068310045
1885,-0.020473985,0.028715707,0.05310463,0.048321392
1886,0.092972875,-0.06585799,0.038035344,0.03521986
1887,0.13081667,-0.16440728,0.081723824,0.068132445
1888,-0.38343963,0.035594128,0.095272936,0.0643743
1889,-0.077475786,-0.16364294,0.053142834,0.05668703
1890,-0.009032058,-0.0048600286,0.085392974,0.06632553
1891,-0.051507123,-0.024886288,0.04528168,0.038973317
1892,0.16057822,-0.029026806,0.033260334,0.027280206
1893,-0.0068162456,-0.14412956,0.06368654,0.053451385
1894,-0.017140176,-0.0020274892,0.02931366,0.022076556
1895,-0.08232544,0.08127956,0.0702322,0.07048502
1896,0.14696911,0.17647722,0.03314882,0.027457431
1897,-0.027266447,-0.2724029,0.1374065,0.15167741
1898,0.16058818,-0.2717399,0.037660122,0.031569917
1899,0.7236937,0.5201893,0.05459311,0.042750385
1900,0.61804354,0.6727114,0.04865388,0.041425474
1901,0.06252095,-0.097006515,0.025452571,0.022783712
1902,-0.5096299,-0.54238844,0.058834143,0.052801013
1903,-0.009227853,0.040602483,0.101053104,0.082417965
1904,0.026496675,-0.007587917,0.03661175,0.02802361
1905,0.04812296,0.0706511,0.07082721,0.0634371
1906,-0.5364718,-0.28982577,0.049680628,0.04141125
1907,0.075518355,-0.07256283,0.036297843,0.028819283
1908,-0.54930514,-0.23888406,0.17545846,0.17675914
1909,0.38642192,-0.2576186,0.102240466,0.096285865
1910,-0.45014977,-0.63543797,0.057545677,0.054796305
1911,0.26882505,-0.47294775,0.043294664,0.039797943
1912,-0.1134046,0.36629984,0.033001192,0.031777896
1913,-0.20303725,0.22529818,0.07747957,0.07071475
1914,-0.255702,0.48623198,0.15237501,0.117166944
1915,0.015525822,-0.0039294735,0.044232044,0.040273428
1916,-0.5625284,-0.01855389,0.12102436,0.0933007
1917,-0.080078095,-0.05953957,0.05119675,0.057028186
1918,-0.427604,-0.63024175,0.047223154,0.053302534
1919,0.54099333,0.4561855,0.13789235,0.18088208
1920,-0.20073119,0.3350826,0.054519624,0.04690634
1921,0.38693383,-0.46728638,0.088720925,0.08353714
1922,-0.01747774,-0.13764767,0.0584934,0.046731398
1923,-0.049792722,-0.023089878,0.035144005,0.027317638
1924,-0.004722733,0.02703926,0.027436707,0.020954201
1925,0.8448082,0.41531235,0.04271559,0.04467769
1926,-0.1543373,0.23123714,0.27177423,0.2689644
1927,-0.096015245,-0.24030185,0.3840792,0.427331
1928,-0.07958682,0.10263969,0.036110897,0.030727146
1929,-0.0075177476,-0.116242915,0.088473275,0.09602317
1930,-0.14153735,0.65609586,0.0728562,0.08882312
1931,-0.026959967,-0.05309345,0.033740256,0.027650807
1932,-0.046415262,-0.15825343,0.03051205,0.02654816
1933,-0.029897893,0.0052216277,0.039903063,0.031081501
1934,-0.11054224,0.39133805,0.046876952,0.04256353
1935,0.025777739,-0.040568456,0.10684801,0.07364009
1936,-0.48065883,-0.2861658,0.04763198,0.041788887
1937,-0.07852948,-0.004636854,0.055259433,0.049148187
1938,-0.41583893,-0.491989,0.12336381,0.10862453
1939,-0.120851666,-0.06847569,0.17006905,0.16573973
1940,0.08458942,-0.0134023875,0.046618253,0.036035355
1941,0.1433955,-0.6734395,0.06156453,0.06926476
1942,0.03554712,-0.25026253,0.08964134,0.08860049
1943,-0.11761479,-0.026315622,0.08991224,0.080660574
1944,0.035435904,0.09058509,0.10997859,0.108672954
1945,0.14396638,0.4017885,0.053537723,0.05222788
1946,0.18375275,-0.5608897,0.12865311,0.11127712
1947,-0.10304287,0.09886503,0.08364621,0.064997986
1948,-0.06410387,-0.014410324,0.050882407,0.043616123
1949,-0.017805796,0.034910835,0.044644143,0.03489106
1950,-0.25299072,-0.31449246,0.06905958,0.054804027
1951,0.37171152,0.64354694,0.05952146,0.06337311
1952,0.09440738,-0.00846415,0.039609205,0.033201333
1953,0.55228794,0.01010856,0.14807896,0.124690026
1954,-0.41639566,-0.3122721,0.08114517,0.06685701
1955,0.009544142,0.016770773,0.060852487,0.049826134
1956,-0.090485156,-0.02630601,0.15196024,0.13037856
1957,0.07957457,0.10927819,0.06817191,0.07352312
1958,0.48629734,0.15537566,0.049871065,0.033483554
1959,0.014617782,0.014729328,0.05137784,0.046601254
1960,-0.028166333,-0.03425701,0.059497982,0.046495356
1961,0.110047966,-0.17948055,0.03979985,0.038097598
1962,0.057493445,0.46291184,0.071647376,0.07700284
1963,-0.1085694,-0.23154846,0.06737519,0.059056085
1964,-0.104588374,-0.017914303,0.109979756,0.09201339
1965,-0.045485966,-0.0014302656,0.027819613,0.02262816
1966,0.4373942,-0.01420182,0.05213548,0.03741339
1967,-0.054169975,0.041698344,0.0382692,0.03534511
1968,-0.008572552,-0.18684456,0.14198428,0.120440826
1969,-0.086571194,-0.08599387,0.073762625,0.06849383
1970,0.022329267,-0.07825695,0.06219922,0.052869286
1971,0.48322037,-0.10408878,0.039501954,0.02879049
1972,-0.008728301,0.04014814,0.033378404,0.025435336
1973,-0.25497484,-0.034785017,0.1574439,0.09849223
1974,-0.3220986,0.08697574,0.15005833,0.09597672
1975,-0.6068938,-0.5676031,0.16070627,0.1686613
1976,0.3316959,0.089784555,0.07775743,0.052414015
1977,-0.0013953261,-0.027240016,0.049516022,0.04021071
1978,-0.18135728,-0.57806075,0.04925868,0.050103176
1979,-0.10365923,0.22912307,0.046561584,0.038882665
1980,0.12898035,-0.48309323,0.038157444,0.043360736
1981,-0.1391401,0.38257748,0.074489556,0.065501
1982,-1.8361956e-05,0.01132679,0.099360906,0.080519296
1983,-0.12922207,-0.000109411776,0.030078236,0.025759606
1984,-0.19128476,-0.16978604,0.032365233,0.026174989
1985,-0.036877893,-0.061120003,0.11354643,0.10006841
1986,-0.34370044,0.21618232,0.110011265,0.10074605
1987,-0.007761169,0.04081675,0.02663006,0.021163903
1988,-0.0398169,0.0020905659,0.05551004,0.049760465
1989,-0.08282778,-0.0009825751,0.092207894,0.070819125
1990,-0.008737825,0.08669749,0.059853654,0.05819516
1991,-0.28859466,-0.09879969,0.035884928,0.027370036
1992,-0.1906849,0.27400643,0.1674504,0.14254895
1993,0.33564833,0.46256384,0.058039386,0.05382305
1994,0.019411713,-0.24108255,0.056924906,0.049229942
1995,-0.05027556,-0.06744607,0.026928218,0.022511085
1996,-0.3182578,0.10504884,0.08894738,0.08263526
1997,-0.009055631,0.03755759,0.14621535,0.14562534
1998,-0.369317,-0.39467344,0.039567955,0.03669565
1999,0.1127208,0.3529465,0.049946137,0.052118022
2000,-0.097898185,0.039004106,0.09107146,0.06931057
2001,-0.17645349,-0.1708332,0.16596062,0.1412703
2002,-0.06306097,0.084267795,0.060270816,0.049787898
2003,0.079891086,-0.09379648,0.043913215,0.03218857
2004,-0.087716065,0.11927458,0.026310798,0.023551285
2005,0.01102788,-0.00050483644,0.035193723,0.026937189
2006,0.047667947,0.14051399,0.034283537,0.032464724
2007,0.02071103,-0.019931614,0.023857066,0.019749956
2008,-0.04470035,-0.6289089,0.050434332,0.05634303
2009,0.1604842,0.0218964,0.11871798,0.086096905
2010,0.004627686,-0.058027416,0.05221502,0.0434129
2011,-0.029191952,-0.013830878,0.032176632,0.026764367
2012,0.008192539,-0.019866973,0.043635488,0.035783116
2013,0.032375176,-0.026110865,0.15115236,0.10557349
2014,-0.0058865435,-0.047921717,0.03204468,0.026739698
2015,-0.03173987,-0.03187649,0.0361992,0.027790269
2016,-0.022552487,0.050860867,0.05159252,0.04587769
2017,-0.06475462,0.15579066,0.050526824,0.05223933
2018,0.022321288,-0.063556746,0.066929,0.06639491
2019,-0.008825727,0.00715252,0.09950132,0.108856186
2020,0.07468496,-0.22606838,0.044920452,0.037657026
2021,0.07831833,0.2814424,0.08017994,0.06418453
2022,-0.051277906,-0.06840822,0.12696505,0.14418182
2023,-0.409971,0.41768944,0.06772084,0.066428974
2024,0.029024731,0.050442476,0.03283636,0.026148204
2025,0.07691577,-0.15812412,0.065418005,0.05673523
2026,-0.1004976,-0.06085448,0.10159053,0.08447182
2027,0.026588485,0.17763743,0.024894005,0.021648068
2028,-0.760764,0.17450362,0.14186575,0.11125519
2029,0.13310589,-0.18901613,0.029183757,0.027235547
2030,0.12947284,0.63486266,0.05618916,0.046624035
2031,-0.055617735,-0.040937483,0.08365663,0.06498576
2032,-0.01957091,0.5114492,0.029582778,0.030332945
2033,0.09692454,0.07112094,0.053450033,0.043397393
2034,-0.03483671,0.051841125,0.2534841,0.20952207
2035,0.061040353,0.005629398,0.105789445,0.11123657
2036,-0.057229593,-0.47163072,0.19145533,0.19133095
2037,-0.7960229,-0.014895737,0.047988474,0.04199201
2038,-0.2788831,0.41193616,0.16262169,0.145759
2039,0.09415908,0.0276791,0.026476711,0.021280892
2040,-0.013483133,-0.032601118,0.048850525,0.044159323
2041,-0.37882212,0.0515501,0.09933425,0.06720962
2042,-0.040966526,0.12675911,0.07056351,0.070198834
2043,0.1899022,-0.42024663,0.06314804,0.0594192
2044,0.5179379,-0.10749611,0.057360854,0.057062108
2045,-0.24212748,-0.7352277,0.044076573,0.05014317
2046,-0.010811834,-0.015189603,0.037220784,0.03530475
2047,0.17540015,-0.051901266,0.07362398,0.06103147
2048,-0.043198433,-0.16486725,0.088346586,0.07059634
2049,0.34325323,0.16027331,0.044734087,0.038171627
2050,-0.09870027,-0.09756526,0.12489131,0.08650727
2051,-0.029111506,0.03319064,0.033944238,0.029422276
2052,-0.024001084,0.32747078,0.043134823,0.040503953
2053,0.04607149,0.017884336,0.034120414,0.028145006
2054,-0.15000065,0.04330067,0.08589809,0.077982835
2055,0.8058297,-0.21224275,0.08707757,0.06832876
2056,-0.007282473,-0.021261387,0.054126255,0.041405313
2057,0.057003092,-0.06811586,0.05260405,0.04586386
2058,-0.0066254325,0.017014585,0.028809715,0.0227085
2059,-0.39793006,0.43840614,0.061060652,0.056660485
2060,-0.04262396,0.022093952,0.026861375,0.023875829
2061,-0.020872254,0.013964094,0.028294388,0.02262578
2062,-0.46362534,0.014638528,0.115585804,0.0710478
2063,-0.055419765,0.08543116,0.09164168,0.084384724
2064,-0.0037913509,0.06784411,0.08769486,0.077602364
2065,-0.0073381662,0.020478748,0.036929123,0.02884349
2066,0.13217989,-0.04385166,0.045304473,0.044084776
2067,0.43500417,0.009494036,0.0910487,0.06179395
2068,-0.5126144,0.7117293,0.057649326,0.050340153
2069,0.015451729,-0.07426779,0.04918469,0.046317976
2070,-0.0089402385,0.038681276,0.048497617,0.03827361
2071,0.394487,-0.5118327,0.1009421,0.10585574
2072,0.37154034,-0.096232966,0.06095231,0.046730373
2073,0.023709498,0.0063932464,0.035731614,0.02912216
2074,-0.2023159,-0.075613946,0.037240196,0.026799247
2075,0.21444036,-0.29086992,0.060792577,0.0566707
2076,-0.67313457,-0.21916074,0.07933734,0.056805946
2077,-0.101536825,0.11661204,0.07209858,0.06321485
2078,-0.3863309,0.059467424,0.13002603,0.12345142
2079,-0.2961287,-0.17217964,0.08578091,0.07715361
2080,0.0112766735,0.02981022,0.025428165,0.020586863
2081,-0.0051936656,-0.024292774,0.02380201,0.01898484
2082,0.16328225,-0.122552276,0.10731563,0.0928096
2083,-0.059154805,-0.09221223,0.040365733,0.032139737
2084,-0.3124522,-0.45491531,0.08836754,0.07770085
2085,-0.13104385,0.52145237,0.03527888,0.03781477
2086,-0.09612347,0.057096932,0.028186843,0.021612177
2087,0.061632905,-0.102820665,0.11142941,0.09303468
2088,0.12821491,0.010177784,0.07048975,0.045392208
2089,0.06699033,-0.060307384,0.10551636,0.096552014
2090,0.061286237,0.06254983,0.028958652,0.02396324
2091,0.0018110424,0.08750306,0.05188639,0.051142298
2092,0.04671367,-0.018591456,0.041215833,0.04372078
2093,-0.105752155,0.08280533,0.15208395,0.14673491
2094,-0.14751196,0.13050729,0.02908534,0.022850297
2095,0.037895773,-0.0040633604,0.048197646,0.035870157
2096,-0.42681378,-0.4786661,0.05349173,0.048100114
2097,-0.018625427,-0.100440025,0.05478465,0.050432667
2098,0.17366587,-0.12765148,0.03169723,0.026418602
2099,-0.7033616,-0.24076942,0.071011536,0.06463252
2100,-0.23843051,0.18232983,0.06370243,0.051499512
2101,-0.26221573,-0.700559,0.029801382,0.037114967
2102,0.040700015,0.04281193,0.07664133,0.08580789
2103,0.806823,-0.42868176,0.037227675,0.038585223
2104,0.010071967,-0.019109704,0.02921317,0.024752066
2105,-0.30936223,0.17268196,0.09609205,0.084153354
2106,-0.35075733,0.22311644,0.0371475,0.033467136
2107,0.114412084,0.3592132,0.13017707,0.1331264
2108,0.22387138,-0.20743984,0.031634748,0.025469571
2109,-0.73439735,-0.32450902,0.040493265,0.042167168
2110,-0.33133003,0.0035031438,0.033660147,0.02949682
2111,-0.18859859,0.031779647,0.03185775,0.023883495
2112,0.29891336,-0.15605056,0.05851286,0.043768063
2113,0.15678456,0.46671647,0.05466941,0.050605386
2114,-0.06363845,0.10677714,0.06149985,0.04968515
2115,0.23515671,-0.5882168,0.07134528,0.077746265
2116,0.29719985,0.042052306,0.10775317,0.07649617
2117,0.28362146,0.14988494,0.062156763,0.053130932
2118,0.3017439,0.09142918,0.07419119,0.054224133
2119,0.11364594,-0.05514027,0.23932947,0.2081777
2120,-0.08032089,0.10466029,0.070595734,0.05674471
2121,0.0030229054,-3.351271e-05,0.022254119,0.018657038
2122,-0.0032386146,-0.0543693,0.040850725,0.03361866
2123,0.4600466,0.44835025,0.058485653,0.057764478
2124,0.29046476,-0.158122,0.11146056,0.08610389
2125,-0.2220538,-0.77506447,0.043696426,0.050968688
2126,0.20549196,-0.09034465,0.070469975,0.053280417
2127,0.05975164,-0.05705452,0.027906565,0.021514516
2128,0.17273046,0.2886834,0.036617495,0.03082232
2129,-0.008956555,-0.10831775,0.106881976,0.10309537
2130,-0.006626878,0.0030605942,0.02499714,0.020682646
2131,-0.03644164,-0.008014321,0.045703147,0.040052313
2132,0.04177061,-0.0035824105,0.04413236,0.035922013
2133,0.010831498,0.038075928,0.1067263,0.080149665
2134,-0.029978007,-0.0022014976,0.040351074,0.03526244
2135,-0.24797776,-0.47021624,0.036418773,0.03476572
2136,-0.015407976,0.07161959,0.12231233,0.11429369
2137,-0.26641548,0.19591238,0.07855498,0.07249884
2138,-0.23816252,-0.09753536,0.1945022,0.15307528
2139,0.25125918,-0.092932,0.091048375,0.06160455
2140,-0.03323525,0.05062098,0.043446258,0.03694919
2141,0.74352276,-0.33980495,0.15734082,0.13644864
2142,-0.067493126,-0.03290306,0.03935824,0.032325353
2143,0.27512085,0.1837793,0.11568532,0.08551475
2144,0.04033597,0.001930654,0.10151718,0.1109932
2145,0.073424414,0.7484379,0.042117674,0.04875363
2146,0.31216463,0.15404955,0.044951804,0.039095957
2147,0.054493602,-0.088186815,0.09371978,0.08644184
2148,0.008636083,0.013219297,0.040654328,0.03175054
2149,-0.50774074,0.07166453,0.06539098,0.055537242
2150,0.05330317,-0.068895474,0.03313002,0.026923345
2151,0.07327153,0.062221974,0.039454397,0.033033445
2152,-0.09072253,0.5667001,0.054138906,0.05778071
2153,-0.027230445,-0.014249153,0.059004076,0.049062576
2154,-0.03558064,-0.10445663,0.07967292,0.07839716
2155,0.015920032,-0.07620688,0.077817656,0.072380215
2156,0.039065298,-0.042297542,0.06909607,0.071185015
2157,-0.053327292,-0.03243971,0.0470702,0.041665934
2158,-0.2704962,0.016867734,0.051987678,0.03977478
2159,0.03043864,-0.0023101643,0.07259681,0.057107095
2160,0.0025716498,0.011620417,0.035801545,0.029899428
2161,-0.018663857,0.016135871,0.046618253,0.034111947
2162,-0.12828565,0.02575349,0.11527344,0.092792965
2163,0.2793595,-0.32954976,0.052228596,0.051185332
2164,0.036401432,0.1518739,0.050987653,0.045913853
2165,-0.18137051,-0.17385104,0.07573308,0.0660413
2166,-0.101950526,0.04150304,0.045677863,0.039685
2167,0.024678186,0.032015324,0.045112252,0.039638914
2168,0.70394343,0.1745086,0.07726077,0.06442091
2169,0.10229498,-0.2088694,0.04360844,0.034731925
2170,-0.18343723,-0.31553203,0.04565668,0.0435413
2171,0.6717856,0.50794864,0.046142764,0.03522961
2172,-0.034996837,0.056325506,0.043796156,0.034824416
2173,-0.11963314,0.027055107,0.08603865,0.05402029
2174,-0.16018339,-0.087867185,0.14762181,0.13487746
2175,0.028057866,-0.020292774,0.043497957,0.035031825
2176,-0.3286717,0.15332845,0.11829337,0.09605077
2177,-0.043785367,-0.11783376,0.04512582,0.038311172
2178,0.107425734,-0.065961584,0.05025251,0.039613176
2179,0.28104076,0.6374004,0.04043557,0.044669513
2180,0.2133745,0.08061583,0.21974465,0.19724472
2181,-0.49425194,-0.10039106,0.06029741,0.0477105
2182,0.11069235,-0.13259993,0.047289107,0.05302414
2183,-0.023040086,0.024111599,0.029608937,0.02586383
2184,-0.02545087,0.17993543,0.029279392,0.023818148
2185,0.3791592,-0.0702337,0.2430421,0.22593465
2186,-0.050870918,-0.09992732,0.0567089,0.06374421
2187,0.23191798,-0.3583833,0.17372102,0.13913098
2188,0.16329779,-0.08014102,0.04329181,0.036808923
2189,0.059260536,-0.05714789,0.06972901,0.0529152
2190,-0.39166036,0.43662286,0.05309524,0.042857416
2191,-0.3118895,0.64847875,0.070612386,0.06414164
2192,0.22790155,0.5711867,0.06282085,0.060228214
2193,-0.08741795,-0.0014566332,0.06386594,0.050266366
2194,0.08776787,0.07399536,0.04404635,0.03450162
2195,0.37582025,-0.1868732,0.08360849,0.06695662
2196,0.029429879,-0.1497839,0.06756184,0.06696789
2197,0.2277205,-0.11804454,0.35102636,0.29053465
2198,-0.61162925,-0.18337032,0.04076283,0.03038847
2199,-0.020572102,-0.03196338,0.10840372,0.1023753
2200,0.18333237,0.06600639,0.06766201,0.052170984
2201,0.13991849,-0.20525864,0.067527644,0.050005943
2202,-0.13540372,0.10547612,0.054559246,0.036671344
2203,-0.24516122,-0.5040904,0.039038323,0.043089923
2204,0.06643063,-0.045737013,0.074592456,0.078259386
2205,0.013484385,0.023015313,0.03876416,0.03225559
2206,0.020262487,0.14006546,0.086557634,0.079334535
2207,-0.08588281,0.056812387,0.10249712,0.11120621
2208,-0.066684976,0.019038662,0.031741347,0.025332633
2209,-0.64670134,-0.046841726,0.14575447,0.09064397
2210,-0.15823165,0.020124108,0.06831043,0.053071063
2211,0.36768663,0.104244806,0.048300676,0.033697255
2212,-0.60439974,-0.25010267,0.057774894,0.05068471
2213,0.06455773,0.02475126,0.04805029,0.03858193
2214,0.13641869,0.038778774,0.13144213,0.10340727
2215,0.02545124,-0.11500649,0.060586717,0.06033663
2216,-0.0783651,0.47101557,0.09140539,0.08109376
2217,0.04461774,-0.005064927,0.056857117,0.047313433
2218,-0.23518829,-0.17587581,0.19896385,0.14973158
2219,-0.23746154,-0.30887115,0.04731503,0.046455808
2220,0.4299735,0.013603613,0.047344137,0.03589951
2221,0.10269292,-0.12490316,0.09583527,0.090561785
2222,0.037575673,-0.3852558,0.03481225,0.034707002
2223,0.33698496,-0.33863768,0.050580543,0.044846464
2224,0.10659295,0.4306336,0.033693116,0.034828793
2225,0.31493884,-0.23276988,0.048201166,0.035452195
2226,0.14814734,-0.18068221,0.30708694,0.2898022
2227,0.19223583,-0.012430824,0.040140834,0.029549127
2228,-0.05063495,-0.032229453,0.042731702,0.03822907
2229,-0.3004344,-0.2401756,0.049886715,0.043234628
2230,-0.13497874,0.22642213,0.030929843,0.02590665
2231,0.011781778,-0.024239287,0.032341924,0.02612573
2232,0.06546785,0.006776117,0.07172771,0.058086526
2233,0.06861514,-0.01422026,0.07384036,0.059139706
2234,-0.1204894,-0.121692926,0.09699423,0.08442589
2235,-0.036339305,0.13799259,0.03137877,0.02431819
2236,0.23903081,0.44902393,0.1265873,0.12971465
2237,0.039859306,-0.08861382,0.09363305,0.079118386
2238,-0.4110558,-0.18669921,0.047424972,0.042023513
2239,-0.19223396,-0.74288225,0.037206884,0.04806832
2240,-0.532134,-0.5643271,0.09512424,0.0833798
2241,0.31602535,-0.039278463,0.08249067,0.062907465
2242,-0.011152923,-0.10603231,0.14142673,0.1135304
2243,0.25385946,0.0066816956,0.043223426,0.036175426
2244,0.6450286,-0.2690033,0.06428691,0.061644804
2245,-0.007060617,0.1371378,0.046112824,0.043691482
2246,-0.0018096585,-0.024779,0.03166431,0.025722569
2247,0.27759933,0.16102734,0.034503303,0.026576307
2248,-0.16141139,0.34745887,0.035938412,0.03635248
2249,0.074564815,-0.12627652,0.10390607,0.0890563
2250,-0.16044563,-0.4160531,0.031654265,0.02873426
2251,0.09618111,0.10398479,0.09527457,0.09781847
2252,0.0394695,-0.06176147,0.09417709,0.08284693
2253,0.07561718,-0.004342407,0.036922917,0.03217515
2254,0.13533427,-0.1556781,0.053915955,0.045971587
2255,-0.20321354,0.12292894,0.1015104,0.094014004
2256,-0.12941375,-0.57203317,0.03389572,0.0383486
2257,-0.14698067,0.061054457,0.10486124,0.07182069
2258,-0.054316662,0.13504797,0.030920945,0.025110595
2259,0.019014072,0.021150686,0.036098823,0.026436806
2260,-0.1440081,-0.008393906,0.06176,0.050431915
2261,-0.025665829,0.05485735,0.040487997,0.03001155
2262,0.073546275,0.1865207,0.030848935,0.02740113
2263,-0.0045661386,0.00088561326,0.09670143,0.0748168
2264,-0.024369378,0.086488895,0.03943927,0.029907674
2265,0.07071206,0.09294669,0.070830315,0.061595112
2266,0.3258903,0.64647627,0.042692635,0.047954146
2267,-0.29383776,0.40092823,0.041903354,0.03925369
2268,-0.18057466,0.2378732,0.05350405,0.0520275
2269,0.01728839,-0.0087109655,0.027883379,0.023273474
2270,0.23477918,-0.15481603,0.059769098,0.050573677
2271,-0.1550783,0.41517964,0.048975628,0.048518095
2272,0.5857452,-0.07770626,0.06555278,0.052360408
2273,0.10216795,-0.04350108,0.065682836,0.05264106
2274,0.08519539,0.45059067,0.12618189,0.13654627
2275,0.0005693361,-0.39990586,0.06598453,0.075327426
2276,0.025819812,0.0544161,0.058150303,0.048373885
2277,0.04306118,-0.21014142,0.15376166,0.13357817
2278,-0.1376781,-0.06830044,0.1533215,0.101215936
2279,-0.040697217,0.021950796,0.03942609,0.03333206
2280,0.39520112,-0.27654478,0.038761865,0.0322857
2281,-0.1408534,0.18846099,0.027342409,0.023438558
2282,0.069799095,0.22544011,0.11046641,0.11910048
2283,-0.13976431,-0.3008103,0.1502083,0.14129205
2284,-0.14183113,0.31082404,0.12888849,0.12771854
2285,-0.16429304,0.56746113,0.048641957,0.05024966
2286,0.18226798,-0.066794485,0.04382217,0.0335983
2287,0.19254558,-0.7652899,0.19004995,0.2285128
2288,0.08368848,0.12450334,0.038613804,0.030562442
2289,0.0265746,0.0026569888,0.06655073,0.06314385
2290,0.22161227,-0.10102281,0.04785417,0.04119535
2291,0.2584415,0.10038374,0.2567254,0.24842983
2292,0.24532601,-0.05337903,0.1342906,0.13337553
2293,0.095845416,0.07247588,0.038338616,0.03055398
2294,-0.21299316,-0.22855642,0.17902204,0.1731927
2295,-0.009502562,0.004183829,0.033547763,0.027707592
2296,-0.034849145,-0.0805219,0.12635985,0.1344096
2297,-0.16854727,0.21581589,0.028571201,0.024360733
2298,-0.20034647,0.031322673,0.082567714,0.06530888
2299,0.10775398,-0.075274214,0.08318494,0.072972484
2300,0.06664187,-0.11958127,0.06331679,0.053150292
2301,0.4847174,0.3942154,0.044478253,0.038379934
2302,0.0732277,0.008951768,0.052153576,0.04474708
2303,0.1676479,0.013098098,0.07928063,0.070936695
2304,0.018400185,-0.13885605,0.05517347,0.05575019
2305,0.051383767,0.15398495,0.09107188,0.07285695
2306,0.37796244,-0.66910625,0.12801757,0.14148101
2307,0.14781322,0.5768261,0.038503464,0.045270223
2308,0.15053253,0.032290332,0.031610373,0.02247176
2309,0.044337574,-0.028080419,0.09057712,0.07719951
2310,0.044949453,0.05303087,0.072023265,0.07691473
2311,0.088350326,0.21485609,0.034298167,0.030836597
2312,0.15572141,-0.22824982,0.039082795,0.032470156
2313,0.025260065,0.042606022,0.0778717,0.06660283
2314,-0.05080043,-0.06021823,0.08054362,0.070104025
2315,-0.059566,0.025371417,0.032863352,0.025344083
2316,0.010593265,0.00358738,0.023153178,0.019731287
2317,0.0329456,-0.16357818,0.06294512,0.05890422
2318,0.37047318,-0.29937539,0.04322046,0.037101563
2319,0.18540548,-0.3910609,0.095505714,0.0873684
2320,0.024229549,-0.13658684,0.07043776,0.06921159
2321,0.2717406,0.050794195,0.07882395,0.05497991
2322,0.000991933,-0.06917599,0.04758208,0.040525675
2323,0.2546341,0.38247573,0.05601897,0.05425992
2324,-0.11501305,-0.2634989,0.06575941,0.06789959
2325,-0.102813154,0.15624136,0.13880607,0.11611417
2326,0.019570507,0.08457168,0.043998666,0.037714638
2327,-0.12932892,0.5344305,0.10133893,0.10370722
2328,-0.035148684,0.016572088,0.07257542,0.057430986
2329,0.31413174,-0.073367104,0.032867044,0.024938647
2330,0.1281738,0.23988928,0.05560071,0.04487588
2331,-0.3438076,0.03557636,0.11810728,0.10109153
2332,0.046636973,-0.018137783,0.031899426,0.025882628
2333,-0.03575938,-0.1070319,0.032576766,0.027166761
2334,-0.023136575,0.06530421,0.030568013,0.024100889
2335,-0.052193318,0.042705346,0.09348411,0.08785091
2336,0.06629808,-0.0994198,0.026076678,0.021729993
2337,0.15670182,0.042329825,0.033708446,0.028248018
2338,0.06485817,-0.20547679,0.03821757,0.034247
2339,-0.08783837,0.006778419,0.035796028,0.0261685
2340,0.15604387,0.14300266,0.044928093,0.039862283
2341,0.08748105,0.02279161,0.027491102,0.022236247
2342,0.028133776,-0.086775795,0.03663025,0.03110172
2343,0.18349145,0.23774356,0.12678167,0.124619834
2344,0.24822935,0.025482588,0.07174945,0.061486416
2345,-0.036116004,0.011270903,0.045445964,0.038172927
2346,-0.15364839,-0.14563091,0.034152094,0.027869398
2347,0.55387294,-0.53901553,0.052862562,0.051260952
2348,-0.22657628,-0.3313469,0.035372898,0.034881026
2349,-0.10060778,0.039866414,0.047420077,0.040110685
2350,-0.06575636,0.49006855,0.1728217,0.1594134
2351,0.33334824,0.6489625,0.076931894,0.08724544
2352,-0.21346077,-0.28266037,0.035559174,0.031492088
2353,-0.43649238,-0.0010754466,0.21311437,0.17363483
2354,0.06034227,-0.06527598,0.049376246,0.049445894
2355,0.04735871,0.03819905,0.029185263,0.023984507
2356,0.01943317,0.08199769,0.07459887,0.065888464
2357,0.10641219,-0.09816751,0.038519636,0.030756196
2358,-0.77995086,-0.21835327,0.08104403,0.07271837
2359,0.013570279,-0.046760157,0.044483386,0.038163386
2360,0.10231505,0.002093114,0.06299649,0.060816154
2361,-0.25773078,-0.3058186,0.062838644,0.05521004
2362,0.13225934,0.7156699,0.062047753,0.06457942
2363,-0.21023291,0.022719286,0.045701098,0.03500559
2364,-0.01384254,-0.035351977,0.059028134,0.055068105
2365,-0.018342715,0.0024493039,0.03890647,0.030664029
2366,-0.421612,-0.3385231,0.074057914,0.067205854
2367,0.07295442,-0.012686089,0.04493493,0.033911992
2368,0.053878542,0.0017075315,0.1771944,0.19487467
2369,-0.1696457,0.19582975,0.04094101,0.031244509
2370,0.072378814,0.07981053,0.08304057,0.06952332
2371,-0.92999303,0.18948442,0.04540895,0.034898996
2372,0.16493578,0.013269454,0.075742476,0.047638968
2373,-0.055739034,-0.07190746,0.1366374,0.1370275
2374,-0.12809876,-0.08574863,0.08859176,0.06538134
2375,-0.47752163,0.22351131,0.064545,0.050886106
2376,-0.62573636,0.24926662,0.07089062,0.05929042
2377,0.0104328245,0.05381015,0.1439754,0.15121798
2378,-0.33955473,-0.5271133,0.033980068,0.038937774
2379,0.044039037,0.023837961,0.05676916,0.041412923
2380,-0.2122505,-0.2822112,0.1254328,0.103822194
2381,0.5117083,0.10358577,0.048988905,0.0434606
2382,0.14607084,0.70064116,0.055744246,0.06620279
2383,0.017916925,-0.025600046,0.038840417,0.034689218
2384,-0.04453834,0.024234995,0.048853245,0.039736215
2385,0.35627872,0.07446538,0.060724262,0.048158817
2386,0.028676156,0.028198406,0.024177581,0.018837996
2387,-0.016012691,0.0020915344,0.03155828,0.02548003
2388,-0.04421854,-0.031727448,0.07096024,0.059558176
2389,-0.10854171,-0.23513475,0.13081288,0.09533481
2390,-0.28205514,0.079387054,0.04702846,0.03389337
2391,0.6996436,0.38874206,0.052907683,0.048088294
2392,-0.057849623,-0.07060717,0.029294789,0.022832278
2393,0.11751832,0.015694596,0.11720974,0.115800895
2394,-0.4389016,-0.10478802,0.03555848,0.030744722
2395,0.1453517,0.11961443,0.0990432,0.08260034
2396,-0.07150464,-0.09971954,0.094544716,0.082901046
2397,-0.08059996,-0.015216701,0.07440745,0.056609374
2398,-0.18167119,-0.20823953,0.044682562,0.040062696
2399,0.69716465,-0.5737138,0.06589178,0.05282074
2400,-0.0053002536,-0.0671134,0.05597073,0.045032054
2401,-0.12952255,0.34704423,0.112626255,0.10487909
2402,-0.02032277,0.081013225,0.030302862,0.025628619
2403,0.066473395,0.13226411,0.037928265,0.033265404
2404,-0.07360752,-0.022567332,0.06441211,0.05123708
2405,0.7356026,0.14805746,0.049719762,0.041281372
2406,-0.017589398,0.00056396425,0.025359245,0.02138075
2407,-0.17095076,-0.2633365,0.1158381,0.10137967
2408,0.09816177,-0.18430272,0.040723808,0.036504716
2409,0.019344103,-0.006639503,0.03559035,0.028317297
2410,0.07295118,-0.15510538,0.10762899,0.1208871
2411,0.060322184,0.055274166,0.04724328,0.035708293
2412,-0.49034917,0.17351812,0.045708507,0.040226817
2413,-0.07255453,-0.114805624,0.060413457,0.052607786
2414,-0.31679878,-0.12112236,0.044240262,0.041666385
2415,-0.12031081,-0.13726622,0.052562997,0.042926416
2416,-0.6303113,0.04297563,0.15989526,0.13303876
2417,-0.6042038,0.5855895,0.095998704,0.10963306
2418,-0.116882026,0.077469684,0.21876656,0.20759036
2419,0.009145521,-0.1788064,0.17651786,0.14464426
2420,0.13577668,-0.20868257,0.028444102,0.025701057
2421,-0.06045176,-0.16438693,0.09465707,0.080555275
2422,-0.07979633,-0.08496356,0.086107776,0.065720215
2423,0.2555529,-0.13947804,0.1358672,0.12099142
2424,-0.1894714,-0.20955405,0.042580113,0.033930387
2425,0.24292743,-0.2435509,0.031874605,0.026773237
2426,-0.17958905,-0.041245565,0.10102088,0.07883889
2427,0.13726537,-0.1407228,0.07252064,0.051745564
2428,-0.012562405,-0.015198328,0.033888575,0.026479572
2429,-0.028131757,0.04235128,0.06934814,0.06964521
2430,0.4495434,-0.25646657,0.036902234,0.02964012
2431,0.019894347,0.09150107,0.109407485,0.08616664
2432,0.3129783,-0.35020417,0.049781915,0.04266897
2433,0.0032461323,0.08850388,0.03176444,0.025048729
2434,0.024501551,-0.06941497,0.02904354,0.023955919
2435,-0.05273213,0.1815089,0.029533476,0.029431175
2436,0.027422626,-0.12472007,0.057187155,0.055563163
2437,-0.5188052,-0.029663198,0.08419144,0.06405369
2438,0.34576157,0.1239965,0.035764858,0.03150592
2439,-0.09652591,-0.045438126,0.029834012,0.022819867
2440,0.039046694,0.10797615,0.07114278,0.053550318
2441,0.7088458,-0.15626514,0.048252847,0.04775739
2442,0.285587,-0.04806395,0.03684824,0.027682986
2443,-0.18149318,0.11607486,0.07230986,0.05747703
2444,0.076819316,-0.24388754,0.11045724,0.09528465
2445,-0.010997109,0.19449721,0.23071669,0.1734405
2446,0.01981442,-0.3296765,0.032510992,0.031122915
2447,0.033600952,0.037865456,0.03098058,0.026675588
2448,-0.0008435715,0.07445241,0.06675761,0.0633984
2449,-0.037055656,0.035452865,0.03356332,0.031035408
2450,-0.016553335,0.009346344,0.06414024,0.053621348
2451,0.120785415,0.416832,0.051014505,0.050285224
2452,-0.13319929,0.06124825,0.06663504,0.049311996
2453,-0.014745675,0.00034163147,0.049532022,0.040240552
2454,0.023535512,0.14655197,0.028886272,0.025765968
2455,-0.016333275,0.01450523,0.038708888,0.032050475
2456,-0.022219073,0.0049630105,0.03382508,0.028142711
2457,0.06427601,0.06711699,0.05406866,0.043614548
2458,0.16206878,-0.010011829,0.11015221,0.08829804
2459,0.030481793,-0.0775761,0.07294086,0.0728725
2460,-0.040147953,0.011878207,0.05396973,0.05051382
2461,-0.064319044,-0.009633511,0.104097195,0.082347736
2462,0.0032480918,0.19861433,0.038639154,0.036961418
2463,-0.8246207,0.2234899,0.042998143,0.045332212
2464,-0.30551198,-0.065161824,0.09984942,0.0860503
2465,0.13900577,0.28081453,0.039406955,0.035367258
2466,-0.047612704,0.0033909455,0.056187022,0.042706568
2467,0.283771,-0.33104432,0.040719572,0.037336227
2468,0.23951393,0.48432508,0.032129765,0.034037296
2469,0.01085287,-0.013984151,0.036884658,0.030669086
2470,0.08864924,0.16768345,0.04775064,0.052697398
2471,-0.06798114,0.11717637,0.2753765,0.25533253
2472,-0.05439407,0.13227022,0.035019234,0.030960647
2473,-0.016186101,-0.03322588,0.03779386,0.03341044
2474,0.024326827,-0.025696963,0.029649789,0.023966037
2475,0.029060997,-0.080157965,0.05821542,0.06570934
2476,0.48112914,0.18658903,0.17415147,0.15497167
2477,0.0115143955,0.17956251,0.06187274,0.05658076
2478,-0.07142216,-0.086248934,0.03896551,0.033397444
2479,0.024006084,-0.17570296,0.06638609,0.057301853
2480,0.5239604,-0.69020975,0.035642117,0.039548915
2481,0.18738195,-0.0024684444,0.10600807,0.07452605
2482,0.1953531,-0.081199855,0.027722448,0.022521414
2483,-0.08551258,-0.0713208,0.04858507,0.03835814
2484,0.7415095,-0.04172425,0.04252196,0.028750328
2485,0.009441793,-0.33689052,0.05367195,0.054686055
2486,0.1356273,-0.3883828,0.044072818,0.041918065
2487,-0.03403131,-0.056214496,0.07055784,0.05251509
2488,-0.1345281,0.11963201,0.08062423,0.06885356
2489,0.075159624,0.006519437,0.038981684,0.030644618
2490,0.071617916,-0.2037192,0.037777215,0.030702306
2491,0.22251341,0.62555957,0.046699602,0.04681168
2492,0.46636304,-0.18790457,0.061184004,0.049404215
2493,0.043669615,0.23407064,0.033402964,0.03159918
2494,-0.2559411,-0.109842196,0.06588508,0.059156153
2495,0.45058656,-0.72596276,0.049713414,0.04482666
2496,-0.52423936,-0.22833905,0.050813522,0.038495462
2497,-0.026234299,0.050917402,0.040673785,0.035593633
2498,0.047443647,-0.08005433,0.039628573,0.035614014
2499,-0.3374323,-0.039614946,0.08409281,0.07405539
2500,-0.0271439,-0.077041715,0.027704481,0.021531621
2501,0.04457475,0.16156837,0.0872514,0.07905329
2502,-0.013855588,-0.019734792,0.03843911,0.03253169
2503,0.047864903,-0.020883545,0.048823386,0.041058704
2504,0.14118494,-0.44207004,0.100952126,0.09578677
2505,-0.09364821,-0.037091568,0.17161447,0.14723483
2506,-0.2434943,0.37964818,0.056866683,0.057981398
2507,-0.11598967,0.4507978,0.10829601,0.11462242
2508,0.2307683,-0.025365345,0.14360096,0.09876727
2509,0.065818846,-0.05110611,0.03925807,0.033941712
2510,-0.44150907,-0.6429088,0.0639544,0.0818106
2511,0.0684558,-0.16536054,0.062095813,0.05397661
2512,0.008879174,-0.016860537,0.033761695,0.026951632
2513,-0.19130525,0.16785976,0.12725824,0.09198719
2514,0.18937303,-0.21618852,0.029709268,0.02534575
2515,-0.02054144,0.026233554,0.031630702,0.025747817
2516,0.020577516,-0.21842629,0.0853261,0.06808509
2517,-0.03926198,-0.06571393,0.04741906,0.04127533
2518,0.0007162355,-0.2383785,0.10887168,0.097102314
2519,0.019180693,-0.019866467,0.09416884,0.084420465
2520,0.47008643,-0.27334794,0.037509944,0.03701016
2521,-0.03374243,0.030394264,0.06762302,0.048941407
2522,-0.0022219215,-0.08265425,0.029475253,0.024072686
2523,-0.01658598,-0.0046943873,0.09672773,0.071859606
2524,-0.5586673,0.32733554,0.14111239,0.11105445
2525,0.70460856,-0.4607292,0.04190323,0.037790854
2526,0.51485336,-0.06783186,0.2546164,0.21496187
2527,0.0027815476,0.009002171,0.02443308,0.020863652
2528,0.16944097,0.09395151,0.12833282,0.121844985
2529,0.007658545,-0.008211821,0.025378542,0.019798351
2530,0.13919976,0.26150742,0.051548142,0.052533984
2531,0.38550335,-0.0045446754,0.2377386,0.16577734
2532,-0.013986034,0.014544673,0.04241948,0.03388365
2533,-0.039271086,0.16756997,0.06331969,0.050594587
2534,0.069540486,-0.042669356,0.1479702,0.12912984
2535,-0.5584151,-0.4018939,0.11983106,0.11759436
2536,0.13636757,0.11399948,0.036055245,0.028618878
2537,0.043785688,0.052955415,0.083216205,0.09354281
2538,-0.029543107,0.03301434,0.16580582,0.1526768
2539,0.82578915,0.008035734,0.04923088,0.040612534
2540,-0.00864514,-0.012896359,0.032766912,0.026326783
2541,0.03278142,-0.31207865,0.109724924,0.10417973
2542,-0.12903522,-0.029778868,0.12631552,0.11826571
2543,-0.1081523,-0.3165101,0.120863385,0.10750334
2544,-0.048260137,0.01133997,0.1710489,0.12370739
2545,0.24551931,0.16143833,0.20155647,0.16266868
2546,-0.11066882,-0.5078603,0.027866686,0.029294593
2547,-0.056519017,0.061805233,0.13832916,0.118885316
2548,0.491612,0.04183998,0.130207,0.09531059
2549,-0.07967323,-0.018620104,0.07310998,0.051355053
2550,0.13804981,-0.7940403,0.08553515,0.08223085
2551,-0.1584931,-0.030845135,0.08597694,0.07104646
2552,-0.24741155,0.10596415,0.08071013,0.06606443
2553,-0.08966197,-0.01140698,0.053958997,0.04794611
2554,0.020294692,0.015325397,0.05842583,0.046664555
2555,0.05007794,0.07810577,0.05641216,0.04939659
2556,0.009348113,0.016257003,0.021495314,0.017541928
2557,0.63468343,0.08054661,0.043729406,0.034351047
2558,0.0074257925,-0.008879408,0.052307792,0.047326952
2559,-0.0031446628,-0.016951658,0.03382819,0.02634163
2560,0.05523264,-0.1713933,0.033977654,0.02973021
2561,-0.017580103,-0.002194807,0.0680452,0.05636087
2562,-0.48801172,-0.062006757,0.16056126,0.1165937
2563,0.40663362,-0.05481331,0.069349244,0.048219953
2564,-0.124001354,-0.301013,0.105059795,0.09315937
2565,0.07680009,0.019424953,0.118515454,0.098941505
2566,0.1072804,-0.25399897,0.105557,0.11527333
2567,-0.0026595145,0.0010415986,0.036244847,0.028621474
2568,-0.4444181,-0.85661626,0.054029364,0.05842925
2569,-0.2872834,0.16290781,0.058903046,0.060087033
2570,-0.2045644,0.6203675,0.09096097,0.09860738
2571,-0.017039487,-0.1580135,0.25082707,0.19423555
2572,-0.062931,-0.05623862,0.06751104,0.06820837
2573,0.035762843,0.057495434,0.07457143,0.05967601
2574,-0.02142551,-0.055201814,0.029298028,0.025361095
2575,0.292341,0.12533693,0.039902035,0.033920083
2576,0.16542421,0.054343313,0.071807936,0.06345287
2577,-0.63357633,0.18517704,0.03792069,0.034243815
2578,-0.15584321,-0.26527733,0.049750954,0.04082541
2579,0.032572445,0.024110548,0.06319224,0.04817671
2580,-0.02790782,-0.07278916,0.046418548,0.03747226
2581,0.21454144,-0.46914682,0.08833807,0.07743339
2582,-0.18844725,-0.32536012,0.03838806,0.03548835
2583,0.038448665,-0.022546574,0.07890558,0.069262214
2584,-0.37593675,-0.36936355,0.034427635,0.03030065
2585,-0.005724538,0.011903152,0.028895535,0.023801096
2586,-0.054827757,-0.024401106,0.04289354,0.037130978
2587,0.075641185,-0.12177554,0.10903567,0.11665012
2588,-0.08665301,0.07685055,0.12888388,0.10291034
2589,0.62227434,-0.29463413,0.04965964,0.04595207
2590,-0.1255717,-0.13093153,0.04439375,0.034327228
2591,-0.17832413,0.31633312,0.06452488,0.059968892
2592,-0.03268925,0.0034332275,0.058157273,0.046878282
2593,-0.48968193,-0.4771029,0.07024753,0.06124527
2594,-0.030357763,-0.08203098,0.033289395,0.029294712
2595,0.19641276,-0.018782325,0.08037102,0.056723982
2596,0.66818357,-0.5411955,0.08979914,0.118163124
2597,-0.08170262,0.062844716,0.15115646,0.18340981
2598,-0.07789558,-0.04992856,0.027031261,0.021292794
2599,0.006183449,0.20534448,0.08894651,0.07931434
2600,-0.46508864,-0.18181813,0.04196714,0.035416417
2601,0.047548342,-0.00059859455,0.04512411,0.04022266
2602,0.023095626,0.023631647,0.030484531,0.02429284
2603,-0.10282497,0.10666868,0.049074374,0.03915425
2604,0.039930884,0.088462815,0.023799099,0.019750692
2605,-0.6964863,-0.4588599,0.13156506,0.1429135
2606,0.12517427,0.27267787,0.13696471,0.13544962
2607,-0.031695276,0.20047864,0.07611074,0.069311224
2608,0.4571334,-0.012261793,0.24663013,0.16583173
2609,0.19838017,-0.50489354,0.043977447,0.0431906
2610,-0.031439003,0.1072012,0.03386853,0.03106994
2611,0.021743096,-0.07322824,0.033167273,0.028389333
2612,0.41606537,0.29137063,0.06638743,0.067169376
2613,-0.09195905,0.016808897,0.08348348,0.07067724
2614,0.14236358,-0.077963054,0.11301934,0.08527153
2615,0.266609,-0.1949462,0.05576252,0.044268392
2616,0.006283533,0.0051336214,0.049049746,0.053452153
2617,0.3188489,0.207984,0.113161884,0.09967968
2618,0.07258695,-0.6044214,0.09456977,0.09312583
2619,-0.0921926,0.01967603,0.039035108,0.029924277
2620,0.15419747,-0.043447822,0.062002376,0.056355856
2621,0.60094815,0.4415095,0.06581322,0.057992816
2622,0.03605671,0.00063148886,0.027277099,0.0225577
2623,-0.0782045,-0.0019251257,0.04650981,0.037828688
2624,-0.46321905,0.1758756,0.091866165,0.07443256
2625,0.29346213,0.37448156,0.050549146,0.05256116
2626,-0.20131654,-0.01715383,0.3048896,0.22512542
2627,0.47760305,-0.46714213,0.040708005,0.033712797
2628,0.03350543,-0.018463083,0.051005322,0.042947832
2629,0.2533371,0.036626495,0.045855973,0.040742554
2630,-0.11996676,0.1791526,0.03314098,0.027559688
2631,-0.028341671,-0.23759007,0.22863074,0.18267313
2632,-0.031757634,-0.055104896,0.059568517,0.06256731
2633,0.18199152,-0.06621015,0.13020103,0.1116249
2634,0.00070637837,0.020778693,0.034398608,0.030363278
2635,-0.1723535,0.7909709,0.03590242,0.035789795
2636,0.0012249798,0.028349109,0.12801717,0.1108893
2637,-0.10992406,-0.29847908,0.05677129,0.05346867
2638,-0.0037879795,-0.016811103,0.053392626,0.041695613
2639,-0.055715054,-0.03633167,0.036020976,0.03102662
2640,-0.09111638,-0.05843757,0.05204336,0.04003212
2641,0.033082064,-0.29137453,0.032994162,0.032996774
2642,0.61249036,0.11744879,0.0435976,0.03979662
2643,-0.03654369,-0.15525901,0.031605873,0.028966086
2644,-0.083872214,0.0430167,0.03327578,0.028575025
2645,-0.0068131946,-0.16033986,0.058991943,0.058612853
2646,-0.29173785,-0.26430336,0.029585328,0.025276503
2647,-0.028820029,-0.053882673,0.0710181,0.05328726
2648,-0.070280164,0.6307943,0.09253127,0.096611165
2649,-0.16480193,-0.03420581,0.13731839,0.12445018
2650,-0.04954247,0.02986753,0.03441749,0.029382521
2651,-0.009468447,-0.17781696,0.042742435,0.040005427
2652,-0.036148,0.4827483,0.1827394,0.1467513
2653,0.028476141,0.22214,0.109514885,0.10650758
2654,0.37218192,0.35847294,0.08456199,0.08001431
2655,-0.20402709,0.3756943,0.037457813,0.0337963
2656,-0.12556207,0.007280901,0.0560671,0.04331937
2657,-0.81639206,0.16167799,0.06564712,0.0475061
2658,0.19372083,0.031179696,0.16081324,0.14034873
2659,0.16440657,0.16209343,0.066671304,0.055683814
2660,0.055811968,-0.22400999,0.06541399,0.06898675
2661,0.0065591484,-0.124502614,0.09239909,0.08802671
2662,0.6075428,0.18568248,0.18859684,0.16457585
2663,0.07230675,-0.36489755,0.058065716,0.059350148
2664,-0.10314691,0.08360573,0.040996164,0.031912114
2665,-0.027842853,-0.035720557,0.033241883,0.026993249
2666,-0.35353562,0.4998992,0.07463538,0.09569029
2667,-0.1273461,-0.18537429,0.051501602,0.044473067
2668,-0.06571497,0.08437563,0.081109114,0.071233384
2669,0.56057125,0.5485017,0.16670072,0.14319964
2670,0.16648175,0.1688193,0.036347497,0.033039246
2671,0.1094743,-0.21440655,0.25862375,0.23223345
2672,0.038546477,-0.10734917,0.029326046,0.025736455
2673,-0.20056526,0.020335443,0.047892466,0.03339407
2674,0.4624309,-0.5019771,0.07968625,0.06328292
2675,-0.00994787,0.0795058,0.063189216,0.052184932
2676,0.20006417,-0.14679638,0.07880015,0.061882664
2677,-0.12173717,-0.087938115,0.0911509,0.07918052
2678,-0.13892287,-0.03988792,0.03909472,0.028112527
2679,-0.1968965,-0.0076202154,0.10841732,0.078938335
2680,-0.0016293041,-0.030204251,0.041486572,0.031689543
2681,0.062412087,0.29640234,0.04861959,0.041923475
2682,0.04958046,0.023713402,0.09130879,0.080493055
2683,-0.13187595,0.06261493,0.04736153,0.037042603
2684,-0.1276331,0.25630295,0.05759857,0.051607054
2685,-0.12220219,-0.032298952,0.13637157,0.10720102
2686,-0.48831713,0.022709548,0.048976082,0.038270492
2687,-0.109778374,0.10914363,0.03471392,0.0340496
2688,-0.05970872,-0.07248975,0.054661967,0.043050047
2689,-0.5223376,0.18577915,0.035632458,0.02550914
2690,-0.017982192,0.032923993,0.06643339,0.05389882
2691,0.34554607,0.012939952,0.087138005,0.07142332
2692,0.050355565,0.053704113,0.024428548,0.022685641
2693,0.0077703334,-0.09267995,0.043343756,0.03776473
2694,0.0731087,-0.16974294,0.09237628,0.08719345
2695,-0.056802385,-0.06748924,0.026585951,0.02257407
2696,-0.25794291,0.31325203,0.112200014,0.08179002
2697,0.050670933,-0.16778108,0.16412745,0.14142422
2698,0.14251524,0.17913899,0.042885542,0.036071636
2699,0.908324,-0.2004765,0.056716554,0.046805765
2700,0.13221638,0.08065449,0.034272134,0.029416734
2701,0.051720437,0.5958836,0.10391833,0.07959913
2702,0.023122054,-0.17960754,0.046764676,0.043034505
2703,-0.07457644,0.07854772,0.113055415,0.10244893
2704,0.10917805,-0.20377135,0.05233879,0.04732842
2705,0.37926933,-0.6397282,0.047909174,0.052829377
2706,0.3959165,0.411464,0.04622643,0.04376934
2707,0.18278919,-0.12943256,0.036411647,0.029603986
2708,-0.012420142,-0.08338338,0.045279752,0.044273343
2709,-0.066970006,-0.044870064,0.06653489,0.059779786
2710,-0.450563,0.18323973,0.03129004,0.026515136
2711,-0.39478773,0.16406256,0.18698855,0.18284285
2712,-0.10316788,-0.05376686,0.03721274,0.02760337
2713,0.019524459,0.08202154,0.10131791,0.09206559
2714,0.051042672,-0.10471997,0.03917359,0.03223532
2715,0.05766378,-0.6452161,0.040433854,0.042799987
2716,-0.010213992,0.018346347,0.0425696,0.043619804
2717,0.019102398,-0.03272903,0.11090097,0.10595477
2718,-0.116965905,0.012085207,0.05278409,0.0398371
2719,-0.19878076,-0.6073992,0.23507276,0.3086747
2720,-0.0050057136,-0.47405097,0.15981387,0.1859205
2721,-0.045968775,-0.16520074,0.051243532,0.050779276
2722,-0.19224152,-0.60828114,0.037635665,0.040416595
2723,-0.004611021,-0.26958355,0.075222805,0.07393438
2724,0.06122503,0.06701,0.02822428,0.02540582
2725,0.36269122,-0.39109525,0.34729937,0.27657935
2726,0.035666298,0.03711415,0.04023016,0.0365362
2727,-0.07928802,0.21103378,0.042149555,0.039288357
2728,-0.06897779,0.56330943,0.07412843,0.07801166
2729,-0.10268462,-0.1294593,0.10356037,0.11083574
2730,0.14815025,-0.42336527,0.07595816,0.08227969
2731,-0.09240365,-0.06809975,0.051896915,0.03747457
2732,-0.056083776,0.034872595,0.10045779,0.0756
2733,0.00019080192,-0.028639302,0.06895867,0.054376174
2734,0.04450928,0.019727126,0.08239801,0.074565314
2735,-0.07781342,0.057647746,0.11826012,0.09117659
2736,0.113714665,0.59552395,0.043513596,0.0381457
2737,-0.6010688,0.030135863,0.0684172,0.04902249
2738,0.013491336,0.07576504,0.043537453,0.03704068
2739,0.5576792,0.41136014,0.044023078,0.034317832
2740,-0.14678021,0.4605627,0.099682726,0.102546796
2741,0.17101158,-0.7523986,0.066008195,0.06958418
2742,0.3385441,0.15919335,0.038731936,0.02971114
2743,0.04703858,-0.11300203,0.10612773,0.0905414
2744,0.08998819,0.38433096,0.07415886,0.08707331
2745,-0.016582228,0.101609126,0.029557202,0.025710665
2746,-0.047014628,0.15757689,0.083814956,0.07373526
2747,0.8035931,-0.021223404,0.044834744,0.0438779
2748,0.004380904,0.28455412,0.05755918,0.048408534
2749,-0.038264908,-0.055984885,0.13015151,0.10684938
2750,-0.34347692,0.15155977,0.04207859,0.032242592
2751,0.27821285,0.33837482,0.08405444,0.09383051
2752,0.42094624,-0.06605823,0.23875485,0.13568719
2753,0.087195545,-0.26136458,0.33884242,0.36194515
2754,-0.446928,-0.4382498,0.03740614,0.030388776
2755,-0.14122571,-0.2663515,0.04302898,0.042363323
2756,-0.10681231,-0.18346676,0.097956024,0.107567
2757,0.41774204,0.6445459,0.068791084,0.079731084
2758,0.295575,0.36677068,0.07826807,0.08212929
2759,0.023345675,-0.00460846,0.026202453,0.022393312
2760,-0.0011142809,-0.029579453,0.038782623,0.033450373
2761,-0.3364468,-0.687575,0.048386432,0.04702959
2762,0.55785507,0.36654875,0.05220246,0.046781357
2763,-0.085129544,-0.33776498,0.10789937,0.10602819
2764,-0.006952498,-0.1413238,0.14305587,0.13451523
2765,-0.016684676,-0.0015479699,0.026930658,0.021172993
2766,0.008531213,-0.13309114,0.05241357,0.040891435
2767,0.025024641,-0.038880795,0.052683562,0.04358066
2768,-0.15108125,0.072450496,0.038706247,0.031481758
2769,-0.077349156,0.22597715,0.09452171,0.06940669
2770,-0.036184497,0.01918991,0.087142035,0.08418937
2771,-0.12743726,0.21843809,0.069131665,0.06751653
2772,-0.035932105,-0.039292455,0.07057329,0.058898836
2773,0.018208317,-0.007595673,0.03288608,0.029259384
2774,-0.17798567,0.20854253,0.111568674,0.102224514
2775,0.013512835,0.037060633,0.0753734,0.06756728
2776,0.37290564,0.5525668,0.069272056,0.07342035
2777,-0.0056912005,0.010315254,0.06481732,0.044215757
2778,-0.1453542,0.13034564,0.025407596,0.021323878
2779,0.08838001,-0.07219802,0.092519954,0.077110134
2780,0.24184486,0.05498896,0.0848747,0.07203631
2781,-0.086218834,0.4108821,0.04417707,0.042494763
2782,-0.1863249,0.44398034,0.049175493,0.04559127
2783,-0.1564596,-0.02020365,0.09485018,0.08073668
2784,-0.15105203,0.0321528,0.13848674,0.1452615
2785,-0.06307552,-0.19071746,0.13473338,0.13354157
2786,0.23369595,0.14555672,0.029317247,0.026256453
2787,-0.008075463,0.012185603,0.025507655,0.020139137
2788,0.38006023,-0.12345901,0.060470577,0.040995758
2789,0.001708258,-0.05982916,0.025417358,0.02098954
2790,-0.029128263,0.028149053,0.2794139,0.21554592
2791,-0.2730149,0.22503133,0.08557641,0.07271991
2792,0.051378626,0.016313381,0.1258751,0.108927675
2793,-0.6800391,0.74635756,0.061655205,0.06899457
2794,-0.13920523,-0.013000414,0.16980454,0.15015866
2795,0.01666272,-0.014291994,0.023534587,0.019604102
2796,0.0036051907,-0.19005224,0.06655921,0.06474188
2797,-0.29015484,-0.10773617,0.061280888,0.050614983
2798,0.12215716,-0.23398045,0.12554929,0.09681277
2799,-0.12715699,0.14998782,0.10286632,0.08324506
2800,-0.09975538,-0.03219238,0.031455245,0.024653533
2801,-0.023867475,-0.39946762,0.041819666,0.04004409
2802,-0.04769644,0.16790478,0.050078586,0.04982718
2803,0.5695406,-0.53834987,0.08817075,0.06838684
2804,0.60714585,0.123572916,0.03754347,0.028208124
2805,-0.024065645,-0.14519157,0.18667923,0.18593176
2806,-0.046567105,0.19210073,0.031598825,0.026017997
2807,-0.1776694,-0.18333152,0.10818271,0.08152195
2808,-0.119694814,0.01453004,0.046984214,0.03824234
2809,0.6606328,-0.23110804,0.052911192,0.041333556
2810,0.050544385,-0.081163496,0.051875185,0.041034326
2811,0.052356374,0.26744324,0.04048766,0.032125745
2812,0.15196171,-0.14107019,0.1057461,0.08519944
2813,0.05169754,0.21318865,0.027428007,0.024637802
2814,0.14379695,-0.6126059,0.034873605,0.03671379
2815,-0.42087555,0.48961884,0.05830888,0.050989795
2816,-0.08157264,0.034945175,0.09747124,0.081624605
2817,-0.2659999,-0.7289258,0.051094364,0.053957336
2818,-0.009593815,-0.08376767,0.05885741,0.048144475
2819,-0.10178034,-0.019829482,0.03450664,0.026010502
2820,-0.026148006,-0.08509323,0.046632934,0.04229332
2821,-0.017959036,0.24646881,0.027829235,0.025548395
2822,0.055442262,0.07769037,0.09351883,0.07345829
2823,0.11929931,0.06058409,0.057783894,0.043274395
2824,-0.019847602,-0.10255967,0.16556229,0.15655349
2825,-0.10834308,0.005921051,0.0442739,0.033080243
2826,0.06659244,-0.37788987,0.05922286,0.066365555
2827,-0.07315182,-0.04946521,0.13374877,0.11060119
2828,0.013575327,-0.09127039,0.06250285,0.052857142
2829,0.1652185,0.014285415,0.15725505,0.11506828
2830,0.011047948,-0.25944573,0.039076492,0.038615942
2831,-0.45120126,-0.0818402,0.0889849,0.063752435
2832,-0.047738522,0.034893136,0.18500169,0.14062029
2833,0.031727996,-0.04925224,0.028003246,0.023391172
2834,0.159534,0.10266269,0.20030265,0.15508707
2835,0.4360934,-0.30299348,0.047471467,0.04335985
2836,0.015481755,-0.0032998323,0.05842628,0.048241396
2837,-0.32225412,0.40202886,0.10354477,0.10285993
2838,0.015584875,0.14101274,0.070408754,0.060225103
2839,0.7844476,0.085056916,0.045908228,0.03514211
2840,0.016969517,0.05633864,0.05154724,0.05029302
2841,-0.53849506,-0.11922969,0.07049242,0.052417926
2842,0.14957778,0.37452945,0.039752763,0.04197436
2843,-0.28459072,-0.45406112,0.05042413,0.05023363
2844,-0.08533266,-0.120182544,0.06314042,0.054459732
2845,-0.101970345,0.0009878278,0.08348799,0.063533306
2846,0.08312261,-0.10206799,0.02583403,0.02124355
2847,-0.6127867,0.14869964,0.14637263,0.1400034
2848,0.01577469,0.011194177,0.026373845,0.022020886
2849,0.06880766,-0.54538214,0.040713046,0.041966844
2850,0.25117674,0.6722026,0.07211144,0.09429481
2851,0.094133854,-0.11266762,0.1416162,0.14138913
2852,0.1552281,-0.379642,0.11306809,0.100694604
2853,-0.026272312,0.09853075,0.041746035,0.03602297
2854,-0.19446845,-0.66283,0.040004205,0.048988804
2855,0.11043453,-0.014185406,0.044210713,0.037048537
2856,0.022558473,0.015301168,0.044991113,0.03571865
2857,0.10106996,-0.058048055,0.0823833,0.06467805
2858,0.0049349554,-0.0046005696,0.02676482,0.021271063
2859,-0.20185901,-0.08724329,0.35016075,0.30303967
2860,0.01582355,-0.00790678,0.086242296,0.06810399
2861,0.3656982,0.23895027,0.08197032,0.06553759
2862,-0.015969029,0.6088128,0.09206831,0.079966746
2863,-0.012687456,0.024269171,0.028052745,0.024385909
2864,-0.06968194,-0.13370131,0.17034505,0.22670119
2865,0.0013325177,-0.11624113,0.05852286,0.05321222
2866,-0.091436006,0.009739809,0.030731028,0.023441058
2867,0.048842553,-0.09050599,0.041266285,0.03405696
2868,-0.2621511,0.26922324,0.12556012,0.10528058
2869,0.040052626,-0.0704599,0.10792023,0.09000336
2870,0.050679583,-0.08167447,0.077066876,0.07560652
2871,-0.06135551,0.13846424,0.025824621,0.021965101
2872,0.010644536,0.0245305,0.049574338,0.043981653
2873,-0.031852406,0.10796958,0.038001258,0.03162126
2874,-0.013998341,-0.034662694,0.038985003,0.03493119
2875,0.50112754,-0.38936666,0.039815433,0.032580346
2876,-0.075446494,-0.009245336,0.03983296,0.034357645
2877,-0.027380636,-0.0666336,0.039491184,0.032375474
2878,0.030173734,-0.017724477,0.051923517,0.046567686
2879,0.2846958,0.6655474,0.064000696,0.06676546
2880,-0.09161344,-0.12281187,0.07821097,0.06599961
2881,0.6572868,0.40077478,0.09506832,0.09129919
2882,-0.0035695955,0.0013464168,0.056443714,0.057773072
2883,-0.46604058,-0.26297665,0.047241688,0.039478127
2884,0.017030306,-0.5905919,0.06942276,0.0642651
2885,-0.039915852,-0.024742372,0.039842695,0.029997298
2886,-0.20588294,0.35443595,0.12896793,0.12608056
2887,0.16896202,-0.430617,0.18210657,0.19956154
2888,0.12618706,-0.025181897,0.044034146,0.037010953
2889,0.34705004,-0.104814485,0.040156987,0.033389244
2890,0.09690495,0.11982682,0.024879001,0.021886641
2891,0.07393457,0.10499978,0.31236908,0.37385795
2892,-0.432995,0.09676741,0.041328043,0.03413064
2893,0.18299669,-0.23576641,0.02686335,0.022436615
2894,0.17514141,0.018025488,0.11320882,0.09117158
2895,-0.04437264,-0.0048535466,0.04029966,0.03144816
2896,-0.0506492,0.00032808632,0.042369545,0.032657996
2897,-0.15106666,0.12695825,0.06703245,0.05706041
2898,0.21252725,0.12746939,0.07683608,0.052683175
2899,-0.11009687,0.30193892,0.108433016,0.107942216
2900,-0.57375276,-0.4245592,0.054812074,0.04724714
2901,-0.024458729,0.017213605,0.04820571,0.04191538
2902,-0.0050155763,0.08260539,0.08702283,0.08264786
2903,0.054921713,-0.14492078,0.049129423,0.04279024
2904,0.06882681,0.043589503,0.06808295,0.050975714
2905,-0.026965883,-0.15455663,0.042587195,0.03566571
2906,0.02296554,-0.017665908,0.02283921,0.019013336
2907,-0.017143184,0.007540159,0.024128241,0.01971669
2908,0.07228668,-0.05098623,0.08251108,0.07207771
2909,-0.28080386,-0.7120416,0.04088665,0.04382907
2910,-0.017522465,-0.05589159,0.04502189,0.04295382
2911,-0.2988793,-0.17613381,0.050461195,0.046892148
2912,-0.48419997,-0.14485021,0.05912746,0.05369868
2913,-0.018366471,-0.124253586,0.04282936,0.038186274
2914,-0.41640666,-0.23807627,0.036872253,0.036822703
2915,-0.65977997,0.11666043,0.051018924,0.038449496
2916,0.03297474,0.037871182,0.037769407,0.028955303
2917,-0.012441836,-0.0153117925,0.041750383,0.032020018
2918,0.124201745,-0.53090703,0.07364668,0.086789355
2919,-0.67706776,-0.21344239,0.05640056,0.043983195
2920,0.032596994,0.012227789,0.045708966,0.041270908
2921,-0.012201926,-0.020253628,0.027704827,0.021093398
2922,0.2969138,-0.6254605,0.049455553,0.046443693
2923,0.05232973,0.27549487,0.061832394,0.07511984
2924,-0.10205616,-0.7827854,0.04289354,0.055114098
2925,0.030749377,0.04405837,0.105955966,0.07819579
2926,-0.09601872,0.01734376,0.051212724,0.04292233
2927,0.050875086,-0.019505799,0.13648266,0.12739515
2928,-0.68487066,0.16596243,0.05793196,0.053440403
2929,-0.039094284,-0.4739218,0.12407862,0.15002528
2930,-0.27517116,-0.15529579,0.02953116,0.026076358
2931,-0.021568198,0.033946577,0.08412996,0.062242094
2932,0.13128458,0.07925001,0.11758172,0.119454615
2933,-0.07896234,0.018058367,0.072644256,0.055508576
2934,-0.017314598,0.06610368,0.054881584,0.048802543
2935,-0.0034467354,0.012376584,0.032323916,0.027154785
2936,-0.14061643,-0.18882546,0.03140395,0.027135273
2937,0.0651779,0.10214541,0.07943996,0.06591939
2938,-0.04572763,-0.005247675,0.033488385,0.030134056
2939,-0.039650884,-0.040764853,0.032723993,0.025909696
2940,-0.0044163913,-0.014893286,0.035543185,0.030422034
2941,-0.091052085,-0.05531016,0.07745718,0.07041
2942,0.24021274,-0.7272198,0.054031055,0.055053715
2943,-0.41939768,0.40333915,0.061687373,0.05137789
2944,0.03792068,-0.032664478,0.08291461,0.08167679
2945,0.084335566,-0.20025617,0.042806976,0.035438396
2946,0.03585017,0.26560658,0.059899237,0.051831447
2947,0.01303792,-0.051955923,0.055937592,0.044734485
2948,-0.30984434,0.58031964,0.041234247,0.043380942
2949,-0.10619782,-0.25092462,0.027189631,0.025799377
2950,-0.16011316,-0.19576064,0.13337108,0.111006804
2951,-0.30992213,0.13529383,0.038239256,0.03514859
2952,0.3630308,-0.2317858,0.052643634,0.03928249
2953,-0.45255604,0.25624537,0.050584167,0.041633096
2954,0.20094581,0.39724946,0.043432217,0.03698686
2955,-0.100848615,-0.5609617,0.0675868,0.06809896
2956,0.61474454,0.007927299,0.10512914,0.08417076
2957,-0.7983181,0.035359073,0.041395526,0.038395826
2958,0.16875584,-0.32467568,0.054188255,0.048898924
2959,0.0846677,0.04284046,0.04464061,0.035948776
2960,0.033222403,-0.021114863,0.061486844,0.053385988
2961,0.0041013695,0.006340705,0.053888056,0.0434721
2962,-0.014426071,0.042207375,0.036368426,0.03124105
2963,0.24660802,-0.008311734,0.12076935,0.09916136
2964,-0.032397576,0.17879245,0.07884203,0.07621136
2965,-0.032634236,-0.017599791,0.038057264,0.033274926
2966,-0.009827372,0.04873212,0.16847149,0.14978014
2967,0.01607328,-0.1216238,0.07770284,0.053558614
2968,-0.06304644,0.011045374,0.09244127,0.084131934
2969,-0.0422237,0.06353901,0.07602722,0.06015528
2970,0.12827474,0.038516752,0.029183298,0.021724345
2971,0.1813186,-0.66071486,0.077706486,0.06766982
2972,0.03315668,-0.11994141,0.044629548,0.04176373
2973,-0.16359529,-0.5312141,0.044015773,0.052933697
2974,0.06696674,-0.05212842,0.20181505,0.18301255
2975,0.24463806,-0.24137014,0.034749266,0.029600013
2976,0.18131334,-0.022345118,0.025375985,0.020006362
2977,0.15502541,0.38978928,0.07526504,0.08501438
2978,-0.09325516,-0.17022648,0.10828531,0.09544477
2979,-0.0007150695,-0.20168558,0.033409994,0.027864197
2980,0.58896655,-0.027464643,0.0555971,0.04147914
2981,0.00042557344,-0.29379275,0.04045984,0.03463483
2982,0.4785066,-0.5004313,0.09394867,0.080341384
2983,-0.0681815,-0.06935635,0.048428454,0.037804604
2984,-0.06560041,-0.028119728,0.079399005,0.068717405
2985,-0.032093193,0.21546838,0.30758944,0.35939917
2986,-0.15051971,-0.6359532,0.048672613,0.05474859
2987,0.009006888,0.013855316,0.044098593,0.035529364
2988,-0.062216487,0.15003741,0.031343415,0.02638159
2989,-0.32150474,0.283347,0.054289766,0.04371896
2990,-0.021672664,-0.009208314,0.031283453,0.026744181
2991,0.09815568,-0.12938547,0.092128426,0.07679062
2992,-0.03651756,0.0021395758,0.071158774,0.06554676
2993,-0.77199835,-0.25151613,0.077731185,0.06362218
2994,-0.016443862,-0.16035306,0.033647697,0.030791713
2995,0.077131495,-0.024456367,0.09016588,0.08685289
2996,-0.49849492,0.67980754,0.059519205,0.058480643
2997,0.07266916,-0.11242777,0.041270394,0.03978984
2998,-0.3447484,-0.68595064,0.058349706,0.06031657
2999,0.031040061,-0.007500991,0.031015255,0.026987832
