,e1_out_mean,e2_out_mean,e1_out_std,e2_out_std,z_out_mean,z_out_std
0,0.21109226288465352,-0.6715783479396767,0.035711473288568996,0.03389134114499483,0.5393654556797401,0.044371463127801894
1,-0.046762149055922506,0.015932955759686236,0.11500789959488328,0.10404329618199482,1.2783141994959326,0.1398853127995113
2,-0.3455836510516525,0.2888783872270968,0.22365992703819892,0.18557925074221251,1.0569789597943096,0.04197834553861086
3,-0.21505061295623454,0.4100925781972876,0.08042877998500723,0.08501772000282488,0.8214044720391381,0.05866335824829646
4,-0.1043799764716127,-0.046221091182301804,0.06851916796299587,0.04751548221503869,0.8752755050080161,0.040659723091277404
5,-0.0013833935663466444,-0.3847837367465434,0.15877455923334283,0.22307593638162065,0.6793712846257777,0.05857168101847869
6,-0.05353162400763099,-0.017976272433233215,0.05750669943578367,0.04600836189271742,0.5992182876207832,0.05201401191815237
7,0.1589713529021343,0.04690940944395806,0.07424973115009298,0.049875795573256984,0.432841354520812,0.07674427244273384
8,0.0011952117653013853,-0.0810163998563582,0.1105139529241225,0.10399617781627053,1.5970869079102175,0.2343436362448943
9,0.22339945934644337,0.2404996887276329,0.07246588494352361,0.06209490416413365,0.9124531306198417,0.04706420348153974
10,-0.4174372281860168,-0.6760929468624927,0.035501657612459506,0.03554192640288774,0.43017618067551344,0.06653602798766488
11,0.06959162246154198,-0.07353715975969503,0.059946491497205,0.05668563555345146,0.360356915228103,0.09623640927089655
12,0.11484401662983587,-0.2618250814271563,0.1184479860967915,0.1320895899801605,0.7723009511361589,0.05224975747034871
13,-0.2787129977886211,-0.052411019933466724,0.19954307713626457,0.16389781091422764,0.580009507768457,0.054617611282532987
14,-0.010752141535484564,-0.23662612002119215,0.023923160083935625,0.022165168837764315,0.3955608815791482,0.04019870511926166
15,-0.005312923557634593,-0.03150748738684057,0.08043426715425253,0.06887992935099062,1.41928073381782,0.13025359442032142
16,-0.15056647802304252,-0.03282738654928857,0.18249804743740008,0.1708648298953034,0.37395371888010265,0.0725190928085656
17,-0.0876734782447439,0.17635814664982408,0.07860545370483212,0.10631159942900874,0.4197751292910236,0.14735187544330156
18,0.17125022186829628,-0.15244760194703183,0.19169569997653965,0.17247263602649815,0.3825223628268217,0.17400433602280288
19,0.6416659101902893,0.1960415242580805,0.165063491392754,0.15015036487235345,0.5567868634668799,0.07939149140865825
20,0.12616675147732237,-0.14454836161889215,0.04405697555704633,0.02679190295784467,0.8697201984532652,0.04699653028388795
21,-0.12739758781031768,-0.27904784864298027,0.11874161362382987,0.14695355736862964,0.48927750280809595,0.0645640235799056
22,0.0020086763465963003,-0.06216079142614743,0.10437340732276428,0.10535464532775822,1.4438665400334099,0.1594683497850248
23,0.08990384700218039,0.21679804832656108,0.1726063685594166,0.19558238966015895,0.39964942001228115,0.07971287617428872
24,-0.005948639611877773,-0.00833248844651989,0.04654830255570043,0.0458373698569078,0.3650355549423891,0.07579070897239089
25,0.017733280281306378,-0.0028618566950925715,0.03749870704677894,0.02961510489760566,0.7007689248873183,0.03622408718562244
26,0.08990384700218039,0.21679804832656108,0.1726063685594166,0.19558238966015895,0.39964942001228115,0.07971287617428872
27,-0.1782686834925137,-0.006948405154374036,0.10227387275331416,0.05973137403307766,1.0840404244125017,0.0653994302957056
28,-0.024589098359828847,-0.14088570709274048,0.1212258585341076,0.10751021728562936,1.4117751828135012,0.09846149249992367
29,-0.008951172291719411,0.006332399948974875,0.08381176770594377,0.08680325983673874,0.9347255201226928,0.04297745240095289
30,-0.10713970195301237,0.32804918403533373,0.1740125186823371,0.2014175910267311,1.6170135639669283,0.411226427900118
31,0.008967322271350432,-0.07738431377934916,0.07041674544633304,0.07169154931766374,0.6286451900080567,0.04606902331153568
32,0.02619211765540727,-0.3096225968614133,0.07703468623505212,0.09512113914499772,0.5706088296906425,0.04553468891443118
33,-0.21452068073879807,-0.08645005684559255,0.09491487184486488,0.08261630937861296,0.7985136411478425,0.04557653341982656
34,0.09099174052043693,0.015040017344365662,0.10110451468026255,0.09749050245854424,1.1507380486086574,0.047713315263816565
35,-0.2244146562571604,-0.12116152124581547,0.14013677238943606,0.10940583335860178,1.1624618821617185,0.0429394804790431
36,-0.23512785266347105,0.3492609587987439,0.050967642374189964,0.05072387776900304,0.7839109049918697,0.04442775711749141
37,0.035896138645535404,0.42816574312517663,0.08366646441480173,0.09414695430813017,0.5702050859946974,0.052991890555234476
38,0.5170953911672379,-0.08115126241439159,0.07153024858216572,0.04629711201186725,0.967843535450345,0.05309973231560969
39,0.19620799872370032,0.039993740674505,0.06200333857238147,0.04158970123757777,0.4660827774781873,0.06535277652487508
40,0.07736085169128737,-0.4967209818707106,0.08871982048635313,0.12382559253993675,0.376317820912485,0.0914375936312105
41,-0.025755785756391876,-0.10188837456879465,0.045799833304305364,0.04566243620353787,0.38023504175168654,0.07045058200548547
42,0.03593863063227186,0.1868821450929741,0.19073434546101017,0.20228632263696136,0.5771029943705163,0.07192875057689739
43,-0.1399166835265351,0.12106277784942855,0.08313575436742994,0.0863213574002354,0.39480907008442856,0.06969060173408571
44,0.1273333623415717,-0.007302092691063784,0.17149436154215392,0.1465592212444305,1.4226698498783799,0.3210162978662284
45,-0.2035748745451166,0.21759791570155423,0.18367097733376825,0.19475337121120118,1.3527833463287617,0.28172749839430056
46,-0.16621147986887416,-0.0786060895305624,0.031239840728376135,0.027503214293085946,0.11954493459382659,0.09159537334751698
47,0.056615455537347564,-0.1746543633990354,0.04071869559843052,0.03372247893303089,0.5750515848977812,0.05115564337158426
48,0.007992551052643345,-0.2228208072480444,0.1846662468987684,0.20710212623209187,0.6263303751292587,0.052992496207340575
49,0.07101433946259501,-0.4444571777281787,0.036727709431023034,0.04668090903431087,0.32932537492321046,0.08036151061884571
50,-0.1587678235123492,-0.10301170069546453,0.06552290622038293,0.06159925231544624,0.5718320537640262,0.06623125953414559
51,-0.017929017586217382,-0.009436101721455765,0.04725309292494136,0.0356797700905387,0.8493000501381814,0.049450679350176475
52,-0.10042293550348862,-0.166664746337371,0.0882745889814877,0.11639983180656865,0.8505793326503837,0.04119514838465687
53,0.11934770354365143,-0.12525815619378636,0.09137842093245263,0.06117798284945661,1.3070522642866593,0.07756131376076797
54,-0.08862328479097104,-0.2746661406718882,0.09718008072198278,0.10299618083661505,0.7551301745236664,0.049273549605228915
55,-0.10695305786057253,-0.49928236355756583,0.0405720855078897,0.03669657407417679,0.6386010507856061,0.04599879448103835
56,0.11920705352333723,0.08531904350784204,0.10260109347116908,0.10731436170766528,0.33304161145730543,0.1023555086783629
57,-0.009178220246357713,-0.01852891532560931,0.048440362577490355,0.04740643931952776,0.6400664613904037,0.0387583559358281
58,-0.05293351672344407,0.043104384496571155,0.10154411353675673,0.08244542308203755,0.9331429060533524,0.07613682851652959
59,-0.061869417448149874,-0.026516658535593207,0.060264073053780606,0.042409470244403606,0.8981793441346094,0.03882184962051646
60,-0.35543285353931486,-0.39083334410555104,0.08749932363801353,0.07760884938954112,0.6716699767347017,0.06631258588427508
61,0.2012525794895016,0.15905398523333986,0.179316826965382,0.1273225231531927,0.4245602544518888,0.10151391073282279
62,0.027052977036298376,0.23896411024834852,0.07885347942494621,0.08189744088296111,1.2272057623996517,0.10132697884624119
63,-0.009820298638568285,-0.038091563834629756,0.06689628686121035,0.04470678099634997,1.3788415506429645,0.08630359143425148
64,0.38654004236000633,-0.6946138513320683,0.0907053155360634,0.0866171841058761,0.5449334855428134,0.0856621368040968
65,0.20520877294365064,0.26402281121994237,0.28859282305198203,0.26835735768546315,0.3970828030102793,0.09794118674606313
66,-0.015805415108802227,-0.18159843703302805,0.03740544785254206,0.027274511414249525,0.6432234360468466,0.039435317641685556
67,-0.04589172504112331,-0.06341302242174672,0.041603819984958365,0.0436527927442523,0.4551182353975628,0.072932900639833
68,-0.011307529027969108,-0.036988979126452146,0.09820598469457441,0.10034645584867757,1.184766347454352,0.06372813758352994
69,-0.37738470886152287,-0.3347482555440183,0.14293430311382357,0.1295840865295556,0.24634421026899883,0.07395278509805471
70,0.04808905201638217,0.1265801514910759,0.04527214256362719,0.03180948214809316,0.7714060481883283,0.03749528709937862
71,-0.07443005582061303,-0.17931220080997073,0.16165959218662904,0.15442239846580133,1.3508217702941523,0.14270337961526328
72,0.4257778522138459,0.5467414815181206,0.08866038920915177,0.08287660301985551,0.2304573891443541,0.06939032282029574
73,-0.6617561790342097,-0.14770828559453913,0.0415889839841912,0.03256148671693085,0.5037912111310058,0.0543193249373163
74,-0.2094201347251566,-0.48902488923646326,0.11818250949634379,0.1448122459907713,1.3178369819644964,0.07892232311717857
75,-0.28999573570642373,-0.26158483697617485,0.17706549496292037,0.21396703647750792,1.1224753654741237,0.04524624271643631
76,-0.10895991651366908,-0.04160791240387803,0.1523962689472864,0.1495480490027093,0.44247704269626337,0.06584062954654808
77,0.5819391143269695,0.36123057766584143,0.03610413059961465,0.029685609983928364,0.4415947629744812,0.051660351351632126
78,-0.07581534799214064,-0.25912650246704866,0.07490543247366141,0.08446079364785335,0.6339892037437734,0.04953168278396559
79,0.6242252756275327,0.12191257591192346,0.03483905866351473,0.021499947021037462,0.5732580650626767,0.03582327713337445
80,0.00494660637858554,0.02135834970999774,0.09237437241857759,0.09805538417682272,1.1362767006486916,0.05707298518514355
81,-0.02475731842964948,-0.004763663899735017,0.10136582478144213,0.10631763773430938,0.5969777128935918,0.0587923299339295
82,0.036435410523355465,-0.08753690505526225,0.027287168971064403,0.025699121397879426,0.16050304713703678,0.0879365839095584
83,0.020009144658714825,-0.0539762751389054,0.026155775090466446,0.023783049746149122,0.32708551784654916,0.11534620530695337
84,-0.10175725466056527,-0.19685453023559274,0.13927289403577026,0.14286799012863946,1.1112234465100321,0.06732124654790145
85,-0.1744482579528954,-0.04595673732523217,0.055191671167779836,0.043179661359507786,0.5553931844859503,0.0457970530277589
86,0.003200797496793005,0.014467849018050831,0.1377481338159883,0.1331100357764629,1.643200206310976,0.25802350844192573
87,-0.05382068087886081,-0.0032713542677609304,0.09106163864305401,0.07256959029632233,0.9876089161804465,0.039954433862977444
88,0.019035734395405735,0.02718116141524226,0.05900358191076804,0.06386510447620707,0.3548962051041176,0.06238865004343791
89,-0.10548480378710083,-0.22161378815523922,0.25839072708331096,0.2710996948165915,1.4246141040156768,0.14210209700197832
90,-0.1921481410910844,-0.20525898649285368,0.06032299594743517,0.04913694334552775,0.9122378957408341,0.04618669553408915
91,-0.3293693100810065,0.3233285313693827,0.06254951525287401,0.05825708339067753,0.7245958622369136,0.03546541658476076
92,-0.20690692172420067,0.7813720604073046,0.03984114302708394,0.03265582544681727,0.811442743933361,0.042059114078705565
93,-0.114103377328173,0.027713149021589563,0.14382099900254533,0.10601223498608367,1.4533378120511415,0.1685587930413058
94,0.0933782133303314,-0.04436965378232247,0.03525839987836936,0.020388157858713153,0.6056754938764392,0.04252254812991607
95,0.4694426170013146,0.25543854692112916,0.027842695828148283,0.02422516295735695,0.11123204763721754,0.07514991080140748
96,0.027127968485582014,0.00945221827176086,0.13769455074329576,0.13595995411324516,1.1906926543125804,0.17302561684006676
97,-0.20668703630627686,-0.4077555543798489,0.02885628992014437,0.0296976391653892,0.26464460139491086,0.07274232001311512
98,0.01561179150385735,-0.06390552614579585,0.04983427118480657,0.04255537068631256,0.7451742158958287,0.03393734184263465
99,-0.13033708726859142,0.5234951072332396,0.05254882607860474,0.03745248597086946,1.0568409629225086,0.04482422756825265
100,0.12338373051961103,0.0709690462698686,0.2456912004967673,0.19996808377812963,0.3862601745596549,0.0706277215074592
101,0.07314004989408837,0.01853549773131937,0.09698982051543113,0.07182425555619756,0.37564794103763915,0.09841540745128365
102,-0.1875812756244444,-0.0019410082715308544,0.16959518650176011,0.1375087886785743,0.8729790437155064,0.0544523609650918
103,0.021795708841660322,-0.005026080470996987,0.08401528996468943,0.07027821794318449,1.4138467811946995,0.0952098531089707
104,0.05231739714562943,-0.40014593562503853,0.04529647622135676,0.040960113133601664,0.6321881272886777,0.04706882797886387
105,0.8545908573400093,-0.08325442435527446,0.06071121810052597,0.06170614157102806,0.45853283093027203,0.08541687176173171
106,0.0561569293292293,0.2065581438638937,0.11179061195261518,0.13487945827913278,0.3206142946134519,0.19573390469821583
107,-0.1285953134238881,0.009316617122803924,0.10704734252130278,0.09550926038320232,0.4622154874809546,0.13944855259741115
108,-0.04379155743599405,-0.11760789980761364,0.1757004180591679,0.17134214335107426,0.865347609327958,0.07988190811904934
109,0.03258394451220815,-0.11054611725039507,0.046162970943464526,0.030695695596256466,1.1043341205149173,0.053757975350864844
110,-0.01999313587737457,0.013032504871614172,0.04753854202323663,0.04268878417760664,0.49994300931221536,0.06457901083183215
111,-0.08109370353069639,0.06118321385510851,0.05167943806349054,0.035853998566833925,0.928629828702506,0.03904888251718831
112,-0.006589241240953056,0.02098619625772919,0.04871018005299902,0.04382245633314189,0.5635406543978545,0.048015452884639764
113,-0.43664945271150984,-0.33910837786361503,0.08869761154590347,0.0556654765425519,1.3770066013636482,0.0880159837473928
114,-0.06545670943097563,-0.07650467721975535,0.10415840252248602,0.10902462450594629,0.8190705190355573,0.039388407011602324
115,-0.19483143591660593,0.11152253367199455,0.20507598118262135,0.1410641038350512,1.5748696850035124,0.23346874341531018
116,0.5887855684221118,-0.26986343474424573,0.044084093453452565,0.04757397318855606,0.38455551767705,0.08878410198239103
117,-0.648100230640503,0.11641005188426924,0.045488154034546174,0.036307230429185794,0.41910207392922383,0.0629863702432984
118,-0.024531651846619068,0.3467916095550602,0.2079567736619681,0.25025313552484263,0.7628044627024484,0.050989215432379706
119,0.00399549112378815,0.032338235143470805,0.019250182359700472,0.012354341218929478,0.471323791193774,0.03881049022333384
120,0.08898276836713126,-0.18996776654193473,0.02641631866581099,0.019945442398762538,0.5477184087336499,0.033696054305956145
121,-0.009310687077335468,-0.05798685477775209,0.03688338094686123,0.03371326461614611,0.56058361029638,0.03918439298715008
122,0.3372947330712436,0.49627394318775936,0.07253435231408449,0.05353168800080617,1.0186197282945413,0.051265305751037285
123,0.06191256574666852,-0.08505328607818925,0.09854699598222559,0.10248786567160975,0.42676205971000414,0.08034369039515556
124,-0.032128751490706056,0.2687326119116218,0.041238591764538875,0.045262544227751694,0.5207297416406924,0.04227895362989737
125,-0.011309216144495851,-0.01505060598637952,0.06731254247039384,0.0649870896199146,1.0879279775234494,0.15933212514554784
126,-0.08020262209609115,-0.015480567564181164,0.16516303179734917,0.1377384317184047,1.4741572378376588,0.1789436398628555
127,-0.4059558038675521,0.1578001550297421,0.06693208743859501,0.05426452615714175,0.38051562201839473,0.08853111819633558
128,0.030673099246666682,0.0037618487579409807,0.06360516153206577,0.06233840414367435,0.7121980132670072,0.05244682068618524
129,0.09708631170221187,-0.09116086595478762,0.21372600536861688,0.22556167503293872,0.6041472961507478,0.07649987801056363
130,-0.24759633225783587,-0.08037867068357062,0.2557095836976535,0.2119287671082127,1.0157235070322346,0.04585622658644181
131,-0.09395909169969102,0.1914498254265563,0.025443383012388073,0.024010334617558533,0.32144826447869945,0.048886305390178804
132,-0.024351256902341963,0.02337663557025002,0.06386766323928675,0.06639326223099605,0.6258686124004865,0.04187384052153962
133,0.03868597233306211,0.0460995391387559,0.0425008768604499,0.03107269391004315,0.5093471997122866,0.03786561864754564
134,-0.012942299367904619,-0.08185154133633327,0.0528000614220994,0.0338621473853765,1.0994014715632097,0.048555887713789866
135,-0.014235227922139639,-0.0405397256435411,0.045354532815913014,0.03584662381711622,0.8186617482329858,0.0505952313766258
136,0.014539776095073084,-0.27509917251454735,0.1334443002371035,0.1709135592388079,1.4288910424751495,0.14994209750577747
137,-0.4890713405338307,0.1844194951859478,0.07089563985109627,0.06494710017145496,0.14651262306430501,0.08705886473139886
138,0.07464571442196367,0.020330137122944104,0.05657923276640469,0.03244334147830764,1.1500117126458904,0.04924493440580832
139,0.11003730182550299,-0.011908012248057157,0.08469212646628262,0.06451973102858656,0.711587666008599,0.05753847087283178
140,-0.04074811730057056,-0.027644381437120433,0.10395321177879535,0.08835455743187155,1.1345740239383273,0.04670198741448111
141,-0.08783500852756579,-0.07233882508469973,0.04865472909332893,0.033453659807256585,0.7510406485515048,0.03804558785574476
142,-0.09075360264963242,0.40157866403503667,0.07828759211656496,0.07143183154723846,0.8965891231038029,0.03620265850214358
143,0.058436191273518685,0.14487971258665683,0.140097311002444,0.13344306608439296,1.4142525331686722,0.17126600287194385
144,-0.08978497807460624,0.10958087421761621,0.07166140443392677,0.07910666016013591,0.6459573932630871,0.049002842808308474
145,0.3171409008399529,-0.5816954946018636,0.03203516582554471,0.03663381213849536,0.4134972899490288,0.05695623234600045
146,0.23012572239434373,0.3158935309023042,0.05562750601205774,0.060134493610247114,0.37886879217547187,0.08792057847506361
147,0.2862669542220624,0.4256299115206388,0.12420973172544868,0.12295404586530052,0.4219965325785046,0.06413465412217007
148,-0.36193388317563036,-0.3081150936057022,0.09855008730835758,0.09039321695849181,0.3540068684396159,0.09576269665179245
149,-0.1387177511372935,0.12935195837102373,0.027442445499599306,0.02174876559105654,0.4390538497086034,0.03551478059952199
150,-0.5354916609292879,0.054493810659680064,0.05540462291327866,0.0450689181557618,0.18381119070492152,0.1044281461626022
151,-0.21773052686976826,-0.0546829688539645,0.027279088450030353,0.017443514854863507,0.32607303428453394,0.04737702162315654
152,0.012156682272825797,0.08310927329131723,0.053548193555670934,0.03628539798664183,1.1513058955957056,0.05682202739231517
153,0.00783229226440328,-0.2668211886579967,0.07267700348198255,0.06207839335113809,0.8026824355264085,0.03631731866670296
154,-0.1742473487559951,0.029510285685875284,0.2549831124188327,0.20611596562048537,0.6608398811575824,0.07117958267327797
155,0.012844431745213717,-0.1003734433725891,0.07649658099191484,0.0809012904433823,0.7709855276291073,0.05852878761400806
156,-0.03566213823213085,-0.027818919843754248,0.03724358520149551,0.031154437924336906,0.5498698812163922,0.039707669654556424
157,-0.1917683370853082,0.0955259853926596,0.12280084844354751,0.10324732189626885,0.949373451850351,0.05305852474062481
158,0.09961195498468138,-0.09697333011389507,0.11100451584241802,0.09658014722320495,0.9219224703523655,0.04780906971488
159,-0.18847204955629923,-0.04626303134926221,0.16263351479187071,0.14689569750816237,0.4052655780761307,0.07330548847106473
160,-0.006721656334218913,0.05929268667831519,0.035483379814891074,0.022943551986840584,0.8496271096694745,0.06272613525658588
161,0.5496078298333386,0.11650728900678721,0.06860149847265612,0.0644227484769262,0.3772571620007743,0.06864235481110369
162,-0.12573423151739524,-0.5350299178756716,0.13549641587723635,0.14392073439195321,1.4664581574030056,0.13352246460800285
163,-0.2605758737232566,-0.15509313776923958,0.08029965365786729,0.07719209158674041,0.13319708933821467,0.07120492564435875
164,-0.004815953354064889,-0.04101016228485281,0.038000686796688075,0.030824610623950244,0.6497714379921524,0.04118110397795443
165,0.5957519342265616,0.3180999946319306,0.03332595006208137,0.031026989188014838,0.3377544376888675,0.10807402431348828
166,0.179211736248714,-0.07374521218436458,0.09880917099635332,0.056637198353930544,1.1141663251673641,0.051506047980297245
167,-0.06269312534886103,-0.03831468733379695,0.1235272108569854,0.1066518295749055,1.443970843781056,0.1702130201965424
168,-0.09246924512443422,-0.0859333270758244,0.05353798969680154,0.02928093718188732,0.9063171975322651,0.04563764513317674
169,0.7936303320300654,-0.017298569231101964,0.040620486486999174,0.03726042469382378,0.26097503549670636,0.06800592226166398
170,-0.6836156477299801,0.11551013843639367,0.04055515927970365,0.0411449904075746,0.16718130189481878,0.08489687273477105
171,0.039791695438105366,0.06036604074042695,0.12395159334040971,0.1257136461877729,1.4340437875634582,0.08586222089638654
172,-0.23726806668657535,-0.004700053872866122,0.2004646982837063,0.12380340751844623,1.5142803868280934,0.15691506827022964
173,-0.319519648667314,0.07459430880304507,0.12088667347996576,0.10183555450513868,0.6363648794429291,0.044288753376998856
174,0.0315733763985373,0.031071673353903206,0.05295516076417374,0.04766958776483622,0.28715298869835093,0.10201983395476119
175,-0.028377477286582027,-0.00042733547549892066,0.08180283708835781,0.074510190288887,1.0506656619407602,0.04518284354441583
176,0.00790737831742551,0.06454995824348587,0.04321664304057382,0.04236402519154046,0.5960789270321185,0.05154386280719854
177,-0.020634667403564733,0.006806042504585249,0.08121440247747064,0.07528505252482107,1.56507670059236,0.21002260438407078
178,-0.1234196051055566,-0.07695950170042444,0.18150826466067302,0.16336367351021305,0.8170982042754991,0.05467694080335488
179,-0.03836236054251452,0.07894495589926345,0.14055503382245446,0.14632559889176863,1.6115093351727023,0.2542162286885949
180,-0.003568997044024042,-0.010724130552493211,0.044387867083281456,0.0403334192599379,0.22806251707706676,0.08165719398546617
181,-0.5814819400167044,-0.5433153474100614,0.04586905837593978,0.04053433878228618,0.9501308422269518,0.0388239004477719
182,-0.022223276937899383,-0.12593919540741771,0.10809856845852442,0.12423817414579666,1.4424136014182527,0.11342992193240921
183,0.5362085808862783,0.49386454380978567,0.08643652499656161,0.09515609958172011,0.6806202182863829,0.04569784874411577
184,0.07074346395649363,-0.08627264998259067,0.11853809225053294,0.10142195736298357,1.372323293199291,0.09596383703209083
185,-0.01592717211398566,-0.029460497055071623,0.03642129270995528,0.025737047707282003,0.7544526241069235,0.032770586845510916
186,-0.01747913230501913,-0.0108059851905405,0.028744733389482125,0.01966898194404362,0.5941529877477639,0.03589028627754991
187,-0.2792813551214741,0.31038368985601567,0.21711442556521698,0.18953420923578013,0.6209166653617639,0.0543333467032559
188,0.1220100290832172,0.14719664434667148,0.06352742449838217,0.06623055208093359,0.671921649698422,0.03941172013702789
189,-0.03680491239039517,0.6994401110475184,0.15391263570027663,0.14032868353811936,0.1645544813311292,0.08370638472815928
190,-0.17976641096390789,-0.1357598454230835,0.1658070824036945,0.17908241416826354,0.5025703312759501,0.11692521320208511
191,-0.00370175048523035,-0.014508240194715161,0.060161362370266785,0.05532058872468325,0.9135948009385596,0.03801333432349793
192,-0.009598582764195373,-0.01457977225819069,0.05802652906083225,0.054665230854982455,0.6796374507855122,0.04055584635483475
193,-0.021453116816423076,-0.027852819672520485,0.028533425265204592,0.018878754808069657,0.561014259911892,0.03918935545099314
194,-0.0016079962714733045,0.04252212627457372,0.025676394251607386,0.02388633910531057,0.36590365141367653,0.09816084338291028
195,-0.2761394774554353,-0.025619507189679668,0.07210091646357271,0.054015454510895296,0.42244999921789894,0.06156491417424793
196,-0.7490345978378609,-0.14590510314830962,0.04737490115948968,0.028110968279390035,1.2772540791711469,0.07316972980906994
197,-0.334118633529702,0.3819374629868797,0.20064980660620463,0.1934494609036843,0.31558328128688967,0.09220400569929446
198,0.261029472624784,-0.11623384052063632,0.1979555325460192,0.14385590813393023,1.5296185974184657,0.25741217284232115
199,0.016150221929872217,0.10015969039872831,0.05760774638612589,0.0630164063181342,0.7702332127559162,0.037333546031714536
200,-0.0025711954071500013,-0.02526952672249579,0.015252063408675711,0.013020985922390435,0.2649037826035925,0.0433025253090256
201,-0.365746038487277,-0.21071752690466544,0.13179287403892928,0.11747775746615398,0.4366924131799784,0.06317935975296056
202,0.29198141953266976,0.1249264689843229,0.16723544297525755,0.14879487244523668,0.3630139727418994,0.0822878477416897
203,-0.010435334809749794,-0.002251850950449963,0.05459418094657599,0.04530434928617114,0.9653844132582519,0.03873415097266384
204,-0.1491934072891478,0.641283041764452,0.05773249569265897,0.055585375640083055,0.5915982801685986,0.09996771930236642
205,-0.02177981836601445,-0.05487324824737728,0.15264954696319336,0.164780887190207,0.4338417693362461,0.0763051700264048
206,-0.20655220178479353,0.1347896975575819,0.07271232894600906,0.05037356083392975,0.9396634532075502,0.04112536684321141
207,0.023197378816724755,-0.0028609070979163393,0.10391437447175587,0.1037581322948954,0.38660259190081453,0.07282768270906986
208,-0.0684484307191427,0.20630512233936213,0.10423385302997977,0.11788865251187645,0.7582902392237779,0.056984643502946186
209,0.067322055922392,0.07367094986708293,0.15597781949658887,0.14198161034269477,1.422527493045781,0.14109354028808993
210,-0.011863735255714197,0.003196281262433787,0.06930678652192629,0.07009035011577248,0.44752367557812095,0.11278536070892649
211,0.007910412704551072,-0.07228038155670127,0.1340546637801432,0.15543346143766643,0.2687324488345483,0.08741362563717973
212,-0.026451534164608517,-0.13990315869906134,0.08216563318378046,0.07959087004802988,1.346596323623163,0.1245090061080446
213,-0.13612689915560294,-0.10094473122795335,0.07697014921864867,0.06449877375624621,0.8461072244248375,0.03748617839652905
214,-0.20629387933440746,-0.042028565685627274,0.14293819305716787,0.10007313845370219,1.0047817338850842,0.085710575106037
215,0.04808905201638217,0.1265801514910759,0.04527214256362719,0.03180948214809316,0.7714060481883283,0.03749528709937862
216,-0.09946902595607328,0.02665326094235436,0.1466856411921112,0.12846098307310153,0.32981554271453484,0.08251418370275752
217,-0.08487906703469758,0.047125686959836606,0.08559573573310768,0.07475968016741408,0.47109248235664336,0.0718321038057267
218,0.003728366588698886,-0.02855631957170824,0.06282215105962954,0.0706132323677231,0.6364675227573512,0.04554934070884996
219,-0.2268155362188701,-0.0894448964001,0.18644000016833046,0.14775192983534466,0.8316841385095162,0.041400719199793976
220,0.017261978097199423,-0.0024974207854290085,0.09530310589321431,0.08567872282143461,1.4154383937526926,0.15640350470872208
221,-0.058295225262926784,-0.1361717998357962,0.086845013196302,0.0913466436524093,0.6980105511363998,0.039234971350880464
222,0.09807475084534224,-0.1365675945300915,0.05243505590589964,0.03577299436205114,0.7669583651248116,0.04616052555723722
223,-0.12847302899530824,0.057434042373546185,0.3220138020888254,0.3170952285110735,0.6675418175489456,0.3465062135059331
224,-0.09528333299303166,-0.4957180203250911,0.05977866911527612,0.05036228564247385,0.8978129635931882,0.04407899843640572
225,-0.07875050702908924,0.1436349640567911,0.040490993053936865,0.04056188430786856,0.5832643009429035,0.03519648670457605
226,-0.007752687746434989,0.026101707631000858,0.07598498164173086,0.0745202098471915,1.3684834053368051,0.08534213724836026
227,0.29800444567967166,0.20624217451607318,0.04488111447266086,0.03930915421014699,0.0614513366947461,0.08429890893285596
228,-0.11012911166710092,-0.5015537676727692,0.08921864985143806,0.10121498184755534,0.7565875326355469,0.04092902422839619
229,-0.11064121637526586,0.19132582684288926,0.027445827931978792,0.028005639968885783,0.36591964819214706,0.054683227925057115
230,-0.043975319201075,-0.5190868886147997,0.03192430525411526,0.032644858613106814,0.4832909843033012,0.08881808061409949
231,-0.015419004631488863,0.04040262958630806,0.06494390137811194,0.05884963232877362,0.9580088630176763,0.041719291985185036
232,0.001966818480092148,0.0021236510491857968,0.0438075646677384,0.040121408788991654,0.718904888573989,0.03581008304185223
233,0.14763625915775574,0.11296066632166389,0.20621410366594697,0.16777487188888415,0.4306630572643577,0.07262695597756098
234,-0.1915297551023806,0.20840509252613568,0.0462949292156715,0.03587649230958326,0.6629041649353555,0.06413155398346473
235,-0.014170739424940553,-0.012907868023128068,0.03725161049467151,0.024700635968131747,0.7420056169686747,0.049709566287857665
236,0.570771192242435,-0.2971535353384516,0.045343239270618695,0.03963334116838419,0.4791222604917446,0.0560276087515963
237,0.707640332290695,-0.5198202571153494,0.032741492996518844,0.028998202126404055,0.3654877078437511,0.06231660402119946
238,-0.052797340238410095,-0.03462784611299415,0.07856076215916959,0.06956866540145268,1.3354048852948726,0.12814296159221342
239,-0.03307794659626054,-0.0022649683026718676,0.09444888810718424,0.08988717380680987,1.1241954663402203,0.0554308160066124
240,-0.05382632260242051,-0.0013533487586031793,0.09317124888928971,0.10106441693154564,0.33314533232717264,0.11129307131662661
241,-0.13538802278422518,-0.3499202739826064,0.026030711344612253,0.028107067673440102,0.1174364472377954,0.07188821721828483
242,0.13365502437953974,-0.1501873493089232,0.10147392267495967,0.10140538376983889,0.5456799609019787,0.21682158504387086
243,0.0014349152046876357,-0.03177329652008122,0.10929174927926652,0.10640085388965036,1.2958183801172214,0.18885479775434805
244,0.010450689776329755,0.05022974461042656,0.07995893776774461,0.06985098440592592,1.5658080672621493,0.17445249758512044
245,-0.002884771845027151,-0.1124848548148488,0.1320244148668045,0.13582050667444154,1.4371940227995752,0.1400893819243578
246,0.022998510829780466,-0.08621839811996852,0.042359497728060205,0.03981484540444303,0.586529846252777,0.05959251658744876
247,0.020753678994171684,0.5782889636369066,0.14535275557960287,0.15226585450441196,0.22383480759625923,0.0870478487438355
248,-0.0862570003464036,-0.015844790403983545,0.12076232990672665,0.10705473675070273,1.128989084697403,0.04800174900295363
249,-0.02202379372384441,-0.0067613813384189685,0.08905822055086171,0.07741424328553884,1.3209981542820652,0.128096235455113
250,0.03158571089051007,0.21362391827858757,0.06914637347686287,0.051275384923277254,1.3586671787589892,0.08967872776282163
251,-0.24551806739708876,0.06031284558235375,0.14751080223248667,0.10050292812721565,1.4302300925736153,0.09821175749196187
252,-0.21527263690355025,-0.08790597823101239,0.11095418829303433,0.10805085834119835,0.6479225557634849,0.06380100472830032
253,0.07111596705788438,-0.08757016957539442,0.1379523611660892,0.13743876933196716,0.588080120834254,0.0743823768483297
254,0.02622222915968487,-0.013715375111409616,0.05403615397418742,0.0373409737682595,1.0519824443203556,0.12610768884339058
255,-0.3181693447765751,0.018019730220552282,0.20266069019081218,0.15614904123249954,0.5214381682867066,0.07313192570200981
256,0.01306616815194995,0.024465635962857786,0.05792727138273888,0.045869926845568794,0.8104047393310404,0.04862433520831184
257,-0.19453830148305198,-0.2500008771688007,0.04646766707220221,0.042467371391436415,0.571302463022034,0.04311269201471725
258,0.07869893372387753,0.20042967427366298,0.07038950036900228,0.0749058627087851,0.7827751690334167,0.03521969878327214
259,0.01767025810485612,0.13962756048832037,0.10230238330451101,0.12059348584011347,1.0944768802672928,0.047433913527720174
260,0.05741257354513081,-0.11897651122715318,0.13951335616551977,0.13078808637709435,0.4366734305254355,0.07514034900235442
261,0.0793412548016558,0.35942640705930734,0.08150840948999834,0.1124232826562842,0.7802505229281008,0.035086699993392534
262,0.015556850287896827,-0.27589993097426124,0.16778565545964774,0.17319429842073325,0.6499509459494083,0.05700080684295625
263,-0.22543732687661336,0.34968589797882155,0.04328643461125793,0.04208830426611978,0.31763387467328535,0.08250372941832816
264,0.5158443062886082,0.01047310623989337,0.030772159804353393,0.02121678613600181,0.18777648503876787,0.06855754687347444
265,-0.388586024597678,-0.40382400174226757,0.054168080587250436,0.04730137511464447,0.7372860157461782,0.039273613240709666
266,-0.3994524698713034,-0.4073342674812174,0.08037385045036957,0.06720223701615949,0.7498552130914781,0.04698365792897325
267,0.004297263532601263,0.0518084756142556,0.11610973869998374,0.11536625480396781,1.6841659893673326,0.29248895178172085
268,-0.4125132499539924,-0.46987387762290017,0.08066645731824686,0.08266537112464292,0.11557670293123076,0.1034962803514062
269,-0.0313905678515487,0.024912347254490506,0.08804054787473063,0.07089703047295164,1.4475604590843973,0.09936673607887582
270,-0.08579180703289588,0.003312254192161289,0.05742817902978322,0.031395838196971115,1.1959894960365771,0.09411975832376666
271,-0.09150848322221847,-0.12892504549224196,0.04019426666448577,0.035540469217966386,0.4343387266149254,0.062195219874925434
272,0.042106213790640556,-0.4624759055457485,0.12738241960226834,0.14143172064277024,1.0409938312859868,0.07833254695456932
273,0.020009144658714825,-0.0539762751389054,0.026155775090466446,0.023783049746149122,0.32708551784654916,0.11534620530695337
274,0.18267902602912436,0.21540744615614169,0.12699055318263833,0.11260933771800229,0.3869551740460399,0.07949817391145307
275,0.7580359405752705,0.08801345488466109,0.14320201761708035,0.12381811578585507,1.579610578442803,0.16277302549806952
276,0.0162542239462552,-0.07107325682949157,0.054947348456147974,0.049903336863139906,0.5811991476674121,0.050257529204447836
277,0.3361508374899107,0.19513423845137076,0.06393118896026108,0.04372016070299187,0.8176804018750424,0.046451860576553025
278,-0.05288677718680639,0.06388044746607775,0.19246632046965986,0.17776858521691305,0.268609694349457,0.08601790172756807
279,-0.00780488713620496,0.0006679347574277735,0.04682235320759485,0.04006175475806041,0.630669421134527,0.050410989086916776
280,0.053843013911927286,-0.18121395770914528,0.08001057756357807,0.09545705116805636,0.2268395769892747,0.09754737417642168
281,0.06456380647562293,-0.06296337483402069,0.06943036921086286,0.056114731345315465,0.7776889239469474,0.056474392921028724
282,0.2369697727110351,0.045832414062168626,0.08316267601573261,0.0488773690872553,0.9108559482593478,0.04048147475926384
283,0.00906543523392687,-0.0145501591669108,0.028233142936961653,0.02189470575549887,0.5643331782069351,0.036012680738551836
284,0.05075651771342659,0.031168800630695603,0.09129266659697781,0.0788330618477625,1.1321554884131837,0.05454436395662451
285,-0.03386861215800833,0.018943191557418512,0.045268065155429194,0.0457208983297429,0.5199756534965735,0.057712542838816966
286,-0.059302444688191805,0.001298922757233317,0.03893634730345722,0.03241724662416916,0.28137288565505225,0.07303698926857917
287,-0.07864346276017145,-0.11813153781654198,0.07269671184562916,0.07642106154159996,0.6802172728838791,0.047577048617620715
288,-0.14413301186280872,0.0630134437195654,0.10083175377131945,0.08595732601437787,0.8603820268329466,0.044384152412970626
289,0.6746358309544678,-0.11497776349558442,0.09366132030306384,0.0710463981840594,1.0190719660847247,0.055433709339347215
290,0.06340688187706871,-0.2429600442138416,0.10993862697698618,0.12350421806047876,0.8269938279532046,0.04727560654456763
291,-0.023901797677390438,0.014117357921615505,0.050763848352144175,0.051402485247439206,0.41675612989187544,0.08374486837306835
292,-0.13748365956312256,0.4250279556052701,0.06890760267492446,0.07909424576836135,0.3579594726672616,0.11137095699465928
293,-0.03424361361809945,-0.05825486921832816,0.046879746168904834,0.036008914610267145,0.9648684069046367,0.03780720929845557
294,0.017898528398677747,-0.005977313847338366,0.02815049369485637,0.017842697959891605,0.5843553120132224,0.044953984666334164
295,-0.19545994774175918,-0.03950949586446848,0.0561107072162681,0.0393073895632016,0.29364255124135713,0.07063726454065018
296,-0.16111667080375783,-0.07067713899975081,0.16183832718218877,0.13168328626126705,1.3650814709548607,0.20530183952388326
297,-0.29832553197073564,0.4777390699607841,0.1273697103975101,0.11583957832624986,0.4199429706898031,0.10566120664671387
298,0.14989942599622502,-0.26961453104825,0.028654872216140992,0.022951006759539774,0.4932075215010754,0.037575831844754444
299,-0.05105259661969727,0.041854227000780175,0.06167606289460885,0.04939970318388656,0.8505102912756975,0.04835765514591734
300,-0.053040448856607754,0.02029290572302736,0.07078684850571418,0.050511091130746956,1.3501813039803554,0.0780730277129937
301,0.0038369989868044206,-0.09593616922626311,0.05116197015104263,0.05490166628161021,0.39660014259103726,0.09765982253082005
302,-0.030359930219628285,-0.05740590936136035,0.1642348473591631,0.159099767810212,0.43122519765710626,0.10586936891218252
303,0.05283279452507428,-0.051465914354736554,0.08043003049445825,0.08586274319340644,0.4703522988221222,0.08006764848866324
304,0.040107623688610476,-0.3112938407174187,0.057375905706666355,0.05588237365426794,0.6852425512521484,0.05296475458855788
305,-0.032060918083702164,-0.10744914634622305,0.09282628412687022,0.08968794109792054,1.193922803646134,0.06275044360935152
306,0.04179126768250856,0.25614225867784757,0.06310909548926984,0.058035156226768574,0.8636373832907847,0.04567625688228709
307,-0.023396565526925858,-0.02682411070755586,0.054165577178723924,0.03758940755342089,0.8223826238063736,0.041534484582758865
308,0.0351044365828105,0.051574020004756346,0.10331735138379228,0.10804192302204103,0.7992704671221758,0.0423888482514517
309,-0.35543285353931486,-0.39083334410555104,0.08749932363801353,0.07760884938954112,0.6716699767347017,0.06631258588427508
310,-0.13051866708924653,0.07082025222720123,0.073648567553233,0.05503199916387608,0.9887377119457164,0.05316118194365283
311,-0.07782030231142097,0.863832671431415,0.04848576451964889,0.04477369496360241,0.8825204458048344,0.04808078607654272
312,-0.3284734903922794,0.1421531175923712,0.08484466804407062,0.05418448041124264,1.1213070787319876,0.05962260567683489
313,0.05151805612906673,0.057904175771938404,0.1491948224660156,0.14901964994647246,0.41760826201647416,0.058878999257187856
314,0.010450689776329755,0.05022974461042656,0.07995893776774461,0.06985098440592592,1.5658080672621493,0.17445249758512044
315,0.06561502787648353,0.12559278261350318,0.05112881989905683,0.03716493535150307,0.7393135424648473,0.0513408648621709
316,-0.6106507393062184,-0.30825918718985695,0.037053124528934014,0.026468233218066538,0.5170247990724116,0.039204731614025747
317,0.11682844830669219,-0.05153474316463495,0.24633586902793203,0.20842970126812269,0.30945239552006387,0.0950830207900068
318,-0.21767398112839667,0.3198398905793441,0.05121613365590574,0.04688106395367802,0.6342931306607656,0.04230272198193626
319,-0.032698236232332166,0.04982745548145477,0.07175115548747053,0.07391619623935386,0.3867575513690191,0.10329680417585956
320,0.010131534562170847,-0.05727673864454191,0.023989582580652844,0.01608022451943505,0.5856805742956495,0.03672789686843002
321,-0.0699840435509589,0.014361657616017468,0.09603395555117816,0.07059682079699969,1.4509307661737052,0.1292779833418287
322,0.01357439843700846,0.0016172573053182381,0.018234834547457952,0.01422289690905844,0.2693538722015347,0.04503434225351839
323,-0.13912742860642544,-0.2935685497174219,0.035000183951367184,0.035608467692940356,0.14715101002868247,0.07047848681030516
324,-0.01640480868409764,-0.01597236286191422,0.06482996979120402,0.05036543691828799,0.8946804037299748,0.048120566883132494
325,0.015231219144031074,0.1869442244339959,0.05544626180062017,0.05294642607336999,0.7739130138550215,0.053827156190663375
326,-0.447547876797453,-0.24323549093730315,0.15306902910174958,0.11166327718566861,0.8352740728529803,0.10297388595488781
327,-0.5153503996087139,-0.3637731321960858,0.03179434156771663,0.02900225462259803,0.21954348279472574,0.1688234920759249
328,0.07200466887673589,0.6597704778430687,0.1155363528917989,0.1087248781685431,0.647252367452754,0.10373622401873704
329,-0.03578630461299803,-0.1780923159055006,0.1048953456103022,0.12765857693423865,0.6643030548256537,0.06414055384705693
330,-0.07551069154121658,-0.2957856195127475,0.0613955389378693,0.055307910281023824,0.7538578895121872,0.04048981164425627
331,0.05045330961846595,-0.1735567975585032,0.042042075614850447,0.03399496154561628,0.7065257615722038,0.03804646281952259
332,-0.11497891872203181,0.036663777798962266,0.09667192449925947,0.06493621547692527,1.140329563518543,0.044806549750640544
333,0.010554611771265954,-0.0027574450295106048,0.06187262324019847,0.06264476223247999,0.6242143073221013,0.07976120930142734
334,0.28276845156461156,-0.31949476941782745,0.1773182616204742,0.15761599199866783,1.4072080019234148,0.1267932439743706
335,0.077834306255016,-0.12021835545748787,0.08651525162104783,0.09527901190573589,0.47328864359067774,0.07154637233297209
336,-0.03719348627106345,-0.17551983620286865,0.08405354033956705,0.09351123617648732,0.7832803409570362,0.0346494886239005
337,0.12019576227986767,-0.10842296989357633,0.055596470069208564,0.04989879265702084,0.20016926461532564,0.08345844533044754
338,-0.23556800991156576,0.01616675595274321,0.0639479946639158,0.04719381406132161,0.5787638379560655,0.04299695566447456
339,-0.24799365475697369,-0.26617700198848665,0.05675130746957851,0.055228352974361045,0.29717565099684684,0.07401497191862218
340,0.5245713351424371,0.39269094140786504,0.06660052185058966,0.05218857335088358,0.6197667297596442,0.049660742633221976
341,-0.023641902507231635,-0.022851299544942742,0.03953108308121312,0.0285107388472848,0.5836293761538879,0.10097563342117656
342,-0.293751039726729,-0.08631969633421661,0.15611934974968403,0.09805811669666069,1.428455380370974,0.1706904870668958
343,0.008586357936581373,-0.03575918291673768,0.12324644549508644,0.11555505681781436,1.7894592662016442,0.2856074649317071
344,-0.06204463495539261,-0.14482520364143409,0.10077572199989651,0.09395584276560488,1.145699539495996,0.05380873264529417
345,0.027113917063545944,-0.1579191911261994,0.09587996740223537,0.10507486977322954,1.2007039413628735,0.09220057724301714
346,0.1410355259755594,0.4868195042896038,0.0943440653600766,0.07048776820409232,1.3576968856611111,0.11912201991033676
347,0.012339354757468312,0.011369772242271146,0.10827565718088,0.0987092072346172,0.44144718940793803,0.07414212632278606
348,-0.0024644140078967395,0.008845137186101333,0.052460803637170185,0.043484671387513635,0.726412830484741,0.05609514976877974
349,0.1791887220779351,-0.14336943598709417,0.08875002212041906,0.08375519835337314,0.5502777374267251,0.057249406906358304
350,-0.07444428434781757,0.0062113432198957295,0.08679523544419512,0.08354191931679325,0.8813775553193252,0.048566663964772966
351,-0.10198901389505816,-0.06898973181434573,0.08071989145700369,0.07756470397688311,0.9151604711209266,0.061227627337232776
352,-0.08905311458558,0.005232387308202033,0.07441503830740416,0.05844283131985405,0.34801316795981024,0.10522327913270114
353,0.3351470752088645,0.014258586889739444,0.14677628159908426,0.10062428893071895,1.1582701422891966,0.060184702350025446
354,0.03445330621391985,0.04067330281682083,0.05373223778760534,0.052515946743213034,0.7537979849660573,0.03894421876019254
355,-0.2588742467496927,-0.6979076115222254,0.058026606050745326,0.05416975951170437,0.7351991792867846,0.051690227260548734
356,-0.019947471536994183,0.08661172202866099,0.07938140075150142,0.08803943145271019,1.3178455729108776,0.1325712205825625
357,0.00442832302877228,-0.011454690429248363,0.04593355829736613,0.0314021120530296,1.166833328820212,0.07162025715022399
358,0.08530368360258996,0.09748893795937441,0.12396563449323483,0.1177382609210999,0.9833939805439955,0.05465859472676012
359,-0.04368182505687697,0.008530923927727791,0.12602757577329005,0.10847160136600194,1.5532868797417727,0.21887383505769661
360,0.2527480317786723,-0.08746577010658284,0.07865477117812704,0.05356575198459993,0.7303103134745901,0.0427529722069436
361,0.0733616099324175,0.023822105178405807,0.08842771019201637,0.07370937053007172,0.9939882692030215,0.04833741508236783
362,-0.012924091787868958,0.5436263175716984,0.07274184351230142,0.08517484729274187,0.5955952111138846,0.04418681448563874
363,-0.548660431141691,0.34757849406090013,0.061575196501336894,0.050981683683468254,0.7866777507688886,0.04145092988802622
364,-0.4998810033208912,0.0334624864280628,0.03546975512799492,0.022209068353316194,0.6126368705193745,0.039524396927625986
365,-0.12460321586832113,-0.06705117733590868,0.09343205323800419,0.09607261559234473,0.4804738567970367,0.07269686268294881
366,0.14916144813295393,-0.002668048934379415,0.04691231890820079,0.037447227329187274,0.14894586625505246,0.08618176353442827
367,-0.12282276955812456,0.050333426788666175,0.12527647548668644,0.10226365778712602,1.267964342137636,0.11402872855081464
368,-0.06402356896280452,0.06095636470846426,0.05362845548917007,0.049328205504853256,0.7623082884185101,0.037462616175865715
369,0.1629079869038358,0.08625879877069578,0.10534750545100786,0.09822391702148267,0.3885489561008197,0.06864662045278867
370,-0.47843247489285534,-0.31314704018381384,0.09611166611278668,0.0753559599606688,1.147824622406535,0.06988595341948947
371,0.34809491556555144,0.1743536701595398,0.07335976292033579,0.05396813503405498,0.7342351032374264,0.04064434350560729
372,-0.12005649097987232,-0.0011200324746015334,0.1833643778613126,0.1382236510031507,0.4289777280810864,0.12329656016371787
373,-0.30583881072597824,0.2036292072150267,0.10309303983268292,0.08006632532130402,1.13542655935056,0.04960740053078142
374,0.3476781467950778,0.38949627452493596,0.08372691542901763,0.08273331352147986,0.43413336685321274,0.06699455406647088
375,0.0023476751246987804,-0.04251386482083751,0.07201782800465709,0.06842913296994635,1.5005408914174732,0.20273224545901986
376,0.0011803594216282908,-0.008283533305096312,0.01658058074070356,0.013610607154061484,0.21068329938063185,0.038392132162194635
377,-0.56627746417712,0.34707197765948405,0.13074437353982007,0.11577996870127039,0.3248418315385604,0.0840920022247361
378,-0.026394357021765357,-0.056626652628934654,0.07738587087762107,0.07319821715548143,1.2373856903169138,0.07383499483887908
379,0.19194781071659325,-0.7411779802230068,0.06800418831125678,0.058633288373563,0.9796612264789016,0.046317612131568056
380,-0.17246627942019968,0.3544977064008036,0.09284554303602957,0.08380542033429032,0.8996976853926216,0.055638625373297314
381,-0.046990491633278786,-0.005497689848875888,0.07650024124654936,0.060962257678639574,1.1492615836896007,0.06016450377090893
382,0.4957021952816346,-0.3632680725512068,0.05713734698232647,0.057678417242431106,0.38208962679488795,0.09146428692089564
383,0.07935209659143866,0.055810654185844216,0.12366213950312394,0.11118713178751163,1.0474708285642795,0.051270592547730136
384,-0.3220016465480538,0.0865677637781823,0.09531333724468272,0.06508476245015095,0.2534625860615217,0.105879892288412
385,-0.007198667642132194,0.1065680080667242,0.07926396430601011,0.07046892584442674,0.9528592983969577,0.03978181062473801
386,-0.22273505049727532,-0.05952004888585624,0.24709558184061492,0.24534744180670637,0.3339382298659822,0.1463338004304513
387,0.03782958589882256,0.008969225545951287,0.03396143885582711,0.031272184992014264,0.3055070738841091,0.08592629625382169
388,-0.01151000944658897,0.14741288031703254,0.0908876300192178,0.09264931346630542,1.6310172791414295,0.23961118771440876
389,0.030044981420406545,-0.10495840748867638,0.11081427848026207,0.11472615133348488,1.1357732860537897,0.05303193882581428
390,-0.012325891898623714,0.003850439074984743,0.01951019007592539,0.013918481171723937,0.3842912760084215,0.0459299972904338
391,-0.32696155786363723,0.7428241669683061,0.07438510333963742,0.06482565499855289,0.895556531377626,0.03731562464841601
392,-0.1316871163194542,0.022061121624785893,0.10812110644135337,0.07931529291798342,1.392702972308741,0.10326287141559523
393,-0.5628424774872172,-0.22819656333111335,0.11478248527248744,0.09811181651741435,0.6538321917971224,0.04166890111870054
394,0.0390963117545356,-0.03411410149936096,0.07458831135950945,0.06343944869331312,0.8184334408442288,0.05756712767022118
395,-0.22051603033924902,0.051545155731933065,0.14477876768622375,0.08566049593897443,1.8239558872771136,0.23718538364805114
396,0.07549589018928732,-0.6989151425977433,0.0800521727009298,0.07063466222739266,0.44745748247096634,0.08054721606918738
397,0.23783102649541554,-0.3358586655028534,0.15390330910794534,0.15601125505946442,1.0516427333279317,0.12834884060974153
398,-0.1742473487559951,0.029510285685875284,0.2549831124188327,0.20611596562048537,0.6608398811575824,0.07117958267327797
399,0.018743194483004887,0.009683444673415096,0.07692570592495372,0.06771733816556594,0.6781451637978536,0.05728901138895135
400,-0.18425514811768795,-0.5535673138499988,0.03249288218478611,0.05104836382528818,0.2910171281444525,0.061137695457700904
401,0.08919240199322123,0.2025831095028886,0.09736940269509264,0.10602904679553078,0.5189112880569077,0.05600251188483052
402,0.02076406170413963,-0.008071723779535099,0.07866326074504972,0.07310326242452339,0.40710769937835956,0.06699988175332598
403,0.0005782963456669821,0.001418441324002118,0.06217726951064376,0.052898198349341806,0.3435752490415651,0.10007896809175143
404,0.05751433343387642,-0.022526497867586565,0.06362837684583282,0.049980800733947166,0.21780147201560746,0.13214274833955503
405,-0.1237217039976015,-0.037119940486090325,0.08745163203764549,0.07729145003451336,0.3082391962413665,0.1461879444310791
406,0.0895976017527786,0.14874955724528802,0.06411353526248548,0.05006665828157774,0.802158625502536,0.04575956103229269
407,0.02036179740459152,-0.03037594413651376,0.09301111771292501,0.10266585905303681,0.3850711063067891,0.07704670579907799
408,-0.025654338341100334,-0.23400396377614752,0.22474749364492766,0.2552377546910233,0.4440788646059771,0.06434982906089026
409,0.3414865011037066,0.24040423326985072,0.0793661872681713,0.06931759172061551,0.365318836393008,0.06186860847979392
410,-0.15137657557468884,-0.11478284946595295,0.08635427294900345,0.07310293032418191,0.864182988939275,0.04342422404944743
411,-0.21452068073879807,-0.08645005684559255,0.09491487184486488,0.08261630937861296,0.7985136411478425,0.04557653341982656
412,-0.6447482352625753,-0.3473548346963226,0.031311227745461745,0.023917067815992774,0.6930303456925248,0.03764467692451169
413,-0.12083509278760149,0.48904513718006776,0.11904596765570079,0.11392816612947704,1.091966179649057,0.04221536180685222
414,-0.2679848515356947,-0.7025216640759444,0.07257654810046928,0.058785191520150826,1.09474729109585,0.04565719908340059
415,-0.09142300846122116,-0.0273973518571404,0.1857001239876614,0.19359077348869805,1.0405149377276546,0.05130470828234035
416,-0.037335575707520934,0.020945021709933162,0.06731602190165893,0.05518330080565621,0.7207712858767712,0.05312058661101059
417,0.01997647723920267,-0.04097034410618467,0.02586956557978575,0.0240213605051547,0.24596637984384517,0.08496424938385351
418,-0.03183823438579109,-0.1836792648081195,0.02830413753282439,0.026767026865401274,0.2918522834434334,0.08050196294253772
419,-0.007203649423851458,0.20186893055265268,0.15213374035164448,0.1867277823348947,1.0853213530067112,0.042978768630982774
420,-0.2855528025537301,0.04327436677797905,0.10776027825206382,0.06838308156134072,1.0067435075614024,0.05490229767392305
421,-0.2442786464020079,0.10908555159743796,0.12846949852057887,0.08806021575422061,1.4209742714811273,0.08799802296592801
422,-0.040010925781368875,-0.17068404444937127,0.14617528737331018,0.12566749523407025,0.9940603822751076,0.049193585897747
423,0.13661384921587888,0.3031356829691958,0.03131928447400735,0.030747527684540258,0.43401445458289556,0.03601698823353472
424,-0.016928354152133018,0.09585965566544295,0.07659368237294745,0.09219640047836603,0.46642542192552733,0.059420656115364054
425,0.474718830272046,-0.10975760518598056,0.19247371333561394,0.15891988569477944,0.36303017742926885,0.10143430048106461
426,0.013957462695893527,0.016038963200225312,0.04778862934452897,0.033322885284188926,0.8262605814044192,0.04462085461489067
427,0.032975933732707366,-0.3105692113066658,0.1004323643326331,0.10969762767538012,0.8779928921786985,0.05954378284465307
428,-0.05088971674147785,0.059974965660903906,0.10602666238442128,0.11106517890749686,0.4236615509981303,0.06885503710357296
429,-0.03157724926839058,-0.009201513585912868,0.06691642093663946,0.048781941704565374,0.9274692211833934,0.046155146478242724
430,0.37786063185262286,-0.09513757436981019,0.2282585255352617,0.1789267280105858,0.4029989363360808,0.10172151523027614
431,0.013732864386422355,0.018885384548239147,0.0213907277140335,0.016570745950003768,0.34005810253303836,0.04997541223715189
432,-0.19325511856402686,-0.04319965932591546,0.134149528136162,0.10944340200918351,0.7455768081331154,0.04459658845769571
433,-0.04356601092320149,-0.04288164220796092,0.07031888239356487,0.07753461663730728,0.1727876263606914,0.14187128972066726
434,-0.07586820091861181,0.013157872246363616,0.07231586353560346,0.06376320650350982,0.6762100794160361,0.05106732015338822
435,-0.0018632548472562553,-0.009000477522025464,0.22856131379803898,0.24010505727054618,0.19579148560864829,0.20486778186724278
436,-0.019947471536994183,0.08661172202866099,0.07938140075150142,0.08803943145271019,1.3178455729108776,0.1325712205825625
437,-0.458220043776365,0.36165546435308427,0.08597390770664462,0.06457055635002046,0.8605690585213039,0.04247657578939803
438,-0.03422301690307453,0.14593397326504878,0.1750789877949905,0.17906960813995318,1.4564884209866906,0.18046421756270417
439,-0.1470907394742786,-0.2961584061179618,0.06870682666722581,0.0773741803563117,0.5038048945723922,0.04788455125260047
440,-0.2922722555932077,0.49724786373411317,0.058040378002133915,0.06608724804039781,0.47853857139306477,0.06904663566798425
441,0.043538922411350725,0.05650407075493141,0.08053579369522826,0.06321265288723041,0.8956652359231858,0.039107278244628715
442,-0.4334290433957161,-0.6947630681268665,0.06610454042927996,0.059501931897668205,0.6166394439547916,0.05244222996603714
443,0.033517553570900416,0.042410080788815016,0.052495466384695245,0.04852343880303136,0.5111297787784509,0.04846813597521082
444,-0.1821710306449538,-0.013913636834479862,0.10837374518783495,0.0825066114074465,0.4786368060630251,0.06188741889326548
445,0.0014591144604451983,-0.33021000486274704,0.0865552562820617,0.10861693645407028,0.4538514145737078,0.07180144027261048
446,0.007119295747085208,-0.02289452370439983,0.0823479530403584,0.08159512015525021,1.335865155644131,0.18061964413606546
447,-0.06789077039151349,-0.013759734157501712,0.12977921405194454,0.11932486836896591,0.4404050487201166,0.055678474074561134
448,0.11484401662983587,-0.2618250814271563,0.1184479860967915,0.1320895899801605,0.7723009511361589,0.05224975747034871
449,0.038533855271079304,0.2607434735798464,0.25375665231540245,0.2752374506162006,0.32181713403044465,0.3579150540321028
450,0.306095857902327,-0.32346119923137484,0.12140790122824589,0.10805883127855068,0.6758908163419671,0.052913644563706494
451,0.3297275799635262,-0.0916426568267871,0.06974084818843056,0.052060643089742016,0.4990722620540824,0.04907151830711456
452,0.08200077033371567,0.6927263346582576,0.058842711945182806,0.05920085590126532,0.6268927187180438,0.0446044591673709
453,0.05151805612906673,0.057904175771938404,0.1491948224660156,0.14901964994647246,0.41760826201647416,0.058878999257187856
454,0.7058482419829124,0.507907925806462,0.05637987728258453,0.05491350351280908,0.5056457258467839,0.087454900790971
455,-0.015805415108802227,-0.18159843703302805,0.03740544785254206,0.027274511414249525,0.6432234360468466,0.039435317641685556
456,-0.6370982712391168,0.03399386123358277,0.0688938643252105,0.052058280637511084,0.9441351124485343,0.044563512493386435
457,0.042810479299869746,0.06136770186631492,0.0974178139949456,0.09194563180379589,1.1421485400602516,0.0680949749018019
458,0.4250840311195182,-0.10891684884154273,0.05313236481096527,0.03762569202028818,0.30917032955789,0.11950321253076074
459,0.21769945972449867,-0.6289533552280151,0.04140532323209517,0.042869311272533565,0.6111255211748804,0.04186386049344277
460,-0.2989631866804485,0.3172141347077845,0.1624241481687469,0.17687220945374285,0.24614972240270855,0.15960341139719694
461,-0.19259674155129708,-0.4905181137574895,0.11726541406681347,0.12272830138655334,0.19937352731873553,0.10701622032549929
462,0.00288937066226854,0.1849169745026321,0.04058697905997101,0.03641705954818993,0.4608932429286724,0.0764901643612567
463,-0.14088682846556758,0.6671058428105212,0.06643623033419133,0.0652056742014929,0.4386002339622176,0.05785792887737088
464,-0.018192032252009816,0.22263266955203587,0.1887756477709813,0.22631000653256983,0.6803536581850166,0.04315961535667567
465,-0.6832484960869124,0.4111760572030721,0.04610075936730127,0.04111879945839447,0.5946053918361469,0.06448489345069133
466,0.07040061330428811,0.2687124589734125,0.11130307403149438,0.11489651214377153,1.3758673425097945,0.12735359390614873
467,0.0028736076900541217,0.21996599824993218,0.04467555606356243,0.05170762918157113,0.3628054909569677,0.07683399316170178
468,0.04698032816754642,-0.03023611061460492,0.0595901289634959,0.03659211056477981,0.9665156454581644,0.04566902262423284
469,0.06041298621042169,-0.03791287787355587,0.058551010594840365,0.04521169974030721,0.7749377121071682,0.04478243469530533
470,0.07251882397603238,-0.03996356851261036,0.17862185598180072,0.16682759796244634,0.1665633946240433,0.22618101736559937
471,-0.0674422092597843,-0.08918048859073262,0.06692579926659617,0.0608730794610176,0.6638465326351546,0.052911498028158366
472,-0.1337484735154068,0.05278551783983444,0.1306070970685989,0.10219743307111913,1.354895335313073,0.08142111721413173
473,0.02074398108085465,-0.0029005041272025505,0.025149185000042578,0.0174508254348256,0.4991864203751831,0.037081781693907245
474,0.012339354757468312,0.011369772242271146,0.10827565718088,0.0987092072346172,0.44144718940793803,0.07414212632278606
475,-0.07502846865999356,0.016022066622587726,0.13239196505736261,0.1062646019866326,1.3841364761275465,0.08145373710315264
476,0.001084429016909429,0.047873182518528755,0.12716200117918136,0.12716280650546957,1.5639337542860674,0.24642238226648205
477,-0.31609641079939244,-0.21436671145337355,0.178841882120331,0.14444710093208635,1.2275283461259705,0.15905929535876276
478,0.042810479299869746,0.06136770186631492,0.0974178139949456,0.09194563180379589,1.1421485400602516,0.0680949749018019
479,0.027896684647046293,0.08380697145398072,0.12605511307589545,0.12304035027712218,1.0640249015225387,0.10047511182816755
480,0.23776476667859636,0.1796172975395499,0.12164961949986325,0.09275360687303535,0.45987846130672366,0.08272399285883296
481,-0.001202190463581522,-0.0010013730280231965,0.02502335706866092,0.0208615962578509,0.30807683323539553,0.08000310976451147
482,-0.2393266918787235,0.30923468020166966,0.15527433393369502,0.12711603526869147,1.5030205174600981,0.18077986850968647
483,-0.04448917449342049,0.09113772424835902,0.07348277729065007,0.08301370954471639,0.7121214260496126,0.03949386250857705
484,0.023592463644294903,0.178933931928494,0.19302084013486723,0.2031536855585237,1.4601858884787593,0.16306897640990833
485,-0.006174072186452975,0.02045054383161727,0.06947994280402912,0.06241669829903291,0.5566511684089424,0.09009835829069707
486,-0.03570126274500989,-0.09133396860928206,0.10663402409512521,0.09788584428561461,1.46578187258955,0.15609835287893437
487,0.055613349670373735,-0.05255457598176612,0.06773068247742699,0.054850419527100215,0.7776622631438299,0.05011132922859023
488,0.6687005822297026,0.08181485610795262,0.08055551769599255,0.07443865356584123,0.5316219082077823,0.06136779437800651
489,0.18950140492497633,-0.0829882492784622,0.10320340721300139,0.06726790688721287,0.7748930099243032,0.03968142114655982
490,-0.09772514645313099,0.0028458174409485993,0.14851328441968079,0.13912785761618887,0.7643808349592801,0.03948372700462177
491,-0.17544370078287855,-0.020112448516802415,0.08564675808202496,0.06946432988512623,0.5335974559733341,0.08981173330911914
492,0.04232731780129361,-0.05062094796345204,0.06726787147697642,0.058645630377069144,0.5656661033603021,0.05277530517736549
493,0.261029472624784,-0.11623384052063632,0.1979555325460192,0.14385590813393023,1.5296185974184657,0.25741217284232115
494,-0.008864338150180555,-0.03524580608507804,0.021851922017386782,0.016772985481993696,0.3231493398434783,0.052565357034866825
495,0.13342419845970388,-0.3167192667946031,0.037359873346036035,0.02583776833114989,0.7608684469963855,0.0465350950309285
496,-0.35543285353931486,-0.39083334410555104,0.08749932363801353,0.07760884938954112,0.6716699767347017,0.06631258588427508
497,-0.11898358609300744,0.0694231369475761,0.11679825440527809,0.12135536382102485,0.42776419043623803,0.06856112712178003
498,-0.06220327335292853,0.042614765427081154,0.08724926038209643,0.07878495335934733,0.7199908102064211,0.06526788979016851
499,-0.32732272694464765,-0.2505746187609694,0.18708667865734585,0.16523437115917342,1.1279736085316596,0.07089078331819508
500,-0.041131250917976404,0.17436908765551576,0.07071635761902029,0.09040319894214072,0.47632155793422204,0.055022482536606174
501,-0.11406799565078687,-0.00017940188297379395,0.055969401428697406,0.04698716095880022,0.26510861487630344,0.10280632737290964
502,-0.14889307715941416,0.07847123150208458,0.07841376210413395,0.06998244761248816,0.7482306891060608,0.04418539165413755
503,0.3414865011037066,0.24040423326985072,0.0793661872681713,0.06931759172061551,0.365318836393008,0.06186860847979392
504,-0.0020234930951855317,0.10589832255151871,0.04957063508097797,0.04416884807871816,0.7691448138568937,0.03885420329897563
505,-0.3733281206673368,0.6422148186450595,0.110855747034665,0.11484388834974318,0.5532040853704946,0.07350102574681591
506,-0.030877121175451046,-0.026502869548053355,0.05288030785589129,0.03880757025194932,1.0430640750053337,0.05726899539610508
507,-0.1677608799765806,0.10448662257198574,0.18194540373362791,0.15611169725648275,1.25419032614502,0.10708427835850301
508,0.32620712484959,0.01997802429548034,0.12914630625423387,0.08368272141982598,0.6753673499597096,0.11067221092082562
509,-0.023713615286254708,0.46513171658623403,0.09269681479607832,0.10536793894500072,0.7411175654729517,0.04642245038967229
510,-0.41355131778977655,0.08446122470297458,0.06964574032183611,0.042695155234861476,0.9704672703551741,0.03996750652174475
511,0.10972819033943551,-0.09714339419526725,0.08321933813571392,0.07340862715228909,0.25726939764035806,0.13288154073550226
512,-0.01059511452415115,-0.11752910845891228,0.1436632424710619,0.14875276995573541,0.4199622006489375,0.061353445041697464
513,-0.019772495967982064,-0.4063002113930961,0.06944619375820636,0.08515356830497545,0.5209921699818286,0.061220711091057756
514,-0.04409843134128398,0.0321346762814524,0.09254284299125591,0.08043220100062443,1.0726434655645363,0.04194294042348717
515,-0.08331419054048413,0.06178591573095622,0.09011062015363869,0.06352246175495752,1.0999513178130174,0.04817760550735937
516,0.11934770354365143,-0.12525815619378636,0.09137842093245263,0.06117798284945661,1.3070522642866593,0.07756131376076797
517,0.1178064583535486,-0.8779435782257521,0.0715190838160022,0.06527038401334789,0.8527823585027017,0.050108800399247956
518,0.19379803379502994,-0.10643393027745378,0.10891294876996209,0.07890488797507285,0.5327909987612838,0.20772972383181576
519,-0.025734067729764318,0.009671847696841129,0.0481344617557368,0.04445777232535153,0.46108143706145743,0.053955874536262355
520,-0.317518684206708,-0.624669597198897,0.035116315291119846,0.03794249648318589,0.23592964136232691,0.09734038365074729
521,-0.25725429012839257,0.019711542370599203,0.19077004415328475,0.1669552998975276,1.532006406740554,0.2047660354224388
522,-0.03361531293053942,0.02200637267081225,0.06503076267116378,0.07531989795305803,0.8630005676467595,0.3309207005413334
523,-0.005889738613851781,0.021162390267654832,0.05928340502645591,0.043764133826791805,0.9189637034827126,0.03617162536848302
524,0.14398358373029138,0.152099786864421,0.11715577251718484,0.11741432108158772,0.6734648634874348,0.03827261756672217
525,-0.09772514645313099,0.0028458174409485993,0.14851328441968079,0.13912785761618887,0.7643808349592801,0.03948372700462177
526,-0.055889749948183395,0.6776412821467467,0.03545038896957098,0.04153181715728798,0.32646765132915156,0.08040630960243036
527,-0.6107752643299312,0.3588116165615578,0.04805823973587368,0.04556093990181263,0.38372891277017834,0.08908610480907247
528,0.5609465380405,-0.016635074475963355,0.04819538774993507,0.03047579615707889,0.6143839396030469,0.0488172207182932
529,0.20281910278519247,-0.11052172028598646,0.08197168659251232,0.059657323487347064,0.6187246294141676,0.04602794842177698
530,0.03806419738534289,0.17321612739587866,0.11196107664591619,0.1265923315853686,0.5745913671941415,0.052663933837323235
531,-0.05761050004033901,0.0687196816878887,0.041260484627416286,0.02778926533677262,0.6734744846254872,0.03537098343525001
532,0.06768145495240378,-0.3167509785883478,0.0315149165220924,0.02525624200370822,0.6052702160732116,0.04156109281896074
533,-0.12844375858501378,-0.07722356749883066,0.19062364951973487,0.1596273015553135,1.7624421424897736,0.2677344894424887
534,-0.27983677964326575,-0.24370450676041278,0.19503123986068505,0.19563229386041536,0.43544981064909444,0.08507054694105377
535,-0.6300750538543619,0.4031252955618589,0.03340378701295864,0.03044622546777294,0.14387449245772427,0.10251429490646612
536,0.038577790814776636,-0.408642343894929,0.10735858751923537,0.11730708854634687,0.9067916928992814,0.04905819359423786
537,-0.1389257128066601,-0.21727703157250935,0.033433208364056485,0.03148441837216881,0.41325157348058067,0.03778204937253716
538,-0.03175315832259707,-0.3067978078611832,0.13949996882387797,0.12253973848502552,0.9123390556920499,0.06069818444659542
539,0.22058069956519213,-0.3802392926447151,0.08640882579869497,0.0700328764860957,0.9193614991517972,0.03966234839336806
540,-0.03822830321283975,-0.052392080122437165,0.14573773511054944,0.1528326238595973,0.9571710800890092,0.05900895167780833
541,0.019342782715811625,-0.008426516414655177,0.05437818593218816,0.04200176517142736,1.1301427575244212,0.06467607674088187
542,0.04559996623953409,0.07272902624664246,0.045107512780598616,0.039318457398803235,0.5748879010705996,0.04375143188148127
543,-0.43046514767667815,-0.5409162631620412,0.034266856173280215,0.033214975647582315,0.19978919812625656,0.0908304229320954
544,0.015959892252062416,-0.10258203598442069,0.06938474865384411,0.07454117255032824,0.290650179665024,0.09798494015009256
545,-0.3335130963322595,-0.3954869060531788,0.11646671595498416,0.11713478801823966,0.7156953002393489,0.048633215070880205
546,-0.31134971320376653,0.21218261866285126,0.07825543733282131,0.049708323864354066,1.0363397157749625,0.06649196334725604
547,-0.01924086203602527,-0.011125239919460324,0.09382783299715504,0.09014121912731189,1.142982787060846,0.05796875461017864
548,0.014470682506558896,0.017117001355829366,0.028592980454883517,0.018471421067396583,0.6001707837160902,0.04332147819468737
549,-0.09786596218406307,-0.04521054785245728,0.09969208585837132,0.10637260923628826,0.4214193436029567,0.06057918882259165
550,0.3629537902065715,0.7391797415590667,0.03469455999029976,0.02951397327183078,0.4324833256353025,0.06429859141844492
551,-0.03134284136904377,0.0625659689608023,0.13074772783994965,0.14968970900121056,1.5608693122942308,0.25252538604127145
552,-0.1002156010132536,-0.3598226504645496,0.2947151318828993,0.34025673441215204,0.38166548373177706,0.12665261922831647
553,-0.026886087034438257,0.3271764304182719,0.045713534632771585,0.06313646927531831,0.389648635423695,0.06525385078906909
554,0.027052977036298376,0.23896411024834852,0.07885347942494621,0.08189744088296111,1.2272057623996517,0.10132697884624119
555,-0.2762443933697219,0.04061598124221928,0.06433369350492933,0.03784111041513292,0.7233617912528842,0.04629330453476586
556,-0.03885231570442619,-0.12691266670456447,0.061035895975736894,0.04340747410890607,0.8242023027317773,0.03699625979194449
557,-0.15874402306231047,0.4438994831935624,0.07184392705840009,0.0701136590719391,0.6764033567616845,0.06289263331811147
558,0.3196333064248141,0.48983952119553203,0.13729942503936357,0.1260255702984378,0.5588538414280072,0.07294852152798352
559,-0.012924091787868958,0.5436263175716984,0.07274184351230142,0.08517484729274187,0.5955952111138846,0.04418681448563874
560,-0.10798999058222662,0.27667128701958976,0.08379286472573971,0.06545894002606048,1.22439830467709,0.06813687631683474
561,-0.07247980139726844,-0.0246377439615766,0.08873836142003635,0.07067223779763811,1.1192179284875934,0.06369748486541327
562,0.14150394100026484,0.046233972654241534,0.14602414636537964,0.11563882903349805,0.700010611711153,0.045517350937636716
563,-0.5524651163188556,0.12431930424269642,0.028000328723108956,0.022285817970341733,0.2533301152098339,0.06018863216877863
564,-0.06128434067309661,-0.17280667557055623,0.17953045697036485,0.20727799116053214,0.5188116159961991,0.09271611819375396
565,-0.0674422092597843,-0.08918048859073262,0.06692579926659617,0.0608730794610176,0.6638465326351546,0.052911498028158366
566,-0.33614493320918115,-0.15007606820228342,0.057251699987558434,0.038314152046557436,0.5821518943272103,0.04768285567176298
567,0.028371428892717553,0.016216951918098556,0.035982532514659736,0.03494491539857466,0.4540036229079544,0.061966137183837505
568,-0.2715980695094845,-0.16140328608525653,0.09134077602423452,0.07295075873197249,0.796841147469705,0.042902886526397774
569,0.06611846798622367,-0.15746785034804434,0.026348215162582986,0.022262962435138,0.44140456687745466,0.037512378121500836
570,-0.03892227466905939,-0.0049066891657369525,0.04619261451029857,0.03520178377750417,0.8913336165413794,0.04199276426397549
571,-0.3441002776696888,0.3669730885068549,0.06681118373140887,0.06265093767440169,0.5949874234754212,0.043538205416054736
572,0.056615455537347564,-0.1746543633990354,0.04071869559843052,0.03372247893303089,0.5750515848977812,0.05115564337158426
573,0.16682869463836228,-0.009054945659658944,0.0978405569137206,0.0740960079620386,0.8901867754053436,0.05694925108383591
574,-0.0794056483043679,-0.0004314302351023456,0.13097477049546166,0.10965928742058569,1.4397887640492257,0.1692858043123289
575,-0.050498397480512505,-0.5333954146542631,0.13359765648849722,0.14978050955214753,1.0221722584461517,0.043732324692047304
576,-0.40378958125306086,0.22312072384294002,0.16645897793904474,0.1232050180094729,1.0279324393995348,0.05242625310211599
577,0.21756762274162092,0.3033035351257871,0.1083231774625705,0.11202496213124502,0.9252633798198671,0.05296978703102646
578,-0.03921480397415674,0.10567692808203033,0.07218301144120629,0.060143951142682874,0.5747477203967685,0.057489718907744354
579,-0.14798232185201546,0.028453894967737252,0.03971802424740912,0.028028604892228224,0.27181747561384284,0.1379930956201296
580,0.8553990917580023,0.3674451238028609,0.040150815315141246,0.04290433891864604,0.5775891665156098,0.06227610531718222
581,0.14989942599622502,-0.26961453104825,0.028654872216140992,0.022951006759539774,0.4932075215010754,0.037575831844754444
582,0.032981619690331296,-0.016137677405435775,0.08920830531767746,0.0653534390122089,0.8789358211237057,0.04489857531537064
583,0.029705475949476732,-0.5621590524583788,0.03214473652786306,0.04212006652128442,0.2545381859830823,0.08431807796589105
584,0.26504772208242205,0.16412002626797553,0.26855463739397134,0.22177497770368595,0.441701239006404,0.0549935379665499
585,0.011577958878996207,0.057472611466298215,0.0317987899866567,0.028742109873147285,0.3166297700254753,0.07974397972609777
586,-0.034682406505156624,-0.17114900195925353,0.10055210571453492,0.1142222619258531,0.32911194103928176,0.1609334626526996
587,0.0025480576465191805,0.01617379059475687,0.10960818854000491,0.10675617909548507,0.5461458224038604,0.11372348418419385
588,-0.19527923948627124,-0.015485040488315862,0.21234650772270378,0.17068743714702972,0.5756743528622342,0.06866999048666453
589,-0.0038474407681791745,-0.0806787932914807,0.019176014763751643,0.01483421574952721,0.3411914731993445,0.05038842680111837
590,0.010896085911170198,-0.0859836692049993,0.04929034813552226,0.04426556916079697,0.6703054886286687,0.04100895959512073
591,0.40544756070282095,-0.37738807698667753,0.0758881269832265,0.06322813296932374,0.8854668034631006,0.04685609105988031
592,0.30560840371146936,-0.5950546377856707,0.05477818347406672,0.05807401637669619,0.5948453981698497,0.05201149143858124
593,0.07045218474365622,-0.0883514223605773,0.08113957166990765,0.0714599525333341,0.872657352311218,0.04511421570845203
594,-0.12676674230217494,-0.1413957541936574,0.08622719472316616,0.05496810410367947,1.2430758788350071,0.09294373338971104
595,0.10234057552385785,-0.2498582092089204,0.08845795314466903,0.09390719688669065,0.8352680388374166,0.04002102275073406
596,0.3926514810710417,0.5363012724843543,0.04092305724761322,0.032921618244853415,0.6447961982704061,0.03830935557352656
597,-0.027083696876798687,-0.4474682849908952,0.09442563608057768,0.11083634054248319,0.21414133795986556,0.07925953291285937
598,0.0561076479390035,-0.08915041884266936,0.08518141606787864,0.07301142661814798,0.9139211763570719,0.046854133570350696
599,-0.025825042551808938,0.01364776155431118,0.08515827517809522,0.07190362896213016,1.122082237998466,0.05364688185792081
600,0.7490404031596635,-0.1750642969024177,0.03605799510047415,0.04024880519273603,0.1462956410591501,0.06316302425146136
601,-0.010517826936201326,-0.24989434403718477,0.04642049645540348,0.037706349975803646,0.7306454656806448,0.043844960914222506
602,0.0006968394109121412,-0.10076403509468473,0.0774753219824672,0.08689212443370775,1.1518194620148374,0.05818829417429977
603,0.03851522890386659,-0.011095820825923882,0.06427826587481651,0.053496214439882575,0.8067811692804809,0.036488893288279235
604,-0.06665039719312545,-0.09116576511882721,0.13535297006583208,0.13896616563311992,1.2287121055745287,0.07264479064708418
605,0.029894857095952614,0.23146976782546516,0.031432296739927805,0.03485926120887154,0.3400621024216685,0.08677249894541943
606,0.003026103292946165,-0.01529802457474928,0.09847569597308971,0.09729444179253949,1.4819854460864883,0.17839321584040502
607,-0.04001277947429604,0.07355847538583515,0.020866257147697527,0.01807531094569765,0.23916774344187086,0.07085750084373461
608,-0.008992990426467267,0.023883958285814855,0.08167907043952041,0.06796710587977374,0.757136675480863,0.046269991787191087
609,-0.0701060597842944,0.029732510980869556,0.08201298404518198,0.06305553231689208,1.1536217264544852,0.07684642018476365
610,-0.06767849796909263,0.052172616244399464,0.09499255953621587,0.08968874715765543,0.7077706755882144,0.03007075868892618
611,-0.11247800709959051,-0.03908791171512878,0.09709827746588025,0.07225355399687901,1.0896692355855424,0.04279892866184437
612,-0.05203474791504151,-0.13341636024284861,0.05853836511183036,0.07441575044280108,0.47099368420129206,0.07133592335671216
613,-0.4382330209323411,0.2754812431654552,0.21495578709365148,0.17331955397279436,0.8391662428941962,0.052158752575557556
614,-0.11296660363959435,0.11742658792658188,0.05912351562628105,0.07570907118835307,0.42285156837641547,0.0862344735617012
615,-0.053040448856607754,0.02029290572302736,0.07078684850571418,0.050511091130746956,1.3501813039803554,0.0780730277129937
616,0.15051287943481997,-0.03853854350543199,0.11118812763336136,0.0851277405088063,0.9676391274726324,0.0532626626785422
617,-0.01924086203602527,-0.011125239919460324,0.09382783299715504,0.09014121912731189,1.142982787060846,0.05796875461017864
618,-0.023752283188122593,-0.006606027220680797,0.03291416740972287,0.021128645853223126,0.7098746669191143,0.04722339728126695
619,0.010521970827515192,-0.04029427957076999,0.06719302839129146,0.06730123733557473,1.3904122939481114,0.09691022500459211
620,0.1872004018202971,-0.12840226558444456,0.1496859799767382,0.11209346592650851,1.2527332028720173,0.14465408687310982
621,-0.016077968350978845,-0.20996648110517943,0.0702738112411357,0.06873276315425024,0.6668496564717622,0.07934269113568877
622,0.12616675147732237,-0.14454836161889215,0.04405697555704633,0.02679190295784467,0.8697201984532652,0.04699653028388795
623,-0.011863735255714197,0.003196281262433787,0.06930678652192629,0.07009035011577248,0.44752367557812095,0.11278536070892649
624,0.03814881453780497,-0.021494610473618475,0.1316408494713083,0.12962711820943915,1.0691682927851998,0.046151784150426534
625,-0.030380400814976304,0.04860355188348643,0.08532613442261057,0.08757850105006333,1.6992767640303772,0.2256698699721973
626,0.3629537902065715,0.7391797415590667,0.03469455999029976,0.02951397327183078,0.4324833256353025,0.06429859141844492
627,-0.7434048033753273,0.2527465073225381,0.05394241201282101,0.05817223841862775,0.26870842773944215,0.08830246512671422
628,0.5971469434518726,-0.48123984320912033,0.14608820527454394,0.15254489983815955,0.2724892305211003,0.08404531208822971
629,-0.2853285051842861,-0.10416271151563809,0.053863195082435505,0.03938862649197572,0.4802458992955381,0.05304252583589043
630,-0.011476859828134822,-0.05291335730321881,0.15406091779982153,0.18642804265283644,0.944942422038734,0.4333221030786931
631,0.00817231924592334,0.07680805143557834,0.08459209026313926,0.0899817439860078,1.3656860350621796,0.09054914930138132
632,-0.2489052763703716,0.0831928262538043,0.15276477618523437,0.10032562652399146,1.6680003540289312,0.22829795609576742
633,0.03538580698881035,-0.09459211256052143,0.0620869404848163,0.07547085379432707,0.9466376751126685,0.03960850748072545
634,0.023135299549826505,-0.0316376546743376,0.06563811678640116,0.053662046929089595,1.1828596749437257,0.09218425890124515
635,0.12722411496614638,-0.09234324775732725,0.04882948447230615,0.028240662979941426,0.7402619576858731,0.039497206721098965
636,0.03246161690873921,-0.008188955368870241,0.021005429159662234,0.016969314104438013,0.33360341118536535,0.05441393632067433
637,-0.5524651163188556,0.12431930424269642,0.028000328723108956,0.022285817970341733,0.2533301152098339,0.06018863216877863
638,-0.0005271405618391897,0.0047430537960469355,0.08908538853991861,0.0852126332973801,1.39118623799303,0.08978340047862497
639,0.16551323625602388,-0.0032679857239820715,0.1366244987624935,0.09368944679848364,0.8269501199525949,0.036075899838000476
640,0.04348326804559139,0.03197972833085902,0.131261164387571,0.14349204896237597,0.38936980060379495,0.08112640510413326
641,0.012382331026231567,0.11856962474307993,0.16784461646034252,0.16198877285090765,0.9815666118733337,0.07371840258208956
642,-0.15444405551998022,0.10487346607974937,0.04605571946907236,0.02690121725342237,0.7869538497599412,0.042220146053068924
643,-0.025494537608352803,-0.09394409738015641,0.1606662346214628,0.16265808316111913,0.35922111306255416,0.10053650062195146
644,0.7318517613149192,-0.23925157307056663,0.045038218038547,0.04135946802635029,0.40043196023816685,0.06150296496679671
645,-0.14195877651621897,-0.052668927652133476,0.12357684972686482,0.10150626555563126,1.1399176559303317,0.044825181348864256
646,-0.1259297640771059,-0.19979019387558242,0.09578487759281938,0.1120487915142833,0.29787486763446014,0.08877978191089159
647,-0.23821109628234047,0.332300345610334,0.054967802299638824,0.06198018446574887,0.19028019153037118,0.09055786380926727
648,-0.08818241666292392,0.13348056306482037,0.04507730992547242,0.03581578801532229,0.582165919114716,0.08650208575346945
649,0.08644023569157756,0.12873825708390807,0.07799829899159329,0.08139813145326372,0.8835527488213781,0.04679791216841932
650,0.11923918664267341,0.8521862096869859,0.05143254610866123,0.03996369634297411,0.20155174916897134,0.09690158053490847
651,-0.012772103470317606,0.025571886336362433,0.08022713505027572,0.06824248441220807,1.6144649645419924,0.22900408866735872
652,-0.02356768267807572,-0.009236671863014228,0.055982763446396806,0.0467813235833242,0.750973155850398,0.052224332594916135
653,-0.009593385052880004,0.016263630937949768,0.05544642753789793,0.047503720986381504,0.9236899708862581,0.046172979831656705
654,0.0009735156537328596,0.06705510014627052,0.0766061281414456,0.0694618069660171,0.3507935608411569,0.08950722841105756
655,0.011795021210400707,0.006978032217882924,0.031618237024554526,0.025015813403725606,0.5218438114533682,0.042809552582776494
656,0.012216794751407488,-0.010777194965882099,0.03159110022994977,0.02911250107011535,0.4123903948499591,0.05016967046219424
657,-0.004391761562770153,0.031947279266367076,0.06852994389887822,0.08089723003193047,0.44627732552654414,0.09842299843956509
658,-0.11967059429295697,0.1492267846990132,0.1628888483455568,0.14039989558849245,1.6107390628384461,0.2549705506005086
659,-0.03175315832259707,-0.3067978078611832,0.13949996882387797,0.12253973848502552,0.9123390556920499,0.06069818444659542
660,-0.025796206623453645,-0.003902021635660429,0.07919978599165595,0.06853735758134288,1.1873942291385298,0.07184288562886526
661,-0.022203052114231493,-0.022980694572458552,0.04929587628905733,0.04199826594996599,0.7893670929919007,0.037441358462654256
662,0.4347874784418485,0.15703638483250262,0.041108286380160244,0.0327737643722418,0.4303227635345104,0.059087012861053785
663,0.07035584231661245,-0.051244790271559926,0.0469093717353946,0.04492899517073513,0.7191300906971733,0.07311999627800558
664,0.019844573515738394,-0.002674337429423553,0.046230612893464085,0.03321023778966971,0.7883002356483001,0.04895512831183893
665,-0.0067889591572423335,-0.006398554332064772,0.04625129963468413,0.05938220219838399,0.45370331623515486,0.06160572422580231
666,-0.2547426966668429,0.14401236366726872,0.06180939359833661,0.038830041232907335,0.8167827712588726,0.051024769364757826
667,0.18597472127005493,-0.09499743504540818,0.07992885073783254,0.06855653600584805,0.7457545950448292,0.03900834631472267
668,-0.19392604768384325,-0.09895897993699472,0.021184855729666843,0.016128279890739762,0.16723975637421423,0.06431622523485886
669,-0.03206644261832558,-0.019987558779337285,0.0204671721653549,0.015043596820290314,0.2356192855872185,0.0597734435718155
670,0.5105726820529047,-0.2553616709203948,0.17115318623006748,0.13874683229892287,1.1355944105733087,0.09430645452496812
671,0.0033098834392796305,-0.006077541584864525,0.07682580299051218,0.06756250589601497,1.181818939076146,0.08712591327194762
672,-0.2131390923947332,-0.13189703318717375,0.03592895559305084,0.027192511671817517,0.3816241582366213,0.06030305296858238
673,-0.022493190870712942,0.0007097063729186968,0.028210975647110892,0.017653632432090317,0.6760917387100059,0.04613625083714468
674,0.47284118927861796,0.47982098390901906,0.07135074894310592,0.07322485564137837,0.7613025120698015,0.03951127272148858
675,-0.05933578158839552,-0.09622702435184274,0.11596603337261735,0.11478795674711048,1.0887521772292224,0.04252581327708055
676,0.056809380863845044,-0.0035201839624387585,0.04843757533523682,0.03240602647048625,0.6972386671563896,0.03682027019336902
677,0.01622364371290689,0.002976475979791936,0.044000043992842436,0.03266982466009001,0.7173566533252654,0.05616373349402463
678,-0.138198634768896,0.24050336616599977,0.0672367865404295,0.08488895699544852,0.38256430577408,0.06564594675793478
679,-0.37588696366673136,-0.11501689492461498,0.057112701890213405,0.03513729142244008,0.595621924969056,0.04233839736592056
680,-0.02905784814881296,-0.013272858699331546,0.08295248477927925,0.08204539039841954,1.697176159932401,0.35078591732288444
681,0.4443526404976862,-0.06622423183342649,0.066288112147143,0.041663734497532655,1.1513089627838424,0.0505086174019513
682,-0.151187227551587,0.021320544030774095,0.10034695864435593,0.08527562596388816,0.37100905695851244,0.1184444254963183
683,-0.00940631291517705,-0.03623064023523553,0.05822032982032476,0.04711096103397265,1.0666645400149635,0.045529108184987024
684,-0.2618717462795472,-0.6493995780700212,0.040117230386198584,0.037488310824192246,0.2293678042220395,0.08853958054164593
685,-0.09704585321712911,-0.4443616453917408,0.05311056094187707,0.06341738459655681,0.32239777442907047,0.10595050249253382
686,-0.005363001996833255,-0.035767973045140164,0.12139811078411306,0.11184809938565127,1.4099641319773701,0.09546022445153086
687,-0.19743533372618116,0.06666605629815239,0.0536570983380394,0.03937374600140378,0.3845692806342675,0.05490615287281385
688,0.007441293703030461,-0.021575336300467082,0.040412769059387975,0.0334259254679647,0.45507234594920054,0.06011228946659639
689,-0.7209208150429777,0.2837112538328263,0.03440318509463639,0.03879353501146315,0.2944577019541196,0.10319995317251361
690,0.15701005614294766,-0.4829141394111446,0.047705111273823576,0.051656728940019485,0.7095131388501152,0.031363611171415395
691,0.027176347233370642,0.2239299622002763,0.12365794195871861,0.15306793408179417,0.5312279243331992,0.0819358580611312
692,0.01146065938339457,-0.16250583261056714,0.1465075976771539,0.13366953204768975,0.8061701300747316,0.06904249409280176
693,-0.021051588666556004,0.02060135088579234,0.1190058510260404,0.08998296324127643,1.6871684970946235,0.2839049697710515
694,-0.014769696336840063,0.019147074604046355,0.0764022443079876,0.06009688544693724,1.21779778871781,0.09015784636068502
695,0.06108444731143251,0.18336907058573954,0.12177020809842834,0.12905457911228546,0.39734317808941017,0.072672511648948
696,-0.02604670093937845,0.11437901364275073,0.028880271782465237,0.02424939691516153,0.5467948437074479,0.04339205542187516
697,-0.32546133487651147,-0.3530779373229384,0.07779638669389854,0.08774726158351152,0.3470005086771207,0.10738662394535413
698,-0.17724133040317522,0.009876205801092662,0.04076898367875822,0.02859116616193346,0.4186317307930748,0.054735854404690795
699,-0.2793407181064154,-0.102949784855977,0.1813982828828756,0.12564711692811423,1.5213916055342138,0.19591977428489712
700,-0.08864352982106104,-0.24766491564264417,0.02654176629918602,0.019983990573939424,0.5449276786019519,0.03539493988656482
701,0.21148799766146562,-0.04647559607511621,0.09679244603255656,0.07013865815082165,0.5471347440154214,0.05919032084499822
702,-0.008125509918251481,-0.004074165088346448,0.03318757226239789,0.021511622622832065,0.6844922160278798,0.03789146300159521
703,-0.031707317451007654,0.05633024773827715,0.09401830919848446,0.08676631293056807,1.1061890763678413,0.066700284121804
704,0.38929636523946615,-0.16081307551868357,0.0837394378152155,0.05811301674969235,0.47811718041676776,0.05976402128655305
705,-0.186115319451301,0.28555233593921564,0.16125529184908816,0.1613443335528277,1.1427778548538239,0.1406078367942409
706,0.01032407040352498,-0.0054792925151566025,0.054401825180036736,0.061603338944551264,0.3915014287585212,0.2247446154802235
707,-0.2543982389505893,-0.027440836266552766,0.10975151635870911,0.09162157829711835,0.15853636135679117,0.09732597383304695
708,-0.4166659314742616,-0.5972268444628789,0.0746053595882005,0.07415993549002617,0.8676319573161622,0.05027261237723229
709,-0.11190795249164252,-0.09765402945061462,0.040413349485666356,0.03583733525688886,0.1609795284111709,0.1085526479330016
710,0.05911674986041073,0.06294586107464994,0.028694351887132236,0.022532052262702808,0.4081797841445601,0.04154933106092943
711,-0.13354113399746703,0.18051483066752347,0.023897551569782263,0.024764995343984988,0.16645690975689958,0.0630360409349364
712,-0.23440344659247261,-0.47355721920625476,0.03201605325686163,0.033381967449588656,0.23918225942122306,0.09823836000306195
713,-0.015839450649465115,-0.03528993569806504,0.03964642636041637,0.029676673428787676,0.7597966478406559,0.05139317684537263
714,-0.36479826408625093,0.3402132321610304,0.06832797914159029,0.06564893364256573,0.22711083326205633,0.11254196783420595
715,-0.03903355693200507,0.04221754686575816,0.1176905147978621,0.11679272736054486,0.5709525318699944,0.05301579759061643
716,0.05625964636774981,-0.5570773567421523,0.059701084239787705,0.06749358717610722,0.3633256028061657,0.11136423460873085
717,-0.04480755308369558,-0.038920664039901395,0.11271497640797626,0.10764215659061087,1.058869245559261,0.13477960176437856
718,0.06492464880909796,-0.8048484611990114,0.036553041710174136,0.03644842169233566,0.15456909524017343,0.10647499935449643
719,0.11682844830669219,-0.05153474316463495,0.24633586902793203,0.20842970126812269,0.30945239552006387,0.0950830207900068
720,0.5140551415684562,-0.6564946824099402,0.05803801306887167,0.04893657316768678,1.1963331187365422,0.08006165446640486
721,0.0069905000150622286,0.0210605432133733,0.04703943394482888,0.03746249821834279,0.7046468771729638,0.042249726406303666
722,0.06511833525158524,0.0454718135528288,0.03846225232295931,0.033146756063807306,0.4434693190078229,0.03790757945294446
723,0.11767950097386072,-0.037512206880455465,0.06184899024679929,0.046076473754509975,0.5578639868958243,0.049368470402300926
724,-0.1711882440405807,-0.36407834377566617,0.0472962600127036,0.05077249996550551,0.36861329413084154,0.0736603627902204
725,0.23302139081806367,-0.21754275970804748,0.14548443085273186,0.10779609549490059,0.9904535968003149,0.050635961727951054
726,0.02263234497026652,-0.47727816433258624,0.08117625525404194,0.09169355396807904,0.7277517728003551,0.035474525177450415
727,0.23243508909961233,-0.3177434967062849,0.17187817483645376,0.14346668735271706,1.0648664281767235,0.05790318096694379
728,0.12254627833303038,0.1712451739598518,0.1525233477664811,0.1533811606066373,0.5265625964202642,0.05585268192927504
729,-0.2935969187348156,0.25859105912289965,0.1831243234987534,0.14731246708020843,1.4478742932473787,0.12268782886964621
730,0.021117514915365277,-0.02515266501085546,0.08830926111776452,0.07672190422090176,1.1879575012570174,0.12117810018212771
731,0.0010959217852455929,-0.024047672340236373,0.024776252267969968,0.017099437112961406,0.5144778054792826,0.03550081184441507
732,-0.03056495780949587,-0.024349427094603235,0.06078835847391487,0.04074724084390086,1.1320498490433515,0.06660940287432689
733,0.11798054442293349,-0.24343698066200295,0.037936264117860656,0.041123168738277566,0.27118571441543976,0.07666789727240143
734,-0.00220921714956913,0.019496244462548315,0.15284603108415415,0.15318742510343794,0.6846798156399367,0.04651226178792549
735,-0.447547876797453,-0.24323549093730315,0.15306902910174958,0.11166327718566861,0.8352740728529803,0.10297388595488781
736,-0.02227687123892165,-0.03167033571605713,0.1071723244722424,0.10794306548098959,1.2108397407625868,0.13199291608739094
737,0.0343719510828961,0.18520062271573406,0.028572540925721243,0.031700475681744,0.3205872607794954,0.056711305906880866
738,0.26034420883283504,0.599401602326526,0.13753523704780996,0.13365124700448913,0.4509814057831301,0.08174681231803418
739,0.1984246118855156,-0.0761001711578125,0.05815052738287793,0.043005920575719864,0.6160261992992928,0.048592898479385416
740,-0.23457389686873786,0.25984023751701785,0.06532778929294847,0.04261679887997258,0.9952126891332904,0.043889251385258184
741,-0.3629570252640244,0.045805254311673795,0.03450032747722067,0.02833544964287407,0.14276900952325125,0.08830942433765687
742,0.01561179150385735,-0.06390552614579585,0.04983427118480657,0.04255537068631256,0.7451742158958287,0.03393734184263465
743,0.035067161683270315,-0.0469011755676851,0.048489045793687804,0.038391304819354294,0.8446772257580409,0.03871550791767926
744,-0.0019052418137218646,0.024286498113166813,0.04831012205478826,0.04096619282807816,0.4312255779428109,0.0672215353837762
745,-0.19857021239114372,-0.20808807829645523,0.08461010857624349,0.06862955899193329,1.2453642756000116,0.0707159303954024
746,-0.04306982396582256,-0.019377281064861564,0.14766283076051143,0.13005045578533697,0.3282006775872296,0.10137188991512396
747,-0.009320640704687888,-0.027383492900021643,0.0712857083648705,0.0632512914141501,1.0957074850550772,0.06957746247061178
748,0.04189135116993652,0.3485534466907807,0.09225363444105315,0.09665992403825771,0.8797982602643785,0.041151746974125686
749,-0.2816272693580816,0.6401674922455639,0.03376668643105374,0.029295367027477776,0.4483527596034559,0.055918684420236335
750,0.21627462809468004,-0.05859675297960933,0.24588080043949756,0.17790363019315075,0.700411348637853,0.0435880888958746
751,0.03648667442919947,0.14102701189413544,0.15188843176859976,0.1493413414844075,0.12096635534763275,0.12900524843525002
752,-0.4700073306031482,0.41069845052056486,0.18665642161514448,0.176634776499238,0.4392792634647243,0.07739558085883738
753,-0.3943092781561202,0.16481504927684984,0.062105064425752136,0.0434255512482737,0.3717081229024619,0.10357809215579211
754,-0.017065882874254555,0.08410593964193369,0.04283681937274304,0.037472593751970706,0.6949260639601699,0.054161887015322034
755,0.14687911988719743,-0.03420762289958562,0.13875356421829926,0.08458395599737108,0.7156039751053911,0.0491454827908659
756,0.27795464765066735,-0.38590340096257425,0.09188735369157158,0.08814536463086087,0.2594727835640654,0.10050089609511803
757,0.23139452093422186,0.5974316139037628,0.042914076343053296,0.03362644691223474,0.6256582875816183,0.09730247096091581
758,0.10689334180131946,0.30943954375988336,0.11835702507382256,0.1548045237272049,0.39253605265626434,0.14249511231397127
759,0.20980173145788675,-0.1407281051259273,0.14325344608029877,0.10952392230563536,1.181252638811708,0.05031785577029556
760,0.0004268454055372402,-0.012233770023768643,0.03188269440180121,0.020005321663314264,0.7629190566700287,0.03753896611593147
761,0.03855195932556643,-0.47112458582665295,0.07843024401681624,0.07827431151978793,0.8938591950928068,0.041871538028637224
762,0.027819712927602512,0.01256965527632649,0.0633905443587435,0.05381651209499957,0.8655219236764715,0.03741594611285762
763,-0.005494064527122991,0.04544251618636811,0.0672382197594862,0.057960844323260534,0.4039442266050159,0.05551421682567846
764,-0.12174092424452171,0.013011774141362781,0.1585920426992881,0.12089939437644824,1.3922331020832133,0.15873726594833662
765,-0.010647090404961092,0.4300669018267288,0.06692591818197255,0.05407823757105329,1.1187578636451576,0.04884948442031099
766,0.00028171166090124283,0.03414357057759325,0.044079607191798556,0.0436829101621132,0.5666219519872522,0.05467588622736613
767,-0.6253994977926298,0.035217518408261386,0.04588766081729371,0.03207762636080341,0.7990356338891695,0.034950072228610934
768,0.1357763293415646,-0.20061431680575761,0.025757698287851995,0.025868715985683514,0.27670781569701625,0.08118411404728018
769,-0.27218642985172975,0.12432070975745936,0.13734177270583606,0.09056573682281592,0.7967740129417056,0.043926611997790604
770,-0.044184743135357446,-0.06392139904348286,0.06417234170751222,0.06768580854365948,0.389660982457726,0.06532555578852874
771,-0.2618717462795472,-0.6493995780700212,0.040117230386198584,0.037488310824192246,0.2293678042220395,0.08853958054164593
772,0.306030479454718,-0.518718093407885,0.10790202224742258,0.10237596978727835,0.6557712847335375,0.04422953502945495
773,-0.6617561790342097,-0.14770828559453913,0.0415889839841912,0.03256148671693085,0.5037912111310058,0.0543193249373163
774,0.3812746652448343,0.5621537719243495,0.07081317146711483,0.07065703510039409,0.4909951668247293,0.06478068539525998
775,-0.010922558627175607,-0.0064632649250894935,0.05249871261108098,0.03857001211078722,1.135257511080231,0.056634601322782106
776,0.023644696172416473,-0.045760947515764136,0.02321884589617093,0.017855180756831467,0.4692946299856579,0.033070985291588154
777,-0.20990802294309915,0.15861588940234267,0.062375497251071124,0.045728857533766765,0.7088630952278355,0.041257960564036515
778,0.043773456071308704,-0.2751059768419057,0.06294368327604455,0.054929825556608705,1.077902046722853,0.055869921059309866
779,0.4613658564474508,-0.6241194494427743,0.04325230405586683,0.044510920544856926,0.6767839239618336,0.04883364268420882
780,-0.15393940060487363,0.03406960890081801,0.0994431403650995,0.06110726216878547,1.0697809357740362,0.04548280591669758
781,0.01401750231133392,-0.07982321959264171,0.03643739906810204,0.030714783198901453,0.4093932134103164,0.0689725904332104
782,-0.013368681766252685,0.0043654349228804,0.06515210568290293,0.05158937467596413,1.0809985607274954,0.10734626785202234
783,0.12378021753754657,-0.07226973913007727,0.09395768386335489,0.05775560177858726,0.9671639823936536,0.03829232558020849
784,-0.4014276991259504,0.5215020923943015,0.03551317724780268,0.03294076341962992,0.19149669093650046,0.0585784875240483
785,-0.24524847137781405,-0.6681654438834219,0.04494715613616117,0.04299640152916939,0.7542191860355711,0.03710714415489703
786,-0.07398277073690819,-0.18594603286706812,0.11578433211048735,0.12127196341842222,1.0765876561313825,0.08207713098216479
787,-0.0066395917023249875,-0.0014572364114375357,0.03333827082974235,0.02298379455879503,0.7767937713887738,0.03782819575292
788,-0.04160554293937485,-0.0038234463408241496,0.06998936188499022,0.0670231578313713,0.6951160100432335,0.04183683203152445
789,0.023014210457769517,-0.08254745181072513,0.12396221269160414,0.13626023730247155,1.5165004924095074,0.24107933352368652
790,0.19512042561760856,-0.17622006989457692,0.03486239193124083,0.026492269460776416,0.40543753822803547,0.07539384074850337
791,0.022055344595018095,0.05668366749212189,0.06204589304163215,0.049233486877211304,1.1581132527305282,0.04265836649424466
792,0.21654796651041222,0.020162293905874956,0.08669774740713225,0.07175154978247739,0.41610114603849546,0.07600964980152618
793,-0.4936367805712293,0.035458611102418304,0.19975563433999619,0.1270672184303722,0.9102335331156026,0.13366800555254624
794,-0.017089362062322977,0.01662396705246108,0.06375081434585798,0.039885097543619796,1.1350380342193493,0.058342115906965614
795,0.08729067053184279,0.1424190726790487,0.12713013328000794,0.16835926143727503,0.7118304359751192,0.03656143743674653
796,-0.09356189816420976,-0.12318418127299668,0.07659402286245216,0.07450107831880769,0.8313122768550861,0.058831067150685985
797,-0.03859484274382146,-0.023581597201535555,0.08227024562027378,0.07223284680660798,1.309017380379721,0.10816272161357261
798,0.08673540601819994,-0.08554617711961536,0.08851880539406545,0.07463223033383458,0.6912020512339351,0.048162493463638295
799,0.01696039792094508,0.294071326138701,0.040482784105445486,0.05084651998430151,0.44135694286107635,0.05637249145283387
800,0.2873923671040185,-0.38035632186534307,0.043032496814594874,0.05013859737968741,0.3762665007162665,0.06352749581806696
801,-0.06668277620359585,-0.004694851869192294,0.07573352137687657,0.06077817657037149,0.7804313291672635,0.04221951390404792
802,-0.04810137842335366,-0.10023198566475644,0.07368504435948524,0.07892675249401064,1.007889792177906,0.045643229104948786
803,0.019681916021269282,0.335082198011179,0.17041553090274136,0.19876185218229678,0.8552699606763626,0.04108088850564835
804,0.0390963117545356,-0.03411410149936096,0.07458831135950945,0.06343944869331312,0.8184334408442288,0.05756712767022118
805,-0.4647147154933144,0.2917733752305069,0.08041803845800895,0.0643025971615556,0.6212767256778118,0.04508399477912242
806,-0.08075974752640748,-0.2267965474763499,0.058899249711853494,0.0498357978390589,0.8754308903293438,0.04432928789178114
807,0.22575090457392538,-0.5613446438825991,0.08131466729484199,0.0939021413151422,0.08748567342965874,0.10072256798754557
808,-0.09664494234481527,0.16553477880626,0.04014922222768227,0.043708321599950514,0.2659972823772424,0.08047064668373767
809,-0.7209208150429777,0.2837112538328263,0.03440318509463639,0.03879353501146315,0.2944577019541196,0.10319995317251361
810,-0.03985541962439071,-0.04629412855001,0.029941684210127637,0.030774472862309547,0.27816219488562804,0.09298142200123859
811,0.024839592323890103,-0.12252392438339342,0.07141733497829673,0.06558931489894473,0.8341110394446842,0.04755247448448183
812,0.03505634245306008,-0.027124370212041303,0.06940165404740795,0.056174657605857624,0.6219185682908578,0.05038334562377376
813,0.49465178003084925,0.3635396187206908,0.036190032487666675,0.02936285692079898,0.5192673827153813,0.03704638696038227
814,-0.013552557273698156,-0.014925416426226084,0.0434575324134785,0.030722184836172405,0.7522269547691511,0.04713271479552729
815,-0.15771404622835847,0.10515188085286184,0.07047346034291803,0.04937643714069104,0.940196766329906,0.05090474036946248
816,-0.010864682295430746,0.014957781344512677,0.04024073778475859,0.02848916950693085,0.7592978854154103,0.03444218785936666
817,-0.055667476223657045,0.04139672902600158,0.06182661613666599,0.0540162815084786,0.6603725157581777,0.04474343273458971
818,0.05670982245739163,-0.11489800679307532,0.04764543057310029,0.05541745788462172,0.3972654182097962,0.07413241816168097
819,-0.020497238215318334,0.030971675033458622,0.041393859206484834,0.025433558110851327,0.6400419268040748,0.03431410035402038
820,0.1410355259755594,0.4868195042896038,0.0943440653600766,0.07048776820409232,1.3576968856611111,0.11912201991033676
821,0.002080529064934584,0.02308453832014054,0.05318874256820463,0.06036101928743408,0.7148900696861219,0.05023105388620414
822,0.32950123487901606,-0.07980678630170841,0.10979980130631833,0.07800264427344855,1.0601964686966736,0.0671708611627784
823,-0.32360225152099914,0.5567293204116593,0.07423626847364724,0.07360715907774,0.5505425946848421,0.05256266569570295
824,-0.08052246842306444,-0.09577019912321973,0.15313974815485112,0.13296314570045598,1.6220663646573792,0.2519019981457674
825,-0.09864561791929222,-0.384701864340414,0.12757033269299714,0.177059049084298,0.37098413460426577,0.07793476742853099
826,0.034450952838987456,-0.003110597265265991,0.023303109374066207,0.019396830354088467,0.3366891294319092,0.07883378097877577
827,0.10818144584629956,0.3260616813196413,0.0734327694770572,0.07883337925938778,0.8892257882356798,0.05008142264500737
828,0.08056611087798339,-0.17968326686169905,0.05863603163680364,0.04227123253374195,0.8176055949533598,0.04760975770837178
829,-0.01766862808271441,-0.0639446153150672,0.09423891607357937,0.08935827883901215,1.089543387137728,0.09551345841530358
830,0.039733130892662144,0.10916847514168744,0.04341418135354197,0.040848764887718034,0.8190405421598779,0.04132106075334925
831,-0.45194081950211723,0.16287418136918003,0.3118113802295637,0.2112611537835129,0.25243558153753737,0.18821786760729356
832,-0.05843881219123556,0.045029918617127955,0.06896349049827183,0.05694820898839866,1.0059760881944668,0.04809514006951138
833,0.031349828306873294,-0.02234603586277914,0.0737209280753127,0.0752461669144127,0.3803433125599836,0.08610953487410283
834,0.02197547677794197,-0.04545050723162111,0.04364439557961464,0.051335137087928744,0.4715127266929713,0.06890690465882021
835,0.10744766343745965,0.03277797861187317,0.055945741522289545,0.040870545295009976,0.7183393496380603,0.04350494612991311
836,-0.021826348835045233,0.047360411332194194,0.08815254729173737,0.08282625889944939,0.8641319726697158,0.055741134637005016
837,0.1466298306661075,-0.04232829687095822,0.08428323537097246,0.06059647932001737,0.8495265794026932,0.04220089030445557
838,-0.2253820807370487,-0.43216330918834095,0.05356425697629435,0.06307438974463013,0.4219837354294348,0.0627850662070985
839,0.0752216804645727,-0.23742210537743022,0.06789371202318503,0.052490636588563296,0.954987758813998,0.043761653265967836
840,-0.771000416763431,-0.09924298759368262,0.05197299952271564,0.04928507734126324,0.36584315125598255,0.07356230691063918
841,0.39356724623326256,0.09765902542915685,0.038366417024212666,0.027825438305472006,0.33525716907579484,0.07886013200965943
842,0.003601791202588373,-0.20049839673033415,0.07443432092979711,0.0963606357706155,0.6087887715020422,0.04558960788176899
843,-0.3305788446833898,-0.1414324674259328,0.09894667810664842,0.06305572320928299,1.2670610485019287,0.09745951324322565
844,-0.13661095515267863,-0.019775682106103365,0.046057602084018594,0.03434634227845768,0.2371994448575483,0.07363397486448323
845,-0.020040816007119457,-0.041118676283198166,0.1140982787521979,0.1158015884798218,1.4230096607142568,0.13810326525781655
846,0.1329042036749744,-0.8007450211094133,0.03792020308203845,0.034681589332122106,0.5143096940662899,0.07081533728544939
847,-0.009774258134108104,0.016957866818043538,0.03416126435779591,0.02467462082816307,0.6122429099593121,0.041035716321132294
848,-0.11930121849415566,-0.11441478958252412,0.14220720970413142,0.1360994440178512,0.4176505930769472,0.10957353617293801
849,-0.15273211919551027,0.14613420817321562,0.12299428109453027,0.11116007413389561,1.0205473451129559,0.0396887077917723
850,-0.020328389857427378,0.012649298494490995,0.03581531375964935,0.03195997901800238,0.30498933628624203,0.06366116478453676
851,-0.35655223761231836,0.28312904914410886,0.0572654808952288,0.05265431468293596,0.3336645016460538,0.09819999970859422
852,-0.1467181943846803,-0.15033900912660408,0.1069375995648846,0.10552353350972905,0.9345518521620801,0.04377767982243122
853,-0.3431965553820708,0.009031500186753779,0.2150622900204131,0.15328216893060384,1.125305570202314,0.04217431278646271
854,0.09307726424900407,0.16217314085266388,0.05698778003551827,0.050222793328496884,0.6631821998022522,0.04846933387575353
855,-0.697682666504433,-0.5076399478481638,0.060240571144985086,0.058799489571240135,0.7044108122348639,0.037483634708454734
856,0.023979526158426218,-0.05686620442345146,0.06306650035321167,0.06087108368495429,0.708740247805676,0.05510350017432792
857,-0.04192261781966468,-0.020093826200583708,0.09796215754357862,0.08427490805762118,1.3843827177666193,0.10769238860104394
858,-0.05460278169140971,-0.031149862619535187,0.07317497298548817,0.06801347184396347,1.1925616232382743,0.052454737249734394
859,-0.021180674236839305,0.0300155476994041,0.10179676748825749,0.08812529659855613,1.2306826694584152,0.09754463023300504
860,-0.058999004584245104,-0.06259154712368548,0.07612972186432487,0.0774441968602913,0.6261552536190189,0.06296635974755349
861,0.022553702045850138,-0.09674776115650438,0.048059753520632034,0.04722545768012286,0.7214537955764958,0.0408356009817594
862,0.09954825928220962,0.09426264635240647,0.11442074223368476,0.1210037436392947,0.9664488752121433,0.038887289329127
863,-0.4355122186988236,-0.19348237552223507,0.0719998907747369,0.041821560925228735,1.1764129906237735,0.1033372533190035
864,0.06696513187736458,0.042334168059484055,0.07439447307072981,0.0773648474731033,0.8588429131363154,0.04849324037719052
865,-0.07369841979449658,0.021007833600344403,0.08594213776863076,0.06818130685167799,1.088798186267597,0.05756890266929799
866,-0.4535928363167002,-0.6326117378634434,0.10110596721473158,0.09626036951410583,0.4262754397204722,0.08458144807899792
867,0.034379973189322316,-0.00892059263646992,0.06387135773035853,0.07589397783744152,0.5896337043312646,0.05494243242723505
868,-0.14992210059145195,-0.3526986559418102,0.08096285130653004,0.07852333569470983,0.7020636926927109,0.053644258162284096
869,-0.6352460418424859,0.17799114245069309,0.17045697218463277,0.11320323662144559,1.0970083053649569,0.08621223346866898
870,-0.19340490383598125,-0.12149368365276324,0.08974164003729128,0.06737825638859594,0.5732616025273155,0.058312658443467946
871,-0.06286018872518397,0.5969668377735747,0.06219737497605706,0.05748046677564762,0.533917854139934,0.0873890861251755
872,-0.009417226829826727,-0.10016218822047898,0.104731617859622,0.10209511685541485,1.1418264076763065,0.07463788665459284
873,-0.010954852370278814,-0.01616479354887379,0.04866337624144747,0.0283720499130839,1.091817564810736,0.05617874236701947
874,-0.41065688577103227,0.1747495793627587,0.03593914582814468,0.03160552005708541,0.1500816131428804,0.09748394992888852
875,-0.007106935267557907,0.004417239196340019,0.054034590965718735,0.05126604918775593,0.7406244690090154,0.05184544404421104
876,0.005794903589429439,0.12773228481106844,0.042803060685371805,0.044126756565168256,0.3920753695454564,0.05717638063606371
877,0.023937847617594148,-0.0758120762272193,0.03541652686782235,0.022357206440266703,0.7202929277699309,0.04741829264690362
878,-0.008193260601330332,0.010282813347623562,0.07018365173438781,0.056051008241071495,1.1328761859630176,0.07362611511826996
879,-0.32360225152099914,0.5567293204116593,0.07423626847364724,0.07360715907774,0.5505425946848421,0.05256266569570295
880,-0.007323587052075792,-0.006369824376711737,0.03802487958036073,0.026243117522074436,0.8975145979626346,0.041908162122996424
881,-0.0838200167425645,0.05596041218988965,0.1425421256592218,0.14020156771978406,0.6891422449174986,0.05591315054175541
882,0.27022893208099263,-0.440220383930982,0.15182307105952264,0.13324159939955119,0.8827149934898435,0.04760562410521573
883,-0.2574651050266308,-0.0811085128421338,0.10120697644756478,0.07154393193336951,0.9791701484795269,0.04385806575586252
884,0.07532488914742705,0.03900484280698675,0.045976714230340124,0.027013081606644316,0.7588532238722611,0.03769200666292693
885,0.021771633098289254,0.0496538021892029,0.07371893305777974,0.0768455704545266,1.1156261674379764,0.05719098863248533
886,0.23776476667859636,0.1796172975395499,0.12164961949986325,0.09275360687303535,0.45987846130672366,0.08272399285883296
887,0.4972396952286695,0.7800232374939693,0.0542218141914875,0.0465738994267198,0.8775633198952195,0.050160810407622
888,0.15482718083965605,-0.019034245265186912,0.09225726364824308,0.06703115344484395,0.8354716009417418,0.05443137186311956
889,0.6690483561097748,-0.18441459813054775,0.07003030672881412,0.04558595923756207,0.798990407476691,0.03974840825888478
890,-0.025995454880626753,-0.2412841335910777,0.1627341450352087,0.20057324297644774,1.2642599205198266,0.2384960111394885
891,-0.15439439996213233,0.008716408445548543,0.04702160804080414,0.037657354217359634,0.41686538477768653,0.04177169028262425
892,0.0034597736073181196,-0.04023012254461662,0.04409812606173548,0.048885557051988736,0.12880964241829024,0.09859710181835882
893,-0.004580760114574097,-0.012633038206802637,0.06225187921291949,0.05383128193699042,0.9563007881290164,0.034956078861541055
894,-0.21739917378209653,-0.32031966969980075,0.06595782727805015,0.06146473384438641,0.8220830487383692,0.04975866303625747
895,0.0490709019279483,0.18384193033702015,0.05612256125439241,0.03731092037947648,1.031062421037101,0.07027634863255362
896,-0.021164579985901516,-0.027436852138694286,0.07006389261103442,0.06060259049181483,0.8399972851106536,0.05515251205461147
897,-0.013943625628042614,-0.0010098138208435546,0.02856314155266019,0.0312618568457379,0.23496199341250978,0.06934634917271879
898,0.13978827582634515,-0.024314465735764155,0.12300984715416888,0.10094193305222003,0.825247981862728,0.04295184075136628
899,0.08762464124556453,-0.8271585459232872,0.05829504722615908,0.052269498300139605,0.7433203943689957,0.03674540040506549
900,-0.41357688244160107,0.31535296395151957,0.058759378756935196,0.05716262548416291,0.20974944525844963,0.08145697913103028
901,-0.5041760850630663,-0.12743458449223144,0.07316326475641764,0.07134453467711852,0.26209440863779687,0.08694380228723735
902,-0.009820298638568285,-0.038091563834629756,0.06689628686121035,0.04470678099634997,1.3788415506429645,0.08630359143425148
903,0.26167816832986235,-0.2560288688350581,0.046523755348752784,0.036182250488211824,0.7271912265330349,0.03739082829953374
904,0.12019576227986767,-0.10842296989357633,0.055596470069208564,0.04989879265702084,0.20016926461532564,0.08345844533044754
905,0.12119717562720686,0.3996245476426144,0.062381616651055634,0.06750283380234974,0.1216235994554686,0.08900769525312427
906,0.2348362802174276,-0.430943095282406,0.062330237302241444,0.05931457939415764,0.7431203326095511,0.033905207920678415
907,-0.04127130975045784,-0.06679333624153307,0.11020590313351485,0.09605086637549617,1.4356630821201306,0.13106767108018239
908,-0.02425767722909691,-0.03220354526593332,0.1177488064002267,0.10449743475546285,1.3310910122706985,0.08423528811130356
909,0.003075680862982515,0.0008178007769831467,0.08833232627358611,0.0745494921448195,0.9866568268332568,0.048773318820579184
910,-0.011746893233994105,-0.0017686595161019985,0.06239781959071678,0.04961455617352721,1.2858767468730594,0.09697266017586886
911,0.05701834249014434,0.052703544335542626,0.08543224474239125,0.07863393732007372,0.6732209393170289,0.04364613436328906
912,0.05693821587091046,0.06785567376993833,0.11568384190760056,0.11533915008265104,0.19925841587171483,0.0797380977124765
913,-0.046791755214454694,-0.16336012425832847,0.025816075935438453,0.023332720367699313,0.29246732134209485,0.115820630753794
914,-0.05297327597908971,-0.03586596505167336,0.1289827440614643,0.10273644857419693,1.8517623490370363,0.25411781209063056
915,-0.04014042035149338,-0.03926137112992235,0.10186972777683026,0.09582210654443916,2.1264604032165684,0.4320821849208257
916,-0.03744857118449507,0.004819625833068735,0.04478081269070235,0.03303184814683565,0.7151017994248295,0.062093464496798895
917,0.039212249034063,-0.13136821606887594,0.05738436275437594,0.055532446170729007,0.5848387217893262,0.04799482961725825
918,-0.021007113019434455,-0.008988865961845394,0.06198548461411085,0.05915166222445407,0.9500058481044559,0.03978713531397314
919,0.010576315982926241,0.023526022397143423,0.04840110488994006,0.039557685505132605,0.8088914449581438,0.03625446414741409
920,0.11003730182550299,-0.011908012248057157,0.08469212646628262,0.06451973102858656,0.711587666008599,0.05753847087283178
921,0.2975615252428846,-0.05789365857897803,0.09750391165410542,0.0679201930300204,0.7315451509102188,0.062217967530221414
922,-0.2385553070354852,-0.08336292840087238,0.17340169074841683,0.12224490315996561,1.0700527956136383,0.05281206130158553
923,0.6223617425641681,0.20781692131720383,0.08286816399835692,0.08354185374223726,0.4213722958537149,0.07878930253633448
924,-0.011481423667105474,0.028824650426013156,0.058264122376243316,0.04273939208444712,1.0951770441566167,0.06541884450940498
925,0.12077379556376677,0.29007270649657485,0.06981639815052465,0.07200976387081047,0.9281250312388188,0.04406816638311002
926,0.7030853683124397,-0.028012506628717397,0.04943157108690054,0.04025726941844237,0.4494196594439102,0.0665374069725021
927,0.06682128424871103,-0.05260514272577591,0.12356653704467209,0.11872640297243163,1.0803238740648797,0.17997619304569465
928,0.19222817112620538,0.14970529883298853,0.07388564595313316,0.03894884100137336,1.2742780032803562,0.0666299700488749
929,0.3059955930875379,0.17441684793773518,0.07035161883065258,0.0525858241563166,0.951726164277754,0.04201414192105953
930,0.04667735055090404,-0.06258092537038115,0.11162259846330243,0.14495198045076535,0.4538142644295112,0.08173698496634473
931,-0.747581758836589,-0.44853368842768465,0.06250796235641888,0.06522065708475534,0.6479645071381317,0.03824675418060333
932,0.23302139081806367,-0.21754275970804748,0.14548443085273186,0.10779609549490059,0.9904535968003149,0.050635961727951054
933,0.2370739463899436,-0.20599149387969598,0.057842543338794024,0.03049691161626858,1.181835798037865,0.06702511342839579
934,-0.07613363849593216,0.04663151720221257,0.08171876069782238,0.053199991633299214,1.1770422327570043,0.06922070866440078
935,0.08783237395963074,-0.03228130171888047,0.046301893384929994,0.03456979178639569,0.3900302288922094,0.06604612977521827
936,-0.04650906668937059,-0.39427522951802385,0.04950558271949283,0.050070651736823846,0.34176178495357606,0.07134846409688365
937,-0.0008654125645447084,-0.054793709395380766,0.04442833624292201,0.04428811426218906,0.6012209989250096,0.04360211789915224
938,0.4448889528183205,0.3935419005799432,0.043892508106548156,0.0397343072279266,0.44512862193780706,0.0583976704177659
939,0.06566462739372074,-0.06824810628528168,0.09546387047201291,0.08180409838721303,1.21843087124899,0.07318542203304519
940,0.3339937928641476,-0.033073121029995586,0.15508466197346873,0.10162544753512573,1.2039461506875806,0.10731754983875386
941,0.12081577041755974,-0.3027020303469257,0.093054940309632,0.10043128675939914,0.21043088532836768,0.10613568275267195
942,-0.017380222234177466,-0.03328594319839842,0.02812261855628481,0.01837931767858733,0.6248482888342735,0.03801668380385026
943,-0.13319785056918132,-0.04564508474200558,0.0521660586415535,0.0422090221484554,0.37135325101579103,0.07834428500129711
944,-0.1935168128810755,0.3263005509892954,0.14028331282774517,0.14852381721412583,0.8598434765351625,0.04551231887147682
945,-0.0107135340602684,0.026023855514812733,0.10127927093194923,0.10392473203629841,0.2787248892503784,0.4994794436779035
946,-0.3087208602672522,0.47544952560123926,0.05523928674763873,0.055598738696681235,0.34557563299186483,0.11580739289022374
947,0.20644994882263212,0.18317650981924796,0.06800083830322874,0.06097893753634485,0.6133442931023642,0.07137775802609947
948,-0.07386464168567668,0.0013006044871066418,0.07324433161865673,0.055265228431620156,1.0355498832335572,0.05957652625586027
949,-0.0394678012719138,0.002041843923240621,0.05760816285948698,0.0442266593124684,0.8453563357708402,0.040464245569611916
950,-0.1064235018773142,0.033472123146730585,0.145384908641194,0.11360423335973738,1.1396258177386949,0.0629787149231212
951,-0.11506754619914256,0.10451335771236554,0.04831246552108955,0.041811315485259105,0.3781686440442323,0.06836246100451535
952,0.23939046452641566,-0.0032562641423544234,0.06600647195917199,0.043951489796850346,0.6433904708716083,0.04995648324554544
953,-0.22369608011906664,-0.5429685486694854,0.07927319660986551,0.07258337157795672,1.1170024518584278,0.044460564169772475
954,-0.03447557341391122,-0.07509662330089288,0.09234816172476931,0.09929216508108199,1.1700593443093272,0.07196317805154744
955,0.032981619690331296,-0.016137677405435775,0.08920830531767746,0.0653534390122089,0.8789358211237057,0.04489857531537064
956,0.2673863630251386,-0.1605023676547753,0.18706640068345756,0.1467477068850324,1.3464309121261755,0.1358766878678266
957,-0.24057068642446774,-0.18026197896963117,0.09518809617864094,0.09118391693094531,0.9446583260995575,0.049516844038722564
958,0.07045218474365622,-0.0883514223605773,0.08113957166990765,0.0714599525333341,0.872657352311218,0.04511421570845203
959,0.03557075869184926,0.0029105681376350046,0.0999670776271172,0.07484961609298518,1.2903335062136359,0.08190843751781897
960,-0.002568740340863197,-0.010757132794235267,0.019032868578626204,0.01603538846952686,0.33498069086467885,0.06367733846070715
961,-0.035804263210492064,-0.0224122115648313,0.15642493222460144,0.14678006479707684,0.32546044431139537,0.09346518244235746
962,-0.15540134236684738,-0.42073149810442667,0.03045238698484145,0.03007500623071036,0.5855743836585992,0.04433572158746636
963,0.277417670248971,-0.13116871695998614,0.16576011238154487,0.13346611235413086,0.400250988208326,0.1311151404773961
964,0.03406998878131064,-0.3689915113423111,0.08268611257025553,0.08877852353959617,0.9615065440711387,0.037787073580401176
965,-0.6841776409239394,-0.11537369931927456,0.08702069670232854,0.07236488212483548,0.45904312562651073,0.08172107437198246
966,-0.06813075067640395,-0.06488339117717273,0.035001413818413075,0.021915745043883224,0.5979020121619786,0.03540237116519732
967,-0.1440650133755593,-0.21913226958237486,0.15280748961718624,0.16529955394762957,1.2258659531818616,0.07018763539215292
968,-0.12532649660144551,0.08284184632710934,0.09309384795108017,0.08691945934558314,1.1251176385237254,0.046359131967045206
969,-0.1738097549928897,-0.0018437673452536985,0.15430813379427197,0.11013313875521495,0.8569948054596762,0.054020006262319724
970,0.11694400517839353,-0.10755939059139237,0.08534668153233768,0.05603539614456793,0.8615506798273667,0.05242930193901762
971,-0.020295557321453363,0.2293361551140825,0.025361438494727263,0.020489063076062866,0.5730285786537541,0.03469670725692802
972,0.043916844540495395,0.0100998685607103,0.03316308424489834,0.03138602694696062,0.36949341072606834,0.08101237868305583
973,-0.001655115956621719,0.046920006221764454,0.10639996058600806,0.10974359537062324,1.428516660163418,0.13263349378415953
974,-0.09739456874553998,-0.08462580981628162,0.02074593418010285,0.019014315986076127,0.1540363909476949,0.06476899385816762
975,-0.07565874539734775,0.07609794610190312,0.06879351506905867,0.06462097551474301,0.8192295089399231,0.037528738743598855
976,0.12847657843380275,-0.24898704078787814,0.09471996349910448,0.09075519406783775,0.9494232181569376,0.03845009173988772
977,-0.09510891329762057,-0.12928465604512585,0.1111770382912961,0.12956312952891516,0.8738482429161295,0.06663090493134022
978,0.16759522276677213,-0.1889785925401455,0.10440618164178046,0.10861188682087451,0.8358019110138412,0.040133870172857654
979,-0.3965663391009941,0.2743222675536288,0.09082041020107111,0.08479197695799605,0.15690022917972174,0.08132035884455588
980,0.016767336445929714,-0.02127760780771365,0.08574403358644847,0.08951336186385982,0.46055516342144015,0.08010753490759355
981,-0.12863690403240788,0.09773727946817258,0.13429309241573384,0.1336517696340603,0.45541913474250484,0.057386385387068695
982,-0.13857843332768,0.421118181212177,0.13838838566817824,0.1352239492548932,0.34803710740531535,0.16053513272450448
983,-0.21148699177728675,-0.16414538007644597,0.0656270210080535,0.06408438130127128,0.3230987164017182,0.09033954431401899
984,-0.01396377892209501,0.4085198006410963,0.1453475609797344,0.16995635558919353,0.3952003193719835,0.0764504533811202
985,-0.08671451499523636,-0.06024789629114876,0.11623970032624842,0.11165228405175139,0.8611326033944413,0.04823648871495186
986,-0.0439102698454368,-0.012419649704118067,0.04771313210175461,0.04436621346890578,0.4369154673906063,0.10259768635269535
987,0.030547772463369267,-0.00438436122420959,0.04737463202214094,0.03585271164693971,0.6613915010484303,0.04708428562073544
988,-0.06237949968953459,-0.010149570907930134,0.052429165451086245,0.03476271880077689,0.7863613655920327,0.03826367233090073
989,-0.08871290096100298,-0.32885772776366773,0.13751217972568192,0.1378222965312095,0.5965078128857172,0.07075000342729167
990,0.04896924177392549,-0.005172776193316605,0.13388560001764577,0.10473201398797904,1.7793044774718847,0.30220503245216535
991,-0.029794882023168986,0.02188547858196393,0.04287242728994773,0.029808370274382108,0.6604486070704405,0.04790817578103316
992,-0.0379902127203738,-0.010712045937004016,0.09248200788175971,0.08330573820145158,1.106279292976606,0.08190168585077215
993,-0.038595798858052734,0.023620562746111157,0.13633942435544177,0.12408807298230352,1.7490725750077698,0.3180621655640661
994,0.011952308440022198,0.008059975807346806,0.06519328894033923,0.059414580326416194,0.8500582661538197,0.046724484593706817
995,0.08221705709580297,0.15924193036261913,0.04846514197304782,0.05718103678007143,0.45182081892810805,0.05246534830152377
996,0.125846008061913,0.6966013238250609,0.16759221206614722,0.15748579246402392,0.23791680698977274,0.08452298246252235
997,-0.028245256024774946,-0.04539777401757452,0.0980032451507527,0.09027583945017266,1.120332976145394,0.05351075180574037
998,-0.2734080432593117,0.15166207745101773,0.07519994838208544,0.07761091097424379,0.15111541188779787,0.0715205528641467
999,0.007836567179211103,-0.00207520710089649,0.059113189524935515,0.048224861390659894,1.3551914404617555,0.11905640922240322
1000,-0.2700834956376048,0.19269709222203954,0.053180528264645664,0.04898316099811563,0.4815979794281051,0.048075876102644556
1001,-0.6129999133279532,0.3062932516682172,0.04657639466335408,0.04777233500396866,0.2947836143831738,0.08229814462005385
1002,-0.5476106446927456,0.330203590951065,0.0930166806393199,0.08247681892997816,0.4710573478222296,0.08722995545060541
1003,0.1703908282794174,0.04731431512930752,0.0820576368154062,0.056334471055990515,0.3360553632466672,0.09713442460110022
1004,-0.008581037788469933,-0.01099323468368236,0.020293601387570553,0.016650863442761114,0.17957658204600824,0.059692169487355014
1005,0.09100152553857238,0.8395597452340113,0.05530607859383273,0.045773259051139194,0.9527750937401767,0.03860318701699703
1006,-0.029248610680947487,-0.003663432655621907,0.09451785038700876,0.08781050510574827,0.6981831446180788,0.05678190010869387
1007,-0.03522138678516089,-0.23547542998308965,0.03629802964521599,0.027209544543036528,0.6447863542055206,0.04558340587708534
1008,0.14903178685197285,0.013479762809396714,0.13230751202621782,0.10471508421435054,1.0888095302864929,0.06883070988807263
1009,-0.17905720193504232,-0.07760857948380492,0.18187900099405693,0.13409119252435445,1.4140683310521929,0.15141313572919096
1010,0.030942930082704108,-0.042193566781631886,0.08444893167212968,0.08286042753970659,1.1186862424998727,0.0579532498418793
1011,-0.23662479532579006,-0.13468793441847354,0.028870640244052833,0.018542334025048256,0.3300150736290866,0.043159428242838284
1012,-0.015380489848452151,0.009769805831509272,0.06019974971164718,0.05337386752073135,0.9028160311327323,0.05343453140470678
1013,-0.643987105056944,0.16237488311846454,0.04959640722727877,0.0522558256529071,0.12758292866960955,0.0741964950189411
1014,-0.014005121034358177,0.3016548156333393,0.057102830491981275,0.053996589327761566,0.8443097022262569,0.04666623797587863
1015,0.2059677442481013,-0.1794777076274984,0.11379742000544898,0.08590588347233878,0.9861564872690534,0.035909188548044285
1016,-0.10638340827573509,0.045745166580867885,0.15609646490914741,0.13069264137810715,0.8974212802197437,0.05993727042466803
1017,0.031920570853791616,-0.10168796281735751,0.12836509649266664,0.1370567273061785,1.4402243466408304,0.11507766906352662
1018,0.12611732777407977,-0.2218071261161933,0.0443205070941664,0.03220521152222265,0.7045849171298217,0.04743815658731568
1019,0.04848242592748808,-0.11962936234211888,0.09947661568397309,0.09184649645182758,1.397954249488164,0.08684109351029828
1020,-0.5228040591109735,-0.19885787836983002,0.052377808147827803,0.033009904413486876,0.7776033885904746,0.040003718950795644
1021,0.22818698261923243,0.3812379133901821,0.11192589989059633,0.1166130330107001,0.6091531546358991,0.060196743473191774
1022,-0.13110523509417954,0.7711916724064346,0.10219838988769749,0.1060041644006455,0.7928065008432597,0.048700217241370164
1023,-0.09946902595607328,0.02665326094235436,0.1466856411921112,0.12846098307310153,0.32981554271453484,0.08251418370275752
1024,-0.0674422092597843,-0.08918048859073262,0.06692579926659617,0.0608730794610176,0.6638465326351546,0.052911498028158366
1025,-0.004481350836874212,0.08440876650127163,0.13335048476266567,0.14137742972916603,1.2818583525239797,0.11175129539457238
1026,-0.015580610411619934,0.21297587801238427,0.2051184783592394,0.22608153840466916,0.44832909346902483,0.0839387404252094
1027,0.0051337700756062385,-0.005054177329349785,0.04591613312287402,0.04231713368968921,0.5958445865123889,0.07246452724166305
1028,-0.16903613076588342,0.014295086002399754,0.0872794209964638,0.05701496879796467,0.9438664874599649,0.03728442797869701
1029,-0.09093917072251353,-0.016319401429833746,0.06207113308483312,0.06497887392277295,0.5867115804706465,0.057737647237670046
1030,0.5280069913209805,0.10545082627970559,0.05365717010296123,0.03552889493830263,0.8017181689500091,0.04092935352137058
1031,-0.22810468642070192,0.452263962020526,0.0728234209650452,0.08467115655770091,0.8308475291288705,0.0461938603854061
1032,0.27790815042874023,-0.27975776677002995,0.16802759229111056,0.1534382292696825,0.6193384896924552,0.08544735968357907
1033,0.32095396395865095,-0.16237279705715477,0.10316331659846566,0.0810150311652534,0.39900780262396696,0.11917511376825263
1034,0.5642197589574155,0.07574280138576259,0.06205052900894142,0.04630680173141092,0.7447647452381702,0.04092519469534127
1035,0.02266919486198308,0.08052317927142245,0.15025998624647827,0.1476757100438117,0.3380210491413642,0.18345648985603852
1036,0.06200216704627223,0.14024224541963606,0.11084408379393032,0.12170974478717791,0.7946218502638629,0.05892944111008141
1037,-0.018745851345749572,0.2591432760359976,0.09945840271078603,0.13951438944378336,0.4593055033960093,0.07331279436533211
1038,-0.026176109205052693,0.007150582021720529,0.09620827043040836,0.077247186123012,1.8537492453309998,0.24571983532184016
1039,0.07097606836407441,0.2840177249219436,0.04293495374765436,0.045815214220114114,0.39969066201901954,0.04243267834799969
1040,0.1083266095343399,0.0906611487666611,0.08113638567876329,0.06274107334470476,0.8591259167364301,0.04866429487859062
1041,0.022675092780183245,-0.051444213987233936,0.015585529657010936,0.012254257149961544,0.1843767446015021,0.042549689490027284
1042,-0.1760995761918501,-0.4636683011292157,0.1059078133233621,0.11194244417028018,0.48986187925934244,0.0725544011328682
1043,-0.1781240724461919,-0.3200995159453854,0.04045518886781899,0.034703626878224536,0.5505599407036269,0.04943951912177727
1044,-0.03885231570442619,-0.12691266670456447,0.061035895975736894,0.04340747410890607,0.8242023027317773,0.03699625979194449
1045,-0.23017946472250722,0.2677749505519602,0.1554458946384839,0.1418816984665456,0.40084343853198373,0.13160967237434812
1046,-0.14846222260191905,0.025572868450395234,0.13896179335368908,0.10811138274756256,1.196183403396396,0.0711023948964068
1047,-0.1853737133205312,0.04830637074149842,0.14556849133649785,0.10593100658311548,1.1064769366541334,0.05712854155390057
1048,0.037361705070233994,0.13595573214009118,0.02950184398838758,0.02183020763602276,0.5910318936451747,0.03568025591810475
1049,0.00399549112378815,0.032338235143470805,0.019250182359700472,0.012354341218929478,0.471323791193774,0.03881049022333384
1050,0.015632464457750905,0.08459065380411365,0.06206211683662339,0.06337504329824956,0.8706918552170114,0.05039034075540436
1051,-0.22172053952813076,0.05738165650467819,0.24547162232634745,0.2159825011682935,1.0917945084082754,0.120059306932755
1052,0.5971469434518726,-0.48123984320912033,0.14608820527454394,0.15254489983815955,0.2724892305211003,0.08404531208822971
1053,-0.12254972947079011,0.12055123975646602,0.023406055271597576,0.02022042676080507,0.19901638129842186,0.06050766312106949
1054,-0.10606683170870632,0.0626634580244023,0.1369651959810661,0.1154315216765918,1.8862653913443987,0.24735673618824067
1055,-0.01027593455348234,0.21462756551256063,0.06377490000988109,0.06535846844198465,0.5175323880270635,0.05900577291661366
1056,-0.11453437374755067,0.007868332101328106,0.1457020007575303,0.12721243537875368,0.8254744462658472,0.04509624518735383
1057,-0.049369288558950855,0.11740400612067799,0.11955191147387417,0.11661782639410945,1.4927238811958474,0.15140125107146002
1058,-0.4566080178382494,0.292251310526142,0.10370979224331427,0.06521467765687793,1.19487843434427,0.08409737278410552
1059,0.27383273281351356,-0.10927532150093965,0.038684793932373125,0.021995239617368094,0.6711184942025507,0.04251904985593215
1060,-0.1675756325038659,0.04353597546499159,0.044590839462904756,0.04062103171745571,0.09284865849950452,0.08918713871001167
1061,-0.20116157390577238,-0.11910060563125541,0.11086510181511613,0.08491265333796534,1.0241122682026527,0.05974629566359242
1062,0.12917447403660193,-0.16654647709305895,0.11916368608786636,0.10531619965053518,0.9356000806290692,0.06967490668881936
1063,-0.07245369156651608,0.051451836329527836,0.1313424531771037,0.13158386865115268,0.9084110413350851,0.048465446364247274
1064,-0.15232831075461342,-0.15692840415812934,0.13869023064040142,0.14730444080462693,0.42429911109873275,0.09294740021269199
1065,-0.006350581603042496,-0.021706455228288707,0.05185898358177573,0.04378234284312722,0.8037885610273101,0.03879712928686671
1066,-0.01692106848213032,0.19091017444911162,0.07328476116194693,0.08889395787274078,0.6518761188599819,0.047520444713389086
1067,-0.2190909672735533,-0.08282016087387371,0.22563837677554952,0.16776105661405588,1.3750737163491638,0.12383898250087311
1068,-0.08717620859476911,0.13875383509626368,0.09508072128534426,0.11883020860193245,0.9115053938107773,0.045454274233326805
1069,0.10623160846910361,0.3869483123385275,0.03253621928803041,0.029758432042159534,0.6214117616798464,0.047188299414661385
1070,0.004365058332037369,0.015377994702657266,0.09506818297228593,0.098776553619352,1.125903117757277,0.04433235980387777
1071,-0.2166720492409318,-0.08946047720753104,0.19459967602059675,0.17885646910135794,0.44332226323330204,0.13536170142960602
1072,0.1492394198865928,0.06795080955027977,0.24082361158572463,0.21219568917212012,0.3654357966840506,0.10999622044989187
1073,-0.009145659610913882,-0.023228337313777297,0.04339958836986937,0.03971700180002388,0.2778943005241348,0.06138717223493225
1074,0.0013839675963235934,0.019936056387254167,0.03990145638778326,0.03517409477602291,0.3939589558176943,0.0785241348554322
1075,-0.007072948683636817,0.021749856021531296,0.05575976310979214,0.032898476933470915,1.1071499184262779,0.09150440589577506
1076,-0.10902171195549344,0.00828102212003449,0.07006754817596833,0.04143671991570121,0.9551634099819505,0.03460399183395827
1077,-0.3272732098539858,-0.022196517022580714,0.15422329528179926,0.11342455724182617,0.6547373999476886,0.04250573829386336
1078,-0.058295225262926784,-0.1361717998357962,0.086845013196302,0.0913466436524093,0.6980105511363998,0.039234971350880464
1079,-0.029167409808779694,0.05004578893673381,0.07004852019363889,0.06455557009224526,1.1325001523765483,0.04126812558259143
1080,-0.059722867874216684,0.004523379579480484,0.05823506925475442,0.04237606001388843,0.8649172642373918,0.043248514628780134
1081,0.09922494645842991,0.052116523239765386,0.10482567875487606,0.07171018759275564,1.3475623831873849,0.09511193032286723
1082,-0.14445059404928537,-0.6856852696671359,0.03974428263400332,0.04023514795705139,0.3955948397676599,0.06106615735369525
1083,-0.02961409125255449,-0.03608825772814167,0.07297889869066362,0.06571089071622745,1.0494272015537502,0.061617657179870666
1084,-0.1035879181581396,-0.03374671430446588,0.05966813197853924,0.03334118211210146,0.7987416644478115,0.05504152511936543
1085,0.030861490156469176,-0.03315563349388364,0.11789012446343765,0.1031354891861626,1.4484494844638298,0.13957968030446233
1086,-0.04981700739545716,0.0008700455136230346,0.09512718160244273,0.08487652268730976,1.4631034393751081,0.12409204766992281
1087,-0.004559709940031354,0.017196030442081865,0.08548287610209483,0.08022788078097741,1.3983047896519347,0.07594884533738025
1088,-0.1587678235123492,-0.10301170069546453,0.06552290622038293,0.06159925231544624,0.5718320537640262,0.06623125953414559
1089,-0.005250565899719618,-0.2386382979523561,0.05839715363691787,0.048179465997421206,0.6834778246448371,0.046200307904155295
1090,0.7406358918978246,0.03612633115929567,0.10468725291926069,0.08436191721131175,0.7921419157374358,0.05160047476213664
1091,0.011597418598305015,0.01206568391788126,0.05673853405288154,0.04788526583321043,0.8000837933743016,0.05350575605036749
1092,-0.05946657733016118,-0.00404886333764265,0.02730131140834808,0.020708036230059887,0.36649461891813356,0.056234210117726474
1093,0.12382035849867727,-0.10560018421418034,0.0709598880597251,0.04252489347442219,0.9860529263895219,0.04051803244695191
1094,-0.6907019072140558,0.16068265866763823,0.03605811609189212,0.030115143623220667,0.5372035367282487,0.04919359789241472
1095,-0.22550189164782425,-0.05357679800808421,0.07068978119461665,0.04619864815675416,0.5158448291773801,0.08050534128915769
1096,-0.15439439996213233,0.008716408445548543,0.04702160804080414,0.037657354217359634,0.41686538477768653,0.04177169028262425
1097,-0.0714252271242941,-0.10249157236223305,0.11191812233451696,0.107990664685352,1.424445232674649,0.12682973325402594
1098,-0.12178670448014346,0.173877804220166,0.051070863697774714,0.039364305998998546,0.7337731313798881,0.03395770624722615
1099,-0.36193388317563036,-0.3081150936057022,0.09855008730835758,0.09039321695849181,0.3540068684396159,0.09576269665179245
1100,0.012382331026231567,0.11856962474307993,0.16784461646034252,0.16198877285090765,0.9815666118733337,0.07371840258208956
1101,-0.06237949968953459,-0.010149570907930134,0.052429165451086245,0.03476271880077689,0.7863613655920327,0.03826367233090073
1102,0.13561210925604295,-0.2431999669770301,0.08336411646346462,0.07654045798974335,1.140911900532439,0.09292097609232645
1103,-0.03639062834789322,-0.05474828392778957,0.12363237666304859,0.1135416145022268,1.5269957659370197,0.18673408515671433
1104,-0.07532709856159496,0.1274518558464292,0.15850471812460948,0.16296440564527204,0.7937034220211981,0.04033429324304326
1105,-0.03616588802830029,-0.03170014855363266,0.073020360525784,0.07455539385066322,1.16337403496744,0.07229479471359729
1106,0.05231950193125517,0.0029946852329604135,0.0721129964251168,0.06912673582114799,0.33471862086181925,0.16165864357934315
1107,-0.007168105416788548,0.2498247398828493,0.08534739825271367,0.0951788775275902,0.80241463874256,0.042776259859572785
1108,0.05075651771342659,0.031168800630695603,0.09129266659697781,0.0788330618477625,1.1321554884131837,0.05454436395662451
1109,0.7544963135076768,-0.04884200510117967,0.056585312454688855,0.042546467791347624,0.3449831659037715,0.091205674027829
1110,0.09996468259018176,-0.00909467206597684,0.0915844508317386,0.07117481524130138,0.6035564935335708,0.043406469896680296
1111,0.255866683942432,0.11703113714580683,0.027746720099474854,0.022272176567804145,0.09369662963444263,0.06381160943019507
1112,-0.01076970595871172,-0.012668021817211904,0.12023389734898249,0.11826030322053491,1.377788326947323,0.08374246312896844
1113,0.0791037636558747,-0.06501525538866235,0.16632543752505288,0.15646809312121276,1.1711591317308394,0.05798092848796793
1114,-0.049826119347405246,-0.04243437771577746,0.06084525652093944,0.046777584527754996,0.8166945784755908,0.04071372086140798
1115,-0.21096425046881476,0.4481047165240047,0.1215703035057724,0.13901277952408378,1.5134043607620975,0.19756709217093724
1116,0.08763676219315306,0.01456714932263106,0.13500992744917348,0.13320385576766633,0.7512053158154638,0.044054655084189556
1117,-0.2952876565683007,0.5176254952762582,0.07394498988897773,0.08079515366022304,0.7458611786959936,0.03722572882493956
1118,-0.5214143557075767,-0.5001420402636549,0.11576795894702953,0.10276677631458851,0.8339082379720347,0.05367517757401041
1119,-0.02912995293004257,0.09124426143966914,0.04207263599490905,0.03933122854414892,0.4981204231664131,0.041929448360648526
1120,-0.16379419354276156,-0.047840557065788845,0.1472481527846144,0.1263266354788254,1.0974782896340454,0.044894479346681865
1121,-0.009397177244347793,-0.060769227525312504,0.08371370579327027,0.06942974966330867,1.684522676246783,0.20163927359026732
1122,0.08909074556998446,0.03722375285576906,0.15408176308617713,0.1799046663730805,0.23648140384022553,0.319479890251869
1123,-0.011812907084453159,-0.15368186710864365,0.18108544116058176,0.1735647134807961,1.3685099108685956,0.1043498606447805
1124,-0.014803668223837328,-0.010836480529852517,0.05116954825308854,0.04000588589800838,0.9465876671685176,0.04335103637438337
1125,-0.28842240779217804,-0.0013543228594676323,0.10340932302185793,0.06612667393455499,0.7753982187161701,0.048536498529921104
1126,-0.44919209258961085,-0.09011501134215268,0.10115317443557871,0.07483808146646584,0.40761599406047444,0.05256377321962995
1127,-0.6812471985610031,0.05581865990146727,0.04461816563392134,0.03500726385496776,0.8367241614204746,0.04222842606760926
1128,0.1912754149240212,-0.05844129629093669,0.1772679581047371,0.1393095771121987,0.6389878881474773,0.055901485233477315
1129,0.0005435456809960496,0.00521601665122968,0.0824788461478759,0.07218593578784056,1.1752495982693383,0.048880607240921574
1130,0.0036829201441464536,0.010605350977961317,0.04769517960338026,0.039824892231148636,0.5698047541680407,0.05214900712674361
1131,-0.15880346394961614,-0.12387507874481218,0.04187610969715387,0.037191760728684034,0.2773026157920409,0.07342082986229884
1132,0.029469292524331225,-0.29147024663040344,0.08286298841347844,0.09068591483479982,0.35607078296230354,0.08447868269814243
1133,0.5065487724800622,-0.5474765224182755,0.032315258525948486,0.02804407791103217,0.16390628227963766,0.0840017843314237
1134,-0.07586820091861181,0.013157872246363616,0.07231586353560346,0.06376320650350982,0.6762100794160361,0.05106732015338822
1135,0.21686967701100773,-0.1801977235189488,0.06969254673398774,0.04778116941544868,0.7721627960602333,0.04672253123132846
1136,-0.13915967184953146,-0.3709196255676292,0.171973317463587,0.18402794399874337,0.4150028867501648,0.07760535292925784
1137,0.03681626297458779,0.14420803695632892,0.0686716432190195,0.05409180710498876,1.059969123132724,0.06382177252359918
1138,0.030326053529788566,0.14471871511760126,0.1029206877981697,0.11180561866164469,1.0818058010966964,0.0808506366251134
1139,-0.1414218973033611,0.00574610299259804,0.14405314922854126,0.09640821983694983,1.1358515271902614,0.07919312888232088
1140,-0.05412558658735689,0.03636188638501779,0.12122034656808606,0.1365502050969674,0.5284437995009241,0.07987693868355028
1141,-0.0684484307191427,0.20630512233936213,0.10423385302997977,0.11788865251187645,0.7582902392237779,0.056984643502946186
1142,0.14578663684543236,0.16589120557370227,0.037067523572981036,0.031277891884536425,0.39325113020970354,0.045540943269824496
1143,-0.3886990276499049,0.052118492410965556,0.05424480157024729,0.03311623396824853,0.47364596121193747,0.06757914959388546
1144,-0.24337311386310714,0.025022224779094764,0.050595640280794774,0.034471596045693505,0.29749188960139483,0.08622253943632167
1145,0.042810479299869746,0.06136770186631492,0.0974178139949456,0.09194563180379589,1.1421485400602516,0.0680949749018019
1146,-0.0173248663264908,-0.005504294633252536,0.11012998537805054,0.10136256232052979,1.506357685117669,0.19217380775589815
1147,-0.055192418647763364,0.3028922185723543,0.06469776698272221,0.06092038417261126,0.9560536077425855,0.042060183731783905
1148,0.6899046146210538,0.49423617286823013,0.04872132155544158,0.036590981227843065,0.819673882857891,0.03529647032442678
1149,-0.0216235878997211,-0.09259262416521868,0.05651277342903418,0.03930531245560931,1.1253426284278853,0.056934172818090975
1150,0.25758770017968985,-0.4257317030276121,0.3040382292121966,0.28041245229473183,0.4160085906582551,0.07234038788753229
1151,-0.015756527794938323,-0.0077916393839597775,0.06646145610915019,0.049207737033564465,0.8824780623924741,0.048360406717370644
1152,-0.5287214971940001,-0.12093297774314442,0.11671699611604792,0.066372694205926,1.3371210491821843,0.10860581644549558
1153,-0.0397360705283452,0.24092817950571105,0.1377040324048835,0.18661055199756005,1.4358060714376262,0.13727868061604753
1154,-0.07210866403889728,-0.08329414364170008,0.1342577473480542,0.1125428669684602,1.4033696617257023,0.09140886911206428
1155,-0.032719119892230836,-0.0021197396830030194,0.06363137718427275,0.05363531536241231,0.6264369478062617,0.05134322957414475
1156,-0.4174372281860168,-0.6760929468624927,0.035501657612459506,0.03554192640288774,0.43017618067551344,0.06653602798766488
1157,0.037067378736979184,0.010910278167735791,0.07151925374828633,0.06094147079548851,0.7937574966627859,0.047381870962657065
1158,-0.07485376817479161,-0.030893262278967597,0.12296458329591009,0.10141503126624439,1.2636483783943901,0.10586102470811168
1159,-0.028741683844210764,0.0026432599935815714,0.07515889463012614,0.06952410306933446,0.9559322046082054,0.04316194859300172
1160,0.016473431630843752,0.10809950916195682,0.12098936874441552,0.1154253125331513,1.1664783249594535,0.050146471712468915
1161,-0.4086523522444579,0.6746203810772347,0.05179618690732471,0.04797254934454241,0.7843166267324281,0.03578194755778714
1162,0.0478582854856112,0.5807256901123371,0.05019967644385712,0.06210968140020682,0.4857194793422246,0.10627880595002485
1163,-0.010802109185862148,-0.023312354987833524,0.09621388931426736,0.10289476467305149,1.1275704899496921,0.05955145216737944
1164,-0.15771404622835847,0.10515188085286184,0.07047346034291803,0.04937643714069104,0.940196766329906,0.05090474036946248
1165,-0.15295272491910283,0.024187302127812067,0.0706705732006744,0.052100683182271436,0.7387631333721721,0.07334097979364662
1166,-0.1851178098857694,0.11224848147857804,0.17059037509922015,0.1378268162252572,1.0395442330301174,0.044699124477062896
1167,-0.09229101835957378,-0.2731711464215692,0.12739945390745383,0.12408586799454323,1.7313430742598757,0.22798211841677846
1168,-0.24325814093922404,-0.22702527837848654,0.15686906263512568,0.14060348838625175,1.4109780672564953,0.1597644048303286
1169,-0.5197006240470081,0.326556082337314,0.02369221944880978,0.02042728150532244,0.13555471844279315,0.05201887298524413
1170,-0.18180149843984902,-0.035278889325515386,0.13654525792606634,0.09902872374359728,1.4653731333480289,0.16491540355352513
1171,0.2132280033546358,0.21749307988143615,0.07323582693454818,0.0700221682548661,0.7621353471998735,0.04677334034129064
1172,0.010439115640188464,-0.07129098366480627,0.07287865954603222,0.053178498106474785,0.6963027104573531,0.06573110621157328
1173,0.00773811738743514,0.24302237581298225,0.1293263548264037,0.15457845740441428,0.5644170355695458,0.05384772891379122
1174,-0.14161621981204003,-0.03734761764680803,0.180791652883329,0.13800366704515596,1.7433352477756932,0.277021851467982
1175,-0.12529119324046195,0.11957766670378163,0.12171156687459499,0.12128983110761624,0.851528195727874,0.04166629300995503
1176,0.011342361131281254,0.0005203880299098265,0.04534772304849286,0.03531128143138113,0.9017156495420315,0.041029672013264344
1177,0.06416182267568989,-0.22651770958220757,0.05119611209503393,0.0501552169256554,0.6192579042015134,0.044332951894966735
1178,-0.08198459435114219,-0.11296794079698191,0.08291057842267409,0.07919459841940008,0.8168289882337757,0.04089097096023345
1179,0.0474245293264126,-0.03116282933331608,0.08767277332212273,0.07862355512620427,0.919280061108177,0.048968848185666124
1180,0.038184693143163195,-0.08016353502689777,0.10358616588300834,0.10186403646689339,1.387407060015473,0.10513801892971515
1181,0.6637787391264904,-0.09893557385359023,0.04842306978136909,0.037474150952772685,0.518885096876963,0.04848132869681323
1182,-0.08109370353069639,0.06118321385510851,0.05167943806349054,0.035853998566833925,0.928629828702506,0.03904888251718831
1183,-0.003086023452995847,-0.012048459759971661,0.09972996298578715,0.09611639381538299,1.4210391594390304,0.09016910033575591
1184,0.008774126529451495,0.013132832130347433,0.035613007386558454,0.040612008802797236,0.4165887459833809,0.09321783816022941
1185,-0.33614493320918115,-0.15007606820228342,0.057251699987558434,0.038314152046557436,0.5821518943272103,0.04768285567176298
1186,-0.011629296850295791,-0.044063453378003534,0.09087011991834133,0.0884813750021841,1.3813178748570576,0.08021917868787107
1187,0.02953674540392313,0.03703471371609545,0.11748618359080973,0.1372604653109133,0.7291219651054079,0.05164410914923762
1188,-0.06064078720310475,-0.04081511668175021,0.09399258686104187,0.07852008644751499,1.3157858246049927,0.19415546825145094
1189,0.2345162333418513,0.3030671204155955,0.16214761235761002,0.1327381581631395,1.412337578497581,0.18597168877205872
1190,-0.22501643913933142,0.032825595906197706,0.10438677697365983,0.08883778559564792,0.8457012275194555,0.04178110965486594
1191,0.03574860872027756,-0.3156806154023404,0.027936523627892482,0.027858363312074638,0.38017611635460724,0.05528369083001428
1192,-0.008249266998512571,-0.07261032674449035,0.06480255277290507,0.06619120687256715,0.2503260864334551,0.18123247525078817
1193,-0.40844069385214676,-0.63832171869547,0.07152543698375483,0.07414122133971073,0.3885400446036843,0.08392603851397726
1194,-0.09019675336701309,-0.5103920759037074,0.08148908339763193,0.08459258723884391,0.38375659362239006,0.07111425842379171
1195,-0.6757984211863146,0.017967263189255442,0.03871363696947163,0.026981011941348304,0.6493711039179403,0.042943423880095755
1196,-0.07282147825555281,0.006690323358134352,0.0823150680196411,0.0762275657919374,0.9230001927164856,0.04857061303767415
1197,-0.10471446766333403,-0.16918882615131303,0.08340757878715896,0.09618679424080089,0.3999660349543141,0.07413378160016872
1198,0.6054908313070483,-0.19600257730187942,0.1392010135332923,0.12302900638545548,0.5895678872866711,0.0682379749340708
1199,0.07219177639404699,-0.030044579973525914,0.0648112261527798,0.041401656325091435,0.6706148588717957,0.04125574786127448
1200,-0.006783998398939302,0.03018335542820169,0.07890723329800467,0.0782508504358744,1.0443540596932765,0.0577626740654809
1201,0.14987207909710923,-0.15240733966882664,0.152507289784981,0.15223995726086312,1.1351451409368911,0.052753963054187905
1202,0.011201235796764502,0.045572709689353744,0.06875921623961347,0.05845041801192847,1.441559650552559,0.13302297805606433
1203,-0.0772006000744307,-0.47287751561248215,0.028563158501104025,0.029878231634237574,0.34333717130927266,0.047823684889488904
1204,-0.11297265271845762,0.015540313809493516,0.10595279896141048,0.08424960588322848,1.3825058844479896,0.11863348029873119
1205,0.003863863518714453,-0.09149083256416657,0.10828016704372466,0.12311172477294866,1.0872862578693783,0.0501824096908867
1206,0.010225951512751297,-0.016931649641501012,0.07350728393663483,0.07831927775774085,0.7651270027264432,0.03968820207813762
1207,0.09844004260012801,-0.25576932116182816,0.09330135383759329,0.14682858800566254,0.41353994200912386,0.07897996828341466
1208,-0.013413495157397894,0.003971797955601422,0.10356948968441983,0.1029483916069855,0.269737039832857,0.15062475503002384
1209,-0.009351967728404726,-0.01773424972192686,0.045671718293821655,0.03418212834639846,0.8788426189459415,0.04545467535512198
1210,0.03852143242160831,0.02716632373321977,0.06311245068140266,0.05207559409718005,0.7672798979611185,0.03581008912710398
1211,0.6796450186231114,0.06402253237128053,0.06773441857921184,0.07876055501161126,0.13892902955707903,0.07993644675069218
1212,0.08799642748469937,0.19618904399316944,0.03949268651810465,0.04231001458532608,0.3848268169065082,0.04525674569642742
1213,-0.00013259284403055916,-0.10392940896817082,0.0712074725171086,0.07393442487653622,0.589432513433673,0.09340443027857553
1214,0.043394172826820177,0.011990877367506233,0.027017186375413463,0.0219071223431105,0.33182046614150507,0.09885656510979009
1215,0.021771633098289254,0.0496538021892029,0.07371893305777974,0.0768455704545266,1.1156261674379764,0.05719098863248533
1216,0.09507806756314281,-0.1357585953834711,0.03325857256779556,0.027816091651429502,0.4516739472061723,0.0465024531134572
1217,-0.001202190463581522,-0.0010013730280231965,0.02502335706866092,0.0208615962578509,0.30807683323539553,0.08000310976451147
1218,-0.1129933042758149,0.5070151610030004,0.26831115809895206,0.2829442919602877,0.1919494158263278,0.09090042804728485
1219,-0.10413387346293748,-0.007220875286513222,0.06945013515378616,0.06002815218851565,0.22328238960195562,0.07953929555730081
1220,0.2445270215650313,-0.0270994597128264,0.05224043013729298,0.02646408056017565,0.896275799441976,0.04058883954711755
1221,0.3413734274501189,0.1515129785529416,0.053499683676697884,0.03729118784881477,0.5555505905209549,0.04319024776644793
1222,-0.4774620203977109,0.5969293104005282,0.12028894236313464,0.11638115882132151,0.7485168190371131,0.03961775293196467
1223,0.0011952117653013853,-0.0810163998563582,0.1105139529241225,0.10399617781627053,1.5970869079102175,0.2343436362448943
1224,-0.032515164502577895,-0.08679630968226971,0.0464507761019272,0.049174403331392974,0.5025733871567323,0.04891681572910345
1225,0.006441265197901408,-0.10225347836587838,0.11367384521812585,0.140033735837092,1.1813096810306685,0.0977929295475749
1226,0.007639767414784566,-0.007932681997058513,0.025895746187231426,0.01599167097767301,0.6111522053336756,0.04285932857087491
1227,0.01205028914064239,0.026105165007219266,0.060441180570151805,0.06591370425880222,0.400476202170228,0.08545479401418465
1228,-0.041738429401405305,0.17485736091415133,0.10143687721686567,0.12374583152881252,0.42393466262922824,0.06735653722886369
1229,-0.019884672462197082,-0.11445801391114074,0.11137957975344685,0.1078894413626347,0.9229709912057248,0.04552692190890359
1230,-0.5287214971940001,-0.12093297774314442,0.11671699611604792,0.066372694205926,1.3371210491821843,0.10860581644549558
1231,-0.6244611651664247,-0.2209997079286688,0.14304471320194337,0.0994472289827689,1.2688064160558457,0.1025280477203801
1232,-0.41357688244160107,0.31535296395151957,0.058759378756935196,0.05716262548416291,0.20974944525844963,0.08145697913103028
1233,-0.5085093409862986,-0.18591435325883515,0.2604015265940598,0.1689617390396015,0.2109216123414686,0.163119298288898
1234,0.09741153738499336,-0.011385794554100513,0.06823146147078325,0.0461130090233636,0.5962643804478007,0.0439714786953518
1235,-0.5524273798814415,0.08828654043076285,0.14602593449252918,0.11770791437019891,0.5900696206982908,0.050932771959626685
1236,0.009515332922981375,0.004565135375882495,0.1061161086659799,0.09360892853921633,0.14603859659470259,0.17485962368191332
1237,-0.32360225152099914,0.5567293204116593,0.07423626847364724,0.07360715907774,0.5505425946848421,0.05256266569570295
1238,0.29318654160325086,-0.1525122297178255,0.25037379704063367,0.20730489556257317,0.6038064973338192,0.06773377418916203
1239,0.46749231229153226,-0.2256332107544032,0.07323615560433462,0.06513620658654105,0.810259172689951,0.04306033930408028
1240,0.355595651877196,-0.03623983528172517,0.04973682082130257,0.03674192010041407,0.37106373504125467,0.07781248625919732
1241,0.6594089697376372,-0.3929281625714596,0.045584553472435486,0.04583261922153182,0.39502740220399846,0.08024857164294633
1242,0.05927940305173565,0.05441666433056945,0.023084517047552645,0.019716476309832823,0.11944529045126044,0.05001842924807887
1243,0.026003579138255288,-0.04100222838962208,0.07907176380825182,0.07500629921242045,1.4226175757422435,0.10089068279596752
1244,0.0674604348024037,-0.009011658339239503,0.17119220336329413,0.14926490431174516,1.0407448644933286,0.054492833191636204
1245,0.03814881453780497,-0.021494610473618475,0.1316408494713083,0.12962711820943915,1.0691682927851998,0.046151784150426534
1246,0.22864855493858977,0.05933028596025035,0.05419117949470727,0.03414403740438371,0.44252078152417845,0.040345000686165054
1247,-0.001521469590732694,-0.038397121010880234,0.06866088306821444,0.07763011223262645,0.4004042049253146,0.06101184321507537
1248,0.04479605980554362,-0.084067940001749,0.13135629581984076,0.13902788767660892,0.9990095084492642,0.04121112697454348
1249,0.010846118138052604,-0.01641487076354363,0.049886648736490305,0.046452591619632826,0.40244648584399584,0.07360505265012864
1250,0.04601342130552431,-0.05657885541872236,0.020285505223542128,0.01830740807798881,0.168271683628461,0.06784472917308439
1251,-0.07853364309205621,-0.033188933653633394,0.10480330278463229,0.09434981173158086,1.3367466730783468,0.17840661540618877
1252,0.5024631558281963,-0.14200352233748095,0.17423642808248774,0.1513204498405909,1.370719376019407,0.18310810431234387
1253,0.012962558461349164,-0.012234627190850576,0.023821845074091463,0.01826640011226046,0.5261277198172655,0.036567233243443895
1254,-0.09070419083039255,0.009329100866001453,0.08081008114266129,0.06940116494591185,0.2713346082950283,0.11583931195093353
1255,0.3987758673010397,0.10858013765540804,0.2189181228486748,0.17361772210180457,0.13952648966370737,0.07580794474589538
1256,-0.060612739352254516,-0.014604563057543806,0.09381203334449087,0.07848282065608528,1.1633745285276647,0.05978701968834716
1257,0.4793816785882503,0.00354506162838872,0.08938081129492156,0.06747269669179293,0.6694958439853583,0.04829232643834082
1258,-0.541660174676145,-0.25400458665811415,0.07885994566380577,0.06706020875581005,0.5692910325515169,0.061813115582396334
1259,0.019452301970503093,0.04204081985512065,0.055740616260882954,0.04689929605984837,0.9085551243758293,0.050120194122334094
1260,0.0350093973851492,0.13333852572072,0.03039675713272972,0.022510893828531456,0.6525781134135769,0.04119555417954359
1261,0.32520895228264846,0.3281795748088604,0.09678936546419903,0.09043213067447776,0.763675944325417,0.04059144823165905
1262,-0.025083716556708435,-0.2633491070147146,0.026474995761548676,0.02143949520925139,0.535087151938125,0.03622654404783748
1263,0.01163148543846518,0.09491394984396104,0.06051573096811782,0.0498158241379874,1.1267526484952308,0.04989659558208943
1264,-0.13872194595808485,0.10300763946756812,0.09817936924451266,0.08980944275499697,0.6058692173983076,0.047343519506384074
1265,-0.013149517367543993,0.0556168265987481,0.13878067303552222,0.16135912510044406,1.7346486442758322,0.26367802848940125
1266,-0.3024784783968083,0.36365882491151913,0.1961632405873035,0.19202939890479098,0.41602773232979734,0.05564620942559347
1267,0.022382273877430754,-0.005033371947294436,0.046400851043641236,0.034720424461329905,0.9494152453257337,0.039739578481437575
1268,0.01833908598538869,-0.0722649073216598,0.07311022575950891,0.09003333160672437,0.5877196740397641,0.05501106727883669
1269,0.8260088834861806,-0.2288796513336534,0.07160256377408103,0.07719790102445347,0.815308331609281,0.04230438528818269
1270,0.16209575560752884,-0.15621926293787844,0.041038067035959344,0.03909249782565739,0.223620722397448,0.10693960416198058
1271,-0.2084640241090575,0.02078175281691235,0.07045305576753663,0.0469744336538203,0.624645520540939,0.04729564383402413
1272,-0.08567642966552193,-0.08191735235749134,0.15008000855063458,0.14207531721063762,1.4582132298860122,0.18233944733398258
1273,-0.07586820091861181,0.013157872246363616,0.07231586353560346,0.06376320650350982,0.6762100794160361,0.05106732015338822
1274,-0.05133912565408449,-0.0020297217306491522,0.0495546534459417,0.034670493462724765,0.6548972616717884,0.05845572599681324
1275,-0.09354584969687965,-0.11369154732242498,0.040955145711122125,0.033424154332271895,0.43863919787207567,0.04761401939878337
1276,-0.1154574851416953,-0.03320565036932643,0.07651925604143117,0.05986343805195018,0.50222869790459,0.08536913190532588
1277,0.19342101315717516,-0.25088592204687155,0.03163093428062238,0.029095356765870578,0.4044170204818232,0.05847830838340259
1278,0.19954938040135292,-0.23607154375712994,0.0469544769178027,0.03308530176012699,0.7239796112350139,0.04342932378219967
1279,-0.05543349468850048,-0.043129457220851465,0.0759543424429178,0.05584087786227538,0.923993709200433,0.05171087597460507
1280,0.0648490449078577,0.07910080981858944,0.04884977530976385,0.04228531264897057,0.42941577541716913,0.061502515638060314
1281,-0.003643907629033713,-0.005935520919280712,0.06668091850744748,0.06701487097228846,1.0230261550449953,0.07781879352181331
1282,-0.04084344304841724,0.04547215880937096,0.08682439879884091,0.07284406069395985,1.464552023828627,0.15852016745752218
1283,-0.048856483154125704,-0.1011959257790374,0.09664860276199749,0.08559928952515473,1.0290761257597065,0.04922944922319193
1284,0.07916263591866314,0.07862091326100727,0.04681677337404661,0.03934029961872156,0.5415499802702407,0.05923285805771723
1285,0.018625193429097783,0.4000104905578593,0.03796464431512412,0.037386704446440454,0.6339163500438301,0.03613096752869799
1286,-0.12795887647396625,-0.043038999475047905,0.02858647691860948,0.023532034229127367,0.2923651697348924,0.06708277349596098
1287,-0.061869417448149874,-0.026516658535593207,0.060264073053780606,0.042409470244403606,0.8981793441346094,0.03882184962051646
1288,-0.007506137368998943,-0.015774231825017204,0.06594592677527844,0.05678977014753848,0.8468861129550743,0.04690145865358768
1289,-0.1274611240086858,0.030263335063316882,0.157934318110866,0.14557500769668677,0.8866272843890435,0.05943338873234427
1290,0.5405864793850653,0.05659265260274808,0.0898292031734965,0.07074907994679401,0.8602667739159782,0.04845930038308877
1291,-0.011318559647060486,-0.0031728674685723383,0.03285687696647922,0.02360820931513414,0.6399399773744213,0.043305228166242805
1292,-0.09358160018274182,-0.10946105021144678,0.14562519925243422,0.1484265346215035,0.9190444174913649,0.06403960064241818
1293,0.08307669782180253,-0.0709176081042458,0.0474434052828427,0.028087307353008743,0.8281961246785555,0.04564384960345447
1294,-0.07323129783313402,-0.007216230929269086,0.10683955396210769,0.08181486976451363,1.6626635593201202,0.21700518068173932
1295,0.12431662134747233,-0.004575263328070079,0.075296407611827,0.05012103879463843,0.7690049720436517,0.03781769403041896
1296,-0.038763635435567156,0.03328350719094238,0.07348048538626543,0.05406568169831481,1.1900813153597056,0.07643210144166213
1297,0.029016113431297022,0.1360383002192393,0.02488121691311196,0.02499794455966086,0.3236418771228569,0.07790227566033556
1298,0.08898276836713126,-0.18996776654193473,0.02641631866581099,0.019945442398762538,0.5477184087336499,0.033696054305956145
1299,0.38093513924384176,-0.04802063950405932,0.049479519960038194,0.032814948058232166,0.4220601223114336,0.07998293655490442
1300,-0.5688676955628748,0.12697529155194748,0.11022273239262778,0.09786797968655546,0.35427601525393937,0.09598793297401062
1301,-0.20952859001439358,-0.025003583671883052,0.20524587454000243,0.17676567290894338,0.7338793934797873,0.04216818163788009
1302,0.49147363145390066,-0.48227662397433546,0.04911754560580218,0.046275358074666956,0.6321299604387981,0.04915301669283215
1303,-0.03280784023655696,0.4509114168286138,0.11359059700672003,0.16492699441405378,0.6422150752045963,0.044336938310025324
1304,0.042810479299869746,0.06136770186631492,0.0974178139949456,0.09194563180379589,1.1421485400602516,0.0680949749018019
1305,0.4065185405257307,0.10821321133741026,0.051864829902431415,0.042321100635803605,0.1757566913020091,0.07144439020506171
1306,-0.18752282414742366,-0.06707993682171669,0.2015848256300712,0.19384816810159566,0.5637381454930332,0.12971696766666233
1307,-0.0861856745204869,-0.22193425593550117,0.17896875028241965,0.18567825248865494,1.127824620666089,0.05057392879412544
1308,-0.5551425442458019,-0.18093413044124124,0.25883411218386077,0.17943018100907984,1.4504863877927399,0.16036220599519072
1309,0.25376038657082356,-0.11421411342824271,0.029621398667185408,0.024890568060191656,0.2169929743187916,0.09262632204213539
1310,-0.3588661391231506,-0.5271472358896485,0.04320920829521282,0.03724124582442126,0.7904289353568729,0.041974207538910964
1311,0.19379803379502994,-0.10643393027745378,0.10891294876996209,0.07890488797507285,0.5327909987612838,0.20772972383181576
1312,-0.17089338293458875,-0.29630386220599053,0.08139883629739812,0.07830626399519838,0.7171148560161189,0.06311281669162455
1313,0.19370179938724194,0.7169744793189314,0.03517492152777243,0.03919296416061254,0.38546925673636007,0.053100325760756316
1314,-0.09550569274079057,-0.05027407896051623,0.048486094080815105,0.033173346398343746,0.6335498161378679,0.04507845365049048
1315,-0.18798899887846687,0.02206954581185619,0.12361021518162521,0.08920532712004703,0.8193084208851457,0.04467911237249411
1316,-0.15186344929704848,0.21157661821182094,0.11281555328018739,0.12443733764803185,1.1244008722574956,0.0662256355337178
1317,0.0028842019174496253,-0.5773315014718606,0.035683219441363004,0.03843698684044395,0.3601827534322302,0.07852185807390692
1318,-0.00013259284403055916,-0.10392940896817082,0.0712074725171086,0.07393442487653622,0.589432513433673,0.09340443027857553
1319,-0.008107789110888003,0.0076913095570655555,0.07292409650580442,0.060147620585024916,1.5460999515170493,0.19697199071977844
1320,-0.14207531791487427,-0.017992680705915073,0.13320255813903634,0.09553790319177961,1.3660734896718212,0.08008333652737043
1321,0.012517720955455858,-0.03107647000604713,0.023207914735401906,0.021320541848037784,0.35302878853212855,0.06528870854915665
1322,-0.03013554880744426,-0.059488376573772664,0.03799752803846169,0.03552576841963042,0.5889428895719039,0.040774339135948495
1323,-0.08864352982106104,-0.24766491564264417,0.02654176629918602,0.019983990573939424,0.5449276786019519,0.03539493988656482
1324,0.1719693330151192,0.24311047070207387,0.07506478251196683,0.057754585196968376,0.8328841991302196,0.05700654704015746
1325,0.014703922980709926,0.0749076526869656,0.10941916033986014,0.11379859728344961,0.7225777072639774,0.05960894739953656
1326,-0.011616091359030427,0.012428514708249678,0.0750269934057214,0.07181990604921973,0.41802662362137627,0.06678005875603428
1327,0.19401689716916984,-0.10252879411282632,0.04555781659009402,0.034694067045583865,0.43360797015697966,0.06116206258405635
1328,-0.04774412969400722,0.03311169192122711,0.11094889483554979,0.11568490980777925,1.2937702253951038,0.24751877856915114
1329,-0.13235667144562285,-0.0442837169161487,0.1924715869505982,0.1964414435394189,0.6152233530525508,0.26362075576241306
1330,0.11279122560713363,-0.12911278135852342,0.026824537836148143,0.02706536294967522,0.34561048387212506,0.05010715556306793
1331,-0.0497458686612549,-0.16699757441399632,0.04837783047547002,0.05760787119094825,0.42475461907982376,0.07535986750366733
1332,-0.41061706788260355,0.06501673938870198,0.2005360791458985,0.13050250976277067,1.4916159014320272,0.19252116138252254
1333,-0.481233455975855,-0.3140338821926429,0.09029679018784771,0.08618277353183426,0.4574481579586519,0.09352067234710013
1334,-0.08953933271619921,-0.06720898374209833,0.038226575299498806,0.026419415812281397,0.4564086842218372,0.046677749249018866
1335,-0.1184427450660543,0.08109755471626622,0.058047257903445525,0.05209295632819643,0.4546036706857258,0.06261500923826067
1336,0.6777120285251809,-0.35168923058246815,0.08801090920169359,0.07405355116620603,1.114010806070836,0.053962627946371834
1337,0.1433844631188523,-0.41651545115799987,0.19200570568232558,0.21832508946498605,0.39142656054750746,0.09875937461542769
1338,-0.07457120138132944,0.15044802779355892,0.058297665477876154,0.056418651828667093,0.7838295887422211,0.04418370260124337
1339,-0.09358160018274182,-0.10946105021144678,0.14562519925243422,0.1484265346215035,0.9190444174913649,0.06403960064241818
1340,-0.006942075972742213,0.20600972497309633,0.09352124417809499,0.12056191529902735,0.6400802632507073,0.04709958329731883
1341,-0.06286657151607467,-0.12213978380331575,0.09115851755297401,0.09687815730526872,0.8448267011221536,0.04030893728897321
1342,0.1864571083597367,0.1821009029692425,0.1352579782413295,0.1302154608991632,0.6989763466280933,0.04316557052999885
1343,0.04435273367766675,-0.02776189679681993,0.10986830069860584,0.08376103193126572,1.2727652180794677,0.09956725904024943
1344,-0.013354892196552398,-0.02182622555528682,0.04181980952453051,0.039788484807547785,0.392091095233247,0.057161514964010396
1345,0.13095321175994143,0.14381952375857573,0.1510795136807935,0.13182425348722654,0.8770985997113357,0.048455223029716714
1346,-0.12967322593125494,-0.03805562086791776,0.17993534172000045,0.16077847454508934,1.141735455863192,0.05017462560769827
1347,0.644459361606751,-0.09010251963694452,0.05278181828786279,0.03537781107818614,0.30380031642222477,0.09464200028890857
1348,-0.059574654146332354,0.09591840246790506,0.13600893524519198,0.14029138292675808,1.4362007540855166,0.18849828392877294
1349,-0.015954637756087603,0.066912629574094,0.06591746583832209,0.0821570428712361,0.6331572600132758,0.04518751271713988
1350,-0.0909931412274499,0.33516868931446603,0.09457904264176487,0.10448209908794263,0.7716594379694036,0.051526222389981745
1351,0.003906283811940889,0.034105361362499115,0.05743556659203527,0.0520416381511522,0.9873774172642169,0.03826290599432293
1352,-0.01382219932250585,-0.01363182250994039,0.06939360438050385,0.07604309745704589,1.3683530327713558,0.09278835285818332
1353,0.29198141953266976,0.1249264689843229,0.16723544297525755,0.14879487244523668,0.3630139727418994,0.0822878477416897
1354,-0.10611256871152619,-0.03981310354508247,0.026687145251596045,0.02224237794147325,0.18561443676641637,0.08157409057227236
1355,0.009402417008851435,0.015190997566385677,0.019302063456832587,0.014908364012104366,0.22048107529613958,0.04958898350714576
1356,-0.0062547475611559366,0.08240599798098022,0.08142623574567309,0.07819362204178112,1.3246439075858192,0.17882384142317748
1357,-0.07294887412189884,-0.10300945882683626,0.11908115233642956,0.09371486738884387,1.6825371866458017,0.24509159302574185
1358,0.5821919850489689,-0.21167307668448337,0.06966398656022325,0.06097833179308425,0.42391278936326926,0.09329669285158777
1359,-0.04946319015185674,0.02871252043817181,0.02669764033386577,0.024999061917214183,0.2503543741434455,0.07031649747533346
1360,0.06217546924321771,-0.13342982320578523,0.0496225432642815,0.04501040589395656,0.7620653610632148,0.040777540331896074
1361,-0.0680884892979891,-0.493083405443375,0.13244095285114815,0.14706014244915064,0.14699002991065033,0.07205106129605401
1362,0.002059714776576867,0.0064484061292776704,0.07287822591288236,0.06825018995472043,1.4916733777087465,0.17483741729775787
1363,-0.035539317610278814,0.08531783846036675,0.06473840351486512,0.06361092730048754,0.8056101252837707,0.04206355917414425
1364,-0.01580908336325652,-0.06170899927279131,0.15875217221840848,0.15228472673393456,1.832951035996102,0.2828750534657283
1365,0.1373515958945549,0.11197019624372365,0.17409592721237704,0.1544001538975141,0.38257291432722185,0.11006645699427837
1366,-0.0013833935663466444,-0.3847837367465434,0.15877455923334283,0.22307593638162065,0.6793712846257777,0.05857168101847869
1367,-0.05543349468850048,-0.043129457220851465,0.0759543424429178,0.05584087786227538,0.923993709200433,0.05171087597460507
1368,-0.12022613852641198,-0.053971715221676944,0.11374818925473652,0.09438402657953726,0.9305969116551557,0.04329592383411165
1369,-0.24689371826336248,0.1919933415038489,0.08396238560088114,0.0600631808789368,1.1996001286465294,0.13827957157220802
1370,0.14675783746259022,-0.1021609436113026,0.04458937801057509,0.04403019807029464,0.40367800261931397,0.09305297599422664
1371,0.35643893723194076,-0.3778851766874286,0.05914536714601287,0.05842894242873214,0.3847738240406868,0.08331285912987982
1372,-0.1559301045368913,-0.750677257705886,0.03708121319162033,0.03398194115444842,0.36620290357417307,0.07187055196972866
1373,-0.06272032689948127,-0.06282889033658916,0.11020092978538097,0.10776263821503308,0.7366260403948358,0.05386970757680023
1374,0.3156944235320357,0.6168814905665022,0.0854394338504802,0.07485394807674078,0.7254610344655477,0.04648929452034024
1375,0.013063104243253331,-0.0244553733434578,0.02779366144513344,0.023401388189164082,0.21499624196134287,0.09756025667962769
1376,-0.1330313810285312,-0.09760977706163765,0.1092130223437038,0.08748513094484967,0.897867085109167,0.05150605360032364
1377,0.3795149358859345,-0.6479770455001878,0.1524702034409654,0.1628108291286178,1.5140083174031995,0.18732260320754213
1378,-0.0313905678515487,0.024912347254490506,0.08804054787473063,0.07089703047295164,1.4475604590843973,0.09936673607887582
1379,0.1357763293415646,-0.20061431680575761,0.025757698287851995,0.025868715985683514,0.27670781569701625,0.08118411404728018
1380,-0.006611654788554642,-0.13318307990169434,0.1269749457319708,0.14301732791980043,0.49188070904535985,0.07729791550677446
1381,0.04240775062884273,-0.08346878253579036,0.10816444392318274,0.10112938209862388,0.9195895674640449,0.09598251457056899
1382,0.07916263591866314,0.07862091326100727,0.04681677337404661,0.03934029961872156,0.5415499802702407,0.05923285805771723
1383,0.5957519342265616,0.3180999946319306,0.03332595006208137,0.031026989188014838,0.3377544376888675,0.10807402431348828
1384,0.07241560180926217,-0.046008743349197155,0.13008715796993556,0.12222735412271515,0.40969557353043035,0.08053080968533582
1385,-0.14378905472939396,-0.036996926839621684,0.07291456116586008,0.047986979857623596,1.0876197372452716,0.05510241917103911
1386,-0.09550569274079057,-0.05027407896051623,0.048486094080815105,0.033173346398343746,0.6335498161378679,0.04507845365049048
1387,0.021738084059640672,-0.006222580790496664,0.04542790239481573,0.03584508646707697,0.7282042776200525,0.03945510615499934
1388,-0.0431864048002762,-0.03322977459112905,0.15246990563484833,0.10880459022774266,0.7653970302942603,0.1252725460314903
1389,0.1672445079760006,0.15117151506485912,0.1166678783498214,0.09971188534705,0.6436691149288262,0.04579329804025734
1390,-0.09544188638514592,-0.021456922379463762,0.10672087093944346,0.08862761488652833,0.4514008483200642,0.07301168590362714
1391,-0.3263990779784845,0.2052352485020366,0.10377070367035303,0.07712977517117302,0.5367064105329288,0.048650707504181205
1392,-0.029041862383291,0.12670916332974586,0.11687622006684915,0.12304801754768488,1.0698962424883267,0.05583067088345354
1393,-0.0377510025354756,0.0272355813328563,0.07684230487060602,0.08673291317929055,0.42877536895989415,0.05946024601306919
1394,-0.0024017922057900593,-0.06114853354443756,0.05072505788329823,0.04292101357510022,0.9334314950720483,0.03902619548035153
1395,-0.038595798858052734,0.023620562746111157,0.13633942435544177,0.12408807298230352,1.7490725750077698,0.3180621655640661
1396,0.08245099114145332,0.3322993484503881,0.03925132231206976,0.0465611155318922,0.36236819159970773,0.0682399551939056
1397,-0.08833266422480314,-0.1187892070658405,0.10097201893776561,0.10007339772843314,1.1597196505923537,0.0737159616903552
1398,-0.2466783936317422,-0.6844234312565141,0.028631946825067776,0.027637380283690848,0.3089530556707821,0.0787018155606023
1399,-0.8187104897989584,-0.38518836298309933,0.02949451386801731,0.030829599101709636,0.6176486023350405,0.045371801135557464
1400,-0.3186898094581606,-0.05242059173515046,0.2240000724910562,0.15945640830907795,1.0848467102357693,0.04859939426985301
1401,-0.02585598013386618,-0.08402814244939469,0.13075947479920128,0.12786973599881019,1.368178917830101,0.09277341171334465
1402,-0.002660713906931897,0.01741997362886568,0.059032208785523975,0.04574374932127402,0.872362894438693,0.04939692187714216
1403,0.008976835975046,-0.04322997095009281,0.030721503983667502,0.023648170058639957,0.636789558402879,0.06936784037414537
1404,-0.7352856826317942,0.417782781822823,0.028083756040872286,0.03059671925465916,0.18732159540758253,0.07371693666661709
1405,0.16631353737889001,-0.026876094068259422,0.11913634903299054,0.09890244092620154,0.26434330973866266,0.10040556494739515
1406,-0.006174072186452975,0.02045054383161727,0.06947994280402912,0.06241669829903291,0.5566511684089424,0.09009835829069707
1407,-0.0898673935995093,-0.27121027226217986,0.02484601627662222,0.022285901773908504,0.387905420785406,0.04331569002821771
1408,-0.2190909672735533,-0.08282016087387371,0.22563837677554952,0.16776105661405588,1.3750737163491638,0.12383898250087311
1409,0.010216608057261179,-0.07848860751866284,0.08140650017591428,0.07604844406945306,0.8633163294659811,0.08108222876932186
1410,-0.05173966703321531,0.07365170276884997,0.09125787042002248,0.10180540753053596,1.1580407172586107,0.04489617619909339
1411,-0.17360027674754946,-0.7936575446711674,0.04563085980280142,0.03966247210567401,0.7627814093712832,0.03852694559087437
1412,-0.4998760220609052,0.21578301939379915,0.07536503216539124,0.06495100244193903,0.32741354061831396,0.09152142260082101
1413,-0.8123942317235467,-0.05895707569678195,0.045682427510398034,0.03524800770926908,1.0890911192004096,0.043453548828875595
1414,0.019217869959978796,-0.2802720785080785,0.04559667492585173,0.050461467959126594,0.6958440042976005,0.04163871977201092
1415,-0.04691677818327647,-0.01394436612534956,0.04204622036853557,0.031023859835999874,0.7658443504277168,0.05622735869013657
1416,0.02274192889327096,0.746207624998606,0.06450517359547543,0.0610694971567813,0.7550482274497642,0.038009517038669643
1417,-0.11196506339925849,-0.04936225698174687,0.07336101480481673,0.0468444419568135,0.7012275045906108,0.05190246408175439
1418,-0.6220751015330812,-0.10726938583729165,0.05407753176965607,0.04507224810075216,0.7544636963292622,0.04782223479393145
1419,-0.040999088058685,0.056248588147425976,0.044979035392489146,0.04372760471202053,0.34839644524498176,0.11751002293953611
1420,-0.059302444688191805,0.001298922757233317,0.03893634730345722,0.03241724662416916,0.28137288565505225,0.07303698926857917
1421,0.05731187501966649,-0.0657050835609851,0.09415003618909334,0.07860486842379336,1.118575809741016,0.04336875078541841
1422,-0.03516817450596946,-0.04168546217055758,0.05820829910266541,0.06222163879886797,0.8353828972844595,0.0467788158410383
1423,-0.08525669513177055,0.1634759905642271,0.1280197893920298,0.13439733225568803,1.2830735249601972,0.19187055932393612
1424,0.09507806756314281,-0.1357585953834711,0.03325857256779556,0.027816091651429502,0.4516739472061723,0.0465024531134572
1425,-0.004463823851001649,0.000941504594523428,0.03537072009505326,0.02876691701384929,0.6382403143414719,0.044341937901067344
1426,-0.2257450559063665,-0.029933562804029076,0.15692834473240697,0.1284471629547998,0.8031016798571049,0.04777751424673282
1427,0.26818185531214583,0.4143754136472831,0.037504945438792785,0.03376649726632241,0.4663787857424216,0.044547761290958006
1428,0.016437614115485513,0.2002661810959924,0.09531660642893994,0.10395140614042393,0.40909021043142296,0.06340919189057179
1429,0.008530554951747274,-0.034655043137995355,0.06768013352249792,0.059150307243432385,1.3977664295279184,0.10682042001093209
1430,0.076907902518801,0.010652942978961131,0.04561469102420242,0.03127396041237217,0.6069149083600298,0.04918453789042249
1431,-0.04076390095267802,0.29431837226932955,0.3103040169466494,0.3533944667107761,0.8027166713625297,0.07975565945871686
1432,-0.053024410610596776,-0.01247317386781433,0.07252414071205412,0.06080265781417466,0.832656337846409,0.04421903884988215
1433,0.045044084349930076,-0.01956104698548441,0.1406592584463226,0.12448332698985247,1.2071572403856952,0.06312179065621586
1434,-0.12795887647396625,-0.043038999475047905,0.02858647691860948,0.023532034229127367,0.2923651697348924,0.06708277349596098
1435,-0.035804263210492064,-0.0224122115648313,0.15642493222460144,0.14678006479707684,0.32546044431139537,0.09346518244235746
1436,-0.10440055570924277,0.3712529653964189,0.06404242841350344,0.059578962708675555,0.8538349107743591,0.04865133740821001
1437,-0.05353162400763099,-0.017976272433233215,0.05750669943578367,0.04600836189271742,0.5992182876207832,0.05201401191815237
1438,-0.433129471472015,-0.3583707641098342,0.037115063510730344,0.0338894660389413,0.48583353933136564,0.05306832358995895
1439,-0.20059327098740867,0.29698340087855934,0.08449661717339482,0.09580490691594999,0.5386883872530284,0.052365673491675375
1440,-0.05420086179093361,0.033716602429337626,0.03545395976105277,0.028444598577171507,0.4539484992786482,0.04852956648072208
1441,-0.10276543856779441,-0.008473213780484799,0.13046815643942697,0.09685550478523776,1.5188404125663668,0.19695634166583048
1442,0.031134930660031104,-0.1731130910877331,0.13766519971038854,0.16925948788422338,0.4108196288300892,0.4280684507420675
1443,-0.05789438668751355,-0.008737147947120459,0.04785712930763266,0.0335353194657544,0.5962804747859859,0.050650765942726966
1444,0.11064518439837961,-0.17302775263691464,0.05978114696898811,0.036746898762621556,1.067955683062426,0.07651858287610153
1445,0.09063702232244317,0.09457949899561763,0.20764888791855396,0.1979156270236411,0.4207621962710681,0.05555966934378746
1446,-0.7075097771630795,0.18926328337029866,0.0517007875647078,0.04307007853875765,0.6999851204784024,0.03624806303412454
1447,-0.02381354080975548,-0.01568941844348069,0.04458393281792577,0.04617065268786553,0.682795603743043,0.03343062861935389
1448,-0.7491969329534924,0.2104177098527778,0.09597574632530508,0.0726746633888627,0.42203519398036227,0.06322446889550172
1449,0.09020563953369617,-0.014667532191464855,0.056966987083633416,0.039471929504363616,0.6869652081040266,0.040669677601396566
1450,0.004691027311480988,0.012866361301103477,0.058840929508146726,0.0495808282071632,0.8545363704820004,0.04442873320894865
1451,-0.010058649891244808,-0.04923451534144107,0.056250735732726466,0.052570211478255774,0.6218011794698424,0.05156966659295596
1452,0.0895704399992749,-0.0762398424376119,0.07403851873694446,0.061242595599639564,0.8650780000757282,0.049395788272734394
1453,-0.0015668940705541275,-0.0022260682608300116,0.07884975371346087,0.07987040260768632,0.18438150477116833,0.08210463041921405
1454,-0.012570544661764943,0.04172915331391932,0.03669286475508035,0.02659871783439737,0.7663909131249232,0.051853449542550036
1455,0.006433925651985274,0.24760287767465605,0.12195925629834363,0.12696302489153974,0.8902433193930538,0.05336706401086252
1456,0.05626211625998288,0.0010810836443630456,0.08687926983065866,0.079984502653146,0.3283111393656343,0.0774212870403692
1457,0.014833644981168933,-0.21675248331174923,0.061523451886567423,0.06542341491841101,0.9052437101786175,0.04855990030450072
1458,-0.00868117482385511,0.1725584929416374,0.1382502776687462,0.16917321021984832,1.5696452467073363,0.24863804369122572
1459,0.09961195498468138,-0.09697333011389507,0.11100451584241802,0.09658014722320495,0.9219224703523655,0.04780906971488
1460,0.0670501883496662,-0.6247542871619212,0.07380488970428942,0.0692232781394709,0.9627340217466639,0.04224394818546262
1461,0.024324281788697083,-0.01701205862124603,0.07447200680890514,0.06871754396564711,0.7739605065415716,0.05222890065766807
1462,-0.001202190463581522,-0.0010013730280231965,0.02502335706866092,0.0208615962578509,0.30807683323539553,0.08000310976451147
1463,0.0020757080363666613,-0.034570361864867234,0.0259925713131914,0.021938911894719026,0.36304002490156134,0.0521469112061896
1464,0.07501452023196453,-0.8581068905126208,0.06323073090249524,0.05409010732994452,0.42769257127809984,0.06890759939024256
1465,-0.08833266422480314,-0.1187892070658405,0.10097201893776561,0.10007339772843314,1.1597196505923537,0.0737159616903552
1466,-0.03134284136904377,0.0625659689608023,0.13074772783994965,0.14968970900121056,1.5608693122942308,0.25252538604127145
1467,-0.3845569451611067,0.045325294594807615,0.14297472718083057,0.09890635192045846,0.7534625654312225,0.06370211636811135
1468,-0.09365399648425547,0.42043912734222527,0.18399569654661674,0.19379186727494926,0.9240848728241601,0.045498197377236184
1469,-0.36581693819827626,-0.13783628623523175,0.1783329399813263,0.14889253357265106,0.9219142516918618,0.04843092273879342
1470,-0.6907019072140558,0.16068265866763823,0.03605811609189212,0.030115143623220667,0.5372035367282487,0.04919359789241472
1471,0.1562965250170893,-0.2634359139127363,0.16486063153713906,0.1876362550392592,1.4180924068138776,0.12876600215646283
1472,0.27507421861261194,-0.37951303839255707,0.08928828681589046,0.06930843147855074,1.3041363682344953,0.07881691534994584
1473,-0.13658224103468972,-0.0026996620717759084,0.08522402464082282,0.04890643459947577,1.1653260631747981,0.06344852660449761
1474,-0.01480581808182528,0.1239145921655596,0.16560321053271282,0.17408969242332767,1.0596055754579856,0.0450194995154599
1475,0.057577672023940596,-0.07738133779029344,0.14420801927024623,0.1687325590054042,0.4369706654075382,0.10344542251869222
1476,0.007131460634389723,-0.035574914611129875,0.048114520886725014,0.03946308112784638,0.6840077576470949,0.047198220248602166
1477,0.07085793710872144,0.01916437320232832,0.046005897057761036,0.030365350439765577,0.6908506746416475,0.04064351595759949
1478,-0.10678329576248995,0.02158527891717891,0.08427328803729776,0.062026079456645254,0.9336170861521318,0.04882230673288784
1479,0.04423976659641619,0.19229432225398468,0.15563748207844533,0.18238128821285296,0.6353312812694896,0.5495676998400253
1480,-0.01879279405962573,-0.08739659391692434,0.06664657632278549,0.07209675663481786,0.5738134684691062,0.06780209008089823
1481,-0.5620843062327542,0.09370516376793378,0.19257138575248198,0.14721956434824837,0.60344470597385,0.05389859710683373
1482,0.1984246118855156,-0.0761001711578125,0.05815052738287793,0.043005920575719864,0.6160261992992928,0.048592898479385416
1483,-0.10223434948664786,-0.19551969716790155,0.05844047834905591,0.04411529837020771,0.8732129062987491,0.050231144473875056
1484,0.0012705088750558948,0.004369304221096141,0.04146466137175252,0.02820158353396515,0.766936161782405,0.05242394393047829
1485,0.09077060405632817,0.2391447310137516,0.13803343018716932,0.14802015086359516,0.23393416309716186,0.12671309374395162
1486,-0.2131390923947332,-0.13189703318717375,0.03592895559305084,0.027192511671817517,0.3816241582366213,0.06030305296858238
1487,0.15202356580328466,-0.005599838624281996,0.07227501928931503,0.048823493302323835,0.9487099476483297,0.043288046678211546
1488,-0.12174092424452171,0.013011774141362781,0.1585920426992881,0.12089939437644824,1.3922331020832133,0.15873726594833662
1489,0.28265681384674807,0.0015965121479218896,0.27534867856534356,0.20418580179555013,0.3510422992173718,0.08241760871055383
1490,0.2657081359053571,-0.15039556215738767,0.17061561026038968,0.14844545384566496,0.5116560824309466,0.1285125949524983
1491,-0.41621669983668863,0.1002065031806903,0.10604070688241697,0.06283388677954935,0.9221072074034908,0.0468435944123138
1492,-0.16214860943331297,0.0007378390468651876,0.20223085852239575,0.15212142772534548,1.542152639905824,0.23516338797284858
1493,-0.08785410646048866,0.2182883971645682,0.07482070014945051,0.05982125733946786,1.1063502242249945,0.050342182986408635
1494,0.0013839675963235934,0.019936056387254167,0.03990145638778326,0.03517409477602291,0.3939589558176943,0.0785241348554322
1495,-0.09019310520614236,-0.02964378835952685,0.09703420256286129,0.09346272078793755,0.4020840362114601,0.07734580271247261
1496,-0.05294721788982654,-0.03601869668983585,0.10536064805288639,0.08049985664520312,1.151959466284943,0.09691498190593065
1497,-0.03508692668415157,0.02949278405889927,0.04305488246033147,0.028644455491927942,0.736371227168377,0.04931887179496634
1498,0.21532498526960567,0.1997891395975683,0.18932269342260974,0.16487619917599886,1.5442492854323993,0.16468040653684654
1499,-0.07782030231142097,0.863832671431415,0.04848576451964889,0.04477369496360241,0.8825204458048344,0.04808078607654272
1500,-0.036663911730016804,0.012662148245137677,0.11820201973255112,0.09751658280921824,1.3604840901766246,0.16179321322841783
1501,0.3599754885325674,0.8703038629324381,0.035196042253338784,0.02940431054915682,0.3448442907121216,0.09675570216025492
1502,0.050138954290463826,-0.19660339270864188,0.02918749375818842,0.029740589880891285,0.39873414688630626,0.06570548110738528
1503,0.08322820967016437,0.24800440852567185,0.04853059921041384,0.05283713413425284,0.6299123230668394,0.03706365919335915
1504,-0.2848909056476873,0.23017556124822108,0.07165322493295623,0.06836855797383327,0.3791113108302563,0.07468414030152583
1505,-0.22474212667251312,0.38166092200190466,0.06339398220459488,0.054483404947548594,0.7876848642851433,0.06601199470953018
1506,-0.08423149559661237,0.0324565888341852,0.12260530944816173,0.0996528023080655,1.2921915778627406,0.07021716038476106
1507,0.02290935540490547,-0.034330473225691306,0.06159541232603407,0.04937441851044551,1.120087145331736,0.04885663625303923
1508,-0.009820298638568285,-0.038091563834629756,0.06689628686121035,0.04470678099634997,1.3788415506429645,0.08630359143425148
1509,0.09869566010003902,-0.05111236624373759,0.08736471251910481,0.05945636569128931,1.1649882288964593,0.06100150181314603
1510,0.0012946048501858716,-0.03320987885495897,0.09977701834570138,0.11195829483643341,0.41258714097734545,0.06432767884377118
1511,-0.04643462763283128,-0.024291801559266565,0.06965538261435929,0.05073437957993711,1.3156949981753279,0.06851532134191879
1512,0.17878955131933763,-0.11210733814316011,0.11656986097121637,0.0884512421026808,1.0130732721768803,0.05089019213921486
1513,0.046452767231521835,-0.025305314026644488,0.14705297702275932,0.1276419073761506,1.3528154159718708,0.09163461976110736
1514,0.16150058459069366,-0.3312820891150276,0.07303798083565965,0.06444830373301867,0.9314570573715805,0.03709731054652587
1515,0.29198141953266976,0.1249264689843229,0.16723544297525755,0.14879487244523668,0.3630139727418994,0.0822878477416897
1516,0.21266573137349604,0.1338535363415873,0.19321826925270943,0.16483044604665048,0.46225872080033015,0.09360639062663802
1517,-0.2336564372953519,-0.028828910709983828,0.16578287594618002,0.11259790616623051,0.6048314425752207,0.11117694147222348
1518,0.0750135414008558,0.09301478757917632,0.03681527347073938,0.029076625396018747,0.3550330754287101,0.0454105026366703
1519,0.0212683652815686,0.007102475972545137,0.08041547385120079,0.06574553480015798,0.754491089772131,0.03966435595803625
1520,0.010445814222058257,-0.010977060906638025,0.07941530634937094,0.06906619831258086,0.9596432906708398,0.03550997529456722
1521,-0.06952478851320544,0.022568285568565362,0.06316288415526923,0.06734027626642801,0.3555354417276722,0.09257162091154626
1522,0.09904280594995983,0.021314348970233633,0.10017098951833,0.062033859434289185,0.7394877559074533,0.044202129260326434
1523,-0.10326411994899935,0.1416403551171233,0.05592792672989301,0.051029350706358216,0.42355178129429555,0.050832512390866065
1524,0.2673863630251386,-0.1605023676547753,0.18706640068345756,0.1467477068850324,1.3464309121261755,0.1358766878678266
1525,0.558574221357767,0.25986983727011126,0.09645878760161256,0.08943229939711363,0.39101024864170797,0.07365277205392108
1526,-0.12795887647396625,-0.043038999475047905,0.02858647691860948,0.023532034229127367,0.2923651697348924,0.06708277349596098
1527,-0.051697666957037126,0.00573555919735662,0.10974291839735599,0.09832045728460677,0.42264315737041497,0.05674690921787681
1528,-0.10201476054578416,-0.10601395955134794,0.07731806063516161,0.07077365572919639,1.034886712937637,0.04864656095909892
1529,0.7569386924959136,-0.17225731691299154,0.12997493319109177,0.11624489644649537,0.4462786088177531,0.05651731948354109
1530,0.4493769737959416,-0.7501010922715781,0.06517794666764806,0.05762612859355067,0.8056319958509248,0.04339284012559598
1531,-0.18379300811069704,-0.03625578881105511,0.1207422452412224,0.07939129928693446,1.1524639025981274,0.06674301881706408
1532,0.20269711871104162,-0.6914407385943335,0.056827504324710634,0.059110783406994966,0.844950722183486,0.03592056788816128
1533,0.1669430840435878,-0.0741247485005073,0.12813204722422109,0.13751876774397456,0.43479974800865406,0.08169740138105407
1534,-0.014391845058442907,0.630985297863279,0.09274077548052863,0.08373224004067546,0.19809687498221723,0.09836672027166891
1535,-0.05466383867265151,0.2363464184548528,0.10097457401742392,0.11600180059175784,0.577348982907759,0.06936131352970794
1536,0.0019083920346350495,0.03258074910875131,0.09848954357302181,0.09975443259158015,0.4265236703360375,0.06191796957789558
1537,-0.1141919242633743,-0.1933329795124299,0.15341158994207726,0.1635129630946132,0.6033269219542761,0.08408861858927504
1538,-0.33227455705248493,0.4386188759862462,0.03110741339733868,0.030837535722059783,0.228864910530091,0.09169356480077019
1539,0.1721310428980787,-0.004446383958554552,0.16573634537503665,0.13271753585031126,0.5750175096927447,0.0748699152456339
1540,-0.3993736585050234,-0.5538124361839127,0.034019163195396496,0.03564869236890342,0.33425079167558897,0.08395247650854688
1541,-0.15481537345776603,0.5749715967748323,0.04738975289730612,0.04861607271831056,0.21901843591866144,0.06595811049023471
1542,-0.13612689915560294,-0.10094473122795335,0.07697014921864867,0.06449877375624621,0.8461072244248375,0.03748617839652905
1543,0.021412373284491398,-0.048736773559142424,0.1010050133703302,0.0898073884393041,1.3938098734704465,0.23496256949736707
1544,-0.17153290396082396,-0.05803491011021853,0.09117441562679476,0.07738717494700792,0.6118234057541442,0.05075456246407982
1545,-0.20433717574072657,0.13228669108923274,0.09418717067187408,0.08983417004503524,0.8095667979973313,0.05740356666625508
1546,-0.31669973716629046,0.08645451814536562,0.09125743399689105,0.06269818219593445,0.7342821508563684,0.039461617587852583
1547,0.23406829514777572,0.7183234186550289,0.022524765746204076,0.023307747895840582,0.33071236140235033,0.07008186571807157
1548,0.4967777436861079,-0.03871426067048036,0.13572036462135373,0.09972510217060437,0.4374722537899926,0.06036796739719008
1549,-0.019103456351875714,0.001061115776281053,0.08940105875716187,0.08029658464120079,1.390758824445345,0.12719278751402743
1550,0.4921717057703891,-0.2234336941002523,0.09977917545788956,0.0925347826421203,0.6347871708727603,0.05799053071441608
1551,0.31736312196894767,0.0995199750709309,0.11067092892704049,0.09871808275844325,0.31397955885632617,0.11212812280526188
1552,-0.03387465706910982,-0.028150905552127306,0.03596539043503195,0.02162946782468606,0.7343012650479485,0.04616067401777361
1553,0.06172243696028805,0.026794845133195536,0.06764517296462283,0.046291270471443005,0.9975027878153069,0.04614784341770256
1554,0.0006258289261396831,0.024067639723741686,0.06038883854021999,0.05610189576423127,0.2228647305308154,0.07382667374552236
1555,0.0028736076900541217,0.21996599824993218,0.04467555606356243,0.05170762918157113,0.3628054909569677,0.07683399316170178
1556,-0.306867734209762,-0.3739291708664397,0.031014936989409537,0.025502948005419468,0.35767356970853686,0.051396708805525486
1557,-0.13036307796529015,0.06256070984835889,0.2956524720033116,0.2940870278063004,0.45001320450051474,0.07183003377154211
1558,-0.026394357021765357,-0.056626652628934654,0.07738587087762107,0.07319821715548143,1.2373856903169138,0.07383499483887908
1559,0.25400283536414153,0.07927008878318019,0.10449394254063916,0.06813003466609693,0.9172124831718454,0.0529209240935027
1560,-0.028006439532870252,0.031433063795696874,0.17922964207954376,0.18686147925412128,1.2925333198744433,0.14968179774732704
1561,0.017110336008396655,-0.018734752958112118,0.07449986224445053,0.06632915570657842,0.8323099663207725,0.039741165560553876
1562,-0.09615979878864776,-0.06876383410952294,0.10824152523811813,0.11310774392087661,0.6379283098190255,0.05395249122549898
1563,0.04558157712821876,0.4376663026413999,0.087526005310712,0.10731939571891955,0.2853222831203933,0.10787843209913413
1564,0.1653269594460717,0.30213793782010173,0.13534798001097822,0.17368510451701902,0.4195745897326198,0.08016682055218148
1565,-0.306867734209762,-0.3739291708664397,0.031014936989409537,0.025502948005419468,0.35767356970853686,0.051396708805525486
1566,-0.11506754619914256,0.10451335771236554,0.04831246552108955,0.041811315485259105,0.3781686440442323,0.06836246100451535
1567,-0.07388986761442766,-0.09769939114831168,0.12591815832729011,0.15654555718184174,0.3067790052606496,0.12800194753344077
1568,0.04562912681265055,0.054418878075051025,0.069973773981301,0.049252162474354794,1.1090438440323762,0.06450113533411175
1569,-0.9339142652490844,0.19223371044514967,0.024726199661580676,0.027155324528414283,0.23428472584843274,0.0775268088046507
1570,-0.6253994977926298,0.035217518408261386,0.04588766081729371,0.03207762636080341,0.7990356338891695,0.034950072228610934
1571,-0.21059676669591693,0.10613961017176478,0.10989203346123755,0.07524609855637662,0.8494699821394096,0.05617077672924663
1572,-0.019555034582239193,0.05874149529295658,0.04975595812870735,0.0362865078731736,0.96945947504707,0.05970987001454412
1573,-0.11497891872203181,0.036663777798962266,0.09667192449925947,0.06493621547692527,1.140329563518543,0.044806549750640544
1574,0.2508919269704288,-0.4163826801116243,0.09221881018829092,0.07906049385610056,0.9595503572779427,0.05117514669329954
1575,-0.006867126492969192,-0.006786957334920813,0.07224519046438813,0.08957789826412303,0.5866856866535168,0.04646657919063854
1576,0.34428790429706807,0.016795709755267382,0.039302196782997366,0.023257032717414104,0.21086411705292674,0.06261434857719404
1577,0.284866024478876,0.017485327997119993,0.04737720324379284,0.028968602095297703,0.5093450270938799,0.043251651213677085
1578,-0.7255983732025478,0.06699904550433063,0.10949124454443139,0.06552015553961685,1.139314933816761,0.06256522544230743
1579,-0.061869417448149874,-0.026516658535593207,0.060264073053780606,0.042409470244403606,0.8981793441346094,0.03882184962051646
1580,-0.5716245628323633,0.12940950173061838,0.09754912626986818,0.06751778535728832,0.6178663282643511,0.06390049562324147
1581,-0.09141852583405104,0.05450200326568544,0.1426529958571946,0.11545103243358887,1.6779859386516711,0.2510005393473584
1582,-0.038763635435567156,0.03328350719094238,0.07348048538626543,0.05406568169831481,1.1900813153597056,0.07643210144166213
1583,-0.20385411708432824,0.3368180693177122,0.02594812015191974,0.02612792380542647,0.25648678290560306,0.09990443953749882
1584,0.011597418598305015,0.01206568391788126,0.05673853405288154,0.04788526583321043,0.8000837933743016,0.05350575605036749
1585,0.00790737831742551,0.06454995824348587,0.04321664304057382,0.04236402519154046,0.5960789270321185,0.05154386280719854
1586,0.03787971049727381,-0.01191248356351076,0.09941882794368373,0.08514620718556593,0.7488283519556177,0.05371734890492714
1587,-0.014545618771557972,0.09348196924472199,0.08421216892140648,0.08682800480915143,0.9477819546232039,0.05671472072080238
1588,-0.10335271469384526,-0.07032510154260319,0.09052322615182089,0.06759508796476613,1.245256937928243,0.07558130384544577
1589,0.09427618872386667,0.9078107170289552,0.10858055737570074,0.11463013326917368,0.7919290635859778,0.04045661162570979
1590,-0.09855096353886532,-0.12712926497712623,0.1164878824147475,0.11493564334592879,0.8349679132878555,0.045384590889516525
1591,-0.029150451716813283,0.008409263590314903,0.09405626732522522,0.1004207304417234,1.2172438974177742,0.18013327009232064
1592,0.04566197579087167,-0.5344906896936661,0.15707924331539402,0.17626911918520316,1.3542522246095086,0.09006050705891673
1593,0.03258394451220815,-0.11054611725039507,0.046162970943464526,0.030695695596256466,1.1043341205149173,0.053757975350864844
1594,0.041812298494175976,0.18416585323794915,0.0841835306758264,0.0718462372165025,1.256781405528316,0.0805035681202372
1595,-0.06817140744996528,0.05515579278002704,0.05507937007649515,0.053337078968748564,0.42466617410823737,0.08825411809670225
1596,-0.0067889591572423335,-0.006398554332064772,0.04625129963468413,0.05938220219838399,0.45370331623515486,0.06160572422580231
1597,-0.13735720853419162,-0.5447271612063588,0.13439196862128697,0.15962717527263456,1.4778225479734826,0.23222056720049256
1598,-0.05769107568471589,-0.10703909366282538,0.055786209399407406,0.0715937038094849,0.10858427210191653,0.09919367856086284
1599,-0.031014142337675597,-0.03667375051361067,0.08437907791924006,0.088109313028307,0.8953563184038106,0.057221546051558304
1600,0.057953968244635876,0.013657331217255599,0.03621791370020617,0.020607657202738855,0.782577660012467,0.04126139681178309
1601,-0.039299843439130774,-0.07499103041787238,0.06381905922512045,0.04406816831305926,1.224596915937494,0.08639751125866928
1602,0.4708401297267238,-0.4586544959219888,0.15804780425194442,0.1647808424810348,1.297918526375244,0.0895954737094363
1603,-0.05341947584446913,-0.08549199953622207,0.08638999926329213,0.09404413078013467,0.9547587122522977,0.038641202898845484
1604,0.011107646155237653,-0.011656521479845947,0.0761427641503433,0.0754655257837617,0.42912714059089496,0.0617659363316407
1605,-0.10853621693681738,-0.09090906480278083,0.17399331965080583,0.17745433488440024,0.9994847499027241,0.0645398580167538
1606,-0.006910500257126763,-0.07912445155622065,0.05461906415013193,0.05211650397269297,0.3827292852735684,0.1078583094994136
1607,-0.37855589809862433,0.1251409671242252,0.046900631878199255,0.0328975328408834,0.6169863107843236,0.045945789551925645
1608,-0.014568778746823814,0.023735813794007327,0.06282015391262434,0.0636382431108149,0.2046424659937986,0.08625103549881782
1609,-0.07836778164036405,0.32805327310200466,0.05796477519376375,0.0678134118757779,0.5452160110262843,0.13436125576576669
1610,-0.012536204320209089,0.23694260066729994,0.0573816377099255,0.05318847308474037,0.6686575993170818,0.0511535770467363
1611,-0.017746597353534697,0.016609741367393828,0.06429173728017182,0.05339715554789114,0.7732940754712311,0.050004044978148705
1612,0.056535373983324554,-0.39682776294183786,0.092953006257467,0.10269827447578278,0.966439473698129,0.04572603332304062
1613,-0.1251901316019438,0.12178207878495771,0.10148671127619967,0.08985123536652119,0.9943573451028167,0.05855276986329658
1614,-0.03012836242660399,0.300184034713004,0.08206612946131264,0.08463408196732368,0.13172990218437647,0.09470708986685494
1615,0.12312522095886724,-0.05889582704618989,0.04335649937247517,0.02440757919620095,0.6582125371260527,0.03841637137750424
1616,0.09108775847973415,-0.05195133199004708,0.054937846822094044,0.04689817407617963,0.7092618371414526,0.03509255526603314
1617,0.034450952838987456,-0.003110597265265991,0.023303109374066207,0.019396830354088467,0.3366891294319092,0.07883378097877577
1618,-0.008368476911591307,-0.19491986502088257,0.04228501794025941,0.03418012907670227,0.7496359784312306,0.04894655671898532
1619,0.08405291842680104,-0.06821598915584057,0.035008849692432745,0.03436828976769518,0.3464554139312719,0.053268213931315374
1620,-0.6370982712391168,0.03399386123358277,0.0688938643252105,0.052058280637511084,0.9441351124485343,0.044563512493386435
1621,0.22902349343615933,0.1813829562535436,0.0781923898211487,0.06492948184607726,0.36424168604744583,0.07016362637575692
1622,-0.06502751476769139,-0.14921881795740946,0.043762721559790746,0.04371657954962035,0.5504184148204831,0.04884664116161788
1623,-0.11786933069977809,-0.2569635575161535,0.03275461331468553,0.03204394759048035,0.48000297749226944,0.046533967648206324
1624,-0.2701713713282798,-0.1502531344944281,0.13486420663777915,0.10460104725132902,1.0598745768743931,0.13071301066558763
1625,0.16666926532575263,0.05242935088574262,0.15096676207120208,0.12177691959239312,1.048211972756827,0.04899621567610737
1626,-0.047989010826094566,0.07090997255622296,0.08047518325148366,0.06323788894382824,0.8708393820608663,0.05202131332558201
1627,-0.19998358296253907,-0.11734489606025533,0.0570796767640704,0.04267346221003791,0.34098566281209625,0.12308263261757359
1628,0.0002093240179564576,-0.37578240145624175,0.09430565678991225,0.12146701134429261,0.4370481644169676,0.056521734679325523
1629,0.6123253366275535,-0.11247507484355529,0.045681389880877506,0.03688538561134805,0.3018042681860625,0.10988645531304565
1630,-0.6870598732063823,0.07487935640568352,0.05105365900077804,0.03730548307156318,0.5181375815154081,0.06846806903787146
1631,0.033443677330614686,0.06115512392777829,0.10933206319459707,0.08899106108491907,1.4000652240876625,0.1495650007833351
1632,-0.032680269312922006,-0.03817477038857536,0.06769971412471935,0.06872137934274976,0.8957443740781139,0.0462877170032989
1633,-0.03860402242155281,-0.5178033771846507,0.12237564565475799,0.14915898791448579,0.5904343308446827,0.06333612062916082
1634,-0.0323685997563449,0.15556253046576768,0.0792688173400952,0.07641472925916828,0.40752372886630617,0.0677764466229579
1635,-0.16045722150243932,0.32060713842986105,0.06462607595501323,0.055196761936600905,0.762108148529113,0.06879534161153683
1636,0.04435273367766675,-0.02776189679681993,0.10986830069860584,0.08376103193126572,1.2727652180794677,0.09956725904024943
1637,-0.010432577174001865,-0.11102403884110475,0.1395933346531366,0.13859305114902976,1.397504991323259,0.08341044863497375
1638,-0.24735305017834167,0.18759771019505758,0.06506984244580034,0.06117016269686133,0.5745842296782995,0.042962978567535864
1639,-0.0013255334949134328,-0.11289710317730257,0.0864205430718933,0.09410159776243342,0.7793412877841273,0.05743355300056132
1640,-0.06146477079050147,0.513801678484186,0.16769213019564375,0.1742625240494622,1.4611585208079905,0.14802663315760328
1641,0.022226702855220867,-0.023229089484764216,0.08936096141742941,0.07764699346656073,0.8566860023524026,0.050386681784397105
1642,0.527658146846166,0.30542537717388096,0.059809697280185516,0.05691547939482581,0.3052534829111433,0.07933341288207539
1643,0.0692251540644896,-0.14474160696547733,0.09904308393262282,0.10528475179044593,1.3950472331157657,0.08305334030660039
1644,0.043536102535229104,-0.27089061419410077,0.043416381361810856,0.04920765618178275,0.4198723799957312,0.05003450844041555
1645,-0.05362001706075642,0.06560999771159193,0.10405371717423803,0.11175656960303168,0.5634362664575602,0.08641758056223506
1646,-0.028822093795556978,0.017915463892416293,0.05852219441176058,0.05444608541420566,0.6233991857278869,0.04622962819275642
1647,-0.05348132950419316,-0.01939649436148902,0.05042371106545844,0.04527753175454042,0.1815905235126341,0.07156268638759947
1648,-0.02462190669962071,0.04323772370867658,0.05250416635299151,0.036581084666398166,0.8458023781823605,0.04979740412972466
1649,-0.15496251924617777,0.004046615399958884,0.15548393237324268,0.1365266725774396,1.5710212618400163,0.23157816591985916
1650,-0.010982341178306309,-0.01253159876372039,0.05593438185851156,0.04002123876111288,0.9337859652009753,0.04777871652709748
1651,-0.1274611240086858,0.030263335063316882,0.157934318110866,0.14557500769668677,0.8866272843890435,0.05943338873234427
1652,-0.008885574927847353,-0.017256907725145085,0.04777404402700439,0.04537416857713609,0.7579479582858191,0.03767000337593632
1653,-0.22810468642070192,0.452263962020526,0.0728234209650452,0.08467115655770091,0.8308475291288705,0.0461938603854061
1654,-0.4223679923590968,-0.37250570105960507,0.05851686727754069,0.050836046949086576,0.7651080850740495,0.039814531590677174
1655,0.017763465671092448,0.006594443696889411,0.051554668672742464,0.0394284284856269,0.9130652216202957,0.04416631749197773
1656,-0.0005837821979625187,0.06588090339339908,0.047411480629849484,0.034274441435327284,0.9985860252988504,0.10278075923898712
1657,-0.024425756289050218,0.015815600528824254,0.11573413238663591,0.11694477378068253,1.096930332797068,0.04971101664552444
1658,-0.3109931275461348,-0.27892222635367103,0.029466905757469488,0.025212458099045224,0.3990982945737587,0.0772521761952194
1659,-0.11012911166710092,-0.5015537676727692,0.08921864985143806,0.10121498184755534,0.7565875326355469,0.04092902422839619
1660,0.05283279452507428,-0.051465914354736554,0.08043003049445825,0.08586274319340644,0.4703522988221222,0.08006764848866324
1661,-0.13735720853419162,-0.5447271612063588,0.13439196862128697,0.15962717527263456,1.4778225479734826,0.23222056720049256
1662,-0.05503339332006493,-0.008820593928860657,0.029440731909060037,0.027227487874348137,0.22028524850439235,0.09325508378709457
1663,0.18886032187483878,-0.29385147475493545,0.07049663013748576,0.06540154905690619,0.6747447575001869,0.04929989787953263
1664,-0.048767993812082036,0.27437366514179085,0.1465642861048041,0.17038130087763817,0.7741537429129465,0.038854405158924396
1665,0.08783237395963074,-0.03228130171888047,0.046301893384929994,0.03456979178639569,0.3900302288922094,0.06604612977521827
1666,0.21148799766146562,-0.04647559607511621,0.09679244603255656,0.07013865815082165,0.5471347440154214,0.05919032084499822
1667,-0.3971888248575627,-0.35871807796585736,0.08656163933323674,0.08135048917084287,0.7085398502482969,0.056437255085679434
1668,0.5161874455848158,0.3998053576830869,0.030603943134282035,0.025990561302531412,0.18262434906444147,0.09372387651151513
1669,-0.016199534431103328,0.009377417832993376,0.027037150687752608,0.016362905234978523,0.7086255924538851,0.03699366536475865
1670,0.1772145154985367,0.12454545472855245,0.040406007326556276,0.02969975269488059,0.49117071624516073,0.04048834483008605
1671,-0.027370250052830506,-0.05182678273759837,0.12469199587279053,0.13946796356659905,0.8092558283716115,0.04684967800417754
1672,-0.002748639508391681,-0.01381764591258919,0.018639073172876462,0.013420339293326896,0.35671851754946415,0.045770828694415365
1673,-0.14521920844135983,0.14543721019753422,0.06452124894166476,0.049673881273685036,0.9163332277754211,0.04062658273637859
1674,0.027127968485582014,0.00945221827176086,0.13769455074329576,0.13595995411324516,1.1906926543125804,0.17302561684006676
1675,0.11355406249196733,-0.13335356100162857,0.09144958389782751,0.0920953026021385,0.7101745421631198,0.04224843578859717
1676,-0.01228527348579139,-0.010931365699613579,0.06718277895361,0.05638882099882605,1.3026772293491666,0.0784677388314079
1677,-0.165303448699115,-0.030912617264705476,0.0909562425218226,0.06755421976530307,1.068386119903401,0.05693462304078028
1678,-0.03297820803088316,-0.12692936627049278,0.07398585845310698,0.08137566642343273,0.41070690927028114,0.10104896053234559
1679,-0.11572737285446447,-0.09291875327976498,0.2238985334517418,0.2346551440867522,1.2212528357863102,0.38798048836166255
1680,-0.3411562404809441,0.13228096470836673,0.0943853030888891,0.07424417044199838,0.39479776385039267,0.08452173450940259
1681,0.048750938823322265,-0.2800412055585936,0.059897069090160175,0.05107896972898432,0.9469401218331659,0.04110923057141238
1682,0.13618889174860715,0.09323086980376394,0.09444794137024456,0.09032808438688492,0.3554173756422646,0.08813258844144581
1683,-0.1010694409692753,0.1647634274357217,0.04333449404246393,0.03465597484036112,0.6196770395877745,0.046181184409450904
1684,-0.5776390909225824,0.4539141036865752,0.125995745906978,0.1079241761048435,0.37579648075991173,0.08592830095124854
1685,-0.0527504427655133,-0.06634839521282138,0.1080529789036314,0.0975113001423157,1.2617186973160512,0.07154461310726391
1686,-0.41372675726303515,0.2782450827472837,0.06198733084365858,0.04710541151489682,0.71925076920443,0.03264923189036055
1687,-0.039581648426630776,0.005885455249209139,0.07262502496265602,0.060623177882946126,0.7728658154535312,0.04074655793866865
1688,-0.2852794903090897,0.02792197708326883,0.24817171781738498,0.3724202621354675,1.9132297597621264,0.7554315968212021
1689,-0.04310910511115114,-0.10372771064904505,0.1196461618413587,0.12765210059170545,0.7139254192178495,0.03879743878843911
1690,-0.1245155371300356,-0.06569768356813828,0.0691307498804573,0.05145949390360793,0.38146148535218466,0.07220037797347899
1691,-0.9090506847300941,-0.01932189295782185,0.03441952095929702,0.027830881831525676,0.5656872484810225,0.049176143528568216
1692,0.011634037444860836,-0.024985402407308996,0.053469880836886995,0.05888240992980373,0.3893797233666804,0.0796799490187874
1693,0.16527183362483963,-0.07432836647558158,0.1802149508897351,0.17677715807536304,0.5541625716010233,0.1758581779920387
1694,0.0763620880751437,0.3576113508362747,0.13476246881248988,0.15251458722267586,0.8917348546202856,0.053842224509055174
1695,-0.05347174802729085,0.019207531238858065,0.08029115720912519,0.07319539134745164,0.303995301195266,0.08008115979579625
1696,0.18128886565939487,-0.13591463988923977,0.06906355124866098,0.047288109169728455,1.038193548230899,0.04748969409956837
1697,0.05247209401011377,-0.053315050234731265,0.06454693484614024,0.05394089744409364,0.8471380383306589,0.04517177508256023
1698,0.2814606603773761,0.09798402534395555,0.05632468759799802,0.0372448437240563,0.6586420552810529,0.05149717528524909
1699,-0.09227927827998467,-0.05709480145353503,0.06975201486241236,0.07307080661971589,0.11078626585643575,0.10677145411785552
1700,-0.13872194595808485,0.10300763946756812,0.09817936924451266,0.08980944275499697,0.6058692173983076,0.047343519506384074
1701,-0.0634842128322885,0.024255111544813503,0.11599690312414972,0.1147766902651026,0.7399686172459625,0.054039578486681894
1702,0.02218263473659423,0.4176438912280165,0.10472078008295473,0.10501820370538363,0.9902068484107793,0.04286301288071283
1703,0.6303348945320141,-0.22973181997584133,0.03932430760867909,0.0290746636748264,0.3819097883016393,0.048273922936305634
1704,-0.007198667642132194,0.1065680080667242,0.07926396430601011,0.07046892584442674,0.9528592983969577,0.03978181062473801
1705,0.10279994001591833,0.14576884945636187,0.14459491617926992,0.1485555785500994,0.6010625796070049,0.06782196295097781
1706,0.13172058410249524,-0.24633360652260647,0.052483808704277206,0.05245073179653205,0.28549142479478284,0.09931071137048483
1707,0.2782829989204711,-0.34132170461100036,0.15196043159426859,0.1536998298395319,0.6031860142240552,0.054782999175029844
1708,-0.5655545043795793,-0.3791875407763408,0.0615354666949749,0.040398662949433166,0.9418337199598786,0.06935906104717968
1709,0.022382273877430754,-0.005033371947294436,0.046400851043641236,0.034720424461329905,0.9494152453257337,0.039739578481437575
1710,0.47415499777024334,0.03782915506554712,0.07846602761965359,0.05649082650028483,0.8599380749422104,0.041891277345278484
1711,0.06689765291139677,0.13151179056430456,0.0396692289761544,0.03899152646897226,0.5127103842169276,0.04274049521306553
1712,0.01675992780937628,-0.059695711855206376,0.020596914815298045,0.015555964738984159,0.3617828996929934,0.044301597447931905
1713,0.35986650130425263,-0.07587832072331886,0.19845770780683727,0.1850276260729732,0.640592554482688,0.06239401984309904
1714,0.17878955131933763,-0.11210733814316011,0.11656986097121637,0.0884512421026808,1.0130732721768803,0.05089019213921486
1715,-0.07379466278078976,-0.16756650329477304,0.06848115399839604,0.05973992592930002,0.8242755821627502,0.05602131143033357
1716,-0.04132145430696609,-0.07703618305975074,0.06200266637952313,0.061844560723748845,0.1346156613903603,0.07632322047800123
1717,-0.41239029819989326,0.224599345256002,0.06465770772974917,0.052306514156275095,0.5511416934957801,0.050930027730066336
1718,0.022998510829780466,-0.08621839811996852,0.042359497728060205,0.03981484540444303,0.586529846252777,0.05959251658744876
1719,-0.41724167001569923,-0.06520833541868358,0.030302876065853586,0.02629753934577013,0.10997505792886178,0.05667312484604638
1720,-0.0643619027785613,-0.010394724359256199,0.15396138654159963,0.11283759044074437,1.6522099441327756,0.28596867124931397
1721,0.0674604348024037,-0.009011658339239503,0.17119220336329413,0.14926490431174516,1.0407448644933286,0.054492833191636204
1722,0.02815740009903912,-0.009945438688741419,0.0359520567555069,0.02115907330553292,0.7258730487207448,0.03864958407860501
1723,-0.0003335131579082003,-0.06514640573555307,0.08930262632261168,0.08592453086196822,1.0640221609847849,0.21148479270215437
1724,-0.21620510056006112,0.2415831470305787,0.03379639600607361,0.03291190773585528,0.3696905953827082,0.07045198437735518
1725,-0.03054276570961944,0.04325098057796062,0.057755167602070966,0.0423633524851797,0.8683602365969435,0.044933185844170505
1726,0.004501680589492058,0.0039407662716570025,0.06656837955732027,0.06279022164402216,0.9205706229797386,0.0527571486702029
1727,-0.0019849700005432217,0.3673945820697681,0.06368947086073853,0.06339739497025863,0.6068375246061843,0.04287195004628355
1728,-0.2847153367943873,-0.20507284127992748,0.17265357813598203,0.13326504760468946,1.3619990032519054,0.0988924010739024
1729,-0.008193260601330332,0.010282813347623562,0.07018365173438781,0.056051008241071495,1.1328761859630176,0.07362611511826996
1730,0.012517720955455858,-0.03107647000604713,0.023207914735401906,0.021320541848037784,0.35302878853212855,0.06528870854915665
1731,0.0670501883496662,-0.6247542871619212,0.07380488970428942,0.0692232781394709,0.9627340217466639,0.04224394818546262
1732,-0.024234507370837592,0.24275764191854582,0.07995477671269541,0.09658222166592141,0.7862418243089254,0.03787078260307816
1733,-0.010647002596511903,0.05569097080542891,0.1470203756226716,0.1540656873585833,0.9995654317623678,0.06641419634821805
1734,0.05103293475640515,-0.4186394250870136,0.10207204937869703,0.11977107208528309,0.8464578265128353,0.04542498480108362
1735,0.005660834345597163,-0.010754836565756187,0.05388799690244335,0.03981376419765669,1.0041767610615848,0.046454496824840694
1736,0.2214992209689474,0.012987701845178412,0.02879472864846784,0.016551346487302797,0.3923896973898785,0.05301809300570041
1737,-0.10513497394489503,0.022152338442228546,0.11622684580301378,0.09202783862372778,1.1359207814507177,0.049169196524159166
1738,-0.06124248011861351,0.0984887315534292,0.027898320647322204,0.027929298513282186,0.3535466574710638,0.07060658693623083
1739,-0.08613373457903264,0.3159230100582811,0.05011655677659279,0.061196577257787224,0.40181783695409,0.0631032841955351
1740,0.032975933732707366,-0.3105692113066658,0.1004323643326331,0.10969762767538012,0.8779928921786985,0.05954378284465307
1741,0.1907305278657025,-0.19872467385979498,0.13146097782145919,0.12699703878921495,1.0635266331315023,0.04739475517092457
1742,-0.5100849744689837,0.1349509720787731,0.0674495174565426,0.06000503723913506,0.5217694795218449,0.08943005336572941
1743,-0.013149517367543993,0.0556168265987481,0.13878067303552222,0.16135912510044406,1.7346486442758322,0.26367802848940125
1744,0.8503203464061936,-0.1897988963519208,0.034004044980157876,0.030889882068674046,0.549285624293261,0.0720766958415069
1745,0.05974791178341048,-0.07323670421802683,0.13670399776653983,0.1323458135301261,0.48427519418752846,0.07189067067856682
1746,0.5749604872848965,-0.10819552014876382,0.059428892724518255,0.04282774734305498,0.7694791231067314,0.04131532487843013
1747,-0.0013491549469263145,0.20130926868797216,0.07799022884859842,0.06838231678602189,1.1201423651241313,0.04997615431978737
1748,-0.03370256846372346,-0.018548698740059624,0.14286859814749428,0.13660600240389023,0.9289526550612544,0.08282894484360424
1749,-0.24709798875502428,-0.1133690355000948,0.3401543203403259,0.34541832182483617,0.41454777221775463,0.09361102707265014
1750,-0.008938070226449083,-0.040289036218307095,0.05328557934664568,0.0407375586311624,1.1553319156390105,0.05318180561708439
1751,0.10266694402656622,-0.1631974198509387,0.040760542679568974,0.026708813055067677,0.6346610862912736,0.04322534420145652
1752,0.012938829763468968,0.4713675057707765,0.058643893382875255,0.05705508843451935,0.9412546135830178,0.06659148384898543
1753,0.14245618998264253,0.30850799196890055,0.11882890331395633,0.1367173184111937,0.4521270331087484,0.05594499723333048
1754,0.010205857957562172,-0.18535234762444214,0.03563814527803768,0.02657656486759734,0.6375347350651243,0.04742045221891357
1755,0.4689717094385155,-0.3682185614197517,0.053838476427701884,0.04409078563862938,0.616986016608036,0.05349555716261189
1756,0.11293373793577427,0.17361703325468725,0.11166372083943682,0.1339178729856088,0.40230501392483126,0.07989218522415702
1757,0.010719845203335233,-0.05884801973586756,0.03738395404659093,0.025635882814562624,0.7697246659360151,0.045576737940305874
1758,-0.23651877219775924,0.041519014652242864,0.15410992416234534,0.1116528560179884,0.888547703506686,0.04012265446684683
1759,0.0755754961802103,0.026701571259716797,0.01789459484454323,0.015908400323688687,0.0935179602228904,0.038370275398110845
1760,-0.08175622518257088,0.10550688122508306,0.06948194313620096,0.08070981018603533,0.4481183622871002,0.07091603840944026
1761,0.08471624459856511,0.25445523634288814,0.09439453456589991,0.09178770542980758,1.5651047372671358,0.2387697779777258
1762,-0.11688534622266605,-0.3141276674452944,0.04850074897570327,0.039428796262849015,0.7936384646951228,0.04659841168623739
1763,0.4389614603646235,-0.4337438515465585,0.09557428391201073,0.08700443147493322,1.046493578797664,0.053810571453356576
1764,-0.05261669008046491,0.023881471539124635,0.13624183457405445,0.12475673699953051,1.204944476310072,0.2761284557989196
1765,0.014418778482763473,-0.01694289291771466,0.02942607491188414,0.019714028358732864,0.7063358950791021,0.04387266937032176
1766,-0.0698120569594664,0.03926505986327438,0.05205683185483799,0.03605612080526521,0.8123302438475325,0.048176690651296844
1767,0.042955196486827,-0.04542795312341626,0.059580974019800635,0.054528769971727224,0.2958892354885691,0.14183675413489788
1768,0.6444674370235827,-0.3628704096489507,0.2068151449893565,0.17193205380672547,0.7386851209265569,0.045111969813192626
1769,0.10599790789566843,-0.3053833642783159,0.03620608320419745,0.02868764544783168,0.5639783109312667,0.051225684050894525
1770,0.16422009676433597,-0.24680770745327724,0.06483507570690554,0.06379173590078681,0.6971150758560869,0.05319009894678816
1771,-0.48943424410262737,-0.02424985025862307,0.11469761640552902,0.08880972872181808,0.6229667208034755,0.05060846583933498
1772,-0.17198155706967813,0.041906373833615895,0.19217092515725745,0.1457733204480916,1.4516046672519745,0.1026012772801927
1773,0.22341008357802258,-0.16397908152138643,0.10958301976521218,0.0807874282702741,1.0494978058263118,0.05834458861941406
1774,-0.2773991962753389,-0.185009876342795,0.057483682451770046,0.06240562243481005,0.15611679233827608,0.11424523025973478
1775,0.040401016043182664,0.10053117428051948,0.090032187845618,0.10297927525219744,1.0769446183400033,0.07691045536388345
1776,0.12684177786129155,-0.007196148704227807,0.05967393243722804,0.05039641413788186,0.5531823929155802,0.05105996620596239
1777,-0.013943625628042614,-0.0010098138208435546,0.02856314155266019,0.0312618568457379,0.23496199341250978,0.06934634917271879
1778,0.0687553586856218,-0.08398944353635497,0.060724663635422865,0.047125390475006704,0.5600472911143975,0.045095272845475175
1779,-0.09604096136249464,-0.02835727231569553,0.10105289223894943,0.0916387570558183,0.918775591089223,0.039606171101692025
1780,0.0791037636558747,-0.06501525538866235,0.16632543752505288,0.15646809312121276,1.1711591317308394,0.05798092848796793
1781,0.02399350361708509,0.031000110406280548,0.07704739539869868,0.06368072774671181,0.8376563573444527,0.048343740034192804
1782,-0.05069000147608633,-0.08601717987836068,0.06883441529422736,0.05379615740872053,1.3137000684969846,0.08635550807570204
1783,-0.004391761562770153,0.031947279266367076,0.06852994389887822,0.08089723003193047,0.44627732552654414,0.09842299843956509
1784,-0.24864589154984243,-0.20084810954510715,0.0692446522773687,0.04770384561365873,1.1174703257878567,0.04771154040602014
1785,-0.27672852107682844,-0.1531123719675036,0.20177579001577803,0.14816169445463265,1.3845249170817142,0.12463326851199069
1786,0.039802220466012235,-0.09935334371797874,0.022032388475969784,0.01886883702268262,0.17077660167117475,0.04807130999824118
1787,-0.030953981371362266,-0.15181418204586516,0.08348100283985381,0.08088223395091565,1.4028318375594533,0.08923013155091834
1788,0.17291377161996643,0.4085238637523144,0.07446183779957173,0.07883163075272312,0.17766094373302443,0.08022130400643662
1789,0.19187093646698533,0.18864186555734955,0.18069606944001684,0.18161043061540988,0.3361732421247462,0.1194583806114434
1790,-0.13725400113147143,-0.07506575222386407,0.025080880148512077,0.014220712133618125,0.5432219492145919,0.029940624913351872
1791,-0.05946657733016118,-0.00404886333764265,0.02730131140834808,0.020708036230059887,0.36649461891813356,0.056234210117726474
1792,-0.0870604024064445,0.02190924744262579,0.05594359764024928,0.047162120885454344,0.5022723718376759,0.04775188502441951
1793,-0.006721656334218913,0.05929268667831519,0.035483379814891074,0.022943551986840584,0.8496271096694745,0.06272613525658588
1794,0.5667288870211049,0.5367456323252846,0.0992608527039681,0.08676288419502845,0.4340208711073047,0.0656870097093698
1795,0.015054517048983062,0.03907905815809747,0.071397841588478,0.07278424115570985,0.5863148277450835,0.0627587163412802
1796,0.06041154818292424,0.060466366788041986,0.04840652731526808,0.041756104932560205,0.8612729598017219,0.04339243954932422
1797,0.009278246515475517,-0.07218577707134569,0.09604611574918254,0.08228837006622976,1.6994866711295282,0.22976527468843738
1798,-0.1757496541414606,0.060730817805110415,0.14295808956675154,0.10974965945083676,0.7415910517653305,0.838434150389115
1799,-0.06792202977692205,0.01393627643136545,0.06690249486903375,0.06150113856631786,0.6187122721747415,0.05079648529850225
1800,-0.40713081983115307,-0.046167033827972506,0.04362524649125117,0.025899051438490337,0.6806292228622395,0.04793522182656821
1801,0.07462575961371283,-0.2528004376010788,0.22590987544310362,0.25505135426657366,0.37002471488947036,0.07358785478704383
1802,0.02385761544706458,0.18497442503918832,0.057706165512824585,0.07055050876649877,0.46719203332739134,0.06948453065050214
1803,0.28930603920164594,-0.17400524871574607,0.18953288904198548,0.164425839209062,0.8898896303711318,0.04515260526069929
1804,0.570771192242435,-0.2971535353384516,0.045343239270618695,0.03963334116838419,0.4791222604917446,0.0560276087515963
1805,-0.05731723931186455,0.008852528508570679,0.11633926576047775,0.11299849662148133,0.5422884045862753,0.0657873286990875
1806,-0.6836156477299801,0.11551013843639367,0.04055515927970365,0.0411449904075746,0.16718130189481878,0.08489687273477105
1807,-0.005318623859219753,-0.025507584122543305,0.048140746871745806,0.03859123353144749,1.0625295895379132,0.06053407074304928
1808,0.003372715546013208,0.040051581416970204,0.084038309310283,0.08342779834787137,1.400223939289631,0.08660304307035509
1809,0.22089973808877114,-0.155723263971504,0.18766899072510232,0.17150136217685724,0.4392278970751709,0.05649502691359098
1810,0.0231682582607288,-0.033177320836606426,0.10742437433266912,0.10078872460828303,1.1705924051215209,0.0676749053306756
1811,0.3357201759825277,0.09107133339724235,0.04764183646723428,0.044411184302628984,0.2127385139311283,0.07965754831544677
1812,0.054209824963272146,0.09997670334377856,0.08388610602553188,0.06837198756387544,1.0381055255491738,0.04514118598614365
1813,-0.29280147971955245,0.31115251859199694,0.16323182083717647,0.1366805968732657,1.3341706262007171,0.08391586013840464
1814,-0.05353679720730234,-0.027296860544558883,0.04885844197946007,0.05785939655295326,0.0931616984577934,0.08232915983162635
1815,0.2910001509522418,0.12390225068573184,0.08787249637359916,0.06629824603922939,0.8254360270345485,0.042955229181447924
1816,0.018150046912086645,0.0010208797998217008,0.07091207096019901,0.06102824484630938,0.6743902398993173,0.054778600441654064
1817,-0.02298488451306013,-0.012078249829080425,0.029983623135891296,0.02299843833680567,0.42269806762326456,0.04170966201276103
1818,0.038038492387396775,0.32517721671380095,0.038081015002834104,0.03629250940506302,0.7192464307090415,0.03675574089606345
1819,-0.18798899887846687,0.02206954581185619,0.12361021518162521,0.08920532712004703,0.8193084208851457,0.04467911237249411
1820,-0.5628424774872172,-0.22819656333111335,0.11478248527248744,0.09811181651741435,0.6538321917971224,0.04166890111870054
1821,-0.052200358737575336,0.15008694066638714,0.10074214102890372,0.11271259441821857,1.1151158039489892,0.06390280816732218
1822,-0.10868722857382024,-0.14430955162996803,0.07670178445004536,0.08783844835476051,0.10210156541763751,0.10133384713438671
1823,0.0734781013101749,-0.20227651987910727,0.20715329632114426,0.2518506325857484,0.3932467801600104,0.17013035455730716
1824,-0.10871529413805152,-0.08077175708585234,0.16983842917318256,0.13665042187642926,1.5015766576547354,0.17587740520699083
1825,-0.0003819746494424386,-0.05125570680348565,0.05596008373627618,0.05325130557412952,0.8954248363198763,0.044689615584198226
1826,-0.09487491042192085,-0.031571317350261564,0.05694545490380237,0.055530108435951527,0.3886419182284835,0.09410750344567813
1827,0.31926405779714084,-0.07857068451364625,0.09999088508638716,0.07387734263577035,0.47510661634541196,0.07783831137428525
1828,0.006441265197901408,-0.10225347836587838,0.11367384521812585,0.140033735837092,1.1813096810306685,0.0977929295475749
1829,-0.13330081092472645,-0.07598127814143814,0.11278978377730964,0.11140437281768704,0.33952896050915915,0.08934700494568115
1830,-0.1288812745359763,0.470710746237622,0.14817672823486522,0.1733795777549801,1.5471096890921627,0.1975110049629623
1831,-0.42160958274646587,-0.019079861062305803,0.06185770744128841,0.04937567979436361,0.3027075273019663,0.09117462047938334
1832,0.14002510115647646,0.01456718941944612,0.04112810098357543,0.022212267477015886,0.6447112112430995,0.03713510639077536
1833,-0.21452068073879807,-0.08645005684559255,0.09491487184486488,0.08261630937861296,0.7985136411478425,0.04557653341982656
1834,0.04265911604836661,0.5174367927407623,0.06860895630362501,0.07214736380705293,0.6987689890899629,0.03936725996672605
1835,-0.0007152909562893512,-0.01650030940331335,0.043439911207346985,0.029087813967208394,1.0180762014554001,0.04397298398790036
1836,-0.025709287373667785,-0.010032375229599166,0.12513793500411463,0.11589966055736388,1.574067865943552,0.23982633505911052
1837,-0.021874651582460856,0.02582456881300986,0.07799828765540465,0.07318256301871652,1.400434529724301,0.10031411136479934
1838,-0.021007113019434455,-0.008988865961845394,0.06198548461411085,0.05915166222445407,0.9500058481044559,0.03978713531397314
1839,-0.18605056611959495,-0.03352527354802738,0.24706481901029112,0.22896552718700475,0.1739084579784284,0.24696442833510845
1840,-0.4356035691733208,0.03151715342744267,0.11725378699747112,0.0792786981573872,0.7038261138624807,0.04440902082220831
1841,-0.014253654082058293,-0.0284908037430429,0.08434342883435025,0.09637439243270665,0.45373704904904993,0.0775779301222375
1842,-0.011778961684381584,-0.008863183293758849,0.05284851247392324,0.04271156208545233,0.8457682408790055,0.05114678763256187
1843,-0.003370153846309127,-0.09000927266822477,0.23491110362289724,0.24049153163620654,0.45288237941138937,0.07531365976911537
1844,-0.20116157390577238,-0.11910060563125541,0.11086510181511613,0.08491265333796534,1.0241122682026527,0.05974629566359242
1845,-0.009790299396793545,0.06518952363235737,0.04300274936249462,0.033766239102717706,0.5442439326147226,0.04557142457785107
1846,-0.07695335005321643,0.06423826519336413,0.1336490487820396,0.11988982943052504,1.2031368467922663,0.08023904340279935
1847,-0.025734067729764318,0.009671847696841129,0.0481344617557368,0.04445777232535153,0.46108143706145743,0.053955874536262355
1848,-0.19259674155129708,-0.4905181137574895,0.11726541406681347,0.12272830138655334,0.19937352731873553,0.10701622032549929
1849,0.042648665858781895,-0.06335588033730495,0.080464851505304,0.0804356334710649,0.8383267679387183,0.041951898459362556
1850,0.06830162590791997,0.13479389403893238,0.054666515853669356,0.05034111530273744,0.5843249257825867,0.03927814894974298
1851,0.059802532512544485,0.051639708155153896,0.022803214363947312,0.01749831380055596,0.33501420428757867,0.04900564691913279
1852,-0.21928777668607125,0.15283694214222726,0.0867628448502481,0.06331091270576318,0.7059036923559073,0.04367085568087017
1853,0.01776018850231618,-0.178638595853273,0.1169322971066295,0.11556163195727306,1.2948535853204715,0.09029656048888976
1854,0.474718830272046,-0.10975760518598056,0.19247371333561394,0.15891988569477944,0.36303017742926885,0.10143430048106461
1855,0.010439115640188464,-0.07129098366480627,0.07287865954603222,0.053178498106474785,0.6963027104573531,0.06573110621157328
1856,0.05751433343387642,-0.022526497867586565,0.06362837684583282,0.049980800733947166,0.21780147201560746,0.13214274833955503
1857,-0.21345260128744645,-0.18861612240483128,0.0596744016491997,0.04924155949578961,0.6614853624625096,0.04032540789908476
1858,-0.19631297272666623,0.5136004013086515,0.02460790994614713,0.033796384477423135,0.31224041352739007,0.05524196505580193
1859,-0.1894188305740416,0.05001960329321696,0.10531203441701029,0.07377304171741499,1.0973562366245144,0.044009107970146615
1860,0.3193215785177749,-0.19639113353984505,0.05727852340203132,0.05173945332802948,0.4447133577163736,0.05887996678996352
1861,0.46120000256006816,-0.3010922972748378,0.052640146135282104,0.03963732508753443,0.6439140742116143,0.05016305735156154
1862,-0.0514866992426555,-0.35709991164099597,0.03065609865212677,0.03207310577223811,0.26040609366184736,0.06449714587033775
1863,0.01616818533042315,0.047243823265454496,0.08992537781947144,0.08832090711795494,0.6797870180793258,0.040569568750486965
1864,-0.003105362864095647,-0.3163654853772895,0.11603396299072266,0.11339620569989929,1.3666675941784354,0.085179815949463
1865,0.05353042391365925,-0.19754256550700197,0.03405571309575445,0.035916558814562786,0.2976707588989226,0.08930114429426374
1866,0.04407277694833693,0.07046522850834616,0.10936227161903755,0.10709458506006286,0.29905738316284447,0.13139388197408733
1867,0.29198141953266976,0.1249264689843229,0.16723544297525755,0.14879487244523668,0.3630139727418994,0.0822878477416897
1868,-0.035804263210492064,-0.0224122115648313,0.15642493222460144,0.14678006479707684,0.32546044431139537,0.09346518244235746
1869,0.623789601151686,0.018105634960972943,0.05516684061420102,0.037750653521191876,0.6551899694480275,0.050121822801734446
1870,0.2590399769578995,0.07075343738236742,0.1329467782816346,0.09254855102142463,0.5775507963968294,0.0713243367107253
1871,-0.2131390923947332,-0.13189703318717375,0.03592895559305084,0.027192511671817517,0.3816241582366213,0.06030305296858238
1872,-0.021761957433178727,-0.11081004641116331,0.06188739125020896,0.07022624916607115,0.3444232354877515,0.0877527583382534
1873,-0.09460456675233114,-0.07065552432511403,0.059022103514163836,0.053499717151529486,0.23603967201665454,0.19554844603628468
1874,-0.07695335005321643,0.06423826519336413,0.1336490487820396,0.11988982943052504,1.2031368467922663,0.08023904340279935
1875,-0.054193987873989914,-0.08770589310419195,0.04190179962618004,0.045275084114979554,0.18030730920173815,0.11387499768923894
1876,0.14707352129804477,-0.2722845095296015,0.05831504581561461,0.06364848137904733,0.4999739221269632,0.05007884724081074
1877,0.5047197526138039,-0.07973150460866979,0.06652548998323286,0.04550102863574203,0.8290794007727713,0.043851004161827224
1878,-0.15056647802304252,-0.03282738654928857,0.18249804743740008,0.1708648298953034,0.37395371888010265,0.0725190928085656
1879,0.009363684021456037,0.052865756272769585,0.05226735939588735,0.04632127224121086,0.9022723875981783,0.03645443783644832
1880,-0.07565874539734775,0.07609794610190312,0.06879351506905867,0.06462097551474301,0.8192295089399231,0.037528738743598855
1881,0.5869932236711505,-0.36745244863286963,0.06745745835504603,0.0624303762971913,0.21899632699268595,0.11835435209100073
1882,0.15303793699085408,-0.6235509586422843,0.15951244971361186,0.16551102620750768,0.44310665987879577,0.07818170108737309
1883,0.07013357624455582,0.2246129479243837,0.07135958130571741,0.06502225388734928,0.8821450325737951,0.04146827611663601
1884,0.010945603383339548,0.009776023964556521,0.11663605976219348,0.12669732349014232,0.9177184947456469,0.05009371824637865
1885,-0.05098664879182689,0.07244965102282312,0.11528481291189474,0.11185019592953797,0.11446305090261116,0.19412301717966646
1886,0.11172811031713378,0.013514851672242258,0.07183112389537492,0.04758039012056749,0.7064041595916515,0.049033099356119506
1887,0.04327955154848202,-0.0649903614522362,0.09487472543067986,0.08690027613784863,0.7475566860149792,0.06722083854687756
1888,-0.3208131713950036,-0.009606990063172735,0.1374499341995045,0.08753995356541644,0.9775182670364171,0.042990329034119736
1889,-0.035804263210492064,-0.0224122115648313,0.15642493222460144,0.14678006479707684,0.32546044431139537,0.09346518244235746
1890,0.015680830810313306,-0.008473150555510268,0.06904131695831128,0.06213344625885608,1.1953119922325752,0.07322220439654907
1891,-0.004724980458529209,-0.017821031044305196,0.07688136722390503,0.06849069234611158,1.4739409392451601,0.1462461462166492
1892,0.1699838330372673,-0.0287610348833695,0.06090680440681089,0.03692210657999065,0.8235336739783728,0.04365721847841115
1893,-0.03441190364164239,-0.10532016943335552,0.08256178137297274,0.08584499926104319,0.7839799816214049,0.038047215230952586
1894,-0.05273326802514592,0.0731397487302227,0.06575313590078805,0.0643190829319835,0.3722174771752562,0.06843563998570552
1895,-0.06614150711883487,0.08271168807624081,0.07763600997243209,0.08889890369393083,0.3759993016052565,0.05625928444834713
1896,0.14436426217084908,0.15704645974695353,0.04735965372747864,0.040151270852503404,0.4890987343649509,0.04625453910573523
1897,0.007992551052643345,-0.2228208072480444,0.1846662468987684,0.20710212623209187,0.6263303751292587,0.052992496207340575
1898,0.14989942599622502,-0.26961453104825,0.028654872216140992,0.022951006759539774,0.4932075215010754,0.037575831844754444
1899,0.7724737332153667,0.6019264677132773,0.03243452518843361,0.0285119286004705,0.5344303558358038,0.07645287297435581
1900,0.6309554031141252,0.5796904541824297,0.035861576014423815,0.034303122903202164,0.2378153171615906,0.0893741863684339
1901,0.029548569269914348,-0.07161291146242121,0.02101056440244831,0.013983008437194296,0.5190504710859597,0.030755731195146397
1902,-0.5814819400167044,-0.5433153474100614,0.04586905837593978,0.04053433878228618,0.9501308422269518,0.0388239004477719
1903,-0.005312923557634593,-0.03150748738684057,0.08043426715425253,0.06887992935099062,1.41928073381782,0.13025359442032142
1904,0.0419030657629594,-0.011747089031363123,0.05231822646319313,0.03177821481084407,0.8615949242111027,0.042272534974603725
1905,0.04348376128418784,0.1743570117518967,0.0734856258789908,0.088133317051187,0.2918749233376654,0.0858084104032029
1906,-0.6106507393062184,-0.30825918718985695,0.037053124528934014,0.026468233218066538,0.5170247990724116,0.039204731614025747
1907,0.05697265232312781,-0.04082050021285273,0.05394576139012983,0.03505954626705048,1.141349011139684,0.050523031656832675
1908,-0.5551425442458019,-0.18093413044124124,0.25883411218386077,0.17943018100907984,1.4504863877927399,0.16036220599519072
1909,0.39776910388224906,-0.2734220935980687,0.11025335975528625,0.10207125320156751,0.7748820765053902,0.03970479423007716
1910,-0.39490612705555517,-0.6845957028137425,0.04591925115674784,0.04144545730141272,0.13732925569405163,0.09798385969104259
1911,0.2704072339770848,-0.3870613283014424,0.04465607608909096,0.04540180992732408,0.399910468560541,0.06442193865500795
1912,-0.06268650387353628,0.3525200834869367,0.0314416102867526,0.034396804717426135,0.4809363472114049,0.047953111752046716
1913,-0.27186319640363593,0.2126078579417972,0.09303645422022865,0.08714182794293582,0.42259890924855725,0.08648060990474363
1914,-0.3255628200114938,0.4392718916528338,0.122099618354611,0.14203854491650494,1.0604477147921483,0.04129941272982243
1915,0.0017849563781680816,0.0032591331327993505,0.04933715020631386,0.04274631332042858,0.719643523956255,0.04230628364979383
1916,-0.4161838999731826,-0.06370318392704225,0.10514566823485501,0.08455687954503523,0.41681548704129684,0.07132745919706225
1917,0.008165273773093054,-0.015319996051410024,0.07197090038391857,0.06681546554022202,0.8367729019595757,0.045880007537033786
1918,-0.45622370380803895,-0.6894650649943656,0.048550458718350294,0.04809175088103796,0.14300797297555928,0.08226913846234907
1919,0.4916203311351058,0.3825940237133842,0.1283945797776584,0.124964152715367,0.29611109560340126,0.07720559785831116
1920,-0.24062034105542066,0.35650460121621685,0.06351981737995707,0.06510748074707741,0.7777264198802232,0.034308788367311806
1921,0.38633961225139796,-0.4888822404454791,0.0738573034570578,0.05965097888996686,0.9878668200119883,0.04789226949527972
1922,-0.049497061974121195,-0.0946223439390161,0.07108644725454177,0.05930077589918432,0.831405068297682,0.04932609411296185
1923,-0.06903281032769808,0.014067905962314211,0.033872753359985706,0.0274783448431338,0.42700161089697597,0.046799173873491494
1924,-0.026852370048642465,-0.0028348111822581405,0.037830480461792944,0.02577885015574011,0.4930650099613047,0.05842341019737471
1925,0.8553990917580023,0.3674451238028609,0.040150815315141246,0.04290433891864604,0.5775891665156098,0.06227610531718222
1926,-0.34363469622663767,0.28251623517618457,0.2181604486191912,0.204411445157952,0.2762708256478943,0.08687535760832614
1927,-0.07008582725988256,-0.16342165887751275,0.22092279783895863,0.2464110708967404,1.154384696873738,0.11350079048866049
1928,-0.05931717171295452,0.05357811057112093,0.04196118031827689,0.032769280293316196,0.3958037498883966,0.06365029825599892
1929,-0.07421376288321824,-0.16204021693480086,0.15512670747651,0.16992867411635185,1.3296261795027544,0.17761508177091231
1930,-0.13723386934549295,0.6155545149484004,0.08409697451601225,0.07802012429131837,0.8488345791232225,0.0453803192185104
1931,-0.028083577617147304,-0.04644223926295378,0.041095611474136116,0.03242249571437487,0.5080076243658268,0.06492581638987249
1932,-0.07854979401998148,-0.17297503464992495,0.026260690739831064,0.025210680566555024,0.34986324302392996,0.05170971234432687
1933,-0.021272611699959948,0.011851532692578595,0.04158269838895941,0.03240321089600799,0.5871778828875522,0.03857852840590495
1934,-0.12127397731238646,0.3634119837140743,0.06665999207148524,0.0698632037474557,0.7855499451915668,0.04000452737625795
1935,0.04320405232328879,-0.0238304426150648,0.08594356695485295,0.09028642951918354,0.8113218257304533,0.03826202517006402
1936,-0.5042740799974663,-0.285064071519276,0.0538353044416321,0.05210262151570665,0.35257331049246454,0.070064833523704
1937,-0.03588022015437757,0.0465078514048721,0.0951241332479001,0.0912263395356645,0.14034673106460777,0.07209349534958687
1938,-0.3981085389093787,-0.543320824663094,0.10951010988316075,0.11497811514177628,0.7848637557634152,0.04439337900457734
1939,-0.11320459189312905,-0.022271546916190745,0.16122029363707122,0.12786678186828848,1.4562034356344313,0.2001725408190331
1940,0.021738084059640672,-0.006222580790496664,0.04542790239481573,0.03584508646707697,0.7282042776200525,0.03945510615499934
1941,0.14468163931970882,-0.6182235395225955,0.06552772395751764,0.06616479896881682,0.5546674971898723,0.06079808316534921
1942,0.12847657843380275,-0.24898704078787814,0.09471996349910448,0.09075519406783775,0.9494232181569376,0.03845009173988772
1943,-0.08291487785401493,-0.06653612463627243,0.09958947330177675,0.10322806379459087,0.4461557314877498,0.05681037468393728
1944,-0.03793386553189573,0.0932380574835965,0.11189414596710594,0.10936274600054025,0.8726253416337254,0.04794658877877788
1945,0.14955864548364217,0.37785871132683185,0.06713277881658909,0.05986463536991882,1.063983842957839,0.05426472058291212
1946,0.12808737441131848,-0.5173462897758333,0.10846107438522172,0.129362208793345,0.33769034543731247,0.13417260395085068
1947,-0.04538078842796231,0.06016105528484911,0.10902040782714174,0.09998169478004926,0.9657174406412969,0.040144099864871614
1948,-0.008193736684239285,-0.02693638406245373,0.1038777252818586,0.10841321473374137,1.5604812060833613,0.20789370907814989
1949,-0.02767617962081065,0.010004876295991788,0.06598512845350721,0.06390755292267747,0.5913770954707056,0.05804428338008741
1950,-0.3076604660559513,-0.23878567849251975,0.08318231746128944,0.07488314952050933,0.7213144352101138,0.0422203383762362
1951,0.3927192817681743,0.6752704635558543,0.05151812330539296,0.04757651279323696,0.2793490783816548,0.0739145141605391
1952,0.06853887433737732,-0.023731892767038354,0.06991615644628298,0.06319612827796643,0.8514460445022513,0.03857603196887182
1953,0.6031010282559217,0.10017101958732383,0.16963945206583672,0.127103526430588,0.4097828641122621,0.07433316636104913
1954,-0.3308185396541133,-0.4062266995463457,0.08982587744626201,0.07057512543027557,1.1477765905054933,0.05006456333702109
1955,-0.0379902127203738,-0.010712045937004016,0.09248200788175971,0.08330573820145158,1.106279292976606,0.08190168585077215
1956,-0.2337617519777707,-0.08700522753088515,0.21183830442240964,0.17224452298234982,0.23180607642784923,0.0728237971872983
1957,0.04744214578653726,0.07097462293243603,0.07250676902517572,0.07430748018085619,0.6831975819933418,0.049834902388531596
1958,0.5195449540301873,0.12184081068484696,0.046919344902891576,0.0455748405570265,0.2188225938611506,0.07929689911386292
1959,-0.023669908784707358,-0.06402370438620374,0.08007225743470911,0.07120675433988333,2.1565193719603113,0.31324625146898966
1960,0.0046077581729547,-0.009559061610882607,0.07476522437456766,0.06612961241887272,1.095763504193959,0.06184020217947678
1961,0.06025169091930193,-0.11642560238351543,0.06628672435733175,0.05515397179151492,0.6570050797322123,0.048598432824786895
1962,0.19127325460504738,0.4561004574221286,0.13920145487016009,0.17857339895226315,0.6009007003077266,0.05640418038809526
1963,-0.04139707029686448,-0.19285536315539725,0.10355329172574017,0.13823566956062086,1.1311087803811162,0.10501857332367988
1964,-0.018177534102218944,-0.022534393787241126,0.10489328427513142,0.08671214366840738,1.456600968435588,0.1462355236790516
1965,-0.05503339332006493,-0.008820593928860657,0.029440731909060037,0.027227487874348137,0.22028524850439235,0.09325508378709457
1966,0.355595651877196,-0.03623983528172517,0.04973682082130257,0.03674192010041407,0.37106373504125467,0.07781248625919732
1967,-0.06008739457600775,0.05429770513277432,0.05990758331909249,0.060217841777695756,0.5737731350885746,0.04623927007768539
1968,0.030713997490275216,-0.24670887713389034,0.19483528978431292,0.2091670367817175,0.1907398531982848,0.07250644220307359
1969,-0.08464214873913237,-0.14140583821022176,0.08445409723987327,0.0913495234871533,0.429026790453806,0.12478386887491737
1970,-0.005887029751364595,-0.08157208021138476,0.06733809200995308,0.0547670896928066,1.4361790399189438,0.1316296139608203
1971,0.3829509859050682,-0.041223239984497666,0.05482036360966395,0.03265885481308979,0.5227987326005801,0.05347386979924014
1972,0.024152374101137044,0.0398217030007547,0.04266281214655691,0.02640592023970895,0.9046216817919807,0.0383328782146251
1973,-0.18173040209828384,0.11570657298399704,0.17290332790890478,0.14636535309161405,1.1665870707917914,0.07697380117698695
1974,-0.27218642985172975,0.12432070975745936,0.13734177270583606,0.09056573682281592,0.7967740129417056,0.043926611997790604
1975,-0.5214143557075767,-0.5001420402636549,0.11576795894702953,0.10276677631458851,0.8339082379720347,0.05367517757401041
1976,0.2543850397424606,0.08053819340649321,0.09924188694822599,0.08268797564388425,0.7103332854259837,0.041330823932262124
1977,-0.02905784814881296,-0.013272858699331546,0.08295248477927925,0.08204539039841954,1.697176159932401,0.35078591732288444
1978,-0.14508356292079247,-0.4445787490703221,0.06365487747253132,0.05927254312229761,0.8006265228339641,0.0445132559362399
1979,-0.1397859165833194,0.21580523933224505,0.0730489021023316,0.05395907123924594,0.8291387887539686,0.05146610758465372
1980,0.1265930669271032,-0.4144874760743071,0.05406622083382444,0.07285744410620484,0.5949979855298543,0.05232738606121285
1981,-0.11579122230602704,0.296835740652801,0.07095723845982341,0.0887133918471855,0.6152190173610427,0.04486929922749256
1982,-0.04368182505687697,0.008530923927727791,0.12602757577329005,0.10847160136600194,1.5532868797417727,0.21887383505769661
1983,-0.0744177220872868,0.01621990898617877,0.0380879903574668,0.023022207011710493,0.7857569467053876,0.04368535003056819
1984,-0.16188895692228997,-0.11736745183931555,0.05466833388920381,0.032066862630020454,0.9948899041189936,0.041920119500364804
1985,0.0136696908913527,-0.04398925861275404,0.10561910988620131,0.09774247812355974,1.19052366950907,0.07792968807424355
1986,-0.21547597897053558,0.37538535714137977,0.16511025692676065,0.1809124591602736,1.5043297040363126,0.20382412685918755
1987,-0.0016079962714733045,0.04252212627457372,0.025676394251607386,0.02388633910531057,0.36590365141367653,0.09816084338291028
1988,-0.0658265658029453,-0.016085816148490823,0.06246865979316553,0.06742095197681436,0.45004547758089486,0.07948905236948232
1989,0.013737866207041413,0.01468567179128997,0.07892900976727195,0.08234329564113733,1.1094021242728596,0.11343905019752924
1990,-0.0077369291593306225,0.02570108040390355,0.09506734579320567,0.10011812742061105,0.40471995091191393,0.1013103109264642
1991,-0.3140504905559945,-0.0710433186121267,0.04783879151432663,0.026667551772664954,0.7486223586882753,0.05390963880197199
1992,-0.26975308829246564,0.1904429590239196,0.16630271820270787,0.1586176236344985,0.9365179614350065,0.03795185355697005
1993,0.26477213493271384,0.37122407258818274,0.06307504336410692,0.05962579362904525,0.5577711856899406,0.04646894661599577
1994,0.04526006946811919,-0.19390337192462442,0.04684052088437588,0.03868968422469445,0.7070103153439458,0.047369872951936814
1995,-0.01928040641481384,-0.03982825763102786,0.033439119629646546,0.01915956394441249,0.7521721431153676,0.03550330937208571
1996,-0.41388741386239547,0.2128184846797588,0.14119885995115322,0.09649423118952127,1.1285653412628323,0.06121119961288489
1997,-0.2423177124574548,0.031555249900470546,0.1860341942806735,0.16789490045233832,0.5456441700500175,0.16157630038291187
1998,-0.269943431618631,-0.3229559192675375,0.04192483613693517,0.03805999512735175,0.3876009712216387,0.05302918271653774
1999,0.15103008971608212,0.3587209126054352,0.05579530652503718,0.05637550247700644,0.7929558729759171,0.03925807710473101
2000,-0.13249227386641757,-0.019609606648473034,0.07603910942334341,0.05068609061675849,1.1349010620110123,0.05142316551759688
2001,-0.20238732364934034,-0.129917291926927,0.16476003771853887,0.14475076053338617,0.4266122100224702,0.40129015864300893
2002,-0.017578185000994558,-0.054908454157167455,0.13677230484619426,0.10691555814002172,1.0821409079511208,0.1591785599824455
2003,0.12454051357514583,-0.08635070729490044,0.06763192557905053,0.05130600745017181,0.8639283047821368,0.0422712168230355
2004,-0.04087242037004334,0.13616016202114095,0.021246026543955854,0.02060130238563257,0.12455041968621895,0.051538237789059964
2005,-0.023979441140471056,-0.024393272221333192,0.04258711800169565,0.03196478120041737,0.5793950579796675,0.044698184163121504
2006,0.039733130892662144,0.10916847514168744,0.04341418135354197,0.040848764887718034,0.8190405421598779,0.04132106075334925
2007,-0.0012813231317284305,-0.012258216807040409,0.016673595812051304,0.011807502352993566,0.3667197156526928,0.04284914681685129
2008,-0.10578272343111064,-0.6285565483188001,0.05999683939681609,0.060986298331356104,0.6325910148846186,0.0453245654893916
2009,0.07935209659143866,0.055810654185844216,0.12366213950312394,0.11118713178751163,1.0474708285642795,0.051270592547730136
2010,0.008484916852467743,-0.04692231649885875,0.04606899874625582,0.04485815401989626,0.371482934068362,0.06697731493533975
2011,-0.0005837821979625187,0.06588090339339908,0.047411480629849484,0.034274441435327284,0.9985860252988504,0.10278075923898712
2012,-0.012242458762983187,0.0022029236554597965,0.053381348203296416,0.0460581754495602,0.7279653560231656,0.03415838709718062
2013,0.13715106836128926,-0.058435895360919324,0.1529038776186672,0.12639520256021192,0.6043583120919245,0.05704107173368111
2014,-0.014642926053366924,-0.078006266548177,0.05963451911532598,0.0401798325988557,1.2131663616334378,0.0698440520771868
2015,-0.08002310830487318,-0.023596547272469248,0.06984267056451969,0.04508754926808652,0.9514319475554219,0.03878557338352422
2016,-0.0032958019235528246,0.040081811853129264,0.059622503534524536,0.053159504998549066,0.7406683893073936,0.034772273580574234
2017,-0.07003000923466081,0.05955061968093632,0.07196427770850874,0.07528217136219671,0.9085076090258329,0.039228831116363834
2018,-0.02185541117391845,0.006647530818809979,0.08143248269383403,0.08697764599546998,0.3579849027764035,0.09044226421164366
2019,-0.05811498819171186,-0.06136023270066872,0.15137404711884944,0.14808987473252608,1.149317447950946,0.06375199057513038
2020,0.08747724891966989,-0.2108961710895709,0.06717702627537457,0.06771825369386844,0.7519763525291215,0.056599260094834125
2021,0.007243417946032993,0.2419683294276629,0.08854370937005182,0.07392947314533592,1.1047913397159888,0.05648604851636518
2022,-0.03791481046597773,-0.015107100294444183,0.13558904807660424,0.12473727636894276,0.9531065774436233,0.11248806921415738
2023,-0.411521060175529,0.49861107347109085,0.06432938971016487,0.0639790894211155,0.4731488031080377,0.06078731518244543
2024,0.011070945530156917,-0.01874695240781036,0.06086669593070156,0.04121438600537272,1.1451809482204531,0.04597416543388662
2025,-0.0471946814600758,-0.06867009326926712,0.0947819966149515,0.10478002591717996,1.1307603616565554,0.05449762894162362
2026,-0.12188977624307581,-0.039043879463134215,0.12512357508233593,0.10497164449343456,0.8960962305403282,0.04194702633307728
2027,0.026802906597851138,0.16873521045577416,0.022321692175182494,0.022994132790913644,0.14210287551303835,0.06777060207293624
2028,-0.7491969329534924,0.2104177098527778,0.09597574632530508,0.0726746633888627,0.42203519398036227,0.06322446889550172
2029,0.12522979983390278,-0.19708257134418058,0.03404202817962309,0.023369844974293674,0.5860597548864003,0.038830880787828634
2030,0.07933621426007849,0.6143042909167218,0.0663325620210828,0.06519790538026127,0.8423729186485713,0.0412182773028676
2031,-0.06377270414120768,0.002293854810318765,0.11436370491262349,0.09187153179500152,1.384705291381129,0.1252925039316804
2032,0.008529404187808213,0.47590120494229776,0.03536271936309064,0.041948941927891545,0.48652818987992025,0.049058519189982754
2033,0.030170450073291097,0.009212013852794092,0.06010653453622474,0.04260679566985709,0.8720306552550958,0.058856390654198884
2034,0.009596560194207905,0.10061394758080795,0.1938162193913145,0.18755527148140322,0.18998151805505908,0.07701280911343204
2035,0.01844893057468011,-0.07805189704332376,0.11183799048287464,0.12710072150829613,0.5390632137995661,0.07272757516716187
2036,0.08296004353315381,-0.489124322292542,0.1968307072630945,0.21900477643596925,0.49147930509381565,0.09730985351164556
2037,-0.7821822751925902,-0.09657201787539453,0.0416038806361272,0.0293874894192429,1.1204288223931747,0.045491645385568574
2038,-0.19478263146763353,0.3214704707388835,0.14009778109186186,0.15283016010238715,0.6549103328728693,0.04149894326448134
2039,0.06012664131069853,0.02372185485923068,0.02629056204788727,0.01604877863475647,0.5927118907895047,0.032439553993495324
2040,0.013904242532227652,0.02641585643450349,0.0888581501260229,0.0909897448099852,0.7676677520499516,0.04419573929620643
2041,-0.3208131713950036,-0.009606990063172735,0.1374499341995045,0.08753995356541644,0.9775182670364171,0.042990329034119736
2042,-0.007914071628968128,0.09435343983542054,0.10446211383927215,0.10922464043207918,0.4615473194120705,0.08694334119292411
2043,0.02523109799208679,-0.3709398876377508,0.1041010040472106,0.10498363210546921,0.6356882876862062,0.05071717792979031
2044,0.5064033235123067,-0.11297270511052358,0.07533070367741714,0.05865803210860062,0.556635607896365,0.050619899846647214
2045,-0.2699968751879441,-0.6517287986216906,0.042979758566799,0.0399929533179756,0.5065042465849778,0.06971384741235909
2046,-0.030335627621960015,-0.0016380763881075015,0.06247229778184214,0.0544876339660324,0.797277105243481,0.037365215076342544
2047,0.10370964757235869,0.014517908482779064,0.07936612648960845,0.06578089801108662,0.593036432165637,0.058398350314189516
2048,-0.05003397001646434,-0.10907287580909583,0.09322950124217073,0.10569738741572175,1.1473026367413568,0.059515772016024
2049,0.3119981646414074,0.16215747694069918,0.060604739483293556,0.04246053601706238,0.539872119550807,0.05188791620986393
2050,0.033094892948912435,-0.09715208777911198,0.11230511218474395,0.1074389241325171,1.0724175816102324,0.06996331894915937
2051,-0.019800059272968417,0.01368196058810838,0.0363584350666443,0.032587075957044354,0.4151174435076416,0.07120593840148333
2052,-0.032128751490706056,0.2687326119116218,0.041238591764538875,0.045262544227751694,0.5207297416406924,0.04227895362989737
2053,0.03783212453057409,0.022220577696848542,0.08324084849006193,0.06340537796514932,0.6864085796452101,0.05288660203498959
2054,-0.05909760430920693,0.053526316765068846,0.0879190226240571,0.07698881159887072,1.1133611855656498,0.13039211180877894
2055,0.8198175253412853,-0.13118316367189298,0.08982740657342467,0.09680259546403208,0.2337175594385445,0.1044111681765744
2056,0.020343686361825725,-0.05354998737065923,0.05352276547713669,0.055878617853058636,0.3999942415811439,0.06271370881675836
2057,0.06790685260916131,-0.07626691723890237,0.07121265615654657,0.05264969545057203,0.9543938842340142,0.05425340943412759
2058,-0.023006691010528005,0.02188598460903006,0.04134414155617125,0.025412823767519965,0.8034508089514166,0.04082624224460674
2059,-0.45503571491775524,0.41797690510090807,0.06408492981908259,0.05969856610522886,0.3490429696237738,0.09562299697881321
2060,-0.05321495399177063,0.03845824512764643,0.037547107097984755,0.02532817484490634,0.6931811217911296,0.048772219008192966
2061,-0.009774258134108104,0.016957866818043538,0.03416126435779591,0.02467462082816307,0.6122429099593121,0.041035716321132294
2062,-0.4357029517586024,-0.07512075827429973,0.10449788048064264,0.06372383078562205,1.0371128247262706,0.0699953330986441
2063,-0.03176166430862951,0.07551498037113266,0.11118203745525906,0.1086111147261559,1.1573197808975233,0.0898088495180281
2064,0.015461751550183178,0.019899625968282292,0.07716993212024688,0.07423978878362092,1.2885935936146893,0.13970729862667153
2065,-0.04704169503496981,-0.019910641745313686,0.044972022286024524,0.03502740151640001,0.6363713398088262,0.04757946929000818
2066,0.06828164063061284,-0.033654114955023344,0.08703595028863184,0.04969432725418474,1.3531956496938844,0.10571581148507855
2067,0.5053289642680214,0.0242372218520368,0.09745789664945875,0.06517194330920119,0.5651242343488414,0.04878914404711152
2068,-0.4114945751145012,0.7175230503329749,0.0389412294816966,0.03686602511837888,0.5765838625455723,0.07188702821003252
2069,-0.02381354080975548,-0.01568941844348069,0.04458393281792577,0.04617065268786553,0.682795603743043,0.03343062861935389
2070,-0.04356601092320149,-0.04288164220796092,0.07031888239356487,0.07753461663730728,0.1727876263606914,0.14187128972066726
2071,0.306030479454718,-0.518718093407885,0.10790202224742258,0.10237596978727835,0.6557712847335375,0.04422953502945495
2072,0.27528171382759925,-0.07386022601252483,0.06224507855784973,0.046337378003613074,0.3749030901026229,0.07751450350369642
2073,0.01306616815194995,0.024465635962857786,0.05792727138273888,0.045869926845568794,0.8104047393310404,0.04862433520831184
2074,-0.22982189620372262,-0.04740545244135188,0.04806122380502427,0.0266045571803201,0.6835045320349592,0.04372652502284615
2075,0.23985372645456426,-0.31665728268757465,0.06849304747034546,0.06701119285987037,0.44157275346840635,0.05105713777509386
2076,-0.6095591042404203,-0.23127646954338132,0.14019488598406846,0.1402391977848099,0.36091185158241773,0.13142078141829738
2077,-0.08949102553461452,0.0680029660488046,0.13508344111645343,0.11494388906488422,1.0637177135199858,0.0509344393278798
2078,-0.482044826410614,0.11125512622225112,0.24688610611149692,0.14314913797627463,1.1177927675331645,0.07339445878599792
2079,-0.19325511856402686,-0.04319965932591546,0.134149528136162,0.10944340200918351,0.7455768081331154,0.04459658845769571
2080,0.023186241564092422,0.035948228516287074,0.030361243600351993,0.023762009031540448,0.34694514111266384,0.06664410220146544
2081,-0.02232683426559419,-0.021560806039237327,0.018927357992906214,0.014984253961912938,0.24971674998223653,0.05605714492670811
2082,0.05729608092637141,0.06220693231506809,0.20008082398989627,0.17268714333501253,0.17486958509455397,0.11004602390927325
2083,-0.13612689915560294,-0.10094473122795335,0.07697014921864867,0.06449877375624621,0.8461072244248375,0.03748617839652905
2084,-0.3089573485099526,-0.4631081059367805,0.0886029709234765,0.08293791194987202,0.42543095532338226,0.07065532412068858
2085,-0.09481324678599239,0.503179593428318,0.02381360519037547,0.029352743307320402,0.3423247613225812,0.07070139676099704
2086,-0.09301225315547755,0.034925584360502776,0.028232859324197463,0.01954151935520207,0.43117588280433833,0.041149866998691824
2087,0.0066438898208440395,-0.06354626314666945,0.12399837731311245,0.11946999218801425,1.4647038111683526,0.15687424257790178
2088,0.16487260142434945,-0.03725694129805577,0.07932754153493805,0.05489882662119541,0.8901301401843352,0.036222812344511954
2089,0.013739761364209813,-0.004830530440418123,0.10613164064953806,0.10560614078002355,0.4589947424999002,0.06538928383826448
2090,0.09340494700138292,0.06480505987739955,0.03285009289933308,0.02971883096465064,0.3429627929991963,0.05915866975067131
2091,-0.20675104132005095,0.033641851139209186,0.23423276489991335,0.26245922581374054,0.9185706419092894,0.20856899203445323
2092,0.019719499864938622,-0.0036053595739919484,0.05309333744444174,0.047405057005685015,0.7930799757120163,0.03727494660755145
2093,-0.025307713456976844,0.0735241893868671,0.11178359541009646,0.11349094124223931,1.372018988468643,0.10812326549741029
2094,-0.12254972947079011,0.12055123975646602,0.023406055271597576,0.02022042676080507,0.19901638129842186,0.06050766312106949
2095,0.05383084275527751,0.0011381271249336303,0.053589656686509245,0.04726886674014057,0.59942755553055,0.045804253615902894
2096,-0.5039251503716112,-0.4891292282907935,0.05497701638703235,0.0497566397439965,0.5842486237763034,0.057210516288406336
2097,-0.031014142337675597,-0.03667375051361067,0.08437907791924006,0.088109313028307,0.8953563184038106,0.057221546051558304
2098,0.14711898178675883,-0.11445766408811416,0.03446197216073058,0.024470001211192565,0.4796834353325019,0.03361994246210453
2099,-0.668866744152775,-0.31767077792876897,0.047472102982361174,0.0483631451057991,0.5387642634040138,0.054107274201057584
2100,-0.2403748234901676,0.17226420582083374,0.09096760006439393,0.07725456620339892,0.42728588341311335,0.13365816439047234
2101,-0.2466783936317422,-0.6844234312565141,0.028631946825067776,0.027637380283690848,0.3089530556707821,0.0787018155606023
2102,0.04607327434661232,-0.012139698731887133,0.09015483430707975,0.09626728723605789,0.42152089162983164,0.11540036144056914
2103,0.7874321558074793,-0.40657044250230473,0.06321880422722495,0.05433924029082063,0.7960256247563533,0.04114698781392055
2104,0.0032906273103346685,-0.018848615864283408,0.03400003356806512,0.03252235793310683,0.4965148455197231,0.061835732454751144
2105,-0.23418360484747575,0.13304736377570026,0.10420065648882565,0.09460718558244986,0.8030639543647011,0.04132932493342883
2106,-0.3328563566211308,0.18623342686706243,0.03862123083365029,0.03063701096456524,0.45337475403260946,0.04697493121075293
2107,0.047124956387119984,0.3905615692247737,0.12467785488698929,0.15432387185495147,1.3004564700728933,0.1936948051470849
2108,0.21988126290100307,-0.2223198200995234,0.039178690360378556,0.03534036142229255,0.3572628949027056,0.058398339322524154
2109,-0.7025743823012891,-0.29065223505572235,0.03409174138099797,0.036625548002475486,0.24611602201100902,0.07170485464028348
2110,-0.4010571036787796,0.00563081004770846,0.046428849493243884,0.04323634476347277,0.19227874306622567,0.08474946338303117
2111,-0.17088561199979793,0.05597859424825413,0.05009299605935314,0.02687508121141972,0.8176437500673024,0.042102065537381626
2112,0.3344214225438978,-0.08095734128352415,0.104819383194494,0.07619467813235763,0.821201968552748,0.040844022131604846
2113,0.10810202688201827,0.3867739731666014,0.07012825648657751,0.08030364408801985,0.7706745777480999,0.04066869270942155
2114,-0.08175622518257088,0.10550688122508306,0.06948194313620096,0.08070981018603533,0.4481183622871002,0.07091603840944026
2115,0.1588019125834226,-0.5204288210088606,0.10229305519794307,0.11420818457749667,0.7774599712431837,0.04205177956192891
2116,0.4275563926626444,-0.0003480427910789747,0.13892120707427888,0.09730313513249435,1.4899268779423318,0.2222294300526317
2117,0.32310938284320295,0.193990286744057,0.08549163125688437,0.06535413282104613,0.6890358756974446,0.0436133067809173
2118,0.4602273293094563,-0.01396860916845323,0.08013052088059364,0.04156448201320073,1.3452514866878498,0.08292836180498876
2119,0.21890575040053165,-0.09168954852092717,0.19765236032904657,0.20399926069987095,0.538742206140502,0.0873240532272039
2120,-0.05714220841755185,0.11527602402741517,0.12601163895997333,0.11493747497988244,1.0767226403218562,0.08209153351210499
2121,0.0011803594216282908,-0.008283533305096312,0.01658058074070356,0.013610607154061484,0.21068329938063185,0.038392132162194635
2122,-0.001510767720828304,-0.011466105963479807,0.056866735664160305,0.0467141013035975,1.124299637048472,0.056946069012811344
2123,0.5669661289752537,0.547724830747846,0.07657100553002363,0.07337478514964921,0.34795100730299616,0.0988184866940454
2124,0.19379803379502994,-0.10643393027745378,0.10891294876996209,0.07890488797507285,0.5327909987612838,0.20772972383181576
2125,-0.23943438692556884,-0.7391411366769207,0.035769155343558484,0.03928900060606948,0.4319167786534386,0.08463926592699199
2126,0.15167622884416182,-0.09782841166308753,0.07213694649838892,0.05326146954435093,0.7876547370501447,0.04128316432588288
2127,0.061018882370657015,-0.04713430536909649,0.03196746272390138,0.025719766089795697,0.3611337645874242,0.05337533552779946
2128,0.29982519118323075,0.23611049106769721,0.043836550954021225,0.03126163700110091,0.4364042582573856,0.04367480741948406
2129,0.009184519485458915,-0.0634635457093079,0.1395745350586261,0.1261467719131042,1.9779243362849068,0.3927087858917205
2130,-0.008514788020651328,-0.0011564846596873821,0.02772373519614595,0.026102187217115144,0.32456956270142817,0.07832070175508996
2131,-0.040999088058685,0.056248588147425976,0.044979035392489146,0.04372760471202053,0.34839644524498176,0.11751002293953611
2132,0.008525821283890348,0.00837228146246938,0.057164463790830455,0.04758234702786766,1.032600573155202,0.066637862263879
2133,0.10581478006235091,-0.02366762351113701,0.15048307184420712,0.1318365769390701,1.3900254873780165,0.09172303705573083
2134,-0.029167409808779694,0.05004578893673381,0.07004852019363889,0.06455557009224526,1.1325001523765483,0.04126812558259143
2135,-0.20701320309721657,-0.5336853797984303,0.030681045893038633,0.02942041449568087,0.39829826686021363,0.07634592815493499
2136,-0.11412667118405649,0.08774502479856088,0.16701956607290191,0.1444868676566937,0.5749051386981796,0.12464388873467898
2137,-0.36396217694821936,0.32686822786321845,0.08322347606291544,0.06786844238360763,0.9156625355834992,0.04909380473890612
2138,-0.2579153667368987,0.02461064331033421,0.14889360140476826,0.11076773800395798,0.29507637322226893,0.12756896381605679
2139,0.14687911988719743,-0.03420762289958562,0.13875356421829926,0.08458395599737108,0.7156039751053911,0.0491454827908659
2140,-0.009039505634601442,-0.0111640030727197,0.05084308265895653,0.04260209737866553,0.9539889537312491,0.05028778737937447
2141,0.6374025551158223,-0.32166514415312747,0.12938563439605105,0.11585392590254341,0.7951685038700665,0.047174301298581335
2142,-0.07612229298345756,-0.04765076124370252,0.05534541366328894,0.05143775394793391,0.1791222133808495,0.11126359779615064
2143,0.31615220206507866,0.22758252117607375,0.141490795586552,0.11899894400236108,0.42037379391724167,0.0796601485936828
2144,-0.008193041799792963,-0.010748799954752353,0.21931750266716954,0.22302924841144467,0.2759576527054732,0.09721204041997228
2145,0.11923918664267341,0.8521862096869859,0.05143254610866123,0.03996369634297411,0.20155174916897134,0.09690158053490847
2146,0.25432460401713736,0.183433302507343,0.07624557875221954,0.05874911336473781,0.7440350068417286,0.03902615525838867
2147,0.1034805389611127,-0.001575708819068546,0.2372399763837504,0.20040356731384032,0.4056320763270984,0.26975464524573567
2148,-0.025427297819421345,-0.0023263741888362565,0.054275710763001056,0.042461700562133345,0.9127937725899035,0.04084471714381102
2149,-0.4668438866847855,0.18949534335687296,0.08499076076612266,0.06748636319291597,0.6878905636713661,0.04493883254531248
2150,0.04698032816754642,-0.03023611061460492,0.0595901289634959,0.03659211056477981,0.9665156454581644,0.04566902262423284
2151,0.05704163855637119,0.04506727397785491,0.11731703810926178,0.09904886564425833,0.640538744936761,0.08082021437411928
2152,-0.09547686331253073,0.4929252291134471,0.05650588780133914,0.05396695835466618,0.9040506645910303,0.04742234990646489
2153,0.014853031096134497,-0.06481238558595465,0.06322821677917752,0.059521211025051,1.0429476788989591,0.047274819462118235
2154,-0.2617377621846097,-0.21396407706772005,0.12344937873983242,0.10649806649669585,1.216335419528714,0.1322650126436749
2155,0.03311896331281127,-0.04185173493445118,0.12397541309957255,0.1171657567305709,1.4104139075159938,0.1649728730248758
2156,0.020739413661556683,-0.09664257018563265,0.09198445791406246,0.10274767870225081,1.118338894443676,0.04700273436766718
2157,-0.044184743135357446,-0.06392139904348286,0.06417234170751222,0.06768580854365948,0.389660982457726,0.06532555578852874
2158,-0.29087028456572106,0.05390684687350614,0.08213701735585749,0.05615251719684792,0.63197506841759,0.044434143776719046
2159,0.019035734395405735,0.02718116141524226,0.05900358191076804,0.06386510447620707,0.3548962051041176,0.06238865004343791
2160,0.025083303980730227,0.011722211556738174,0.041386174981486244,0.03875988237852873,0.40406552154704983,0.08148077761140934
2161,0.0023221741880799585,0.026707638691501112,0.04813039619255233,0.037178966076183366,0.7743683522118664,0.04031052767470298
2162,-0.03438844008804631,0.022093753464984753,0.15278979404981674,0.14508227963746645,1.2694897246509693,0.11061717671665594
2163,0.14966929188451292,-0.3195898071368589,0.0635335344978925,0.07052714119052197,0.4131925613067508,0.06231614127867382
2164,0.026018746074404714,0.12515615124446514,0.062393313107479656,0.061844927131681944,0.6784549731942054,0.04593397173241884
2165,-0.20732797344321482,-0.224571219061811,0.10008041684687427,0.09747508076664461,0.7693504249840825,0.05539442138930024
2166,-0.042919740432227904,0.022881924419629537,0.08250975801810263,0.06305058524865591,1.7146374914187148,0.20440258541695186
2167,0.0017849563781680816,0.0032591331327993505,0.04933715020631386,0.04274631332042858,0.719643523956255,0.04230628364979383
2168,0.6012830828553857,0.11573599750011108,0.08169820941596441,0.07062360997025494,0.815849382877989,0.047341965333688216
2169,0.12611732777407977,-0.2218071261161933,0.0443205070941664,0.03220521152222265,0.7045849171298217,0.04743815658731568
2170,-0.1781240724461919,-0.3200995159453854,0.04045518886781899,0.034703626878224536,0.5505599407036269,0.04943951912177727
2171,0.6899046146210538,0.49423617286823013,0.04872132155544158,0.036590981227843065,0.819673882857891,0.03529647032442678
2172,-0.08109370353069639,0.06118321385510851,0.05167943806349054,0.035853998566833925,0.928629828702506,0.03904888251718831
2173,-0.026176109205052693,0.007150582021720529,0.09620827043040836,0.077247186123012,1.8537492453309998,0.24571983532184016
2174,-0.12361650017614305,-0.03129100518901122,0.21367627422868665,0.1805697619598397,0.289887575196342,0.0822876465631645
2175,0.014042585759572566,-0.048304270936668475,0.06456122349342705,0.06283924069607025,0.7958575851279928,0.044070869617687816
2176,-0.23418360484747575,0.13304736377570026,0.10420065648882565,0.09460718558244986,0.8030639543647011,0.04132932493342883
2177,-0.017396150577077406,-0.08551327113846531,0.07943496156657764,0.06519997882377336,1.2967108948430492,0.10407151451247448
2178,0.07219177639404699,-0.030044579973525914,0.0648112261527798,0.041401656325091435,0.6706148588717957,0.04125574786127448
2179,0.257186068948381,0.6026382324561089,0.024515835346253918,0.026894247202498875,0.1633464999128018,0.07893091152098403
2180,0.16598117225104386,-0.002045483890992971,0.13874800393999653,0.11169359226983629,0.3621909161202759,0.06456702787823933
2181,-0.5830597371034253,-0.08201614383041181,0.08228861791673865,0.06931406202963344,0.4310754979500945,0.06863356457363987
2182,0.10972819033943551,-0.09714339419526725,0.08321933813571392,0.07340862715228909,0.25726939764035806,0.13288154073550226
2183,-0.026663993815425807,-0.048142351810015624,0.04065985543174271,0.027542104394923977,0.737867762849294,0.054885483379443885
2184,-0.01551779822900446,0.21010833077146976,0.036580316875662634,0.04249727196393977,0.5695008114975051,0.04339677058414145
2185,0.5119037277369419,-0.1177306462946529,0.18376205406698806,0.13519946913960001,1.0045767504028575,0.04933115347923956
2186,-0.14936239615758218,-0.15588934490074743,0.1212066168644345,0.11719555961122648,0.8130444238214876,0.052609744433179596
2187,0.09414576755931571,-0.2331711996719164,0.11912500875333637,0.12308824384283412,1.1323130731276148,0.04109205742889367
2188,0.12382035849867727,-0.10560018421418034,0.0709598880597251,0.04252489347442219,0.9860529263895219,0.04051803244695191
2189,0.027461180437015335,0.01257893009336499,0.10351820442387283,0.09975362874492893,1.5040153739065008,0.8255950703119851
2190,-0.36479826408625093,0.3402132321610304,0.06832797914159029,0.06564893364256573,0.22711083326205633,0.11254196783420595
2191,-0.32360225152099914,0.5567293204116593,0.07423626847364724,0.07360715907774,0.5505425946848421,0.05256266569570295
2192,0.29331717411714053,0.5658650006301446,0.057983183301362894,0.05788145858352289,0.4792015514666863,0.04666892931478206
2193,-0.047019000633707196,-0.04918868907377472,0.12334441288206291,0.13055844515113235,1.4942421006383149,0.2005852459817164
2194,0.07806675917653083,0.03380925727281855,0.04580649110364551,0.03983729380035622,0.4973963739516323,0.0507368853850633
2195,0.32820763828142524,-0.16706923966746284,0.11829236654693755,0.09796790039641416,0.6533015315850019,0.06768532687534226
2196,0.06191256574666852,-0.08505328607818925,0.09854699598222559,0.10248786567160975,0.42676205971000414,0.08034369039515556
2197,0.09063702232244317,0.09457949899561763,0.20764888791855396,0.1979156270236411,0.4207621962710681,0.05555966934378746
2198,-0.5718350019830875,-0.20323276622444855,0.03174713624492478,0.02179619437880919,0.33637299441912594,0.06934284390460951
2199,-0.010010513009954432,-0.05236598862183028,0.11901855683853958,0.14074505491421996,0.739024863085074,0.047322790668016486
2200,0.2910001509522418,0.12390225068573184,0.08787249637359916,0.06629824603922939,0.8254360270345485,0.042955229181447924
2201,0.08038703976578412,-0.1847625235368673,0.06806032373185812,0.08040210333406808,0.4883919555396224,0.0646822639606004
2202,-0.1279326243865407,0.05366032025252988,0.060546337506889675,0.0457994083880338,0.5672675110820944,0.0487820970839479
2203,-0.23440344659247261,-0.47355721920625476,0.03201605325686163,0.033381967449588656,0.23918225942122306,0.09823836000306195
2204,0.019016349619110754,0.05796832023895358,0.09741135837385868,0.09424332080300558,1.3622198667761494,0.12439837098264804
2205,-0.005048348444412996,0.00193715029280476,0.04434254385743287,0.041142422470077086,0.4075000667702013,0.05856208811126261
2206,0.036191308067503515,0.06689718857756803,0.06202840801210185,0.06625719746458192,0.3895798166805311,0.06143403616941882
2207,-0.0923770845406713,0.10727396960571531,0.13339620399943483,0.15783025727908395,0.42988337186299536,0.10797837743227097
2208,-0.060186670834939573,-0.01284212204853515,0.037676461264591975,0.03216702797264267,0.46495453298779926,0.08624065950629194
2209,-0.5186268887149095,-0.05507661307384706,0.14972856648254587,0.12275647131400115,0.3232873337957407,0.13087514711377482
2210,-0.13382165503690915,0.024026428224677418,0.1224735857055469,0.0822340615355157,0.7310739406581405,0.05275625717326501
2211,0.3678315747724672,0.13738202693885787,0.08291747208615816,0.05910461934921903,0.3893659654742008,0.0617865393534259
2212,-0.6294905144390336,-0.23136132016396613,0.06245834966991616,0.055237937718485515,0.4383456168836222,0.07171818655052935
2213,0.0019083920346350495,0.03258074910875131,0.09848954357302181,0.09975443259158015,0.4265236703360375,0.06191796957789558
2214,0.013739761364209813,-0.004830530440418123,0.10613164064953806,0.10560614078002355,0.4589947424999002,0.06538928383826448
2215,-0.07862033294294264,0.1017917626255446,0.11090015266681082,0.10896879960912753,1.146888136977515,0.04723387918385819
2216,-0.04769104138195947,0.4341324961596264,0.10841241284709545,0.12360695322784214,0.8000121902799058,0.04637760883196877
2217,0.003372715546013208,0.040051581416970204,0.084038309310283,0.08342779834787137,1.400223939289631,0.08660304307035509
2218,-0.11937559995983739,-0.0392966260818333,0.2018719528227431,0.1974783020992867,0.6040153117303673,0.0665879732099249
2219,-0.16270291204897533,-0.24140429432477897,0.11880421932441014,0.10907708516265842,0.7921010761048582,0.0788393229022168
2220,0.3985600989901654,0.025378951335333237,0.09811254794166169,0.05292191629252079,0.9204579014164945,0.07940290349014888
2221,0.02645579666801039,-0.03546470090020036,0.08616267018363981,0.09904848858701794,0.3766367331898952,0.09871799664463679
2222,0.058682534841113805,-0.40090313206658373,0.026950518137088944,0.03267053491540679,0.22649135543369037,0.06391182974351618
2223,0.26981400971792396,-0.3690417326503699,0.05298696023881307,0.053039245684111946,0.4945680684958808,0.0451043835529283
2224,0.10623160846910361,0.3869483123385275,0.03253621928803041,0.029758432042159534,0.6214117616798464,0.047188299414661385
2225,0.32749292255034196,-0.2105145938275653,0.07317141608379066,0.05174367397503223,1.0588452406924613,0.0544116318249849
2226,0.0734781013101749,-0.20227651987910727,0.20715329632114426,0.2518506325857484,0.3932467801600104,0.17013035455730716
2227,0.14600680064198945,-0.006176508564119481,0.05713279270615082,0.03648676066851454,0.4404239026454408,0.09409484068406737
2228,-0.021998677437213107,-0.08865476107684289,0.05787081666679006,0.0572919985993829,1.0199886335287103,0.031175118990975182
2229,-0.2291388686864214,-0.14923330667087747,0.07373824718566901,0.05537507019063466,0.7686940005001659,0.04558749313241961
2230,-0.16622871082420262,0.2372286248588672,0.02987121101836135,0.025496771569919568,0.4422223006542319,0.042009902540107474
2231,-0.008691379391449004,0.023871663145899932,0.037632689189602116,0.037077178142691535,0.1400205581658329,0.06887657172424597
2232,0.08966335497986083,-0.006675021873731617,0.09015715501761849,0.06563412611821301,1.0227089352289096,0.04492846781531133
2233,0.04705830806948366,-0.1676261018332246,0.10848490025484668,0.10656253690306507,1.3886740771289339,0.14276529515250078
2234,-0.09326620002711625,-0.09973973842703009,0.16401125202437547,0.1717672561728543,0.2218139175737895,0.10334965144588233
2235,-0.04637296164788377,0.1171265042120067,0.022703363820300904,0.017781397545499573,0.49973034791354626,0.029766757114216946
2236,0.21339727094312605,0.4394330496126385,0.1070748166183006,0.11982479459344784,0.4416958167146174,0.06166354253381325
2237,0.0779298272567845,-0.04461299146033585,0.0979806092902606,0.08386408449562079,0.15864239706020464,0.07933432550009048
2238,-0.5058617605670885,-0.1711411366886121,0.07723070939321956,0.060231946059951934,0.6811921375338347,0.048120500089128784
2239,-0.28518908997967857,-0.7897855474603653,0.043546647846881156,0.04087487925793361,0.7347295785279206,0.04511741975998613
2240,-0.6009549697927018,-0.5292007800293024,0.11044530070776476,0.09797683809027193,1.0001228127120543,0.41793424072106966
2241,0.3770785309300749,-0.04725299285361299,0.08945456556179869,0.06109196875071378,0.6631293388968578,0.05619075687225872
2242,0.044649922549484695,-0.047666288432682266,0.12299265408577971,0.13973081550388972,0.9944058726738524,0.04504394248973541
2243,0.25642490303011,0.16249784141454485,0.11827516191106174,0.08128982328707869,0.5865436641392714,0.053712645420154276
2244,0.5799161095729962,-0.23643347510760876,0.12261303268792287,0.0980466202546382,1.1801743277160848,0.06323244617313999
2245,-0.018553144691962366,0.04232811207599418,0.050783501148623726,0.0580289124435011,0.22405550811370967,0.3674764198218671
2246,-0.021637669340597947,-0.01443419532909914,0.04923092868185629,0.034283475644273816,1.014133570174755,0.06382406892498262
2247,0.20780867520166407,0.1322187940876849,0.06830643335700713,0.05546974981795141,0.3208443165612965,0.08251309649890608
2248,-0.16758455038139225,0.3485536414062743,0.037617863852896526,0.04489024726679467,0.23992507595529078,0.08186300840116115
2249,-0.0006454516962890084,-0.08624363888141576,0.09286164480851922,0.10305704924868045,0.6449646042646278,0.04760154026110509
2250,-0.16210944920112086,-0.3718959896254744,0.03675871872160015,0.0472588419101439,0.17264544869737686,0.06974981413160274
2251,0.015051905279469242,0.08450888537615696,0.07463265672878432,0.09389444508315106,0.3130037580439465,0.08562991964967406
2252,0.029116337516039863,-0.03538226792473663,0.10980765963604056,0.09809482345333981,1.4380703233783187,0.11716845345339338
2253,0.09020563953369617,-0.014667532191464855,0.056966987083633416,0.039471929504363616,0.6869652081040266,0.040669677601396566
2254,0.12323127507798087,-0.24190062176341343,0.11289399429880333,0.096811727984684,1.9394104606136637,0.2195764228625759
2255,-0.13134436502408284,0.05981766455262892,0.15618101673308674,0.13008641883041747,1.2198145147078314,0.13533557955001255
2256,-0.18425514811768795,-0.5535673138499988,0.03249288218478611,0.05104836382528818,0.2910171281444525,0.061137695457700904
2257,-0.20629387933440746,-0.042028565685627274,0.14293819305716787,0.10007313845370219,1.0047817338850842,0.085710575106037
2258,0.003183755653818186,0.1499503142281797,0.031053493096251928,0.03312784159858013,0.37412701926572856,0.06813186235048341
2259,-0.006756359900796815,0.0009434025624840987,0.04527422919561282,0.03682831620354148,0.4011441395111642,0.045184456803933196
2260,-0.1163511082310567,0.10187955956753285,0.08761001770537534,0.06715010452983461,1.122422630808935,0.05400103362449063
2261,-0.013810727925103966,0.06873750676907478,0.05666647221608803,0.05532491491210851,0.39087568543042506,0.11255944455513539
2262,0.04237898003847265,0.18366609106672213,0.03985164373694064,0.030206168388624104,0.7303229600162333,0.05569487203478361
2263,-0.014214607728971625,0.004002342977541531,0.08978904627620994,0.09114771804687866,1.1801238332890067,0.07105582672036548
2264,0.010890192905953732,-0.0073219904936248125,0.05048684354246013,0.04829587658642606,0.5831283211451365,0.062150986770397605
2265,-0.02245361122034098,0.0787891057246096,0.09020761703729717,0.10167537029543229,1.4845909507831148,0.1798843175411805
2266,0.39737612050426885,0.5732527354752477,0.05195532823930274,0.045161133826645335,0.6830217922202352,0.04882313819462006
2267,-0.27729491272055257,0.3784761211309643,0.034141997803852804,0.03437393231395461,0.3259115429319966,0.07316524990690158
2268,-0.16045722150243932,0.32060713842986105,0.06462607595501323,0.055196761936600905,0.762108148529113,0.06879534161153683
2269,0.0012705088750558948,0.004369304221096141,0.04146466137175252,0.02820158353396515,0.766936161782405,0.05242394393047829
2270,0.22044051629547678,-0.1217596672352416,0.08916446109503204,0.06520282867484324,1.0276344713589507,0.06087191320247852
2271,-0.17985478751678233,0.4385712326670514,0.06089469900738699,0.07281643060236873,0.696445211053739,0.03455714280089453
2272,0.5064033235123067,-0.11297270511052358,0.07533070367741714,0.05865803210860062,0.556635607896365,0.050619899846647214
2273,0.08557839172431932,-0.051429881329822014,0.07487985818328169,0.05678193798114373,0.6923846296480657,0.05470426786728712
2274,0.059703577815698225,0.4161908418935329,0.11490256644479112,0.15172305600084263,0.5949224641322459,0.06461128900254019
2275,0.02506698898345148,-0.44215975669357316,0.07135541892364726,0.07607954398737371,0.6786582336036979,0.0633129431948794
2276,0.1535849652818935,0.11886273710392113,0.14946458370374915,0.15065258852467184,1.1321768899023825,0.18050021870852057
2277,0.05094604627777241,-0.27945707075498494,0.1605408811860969,0.18070703983933362,1.0676717721519977,0.04238427993272058
2278,-0.23269631779121927,-0.0292319426030034,0.12128131090536932,0.09940585021391309,0.4257889821494134,0.06548401319794915
2279,-0.015756527794938323,-0.0077916393839597775,0.06646145610915019,0.049207737033564465,0.8824780623924741,0.048360406717370644
2280,0.3704679511179973,-0.2481242078604381,0.03837496902086702,0.025772039429943133,0.6280997736317935,0.0448887887400545
2281,-0.13354113399746703,0.18051483066752347,0.023897551569782263,0.024764995343984988,0.16645690975689958,0.0630360409349364
2282,0.05587322862070791,0.10907320997127826,0.0909376632928333,0.081759426684443,1.1616088818752468,0.045956882791467736
2283,-0.16442890979926342,-0.26964949720445364,0.18914401049216983,0.17734853913325896,0.7720873727135373,0.05322954553779416
2284,-0.15663174052644582,0.3177191647455274,0.1341437576645944,0.14268668668790296,1.452701062534769,0.1454393492917799
2285,-0.1387312314728148,0.23273351287803878,0.0786674944933457,0.10003114524030778,0.5636872636313462,0.06553230615699537
2286,0.16865409219484379,-0.08083751673810818,0.043400266376261924,0.03449071097119131,0.16269166327567147,0.06070417449710962
2287,0.15303793699085408,-0.6235509586422843,0.15951244971361186,0.16551102620750768,0.44310665987879577,0.07818170108737309
2288,0.10936755867059983,0.12087757652516491,0.04504638264392478,0.03792095058036702,0.5635098900726153,0.042945195596611335
2289,0.005361871579203237,-0.009964529591762295,0.07324723916895529,0.07728926572158554,0.48923357232564035,0.05988171223186065
2290,0.2942934332985592,-0.11298791101369193,0.08086055752305298,0.05809822142647372,0.4699837264222516,0.14004683289771297
2291,0.13120610291750745,0.026961964640198087,0.26254882689667397,0.21657467983207696,0.7607823824952082,0.06799013859944739
2292,0.277417670248971,-0.13116871695998614,0.16576011238154487,0.13346611235413086,0.400250988208326,0.1311151404773961
2293,0.06689765291139677,0.13151179056430456,0.0396692289761544,0.03899152646897226,0.5127103842169276,0.04274049521306553
2294,-0.20238732364934034,-0.129917291926927,0.16476003771853887,0.14475076053338617,0.4266122100224702,0.40129015864300893
2295,-0.019800059272968417,0.01368196058810838,0.0363584350666443,0.032587075957044354,0.4151174435076416,0.07120593840148333
2296,-0.07106701926489035,-0.013561086133084948,0.1051724672245407,0.10421383627253228,1.0387466739334643,0.04369175840547094
2297,-0.11712982359381538,0.14872500534395394,0.0285926197362394,0.02480726151227027,0.3364412842661558,0.052833804157812775
2298,-0.11967059429295697,0.1492267846990132,0.1628888483455568,0.14039989558849245,1.6107390628384461,0.2549705506005086
2299,0.11762605629878042,-0.008775409333870424,0.07551181029766647,0.06466836849063468,0.4111139459783918,0.07560851392656119
2300,0.14759381826678916,-0.07131618496367466,0.1349488592948481,0.11076911351656886,0.617915086352347,0.06492518875617367
2301,0.4372956356704359,0.4079281512558983,0.04949384629064948,0.04567445788508703,0.2765928536810022,0.09544131467286185
2302,0.03662571923017132,-0.0020305654284418617,0.0645118617169447,0.047070668211020676,1.1298865135014906,0.054141309287241195
2303,0.1721310428980787,-0.004446383958554552,0.16573634537503665,0.13271753585031126,0.5750175096927447,0.0748699152456339
2304,0.027684411253301257,-0.15708492269177635,0.052968620567449866,0.06736956126417538,0.27803802397418076,0.09522522464463595
2305,0.13496445148164157,0.08958764106917627,0.12816924751366976,0.0960259552974432,1.0645477918350825,0.05958507793363226
2306,0.44241709581642685,-0.6089830184636985,0.07688082451242562,0.08141347271260319,0.5755289042431568,0.05531593509306897
2307,0.05478173734019632,0.5222637232348701,0.03916767947528278,0.036334943573339454,0.6953709983445999,0.044108196304451626
2308,0.22367830288870605,0.06926826683061742,0.04161246194178234,0.024836040346591065,0.5537477716500236,0.041285637595831697
2309,-0.007948720311995035,-0.06444031538056309,0.0729205643671233,0.06321261737605179,1.2910070664771545,0.11719001525686006
2310,0.1535849652818935,0.11886273710392113,0.14946458370374915,0.15065258852467184,1.1321768899023825,0.18050021870852057
2311,0.06053501312810934,0.18330136767970262,0.04488978284026508,0.03409956130185862,0.8206034495728227,0.04395765369285325
2312,0.14707352129804477,-0.2722845095296015,0.05831504581561461,0.06364848137904733,0.4999739221269632,0.05007884724081074
2313,-0.029248610680947487,-0.003663432655621907,0.09451785038700876,0.08781050510574827,0.6981831446180788,0.05678190010869387
2314,-0.13091250212635364,-0.07010822956775067,0.15152178890218732,0.1429631406102936,1.175898626743073,0.1477669984892246
2315,-0.05761050004033901,0.0687196816878887,0.041260484627416286,0.02778926533677262,0.6734744846254872,0.03537098343525001
2316,0.002851370926732371,-0.002097257672498111,0.026419546384774943,0.01621362717889611,0.7305153056281979,0.04806267345956657
2317,0.022848108850399673,-0.1304354510483418,0.08017284186754706,0.08636364751398311,1.057018931635027,0.0476345815113507
2318,0.2743148501858974,-0.2607648687194734,0.08586738144396047,0.05420277851943626,0.8187893776130767,0.040576704073929146
2319,0.12081577041755974,-0.3027020303469257,0.093054940309632,0.10043128675939914,0.21043088532836768,0.10613568275267195
2320,-0.038908099771260175,-0.21918193467489872,0.09177864380527563,0.09764970435883569,1.1243239842979693,0.0650284910800417
2321,0.2590399769578995,0.07075343738236742,0.1329467782816346,0.09254855102142463,0.5775507963968294,0.0713243367107253
2322,-0.009320640704687888,-0.027383492900021643,0.0712857083648705,0.0632512914141501,1.0957074850550772,0.06957746247061178
2323,0.2565400118990961,0.4965837621292936,0.07373914023999549,0.07849136191317634,0.29022745290453533,0.09934068355184798
2324,-0.07379466278078976,-0.16756650329477304,0.06848115399839604,0.05973992592930002,0.8242755821627502,0.05602131143033357
2325,-0.049089264298365555,0.13391284070540235,0.1333243265527705,0.12942189007923063,1.5122959907550273,0.17661667109116608
2326,0.010731203350511585,0.14149882664880395,0.05340688806764802,0.058847182093427784,0.5907203585082724,0.03594038918032644
2327,-0.10446416393244652,0.4228995272068368,0.0902085698744268,0.09632537696654929,0.8968680264834261,0.04182940812628966
2328,-0.10678329576248995,0.02158527891717891,0.08427328803729776,0.062026079456645254,0.9336170861521318,0.04882230673288784
2329,0.3767157936227665,-0.0779664940370323,0.05023978536756314,0.03644780218606912,0.3680331439703181,0.08035099940169768
2330,-0.012536204320209089,0.23694260066729994,0.0573816377099255,0.05318847308474037,0.6686575993170818,0.0511535770467363
2331,-0.30687092407187766,0.05692520232128094,0.13484893895481123,0.12175091432896526,0.7742260513033492,0.04812897417239349
2332,0.04815166204643728,-0.04913687273289296,0.047510367411677225,0.03168871232062631,0.8688794722393174,0.048637529565760916
2333,-0.07280022848688962,-0.09490457244722272,0.0713613725360284,0.050639404975712475,1.0572314891548014,0.04475976133042338
2334,-0.04589600726619476,0.11870369917984445,0.051899207684750016,0.04859927981534298,0.47930360941919314,0.04501524116506635
2335,0.015461751550183178,0.019899625968282292,0.07716993212024688,0.07423978878362092,1.2885935936146893,0.13970729862667153
2336,0.029548569269914348,-0.07161291146242121,0.02101056440244831,0.013983008437194296,0.5190504710859597,0.030755731195146397
2337,0.12062033842942119,0.034216345335260245,0.045053973532832,0.03402792395415232,0.7045307563532391,0.05214482121284345
2338,0.018377067785078936,-0.21733944561314134,0.045868739506465236,0.048560444345189364,0.41417974170585065,0.05973086417099207
2339,-0.06665839258973942,0.009700603743303038,0.051875047386210245,0.028168570559489174,1.02515898122349,0.052166125416198
2340,0.17950099961495763,0.134521395951217,0.05460199049437289,0.04419442028439486,0.5534210183899212,0.043228309456530334
2341,0.04714838277414654,0.0026476595952287085,0.0338041819634451,0.02537023742284959,0.47526321793073584,0.039193021667901874
2342,0.048221556201378184,-0.08659753977900855,0.047504225368180636,0.044107865035331824,0.29382691384889653,0.09194177471322346
2343,0.2065839093043089,0.40157983699810024,0.169202028175127,0.17862737425719688,0.43813056854283744,0.06258154664928449
2344,0.08930105180671812,0.009304218938565522,0.10324207908507801,0.06939112833479902,0.9276439435866198,0.050383228832190215
2345,0.01609538570427952,0.012582017341443522,0.06225710577385272,0.061057874656949326,0.773264262054947,0.03556615456896326
2346,-0.18116044350602653,-0.13667855828999181,0.04829906994859619,0.03586892565665,0.6289668749687904,0.04511627888498842
2347,0.5750003790665008,-0.5324951476967963,0.04711827902324661,0.04996448395740428,0.42314128286301383,0.06725749109676642
2348,-0.1909557849624721,-0.2983665160495839,0.0515180608618624,0.04217942230995941,0.7588256663973985,0.04187356502387592
2349,-0.014769696336840063,0.019147074604046355,0.0764022443079876,0.06009688544693724,1.21779778871781,0.09015784636068502
2350,0.12669804640914406,0.5080289817211505,0.13603351196067756,0.13001556552987667,1.36597588215609,0.08074599996764062
2351,0.26370974688304527,0.5789518676384203,0.10387582536095279,0.09714745539338127,0.5850747588122172,0.06016182632874017
2352,-0.20368957048689126,-0.2518252700802951,0.055671679806471266,0.03870410078784565,0.7510029535844706,0.04123828866353754
2353,-0.3661589343223291,0.03487169200298784,0.23587326331568786,0.15039126385867194,1.4714412749952896,0.1422704573476844
2354,0.04099477193476388,-0.05163068485529872,0.08865432516467199,0.08373423281948601,0.4220650127793146,0.06258153509436076
2355,0.011577958878996207,0.057472611466298215,0.0317987899866567,0.028742109873147285,0.3166297700254753,0.07974397972609777
2356,-0.08278802324169834,0.07152213103371877,0.09620032195179219,0.08657621348212742,0.8669540459342242,0.057908840525468554
2357,0.1984246118855156,-0.0761001711578125,0.05815052738287793,0.043005920575719864,0.6160261992992928,0.048592898479385416
2358,-0.7688626805432996,-0.14268176960941495,0.05067460263968857,0.04320020363530608,0.5788097042738191,0.04591011540408206
2359,-0.017093605944150617,-0.005186355761541446,0.06359503741128736,0.046015553807428694,1.4263206014792522,0.13308674952071436
2360,-0.005201161287001867,-0.03673269446962634,0.09373554995973174,0.0821980356237348,1.4887644563263913,0.1391393936960916
2361,-0.3076604660559513,-0.23878567849251975,0.08318231746128944,0.07488314952050933,0.7213144352101138,0.0422203383762362
2362,0.1432968643228677,0.7527620250707735,0.0411975172117225,0.045045080207654464,0.38872459892641364,0.09753720586593377
2363,-0.1475513503470206,0.01101620221627979,0.06177384922970439,0.044098353729576455,0.5611588885898993,0.04107572535901921
2364,0.010225951512751297,-0.016931649641501012,0.07350728393663483,0.07831927775774085,0.7651270027264432,0.03968820207813762
2365,0.02012877292264723,0.02221002981457732,0.05616424753201161,0.0652020210980744,0.32965690208297294,0.11424938990252616
2366,-0.3308185396541133,-0.4062266995463457,0.08982587744626201,0.07057512543027557,1.1477765905054933,0.05006456333702109
2367,0.01878591492319516,-0.03795348686761652,0.06693118503009973,0.050503953309890263,0.7378441607445576,0.04770139084827853
2368,-0.03320095410007201,-0.018550356280309745,0.10772428266973152,0.11102827096012814,0.5581082037201073,0.06796452878982277
2369,-0.13839663158859575,0.16779435733300083,0.04725631667724749,0.0513449439007633,0.4366288082414349,0.04339491646887335
2370,0.06621036096801548,0.005144039162112262,0.09711434589779118,0.0850120912694672,0.4351173292259409,0.07663662450451612
2371,-0.8525501166115909,0.23213033609120157,0.028985565762688202,0.026153723655881023,0.2985897387371474,0.051152240453937806
2372,0.11962592578137088,0.027506431081796137,0.09633516593184402,0.058053322857814754,1.6046337217364504,0.1848157818820529
2373,-0.016126219835264365,-0.05989641407438032,0.11641041161485165,0.10430707528945869,1.350005277894768,0.14082612329275668
2374,-0.14488925038396916,-0.04616413668555569,0.10472911747647147,0.07400833208783947,0.7842103261769298,0.05250197635824416
2375,-0.4612915862786504,0.21163585417382003,0.0753734224154704,0.06692191340419289,0.6724511679077706,0.038248411752090705
2376,-0.4918278744897459,0.30423729771467023,0.07551694743940512,0.07509358462392439,0.4083253433968084,0.06195259775995403
2377,0.027127968485582014,0.00945221827176086,0.13769455074329576,0.13595995411324516,1.1906926543125804,0.17302561684006676
2378,-0.2857574585530743,-0.5195379035570474,0.03884549723325179,0.03794514379186094,0.5032993686165185,0.06606635885341455
2379,0.02009138273002518,0.02386539965996732,0.09105709525315221,0.08431995441067693,1.2841560374997074,0.10646663187716979
2380,-0.13264976115050847,-0.22365845327248718,0.13267170080702723,0.13720265520337235,0.39883489139321,0.12093407940045048
2381,0.5293768701841095,0.10403693474872032,0.05733294476229314,0.04029891426866904,0.9046754155411902,0.0459168384194723
2382,0.02749418930471157,0.7030387147804137,0.06964327644055539,0.06578974815137495,0.8118093934100221,0.04653782194008444
2383,-0.039299843439130774,-0.07499103041787238,0.06381905922512045,0.04406816831305926,1.224596915937494,0.08639751125866928
2384,-0.02767617962081065,0.010004876295991788,0.06598512845350721,0.06390755292267747,0.5913770954707056,0.05804428338008741
2385,0.31831583238952177,0.016010094165772162,0.09972835333247064,0.06215656728765018,0.7395584941166482,0.04812289940753237
2386,0.027265801635157298,0.018723095845572392,0.022034461366640785,0.018582039918962637,0.3070276016076168,0.059389179258925916
2387,-0.013395543525166994,-0.0020122301367873855,0.03019029672158821,0.03242868236620181,0.16506351129160185,0.08319052424853515
2388,-0.004008011637867578,0.001808199960714305,0.07373691711008855,0.07382280094984582,1.0366692616259765,0.04667117725077418
2389,-0.2115129859546575,-0.3184882299005306,0.18895834337337686,0.18616622296899288,1.0360280977272163,0.09295966374125512
2390,-0.2917169280345218,0.09115743671038243,0.07315437223151143,0.05055656599523662,0.48701868419229477,0.04729106194297996
2391,0.7124934422513375,0.3268704347564914,0.03451907879987287,0.02876491530031594,0.5177445185984039,0.06859665954691924
2392,-0.06567173035789375,-0.05562031207866228,0.03223192199340488,0.02726107135618302,0.4103839892168465,0.04278918464480616
2393,0.07646266372835243,-0.008693241106096605,0.10305507906834128,0.08750821767017253,0.662777778887522,0.04369882497861144
2394,-0.5192551011404337,-0.06102944387809419,0.09976607705705362,0.06388322750238964,0.7314407378571461,0.048759267054023406
2395,0.06243000386495082,0.08930226405092251,0.13088531732233405,0.14041099615994979,1.3263138653813482,0.10527083216274316
2396,-0.0578215881949697,-0.08148867275703275,0.11710015613256801,0.10305523152656117,1.4303201197942585,0.14872333771501614
2397,-0.03121455919366832,-0.001445719446016229,0.09201217330001511,0.07582216696617992,1.4402937306587216,0.13091509348530042
2398,-0.29876327830732596,-0.23039496628783285,0.10710288677501661,0.07974770883843768,0.9131697031011012,0.04686433178907682
2399,0.6571314794459924,-0.5070123309818934,0.05936983054753315,0.06381630647149168,0.7105128040134384,0.044577064117399985
2400,-0.024351256902341963,0.02337663557025002,0.06386766323928675,0.06639326223099605,0.6258686124004865,0.04187384052153962
2401,-0.07389706549240592,0.45118394542374457,0.10992229345267071,0.096600078195811,1.6344902308360545,0.1858783107099609
2402,-0.062070024023097005,0.0716418336551219,0.04175154974700522,0.036570484917133654,0.36330889359751245,0.0647665980058843
2403,0.06830162590791997,0.13479389403893238,0.054666515853669356,0.05034111530273744,0.5843249257825867,0.03927814894974298
2404,-0.03812861318351251,-0.051358779144037844,0.09010593877343033,0.08208530959789939,1.1791913973060157,0.11894900769324515
2405,0.6493811491355281,0.17386659776601116,0.07444707315956804,0.062044595500404746,0.44340941251727467,0.09648531349093181
2406,-0.018719970916064615,-0.023179578638487235,0.027969185918886988,0.021795279953275966,0.490453171872353,0.051372472406592214
2407,-0.13330081092472645,-0.07598127814143814,0.11278978377730964,0.11140437281768704,0.33952896050915915,0.08934700494568115
2408,0.08707790312018404,-0.14470545063975243,0.053473162039407815,0.05608767797925735,0.5024905584984115,0.04072807638137208
2409,-0.02590878266678052,-0.019972297140708938,0.04894470978781823,0.03555267596611767,0.8619443512280962,0.047638693577548394
2410,0.0275607209832587,-0.15917122574868453,0.1212474408825591,0.14804837597015588,1.4245975998551101,0.12752994574390733
2411,0.13175448709522372,0.017538824139175263,0.0779169607388551,0.06643701373273303,0.39211709021899577,0.13029764665019186
2412,-0.4954122385905099,0.16051835394877317,0.047867846467189036,0.03366643693205416,0.636628584937058,0.04027140250398094
2413,0.011315884748389288,-0.10318962352719514,0.08002993076519467,0.07382219323624993,0.9529085568772168,0.0380924869681743
2414,-0.3038218278040996,-0.1388339334559577,0.08985759705269537,0.051673557011093725,1.2847614913679848,0.0758649177448609
2415,-0.1632271069266282,-0.14746497878569334,0.07244180080621183,0.07613934844204433,0.33077456330089816,0.0697727880395441
2416,-0.5524273798814415,0.08828654043076285,0.14602593449252918,0.11770791437019891,0.5900696206982908,0.050932771959626685
2417,-0.5373668758605251,0.6317339681875532,0.08671705464918039,0.0835157657048521,0.22242003595288096,0.08382750475198557
2418,-0.038536938359867705,-0.03209451673001622,0.17311510931553264,0.16377940330226773,0.3059838458091499,0.08978094826888926
2419,-0.021652644746943343,-0.19207576775081453,0.157944161697851,0.14488725307976472,1.4253921240828415,0.0834467869883115
2420,0.08898276836713126,-0.18996776654193473,0.02641631866581099,0.019945442398762538,0.5477184087336499,0.033696054305956145
2421,0.027113917063545944,-0.1579191911261994,0.09587996740223537,0.10507486977322954,1.2007039413628735,0.09220057724301714
2422,-0.01818990358375946,-0.07600738780020284,0.11523744008935581,0.14341289608956728,0.6561111950746307,0.05895063514336702
2423,0.35065941180390925,-0.11180060635061184,0.15165236282492672,0.09053522005383728,1.4657692882892281,0.10478629486430485
2424,-0.17010057519664606,-0.1910631235179007,0.04783868404787611,0.03295170312166065,0.7492421294504781,0.03757569503828568
2425,0.22494557684982264,-0.20463507186570454,0.03984391608489673,0.040069014840787974,0.09273059324362767,0.052729265124762205
2426,-0.2543982389505893,-0.027440836266552766,0.10975151635870911,0.09162157829711835,0.15853636135679117,0.09732597383304695
2427,0.12893264047164,-0.13120477519697346,0.06968244325743245,0.04366854992625352,1.0852001136441032,0.03979745281181508
2428,-0.05027537316915006,-0.011802522262702595,0.04817799400986622,0.03606508625658116,0.7528544605465911,0.03837241687267227
2429,0.016767336445929714,-0.02127760780771365,0.08574403358644847,0.08951336186385982,0.46055516342144015,0.08010753490759355
2430,0.3481399815120235,-0.20115411310296025,0.05938649253050278,0.044996478555144014,0.48634267951296445,0.0627174376249219
2431,-0.021598531613754506,0.058255143607140986,0.10100536889337731,0.10432911821176723,1.6388847792046257,0.23549918328873448
2432,0.35643893723194076,-0.3778851766874286,0.05914536714601287,0.05842894242873214,0.3847738240406868,0.08331285912987982
2433,-0.02604670093937845,0.11437901364275073,0.028880271782465237,0.02424939691516153,0.5467948437074479,0.04339205542187516
2434,0.007873591700003487,-0.10270825758512776,0.036638044129716045,0.024240707523851567,0.715113709128481,0.03848466988316215
2435,-0.03290526945499214,0.2273582087063868,0.0643497124786386,0.07114130529513332,0.7129909763404897,0.04084238589815192
2436,-0.0013025321246132638,-0.03662031440686113,0.066803375474704,0.05146680849048356,1.4920247405955809,0.14964405031292954
2437,-0.47013074205758265,-0.05707592147421238,0.1018241240363423,0.07195284505054271,0.9217062769778016,0.05063292038853501
2438,0.3357201759825277,0.09107133339724235,0.04764183646723428,0.044411184302628984,0.2127385139311283,0.07965754831544677
2439,-0.13725400113147143,-0.07506575222386407,0.025080880148512077,0.014220712133618125,0.5432219492145919,0.029940624913351872
2440,0.03385773532354162,0.07397485182080596,0.07198367461529923,0.06320658991340204,0.7979846211605415,0.044913721617119165
2441,0.6465506071090588,-0.11603501789722459,0.06437853023999823,0.044132928784084986,0.836930644245226,0.04008267685769359
2442,-0.2852794903090897,0.02792197708326883,0.24817171781738498,0.3724202621354675,1.9132297597621264,0.7554315968212021
2443,-0.2252288288371802,0.10323415640959642,0.11498222557775467,0.08072914523003466,1.166442781021365,0.08731679405326857
2444,0.06827042849675613,-0.1436995201551773,0.11816656852667333,0.11457081705567308,1.302912946876584,0.07566574577923374
2445,-0.34363469622663767,0.28251623517618457,0.2181604486191912,0.204411445157952,0.2762708256478943,0.08687535760832614
2446,0.0799956569031559,-0.3815449367766851,0.04636516353866028,0.05108290729534718,0.5279799493706342,0.04864700601120157
2447,-0.002473168411862255,0.034856022089023116,0.03780346877345456,0.031055044521849328,0.718629677356108,0.05450448066231616
2448,-0.06708773733125835,-0.014640462885220352,0.09169608638563871,0.09782709434777387,1.1123977960822524,0.0406306649012814
2449,0.030386807098022564,0.009417361579637603,0.05434663277522627,0.03759619284522313,1.0299934962341228,0.05698432942452933
2450,-0.14407739580985326,-0.012374335583948567,0.10955074919903382,0.10486542832973653,0.41574186557423704,0.0701215991877627
2451,0.07287517906865551,0.3134224438815299,0.08147591924578036,0.07465534920290254,1.105295972036133,0.09054200411497668
2452,-0.2137823922921814,0.06359698611418309,0.09705407419324015,0.056926272935912174,1.1143407244495254,0.051718813991558685
2453,-0.011135277773261376,0.03133663654161366,0.05824567002971922,0.0510392707598832,1.2155388322545408,0.1425478721531623
2454,0.029765178389083585,0.1361520890483972,0.034023752123597414,0.024040437558132923,0.800913791834806,0.045603871524478735
2455,-0.01054434919312538,0.022006772368650986,0.04437048497979524,0.033497888957989726,0.9763650134248715,0.039028300475767594
2456,-0.006607434832931893,-0.0016576943785053238,0.04638539510600469,0.029277975859866374,0.9280227737235252,0.04545797513199562
2457,0.010240988304632062,0.08909399557260968,0.0856206453082868,0.06773720767197908,1.8672651399401063,0.2215063608348219
2458,0.09948738980151071,-0.003167262891161841,0.13518253366777241,0.10640791236375269,0.7646685980962609,0.03316203959267538
2459,0.2587227516356978,-0.3013205933260891,0.12508022632044244,0.12752619623742542,0.8331599255941895,0.05689358121408135
2460,-0.027017543577517407,0.016730799656063736,0.09348438607513943,0.09315813693748487,0.7910979072438631,0.04037076168323214
2461,-0.1234196051055566,-0.07695950170042444,0.18150826466067302,0.16336367351021305,0.8170982042754991,0.05467694080335488
2462,0.029851463357680713,0.1520786222881018,0.06694553351087028,0.061734832668381395,1.19755483395762,0.07978902304651612
2463,-0.8525501166115909,0.23213033609120157,0.028985565762688202,0.026153723655881023,0.2985897387371474,0.051152240453937806
2464,-0.23294108555186113,-0.07891023306201965,0.15423328292479177,0.14263726018839917,0.46443705288616066,0.09765655749116474
2465,0.17221230388195213,0.19791715278483912,0.055849084940942095,0.03940596684165453,0.8910700859810792,0.04200563500168704
2466,-0.0921616783028862,0.031685948541810775,0.07157291869264733,0.05495208492682298,0.7145294202681962,0.05056538875272832
2467,0.26837039912307603,-0.30011755475002866,0.06197207955867956,0.06998506874182447,0.5260180399492435,0.06943993881004219
2468,0.26818185531214583,0.4143754136472831,0.037504945438792785,0.03376649726632241,0.4663787857424216,0.044547761290958006
2469,-0.0008654125645447084,-0.054793709395380766,0.04442833624292201,0.04428811426218906,0.6012209989250096,0.04360211789915224
2470,0.02385761544706458,0.18497442503918832,0.057706165512824585,0.07055050876649877,0.46719203332739134,0.06948453065050214
2471,0.0272424816434915,0.14571399705117838,0.18218477603647779,0.23816062710599387,0.4584245943382281,0.12533737086381486
2472,-0.03921480397415674,0.10567692808203033,0.07218301144120629,0.060143951142682874,0.5747477203967685,0.057489718907744354
2473,-0.008768714289700875,-0.06359317653209,0.042850644119512116,0.0518664226061783,0.39202348791830566,0.09531638057971485
2474,-0.016273903469154936,-0.010464300987256767,0.036045928348613025,0.031848674643070674,0.40891388830183717,0.058031742604759885
2475,-0.04264942914898656,-0.029816755633213586,0.11792408123850864,0.1032422756002379,1.5213652472891097,0.1606708799005823
2476,0.40900903335177824,0.20052618553388926,0.13714542891303166,0.10806874623353777,0.9681803557283639,0.0398735343609745
2477,-0.020800941851208652,0.05672217126928998,0.08819422716228403,0.08193135282314577,2.0349728071414788,0.2722197492487612
2478,-0.13612689915560294,-0.10094473122795335,0.07697014921864867,0.06449877375624621,0.8461072244248375,0.03748617839652905
2479,-0.03213759598382169,-0.1485214269750467,0.07045199178976493,0.0683649619832141,0.7823319005179266,0.038921311680103335
2480,0.4741479949208619,-0.7148718269290717,0.029371511897414482,0.028710891381150218,0.2599924207173891,0.08042743440461536
2481,0.15351576470513767,0.023200608030592776,0.18485012409253634,0.15672855969847066,0.5578943183954462,0.06021591465203901
2482,0.1674166028235802,-0.07911350558932792,0.043825226098355735,0.027313632538336616,0.5893018816313133,0.09496366306758418
2483,0.004874708420907976,-0.15093414293472399,0.1029310961031926,0.0866902240447233,1.4062129599749293,0.10767105174364
2484,0.5860696629712889,0.02925272967282727,0.06921454539608517,0.03912567380412253,0.4604037998345658,0.07025912267196155
2485,-0.03763327328889787,-0.26064749516914687,0.06646656285137896,0.08234530384290076,0.829067174633189,0.04345583210240222
2486,0.03406998878131064,-0.3689915113423111,0.08268611257025553,0.08877852353959617,0.9615065440711387,0.037787073580401176
2487,0.011222075953733075,-0.003156176748670145,0.08134365047395083,0.09069123578555549,0.4451640491778732,0.08238302576794539
2488,-0.13547830921122028,-0.027822576892865443,0.0679542026430543,0.055926957576813756,0.34152963455353247,0.0739271306274221
2489,0.017763465671092448,0.006594443696889411,0.051554668672742464,0.0394284284856269,0.9130652216202957,0.04416631749197773
2490,0.018377067785078936,-0.21733944561314134,0.045868739506465236,0.048560444345189364,0.41417974170585065,0.05973086417099207
2491,0.22608553862420705,0.6494254717743346,0.04250770601528871,0.03929321760451073,0.7470667029216405,0.032119816212348155
2492,0.5251839645137473,-0.12375552321548046,0.07036468828711982,0.05793574479560757,0.2641563728589455,0.09230487824354952
2493,0.0307638194050193,0.2794561199899311,0.039452364511286496,0.04104193737562148,0.6890046752952469,0.031192701431946072
2494,-0.3083800900401949,-0.10708600352941212,0.1667803623647182,0.13018167504697,0.9597605386237141,0.04249333038410608
2495,0.3418606072026173,-0.6266590335020192,0.05594874568154502,0.0563935532943348,0.49005810706286784,0.06719481555935483
2496,-0.5228040591109735,-0.19885787836983002,0.052377808147827803,0.033009904413486876,0.7776033885904746,0.040003718950795644
2497,-0.06402356896280452,0.06095636470846426,0.05362845548917007,0.049328205504853256,0.7623082884185101,0.037462616175865715
2498,0.010697663311094958,-0.10133474778925838,0.07954822591439352,0.07567161067926191,0.8318727117789981,0.045596520170365085
2499,-0.3243075299142678,0.055897723068607574,0.1474635198222165,0.10507550203308565,1.8735224433643607,0.26286237281081115
2500,-0.053876950938061975,-0.1036410646577423,0.044558080125431644,0.0313552797654196,0.7356438709064285,0.04415509739748714
2501,0.007690469841148178,0.01390114224404018,0.10613724613370153,0.09232977081658317,1.3627420756202606,0.1687016775773217
2502,0.007836567179211103,-0.00207520710089649,0.059113189524935515,0.048224861390659894,1.3551914404617555,0.11905640922240322
2503,0.0024799722079138073,0.007044019183006891,0.05454270316948854,0.04398448144799348,1.1501499824643615,0.04970270099524835
2504,0.07736085169128737,-0.4967209818707106,0.08871982048635313,0.12382559253993675,0.376317820912485,0.0914375936312105
2505,-0.02400051225487322,0.008964983481701968,0.11285696231638956,0.10426827335693607,1.5680142492607185,0.22374241136523207
2506,-0.210630371055469,0.36967004633287176,0.06669705260840644,0.077456606696054,0.7400559818536243,0.041774501933746926
2507,0.12669804640914406,0.5080289817211505,0.13603351196067756,0.13001556552987667,1.36597588215609,0.08074599996764062
2508,0.2900717791997684,-0.04416177173328824,0.11653756417050103,0.08431406415809363,0.7974052321447979,0.05103191397611013
2509,-0.01940931334746808,-0.03480581158340646,0.04807595823128963,0.04677673799369026,0.6011681040902314,0.05083861449152222
2510,-0.39490612705555517,-0.6845957028137425,0.04591925115674784,0.04144545730141272,0.13732925569405163,0.09798385969104259
2511,0.0561076479390035,-0.08915041884266936,0.08518141606787864,0.07301142661814798,0.9139211763570719,0.046854133570350696
2512,-0.010210204994853258,-0.058687268919787004,0.05415856773501426,0.040007877095835316,0.7505282678937388,0.037922022154645525
2513,-0.12277237065926301,0.10635313864387813,0.1154879751541752,0.10305524792757044,1.1333820673320194,0.05835989129827604
2514,0.19342101315717516,-0.25088592204687155,0.03163093428062238,0.029095356765870578,0.4044170204818232,0.05847830838340259
2515,-0.12183691345618212,0.022266682011578227,0.05688487730543837,0.04196988534655965,0.6798757396666292,0.05694242421575782
2516,0.07683474890109038,-0.25516901216629695,0.09691168779336466,0.10220702560392782,1.00775540120567,0.04150441258749546
2517,0.0038686026443954307,-0.04404496668780581,0.0648061472749166,0.06386364303297414,0.8960564106224167,0.043826500942082194
2518,0.0062401635557711,-0.2417009877270443,0.11306480742164837,0.125878050935159,1.5270618683221784,0.16996034198348867
2519,-0.012444573267714537,-0.13615949461168297,0.14613848491957154,0.13900524977674647,1.6470655155868876,0.23747793515948426
2520,0.46120000256006816,-0.3010922972748378,0.052640146135282104,0.03963732508753443,0.6439140742116143,0.05016305735156154
2521,-0.025796206623453645,-0.003902021635660429,0.07919978599165595,0.06853735758134288,1.1873942291385298,0.07184288562886526
2522,-0.008767206978672105,-0.0810218407161249,0.040240854682780096,0.029962271874052305,0.742389805476252,0.06018274121399346
2523,-0.060257712966193325,0.015104359684564547,0.1212767518751796,0.1045474038141475,1.1619350636755699,0.05523588621211318
2524,-0.549057677526618,0.3268924145179131,0.15941052251838408,0.14690633642288503,0.3550791824172209,0.09411533849337783
2525,0.7059411339382302,-0.45532881750904036,0.03227049111197368,0.03384162399102603,0.11906658011424492,0.07864725422149811
2526,0.39246760826708577,-0.24339610711314177,0.1195459953422824,0.09728293929178106,0.7959200140326037,0.0373119816582741
2527,0.007309678466872486,0.014497587598387067,0.027623707346279735,0.02363232672905514,0.2906740944409361,0.07481937409799581
2528,0.1821655105907793,0.20008547898608364,0.1561922096572746,0.15771097257949998,0.9056511517926001,0.05170947879090986
2529,-0.01747913230501913,-0.0108059851905405,0.028744733389482125,0.01966898194404362,0.5941529877477639,0.03589028627754991
2530,0.23776476667859636,0.1796172975395499,0.12164961949986325,0.09275360687303535,0.45987846130672366,0.08272399285883296
2531,0.2427547002410085,-0.00603656273332714,0.2331085135719963,0.17202955884273047,0.9503519133763314,0.05982187954679161
2532,-0.024984571457666152,0.003369069987470186,0.06133966726945674,0.04892558678319654,1.1329837788145842,0.06667927424954644
2533,-0.04798094044900988,0.08009768622834486,0.0827216757190071,0.0921717262584574,0.4201465578722499,0.05553299613794085
2534,0.04800551673504684,0.032726792948590634,0.10639991813654627,0.11009240714449889,0.49708146437498973,0.06827601501874843
2535,-0.5324313053142921,-0.40620809117291096,0.1574551176711028,0.1331620909621607,1.1257498673038842,0.047172636474146934
2536,0.03541072852787175,0.06441692219280355,0.04528983557663509,0.03479320033237634,0.6823832169047073,0.03936496909588477
2537,0.06014220354043229,-0.018454048494666676,0.10076533017598291,0.0874902817772449,1.2961265698161117,0.1459720935692995
2538,-0.004492213022135178,-0.021376437473820495,0.10401684038600345,0.10199650047469758,1.2037057755292233,0.06842003047391142
2539,0.8381822503225848,0.0086193245418627,0.03439306532090818,0.028856270939879636,0.5880773546758672,0.046605145724859
2540,-0.004463823851001649,0.000941504594523428,0.03537072009505326,0.02876691701384929,0.6382403143414719,0.044341937901067344
2541,-0.03989787817076357,-0.22074027503403026,0.0921960999348489,0.09159183745561467,0.932102682742613,0.04187532952685821
2542,-0.12005649097987232,-0.0011200324746015334,0.1833643778613126,0.1382236510031507,0.4289777280810864,0.12329656016371787
2543,-0.0735551652313987,-0.32224697974997707,0.15736719417911801,0.181800544342493,1.3968454974339486,0.10537284976304825
2544,-0.03138504890411634,-0.03733186488413128,0.14017115840460484,0.1299259704961469,0.9049778919250147,0.045750393034587486
2545,0.3605769158222364,0.12487669058315305,0.13033935973108507,0.09308251846063048,1.2905974088815297,0.17804993256525875
2546,-0.05877057575675862,-0.5439981200481547,0.023690693601088504,0.0289379781779431,0.3245492380135739,0.04893433020273009
2547,-0.09199705360706971,-0.03394437236682692,0.12364771518622932,0.11642740689159876,0.42239265396498343,0.06709231180101155
2548,0.44046688362286995,0.06787794253569941,0.1728935802728248,0.1518000069243172,0.3765915977565524,0.09794365286713241
2549,-0.10864353095410449,-0.05419360864944725,0.06708348133022114,0.06058170746499494,0.35178075398457437,0.07685625429997035
2550,0.15055576696736778,-0.8277287066383239,0.10140241387568505,0.09207196158409998,0.6370175635930856,0.05790590419222806
2551,-0.13714201404413154,-0.053793145898363565,0.08729726250522604,0.07037749296161118,0.7891672768055855,0.04454168570774523
2552,-0.13602824440825756,0.09001900529422086,0.1907611303334761,0.16500031990038844,0.9241736007101833,0.12268698337604994
2553,-0.03410067841449826,0.02611511605079638,0.09634805414348963,0.08238017853139837,0.9891664062311675,0.05293468978929656
2554,-0.06074546038666954,-0.015974396762400707,0.0927339182129175,0.08403162820935096,0.3727980639330851,0.08685634731133958
2555,0.09690987697178848,-0.06894942482945343,0.1077276424012588,0.10291669140246053,0.6953200435691684,0.04436881064128208
2556,-0.005998014550108612,0.028386363559722454,0.015780084293775438,0.011127751962861383,0.3003125054352144,0.04283170380430384
2557,0.6724045434249704,0.1010522287939857,0.033595692130185456,0.030423908123921643,0.28976024294553676,0.08535148228849698
2558,-0.021976744181349532,-0.031967397172450576,0.07792444087185105,0.07208818844435426,1.1453294595602168,0.04452828954119074
2559,-0.010480541963945577,-0.02082006571051928,0.047756907121783536,0.034739866978276975,0.7693454335013652,0.05775824751097977
2560,0.007680821888965365,-0.15974892666098262,0.061460520744342745,0.05199222237707595,0.9207405508727712,0.05236972532017823
2561,-0.0773275575391508,-0.0044570775543077285,0.1305366780862268,0.11174040862706754,1.7204186283172103,0.2781679302634593
2562,-0.4176105652892958,0.004832234847969125,0.1852121489292259,0.1172756433368207,1.1388305110738213,0.05478647247465156
2563,0.4104321385150904,-0.01790416552601791,0.09758299382987543,0.06580162442092989,0.43342000673009184,0.07008087777706222
2564,-0.11680984417342027,-0.18570340701932406,0.11271446471379128,0.10196116606380445,1.1002666749670338,0.044602951746197494
2565,0.0006937300572806132,0.03408490779837964,0.11187033761207825,0.11323426584559515,1.1105521325749024,0.046246223925039825
2566,0.0692251540644896,-0.14474160696547733,0.09904308393262282,0.10528475179044593,1.3950472331157657,0.08305334030660039
2567,0.010815486993569478,0.021393789629009966,0.0578822431194791,0.049687952316150995,0.3665185802020985,0.13679702355058398
2568,-0.4522731234349726,-0.7752676198939337,0.06735109618843517,0.06808151638259721,0.13855688308941622,0.14396912608956575
2569,-0.30474637457455545,0.18252852036979308,0.08104612709746511,0.0597203727133441,0.906540737490281,0.044309712146762756
2570,-0.1276204332831184,0.5559452220525589,0.07111289401253558,0.09868588040465875,0.5756219071729498,0.07805906535595676
2571,-0.021534039770476993,-0.20022777644207795,0.17076535857345224,0.20650326947789613,0.4013793111912618,0.08560173188136685
2572,-0.1259297640771059,-0.19979019387558242,0.09578487759281938,0.1120487915142833,0.29787486763446014,0.08877978191089159
2573,0.04423976659641619,0.19229432225398468,0.15563748207844533,0.18238128821285296,0.6353312812694896,0.5495676998400253
2574,-0.012843483493105342,-0.03496647962671785,0.04040385617421749,0.03930817142324643,0.5690735064643506,0.05380983304651871
2575,0.23581273154275795,0.1053784283573972,0.05479020274330891,0.044780967520663115,0.3270993930947717,0.07332486928583228
2576,0.16835164094172791,0.09812570107955264,0.12230736458700416,0.1128767896038014,0.3650440058843472,0.09482028112236518
2577,-0.6183492748861463,0.18575941714744548,0.05258470403699932,0.030024639423059937,1.0139237346133454,0.04264320637932199
2578,-0.09024518448430376,-0.29625341108453024,0.06303035590121667,0.05446220012069952,0.7263456878928746,0.05376047063630351
2579,0.019035734395405735,0.02718116141524226,0.05900358191076804,0.06386510447620707,0.3548962051041176,0.06238865004343791
2580,0.004499110197735305,-0.06733997817569552,0.06688504755301257,0.06791523125582406,0.5934106285714623,0.15273701148827454
2581,0.10476762322829203,-0.3285951923215716,0.07548392054306327,0.08275225057366621,0.4658805384731838,0.05710193496901603
2582,-0.1909557849624721,-0.2983665160495839,0.0515180608618624,0.04217942230995941,0.7588256663973985,0.04187356502387592
2583,-0.03461233350065254,0.026672085512381753,0.11959707586790859,0.11839607229134926,0.879719593089799,0.0655276192087696
2584,-0.39248324691194125,-0.33602006653015903,0.026865539181270087,0.020094189072804733,0.4121400700063288,0.044462079603565144
2585,-0.023006691010528005,0.02188598460903006,0.04134414155617125,0.025412823767519965,0.8034508089514166,0.04082624224460674
2586,-0.06034157384936112,-0.09021577301630031,0.08459155385496177,0.09946742149665606,0.2346825931133848,0.3099670163861458
2587,0.036755781391093055,-0.013901253261097112,0.14116988280688497,0.14391250117307283,0.9809729706751307,0.04162427364021843
2588,-0.07540076982857545,0.0523352058892257,0.08371044331077697,0.08385250708066269,0.9563832035600308,0.049290628362278426
2589,0.6496228990820282,-0.24617255978856614,0.051772672228710244,0.051364688854805246,0.5028528713450013,0.08191496845178615
2590,-0.10224186248378933,-0.15756452049945519,0.05400226616310914,0.06532793469158527,0.21133740281322755,0.1206156881081294
2591,-0.24062034105542066,0.35650460121621685,0.06351981737995707,0.06510748074707741,0.7777264198802232,0.034308788367311806
2592,-0.008836666336137439,-0.013284044092576178,0.0675404099823491,0.07726126954009518,0.5665527343402751,0.05679166493372092
2593,-0.323807126101224,-0.4415819204820278,0.09992793803938502,0.08416199116728236,1.386583901794959,0.12113353794470108
2594,-0.03081110695184247,-0.03457369199608901,0.051031141264165115,0.03613700366426684,0.8579271297807775,0.043060006109258926
2595,0.13771262084709537,-0.026473793437710093,0.09275955141528543,0.06435302225553767,0.8913962948897103,0.048989455982600474
2596,0.48489239537941725,-0.563600197971176,0.10220578965061693,0.08586706125070587,0.6098777215750943,0.0803961690418738
2597,0.012382331026231567,0.11856962474307993,0.16784461646034252,0.16198877285090765,0.9815666118733337,0.07371840258208956
2598,-0.08953933271619921,-0.06720898374209833,0.038226575299498806,0.026419415812281397,0.4564086842218372,0.046677749249018866
2599,0.06683685445189702,0.2083176767421345,0.08474983264129445,0.09796636152403075,0.4588789818887534,0.07582484802875565
2600,-0.38981293491468794,-0.12692882202590697,0.08428692888227864,0.05350359047021384,0.6453520207075897,0.049353812498043874
2601,-0.021007113019434455,-0.008988865961845394,0.06198548461411085,0.05915166222445407,0.9500058481044559,0.03978713531397314
2602,-0.0020766658236080057,0.0010627512319974237,0.0393873815644891,0.031546013618949646,0.4142776874367834,0.040603213880158105
2603,-0.1279326243865407,0.05366032025252988,0.060546337506889675,0.0457994083880338,0.5672675110820944,0.0487820970839479
2604,0.046252670649138065,0.06771993209220341,0.024249448186800023,0.014142442187360414,0.6203856128113271,0.03535421332619156
2605,-0.6710995316132965,-0.3842822441797109,0.09293713614952621,0.09338976890574122,0.38086772011421005,0.12155351801395088
2606,0.1653269594460717,0.30213793782010173,0.13534798001097822,0.17368510451701902,0.4195745897326198,0.08016682055218148
2607,0.044172159944843525,0.1932422257550035,0.09946261871244656,0.11699927244318621,0.4046396142110162,0.07941417985678881
2608,0.517343778505842,-0.11696667199540423,0.18575702064060912,0.14887715030936638,0.6999980199205124,0.038226440779341585
2609,0.186664706220638,-0.47553111211560944,0.05256563374894158,0.04360115666243142,0.7293346538543278,0.05222755014614063
2610,-0.048970588670554704,0.13532648276697723,0.04160715713246458,0.042497192161634875,0.39589244012154584,0.09956926179011732
2611,-0.013354892196552398,-0.02182622555528682,0.04181980952453051,0.039788484807547785,0.392091095233247,0.057161514964010396
2612,0.393899619656235,0.31527122709963257,0.0862307031421324,0.07664189247168456,0.5777797045293774,0.053978581441592156
2613,-0.07936034018538807,0.04642181085990021,0.12216433085840893,0.11138799920101145,0.5640103294679405,0.0658893131679005
2614,0.06627876336142635,-0.06102509362411785,0.10224870647633909,0.10269323034879747,0.783714315954505,0.04393735184417398
2615,0.2961400310988565,-0.1867605880089762,0.08795882290742368,0.06478509510263769,0.6600172626794877,0.06500908074961362
2616,0.09165042117812265,-0.0851619386944492,0.08475785660154998,0.08368500718770638,0.4261735992799885,0.07511358988179445
2617,0.16752805741643112,0.23102267826671102,0.09476734682179545,0.08261948134961306,0.9556736359809105,0.03588058092997041
2618,0.08875180238868055,-0.5716828413222322,0.1256906773548727,0.1557722243807202,0.7897869964675389,0.03853147305077269
2619,-0.0667286982959537,-0.007395743043237635,0.17883794485256635,0.17174695305656398,1.1171490316861723,0.28299785584647164
2620,0.08673540601819994,-0.08554617711961536,0.08851880539406545,0.07463223033383458,0.6912020512339351,0.048162493463638295
2621,0.6749288692562049,0.43306903877078995,0.02937952730187656,0.029539427176396047,0.18134883855303446,0.09213856694437965
2622,0.02444523013330886,0.012753542677139419,0.02545588735767265,0.02240808767389295,0.392621399812621,0.08826903093936576
2623,-0.10413387346293748,-0.007220875286513222,0.06945013515378616,0.06002815218851565,0.22328238960195562,0.07953929555730081
2624,-0.3847757213128522,0.08251931011562673,0.0878775817338765,0.05416242401168153,0.7551949594907704,0.05771028446940769
2625,0.32672946908677375,0.3917467763863094,0.07904971975259963,0.0796945583686613,0.7519345644659559,0.04273060399842149
2626,-0.11076144847366588,-0.058446733373822765,0.20183732142478938,0.19111499684374159,0.4380910153803932,0.06288337636607215
2627,0.5148484928279765,-0.49621823190198183,0.027523834707338473,0.02466934371804431,0.33516393443575976,0.053922766986775277
2628,-0.019919723245823272,0.019846503951349195,0.07262434994876553,0.056570882272425384,1.311548281530375,0.07660388760456018
2629,0.2521438317694833,0.07600227409599575,0.10577903122299763,0.09512499725505312,0.7638285910651726,0.05305995534408139
2630,-0.111117367690809,0.15872790686200328,0.03471931869508024,0.032534042212795294,0.38470108501803457,0.047668671734333395
2631,-0.3186898094581606,-0.05242059173515046,0.2240000724910562,0.15945640830907795,1.0848467102357693,0.04859939426985301
2632,-0.030737783473033718,0.002032581979534362,0.08578420691616813,0.08728486224182967,0.42612600911620263,0.06440321942025731
2633,0.2441715153546614,-0.03320335691374071,0.16287684190426413,0.1299556843466072,0.6805277223761835,0.05192089536441223
2634,0.011070945530156917,-0.01874695240781036,0.06086669593070156,0.04121438600537272,1.1451809482204531,0.04597416543388662
2635,-0.17096771003601968,0.7421650232464007,0.037272473074866544,0.03212771820340766,0.7296177498342693,0.039758896991243374
2636,-0.07501181935803927,0.03250185212649116,0.09422957587578468,0.10187138268058563,0.48378328098010004,0.07399878026514206
2637,-0.12085562771321956,-0.25601761635302317,0.0779660684215713,0.08205178181787892,0.6708624860373855,0.058159135856262804
2638,0.0012610753013076864,0.031913361605514265,0.12820089789638386,0.14584418658176376,1.2790505377583647,0.1227419911974112
2639,-0.03553089668288092,-0.026485257515960585,0.05134826986632778,0.04990461873943826,0.4123173945001792,0.0634100927162295
2640,-0.052070044774653546,-0.026190770602563945,0.06233650875355867,0.05095119942350375,0.5874446043561397,0.049020208036066354
2641,0.03574860872027756,-0.3156806154023404,0.027936523627892482,0.027858363312074638,0.38017611635460724,0.05528369083001428
2642,0.6242252756275327,0.12191257591192346,0.03483905866351473,0.021499947021037462,0.5732580650626767,0.03582327713337445
2643,-0.045592538996741636,-0.09961307382460317,0.030424262460056632,0.02981466869911964,0.37661208377210564,0.05808678292020876
2644,-0.08610350302442096,-0.012448797636842703,0.07011158515802439,0.04633162130289331,0.6999657926831242,0.049664917699885056
2645,0.0031483784161199435,-0.13773164433868865,0.07679294562139137,0.09230088375245664,0.23276346412776133,0.21620747512464336
2646,-0.26021197894643844,-0.24070009983281465,0.024068986395760106,0.018163515118534108,0.29768556610984415,0.04838117009694709
2647,-0.07137768581270579,-0.025702043938719762,0.0795216452695737,0.08339273501905671,0.42966236605207614,0.049295601570514935
2648,-0.10258339827798674,0.6882496078806303,0.07989214380590905,0.0891301538657584,0.2451257720677648,0.12697809394518514
2649,-0.03574379166179798,0.052204780484559704,0.1231001343334542,0.12216638775263777,0.533104105439423,0.0862706381172345
2650,-0.0441822456801371,0.08365674773835147,0.04551634009907645,0.046650041928908016,0.27156441454753877,0.07891203232047381
2651,0.003383029393466421,-0.10882536631651346,0.06033820232672182,0.04813631789241083,1.1151350799034638,0.05552963979087146
2652,-0.01396377892209501,0.4085198006410963,0.1453475609797344,0.16995635558919353,0.3952003193719835,0.0764504533811202
2653,0.05890973036661685,0.260331592590957,0.10949811910481137,0.13458673384225533,0.8431607568521924,0.035980370798075374
2654,0.393899619656235,0.31527122709963257,0.0862307031421324,0.07664189247168456,0.5777797045293774,0.053978581441592156
2655,-0.2542302525708525,0.42722631627254576,0.05696719598054937,0.05680638976419309,0.7997011584403718,0.03996859978169798
2656,-0.08731901540939199,0.012838040046502337,0.0810177564216935,0.05985674805827373,1.0989203931271796,0.06543439672987382
2657,-0.7231472854209364,0.14229185543872191,0.04788251692487009,0.04035986834753539,0.6008041605716317,0.04247486259048143
2658,0.0871533637759937,0.11495698473561912,0.10763613645234915,0.11010417855175075,0.41801857369088335,0.05828678997847433
2659,0.08830390583381456,0.13701159362905627,0.10744615867294789,0.10841729080204349,0.7747406635306626,0.0431249291895477
2660,0.012193847166308436,-0.14509044479590405,0.11730500435901113,0.142323549781996,0.4380084019539881,0.08150879407346757
2661,-0.14712186408785993,-0.18715533815004284,0.1291766768772806,0.1329735823145067,1.0674965528379037,0.049126506043689525
2662,0.5077038141392467,0.2736362569197139,0.14594297381522608,0.12315530413086889,0.4372208825313214,0.05960429101968241
2663,0.048750938823322265,-0.2800412055585936,0.059897069090160175,0.05107896972898432,0.9469401218331659,0.04110923057141238
2664,-0.14389632718633727,0.08453721790824868,0.08457418181773403,0.06729072289078093,0.7861275714504771,0.05057882140646903
2665,-0.016404868279872586,-0.05173874789546741,0.033749916329714726,0.02598548746192366,0.636667964515078,0.05655313411947738
2666,-0.3520422316916839,0.5070638103491043,0.09996778292751575,0.10829581451882442,0.6411142062293271,0.04311686545956517
2667,-0.1921481410910844,-0.20525898649285368,0.06032299594743517,0.04913694334552775,0.9122378957408341,0.04618669553408915
2668,-0.06216010615008625,0.08930070673889841,0.10830550401182504,0.09862285607865574,1.1648984908742492,0.04948485178971257
2669,0.4916203311351058,0.3825940237133842,0.1283945797776584,0.124964152715367,0.29611109560340126,0.07720559785831116
2670,0.11612297295657252,0.15240578190452886,0.0489160146353927,0.03922618253200644,0.7219226764498687,0.04239965420596444
2671,-0.025654338341100334,-0.23400396377614752,0.22474749364492766,0.2552377546910233,0.4440788646059771,0.06434982906089026
2672,0.018778653556402628,-0.15306145268231638,0.04201942467822688,0.03465232763909827,0.6470665442927049,0.06016536248164249
2673,-0.1475513503470206,0.01101620221627979,0.06177384922970439,0.044098353729576455,0.5611588885898993,0.04107572535901921
2674,0.4708401297267238,-0.4586544959219888,0.15804780425194442,0.1647808424810348,1.297918526375244,0.0895954737094363
2675,-0.03491619049801081,0.14742183484695784,0.05839937996503129,0.07152273372680142,0.3496211173987626,0.08376637111438529
2676,0.19754488587403432,-0.10694668890189973,0.10933016933947827,0.08984522615535626,0.12039510191345332,0.06994319740420371
2677,-0.034264337749068195,-0.15964221726244265,0.10789517597775553,0.10179901214672249,1.4067913980758915,0.07634280322299028
2678,-0.1697386682617772,-0.029152324708151225,0.054380705324802325,0.03866992800125667,0.40317364402852207,0.04713410530306225
2679,-0.20629387933440746,-0.042028565685627274,0.14293819305716787,0.10007313845370219,1.0047817338850842,0.085710575106037
2680,0.018354245448528442,0.011311846617627132,0.048711487573149304,0.039774675752806535,0.9480129306290124,0.051257634265260296
2681,-0.055192418647763364,0.3028922185723543,0.06469776698272221,0.06092038417261126,0.9560536077425855,0.042060183731783905
2682,-0.014426265053211028,0.008275292099508275,0.14124826227329446,0.15956046600204035,1.0638861083250097,0.08072755557462404
2683,-0.09400099713397632,0.026770505633529347,0.05268511678100008,0.03458457462181381,0.7785692504393291,0.03768849979366836
2684,-0.13861147976948351,0.21062734624754162,0.09838269892522943,0.0804332131587332,1.2694486129067384,0.07245913544049476
2685,-0.18047066229746297,0.026536279552785647,0.15161797250772985,0.10166770148352629,1.2545377710217562,0.11313486623500782
2686,-0.48513282685770026,0.03593948372104723,0.048114026321030186,0.041147615035976234,0.4205708785561653,0.07777374649758298
2687,-0.11506754619914256,0.10451335771236554,0.04831246552108955,0.041811315485259105,0.3781686440442323,0.06836246100451535
2688,0.02695467707804938,-0.052493776684334095,0.06418893459718289,0.05415744990749746,0.3967262745486067,0.0645461548521823
2689,-0.4954122385905099,0.16051835394877317,0.047867846467189036,0.03366643693205416,0.636628584937058,0.04027140250398094
2690,-0.029150451716813283,0.008409263590314903,0.09405626732522522,0.1004207304417234,1.2172438974177742,0.18013327009232064
2691,0.21175008894334815,-0.00901045091443498,0.12639822579877635,0.08228055530445393,0.3001271207655081,0.1013421639804161
2692,0.07551404946260129,0.08045765085408789,0.031016829470407428,0.025078090663955218,0.4070647001188474,0.055871029683049946
2693,-0.02973059597102391,-0.0282331532149233,0.05272738287498836,0.04246330974125052,0.6345019651422934,0.05277771702602818
2694,0.13715106836128926,-0.058435895360919324,0.1529038776186672,0.12639520256021192,0.6043583120919245,0.05704107173368111
2695,-0.06813075067640395,-0.06488339117717273,0.035001413818413075,0.021915745043883224,0.5979020121619786,0.03540237116519732
2696,-0.27785830334031897,0.3615652452777874,0.12642061296540388,0.10069197558381449,1.357233435053614,0.07354511203839852
2697,0.05668502133969548,-0.0642801253204664,0.15259879015607486,0.14660253164520373,0.29665694437803936,0.0755614309465341
2698,0.13707663074380264,0.24382467095244864,0.07401014687072141,0.07373259804370653,0.4457914787471162,0.059126438383735054
2699,0.8260088834861806,-0.2288796513336534,0.07160256377408103,0.07719790102445347,0.815308331609281,0.04230438528818269
2700,0.06689765291139677,0.13151179056430456,0.0396692289761544,0.03899152646897226,0.5127103842169276,0.04274049521306553
2701,0.020753678994171684,0.5782889636369066,0.14535275557960287,0.15226585450441196,0.22383480759625923,0.0870478487438355
2702,0.01469087784099946,-0.23692018053274733,0.06928749159398191,0.07217579489290867,0.6674372115844791,0.09777927860392978
2703,-0.03192024803093192,0.010562699241218715,0.15831915177303962,0.16577323787722337,0.49816259933249263,0.09726156405366727
2704,0.10227218474761654,-0.18263728920738664,0.09914559965005157,0.08736992408649966,1.233675891679947,0.11351488366615417
2705,0.36825737075482895,-0.7045585927888764,0.045561455059343586,0.04495761188242176,0.43297053404486463,0.06262017056995144
2706,0.39048142142403525,0.37013987070589394,0.037769573977531536,0.03322719561418288,0.42470274747214365,0.03682107779601224
2707,0.12616675147732237,-0.14454836161889215,0.04405697555704633,0.02679190295784467,0.8697201984532652,0.04699653028388795
2708,-0.03295965686363824,-0.039657180583502295,0.05811171081836451,0.06568142894421976,0.3571998595496625,0.07627123422396835
2709,-0.010346244857978304,-0.04026460577967875,0.06209991653709548,0.06882094177451249,0.16743471874575977,0.10614065916261646
2710,-0.38998762961153904,0.17283057462438045,0.03283393331216218,0.020433203525663468,0.5131588330029019,0.03537603300618462
2711,-0.39358447845495403,0.2717376643661819,0.1408302998785442,0.1369352113067962,0.14403594365248346,0.09272412970201797
2712,-0.09280894168638475,-0.0355664412741084,0.06870530467961841,0.05794443906886442,0.22033901845120285,0.08051251195735272
2713,-0.08722474130661713,0.1345883900733444,0.12371889027325045,0.12234758794511341,1.1431269943460365,0.04770655749729794
2714,0.039407585383664026,-0.0864362020607051,0.06084704370283708,0.06666461927086435,0.9373976346949774,0.04977636835681925
2715,-0.026355752803425617,-0.6702486906810208,0.04209476537704582,0.04056812858538566,0.48123755402994195,0.055866886325168515
2716,-0.008941563839964957,-0.024662320490875415,0.0757940154119236,0.07476890713901053,0.8298943907036723,0.048935374595086664
2717,0.04052003653698519,-0.00046519911440477506,0.11337036082018206,0.10488993853556765,1.537619203804321,0.15760169327566675
2718,-0.12359399645764607,-0.020685725855131988,0.08410319414565018,0.06876872311139998,1.0106621839592371,0.040069437503574036
2719,-0.13521019575006735,-0.49307570119915123,0.14010365261887553,0.15509758644418187,0.7389464834204652,0.04551999252178706
2720,-0.04391718472455091,-0.3707053933454872,0.1424907953024369,0.17232170129391958,0.4727767064882733,0.11863962426347954
2721,-0.021761957433178727,-0.11081004641116331,0.06188739125020896,0.07022624916607115,0.3444232354877515,0.0877527583382534
2722,-0.16043121398464197,-0.587588562251815,0.03514351602409782,0.037477754980603975,0.41064001388514987,0.04834705199494974
2723,0.0465216122950009,-0.2961599604283883,0.10701126483928518,0.12244481273567136,1.1990880107065358,0.08740204899092767
2724,0.014993681128523123,0.03346794828377679,0.033582075480945356,0.03155316739098203,0.3871946416364135,0.07325581022193038
2725,0.3027029280366747,-0.4568649445532353,0.1631558255479302,0.16987987182016442,0.6631034079461594,0.0424325071940628
2726,0.018184649791695828,0.0066229649618451385,0.052171857203100844,0.045904801289185525,0.9338491254165555,0.04189667020504204
2727,-0.06172395689375045,0.19685320366594036,0.048259370873374875,0.057054783475415115,0.40806976975654,0.1196224961678881
2728,-0.09547686331253073,0.4929252291134471,0.05650588780133914,0.05396695835466618,0.9040506645910303,0.04742234990646489
2729,-0.07351748875241798,-0.09169731197539506,0.14592131758091245,0.1384560003703598,1.3105359893171717,0.09514603191751406
2730,0.11880520111927077,-0.44186370092724137,0.06718211352848258,0.08617843459625787,0.43521103081435925,0.07340382492574736
2731,-0.042685944303047604,-0.01752154678174356,0.061974404549323306,0.03918553882303572,1.141073994686024,0.05353486686605848
2732,-0.03280706555893663,0.03384313354009466,0.09548795052309814,0.09119739957680513,0.961156809702149,0.04028984695464461
2733,-0.039581648426630776,0.005885455249209139,0.07262502496265602,0.060623177882946126,0.7728658154535312,0.04074655793866865
2734,-0.014426265053211028,0.008275292099508275,0.14124826227329446,0.15956046600204035,1.0638861083250097,0.08072755557462404
2735,-0.09831015206812366,0.04346750528335759,0.10736369042661194,0.08394268082070158,0.8861871318462948,0.04159580756149027
2736,0.043397720077215096,0.4972412396239611,0.08586561977341349,0.07879902426967038,0.9223944175606511,0.0419320228365548
2737,-0.5446968054614515,0.12463371688156534,0.06331202538190307,0.06391750746487655,0.19889001790551813,0.07488562414904477
2738,-0.09706723440667785,0.009016835227947736,0.09055954230695258,0.09105034875266894,0.24267327710061265,0.20190303099228474
2739,0.5819391143269695,0.36123057766584143,0.03610413059961465,0.029685609983928364,0.4415947629744812,0.051660351351632126
2740,-0.03280784023655696,0.4509114168286138,0.11359059700672003,0.16492699441405378,0.6422150752045963,0.044336938310025324
2741,0.13648334894169517,-0.7423196673219236,0.07568380179071447,0.078313878209002,0.408860518993021,0.06807231589231567
2742,0.3261764876377992,0.10486416269489274,0.044640248348630875,0.034829092721769934,0.4111820688335412,0.05447418229328784
2743,0.008586357936581373,-0.03575918291673768,0.12324644549508644,0.11555505681781436,1.7894592662016442,0.2856074649317071
2744,0.1406960337447119,0.2914221237459887,0.09591979784788998,0.13216907591514424,0.4036321970921709,0.05899496008609122
2745,-0.17958281529376216,0.02930636446800542,0.10585803689538827,0.08468005698685938,0.6254262379137306,0.10809334010375017
2746,0.015281229984247234,0.17051094226431773,0.07905360144745203,0.09312335629729529,0.3857034770339143,0.1386407118853667
2747,0.8421409402193238,0.024221576864329797,0.02926974924418768,0.0320304246969589,0.49489878522831504,0.060284469545473764
2748,-0.05681161683515839,0.32185417021705875,0.0838439791884682,0.07927446493829711,1.3588891259236042,0.08611079465801696
2749,-0.06598558350575703,-0.10281378384809915,0.173548972658306,0.16324399363606198,0.32918791731213576,0.08594109584095647
2750,-0.30976927131669524,0.15009655893336674,0.052801415541435665,0.03663064548500716,0.5543550851730473,0.06408322429168156
2751,0.2592588032046561,0.38406953880319206,0.12895450037477219,0.1332344611305612,0.5085020359299735,0.06858288009615796
2752,0.25604440326194006,-0.06894588863663191,0.17581508335402565,0.11949870860467322,0.3914144170598689,0.06461941825341681
2753,-0.025654338341100334,-0.23400396377614752,0.22474749364492766,0.2552377546910233,0.4440788646059771,0.06434982906089026
2754,-0.43313657643246056,-0.49321285114529945,0.05886545111504608,0.06008622520143708,0.6124140110543506,0.06670799149270731
2755,-0.09024518448430376,-0.29625341108453024,0.06303035590121667,0.05446220012069952,0.7263456878928746,0.05376047063630351
2756,-0.0337337120176219,-0.1755697826583681,0.15589447971028342,0.1690608382472045,0.6740052387635147,0.05548097701959256
2757,0.4257778522138459,0.5467414815181206,0.08866038920915177,0.08287660301985551,0.2304573891443541,0.06939032282029574
2758,0.22713601118852048,0.40066759554901094,0.09908293387369553,0.11712669067499588,0.25408475709912126,0.09702467590094682
2759,0.004392010936690787,-0.004055545849138935,0.03356486055417608,0.02537838787798522,0.5861425169092269,0.09228067653680264
2760,-0.049826119347405246,-0.04243437771577746,0.06084525652093944,0.046777584527754996,0.8166945784755908,0.04071372086140798
2761,-0.4174372281860168,-0.6760929468624927,0.035501657612459506,0.03554192640288774,0.43017618067551344,0.06653602798766488
2762,0.48713542660244796,0.3436370221418944,0.03632898610019891,0.02755974775900458,0.31991405234751363,0.07782784509054586
2763,-0.060736958445240304,-0.15563570951420067,0.14165659873223221,0.15508015951472173,0.4154680522522354,0.11180551887574705
2764,-0.03260339890070145,-0.08910050378443819,0.09904676147091163,0.12172119200228881,0.608529355196039,0.05978552421277588
2765,-0.010397959755355983,-0.004339748964838708,0.02524988702706739,0.020043911930581908,0.5283004225463465,0.03979880020468027
2766,-0.0018483019296008177,-0.08719045254774131,0.0823524635066679,0.08276062167737383,1.1282689022956092,0.05843896620087007
2767,0.022302660943043347,-0.04921427795985935,0.0884134662104593,0.08142758577913349,0.8892226343142257,0.053695261014504975
2768,-0.17008626572186433,0.08432850116581372,0.06461447092867863,0.04042850903488864,0.9695564454433748,0.04422662628745439
2769,-0.0684484307191427,0.20630512233936213,0.10423385302997977,0.11788865251187645,0.7582902392237779,0.056984643502946186
2770,-0.028682729336790853,0.07531424021003603,0.09130104780722992,0.10997792966311554,1.039618014850644,0.06298620200845795
2771,-0.06716518101054413,0.13207259745533295,0.08155450994294791,0.07716205237347631,0.9161515991607316,0.041844923770037
2772,-0.011863735255714197,0.003196281262433787,0.06930678652192629,0.07009035011577248,0.44752367557812095,0.11278536070892649
2773,-0.002449173193933155,0.005453584075527684,0.04336682755506457,0.03854450720913373,0.4304384877612989,0.06307005204948556
2774,-0.15876840526590055,0.22697617240324872,0.15726652319178425,0.16798164065532767,1.8285746876408717,0.28131741978539593
2775,0.014375301640224434,-0.027428359089503314,0.12572966116827744,0.13753605043455963,1.5037375396632922,0.2160404492224929
2776,0.47895212329762543,0.5919032050901899,0.03998364972048125,0.03777676339254742,0.2034945008482303,0.11342716707999106
2777,-0.0021974297327790153,0.014396937647760377,0.10154356538623299,0.10109007825788321,0.23977026330257223,0.10449156885090473
2778,-0.10452459472198779,0.11994713713857234,0.03749216611191646,0.02822913296782513,0.5520524694224332,0.07635473329542829
2779,0.04755013320933428,-0.08599511357671026,0.1138616178565665,0.11266987481621012,0.15983515410287807,0.10427279952427065
2780,0.22961334945060677,0.0483427655940917,0.11181825863871617,0.10255987345540821,0.15037946902153937,0.07636023978974973
2781,0.0028706182226957084,0.40162822419135386,0.06173961562637753,0.04280878040597679,1.0935720052753632,0.04595856485465837
2782,-0.28522495532057784,0.35862955223002385,0.05598153236990908,0.06578187391075398,0.22848109533144262,0.10212329574358392
2783,-0.08905311458558,0.005232387308202033,0.07441503830740416,0.05844283131985405,0.34801316795981024,0.10522327913270114
2784,-0.09201694330263378,-0.08797902835251656,0.12224391072213972,0.12709972019807936,0.9330322279773898,0.04569355383890483
2785,0.013268245743351293,-0.1457712087767417,0.12706124148840933,0.15461364502131056,0.8977588155547623,0.05060165527267562
2786,0.26176523591946377,0.1649544087081663,0.036481873856755324,0.025324225095638864,0.30034725404687446,0.05968413973387791
2787,-0.009586060315765695,-0.008711375411890088,0.036923531708781175,0.023825115537166014,0.7412985273154675,0.04180545874371309
2788,0.2975615252428846,-0.05789365857897803,0.09750391165410542,0.0679201930300204,0.7315451509102188,0.062217967530221414
2789,0.008976835975046,-0.04322997095009281,0.030721503983667502,0.023648170058639957,0.636789558402879,0.06936784037414537
2790,-0.09622614315590959,0.0578993596951283,0.22410753089600383,0.2282584950040686,0.4591146942176832,0.06941139361896505
2791,-0.36396217694821936,0.32686822786321845,0.08322347606291544,0.06786844238360763,0.9156625355834992,0.04909380473890612
2792,-0.020812867407304328,-0.01729205129445449,0.0841843359181915,0.07407362208192873,1.2040720881093485,0.14734023022355927
2793,-0.7044228543594361,0.6731933109150106,0.033922823434797675,0.03425877179748921,0.302186985712455,0.07357414676686223
2794,-0.11320459189312905,-0.022271546916190745,0.16122029363707122,0.12786678186828848,1.4562034356344313,0.2001725408190331
2795,0.007214875805960028,-0.023656652322899617,0.01886646111261953,0.013733859728880053,0.36453106739550706,0.04835937912796746
2796,-0.0544713044899901,-0.20018023256507433,0.08476479355017907,0.1058073892008945,0.7430211672675882,0.0691888021179569
2797,-0.20651392293901188,-0.07682714623197821,0.058560951917898056,0.05097529589527928,0.41227802513994627,0.05834445250609956
2798,0.10234057552385785,-0.2498582092089204,0.08845795314466903,0.09390719688669065,0.8352680388374166,0.04002102275073406
2799,-0.16674098965182102,0.16305024636848944,0.11430416453600525,0.09721484586333005,1.1346997160538779,0.03743671464278943
2800,-0.0788671039772071,-0.01744149265265834,0.06129340813800136,0.04430323507837974,0.7917903226331718,0.04299004317034781
2801,-0.004752803186031115,-0.37924625439579673,0.056319159095916935,0.04764655943647802,0.7755995298906233,0.055156221158256157
2802,-0.12569955551025194,0.13674348518518592,0.08375479519529322,0.08207960159729843,0.848545515317766,0.0396163766274812
2803,0.721561987904156,-0.3988019289439763,0.09628005325627086,0.0954195049250457,0.3272993404908711,0.08797410725385801
2804,0.6224681467278386,0.14818440662991836,0.037922496621408806,0.02319798949127602,0.33950119350599234,0.05349046944005868
2805,-0.0651761302321854,-0.053473223335074926,0.1865012564914011,0.2000584583031014,1.2964549945727208,1.0984505949016705
2806,-0.03290526945499214,0.2273582087063868,0.0643497124786386,0.07114130529513332,0.7129909763404897,0.04084238589815192
2807,-0.14012128636364057,-0.11728647265824267,0.10041937722984015,0.100890835245745,0.7113760989592119,0.03735100838126619
2808,-0.14378905472939396,-0.036996926839621684,0.07291456116586008,0.047986979857623596,1.0876197372452716,0.05510241917103911
2809,0.684609821911714,-0.189287973700341,0.04013113409505341,0.028816601766044076,0.29133582790919377,0.0833955585679339
2810,0.06026592369178745,0.006431642231050682,0.1330635410286507,0.13543284871516406,0.6984181127925476,0.052329715476010764
2811,-0.06368274592389749,0.017624009689672537,0.09632599177567358,0.11624624490055935,0.8061902325079827,0.08955092344124718
2812,0.051685147370242206,-0.08334501219356874,0.12801748179512676,0.15491944177801076,0.2089464530325843,0.17580851148546708
2813,0.0343719510828961,0.18520062271573406,0.028572540925721243,0.031700475681744,0.3205872607794954,0.056711305906880866
2814,0.15077395777127223,-0.6275977291310936,0.040921902229484164,0.04465965717979642,0.3651448698767273,0.056710646151665635
2815,-0.411521060175529,0.49861107347109085,0.06432938971016487,0.0639790894211155,0.4731488031080377,0.06078731518244543
2816,-0.034571576701266066,-0.015374675307854056,0.1026398106398493,0.096877486500941,1.7086731784974267,0.2212822114302971
2817,-0.22251534060966116,-0.7296119730698061,0.06945278940973319,0.06405587199082831,0.6276308626732782,0.04568324494067703
2818,-0.009099520220050368,-0.09579763938793126,0.07923431280267647,0.06789623698827706,1.309055966852925,0.06842487425999691
2819,-0.06239517731983758,-0.009477461864645823,0.05211377674781881,0.03251746813313821,0.7264727672876629,0.03745856485595971
2820,-0.024415063886991977,-0.08062225137868392,0.10338652424464886,0.09473489338856281,1.7418243656428312,0.2132786436377161
2821,0.001782590388521647,0.20802885699831475,0.028429665473569506,0.031181077216326354,0.41706247951637143,0.04020476705379743
2822,0.0802467291644452,0.1467575030307533,0.08763402574096452,0.07322264061450463,1.076314572413892,0.04484411880791726
2823,0.030170450073291097,0.009212013852794092,0.06010653453622474,0.04260679566985709,0.8720306552550958,0.058856390654198884
2824,-0.004492213022135178,-0.021376437473820495,0.10401684038600345,0.10199650047469758,1.2037057755292233,0.06842003047391142
2825,-0.14624767070776792,-0.016686835358974996,0.059358008843522325,0.03654354075494952,0.8161295493515671,0.04699700738738708
2826,0.11882289701441971,-0.32583689294410695,0.1029841909156616,0.10864168648019785,0.8277272120145446,0.05581946316496533
2827,-0.13179161923644836,0.06414463249746932,0.1803473904450647,0.14430307149950303,1.5760591599036082,0.26425711057245643
2828,-0.0034819483522311326,-0.09399822009997971,0.08268377989309855,0.07453210651045902,0.755015893020653,0.0564990765824671
2829,0.1601237460914956,0.056745494208050626,0.1200964666302058,0.0896275560336596,1.1465709290515518,0.05479047719094271
2830,0.014833644981168933,-0.21675248331174923,0.061523451886567423,0.06542341491841101,0.9052437101786175,0.04855990030450072
2831,-0.36155203472189706,-0.03508493859988328,0.08143854439500134,0.06614737457958413,0.4045773652411002,0.09147024404147894
2832,-0.16214860943331297,0.0007378390468651876,0.20223085852239575,0.15212142772534548,1.542152639905824,0.23516338797284858
2833,0.051561211945213625,-0.03524049397198274,0.04497634624316353,0.02825797789920702,0.6992171420248752,0.04827618138465552
2834,0.40484196252715987,0.14362297166201937,0.32681075818243954,0.24702776522701675,0.35454859117203114,0.10919238713813406
2835,0.39224650590409427,-0.26455506487973063,0.06081879773435955,0.03686919036969442,1.044469009003962,0.04309208719900259
2836,-0.021976744181349532,-0.031967397172450576,0.07792444087185105,0.07208818844435426,1.1453294595602168,0.04452828954119074
2837,-0.29416777597022614,0.43756000442650267,0.12055761923590695,0.1315710876051734,0.40653626114818625,0.08960689140456349
2838,0.008046374447070478,0.14927528786950717,0.09171994192766166,0.10288464614954812,0.9260816782510749,0.0461221476031255
2839,0.7059544067197708,0.07666759809445493,0.06318690364066812,0.04675970628108305,0.9565568394679037,0.054712321979613204
2840,-0.021309377628481868,0.020237472374214416,0.07975730154589909,0.063726064990908,1.2033722323374731,0.09248553454021975
2841,-0.38435390816836656,-0.16836189702734866,0.08345603378403493,0.060069451862141195,0.6801838747407569,0.05258707500728397
2842,0.11178653358248129,0.47257120793282714,0.042012490300783224,0.04360769284792636,0.1945340337231003,0.0924930893309952
2843,-0.27809473079139546,-0.37798618788114224,0.04971940691329121,0.043567684361968534,0.9123646295230494,0.04406206800702272
2844,-0.030769252759989325,-0.02414857982725882,0.07434897486426725,0.08001857943384369,0.586237442693646,0.055939113269472165
2845,-0.14752465175266935,-0.0014275033003505692,0.14045433346288896,0.11352707103422621,1.1182888069715247,0.06310097674401925
2846,0.04958752910659117,-0.10971852672189437,0.023918427127457245,0.016117058022644782,0.5610857897245769,0.03247748063342889
2847,-0.5524273798814415,0.08828654043076285,0.14602593449252918,0.11770791437019891,0.5900696206982908,0.050932771959626685
2848,-0.03373261087240359,0.02423575453455517,0.038271594644105164,0.02787029319813594,0.6753896094742556,0.04101281482924589
2849,0.054600898119908356,-0.5496615635784478,0.03589904795153728,0.03725002819577252,0.4379951004851027,0.06768718879950324
2850,0.26370974688304527,0.5789518676384203,0.10387582536095279,0.09714745539338127,0.5850747588122172,0.06016182632874017
2851,0.05668502133969548,-0.0642801253204664,0.15259879015607486,0.14660253164520373,0.29665694437803936,0.0755614309465341
2852,0.038577790814776636,-0.408642343894929,0.10735858751923537,0.11730708854634687,0.9067916928992814,0.04905819359423786
2853,-0.06796371573960584,0.1427012500637571,0.06578327222181381,0.05561162986698794,0.7591707984372683,0.04788403808485596
2854,-0.17558911853881262,-0.6683873308350035,0.05165901011984498,0.04268639198281665,0.6095208131787183,0.0795393158018539
2855,0.021738084059640672,-0.006222580790496664,0.04542790239481573,0.03584508646707697,0.7282042776200525,0.03945510615499934
2856,0.17267325468830105,-0.07691957926058668,0.0832774394160522,0.054876415437185015,1.1064429860249476,0.055088174363149056
2857,0.021117514915365277,-0.02515266501085546,0.08830926111776452,0.07672190422090176,1.1879575012570174,0.12117810018212771
2858,0.01492000425114118,-0.018814279726455736,0.023458488396271144,0.018289103825884206,0.43020751580236677,0.03253894747201232
2859,-0.29253757258374397,-0.07814695630594932,0.24081555392604834,0.189123470416824,0.8691846832000956,0.04713708283286458
2860,0.05561239241424423,0.04953618267787406,0.09521116913271478,0.09034651031986138,1.1229258360828982,0.10214063021649
2861,0.3047219824943297,0.20428029465315012,0.11790300569115313,0.07468101362719519,1.0738222327563636,0.05081635959064948
2862,-0.015748348445588166,0.6398174018249764,0.10333725932204711,0.1098244198416431,0.44361853382295097,0.1011623133031832
2863,-0.03451513969587024,0.037375754225506326,0.02937021564917613,0.021717480737620875,0.5709300098424835,0.03798759205404045
2864,-0.1804728129298779,-0.06278620754341947,0.1963112335806794,0.1711550444202493,1.168096994028998,0.0706274050728461
2865,0.10022391363924878,-0.05860276704392105,0.09543670851323816,0.0792960625305279,0.4149609347669898,0.06376547381926127
2866,-0.08588452830189287,-0.016563346758419646,0.04401939230862985,0.03291878100852617,0.18174350469259015,0.10724339918968195
2867,-0.07902630568532847,-0.009529947865627934,0.29231670411580324,0.28924343913418527,0.3593434853733057,0.27107620419010436
2868,-0.17211727531955517,0.22900170138337914,0.15793731277307738,0.16589547777703553,0.6310213079666332,0.08647269577948766
2869,-0.01737196254942719,-0.030520424614712827,0.11111875896864544,0.10997901773123177,1.3598128413451605,0.11105184457051132
2870,-0.04436002533787944,-0.0070082070671785715,0.11219656479501372,0.09233652673665067,1.5714479449763685,0.2237284651465181
2871,-0.05637967078808385,0.14188734977315226,0.01957802343812017,0.01639795168955025,0.3853962058937974,0.044436393246088314
2872,0.02399350361708509,0.031000110406280548,0.07704739539869868,0.06368072774671181,0.8376563573444527,0.048343740034192804
2873,-0.0038300295216908012,0.06096427215028549,0.07594380992865808,0.07913606177246331,0.3286490813311734,0.12707046302052583
2874,-0.02381354080975548,-0.01568941844348069,0.04458393281792577,0.04617065268786553,0.682795603743043,0.03343062861935389
2875,0.45198113002765455,-0.3547374807560808,0.03493187440520526,0.025353119844730296,0.7057733516341435,0.04424999212265327
2876,-0.008885574927847353,-0.017256907725145085,0.04777404402700439,0.04537416857713609,0.7579479582858191,0.03767000337593632
2877,-0.023891509388288698,-0.02857662366144647,0.07132915257756418,0.05877667107397593,1.283365461034841,0.13807183246680094
2878,-0.040999088058685,0.056248588147425976,0.044979035392489146,0.04372760471202053,0.34839644524498176,0.11751002293953611
2879,0.31915054423517925,0.6130921144407733,0.06531591746953357,0.04500150241206041,1.0598132171505041,0.06613469637039614
2880,-0.1330313810285312,-0.09760977706163765,0.1092130223437038,0.08748513094484967,0.897867085109167,0.05150605360032364
2881,0.5667288870211049,0.5367456323252846,0.0992608527039681,0.08676288419502845,0.4340208711073047,0.0656870097093698
2882,-0.023448759860004373,-0.0057863568198201236,0.08798263634134652,0.07355858865794987,1.2120270864221538,0.07133232083591966
2883,-0.5156084255265875,-0.248383883089634,0.05418913237365026,0.04743297870740056,0.19229182366454006,0.10384430573014643
2884,0.02263234497026652,-0.47727816433258624,0.08117625525404194,0.09169355396807904,0.7277517728003551,0.035474525177450415
2885,-0.029536595776010865,0.015100224490833746,0.05665702224449204,0.05235260282622488,0.6652458074485579,0.03954826399693276
2886,-0.26184369422952697,0.315877410221783,0.09789175945853366,0.1014383443622129,0.5872941159082026,0.05472295879330095
2887,0.1365113634337626,-0.3574248664199909,0.1517971935235181,0.16627410001491735,0.20380234790375445,0.15996524810318136
2888,0.12409287677618276,-0.0570656645911219,0.06042770007612057,0.048310618168537975,0.632551275116809,0.04548153253264315
2889,0.2992453038689845,-0.127471583604265,0.06769114745242272,0.044193494372457405,0.6955693855402594,0.0397576196582242
2890,0.0490709019279483,0.18384193033702015,0.05612256125439241,0.03731092037947648,1.031062421037101,0.07027634863255362
2891,0.09711959235012883,0.2885682550367999,0.16606164148112318,0.18809603073728498,0.9500823161860931,0.0894715392570852
2892,-0.4977212843528979,0.18952936554823674,0.056282714098727274,0.03937924936333745,0.81769961617498,0.036845308789273314
2893,0.19342101315717516,-0.25088592204687155,0.03163093428062238,0.029095356765870578,0.4044170204818232,0.05847830838340259
2894,0.07935209659143866,0.055810654185844216,0.12366213950312394,0.11118713178751163,1.0474708285642795,0.051270592547730136
2895,-0.007943205646249734,0.007523817956073231,0.060199962680919414,0.05367691511350046,1.039624339676253,0.06331258214445545
2896,-0.04350348211937524,0.012561825612391235,0.05619612630212871,0.0533982648538215,0.2744468098198907,0.08061883036109431
2897,-0.15521953334381428,0.10233946237454773,0.08716852884417699,0.0707715436457112,0.9580590826088187,0.03597161245795147
2898,0.1083266095343399,0.0906611487666611,0.08113638567876329,0.06274107334470476,0.8591259167364301,0.04866429487859062
2899,-0.12722920999284104,0.22617028404401052,0.08015399879238606,0.0957854075277071,0.28067673414136646,0.08361185176214365
2900,-0.737326093289614,-0.4157047905241517,0.060703799779964304,0.057740666008594156,0.2415009254105679,0.143907344839898
2901,-0.03979817292230231,-0.008590525009430076,0.06576291081318608,0.05381313469573467,0.960113044736295,0.03871505444954017
2902,0.05885277349081061,0.2118285635557199,0.16814841012490336,0.1683076943857096,1.6981522509594558,0.3030808501305204
2903,-0.0471946814600758,-0.06867009326926712,0.0947819966149515,0.10478002591717996,1.1307603616565554,0.05449762894162362
2904,-0.01466631416254364,0.007347053049496193,0.08878484425603811,0.08210600240127107,1.377607026833727,0.13352310699699443
2905,-0.043630700258419884,-0.1713182130375757,0.0629629751094736,0.059386755980098585,0.6515690417980291,0.045386268280023026
2906,-0.0012813231317284305,-0.012258216807040409,0.016673595812051304,0.011807502352993566,0.3667197156526928,0.04284914681685129
2907,-0.0013212409417527945,0.007342013200194538,0.020418027268070685,0.01619260874527642,0.38743210379398646,0.0440043978207466
2908,0.04701338949033625,0.03460560589009275,0.0820175018539261,0.10238563711640972,0.6103814163162051,0.06013462387520069
2909,-0.29582060423249373,-0.7091086898530826,0.03025814070372061,0.029390310105550505,0.2964681695415485,0.08982720440187739
2910,-0.03886574586403227,-0.03178200925789442,0.06445633374018614,0.06930885029500822,0.47129658118808404,0.06862244469898962
2911,-0.2605758737232566,-0.15509313776923958,0.08029965365786729,0.07719209158674041,0.13319708933821467,0.07120492564435875
2912,-0.473398329218731,-0.20997418217718927,0.15707720246074028,0.1026171855499839,1.2447695459324555,0.14571773173246264
2913,-0.012817958638097662,-0.07682878145392463,0.07109762082339283,0.07269703853711196,0.5443238600634839,0.10697430028058368
2914,-0.3527886192940569,-0.25980310566209847,0.04434905736761752,0.04025152043127614,0.3123412299186106,0.07655875877422923
2915,-0.6127452048498776,0.12895805315604206,0.06468630390501852,0.04873124304508226,0.7348633701096089,0.04341692242675771
2916,-0.004740297402145992,0.014692434070004564,0.05022354712836106,0.03344225861796377,1.183843417389652,0.0698160654401424
2917,-0.008784195538607065,-0.017000850784616172,0.04395044934862956,0.038698055918441956,0.9873154577158049,0.04410579871309543
2918,0.16324934743974312,-0.485140405357981,0.10746318609736227,0.10263171941070783,0.9030602152085192,0.046740945263351666
2919,-0.7690335657529278,-0.19313174203880035,0.03592705675359091,0.03765022293904131,0.2896893043144939,0.1098230754467473
2920,-0.01123271789756483,-0.1283799021167782,0.11159484340383898,0.10799071405210281,1.0069538711913963,0.08105838106920178
2921,0.003923514979064347,-0.005493764259789088,0.029954621498478697,0.02086088951837465,0.6211522926497891,0.04733273337967705
2922,0.21769945972449867,-0.6289533552280151,0.04140532323209517,0.042869311272533565,0.6111255211748804,0.04186386049344277
2923,-0.006942075972742213,0.20600972497309633,0.09352124417809499,0.12056191529902735,0.6400802632507073,0.04709958329731883
2924,-0.1559301045368913,-0.750677257705886,0.03708121319162033,0.03398194115444842,0.36620290357417307,0.07187055196972866
2925,0.10581478006235091,-0.02366762351113701,0.15048307184420712,0.1318365769390701,1.3900254873780165,0.09172303705573083
2926,-0.014769696336840063,0.019147074604046355,0.0764022443079876,0.06009688544693724,1.21779778871781,0.09015784636068502
2927,0.04896924177392549,-0.005172776193316605,0.13388560001764577,0.10473201398797904,1.7793044774718847,0.30220503245216535
2928,-0.5813199537647018,0.08811613897617154,0.07090001366740976,0.06042554177908062,0.5898515245542054,0.049837802063873046
2929,-0.08609513678468063,-0.31975979704667645,0.13697268625568626,0.16140315313382772,0.5014174771798491,0.06589114985419464
2930,-0.21885844441658073,-0.17486390393515516,0.029835488986111512,0.018039763484882936,0.5620181668866548,0.03245328716477993
2931,-0.017511054651551027,-0.00814837074043247,0.08792741057443407,0.08673087823634808,0.6662935852467864,0.05587237244794318
2932,0.009131605885834797,0.08199084384654907,0.094812335435793,0.11349758033589333,0.5316308902295078,0.05907263152057901
2933,-0.05993652999203293,-0.01586010580786353,0.12304738180372517,0.11608625949079195,0.38580130425642345,0.07683387320412818
2934,-0.0348180672875616,-0.10411671271367062,0.0900170464838783,0.08826440430824652,1.0598837856770575,0.0855498719904257
2935,-0.012011435840384476,0.012102061368212862,0.03557839058708927,0.02429409107926836,0.8626186814440688,0.045320522823338115
2936,-0.2337401216046613,-0.19841141809778723,0.04591508264036489,0.04468526058597564,0.2675595668244373,0.08448878282405382
2937,0.02420851710354952,0.04143437021551615,0.04564283285828154,0.0491650913783429,0.31087874884048466,0.07478015982828988
2938,-0.015839450649465115,-0.03528993569806504,0.03964642636041637,0.029676673428787676,0.7597966478406559,0.05139317684537263
2939,-0.03566213823213085,-0.027818919843754248,0.03724358520149551,0.031154437924336906,0.5498698812163922,0.039707669654556424
2940,0.010896085911170198,-0.0859836692049993,0.04929034813552226,0.04426556916079697,0.6703054886286687,0.04100895959512073
2941,-0.06789077039151349,-0.013759734157501712,0.12977921405194454,0.11932486836896591,0.4404050487201166,0.055678474074561134
2942,0.20269711871104162,-0.6914407385943335,0.056827504324710634,0.059110783406994966,0.844950722183486,0.03592056788816128
2943,-0.411521060175529,0.49861107347109085,0.06432938971016487,0.0639790894211155,0.4731488031080377,0.06078731518244543
2944,0.007486098354502973,-0.007813766852208918,0.07387725700790176,0.07342716961992747,0.7444640735248902,0.08398485222235538
2945,0.11346574587980428,-0.13593572945405386,0.05836475404295293,0.03421095484807273,1.1892175174600301,0.06055313550583288
2946,0.022889899088663103,0.23294482623733206,0.1085691221061883,0.10019251882553534,1.1458865368562265,0.07943883980102923
2947,0.003660879407876616,-0.03914571240584748,0.04772183115115352,0.03730703208582332,1.1350178860195517,0.05364387763979984
2948,-0.21986860437802702,0.5331075274222786,0.022872041091372357,0.0326296344265628,0.3357820836050915,0.05113180637369736
2949,-0.14002898291365232,-0.23725574495334037,0.021003598605802067,0.018296171584687663,0.2960460541101106,0.05197483990597744
2950,-0.1467181943846803,-0.15033900912660408,0.1069375995648846,0.10552353350972905,0.9345518521620801,0.04377767982243122
2951,-0.36819953654404575,0.1549972609637275,0.059434732069417504,0.048135475622934736,0.5189176398296154,0.041424136655305095
2952,0.2370739463899436,-0.20599149387969598,0.057842543338794024,0.03049691161626858,1.181835798037865,0.06702511342839579
2953,-0.32316924939813896,0.1971813463135077,0.05705439987985686,0.038442434876143725,0.7978178846284523,0.052128843883635353
2954,0.13286067568886584,0.3940275039608336,0.057185825709647906,0.06001420645324069,0.5640711441868173,0.05320682775387619
2955,-0.14548021291289193,-0.4742248405558177,0.06169049617312626,0.059880639493053764,0.9438094230834484,0.03938090456672311
2956,0.4602199775357495,-0.17238315543121305,0.13720601051726292,0.10962995056274191,0.8513195256475946,0.0543458499358403
2957,-0.7187414358149948,0.10580520343094901,0.04640643197803266,0.03990294287982485,0.5282179374769536,0.08201047094693172
2958,0.2052641817801928,-0.32797797004128854,0.04289709780519762,0.049981409327381966,0.3899210652878223,0.06161267926996286
2959,-0.002368263408200605,-0.00023679266002057074,0.06798467150044162,0.055313414505139186,1.0876895950113894,0.09482576384510316
2960,-0.00011829074210972204,0.027694491719564153,0.07560744303493892,0.06262037374140432,0.959251915760296,0.043325650975040673
2961,0.016551096838040475,0.005345787733622402,0.09062262209436436,0.0702365900800189,1.0869305974597998,0.11906453346752723
2962,-0.022119059680510728,0.03811937635720979,0.050420280762525624,0.043773079503587074,0.6057812725976567,0.041601057120116525
2963,0.06627876336142635,-0.06102509362411785,0.10224870647633909,0.10269323034879747,0.783714315954505,0.04393735184417398
2964,0.04680271940299474,0.27186659569308635,0.11639438025797158,0.11977697124225994,1.261876954578188,0.1267240157448604
2965,0.005065857461188045,-0.03984263915090255,0.058854986637856835,0.04943292908223933,0.9166120655144084,0.05409249617276272
2966,0.01878486991101832,-0.07619311588784938,0.21459284288071068,0.22974156985076924,0.501289094254002,0.07509357519927627
2967,0.06526844295373548,-0.07390788103692911,0.09187293056824178,0.07441029327011207,1.248239162502988,0.13861481309307616
2968,-0.22658441751129726,0.007614451342872508,0.21565872735833533,0.17405992929714803,0.3482839791788332,0.11058044351782749
2969,-0.029150451716813283,0.008409263590314903,0.09405626732522522,0.1004207304417234,1.2172438974177742,0.18013327009232064
2970,0.0755754961802103,0.026701571259716797,0.01789459484454323,0.015908400323688687,0.0935179602228904,0.038370275398110845
2971,0.14468163931970882,-0.6182235395225955,0.06552772395751764,0.06616479896881682,0.5546674971898723,0.06079808316534921
2972,0.009278246515475517,-0.07218577707134569,0.09604611574918254,0.08228837006622976,1.6994866711295282,0.22976527468843738
2973,-0.23917413552051708,-0.5475509187224012,0.057620026126422454,0.04900238629157579,0.7802161702715069,0.052719984947910616
2974,0.06890565381659841,0.013459442752974697,0.13985941102141983,0.12256515902912347,1.071670768085784,0.06236409207066759
2975,0.21008741437942496,-0.2222098580631564,0.026850747686393766,0.02216011742063032,0.39966038775969115,0.03796968969341004
2976,0.16054446158824995,-0.042177295329824165,0.026113745571215628,0.016028136387615622,0.36239689552726845,0.05150771872459768
2977,0.055679420424381995,0.43250823467269556,0.13498225631866562,0.1590212470819312,0.2634218007734163,0.0900952302274925
2978,-0.14105721911482694,-0.27762349014857013,0.11700731929577368,0.1326628288805944,0.16241550643949576,0.08215750291345109
2979,-0.0506885647267978,-0.21816399875171721,0.03539936643943659,0.03749446259900703,0.42262263014482093,0.04214785366153648
2980,0.623789601151686,0.018105634960972943,0.05516684061420102,0.037750653521191876,0.6551899694480275,0.050121822801734446
2981,-0.021387597575460812,-0.24697355831339876,0.03470734874811811,0.030596495279987736,0.6225935398747781,0.04221103440501395
2982,0.43511724014488573,-0.3863619280267647,0.06675918119384662,0.06810604403245461,0.2888595716869296,0.07934733418843737
2983,-0.048382265210770145,-0.03264628872388971,0.07039345805138111,0.06901209460816633,0.43587606140769797,0.07109920669825733
2984,-0.0022528737653849914,-0.04124784382860367,0.09625777455118921,0.0900790253142468,1.1680006030940437,0.049816513077668385
2985,-0.16802551013348663,0.29894969858290193,0.18223148910468825,0.21698200067045495,0.3891407843681975,0.07460238488108926
2986,-0.14656706900839855,-0.5357793999017952,0.07523130655975113,0.07815983475221702,0.7972160763951976,0.03910918120882884
2987,0.02387165371721603,0.05751800753194179,0.043569901909959456,0.04706513860305687,0.40758400965861175,0.08066023169229662
2988,-0.08011050834378919,0.1800017318019907,0.0318692267632055,0.029424525447370148,0.5317004558951182,0.03757777581905745
2989,-0.3837267529333384,0.28004450374632706,0.06041778203429901,0.049469769970907705,0.903777799750943,0.0390438645146873
2990,-0.0005837821979625187,0.06588090339339908,0.047411480629849484,0.034274441435327284,0.9985860252988504,0.10278075923898712
2991,0.1418329315375121,-0.1800164999315303,0.1126505368092587,0.10443520292341468,1.352037190984326,0.08548382054564248
2992,-0.031757120237408544,-0.038245757260505345,0.08307247841904111,0.10326514371579851,0.3150536908265596,0.1133169854037857
2993,-0.7530149986347913,-0.2770750021341831,0.051004338089278234,0.0508606661327931,0.1289441804759494,0.06354210740227068
2994,-0.015805415108802227,-0.18159843703302805,0.03740544785254206,0.027274511414249525,0.6432234360468466,0.039435317641685556
2995,0.06959248217890851,-0.0670696511064371,0.11775479636594613,0.10316334632354088,0.415059351511665,0.06750879478823946
2996,-0.5438875074192314,0.6530392465010004,0.07346513212513377,0.07151115667591339,0.8601487893585031,0.04702620296343738
2997,0.0842342284018535,-0.03672699069951812,0.04965432473025693,0.04593281376150381,0.44831508756715754,0.06764363131606269
2998,-0.39490612705555517,-0.6845957028137425,0.04591925115674784,0.04144545730141272,0.13732925569405163,0.09798385969104259
2999,0.022382273877430754,-0.005033371947294436,0.046400851043641236,0.034720424461329905,0.9494152453257337,0.039739578481437575
