,e1_out_mean,e2_out_mean,e1_out_std,e2_out_std
0,-0.08742477,0.24235116,0.06311961,0.055589423
1,0.5962391,-0.19202025,0.0562508,0.042844336
2,0.64948416,-0.23923902,0.10594245,0.088238515
3,0.058608904,0.093673214,0.123342946,0.12373486
4,-0.05229695,0.03708141,0.06967497,0.07104344
5,0.4127188,-0.023668814,0.08253775,0.069353744
6,0.066403516,-0.1062496,0.16861199,0.14936528
7,-0.23180453,-0.12818238,0.11016748,0.100680396
8,0.06449604,-0.13548744,0.039171644,0.037066914
9,-0.11580535,-0.2822972,0.10977522,0.1027249
10,0.08161444,-0.1330339,0.08194495,0.08183261
11,-0.5041867,-0.08564852,0.050809555,0.041919865
12,-0.2735257,0.533775,0.071490675,0.080113985
13,-0.05332405,-0.17046477,0.11023155,0.098966256
14,0.14165974,0.27048036,0.045509752,0.04339557
15,0.10537249,0.46275118,0.14236295,0.14974841
16,0.12881021,-0.014701874,0.097897105,0.10722374
17,0.2596862,0.32663912,0.05985432,0.05903184
18,-0.31305924,-1.0146112,0.055672426,0.10446843
19,-0.1934116,-0.04615859,0.17665546,0.16306381
20,0.111142956,0.021007534,0.118527725,0.112196214
21,-0.041366383,0.09827757,0.1812657,0.21099742
22,0.037435926,0.10833775,0.081269145,0.06855706
23,-0.38873807,0.24464898,0.23217674,0.23269823
24,-0.3138041,0.23849489,0.21074599,0.20679513
25,0.025057912,-0.14004333,0.04864082,0.049147222
26,-0.0106687015,0.059648585,0.044051826,0.037636414
27,-0.039600097,-0.06370126,0.13389497,0.13209935
28,0.17660278,-0.14855628,0.07214428,0.06673778
29,0.31938142,0.073312104,0.10559145,0.099042624
30,-0.15462448,-0.07287284,0.11424225,0.116100356
31,0.13405088,0.13280623,0.07226217,0.065541685
32,0.13883749,0.3089997,0.14538077,0.14508508
33,-0.9414008,0.1625296,0.0922441,0.06987344
34,-0.00011805352,0.15035163,0.07540524,0.05676902
35,-0.28978047,-0.75145566,0.14470783,0.1477786
36,0.27246916,0.09004304,0.1391538,0.117422916
37,0.45640123,-0.6110863,0.059906982,0.06918053
38,-0.13975964,-0.05070394,0.041812915,0.03610172
39,0.1642582,0.11747573,0.09190596,0.09158337
40,0.16950293,0.1863609,0.04052257,0.03777199
41,0.3144771,-0.22480917,0.15661453,0.11345173
42,0.33505604,0.04943144,0.08231501,0.06736299
43,0.5728766,-0.21530943,0.07806963,0.048328467
44,-0.12315719,-0.03425767,0.067131,0.05349214
45,0.19462794,-0.2141351,0.21769588,0.23239587
46,-0.016104005,-0.2362658,0.044647332,0.03948105
47,0.103915736,0.049144108,0.07550008,0.055080812
48,0.44842383,-0.27649534,0.084598914,0.0626709
49,0.12642334,-0.058348935,0.20364796,0.19089083
50,-0.33495438,-0.028820228,0.13948731,0.11708347
51,0.10067725,-0.12596415,0.10391037,0.10373305
52,0.30884615,-0.28178322,0.04241239,0.033492204
53,-0.3555704,-0.28920892,0.17388824,0.13815041
54,0.003989448,0.14122449,0.08098522,0.07540706
55,0.0008780034,-0.04415283,0.05160815,0.048996035
56,0.17141296,-0.28203455,0.04364062,0.034132417
57,-0.25408655,0.26354647,0.3006022,0.32368937
58,-0.17698802,0.19825138,0.17754371,0.16038592
59,0.3507641,0.04292113,0.052036688,0.03692315
60,-0.23420323,-0.11339465,0.074226715,0.055812363
61,-0.020552412,-0.4269094,0.08266946,0.09245927
62,0.0613596,0.07630024,0.05783914,0.053344768
63,0.5486086,0.014120887,0.18228857,0.1714716
64,0.26763946,0.3368748,0.15452309,0.15671757
65,-0.20797336,-0.08716436,0.23520337,0.1862785
66,0.31127858,-0.3351355,0.19703314,0.19276802
67,0.20627038,0.20575462,0.16306192,0.1458131
68,0.8034222,-0.41359767,0.18429592,0.13989241
69,0.10494217,-0.0033469396,0.068851285,0.0698841
70,-0.745387,-0.08710883,0.15481856,0.11948368
71,-0.47108772,0.52737844,0.09438169,0.08527446
72,-0.15587345,-0.05970374,0.1415748,0.114753574
73,0.24081458,0.22346815,0.094407186,0.07231791
74,0.49472407,-0.45940918,0.06887031,0.059449114
75,0.61415744,-0.86708987,0.071117476,0.10258238
76,-0.038389444,-0.25689757,0.05221038,0.042420525
77,0.08179007,-0.75320816,0.057688028,0.067842364
78,-0.035120253,-0.045662496,0.075769104,0.061736785
79,-0.019334324,-0.039313313,0.076667055,0.0772654
80,-0.17208853,0.107772715,0.03597072,0.037790854
81,-0.12678422,-0.037094247,0.089691155,0.08111994
82,-0.117947236,0.0110071255,0.07446421,0.058529258
83,-0.004679582,0.07173613,0.047156967,0.048882768
84,0.14180662,-0.07933852,0.049123295,0.044306584
85,0.18972674,-0.060742307,0.03895359,0.0365499
86,-0.3520058,-0.20327775,0.08696982,0.07970895
87,-0.7398217,0.008825245,0.087102264,0.064885594
88,-0.047102787,-0.04303961,0.04334033,0.035534788
89,-0.010134823,0.30957004,0.13039023,0.120005466
90,0.22190507,-0.20953238,0.3240086,0.30943054
91,0.015626311,0.16036414,0.10023879,0.10503765
92,-0.031070013,-0.03670488,0.08039446,0.07501372
93,0.102159455,-0.10130282,0.05099218,0.062481
94,0.01732789,0.039008502,0.25360414,0.26291642
95,-0.41989234,-0.49542126,0.13332818,0.13504659
96,-0.31849357,-0.439934,0.07140532,0.048447404
97,0.22914888,0.15919794,0.07143985,0.06633931
98,0.14658229,-0.0110637965,0.268842,0.22322966
99,0.15753655,0.16721632,0.110547215,0.080930024
100,-0.08364841,0.016094122,0.054734766,0.04367315
101,0.3102661,0.106562,0.085880145,0.06190545
102,-0.01084439,-0.05718097,0.09741262,0.09610752
103,0.03305836,0.092604175,0.29277688,0.28524297
104,0.008200032,-0.0059770765,0.15937637,0.15287168
105,-0.018531568,-0.04269251,0.056075327,0.05490344
106,0.14811242,0.10943179,0.10445916,0.07548728
107,0.22842781,0.010608542,0.050636414,0.04379436
108,0.09853736,0.097762965,0.13360485,0.13827696
109,-0.63738954,-0.4292757,0.09829308,0.09620493
110,-0.1969502,0.1064488,0.11168735,0.09613972
111,0.20654598,0.010527666,0.053118646,0.060047284
112,0.11922039,0.1484258,0.039933074,0.040469848
113,0.024910972,0.2756934,0.25680804,0.26265886
114,-0.14076442,0.038161945,0.12565592,0.104720436
115,0.09896877,0.13638292,0.04817322,0.04307185
116,-0.0032258248,0.041346516,0.052562773,0.04252756
117,-0.4524307,0.04215389,0.08356288,0.08315324
118,0.30435386,0.23100203,0.09116406,0.08329255
119,-0.0797901,-0.12770022,0.30044383,0.28811184
120,0.06658064,-0.06941327,0.055236418,0.04248271
121,-0.034597404,-0.00064219255,0.034712195,0.032325186
122,0.14934054,-0.024104763,0.09962316,0.08137717
123,-0.4615893,0.31732878,0.096850105,0.08079418
124,-0.09573209,-0.024460737,0.050310098,0.03983809
125,0.0025814595,-0.06788188,0.06609634,0.05925185
126,-0.13044803,0.16057207,0.1156748,0.11492901
127,0.17699847,-0.14395778,0.041471362,0.03572602
128,0.22276989,0.33731708,0.06526302,0.0632179
129,0.30673614,0.57631975,0.09506908,0.07846905
130,-0.023847647,-0.02891494,0.19259444,0.17868797
131,-0.1378506,-0.44836843,0.109252855,0.10008646
132,0.023445986,-0.06718951,0.106138885,0.122596316
133,0.023353688,-0.21676216,0.13606125,0.14550044
134,-0.09082638,0.071471214,0.06517042,0.06220726
135,-0.6721151,-0.05730555,0.15532696,0.12380041
136,-0.27201417,-0.101746306,0.15959162,0.12477712
137,0.13113216,-0.109691516,0.148715,0.15489618
138,-0.012547842,-0.30004913,0.15635704,0.15640539
139,-0.8390244,0.18124284,0.1481724,0.11083196
140,0.052951984,-0.061765205,0.04843459,0.041079618
141,0.07528778,-0.08984889,0.054802928,0.059360098
142,-0.33860022,-0.17185839,0.19727167,0.19276322
143,0.00962646,-0.12495,0.08863028,0.071555994
144,0.25865096,-0.017305765,0.16411257,0.17559525
145,0.07415689,-0.31260875,0.24189664,0.25410908
146,0.105694346,0.0824444,0.13052614,0.1324794
147,0.059079163,0.1340377,0.17805187,0.15319017
148,0.28997883,-0.11350721,0.041017793,0.039816696
149,0.014788211,-0.024456967,0.04253304,0.03661357
150,0.071499944,-0.34391007,0.20434615,0.17047586
151,0.007931248,0.2402351,0.087515205,0.0630519
152,-0.084512174,-0.19007681,0.107725024,0.10832755
153,0.23465185,-0.095068924,0.3025357,0.29649535
154,-0.030300263,0.07811394,0.099216044,0.07159432
155,-0.08734288,-0.42118013,0.08124156,0.06743144
156,-0.58375245,0.53742576,0.21278761,0.23679824
157,0.15191297,0.69777626,0.051175464,0.06445415
158,-0.0026752418,0.09625546,0.14448665,0.14192237
159,-0.21413134,-0.117126465,0.06435711,0.052489858
160,-0.13551079,0.1812656,0.15349042,0.12525311
161,-0.62016344,-0.4565998,0.12522048,0.11396044
162,-0.9847819,-0.07430851,0.13458593,0.0736603
163,-0.31776,-0.061067294,0.07042931,0.05503185
164,-0.13396044,-0.005673771,0.20622313,0.21281782
165,0.3485421,-0.21584247,0.15345074,0.11956131
166,-0.21802963,0.23253323,0.13622648,0.12575501
167,-0.090166494,0.21855174,0.052429404,0.049349185
168,-0.12957305,-0.24123463,0.065607704,0.061613604
169,0.07256743,0.21757703,0.082168534,0.079453684
170,0.0038226554,-0.17780708,0.3244564,0.27328154
171,-0.07909806,0.03646556,0.12405913,0.11813779
172,-0.092876844,0.12616824,0.089584224,0.07948539
173,-0.08093558,-0.0020227404,0.21156803,0.17532332
174,0.014539917,-0.072754964,0.13767976,0.13665633
175,-0.18487014,0.14554186,0.059426542,0.05597241
176,-0.26033407,-0.22660111,0.11352717,0.09974094
177,-0.808655,-0.0010217028,0.13209477,0.124427825
178,-0.04215856,-0.002110039,0.11932697,0.11843741
179,-0.37677565,-0.096423104,0.06860833,0.060780853
180,0.13912848,0.32525685,0.044991113,0.048352394
181,0.26013723,0.43448523,0.08219149,0.0605611
182,-0.05632303,-0.037640955,0.058598973,0.053542312
183,0.44520545,-0.3816905,0.15110645,0.12729211
184,0.3553339,-0.21697527,0.18506846,0.17234622
185,0.09352641,-0.25173062,0.042392287,0.033804722
186,0.80341303,-0.028859194,0.102126695,0.0836021
187,0.24461289,-0.0052718343,0.09688332,0.08765045
188,-0.16348507,0.18256027,0.057411738,0.054324847
189,-0.02789155,0.023077276,0.05932274,0.051230963
190,-0.03266704,-0.08431235,0.078538105,0.05440676
191,-0.03326212,-0.023318823,0.04274415,0.041909132
192,-0.25842497,-0.5777801,0.08451664,0.09139232
193,0.026699387,-0.015847731,0.06043803,0.063937634
194,-0.21357532,0.048977796,0.0940573,0.07870189
195,0.08576473,-0.14279015,0.095863864,0.08955912
196,-0.17504682,0.23334561,0.08346748,0.08008816
197,-0.07320008,0.19058453,0.17193383,0.17226566
198,-0.17262006,-0.06679688,0.10507686,0.08368583
199,-0.07658252,-7.49249e-06,0.047235318,0.0423084
200,0.38118222,0.5901474,0.100047365,0.11834551
201,0.10610334,-0.014771097,0.044802375,0.03979266
202,0.11292359,-0.006217581,0.055608034,0.055691727
203,-0.5631894,0.28316554,0.07384944,0.066007115
204,0.22203118,0.05461185,0.056619003,0.043063454
205,-0.24311918,0.47567916,0.05567332,0.055759456
206,-0.10430418,0.007999758,0.11114057,0.09758967
207,0.18960868,-0.10337451,0.15208568,0.15931775
208,0.32802212,-0.047443584,0.051261198,0.04501128
209,-0.23660663,-0.10122989,0.07551346,0.074878074
210,0.0043410743,-0.07553761,0.043205842,0.03527542
211,-0.19692424,0.06117167,0.11992562,0.12588675
212,0.036852494,-0.16252893,0.10815511,0.10132525
213,-0.015344179,-0.47882137,0.051157787,0.055834226
214,-0.064558275,-0.026773255,0.07689104,0.07830081
215,0.062068135,-0.413318,0.08247507,0.07886705
216,-0.018864386,0.020353459,0.04800438,0.040501893
217,-0.09840366,-0.08415721,0.16925745,0.14303586
218,-0.38115045,-0.3135897,0.05744877,0.043258242
219,-0.090358324,-0.00033635367,0.09661549,0.092722684
220,0.36837474,-0.23119782,0.072779715,0.069285944
221,0.26528713,-0.116595924,0.14313656,0.13533774
222,0.106313966,-0.029813427,0.042772707,0.040609688
223,-0.12420116,-0.54737836,0.045202162,0.038947657
224,0.046355683,-0.021658383,0.09816795,0.09708115
225,0.41985026,-0.05144922,0.061749235,0.052239288
226,0.77632785,-0.25224763,0.060009144,0.044542573
227,-0.17658345,0.112455174,0.19913903,0.15456454
228,0.41976294,0.40949094,0.08959666,0.0713661
229,0.09123798,-0.12924467,0.06812638,0.06862066
230,-0.096566774,-0.031735238,0.04313528,0.03573624
231,-0.44696632,-0.00029798318,0.08061225,0.052145414
232,-0.059612207,0.086076625,0.23774177,0.2702018
233,0.21006505,-0.105116956,0.10972277,0.103027366
234,-0.3118701,0.05507714,0.085481726,0.075296044
235,-0.1222322,-0.35688978,0.25123727,0.24702305
236,-0.33208334,-0.56253564,0.1528791,0.1431871
237,0.6348115,0.46302626,0.13150828,0.12851909
238,-0.20797336,-0.08716436,0.23520337,0.1862785
239,-0.025720723,-0.019202393,0.077962786,0.068103075
240,0.05979921,0.4475687,0.10517173,0.0964053
241,0.025962282,-0.13232006,0.11780553,0.1073832
242,0.018886581,0.0020139096,0.08046299,0.07735668
243,0.07155502,-0.06365015,0.12399532,0.114538856
244,0.1516414,0.3809418,0.047728814,0.04004418
245,-0.3380428,0.11460407,0.05677298,0.04561894
246,-0.21677269,-0.06769198,0.19538543,0.17355654
247,-0.0066480776,0.15295209,0.06385028,0.04845564
248,-0.036898036,0.013248148,0.046813473,0.04403598
249,0.0016023004,0.034441523,0.045785937,0.037953183
250,0.13113329,-0.029584613,0.11966165,0.11073738
251,-0.10360235,-0.15433602,0.10519566,0.099285
252,0.050318085,-0.051203188,0.2371666,0.22864501
253,-0.0124700805,-0.024616089,0.08202567,0.079831444
254,0.09212102,-0.37654924,0.09451857,0.08947143
255,-0.09051748,0.017393168,0.16899876,0.14874014
256,0.055649057,0.0064308,0.13232395,0.10389989
257,-0.21413134,-0.117126465,0.06435711,0.052489858
258,-0.042928986,0.09280309,0.083982654,0.06602577
259,-0.052589566,-0.028486636,0.06406879,0.051151305
260,-0.23250155,0.03972518,0.052785903,0.04035731
261,0.11903052,0.05331062,0.07148369,0.053563207
262,-0.046303377,-0.44014966,0.105175175,0.09832023
263,0.12983708,-0.27957854,0.04411901,0.04661985
264,0.3740784,0.5093934,0.059809633,0.05240885
265,0.009132368,-0.011597623,0.118526995,0.111473575
266,-0.021316092,-0.06637962,0.20851785,0.2093247
267,0.08816783,-0.48972878,0.06919674,0.0704054
268,-0.24968255,0.060265716,0.09888588,0.09932814
269,-0.31697854,0.223935,0.051074993,0.045212794
270,0.12999721,0.24476604,0.099927746,0.09333809
271,0.10346376,-0.0385666,0.06406118,0.060825728
272,0.26951,-0.5516551,0.13928272,0.15318501
273,0.42316118,-0.16972823,0.11916391,0.1054862
274,-0.10992315,-0.24635606,0.15396045,0.1344461
275,0.20688613,0.2881939,0.05291345,0.04283308
276,-0.09304706,0.13827915,0.06893252,0.06798934
277,-0.506438,-0.33898664,0.07665037,0.0645328
278,-0.06725664,-0.025653597,0.043275025,0.04067162
279,0.3700424,-0.32975635,0.060983717,0.047441788
280,0.07413787,-0.01737674,0.055530567,0.047351968
281,0.12612255,0.028322186,0.070153736,0.05842523
282,-0.012155465,-0.031909905,0.043376513,0.038979027
283,-0.3015119,-0.20983346,0.045345254,0.04132761
284,0.04743044,-0.107513264,0.060933467,0.059746288
285,0.017798305,0.21592651,0.06624542,0.064249285
286,0.1985584,0.21719046,0.06552944,0.070159286
287,-0.08889505,0.29668027,0.10474101,0.105288036
288,0.13564327,0.34159455,0.07131729,0.064096935
289,-0.49919087,-0.5909586,0.14027579,0.13371657
290,0.1732523,-0.13066821,0.049775336,0.033745825
291,0.09552629,-0.003808734,0.12969562,0.14831677
292,-0.02093383,-0.20366862,0.05291424,0.045890156
293,-0.10274288,-0.19140606,0.1739844,0.15710372
294,-0.05839254,-0.09687658,0.10199538,0.09692749
295,0.16950293,0.1863609,0.04052257,0.03777199
296,0.011035674,0.15833507,0.13676383,0.14438131
297,-0.25857404,0.37025717,0.102630004,0.10605926
298,-0.24687415,-0.34434932,0.12497147,0.11098808
299,-0.18051991,0.15245941,0.07545929,0.07124788
300,-0.06685034,-0.18579365,0.059887677,0.059370987
301,-0.3639991,-0.16502678,0.12945516,0.123524226
302,0.0037312107,0.022151817,0.08223057,0.07854143
303,0.55772585,0.36559978,0.054857094,0.049419817
304,-0.09273875,-0.14406183,0.18862417,0.14939108
305,-0.026439331,0.067472674,0.13718474,0.11182099
306,0.0042680847,0.01172741,0.05687029,0.055581897
307,-0.022512496,-0.04673368,0.041467704,0.028123857
308,0.2107409,0.31834653,0.21731071,0.21020798
309,0.051417127,0.028016184,0.06957523,0.053800322
310,-0.15054813,0.18416335,0.2363113,0.20219418
311,-0.33876243,0.18162723,0.057003174,0.043334384
312,-0.059392974,0.03151329,0.06130701,0.05390478
313,0.82829446,-0.17564164,0.088364035,0.050107848
314,-0.25094503,0.25004414,0.2131525,0.19927411
315,-0.038932838,0.03758927,0.068611115,0.079891
316,0.42141294,0.8821027,0.07233891,0.07835772
317,0.06567792,0.016360205,0.039636362,0.034765705
318,-0.02007623,-0.09294424,0.07305945,0.05566041
319,0.5151494,-0.056867454,0.08294018,0.07538445
320,0.015436673,0.1179712,0.10849047,0.120666265
321,0.47053072,-0.39006883,0.13530894,0.10501032
322,-0.10425712,0.015367123,0.23439966,0.22765048
323,0.11922039,0.1484258,0.039933074,0.040469848
324,-0.1264854,-0.2531519,0.11297045,0.104650825
325,-0.56138647,0.1295806,0.054305125,0.043506395
326,0.09307878,-0.28332588,0.12022196,0.10768591
327,-0.15279205,0.03083225,0.09086345,0.085507676
328,-0.055098552,0.15636213,0.10278328,0.1097012
329,-0.1632653,-0.00036762375,0.114699624,0.115743004
330,-0.44151673,0.03378926,0.17872119,0.14329705
331,-0.12844107,0.015071808,0.12174191,0.119709305
332,-0.032016568,-0.13271073,0.054079052,0.046612054
333,-0.16978392,0.19763449,0.044371635,0.03162095
334,-0.011754698,0.20857333,0.07355542,0.060084414
335,-0.2992279,-0.05474485,0.14520656,0.13567841
336,0.04592884,-0.6272286,0.051405247,0.060468584
337,0.047507066,-0.036966313,0.086870484,0.07801067
338,0.084020965,0.35744497,0.050357364,0.044984948
339,-0.19910015,-0.70504785,0.076835304,0.08731217
340,-0.01933685,-0.070849136,0.080072984,0.061432246
341,-0.21902253,-0.14394657,0.18214561,0.18128799
342,-0.29226732,0.34485933,0.04380882,0.040154457
343,-0.10620966,0.21709305,0.03942059,0.03973411
344,0.23063102,0.18558387,0.18642677,0.20364186
345,0.6224323,-0.2625093,0.09630709,0.09728027
346,0.0028638327,0.038594622,0.052873313,0.04685271
347,-0.16068482,0.12300253,0.3215387,0.3071574
348,0.092598915,0.1765484,0.19277641,0.19525129
349,-0.12525861,-0.21393582,0.06108432,0.062819324
350,0.004912303,0.24721251,0.070860855,0.059673812
351,-0.122543305,-0.1354752,0.122447975,0.11872285
352,-0.031473972,-0.3122107,0.1519576,0.13195826
353,-0.65235615,0.19165371,0.07739794,0.06219911
354,-0.04819206,0.11798869,0.075027406,0.054773472
355,0.038747206,-0.07327669,0.040633958,0.027751176
356,-0.33860022,-0.17185839,0.19727167,0.19276322
357,-0.0618987,-0.114125066,0.49665824,0.51365596
358,0.067408144,0.012471612,0.11555223,0.10988357
359,-0.02395475,-0.002018218,0.18572856,0.16303466
360,-0.06422992,-0.027679313,0.10966733,0.104361355
361,0.24495582,0.029944547,0.08742061,0.072114006
362,0.0634698,0.3734939,0.12902063,0.13793238
363,0.53388697,-0.24455571,0.25294346,0.21069707
364,-0.06288871,-0.07207687,0.105930015,0.101156384
365,0.081071295,0.39116523,0.054969937,0.055331685
366,0.19492291,-0.1701742,0.06493271,0.04693459
367,-0.30818933,-0.0022020536,0.075809106,0.052950125
368,-0.03565456,0.0088686,0.14674515,0.15918563
369,0.09974117,0.2388682,0.063249096,0.038861085
370,0.26075974,0.07773896,0.123282865,0.11418537
371,-0.10704394,0.0335696,0.046610396,0.03898015
372,-0.024127625,0.001520778,0.0535428,0.061148643
373,0.03751819,-0.110949144,0.043450028,0.03862779
374,-0.10147456,0.22452004,0.056631282,0.054672822
375,-0.11192353,0.15550981,0.2992022,0.2997885
376,0.014216923,0.09070943,0.1345649,0.13254012
377,-0.1896798,0.07013467,0.10432288,0.08953487
378,0.0004348019,-0.30696893,0.046027444,0.040692322
379,0.07329003,-0.18502866,0.14638148,0.1527474
380,0.0465599,-0.10086007,0.043001574,0.04675106
381,0.09307878,-0.28332588,0.12022196,0.10768591
382,0.14937408,-0.27903453,0.109835245,0.101277225
383,0.0028153406,0.24221925,0.22118379,0.22010215
384,-0.087922566,-0.10841187,0.041960508,0.03579347
385,-0.7139436,-0.10819422,0.11857516,0.1214717
386,-0.020044357,-0.021012105,0.042334918,0.036392894
387,0.3521041,0.1842139,0.105022036,0.119516194
388,0.028594036,0.06493223,0.07942851,0.07276251
389,0.08816783,-0.48972878,0.06919674,0.0704054
390,0.04969666,0.19590296,0.12891868,0.119957104
391,0.28382745,0.2773886,0.047860418,0.03797163
392,-0.09507429,0.5004003,0.10200721,0.10654124
393,-0.320065,-0.0558166,0.050207842,0.042443044
394,0.2895019,-0.7374906,0.09067294,0.08447181
395,-0.21557799,-0.005124216,0.21219786,0.19342858
396,0.03099139,-0.02991752,0.27527574,0.21565473
397,0.18360697,-0.083326064,0.121045806,0.116267286
398,-0.053043097,0.47615087,0.07048253,0.07309052
399,-0.032112185,0.35920873,0.3831177,0.37144646
400,0.04418151,-0.115629554,0.06618817,0.05687322
401,0.05570778,0.26837194,0.09743632,0.07053273
402,-0.20325246,0.7454099,0.0690934,0.07409759
403,0.07315496,-0.03557865,0.31153163,0.3337283
404,-0.21444972,-0.25085428,0.108133495,0.10396563
405,0.50348425,-0.450567,0.060710914,0.054576285
406,-0.10488191,0.10476614,0.070958026,0.06347431
407,0.20520629,0.09465359,0.039266206,0.03636103
408,0.10289244,0.031638544,0.075419374,0.07082026
409,0.28973195,0.12076181,0.059061844,0.052341107
410,-0.087751836,0.00073193293,0.19003554,0.1607042
411,0.15844388,0.06834082,0.075480066,0.06174193
412,-0.2478498,0.07651058,0.34341326,0.33086947
413,0.0031626308,0.12447925,0.046872173,0.04619079
414,-0.42682114,0.42423978,0.16283949,0.15441716
415,0.5694045,-0.5892182,0.09050612,0.087721966
416,-0.1945764,-0.0927646,0.16080339,0.14899822
417,-0.34218672,-0.03833693,0.04450539,0.038903255
418,-0.5373978,0.07968054,0.054368462,0.042801388
419,-0.21416783,-0.036008697,0.106974214,0.09718878
420,0.051744588,0.16390686,0.12572698,0.11901735
421,0.19492291,-0.1701742,0.06493271,0.04693459
422,-0.34703442,-0.2525828,0.05968824,0.060510974
423,0.059178494,-0.14298646,0.14633782,0.14686051
424,-0.03345387,-0.2507378,0.043958735,0.042800363
425,0.088201806,-0.18591888,0.06663974,0.06380814
426,0.038800813,-0.072733074,0.04264112,0.042234253
427,-0.118330464,0.24666797,0.17012265,0.16781525
428,-0.27195883,0.08956035,0.0477212,0.042071044
429,-0.8271121,-0.035464432,0.15467672,0.13067234
430,-0.15599053,0.22527386,0.07984077,0.07069728
431,-0.055833414,-0.08300279,0.14599441,0.1163158
432,-0.026296534,-0.17723857,0.03155043,0.031389605
433,-0.1785481,0.46520218,0.11624902,0.11052548
434,0.12246378,0.14872874,0.10979659,0.093743496
435,-0.038072124,-0.027569383,0.21789071,0.20130785
436,-0.094039775,-0.06688319,0.15634742,0.13655007
437,-0.29808232,0.09920065,0.16258581,0.17393151
438,0.10663938,0.11436455,0.13799661,0.13240637
439,-0.30967203,-0.27864355,0.16160503,0.18194924
440,-0.2892114,-0.14336525,0.081571236,0.07789932
441,-0.06812547,0.2192998,0.060113557,0.05235058
442,0.15687062,-0.23059666,0.052993387,0.05350581
443,-0.006354085,-0.023967508,0.059798177,0.050874665
444,0.09135444,-0.83855027,0.10284094,0.12630047
445,0.093412116,0.017488189,0.10824776,0.10316566
446,-0.53067285,0.1363475,0.09970604,0.08936639
447,-0.00022203755,-0.36586425,0.1519199,0.16468765
448,0.0061809877,-0.03180643,0.06932422,0.0556925
449,0.036601678,-0.8603906,0.1226182,0.1348603
450,0.03500813,0.03572287,0.07290108,0.057234976
451,-0.06297867,0.05950271,0.0479344,0.04195837
452,0.42178062,-0.003946782,0.14222462,0.15073493
453,-0.5122835,-0.38144818,0.116075575,0.098451674
454,0.06467828,-0.041163754,0.21745968,0.19083425
455,-0.10711473,-0.31329057,0.17580178,0.17246513
456,-0.041700512,-0.10077749,0.06862258,0.067391984
457,-0.06656381,0.09885715,0.069707654,0.054954782
458,-0.11916737,-0.05735662,0.057565592,0.045220245
459,-0.105381,0.036635656,0.15868959,0.116000935
460,-0.14688699,-0.08901724,0.09855863,0.08059455
461,4.8400834e-06,0.030833751,0.09149701,0.0896869
462,-0.17174293,-0.07615672,0.16729076,0.16201119
463,0.35861072,-0.5025215,0.18452778,0.14969707
464,-0.15973327,0.02133495,0.091139264,0.08749796
465,-0.19507557,0.060300592,0.054844797,0.054990783
466,-0.11172013,0.2342803,0.08346551,0.07449541
467,0.00084536616,-0.010424879,0.044986904,0.03533936
468,-0.08750258,0.052905265,0.06946579,0.07088
469,-0.123998314,-0.39596188,0.08732218,0.083856694
470,0.16654566,0.118174985,0.3156068,0.30411702
471,0.22238892,0.28030708,0.23125556,0.22493273
472,0.06734815,-0.13840665,0.060791906,0.0515448
473,0.03951796,0.02159093,0.10220635,0.096018985
474,0.16742726,0.6578918,0.068819016,0.06984835
475,0.08995926,0.18181406,0.0567526,0.04853882
476,-0.012489083,0.053202037,0.115984835,0.11604109
477,-0.023853675,-0.18109874,0.09582325,0.09487107
478,-0.22474793,-0.14413442,0.044069164,0.043067142
479,0.2098312,-0.12654264,0.12038145,0.113759026
480,0.2393484,0.28407297,0.080736294,0.082009956
481,0.17660278,-0.14855628,0.07214428,0.06673778
482,0.2076435,-0.04731593,0.08326436,0.057476737
483,-0.12659994,0.07064481,0.07453481,0.06336554
484,-0.054812644,0.055390704,0.07115212,0.06633699
485,0.24007623,-0.13964799,0.31566888,0.30948496
486,0.1099108,0.029122587,0.10211422,0.090232626
487,0.1356213,-0.25910264,0.047075205,0.039727844
488,-0.0925554,0.5702449,0.051731087,0.061062742
489,0.07439085,-0.024978999,0.06892773,0.052375004
490,0.001029552,-0.23534529,0.057169143,0.045273967
491,-0.433494,0.637547,0.22776139,0.22588557
492,0.7382752,-0.20088394,0.111796185,0.09153556
493,0.043632712,0.25357294,0.15817042,0.14042552
494,0.20710465,0.06741525,0.23287,0.21720397
495,-0.090025365,-0.05276263,0.19502103,0.19126552
496,-0.35759684,-0.29126498,0.12534805,0.14962345
497,0.16295056,0.086956725,0.09858229,0.087931015
498,-0.005016445,0.08887706,0.15842295,0.14477152
499,-0.41641092,0.303856,0.086388946,0.078957416
500,-0.23836786,0.05027232,0.30198738,0.3229371
501,-0.024273574,-0.14140166,0.047105003,0.051609166
502,0.3069783,0.24870418,0.06877439,0.05711132
503,-0.31919724,0.2089823,0.07677393,0.071258746
504,0.3663179,0.528857,0.07995613,0.07089308
505,-0.18058665,0.58425653,0.0867484,0.10220806
506,0.20312564,-0.24471931,0.23077849,0.21002693
507,0.20345537,-0.70841306,0.04263392,0.05033511
508,-0.09065383,-0.12134962,0.1147922,0.10146529
509,-0.002394191,0.022622366,0.06632428,0.055546395
510,0.38358483,-0.4337249,0.09926419,0.08911686
511,-0.1560432,0.44151866,0.09680964,0.09871704
512,0.10691854,0.15512498,0.08279644,0.0678897
513,0.48477224,-0.4896747,0.08777109,0.079652205
514,0.40373006,0.18173891,0.21742447,0.2064342
515,0.15348737,-0.5539262,0.10658786,0.10868127
516,-0.4341148,0.14532794,0.052604504,0.042310942
517,-0.8075075,0.5499811,0.10847281,0.1025709
518,-0.45276204,0.17635156,0.040647805,0.040018104
519,-0.27470997,-0.14845659,0.13279524,0.12751545
520,-0.024674155,0.115875885,0.16990148,0.14523743
521,0.3515959,0.32698467,0.11884988,0.10203665
522,-0.037921928,0.12891774,0.060504805,0.0523981
523,0.19758712,0.028921958,0.07117332,0.05449922
524,0.16793974,-0.1476424,0.05918814,0.054472964
525,-0.024639033,-0.019296624,0.08483043,0.0763443
526,-0.031573437,0.16268796,0.21364114,0.19621405
527,-0.11900993,0.032169126,0.10955783,0.10756828
528,0.07953317,-0.13564016,0.07587739,0.07598803
529,-0.17417575,-0.33322746,0.22841106,0.20905535
530,0.3554925,-0.076788895,0.1628237,0.12730303
531,-0.12850843,-0.02879056,0.1801193,0.1446447
532,-0.124004975,0.15073049,0.061948813,0.066680305
533,-0.17957903,-0.41434297,0.05041642,0.049363475
534,0.41730756,-0.16975051,0.16270405,0.13651954
535,0.11075424,0.0114667,0.10293086,0.10709312
536,-0.053494044,-0.5538079,0.09985157,0.11416456
537,-0.21194649,0.19065942,0.036749426,0.038054228
538,0.011780911,-0.08177136,0.18116477,0.17297849
539,-0.2473163,-0.10808514,0.12575328,0.12620209
540,0.98445183,-0.017668348,0.11627937,0.082312725
541,0.07269086,-0.2314706,0.3422656,0.33295226
542,-0.25476208,0.5834473,0.075039566,0.07276652
543,-0.18094844,-0.16816717,0.10973506,0.103479125
544,-0.008122015,-0.15623695,0.1349908,0.12796338
545,-0.117947236,0.0110071255,0.07446421,0.058529258
546,-0.1056297,-0.28117588,0.17610392,0.18755946
547,-0.1177969,0.28237236,0.2846124,0.28921238
548,-0.03910567,0.02196223,0.04556717,0.045278393
549,-0.16970181,0.061854858,0.049373064,0.045978267
550,0.046355683,-0.021658383,0.09816795,0.09708115
551,0.11895521,0.54604715,0.07643493,0.07032513
552,-0.074171185,0.69168633,0.0945818,0.10362333
553,-0.029777158,0.0141381575,0.091900304,0.07512956
554,-0.14091824,0.10113129,0.21677779,0.23129456
555,0.12386945,0.058136348,0.20036699,0.18393312
556,0.0018016407,0.1518418,0.11848536,0.11313101
557,0.60246044,0.0771462,0.07873249,0.066264525
558,-0.010134823,0.30957004,0.13039023,0.120005466
559,0.6523853,-0.028479319,0.1690037,0.12863147
560,-0.24406013,0.02769224,0.06124198,0.054844793
561,0.27682745,-0.029352684,0.24448107,0.19764014
562,0.02691482,0.23785417,0.18106996,0.18395594
563,0.12896521,-0.09037489,0.14759722,0.13295332
564,-0.12057084,-0.09387724,0.158917,0.16487578
565,0.101699814,0.011912546,0.06520438,0.053246245
566,-0.2884572,-0.07708396,0.053382,0.05065116
567,0.013666042,-0.26689178,0.19388767,0.1920024
568,-0.04300668,-0.07613748,0.070282534,0.060117245
569,-0.092736855,-0.29174712,0.051689997,0.04651924
570,0.15240647,-0.059471715,0.18916148,0.15792999
571,-0.025325373,-0.13323559,0.1520141,0.15848796
572,-0.35140565,0.045495275,0.067148276,0.048757423
573,-0.13713242,0.43858793,0.06812693,0.06363294
574,-0.028321326,0.38249752,0.17701934,0.14400287
575,0.033566944,-0.24781857,0.054561846,0.044637583
576,-0.3368335,0.20336196,0.15003143,0.1313451
577,-0.14379574,-0.113685906,0.5248297,0.50272834
578,0.55895084,-0.96141523,0.06945079,0.13123418
579,0.12764059,-0.35505795,0.09355249,0.062761284
580,0.19888298,-0.2399905,0.082284495,0.08292468
581,0.015621834,0.13127406,0.07685407,0.07115791
582,-0.09771821,-0.56211174,0.09247984,0.09277211
583,-0.16068482,0.12300253,0.3215387,0.3071574
584,-0.08364841,0.016094122,0.054734766,0.04367315
585,0.05765201,0.5218684,0.22778228,0.22346598
586,-0.2847042,-0.47821584,0.084336415,0.06169421
587,-0.1893225,-0.032025587,0.09554343,0.0892084
588,-0.08170014,0.0426845,0.1068659,0.09373259
589,-0.21894681,-0.64831686,0.04157337,0.043284096
590,-0.01122311,-0.047108117,0.22091448,0.20159616
591,-0.4770192,-0.17894395,0.16621436,0.13979101
592,0.018630363,-0.097384974,0.101211265,0.0984037
593,0.20306107,-0.11975202,0.09162026,0.08640658
594,0.48231784,0.053423975,0.16923761,0.15300292
595,-0.07349018,0.014431152,0.06460054,0.058715712
596,-0.23189314,0.0966158,0.08779041,0.077764966
597,0.03454861,-0.10790411,0.06842867,0.045585398
598,-0.17417575,-0.33322746,0.22841106,0.20905535
599,-0.24981116,0.29531547,0.17177092,0.16002975
600,0.06884426,-0.057156783,0.1429725,0.15040912
601,-0.019410834,0.07764526,0.045925424,0.04456804
602,-0.3555704,-0.28920892,0.17388824,0.13815041
603,-0.33026746,-0.15662579,0.09050438,0.090559095
604,-0.026439331,0.067472674,0.13718474,0.11182099
605,-0.006952896,0.02091692,0.10221216,0.0882738
606,0.044911273,-0.055061806,0.042049553,0.030926043
607,0.025905713,0.19081269,0.042452384,0.04351331
608,-0.1326695,-0.37126467,0.14270812,0.13837035
609,0.1275946,-0.133808,0.15690367,0.15274698
610,0.37282094,0.14745648,0.059400022,0.044285722
611,0.048016883,0.11085944,0.074547864,0.06826705
612,0.06820144,-0.15611102,0.13653404,0.13225415
613,-0.2689653,-0.021170009,0.056745723,0.055409808
614,0.14289276,0.096915975,0.13019769,0.10441497
615,0.07108927,-0.19019161,0.14873381,0.13805518
616,0.0039518448,0.31508675,0.048595052,0.053850677
617,-0.22162963,0.5703966,0.06626036,0.06399996
618,-0.1658693,0.0210299,0.13180539,0.12333778
619,0.06868999,0.11369854,0.15128793,0.14881584
620,-0.18405159,0.07873948,0.04622176,0.038167562
621,-0.092460304,-0.09142332,0.044854693,0.04419092
622,-0.008845798,-0.11228527,0.07491061,0.07663075
623,0.24443598,-0.17132315,0.08354139,0.07598155
624,0.09779781,-0.06319982,0.043068375,0.04485405
625,0.08431423,0.17440015,0.059084658,0.054607205
626,0.7523707,0.17113854,0.13526091,0.1068739
627,-0.027687013,-0.3208409,0.042213447,0.04327504
628,-0.1931244,0.050259423,0.050996605,0.037678514
629,0.084020965,0.35744497,0.050357364,0.044984948
630,0.35633516,0.47861347,0.085329264,0.081267074
631,0.013021235,0.029941816,0.07435697,0.072337314
632,0.087869644,0.1698352,0.058229372,0.06627551
633,-0.1177969,0.28237236,0.2846124,0.28921238
634,0.03462313,-0.09384764,0.08606775,0.09030187
635,-0.96261376,-0.16856176,0.122967504,0.099129766
636,-0.12315719,-0.03425767,0.067131,0.05349214
637,-0.26048097,-0.00430764,0.075622335,0.070920706
638,-0.5549209,0.8392214,0.080327466,0.07114052
639,0.113065735,-0.013640345,0.111756854,0.12444728
640,-0.21011452,-0.4457795,0.10566577,0.09337247
641,0.2639481,-0.10943622,0.0720998,0.06694635
642,-0.6605773,-0.24019612,0.07699745,0.06493925
643,-0.1874127,0.029752169,0.12146239,0.12943506
644,0.35029364,0.027479496,0.07651732,0.060926978
645,-0.057209037,-0.20361273,0.25574815,0.24425524
646,-0.43795678,-0.31262583,0.05201201,0.05258932
647,-0.1623957,-0.0043743895,0.14869538,0.14305027
648,-0.00785832,-0.22397892,0.09176284,0.061328277
649,0.24726005,0.026121695,0.19012249,0.17464204
650,-0.2003487,-0.13003163,0.070671044,0.071425766
651,-0.4929268,0.39266324,0.09073347,0.08368479
652,-0.33754557,-0.0013211118,0.3412407,0.31828454
653,0.0013157995,0.30408257,0.115120135,0.10104327
654,0.34265852,-0.25168177,0.051924985,0.048511337
655,-0.18557458,-0.052605953,0.06320936,0.043055203
656,-0.20277642,-0.0879938,0.26321036,0.2740996
657,-0.006034649,-0.33003443,0.14835998,0.13263883
658,-0.21657129,0.20267864,0.04903431,0.038319573
659,0.03218005,0.18559428,0.05887258,0.04997564
660,0.06998298,0.05838905,0.098883085,0.09010444
661,-0.11128162,0.0070727943,0.10011541,0.08584743
662,-0.31378606,-0.3377493,0.040396754,0.04800617
663,0.48313323,0.1528802,0.104518555,0.083870664
664,-0.16685583,-0.010243666,0.097039886,0.08428304
665,0.120285824,-0.45739222,0.06992422,0.06544799
666,-0.02093383,-0.20366862,0.05291424,0.045890156
667,0.5704967,0.22651877,0.08295927,0.075386435
668,-0.036898036,0.013248148,0.046813473,0.04403598
669,-0.0036711833,0.3340082,0.115872405,0.096595936
670,0.08068998,-0.12965433,0.25936353,0.24918914
671,-0.035770997,-0.064257696,0.17358142,0.14516872
672,0.22100715,0.1368535,0.090534225,0.081677325
673,-0.008205189,0.046781406,0.23527904,0.2575061
674,0.34853122,0.32951945,0.13088547,0.1303742
675,-0.0832887,0.046362806,0.051243085,0.041919295
676,0.067037575,0.03318776,0.0803619,0.07940152
677,0.062260784,0.13413092,0.06185481,0.055813987
678,-0.12420116,-0.54737836,0.045202162,0.038947657
679,0.45705155,-0.068492524,0.1056306,0.08829519
680,-0.22464219,-0.758464,0.1199935,0.12817845
681,-0.05750774,0.02445187,0.059079815,0.052958913
682,0.33998463,0.49126354,0.09755417,0.0838352
683,-0.19307864,-0.1932484,0.20294473,0.19361597
684,0.42124555,-0.6229205,0.08763513,0.091952875
685,-0.07522271,0.26885927,0.04310286,0.03409649
686,-0.27342615,-0.10726349,0.15214208,0.1552151
687,0.047231607,-0.066388875,0.13294096,0.12738304
688,-0.20505281,-0.0013042958,0.06867423,0.061489787
689,-0.26547554,0.27525315,0.24870262,0.26405373
690,-0.0978837,-0.5025797,0.047147304,0.04386003
691,-0.30584446,0.041111033,0.23790146,0.21902813
692,0.33417416,0.47490448,0.06059715,0.057728935
693,-0.1825199,0.10496462,0.06777966,0.061549727
694,-0.19399056,-0.23184496,0.22513342,0.22137742
695,-0.12752298,-0.22031765,0.067391686,0.05233581
696,0.18346614,-0.13542303,0.11876023,0.10987167
697,-0.10298027,-0.017035536,0.07167567,0.05494694
698,-0.1062776,0.6416728,0.04135035,0.042816695
699,-0.118097,0.28721607,0.041716196,0.04196235
700,0.3827784,0.854518,0.060450714,0.08126479
701,-0.11128162,0.0070727943,0.10011541,0.08584743
702,0.0691004,0.34453037,0.225808,0.20659137
703,0.19723019,-0.0016502412,0.1356479,0.13585274
704,0.12395312,-0.036235664,0.05285126,0.048630025
705,0.2599502,-0.28860223,0.050977916,0.047574405
706,0.03663255,0.25196794,0.07610488,0.07350076
707,0.01908157,0.3535529,0.057603065,0.0560387
708,0.2028883,-0.43332455,0.116531484,0.11256502
709,0.14835584,0.44680116,0.1638305,0.15364452
710,-0.0082223,0.033192206,0.089052945,0.08696703
711,-0.19990547,0.03942978,0.21531564,0.21456413
712,-0.22820917,-0.10903081,0.16882557,0.15100804
713,-0.06999269,0.035161164,0.08150926,0.06627823
714,-0.64278513,0.17152052,0.06921699,0.05973632
715,0.12860718,0.12632206,0.058833126,0.046908557
716,-0.19553192,-0.5874004,0.11274641,0.10987696
717,-0.20433028,0.14732154,0.3391926,0.34071493
718,0.005186462,-0.0273927,0.14758795,0.13279091
719,-0.18877023,0.19281948,0.14224686,0.11458203
720,-0.39698046,-0.4849209,0.053395342,0.052627128
721,-0.28202283,-0.39392424,0.062418424,0.068922676
722,0.36689997,0.2227933,0.064121895,0.053312786
723,0.18782209,0.018099483,0.13773438,0.11795073
724,0.22904105,0.21360119,0.13635309,0.11750186
725,0.34853122,0.32951945,0.13088547,0.1303742
726,-0.16874921,-0.073608115,0.13770778,0.14255846
727,-0.08827966,0.15856116,0.07286684,0.07120035
728,0.06485544,0.0770912,0.041604478,0.037223745
729,0.0723965,-0.061249252,0.17534614,0.18151893
730,0.08250108,-0.44912833,0.06415443,0.053189088
731,-0.22963531,0.016978744,0.3176464,0.289087
732,-0.1023041,-0.2385819,0.16817781,0.15668412
733,0.43354222,-0.28501746,0.09148546,0.089553185
734,-0.30512127,-0.42335173,0.1483317,0.14554295
735,0.11045414,-0.095795006,0.1063121,0.08154005
736,0.14287324,-0.11016526,0.12826392,0.119596854
737,-0.27040443,-0.10838438,0.037677344,0.035583608
738,0.28880432,0.09579623,0.11092967,0.100768656
739,0.017303914,0.04805905,0.16605897,0.1487289
740,-0.30512127,-0.42335173,0.1483317,0.14554295
741,0.5524725,0.2593745,0.0753201,0.044023987
742,-0.4464444,0.12739345,0.10824198,0.10181465
743,-0.44516382,0.68696886,0.062146004,0.06745091
744,-0.0733454,-0.09598328,0.16901687,0.15624736
745,0.5318163,0.38446566,0.13640018,0.11286594
746,0.07430319,0.036883343,0.053181045,0.044368535
747,-0.62572837,-0.038732577,0.064913176,0.048523117
748,0.09128307,-0.107883215,0.19782595,0.17346537
749,0.19307439,-0.115705065,0.063103825,0.043238867
750,-0.5642876,0.3693885,0.06533002,0.04873618
751,-0.19720094,0.114140324,0.07682703,0.059028715
752,-0.13950783,-0.1132654,0.20031902,0.19610624
753,0.3971642,0.08464106,0.06936082,0.051860906
754,0.25265032,0.42745328,0.08612888,0.08350578
755,0.0031619528,-0.053070333,0.14535992,0.14653768
756,-0.103895664,-0.19561265,0.09224095,0.07168781
757,0.29252934,0.32007095,0.083306365,0.08224388
758,0.05755519,-0.0018943893,0.070503645,0.058857825
759,-0.035746034,0.16114965,0.09993366,0.09653404
760,-0.13103181,0.1533068,0.069201976,0.05058625
761,0.08570742,-0.0049289213,0.14054285,0.1164318
762,-0.096119106,0.16906576,0.093521126,0.0989628
763,-0.11248766,0.0012602238,0.0355915,0.039326187
764,-0.04155899,-0.31024215,0.044738766,0.036159907
765,0.4650808,-0.21598823,0.21604829,0.15136512
766,0.05611034,-0.14080684,0.1032898,0.0901039
767,0.014925719,-0.25524482,0.13059404,0.12127914
768,0.026009232,-0.043428905,0.05784724,0.06338981
769,0.47224984,-0.48465243,0.055061333,0.051596593
770,-0.03044314,0.2945312,0.1224521,0.1148978
771,-0.09907498,-0.0212893,0.18291755,0.14321989
772,0.09867966,0.15775912,0.16785,0.16058032
773,-0.00474131,-0.36942196,0.15086247,0.13312273
774,-0.33305496,0.73716897,0.0579944,0.05945697
775,-0.04571598,-0.20526879,0.19734205,0.1962434
776,0.323656,0.3677181,0.15733103,0.1302976
777,0.018411387,-0.07518112,0.14389004,0.14116545
778,-0.13957705,-0.12447086,0.10649325,0.103388675
779,-0.15054813,0.18416335,0.2363113,0.20219418
780,0.057259835,0.2247878,0.15211752,0.14342083
781,0.18189265,-0.23210335,0.093263246,0.08899227
782,0.13372178,-0.20508896,0.041843444,0.038325246
783,0.1543227,-0.023579154,0.06591065,0.06396516
784,0.17762934,-0.18357478,0.048513066,0.04657384
785,-0.32512885,-0.25993565,0.10657522,0.09859615
786,0.035043474,0.08743068,0.1313541,0.10674951
787,-0.16669546,0.5531674,0.068095304,0.06385982
788,-0.09046655,-0.064752795,0.06850136,0.06799485
789,-0.30839935,-0.3200919,0.14978239,0.13825652
790,0.27114475,-0.08678062,0.13153787,0.13174768
791,0.015257233,0.1112508,0.19652586,0.19672753
792,0.022760436,0.14202215,0.1254552,0.1277781
793,0.022273935,-0.08328116,0.12817974,0.12580335
794,-0.3994822,0.1049151,0.055519626,0.056259852
795,-0.1785481,0.46520218,0.11624902,0.11052548
796,-0.0925554,0.5702449,0.051731087,0.061062742
797,-0.24687415,-0.34434932,0.12497147,0.11098808
798,-0.7139436,-0.10819422,0.11857516,0.1214717
799,-0.034978792,0.6178257,0.049676888,0.06301535
800,-0.039767172,-0.0008726837,0.12115058,0.10939276
801,0.45361423,-0.6037214,0.08802623,0.09531286
802,0.019169673,-0.3651122,0.045750976,0.038772676
803,0.15869008,-0.036370758,0.04573504,0.039739512
804,-0.57503676,0.47948328,0.16893293,0.16532107
805,0.12767735,-0.27719328,0.037119243,0.03120167
806,0.036001876,-0.056176297,0.079173915,0.06262213
807,0.0034958133,0.033380006,0.040339284,0.028764866
808,0.023065757,0.068279214,0.053543143,0.050413016
809,-0.25758287,-0.09552449,0.043509033,0.033936292
810,-0.4669504,0.09615204,0.09461814,0.09221271
811,-0.17485376,-0.2780554,0.15700525,0.1377153
812,-0.25567752,-0.14229034,0.09699368,0.08168964
813,0.122955844,0.20014669,0.074079946,0.0814097
814,0.06884426,-0.057156783,0.1429725,0.15040912
815,0.004063585,0.12636654,0.09843623,0.09164491
816,-0.059392974,0.03151329,0.06130701,0.05390478
817,-0.010701894,-0.13517304,0.05680317,0.048222378
818,0.22000146,0.05597144,0.12240684,0.117279604
819,0.1569358,0.024486817,0.12528284,0.13025118
820,0.48061198,-0.14234608,0.0632624,0.044322714
821,-0.23613979,0.06774707,0.04453082,0.051634997
822,0.12759696,0.030656356,0.113255545,0.09324146
823,-0.021272816,0.021546114,0.06830508,0.049279947
824,-0.17125383,-0.017415185,0.064033344,0.049472958
825,0.06446989,-0.21900035,0.13634391,0.13716373
826,0.04944916,0.1274534,0.09500782,0.07667658
827,0.21185301,-0.5001488,0.10256575,0.10597124
828,-0.03995329,-0.085643776,0.062042937,0.05269526
829,-0.47880715,0.13316867,0.09276966,0.08696461
830,-0.052551128,-0.632299,0.13825755,0.13985613
831,0.029057473,-0.024907384,0.03879317,0.038493622
832,0.08062831,0.076680385,0.11866327,0.12862888
833,0.043541066,-0.10023862,0.14825074,0.1239005
834,0.0037312107,0.022151817,0.08223057,0.07854143
835,0.019420717,-0.10901989,0.037953634,0.037270214
836,-0.16245164,0.075765535,0.18480352,0.17682153
837,-0.059143767,-0.06253061,0.22877677,0.22924304
838,-0.12659994,0.07064481,0.07453481,0.06336554
839,-0.00790099,-0.07696979,0.0598578,0.061107617
840,-0.0007880321,0.26728326,0.3000724,0.31244323
841,-0.10942549,0.09410981,0.065835424,0.066277154
842,0.19531499,-0.12320763,0.24331523,0.22083141
843,-0.09198617,-0.1756099,0.13283932,0.113674045
844,0.79607767,-0.6908369,0.078214936,0.080644906
845,-0.14248191,-0.059845187,0.07403345,0.07036229
846,0.11364509,-0.011092399,0.063429795,0.062676646
847,0.5694045,-0.5892182,0.09050612,0.087721966
848,-0.1024754,-0.25740513,0.08045045,0.069278084
849,0.056653135,0.12983134,0.049998872,0.04549999
850,-0.3555704,-0.28920892,0.17388824,0.13815041
851,-0.2252442,-0.33056226,0.057513032,0.056025185
852,0.08250108,-0.44912833,0.06415443,0.053189088
853,-0.32796988,0.07761615,0.09573626,0.07241688
854,-0.0992916,0.033625077,0.12019501,0.1065425
855,0.08509055,0.12506072,0.29302415,0.27316442
856,-0.7282146,-0.45059532,0.12920818,0.12274399
857,-0.012826937,0.20372212,0.17484312,0.15968585
858,0.18360697,-0.083326064,0.121045806,0.116267286
859,0.39500663,-0.097444154,0.049630836,0.031296194
860,-0.793557,0.63510644,0.10096419,0.08867824
861,-0.07716389,0.052472804,0.092696,0.08264861
862,-0.45517352,-0.0801149,0.05596126,0.050050423
863,-0.6230269,0.33274108,0.08034562,0.059093438
864,-0.118097,0.28721607,0.041716196,0.04196235
865,0.4318999,-0.6547515,0.074835286,0.08098803
866,0.18611373,-0.4054044,0.07246177,0.06631068
867,0.20306107,-0.11975202,0.09162026,0.08640658
868,0.48061198,-0.14234608,0.0632624,0.044322714
869,-0.009526175,-0.060461953,0.15503941,0.14340153
870,-0.040872823,0.2676445,0.09511535,0.076396085
871,-0.19736433,-0.1501192,0.21001069,0.18299207
872,-0.12543756,0.024444755,0.049053717,0.041669656
873,0.22827505,0.09829809,0.14854404,0.14296712
874,-0.11710341,0.30236596,0.03463873,0.035702173
875,0.2691162,-0.064745754,0.13371311,0.13395885
876,0.3058882,0.07724855,0.049811635,0.045659963
877,0.15835132,0.24938871,0.07949722,0.0773482
878,0.12545475,-0.12428191,0.22874767,0.22678049
879,-0.104476556,-0.11734693,0.091960005,0.10169481
880,-0.06991596,-0.24401723,0.11577504,0.10182366
881,0.19855945,-0.090709016,0.13902353,0.13819493
882,-0.07545912,-0.03831419,0.047512054,0.044633113
883,-0.3948048,-0.1366991,0.09567538,0.059126243
884,-0.13981579,0.10135056,0.19127893,0.15606989
885,0.008696602,-0.080421686,0.15839344,0.14955106
886,-0.06788683,0.24914809,0.34398288,0.33781382
887,-0.09395309,-0.27495164,0.13163328,0.13218619
888,0.11536148,0.33882877,0.08472498,0.08852229
889,-0.004208698,-0.32461128,0.1337351,0.11763691
890,-0.0550977,-0.045991536,0.09701371,0.07300982
891,-0.098830335,-0.058708772,0.06370377,0.05293902
892,0.26382223,-0.09895921,0.14405613,0.12117255
893,-0.16053233,-0.06757804,0.1025084,0.087985024
894,0.093199775,0.014146625,0.08128102,0.07025749
895,0.38358483,-0.4337249,0.09926419,0.08911686
896,-0.14921473,0.11672941,0.07730095,0.07353179
897,0.064874426,-0.08717853,0.05953404,0.061150055
898,-0.19209419,0.049804073,0.045925424,0.043367486
899,0.585316,-0.5440727,0.06871797,0.071572736
900,-0.0469598,-0.05238324,0.051202532,0.05477929
901,-0.1181406,-0.25071815,0.04512263,0.04658181
902,-0.41606092,0.40454307,0.12244177,0.11436558
903,-0.26729515,-0.23117341,0.17460857,0.19492325
904,0.13789244,-0.015581173,0.05631402,0.051180672
905,-0.17275302,0.22899477,0.18541615,0.17179315
906,0.32417533,-0.34278443,0.13138723,0.12380558
907,-0.14076339,0.09282862,0.037538193,0.038575094
908,0.09603063,-0.005572808,0.119341336,0.108110435
909,-0.031232785,0.02319133,0.038970903,0.042913534
910,0.23314525,0.21579292,0.22367097,0.2039293
911,-0.06539582,-0.097089425,0.09242432,0.09264932
912,-0.22695737,-0.9608645,0.091605894,0.111960754
913,0.32347295,0.17728578,0.09334315,0.087202944
914,-0.02093383,-0.20366862,0.05291424,0.045890156
915,0.077337384,-0.009324816,0.050667576,0.047150295
916,-0.7620465,-0.26625443,0.10164684,0.07789233
917,0.29252934,0.32007095,0.083306365,0.08224388
918,0.3740577,-0.77884877,0.11300559,0.119274266
919,0.38358483,-0.4337249,0.09926419,0.08911686
920,-0.009331695,0.16729207,0.062168967,0.056696
921,0.1509168,0.15297005,0.12771966,0.102839634
922,0.14087947,-0.13422267,0.095093146,0.07731789
923,-0.27846825,0.09613535,0.083709374,0.0752336
924,-0.14921473,0.11672941,0.07730095,0.07353179
925,-0.0476299,0.2819085,0.1047218,0.105567984
926,-0.14624618,0.1033726,0.14013882,0.13134365
927,-0.084627315,-0.015455631,0.040667716,0.03936784
928,0.09421932,-0.05239913,0.10092204,0.1048171
929,0.42572448,0.12944345,0.10297548,0.08501709
930,0.5711852,-0.08760031,0.09691935,0.075701825
931,0.04128071,-0.38927823,0.078088485,0.07390421
932,0.55979234,0.6109757,0.1090763,0.09342756
933,0.10653483,-0.020939745,0.11648394,0.1004639
934,-0.24984793,-0.17284997,0.15127687,0.15565409
935,0.26279423,-0.6653998,0.07241498,0.07656207
936,-0.0014253622,-0.027873639,0.093307115,0.09880287
937,0.24159521,-0.23206808,0.11891402,0.11230539
938,-0.008279405,-0.012492304,0.09059672,0.07482414
939,-0.11036256,0.026093427,0.07630792,0.07567616
940,0.09603063,-0.005572808,0.119341336,0.108110435
941,0.31965545,-0.3188587,0.05836657,0.05669642
942,-0.03267908,0.13288076,0.05077579,0.036394674
943,-0.024592474,0.18339641,0.056316387,0.037725434
944,0.23276593,-0.07457672,2.7162786,2.1196446
945,0.12594461,0.25762394,0.077618904,0.077115595
946,-0.6234472,0.11626054,0.062987536,0.050380945
947,0.14974253,-0.2503396,0.10543363,0.101298116
948,0.044344924,0.041106675,0.070761345,0.052212495
949,0.37911925,0.047964465,0.11367488,0.1075196
950,0.16518135,0.19987404,0.17966363,0.17529503
951,0.11885044,-0.040727895,0.113117166,0.098019995
952,0.54959846,0.14006272,0.09353535,0.073286064
953,-0.028238535,-0.035836313,0.052432124,0.046734486
954,-0.007214873,-0.12288265,0.139644,0.13396029
955,-0.015554904,0.014112051,0.054018855,0.06444679
956,0.32186583,0.20594566,0.072849765,0.057824038
957,0.37375543,-0.03554685,0.04255064,0.032285456
958,0.12635309,0.8508874,0.14693289,0.15192822
959,-0.06854452,-0.12542586,0.17491238,0.156375
960,-0.20748831,0.00059956964,0.044913616,0.044118423
961,-0.73095316,0.3504705,0.05551399,0.05717595
962,0.24662961,0.0026225178,0.08392851,0.08104487
963,-0.5697409,0.006582151,0.06176593,0.048029292
964,0.047139987,-0.14190356,0.047207803,0.04021013
965,-0.5446758,-0.2574032,0.09127506,0.07612516
966,-0.23592219,-0.07045244,0.16855708,0.14979696
967,-0.49583468,0.2177607,0.10769474,0.10548326
968,-0.0380896,0.005814898,0.141408,0.121549726
969,-0.5019841,-0.41727713,0.06892795,0.06854183
970,-0.31938517,-0.41428778,0.08850699,0.08640443
971,-0.6109033,0.08830271,0.06199083,0.04950011
972,-0.0012733778,0.06004155,0.051315676,0.05212922
973,-0.0844409,0.28805995,0.0968869,0.10132499
974,0.033566944,-0.24781857,0.054561846,0.044637583
975,-0.101270564,0.07095228,0.06533304,0.053542223
976,0.09474863,-0.22027166,0.119677626,0.118540615
977,-0.22778207,0.13091676,0.11327631,0.10689839
978,0.0077447416,-0.11971722,0.2055106,0.19981481
979,-0.04375297,-0.037173938,0.06522906,0.047801197
980,-0.19412942,-0.2356611,0.09382799,0.09546917
981,0.3383657,0.15517704,0.07480144,0.059860304
982,0.13293357,-0.41653815,0.07619348,0.056084137
983,0.0042680847,0.01172741,0.05687029,0.055581897
984,0.14303537,0.48515955,0.09474382,0.10245741
985,0.069540896,-0.20101605,0.17557618,0.19812548
986,0.11072362,-0.103866786,0.27243224,0.21448816
987,0.012736016,0.33373347,0.07490276,0.06239597
988,-0.2192124,-0.40176597,0.057524625,0.050998498
989,0.0638474,0.037662204,0.15999642,0.14078905
990,0.40826377,-0.20027032,0.067402944,0.043228026
991,-0.11467926,-0.061142977,0.113961674,0.1031121
992,0.3663179,0.528857,0.07995613,0.07089308
993,0.028565306,0.08021031,0.10774815,0.10197569
994,-0.0007880321,0.26728326,0.3000724,0.31244323
995,-0.08837816,0.1516909,0.067513704,0.062142804
996,-0.08173016,0.033170734,0.1758425,0.16618283
997,-0.031232785,0.02319133,0.038970903,0.042913534
998,0.038943186,0.057471726,0.100152954,0.089378215
999,0.21868137,0.2986171,0.10352231,0.11672886
1000,0.40735626,-0.11138045,0.22497417,0.20395218
1001,0.011598171,0.02346797,0.08879795,0.07818573
1002,-0.1126996,0.15500908,0.03897939,0.040999357
1003,0.12930252,-0.59410566,0.08350071,0.065125644
1004,-0.0017153388,0.18283004,0.13653974,0.112574406
1005,-0.006118006,-0.04239348,0.08333675,0.058906924
1006,-0.22956094,0.21988823,0.1703143,0.16460347
1007,0.006145195,-0.15730493,0.19299601,0.20900892
1008,-0.10144538,0.06541386,0.2864581,0.30511397
1009,-0.1682724,0.110312365,0.15613647,0.14389963
1010,-0.119606584,-0.45122468,0.056302972,0.04792949
1011,-0.29155418,-0.0075848,0.14771333,0.1540173
1012,0.18001892,-0.108476356,0.07030375,0.068127744
1013,0.020786565,-0.1065979,0.11446077,0.112436675
1014,-0.08322482,0.08393145,0.17326587,0.14553893
1015,-0.068840526,0.086382926,0.10733244,0.10793402
1016,-0.20403771,0.021109242,0.15096346,0.1260227
1017,-0.013115472,-0.07062022,0.0774307,0.07671332
1018,-0.025655437,-0.055466946,0.08153299,0.06679778
1019,-0.13785513,-0.021188091,0.11082457,0.10927968
1020,0.56793886,0.020536106,0.120811075,0.09378495
1021,-0.39207682,-0.06356968,0.15892708,0.12808566
1022,-0.14393853,0.6503118,0.068807,0.07191109
1023,0.104425624,0.13217764,0.10648016,0.10232567
1024,0.079600096,0.25374606,0.038559094,0.038554095
1025,0.1784706,-0.513076,0.08788201,0.09008628
1026,-0.0143754585,-0.18459712,0.08583987,0.07010762
1027,-0.17698802,0.19825138,0.17754371,0.16038592
1028,-0.23112957,-0.13688907,0.15861338,0.15035892
1029,0.3971642,0.08464106,0.06936082,0.051860906
1030,-0.032869793,-0.40847102,0.13682975,0.12441606
1031,0.2895188,-0.1805629,0.11822443,0.118447356
1032,-0.09198617,-0.1756099,0.13283932,0.113674045
1033,0.0661017,-0.11387238,0.08393487,0.077234894
1034,-0.5335067,0.037762884,0.08310881,0.07505906
1035,0.1552048,-0.016332228,0.11721907,0.10140331
1036,-0.018589545,0.01899777,0.07403987,0.06168467
1037,-0.1564442,0.20562267,0.10218428,0.09828809
1038,-0.22346851,-0.09250186,0.0555812,0.046443783
1039,-0.03504479,-0.086232975,0.09780759,0.07778818
1040,0.014788211,-0.024456967,0.04253304,0.03661357
1041,-0.4692319,-0.64123505,0.08940231,0.09517302
1042,-0.5834391,0.2689158,0.108204,0.07209885
1043,0.0807421,0.019981842,0.055679195,0.047142368
1044,-0.06305412,-0.021666836,0.07121062,0.06354394
1045,0.18005005,0.22579159,0.05313639,0.044667237
1046,-0.26213905,-0.019146893,0.10543837,0.09678845
1047,0.11753448,-0.16750692,0.19774124,0.17372821
1048,0.08161444,-0.1330339,0.08194495,0.08183261
1049,0.3899396,0.07195003,0.14372775,0.12921894
1050,0.15128802,0.25169805,0.3319584,0.35037494
1051,0.45361423,-0.6037214,0.08802623,0.09531286
1052,-0.01933685,-0.070849136,0.080072984,0.061432246
1053,-0.07524535,0.5616982,0.0990364,0.09918644
1054,-0.33882186,0.25241545,0.07641792,0.077038035
1055,0.8276785,0.019506756,0.08757353,0.04501832
1056,-0.21626325,0.35836127,0.10405724,0.09700477
1057,-0.08118528,0.090674445,0.088602565,0.0920288
1058,-0.7957367,0.09980711,0.111487426,0.08923277
1059,0.06820153,0.3429483,0.10074778,0.09791919
1060,0.4267618,0.1757042,0.12874942,0.1175294
1061,-0.06252644,0.06615731,0.122910686,0.10457315
1062,0.04790607,0.05203678,0.06686834,0.054841693
1063,-0.14378785,-0.09518667,0.34314075,0.3288453
1064,-0.33364233,-0.8763536,0.09604104,0.09957014
1065,-0.14045055,0.0277321,0.15148067,0.15338309
1066,-0.0060427478,0.06604652,0.040195577,0.03242594
1067,0.09062713,0.24887715,0.057376508,0.047631085
1068,-0.09929037,0.13565485,0.13297603,0.099716924
1069,0.28615203,-0.5485711,0.0854269,0.091136105
1070,-0.0003194129,0.02795751,0.046265014,0.038866036
1071,-0.91206336,-0.04425012,0.100514494,0.0769733
1072,-0.1434634,0.026567515,0.07496393,0.061316688
1073,0.37911925,0.047964465,0.11367488,0.1075196
1074,0.20841564,0.052450616,0.098552145,0.095960274
1075,-0.15851127,0.5503547,0.17264839,0.16127294
1076,-0.04012681,0.022656407,0.03537324,0.033545844
1077,-0.48774868,-0.5298394,0.13197736,0.120678395
1078,0.054574385,-0.09201145,0.13003492,0.11659991
1079,0.122955844,0.20014669,0.074079946,0.0814097
1080,0.054330155,-0.34047875,0.09200633,0.094813146
1081,0.23608157,-0.41055277,0.1337323,0.12544408
1082,0.055339605,-0.1628136,0.13876456,0.13615131
1083,-0.011279876,0.0146878725,0.15303695,0.16377056
1084,-0.07339456,-0.07378162,0.12463043,0.10841459
1085,0.072268106,-0.007886902,0.054046188,0.04047734
1086,-0.13877104,-0.18251692,0.2228194,0.22087663
1087,-0.11578802,0.057243247,0.08064886,0.081014976
1088,0.60018075,-0.1375279,0.089738116,0.06164855
1089,-0.088441804,-0.12864235,0.074163064,0.0740854
1090,0.2604247,0.41562366,0.20855345,0.18974102
1091,-0.105050966,-0.04340228,0.08258726,0.082475774
1092,-0.47861934,-0.3266475,0.060153406,0.056232307
1093,-0.10444461,-0.05145354,0.07044887,0.053759426
1094,-0.37385023,0.09350713,0.22404942,0.21651483
1095,-0.20771734,0.30975792,0.06370925,0.06142731
1096,-0.04155899,-0.31024215,0.044738766,0.036159907
1097,-0.45679328,-0.22074033,0.074698664,0.06508219
1098,-0.12287997,-0.095655814,0.050852608,0.046946894
1099,0.009145231,-0.14703317,0.06430188,0.049386606
1100,0.18167104,-0.1779022,0.09076405,0.084681936
1101,0.20597802,0.139753,0.19558683,0.20352527
1102,0.004912303,0.24721251,0.070860855,0.059673812
1103,0.38323304,0.42435983,0.08412919,0.085414164
1104,-0.16902396,0.24864008,0.13476902,0.12775026
1105,0.09448309,0.36040387,0.25813904,0.24633512
1106,0.055618383,0.14639975,0.11058981,0.08680592
1107,0.1939631,0.1480357,0.07882693,0.06879456
1108,0.38133207,0.29784253,0.1756382,0.14188734
1109,-0.059420064,0.017560277,0.05065397,0.044276793
1110,0.012029172,0.012771531,0.270027,0.27906728
1111,-0.01933685,-0.070849136,0.080072984,0.061432246
1112,0.044911273,-0.055061806,0.042049553,0.030926043
1113,-0.7398217,0.008825245,0.087102264,0.064885594
1114,0.20194924,0.024408508,0.07153685,0.06665333
1115,-0.03449098,-0.09785813,0.09661938,0.09446868
1116,0.008618803,-0.19040217,0.16834316,0.15277688
1117,0.2269258,-0.19524895,0.20593424,0.19844185
1118,0.5176193,0.33149025,0.046867058,0.042991012
1119,-0.114121616,0.016944882,0.13784593,0.1445548
1120,0.17422876,-0.11191798,0.061920244,0.045300834
1121,0.25175568,-0.12592095,0.081846975,0.07575673
1122,-0.03451915,-0.23506756,0.17102247,0.1704358
1123,0.0088560665,0.010070267,0.10348803,0.08378357
1124,-0.16068482,0.12300253,0.3215387,0.3071574
1125,-0.03402816,-0.022066407,0.06645949,0.061970107
1126,-0.040874578,-0.16561528,0.0851874,0.08130143
1127,0.11004965,-0.0004412057,0.08705232,0.07732078
1128,-0.17971526,-0.34578872,0.15981092,0.1673389
1129,0.19726844,0.030999925,0.095823355,0.074603416
1130,-0.077323735,-0.04150949,0.1197266,0.114955395
1131,-0.017309904,0.074044205,0.055109844,0.045138825
1132,0.23632099,-0.30098957,0.065431304,0.059670478
1133,0.21694277,-0.13428277,0.085312515,0.07263369
1134,-0.43473634,0.035442125,0.14416729,0.14347355
1135,0.039585903,0.19094102,0.15958382,0.17885262
1136,-0.08398649,0.3172678,0.035829842,0.037382476
1137,0.23314525,0.21579292,0.22367097,0.2039293
1138,-0.1325465,-0.0037424797,0.07787843,0.07172713
1139,0.09005111,0.5756305,0.12629901,0.123846464
1140,0.31797507,-0.27634683,0.09555816,0.087659
1141,0.11035097,-0.09174508,0.27357563,0.25809157
1142,-0.084627315,-0.015455631,0.040667716,0.03936784
1143,0.071138896,0.08784886,0.041966792,0.03931878
1144,-0.2970522,0.029715043,0.060044847,0.053874332
1145,0.103449054,0.30886304,0.19961971,0.17831126
1146,0.89055824,0.36671016,0.15167223,0.106476665
1147,0.08244286,0.090352945,0.15939415,0.14973988
1148,-0.4738752,0.18698336,0.0515846,0.046977844
1149,-0.14367114,-0.07743019,0.13910942,0.1371881
1150,0.012216606,0.0016790805,0.06505885,0.05954805
1151,-0.22070791,-0.024391916,0.04938827,0.04373074
1152,-0.23311143,0.13718684,0.25924164,0.24174887
1153,-0.35199037,-0.057152014,0.17090331,0.1483815
1154,-0.16657098,0.18882938,0.17939205,0.14734988
1155,0.18018848,-0.055630445,0.06827848,0.057473216
1156,-0.17164797,-0.12014794,0.10402115,0.09463582
1157,-0.14742099,0.060676444,0.04271377,0.040022414
1158,0.06282043,0.21372055,0.038594536,0.032927107
1159,0.63240415,-0.47967097,0.12231001,0.109728575
1160,0.25175568,-0.12592095,0.081846975,0.07575673
1161,-0.6776551,-0.3140847,0.059023183,0.05406332
1162,-0.0016959896,0.1611566,0.03796098,0.036241863
1163,0.116429366,0.03924227,0.19367777,0.19151857
1164,0.123425096,-0.38576093,0.06050716,0.04460662
1165,-0.06924426,-0.12808725,0.15914528,0.14534129
1166,0.12830997,-6.0004182e-05,0.102788225,0.09982798
1167,0.2633812,-0.13463785,0.11099966,0.13195047
1168,-0.020044357,-0.021012105,0.042334918,0.036392894
1169,-0.1390317,-0.3119148,0.11247777,0.11693344
1170,-0.123683736,-0.13544157,0.23818952,0.25363573
1171,-0.06293463,-0.17751414,0.12776111,0.12809247
1172,-0.0025273701,-0.021213833,0.10750953,0.102620624
1173,0.21855937,-0.05155323,0.08788279,0.094273806
1174,-0.016573496,-0.2742532,0.13690983,0.14596151
1175,-0.19943433,0.13475847,0.05040407,0.047357168
1176,0.028830685,-0.21228954,0.12177579,0.108779944
1177,-0.007140941,0.15561548,0.060529254,0.067751765
1178,-0.15709566,-0.02136496,0.0582134,0.052935697
1179,0.07772422,0.012987587,0.082668915,0.06450406
1180,0.48231784,0.053423975,0.16923761,0.15300292
1181,0.10270378,0.06633632,0.07957109,0.071715765
1182,-0.033860825,0.12427057,0.038997963,0.03659224
1183,-0.05029066,-0.08036147,0.18929955,0.18841879
1184,-0.032359447,-0.07126144,0.080840096,0.06638177
1185,-0.08424213,-0.023836728,0.077800564,0.06837563
1186,-0.2731373,0.032456484,0.13823085,0.1459793
1187,0.06609652,-0.036777455,0.040893756,0.03974648
1188,1.1054894,-0.028686304,0.10368762,0.062289976
1189,0.22000898,0.10336862,0.110226326,0.08141075
1190,0.07892363,-0.048974775,0.2716826,0.28216416
1191,0.23281944,-0.18594743,0.124182336,0.13148656
1192,0.19376962,0.593751,0.16000201,0.1647391
1193,-0.08145601,0.3109567,0.14258957,0.10145876
1194,0.1208584,0.09536125,0.05645599,0.042744838
1195,-0.17446525,-0.06681105,0.08731607,0.076510936
1196,-0.010210636,0.036853436,0.052503157,0.05058406
1197,-0.40882608,0.45515594,0.03770501,0.034800112
1198,0.3387607,-0.51098585,0.06074973,0.06674184
1199,0.16570921,-0.28034365,0.05020478,0.048478134
1200,0.6519364,-0.17618357,0.15045038,0.13021138
1201,-0.042318247,-0.13114175,0.12208352,0.12269669
1202,-0.16418576,-0.0012683542,0.06711171,0.05362918
1203,0.10977724,0.039587732,0.23607044,0.2603986
1204,-0.18790986,0.18649246,0.4236438,0.42026237
1205,-0.5526148,-0.24061601,0.04919207,0.033875983
1206,-0.17937842,0.13438877,0.043486662,0.0375992
1207,-0.11467926,-0.061142977,0.113961674,0.1031121
1208,-0.07960823,-0.12276231,0.07090838,0.05964647
1209,-0.026556239,-0.029525924,0.037758388,0.04220356
1210,0.46082562,0.39560756,0.076852426,0.07659094
1211,0.073065475,-0.13181889,0.15098672,0.13008536
1212,-0.002011626,-0.035417747,0.09807512,0.07528616
1213,0.20726182,-0.006886215,0.079002954,0.07377017
1214,0.020261869,0.019390926,0.033387624,0.030757135
1215,0.0070670517,-0.089118086,0.08803944,0.07677374
1216,0.0050674165,0.08390928,0.17867683,0.17262265
1217,-0.12260999,0.39023575,0.03951754,0.053463724
1218,-0.1848644,-0.1338895,0.22211877,0.22325471
1219,0.36790785,0.416277,0.042289324,0.04502474
1220,0.29779357,0.091903165,0.23070204,0.22789778
1221,-0.06056451,0.073973045,0.20200393,0.18471855
1222,0.10281448,0.12624358,0.072771735,0.059748862
1223,-0.09320217,-0.017186996,0.1741823,0.154094
1224,0.0034006247,0.0027271314,0.110842824,0.07835063
1225,-0.04072191,0.025638167,0.065519616,0.055057555
1226,0.1176908,0.027723763,0.120207675,0.12380955
1227,0.23465185,-0.095068924,0.3025357,0.29649535
1228,0.13113329,-0.029584613,0.11966165,0.11073738
1229,-0.23744924,0.28741956,0.046944972,0.043709118
1230,0.044967443,0.2268151,0.32377338,0.30811593
1231,0.041016735,-0.008991086,0.070084944,0.060200524
1232,-0.14115033,-0.18144839,0.15338981,0.14754994
1233,0.030446269,-0.009290134,0.04997835,0.04624635
1234,-0.14042681,0.3008755,0.0818874,0.07698528
1235,0.41027805,-0.32057044,0.0757429,0.050779775
1236,-0.027287878,0.2374571,0.082387805,0.08415491
1237,-0.08101216,-0.07940659,0.25248122,0.23869453
1238,0.0058303783,0.011654015,0.07193918,0.06456365
1239,-0.07182704,-0.48271447,0.043855373,0.043432508
1240,0.58809805,-0.5343689,0.09162298,0.07874395
1241,-0.056580342,-0.020772662,0.052538108,0.045400202
1242,-0.69665205,0.649376,0.09935832,0.08507137
1243,0.3010392,0.29808205,0.077315845,0.0757797
1244,-0.025735535,0.054665763,0.05725583,0.046861824
1245,0.012818799,-0.008925364,0.10032161,0.1013251
1246,-0.117641464,0.2640541,0.13623823,0.13877884
1247,0.085915,0.034014527,0.054985728,0.05147475
1248,0.03301043,-0.10057603,0.04276174,0.041856784
1249,0.0025759945,0.0211805,0.096557915,0.080002986
1250,-0.18330584,-0.3624503,0.043258253,0.03593325
1251,0.053946376,0.05859365,0.05753318,0.04464376
1252,-0.09402762,0.15006305,0.12170266,0.110004
1253,0.116429366,0.03924227,0.19367777,0.19151857
1254,-0.16194776,0.018622119,0.1070042,0.08905105
1255,0.24246265,0.43555874,0.14516385,0.15031254
1256,0.08161444,-0.1330339,0.08194495,0.08183261
1257,-0.012588172,0.13141732,0.1707356,0.17023711
1258,-0.34762725,0.8436665,0.1268279,0.13211092
1259,0.095906906,0.73852354,0.07257486,0.07860193
1260,-0.08715156,0.072967835,0.095158055,0.08647035
1261,-0.17658345,0.112455174,0.19913903,0.15456454
1262,-0.042022973,0.14493641,0.22324432,0.19144431
1263,0.07037975,0.013517748,0.08695288,0.07918606
1264,0.04819298,-0.02473053,0.070133954,0.06518278
1265,-0.19136237,-0.046650816,0.3569418,0.32905748
1266,-0.088373154,-0.060420047,0.13549915,0.110765554
1267,0.059476376,-0.05506064,0.071341604,0.065516576
1268,0.18813159,-0.07374139,0.105284184,0.08704109
1269,-0.022724018,0.021519829,0.049495712,0.041723162
1270,-0.120995045,0.14475772,0.09765408,0.08437933
1271,-0.041401993,0.17555371,0.06351048,0.058635883
1272,-0.7314925,0.41715193,0.063366696,0.059856534
1273,-0.023185633,0.021560092,0.13578582,0.11527734
1274,0.34569743,-0.285591,0.122990586,0.10466361
1275,-0.17386484,-0.04794695,0.18419558,0.16831087
1276,0.029648487,-0.39641643,0.046179302,0.045738526
1277,0.040711813,0.025030032,0.20191441,0.19120665
1278,0.2438119,-0.062567554,0.06361282,0.049081616
1279,-0.1372876,-0.010883947,0.17210978,0.18340617
1280,0.16862611,-0.120033056,0.111992426,0.10511334
1281,-0.10274288,-0.19140606,0.1739844,0.15710372
1282,-0.11453252,-0.17656319,0.14351368,0.11925872
1283,-0.060057793,-0.2180524,0.06679486,0.060052283
1284,-0.11248766,0.0012602238,0.0355915,0.039326187
1285,0.039470963,0.088016376,0.07263106,0.05154313
1286,0.06617017,-0.17428865,0.04934481,0.051266864
1287,-0.1867107,0.028551403,0.068538435,0.049245417
1288,-0.03761254,-0.27916363,0.06241203,0.056959603
1289,-0.06351156,-0.11831713,0.10000908,0.102582805
1290,0.06310229,-0.13416582,0.1188106,0.10236306
1291,-0.090358324,-0.00033635367,0.09661549,0.092722684
1292,0.0661017,-0.11387238,0.08393487,0.077234894
1293,0.043801777,0.04252212,0.07034065,0.049699258
1294,-0.2562033,0.13979799,0.07132009,0.07245684
1295,-0.11131143,0.2036138,0.07927732,0.08084173
1296,-0.27214292,-0.33978987,0.055372227,0.050019775
1297,-0.21127158,0.56677705,0.062212773,0.061757114
1298,0.14811242,0.10943179,0.10445916,0.07548728
1299,0.06091678,0.1428581,0.047923036,0.043392483
1300,0.12553366,-0.25324482,0.17436917,0.18416841
1301,0.043062508,0.1420338,0.06626047,0.061927814
1302,-0.29812825,-0.038770385,0.06987719,0.05892173
1303,0.4064052,0.12011601,0.08125651,0.062822215
1304,-0.6412984,-0.25800943,0.17603184,0.14323959
1305,0.16078083,-0.25145403,0.07536124,0.069590345
1306,-0.1825199,0.10496462,0.06777966,0.061549727
1307,0.2806261,-0.03677815,0.11235335,0.09552423
1308,0.29564628,-0.013604083,0.2125715,0.20372067
1309,-0.23157695,-0.29578438,0.08481533,0.083547816
1310,0.0055592963,0.22843565,0.0817425,0.06559998
1311,0.19307439,-0.115705065,0.063103825,0.043238867
1312,0.034241177,-0.054243222,0.059778083,0.050796844
1313,-0.2983102,-0.0933252,0.17758077,0.17811447
1314,0.43308917,-0.13155949,0.15979701,0.12306719
1315,-0.09655293,0.008797559,0.11220088,0.093164586
1316,-0.23973233,-0.42762673,0.19527702,0.15625381
1317,-0.023153767,0.71794564,0.062501736,0.06382139
1318,0.27219066,0.04198153,0.1633515,0.15663499
1319,-0.049673937,-0.14887425,0.054462507,0.04565907
1320,0.25365806,-0.54230136,0.079284154,0.08176781
1321,-0.40487245,0.28064534,0.11388339,0.107434735
1322,0.007154924,0.1833316,0.30721432,0.32443523
1323,-0.08003896,-0.39699912,0.1368357,0.12992638
1324,0.0748103,-0.15204276,0.0646525,0.06351073
1325,0.03707914,0.018809829,0.13600123,0.11845347
1326,-0.120995045,0.14475772,0.09765408,0.08437933
1327,-0.14751437,0.08315096,0.04713639,0.050416805
1328,0.13555713,-0.1301806,0.09777744,0.0960143
1329,0.040728524,-0.040918883,0.035721257,0.036395676
1330,0.21541448,-0.34329042,0.07354933,0.07208807
1331,-0.27583212,0.20202835,0.09888794,0.08809327
1332,0.12354949,0.038154457,0.042147614,0.033257306
1333,-0.29914686,0.18313915,0.17997162,0.17866264
1334,-0.037136145,-0.024555076,0.0598395,0.061010998
1335,0.051623136,0.054917354,0.060875587,0.04859196
1336,0.0012377361,-0.214047,0.08788736,0.07593998
1337,-0.068734445,-0.020496752,0.078517504,0.08096422
1338,0.21185301,-0.5001488,0.10256575,0.10597124
1339,-0.49046454,-0.27489227,0.078700006,0.07515734
1340,0.3743385,0.14010328,0.047100905,0.036759354
1341,-0.13425003,-0.09961352,0.1307746,0.117996894
1342,-0.060613215,-0.4369598,0.0372588,0.034303855
1343,-0.6247967,-0.09846314,0.1062374,0.089497715
1344,-0.06510798,-0.3900802,0.14199379,0.15007952
1345,-0.36742258,0.07518588,0.046815183,0.04137415
1346,0.014805094,-0.028336849,0.30225515,0.32065442
1347,-0.6412984,-0.25800943,0.17603184,0.14323959
1348,0.53339154,0.5458631,0.108209565,0.09830522
1349,0.09285502,-0.2785209,0.31344348,0.30680254
1350,-0.6474242,-0.26824778,0.050585866,0.044718973
1351,0.2596862,0.32663912,0.05985432,0.05903184
1352,0.14494266,0.45148787,0.07391167,0.07137554
1353,-0.19692424,0.06117167,0.11992562,0.12588675
1354,-0.24037413,-0.59693384,0.091279626,0.089029975
1355,-0.37482637,0.59672725,0.23443213,0.2509558
1356,-0.10768271,-0.24480109,0.14223506,0.15230978
1357,0.072741166,0.30228814,0.09748216,0.092025585
1358,0.27083713,-0.026799966,0.06928551,0.060463306
1359,0.5508335,0.12715209,0.053182732,0.035852976
1360,-0.11858082,0.09928974,0.07732192,0.07024427
1361,0.17993174,0.03976291,0.08924279,0.09049165
1362,-0.028125476,0.087053,0.079811506,0.07482811
1363,-0.1985858,0.45265353,0.05024117,0.05160877
1364,-0.16598643,0.28671482,0.13852848,0.14086522
1365,0.10281448,0.12624358,0.072771735,0.059748862
1366,-0.2872341,0.03582955,0.06854322,0.065011226
1367,-0.060613215,-0.4369598,0.0372588,0.034303855
1368,0.03768359,-0.04162011,0.052942276,0.040578824
1369,0.323656,0.3677181,0.15733103,0.1302976
1370,-0.27000663,-0.25964376,0.06563695,0.05254666
1371,0.32075265,-0.4349795,0.11930653,0.09406525
1372,0.019999892,-0.37472382,0.07677525,0.07102258
1373,-0.01084439,-0.05718097,0.09741262,0.09610752
1374,-0.04328336,-0.05270284,0.13487163,0.13867824
1375,-0.17868511,-0.60547704,0.11774323,0.13209692
1376,0.09548639,-0.10031259,0.19487762,0.18123691
1377,0.0789363,0.092722364,0.0606041,0.038691152
1378,-0.031070013,-0.03670488,0.08039446,0.07501372
1379,0.49802592,-0.35389373,0.04976037,0.04664491
1380,0.33001348,-0.018495452,0.1078252,0.092112616
1381,-0.5375907,0.48955455,0.07565538,0.0726999
1382,0.03436812,-0.16563897,0.105099946,0.09099618
1383,-0.08393397,-0.035181116,0.036754478,0.037382882
1384,-0.004885341,-0.059277717,0.1203694,0.10237845
1385,0.0517319,-0.016052049,0.041783996,0.037125472
1386,-0.22167416,-0.104533136,0.10184013,0.07057625
1387,-0.26703525,0.12284055,0.05022235,0.04224929
1388,0.03373532,-0.0897672,0.0347693,0.03590507
1389,0.004745082,0.17744161,0.34754002,0.32823116
1390,0.12991965,-0.008395557,0.24508402,0.20350665
1391,0.11187719,0.55089074,0.07090338,0.06627556
1392,0.38179317,0.28296176,0.061483037,0.048931427
1393,0.2676646,-0.04719707,0.046002284,0.031657614
1394,-0.046105623,-0.1835664,0.091087446,0.10155847
1395,0.23242104,-0.47968277,0.065359056,0.055586245
1396,-0.00022203755,-0.36586425,0.1519199,0.16468765
1397,0.15498096,0.27273014,0.051340923,0.04735271
1398,-0.10786993,0.103487015,0.09078137,0.085206985
1399,-0.35381448,-0.61196136,0.06665981,0.06406587
1400,-0.60139585,-0.080370344,0.07160986,0.054704983
1401,-0.62576306,0.6176611,0.11958561,0.1211681
1402,0.0388741,0.777203,0.110507295,0.12241636
1403,-0.32309836,0.117949024,0.094867975,0.09509
1404,-0.33146334,-0.823813,0.09658896,0.10608275
1405,0.0008780034,-0.04415283,0.05160815,0.048996035
1406,0.07672087,0.062461685,0.09602492,0.077236
1407,0.013903477,0.21105067,0.06940841,0.060029596
1408,-0.19860992,-0.10084103,0.21686292,0.23095153
1409,0.17627247,-0.23939516,0.109334305,0.093385175
1410,-0.4255531,-0.45825064,0.14848465,0.14102243
1411,0.1665652,-0.3743946,0.08785024,0.085684665
1412,0.11803435,-0.12029806,0.22372657,0.20448813
1413,-0.27321747,-0.19692107,0.19999322,0.18447486
1414,0.028544962,0.050635237,0.186369,0.15416592
1415,-0.019688744,0.092502,0.10137122,0.0908511
1416,-0.42080897,0.12032089,0.05852275,0.054320853
1417,-0.13934103,-0.12503284,0.1191695,0.097640045
1418,0.46450824,-0.03299727,0.09621549,0.083457746
1419,-0.009483679,0.07645034,0.050991286,0.04985787
1420,0.16505335,-0.2990709,0.09293631,0.08066928
1421,0.32798192,0.45554844,0.033350844,0.042005476
1422,-0.0076200506,0.0033671139,0.11173628,0.12177523
1423,0.07740316,0.3053219,0.08739604,0.08043886
1424,0.30320516,0.069989204,0.111355625,0.087919526
1425,-0.19476546,0.11895895,0.10559563,0.09374434
1426,-0.14624618,0.1033726,0.14013882,0.13134365
1427,0.025540873,-0.12427756,0.0545334,0.05123105
1428,-0.03353548,0.16629131,0.10684373,0.10331429
1429,-0.06575053,-0.25811476,0.16176821,0.15129203
1430,-0.147029,0.067324236,0.09206145,0.07073398
1431,0.06091678,0.1428581,0.047923036,0.043392483
1432,-0.18463221,-0.017852355,0.1087899,0.09643189
1433,0.07953317,-0.13564016,0.07587739,0.07598803
1434,0.03657486,-0.010548663,0.037821177,0.039069615
1435,-0.1924464,0.030131351,0.07673362,0.056863096
1436,0.3060763,0.4326586,0.17668943,0.1840845
1437,-0.012489083,0.053202037,0.115984835,0.11604109
1438,-0.32008395,-0.045477983,0.2202738,0.21253188
1439,0.050676577,-0.13625063,0.10310691,0.10187761
1440,0.27866697,0.09627492,0.10354263,0.10754857
1441,0.017669544,0.11049165,0.03223631,0.033370394
1442,-0.20989506,0.4004322,0.07425306,0.06687509
1443,0.5117761,0.14664811,0.053337924,0.03683226
1444,-0.0078097424,0.011449545,0.037899572,0.03836698
1445,0.34043208,0.01115157,0.051616184,0.05306438
1446,-0.062107112,0.048361395,0.33832258,0.26959264
1447,0.07642779,1.0536885,0.0893092,0.10666433
1448,0.28117904,0.16163449,0.06830497,0.056710895
1449,0.020261087,0.0037929518,0.06758022,0.06027969
1450,-0.52921224,-0.6790831,0.057006665,0.05498295
1451,-0.18051991,0.15245941,0.07545929,0.07124788
1452,0.015626311,0.16036414,0.10023879,0.10503765
1453,0.26427287,-0.20196371,0.15188426,0.14771037
1454,-0.28296712,0.18581112,0.061404333,0.057333782
1455,0.15313359,-0.013113988,0.10833505,0.0961982
1456,-0.18094844,-0.16816717,0.10973506,0.103479125
1457,0.11820969,0.17806484,0.12676854,0.10974293
1458,0.34861395,-0.47457615,0.16958985,0.15664203
1459,0.028614417,-0.042841386,0.04442124,0.042540446
1460,-0.059176236,0.29409146,0.050157044,0.04784029
1461,-0.1867107,0.028551403,0.068538435,0.049245417
1462,0.0939094,-0.17038585,0.10012523,0.08707237
1463,0.017012887,0.077700034,0.09472116,0.07319117
1464,0.14937408,-0.27903453,0.109835245,0.101277225
1465,0.15880008,0.08615422,0.06965662,0.06708895
1466,0.505296,0.14859901,0.04526049,0.028614338
1467,-0.2217554,-0.07592868,0.17306618,0.17287722
1468,-0.1072189,-0.13599782,0.18684933,0.17360915
1469,0.20194924,0.024408508,0.07153685,0.06665333
1470,-0.11591852,-0.5286735,0.040496815,0.04676095
1471,0.23818861,-0.3058329,0.12966576,0.13225752
1472,-0.06314107,-0.002034624,0.049046684,0.04977581
1473,0.13759167,-0.044836883,0.11555108,0.10415589
1474,0.26240563,0.12793384,0.068286724,0.056817267
1475,0.09928265,-0.22352783,0.06726519,0.060868755
1476,0.099634685,0.100058734,0.15601858,0.1475369
1477,0.06745526,0.10960589,0.12874451,0.12180209
1478,-0.20802641,-0.17534257,0.13654028,0.119001836
1479,-0.41734296,-0.051634457,0.06586299,0.0465653
1480,0.071250565,-0.013300684,0.088408135,0.073952824
1481,-0.91725427,0.2244048,0.09745793,0.0811214
1482,0.8276785,0.019506756,0.08757353,0.04501832
1483,-0.29858708,0.33764663,0.1348561,0.12827055
1484,-0.24286507,-0.12346159,0.08241733,0.082778834
1485,0.24441572,0.07953265,0.047531378,0.03900118
1486,-0.044713795,-0.12074928,0.31761932,0.31913847
1487,-0.28838402,0.024947781,0.07914615,0.08053042
1488,-0.2265911,-0.1667146,0.34971735,0.33136675
1489,-0.32539314,0.19540457,0.046252836,0.04664262
1490,0.20964906,-0.1256739,0.07460684,0.059877984
1491,-0.58239627,0.36938086,0.060056858,0.05645398
1492,0.043062508,0.1420338,0.06626047,0.061927814
1493,-0.113912046,0.19563109,0.10932896,0.11080999
1494,0.09427884,0.031987283,0.04044347,0.03442672
1495,-0.15799733,-0.049628932,0.10646517,0.10381339
1496,0.022695445,-0.010984373,0.0709317,0.05954634
1497,0.020206153,-0.20517142,0.0805578,0.08324833
1498,-0.24357656,0.06618141,0.06850271,0.06290042
1499,0.74734175,-0.29830042,0.051710147,0.043672346
1500,0.029748213,-0.116197854,0.104991645,0.10714911
1501,0.052634288,0.073455475,0.14251599,0.12639986
1502,0.16873616,0.18061684,0.074887715,0.06562536
1503,-0.13267158,-0.2279799,0.106570825,0.09426431
1504,-0.023853675,-0.18109874,0.09582325,0.09487107
1505,-0.20962815,-0.12870312,0.058767933,0.057583574
1506,0.008918063,-0.40446565,0.08930669,0.09333535
1507,0.11792965,-0.12630534,0.122461274,0.12470079
1508,0.49832824,0.0543702,0.07174868,0.05484667
1509,0.10532815,-0.06743652,0.08770873,0.07817379
1510,-0.060057793,-0.2180524,0.06679486,0.060052283
1511,0.038943186,0.057471726,0.100152954,0.089378215
1512,0.1402385,0.2351396,0.052884165,0.049332593
1513,-0.29070857,0.7098736,0.03948958,0.04944312
1514,0.042953357,0.05630902,0.16738464,0.14843333
1515,0.058062553,0.0071647493,0.09093769,0.09042302
1516,-0.030129775,0.0486628,0.15045765,0.13612308
1517,-0.6213673,0.50365394,0.09425856,0.078275874
1518,-0.19822,0.38833287,0.196341,0.17575563
1519,-0.16500895,-0.4719613,0.04399901,0.04272165
1520,-0.2288506,-0.01662596,0.12701136,0.12335752
1521,0.34156626,0.20605297,0.10418969,0.097643964
1522,-0.037867345,-0.13709208,0.091440976,0.086382896
1523,-0.31611732,-0.94242316,0.122301474,0.12628129
1524,0.06378118,-0.112684146,0.04697409,0.039824583
1525,-0.09332093,0.051769275,0.08366397,0.07862739
1526,0.011495502,0.21728668,0.14817457,0.13026156
1527,-0.116043836,0.45307055,0.09099734,0.0880385
1528,0.24606545,-0.23312171,0.06967964,0.071502306
1529,0.553169,0.08479983,0.10743578,0.09952913
1530,0.09685671,-0.008151093,0.04581361,0.041049626
1531,0.068849,-0.014430654,0.06863694,0.06522516
1532,-0.1593232,-0.1479568,0.08153816,0.083022855
1533,-0.10297889,0.10020769,0.36415005,0.334757
1534,-0.07699282,-0.093794115,0.20575663,0.16343147
1535,-0.29946038,0.39979586,0.09134513,0.09372269
1536,-0.452689,-0.024331268,0.12792958,0.112238385
1537,0.292662,0.11146517,0.14193596,0.13633433
1538,0.08149579,0.09576652,0.24238893,0.25039384
1539,-0.06267851,-0.1781848,0.22440611,0.21376339
1540,0.039413504,-0.19279352,0.17878819,0.17732324
1541,-0.14965786,0.04058497,0.15858553,0.14032212
1542,0.4514137,-0.09296623,0.13331255,0.11917269
1543,-0.031573437,0.16268796,0.21364114,0.19621405
1544,0.09719461,0.56253797,0.05335183,0.047193512
1545,-0.31407726,0.30373186,0.2688926,0.25456002
1546,0.19067976,0.14270444,0.12841797,0.13224877
1547,-0.070145756,0.032748487,0.1881845,0.1610142
1548,-0.046089828,0.0047550527,0.121019304,0.13330534
1549,0.17627247,-0.23939516,0.109334305,0.093385175
1550,0.2769922,0.039597508,0.097949855,0.0776647
1551,-0.2712182,0.11991458,0.088586636,0.06691739
1552,-0.33709565,-0.13910384,0.08249241,0.07110272
1553,-0.71980983,0.25549752,0.113640815,0.101893574
1554,-0.10331682,-0.3410118,0.16867775,0.15411621
1555,-0.17275302,0.22899477,0.18541615,0.17179315
1556,0.98445183,-0.017668348,0.11627937,0.082312725
1557,0.24606545,-0.23312171,0.06967964,0.071502306
1558,0.1903796,0.33875152,0.053106327,0.06057926
1559,-0.26233402,0.11377696,0.063584074,0.053182464
1560,-0.019958217,-0.15438052,0.06765721,0.07127246
1561,-0.08398649,0.3172678,0.035829842,0.037382476
1562,-0.39698046,-0.4849209,0.053395342,0.052627128
1563,-0.28474393,-0.11321384,0.13696885,0.11704861
1564,0.07763711,-0.42766455,0.03992712,0.04173035
1565,-0.04857479,-0.056773175,0.12900345,0.11177849
1566,-0.05521664,-0.09390262,0.13132545,0.1309501
1567,-0.4301631,-0.34384897,0.049919486,0.048083883
1568,-0.27891162,0.15435815,0.090416595,0.08825044
1569,-0.09780061,-0.4989707,0.07654923,0.07043827
1570,-0.17771769,0.10495295,0.10229083,0.089272924
1571,-0.15643312,0.27346897,0.086475424,0.08230619
1572,-0.37489998,-0.33858567,0.08720617,0.07656595
1573,-0.025823385,0.058008436,0.153052,0.14330907
1574,-0.19170286,-0.030228276,0.33537513,0.31773305
1575,-0.15888579,0.11910835,0.108136386,0.09237731
1576,0.21468543,0.2617341,0.113176994,0.11661194
1577,-0.031036,0.12449716,0.041792568,0.036743492
1578,-0.059779048,-0.20978434,0.049719986,0.04248016
1579,0.17856738,0.14083926,0.03332306,0.030520778
1580,-0.01124142,-0.18179348,0.064243875,0.04909165
1581,0.026711412,0.036178645,0.05382469,0.051115345
1582,0.05023811,-0.108768225,0.1657155,0.15167893
1583,-0.009261488,0.21498972,0.096248746,0.08215108
1584,-0.06258859,-0.08314671,0.121795535,0.11684126
1585,0.106313966,-0.029813427,0.042772707,0.040609688
1586,-0.07241061,0.070005804,0.049302146,0.046347447
1587,0.22682862,0.27951992,0.11438176,0.11486348
1588,-0.28458002,0.45410064,0.08102535,0.07716705
1589,0.012121585,0.019878458,0.05080264,0.04238014
1590,-0.39734656,0.19247265,0.11880341,0.108126156
1591,-0.059023917,-0.12800322,0.07386273,0.061807323
1592,-0.17933103,-0.14204028,0.086407855,0.094711624
1593,0.14775653,-0.007758447,0.19346267,0.21230836
1594,-0.22391252,0.2052777,0.08809369,0.08236658
1595,-0.0077363765,0.056680437,0.051298574,0.047636252
1596,0.102737635,0.45227748,0.050367676,0.04883686
1597,0.02755531,0.028075311,0.1427935,0.14341196
1598,0.3949293,-0.20615679,0.080134496,0.06853202
1599,0.10147594,0.6540106,0.06771247,0.07601462
1600,-0.110137925,-0.07396158,0.1524535,0.16022776
1601,-0.26303494,-0.18311995,0.16778277,0.1359361
1602,0.23163493,-0.24646787,0.13821042,0.14175563
1603,-0.012389525,-0.0042905034,0.040697135,0.04070283
1604,-0.23023786,0.38951668,0.05486917,0.050281223
1605,0.14507236,-0.17893529,0.1729987,0.16124377
1606,0.040711813,0.025030032,0.20191441,0.19120665
1607,0.0058303783,0.011654015,0.07193918,0.06456365
1608,-0.07391231,-0.20541382,0.10216889,0.09690118
1609,0.040338993,0.10969792,0.053761657,0.04659412
1610,0.028614417,-0.042841386,0.04442124,0.042540446
1611,-0.14525875,0.0073069436,0.04242576,0.042889554
1612,-0.16998692,-0.0020455243,0.041755404,0.031150637
1613,-0.17895636,0.35397416,0.092922635,0.08339005
1614,-0.1672598,0.36618105,0.20497702,0.17655234
1615,0.053080577,-0.12222888,0.11706693,0.11779548
1616,0.085082635,0.07314134,0.075996175,0.059187606
1617,0.047824055,-0.037516747,0.053198334,0.03877391
1618,0.044921465,0.38514134,0.08961998,0.07816315
1619,-0.20282792,-0.67278165,0.0705544,0.07457128
1620,0.12356748,-0.3470277,0.109735385,0.13493596
1621,-0.05999624,-0.013080952,0.13971563,0.12828916
1622,0.0085923495,0.28953144,0.0984949,0.095766075
1623,-0.06118457,-0.19778664,0.13339716,0.12761973
1624,-0.38716072,0.18412103,0.13059267,0.11752186
1625,-0.83762926,0.0725917,0.121986434,0.08886035
1626,-0.059420064,0.017560277,0.05065397,0.044276793
1627,-0.17933103,-0.14204028,0.086407855,0.094711624
1628,-0.049273804,0.10572027,0.08089903,0.08380911
1629,-0.25526258,0.14912738,0.060305495,0.054644883
1630,-0.2828445,0.0075708656,0.11058009,0.12644088
1631,0.012779654,-0.07265266,0.053820964,0.03853829
1632,0.1765082,-0.34649345,0.039967548,0.029188206
1633,0.20251848,-0.18624572,0.06782621,0.06802944
1634,-0.13274512,-0.028012168,0.05551703,0.05315667
1635,-0.012254625,0.015158321,0.17760183,0.17434284
1636,0.1304417,-0.1304974,0.08748179,0.07447667
1637,-0.075599626,0.0009979559,0.21594024,0.1869978
1638,-0.19316599,0.45219433,0.12714434,0.111310095
1639,0.102717206,0.2100832,0.12475451,0.11711313
1640,-0.5963747,0.37881896,0.063619986,0.0632749
1641,0.018771924,0.06609404,0.06623693,0.059232127
1642,-0.14213853,0.13969536,0.22452484,0.20836237
1643,0.6625016,0.15278201,0.044322256,0.028599238
1644,0.15816145,-0.13928641,0.1322898,0.12410312
1645,0.16497599,-0.043281376,0.12074992,0.10225944
1646,0.059020817,0.28520092,0.06911954,0.055834632
1647,0.0010346184,0.07165316,0.22518727,0.18417718
1648,0.34562734,0.55836326,0.1119062,0.100290395
1649,0.302591,-0.27259496,0.050133917,0.054172125
1650,0.023606867,0.1107534,0.13842852,0.13388227
1651,-0.087253325,0.08939181,0.20934771,0.18913232
1652,0.38800445,0.020748127,0.080999516,0.0711052
1653,0.12176585,-0.008353879,0.07665182,0.06340927
1654,-0.02890376,-0.056587808,0.04571773,0.042307332
1655,-0.5421388,0.21290289,0.05009673,0.04669462
1656,0.16942497,0.073764786,0.04871235,0.045044884
1657,0.14160489,-0.46216965,0.0528075,0.052758295
1658,0.13663077,0.41553965,0.063006006,0.045070454
1659,0.021413602,0.0047234027,0.078386135,0.06011944
1660,-0.042768106,-0.017305527,0.05953752,0.04603482
1661,-0.39657876,-0.13301803,0.06327091,0.051863194
1662,-0.10711473,-0.31329057,0.17580178,0.17246513
1663,-0.3777772,0.25363764,0.14479004,0.14950444
1664,-0.021758787,-0.1830792,0.12920807,0.12718618
1665,-0.12287997,-0.095655814,0.050852608,0.046946894
1666,0.51355815,-0.4429689,0.05450574,0.040932383
1667,-0.08101216,-0.07940659,0.25248122,0.23869453
1668,0.029682867,0.015344652,0.07103908,0.06589021
1669,-0.203046,0.24112825,0.20828797,0.20600462
1670,-0.11364532,0.15899578,0.08953899,0.067228496
1671,-0.14367293,0.036635067,0.21935004,0.25504643
1672,-0.07909806,0.03646556,0.12405913,0.11813779
1673,0.06484349,-0.058031704,0.13193765,0.12038643
1674,0.15938367,0.1383207,0.042916726,0.035780605
1675,0.73571837,-0.10530265,0.103904784,0.087473325
1676,0.085082635,0.07314134,0.075996175,0.059187606
1677,0.029682867,0.015344652,0.07103908,0.06589021
1678,-0.024297215,0.02312551,0.11969496,0.12070435
1679,-0.29069754,0.22913857,0.09803481,0.08466692
1680,-0.10142292,-0.012466294,0.060273837,0.057471868
1681,0.06391667,-0.04878963,0.08057827,0.0748833
1682,0.04969666,0.19590296,0.12891868,0.119957104
1683,0.20688613,0.2881939,0.05291345,0.04283308
1684,0.26941264,0.16372292,0.25544238,0.2583325
1685,0.015477956,0.3710788,0.11561512,0.08808786
1686,0.15178092,0.28182796,0.20516491,0.17416525
1687,-0.011428929,-0.060775403,0.030385543,0.03399144
1688,0.24089766,-0.79366785,0.03247868,0.038242515
1689,-0.1802596,0.08986916,0.09492413,0.099106185
1690,-0.1444814,-0.07805735,0.07756882,0.061928403
1691,0.092753835,-0.4286579,0.046496835,0.04418795
1692,-0.10192392,-0.75069916,0.08228833,0.0961523
1693,0.21820845,-0.09320571,0.11025611,0.104005255
1694,0.09983887,-0.10710625,0.33601362,0.27881703
1695,-0.090497956,-0.22907875,0.062560976,0.051428925
1696,-0.15007277,-0.018313494,0.10013731,0.09629205
1697,0.2436188,-0.08536271,0.052733883,0.040169537
1698,0.01935441,-0.071401,0.15202947,0.13829657
1699,-0.39345938,0.076785095,0.17041905,0.1784212
1700,0.07427532,0.17405383,0.090468556,0.08548071
1701,-0.23611104,-0.11651906,0.08445298,0.078360684
1702,-0.049068987,-0.049233258,0.05338324,0.038606633
1703,0.0010680417,0.0604286,0.043868832,0.037969854
1704,-0.21903117,0.11930588,0.062700726,0.05408763
1705,0.12029262,-0.01340671,0.10406144,0.084948964
1706,-0.22201768,-0.088478945,0.111147195,0.1134002
1707,0.08812521,0.0462278,0.0618009,0.05369602
1708,-0.02447977,-0.07573387,0.1534256,0.14801279
1709,-0.33364233,-0.8763536,0.09604104,0.09957014
1710,-0.21390854,-0.15253316,0.093542844,0.08063973
1711,-0.31481916,-0.64939326,0.12962778,0.14490665
1712,0.439129,-0.097521484,0.05849419,0.039930932
1713,-0.089717224,-0.15875979,0.1655375,0.12891832
1714,0.26861274,-0.41478965,0.10786384,0.09921207
1715,-0.23180453,-0.12818238,0.11016748,0.100680396
1716,0.07643482,0.18589789,0.09990346,0.086210884
1717,0.025868401,-0.106563054,0.054049235,0.04065089
1718,-0.106789835,0.07420223,0.051290866,0.04406975
1719,-0.006034649,-0.33003443,0.14835998,0.13263883
1720,-0.24288225,-0.09496082,0.20982197,0.21022166
1721,0.057599254,0.05834044,0.10408238,0.1037835
1722,0.14952241,0.051369205,0.041284464,0.036487743
1723,-0.20034756,0.010918359,0.055916287,0.05360265
1724,0.046882823,-0.034873065,0.07115244,0.056717224
1725,-0.23707241,-0.30581388,0.22632967,0.17499527
1726,0.114423946,-0.1770107,0.0920445,0.0776512
1727,0.09928265,-0.22352783,0.06726519,0.060868755
1728,0.06670307,-0.23967873,0.046544746,0.048577502
1729,-0.5963747,0.37881896,0.063619986,0.0632749
1730,0.090896465,0.04301684,0.20037475,0.18406095
1731,0.21509601,0.095223844,0.10921599,0.10112817
1732,0.11697615,0.07683035,0.12543301,0.12104009
1733,0.42003903,-0.6448644,0.0644311,0.060162827
1734,0.12603912,0.21637535,0.1408582,0.14063431
1735,-0.20268027,-0.005070393,0.080786325,0.07495504
1736,-0.36883816,-0.04171229,0.085833855,0.07760539
1737,-0.25533962,0.07260758,0.090556316,0.08442828
1738,0.3395108,-0.07053951,0.20599401,0.20161359
1739,-0.15799733,-0.049628932,0.10646517,0.10381339
1740,-0.0024542278,0.18856637,0.09498213,0.10508095
1741,0.16626085,-0.7387568,0.05741139,0.053439587
1742,-0.22736119,-0.47329226,0.17594267,0.155487
1743,-0.10596004,-0.074747086,0.08762989,0.08357181
1744,0.13673538,-0.014973146,0.11126708,0.094491065
1745,-0.05521664,-0.09390262,0.13132545,0.1309501
1746,0.42467752,-0.06588055,0.1314625,0.1123759
1747,-0.107319206,-0.23446353,0.1837458,0.1722217
1748,-0.075604185,-0.0089692,0.30757976,0.28491828
1749,0.24007623,-0.13964799,0.31566888,0.30948496
1750,-0.13051988,0.018967096,0.15116762,0.14485869
1751,0.19726844,0.030999925,0.095823355,0.074603416
1752,-0.081605345,-0.057140123,0.17769036,0.15180428
1753,0.08152662,-0.14975768,0.04706804,0.04401204
1754,0.12195675,0.0029745577,0.15359214,0.14971362
1755,0.7032032,0.5344581,0.08297683,0.07503437
1756,-0.12636031,-0.577768,0.09115896,0.092232816
1757,0.02570736,-0.19852349,0.06417344,0.06390175
1758,-0.11913393,0.089013755,0.09434817,0.09014213
1759,0.12266575,-0.1319213,0.041340973,0.026750926
1760,-0.0588956,0.17678396,0.08343283,0.081006825
1761,-0.12495869,-0.006866169,0.08067602,0.072346225
1762,0.03920597,0.475145,0.082304254,0.07463124
1763,0.2625882,0.21336651,0.10561558,0.10585525
1764,0.06317023,0.104275666,0.14495061,0.119591825
1765,0.036613077,-0.105327554,0.05972631,0.061032623
1766,-0.2463769,0.14628759,0.16570824,0.17975974
1767,-0.092460304,-0.09142332,0.044854693,0.04419092
1768,0.076351605,-0.020203259,0.07759905,0.06916424
1769,-0.11662243,0.093594916,0.20750251,0.2086027
1770,0.33559108,-0.0031292113,0.08737179,0.07809246
1771,-0.008594713,0.2651673,0.085492015,0.08667653
1772,0.8176888,-0.0786131,0.11501325,0.08641748
1773,-0.035937116,-0.17994978,0.25572926,0.2735071
1774,-0.52556384,-0.51141703,0.12204869,0.14144224
1775,-0.32783094,0.12135516,0.31509838,0.28741142
1776,0.6021532,-0.28909802,0.30706522,0.2817786
1777,-0.59551066,0.13985728,0.1263023,0.12693834
1778,-0.0067476733,-0.03129099,0.0844004,0.079901755
1779,-0.05758324,-0.035327468,0.07901619,0.064806916
1780,-0.18965721,0.21723689,0.08162386,0.06623604
1781,-0.11024874,0.21672978,0.067915216,0.051224507
1782,-0.24625401,-0.19120206,0.05172611,0.04560106
1783,-0.12607749,-0.061239276,0.2871656,0.27940723
1784,0.62691605,0.5322493,0.13928616,0.14809816
1785,-0.094685495,-0.30582783,0.2368105,0.23708066
1786,0.18240453,-0.04509353,0.07848599,0.082183845
1787,-0.62436634,-0.036632385,0.0835892,0.07536882
1788,0.06357066,0.2507402,0.061909936,0.048852157
1789,0.040885005,-0.07442075,0.06186578,0.060319997
1790,0.67274153,-0.1498513,0.1391173,0.118986145
1791,-0.07545912,-0.03831419,0.047512054,0.044633113
1792,-0.1094382,0.3116098,0.046242137,0.051264822
1793,0.13293357,-0.41653815,0.07619348,0.056084137
1794,0.07308883,0.17703871,0.18264943,0.16719222
1795,-0.2434655,0.47959337,0.049916767,0.057796992
1796,0.035610884,-0.08097964,0.046509128,0.04767891
1797,0.1859581,0.18198675,0.18237798,0.15869516
1798,0.03584209,-0.06490643,0.09613094,0.080690235
1799,0.22985671,-0.32952848,0.053778484,0.0443721
1800,0.13242595,0.05078617,0.04556625,0.03554831
1801,0.12819572,0.12452449,0.09269404,0.06349318
1802,-0.25499222,0.08294608,0.17665973,0.1707001
1803,-0.013232707,-0.27285,0.11152464,0.09874286
1804,0.01131487,0.09879024,0.069369376,0.047787618
1805,0.029033441,0.13128504,0.055963855,0.04644893
1806,-0.1893225,-0.032025587,0.09554343,0.0892084
1807,0.010885284,-0.16688351,0.051349644,0.041778803
1808,-0.077323735,-0.04150949,0.1197266,0.114955395
1809,-0.29946038,0.39979586,0.09134513,0.09372269
1810,0.50918716,0.08710584,0.1251116,0.08310961
1811,0.13934183,0.026701417,0.09118235,0.07524442
1812,-0.0625648,-0.16036004,0.1803615,0.1934904
1813,0.5173045,0.51079005,0.14281552,0.11842075
1814,0.09427884,0.031987283,0.04044347,0.03442672
1815,-0.0073227426,-0.051828276,0.04449923,0.04698683
1816,-0.21313575,0.04515836,0.13387172,0.13341829
1817,0.32186583,0.20594566,0.072849765,0.057824038
1818,0.05239941,0.1915217,0.051512137,0.04133537
1819,-0.74339074,-0.19349684,0.13208559,0.10902618
1820,-0.2343791,0.030123707,0.04213299,0.03999061
1821,0.046503134,-0.02704405,0.073543675,0.07787509
1822,-0.09143071,0.041565184,0.1217206,0.10817384
1823,-0.13010453,0.0986836,0.09661116,0.10267613
1824,-0.109871775,0.0755422,0.12444815,0.13424985
1825,0.005865411,0.047523398,0.054123778,0.041748837
1826,-0.119606584,-0.45122468,0.056302972,0.04792949
1827,-0.09143071,0.041565184,0.1217206,0.10817384
1828,0.014788211,-0.024456967,0.04253304,0.03661357
1829,0.20829026,-0.32484633,0.06098708,0.05232955
1830,0.028585017,-0.41172123,0.09908219,0.09701246
1831,-0.050251305,0.10629928,0.09925363,0.08226118
1832,-0.029789563,-0.15548736,0.07659573,0.06325139
1833,-0.12058339,-0.5370165,0.1686692,0.1935192
1834,0.19476995,0.20171611,0.14017384,0.127
1835,0.0067359963,-0.12729336,0.1670926,0.16153437
1836,0.0011803368,0.10371652,0.10300808,0.082536764
1837,-0.35227862,0.50600183,0.04321806,0.04287639
1838,0.439129,-0.097521484,0.05849419,0.039930932
1839,-0.005538757,0.53377384,0.37225625,0.3652762
1840,-0.30721474,0.15391098,0.043372173,0.037632346
1841,-0.22064158,-0.13505906,0.1270949,0.10802552
1842,0.05682388,-0.06824656,0.09209549,0.08846984
1843,-0.10970573,0.05403394,0.30352914,0.3039497
1844,0.076556474,0.055294532,0.07125646,0.067892194
1845,0.061756186,0.02036113,0.047500912,0.044187743
1846,0.10067725,-0.12596415,0.10391037,0.10373305
1847,-0.181443,0.07402273,0.087964006,0.08090997
1848,0.06502433,-0.31653735,0.10778816,0.101635434
1849,0.060482726,-0.21006517,0.0604359,0.04785687
1850,-0.09046655,-0.064752795,0.06850136,0.06799485
1851,0.084020965,0.35744497,0.050357364,0.044984948
1852,-0.41724324,0.1305065,0.16855367,0.16472399
1853,-0.025737233,0.42555842,0.09575153,0.07579965
1854,0.7646457,0.14886923,0.1276326,0.08558638
1855,-0.15693319,0.35571042,0.07390922,0.07733677
1856,0.553169,0.08479983,0.10743578,0.09952913
1857,0.084166735,-0.27736956,0.086289756,0.08113594
1858,0.15417579,0.16602436,0.35414305,0.35830563
1859,-0.19209419,0.049804073,0.045925424,0.043367486
1860,-0.30552235,0.2690608,0.08645181,0.08492021
1861,0.3949293,-0.20615679,0.080134496,0.06853202
1862,0.1299979,-0.03470076,0.0835358,0.074649
1863,-0.17952038,0.16069607,0.36114573,0.34797674
1864,0.49959996,0.33499467,0.045291148,0.049471907
1865,0.06694187,0.2736084,0.06615381,0.054316193
1866,-0.14565043,0.056611683,0.13655628,0.1335399
1867,0.028297357,-0.10848727,0.045253888,0.045390498
1868,-0.016452461,0.9215933,0.048686575,0.068554156
1869,-0.026866697,-0.04462259,0.22254531,0.2832943
1870,-0.2575235,-0.2073656,0.042256076,0.039671004
1871,-0.053048678,-0.310396,0.04774064,0.036335535
1872,0.01770021,0.026411947,0.047617197,0.04508131
1873,0.014599183,0.16507876,0.10366312,0.08414051
1874,0.06976133,-0.0031129802,0.11084688,0.071028024
1875,0.5222587,-0.1028791,0.068674006,0.0630655
1876,0.022760436,0.14202215,0.1254552,0.1277781
1877,-0.32375726,-0.09582865,0.14467606,0.1387634
1878,-0.0038962355,0.09463279,0.047566053,0.038995065
1879,-0.27201417,-0.101746306,0.15959162,0.12477712
1880,-0.12140277,0.12932624,0.11976752,0.12874593
1881,0.039413504,-0.19279352,0.17878819,0.17732324
1882,0.4735347,-0.15700008,0.09986181,0.077514246
1883,0.019788418,-0.0307847,0.069451794,0.059270564
1884,-0.11691475,0.061269004,0.14370565,0.1558821
1885,0.55978036,-0.14294712,0.08687618,0.076994985
1886,0.24959795,-0.533284,0.05164959,0.05655829
1887,0.055669382,-0.15992051,0.13906108,0.130097
1888,0.052951984,-0.061765205,0.04843459,0.041079618
1889,0.16983117,-0.16875002,0.055153158,0.05772101
1890,-0.21087372,0.15497062,0.50507164,0.435128
1891,0.15893193,0.245295,0.07895086,0.07773982
1892,0.094123945,0.046587016,0.07832882,0.064717695
1893,0.011495502,0.21728668,0.14817457,0.13026156
1894,-0.063110486,0.20256932,0.12509646,0.117003344
1895,-0.0539166,0.21624951,0.12753983,0.13847187
1896,-0.045017317,-0.023681473,0.076271914,0.048169717
1897,-0.17311414,-0.08761623,0.05213197,0.041997943
1898,-0.04305822,-0.17112398,0.35917065,0.35933658
1899,0.012779654,-0.07265266,0.053820964,0.03853829
1900,-0.06539582,-0.097089425,0.09242432,0.09264932
1901,0.41525483,-0.05191278,0.095667586,0.0780932
1902,-0.12503855,-0.22702494,0.11607971,0.11208381
1903,0.0050674165,0.08390928,0.17867683,0.17262265
1904,-0.57688135,0.011258992,0.16783388,0.14591245
1905,-0.04305822,-0.17112398,0.35917065,0.35933658
1906,0.050103083,0.45486394,0.06660627,0.059900787
1907,0.2268536,-0.10054982,0.080028646,0.08410756
1908,0.018411387,-0.07518112,0.14389004,0.14116545
1909,0.069118515,0.27633646,0.051148053,0.044194285
1910,0.12594461,0.25762394,0.077618904,0.077115595
1911,-0.04300668,-0.07613748,0.070282534,0.060117245
1912,-0.14739715,-0.32279176,0.0658409,0.0608475
1913,-0.7135056,0.2544761,0.13784873,0.12607916
1914,-0.2689653,-0.021170009,0.056745723,0.055409808
1915,-0.21194649,0.19065942,0.036749426,0.038054228
1916,0.13495322,-0.15043151,0.07035498,0.06295454
1917,0.012386926,-0.038801353,0.03871336,0.0415783
1918,0.056010008,-0.10997288,0.11453432,0.104513675
1919,-0.010444402,0.18719676,0.08973507,0.09114744
1920,-0.17626454,-0.056384463,0.110460326,0.09188795
1921,0.30265468,0.0884982,0.15948918,0.16598138
1922,-0.20424901,-0.07480675,0.089567006,0.07353509
1923,-0.10445292,0.28358445,0.06083005,0.07576702
1924,-0.014752506,0.08903808,0.16767643,0.15441108
1925,-0.040986948,-0.03052942,0.2060495,0.20810054
1926,-0.03783097,0.002005252,0.10542345,0.10008079
1927,0.22312336,-0.17317252,0.11771472,0.11335897
1928,0.031524777,0.22882324,0.27873853,0.2417627
1929,-0.046089828,0.0047550527,0.121019304,0.13330534
1930,-0.15307309,-0.29609373,0.1437013,0.14461572
1931,-0.010210636,0.036853436,0.052503157,0.05058406
1932,0.03280016,0.043488912,0.13334699,0.11245354
1933,-0.012826937,0.20372212,0.17484312,0.15968585
1934,-0.30826107,-0.39355305,0.0840824,0.0790591
1935,0.2869223,0.84354705,0.04896019,0.06764594
1936,-0.7454772,-0.5438768,0.13263427,0.11474623
1937,-0.05048482,-0.2172197,0.09402215,0.089143336
1938,-0.08355999,-0.03673349,0.09625706,0.080607116
1939,0.40735626,-0.11138045,0.22497417,0.20395218
1940,0.0332911,0.005393508,0.0642764,0.06073036
1941,-0.33094805,-0.0706937,0.09097948,0.07537483
1942,-0.082627684,0.022334736,0.08324593,0.06560588
1943,-0.14571176,-0.09004937,0.03584974,0.038320713
1944,0.3071969,-0.1398428,0.10754614,0.1044559
1945,0.036023863,-0.0806414,0.09452877,0.074248195
1946,-0.02882836,-0.26863056,0.13167049,0.14026047
1947,0.21868137,0.2986171,0.10352231,0.11672886
1948,0.10399133,-0.2683622,0.061386388,0.05132887
1949,0.31587294,0.22635037,0.09805254,0.09395579
1950,0.2268738,0.19847386,0.11802856,0.09558411
1951,0.055339605,-0.1628136,0.13876456,0.13615131
1952,-0.040269397,0.015275183,0.11255278,0.09748457
1953,-0.33697966,-0.9514221,0.047351643,0.056064412
1954,0.01159192,-0.2540127,0.07485585,0.075921774
1955,-0.035983704,0.100706,0.05330492,0.048217747
1956,0.189013,0.28678095,0.11520193,0.119930275
1957,0.21000533,-0.28769672,0.14890587,0.13331434
1958,0.13673538,-0.014973146,0.11126708,0.094491065
1959,0.025323153,-0.018998284,0.07660489,0.06292947
1960,0.024519041,-0.116297044,0.27877393,0.23514742
1961,-0.03462468,-0.0059711756,0.045356996,0.038291104
1962,0.08173055,0.06370653,0.12139291,0.13428365
1963,0.020039957,-0.02213699,0.057418827,0.045825068
1964,-0.04155899,-0.31024215,0.044738766,0.036159907
1965,-0.14455353,0.29062942,0.14170402,0.12399857
1966,0.20963229,0.250682,0.07183922,0.059444956
1967,0.052951984,-0.061765205,0.04843459,0.041079618
1968,-0.19752184,-0.06601943,0.05531628,0.044378318
1969,-0.21366815,-0.46055067,0.13227852,0.12321098
1970,-0.2801539,0.083210856,0.06688004,0.058408994
1971,-0.16309313,-0.19503357,0.08490721,0.08487536
1972,-0.016035207,-0.024855297,0.06672716,0.050960466
1973,0.5947214,0.16267394,0.13169023,0.11604139
1974,0.16651195,0.25406173,0.09085593,0.08952447
1975,0.27503017,-0.30199006,0.07426025,0.06269549
1976,-0.3650443,0.33423406,0.051106144,0.04459745
1977,-0.09907498,-0.0212893,0.18291755,0.14321989
1978,-0.10486547,-0.21596834,0.2516566,0.24529508
1979,0.13961528,-0.12401593,0.07818032,0.068246886
1980,-0.21715577,0.22024523,0.1092846,0.10103651
1981,-0.008777614,0.04853395,0.040461443,0.043612227
1982,0.16279587,-0.37796953,0.075539984,0.07865727
1983,-0.053109363,-0.24298325,0.06549259,0.053324774
1984,-0.73961246,0.23015793,0.069666184,0.044678893
1985,0.06771957,0.6116082,0.055352263,0.059208963
1986,0.11133416,0.16437514,0.102421045,0.10358707
1987,0.17993174,0.03976291,0.08924279,0.09049165
1988,0.13736431,-0.28224298,0.15839742,0.14328857
1989,-0.20713593,-0.69945586,0.062039685,0.05176007
1990,0.05937156,0.02942663,0.095630854,0.093989626
1991,0.4207318,-0.094456546,0.06434079,0.05590755
1992,0.1927767,-0.14792997,0.14580895,0.14079943
1993,0.0008243667,0.42875612,0.098351106,0.09969859
1994,0.31909272,-0.1169343,0.09563887,0.07704467
1995,0.24443598,-0.17132315,0.08354139,0.07598155
1996,0.15557595,-0.077453226,0.097021826,0.09029999
1997,0.28470835,0.28270063,0.06627454,0.05847689
1998,0.12476322,-0.029252626,0.044672877,0.034637
1999,0.06420041,0.014630477,0.058854718,0.044290137
2000,-0.10168633,0.18492678,0.048108917,0.044890225
2001,-0.13776045,0.011455703,0.101702526,0.08898201
2002,-0.1672598,0.36618105,0.20497702,0.17655234
2003,0.154933,0.23345177,0.075689085,0.06310865
2004,-0.2378742,0.44789833,0.33243164,0.3178116
2005,0.11073798,-0.06491817,0.075028956,0.06570755
2006,0.10399133,-0.2683622,0.061386388,0.05132887
2007,0.42178062,-0.003946782,0.14222462,0.15073493
2008,0.14663394,0.26228166,0.083226286,0.08052614
2009,0.095980555,-0.30329767,0.22099258,0.23714936
2010,0.4127188,-0.023668814,0.08253775,0.069353744
2011,-0.088666774,-0.105091676,0.1324223,0.11423654
2012,-0.284402,0.008878755,0.10288279,0.08710906
2013,0.095584825,0.504855,0.16385224,0.16391812
2014,-0.33708158,0.4939477,0.09712449,0.09642943
2015,-0.11335084,-0.038009156,0.11936007,0.106387265
2016,0.29769096,-0.5843351,0.14890331,0.1360082
2017,-0.1931244,0.050259423,0.050996605,0.037678514
2018,0.2815164,0.13477968,0.120449625,0.10147928
2019,0.14650452,-0.06314398,0.042711023,0.03983342
2020,0.27503017,-0.30199006,0.07426025,0.06269549
2021,0.31029728,0.6529099,0.14454536,0.1527408
2022,-0.0500525,0.37117842,0.03996091,0.03506178
2023,-0.1537503,-0.13548422,0.09213103,0.08457299
2024,-0.04651381,0.7022708,0.099098705,0.10521241
2025,-0.053939406,-0.16312973,0.073120624,0.06757615
2026,0.192058,-0.11548406,0.053100556,0.041851092
2027,-0.038211524,-0.03394032,0.10695953,0.08740525
2028,0.08531238,0.015841324,0.17285219,0.15824486
2029,0.16201629,0.04186872,0.10929422,0.097896
2030,-0.28410104,-0.08018632,0.059969857,0.052244216
2031,-0.32382452,-0.19847913,0.15583935,0.14347744
2032,-0.03641762,-0.09941822,0.07278526,0.060335483
2033,0.2850619,-0.24730422,0.053282432,0.039143752
2034,-0.050330542,-0.00029690284,0.119166546,0.10336383
2035,0.14629497,-0.04648257,0.06889224,0.059179187
2036,0.06287973,-0.18907385,0.11672976,0.102958605
2037,0.4650808,-0.21598823,0.21604829,0.15136512
2038,0.09647604,0.27475896,0.05853399,0.059199743
2039,0.038879372,-0.05572665,0.058898997,0.0525513
2040,0.18459348,-0.056824196,0.0643883,0.045366596
2041,0.046594612,-0.0594528,0.15921482,0.15609284
2042,0.109208375,0.3729652,0.20876902,0.2158625
2043,-0.27981836,-0.21325344,0.18911712,0.1782577
2044,-0.10749576,-0.12007841,0.2793919,0.23749629
2045,0.023343965,-0.07097258,0.099819325,0.101746105
2046,-0.16005057,0.15561087,0.09716223,0.099982366
2047,-0.23973233,-0.42762673,0.19527702,0.15625381
2048,0.089115284,0.08706203,0.1675024,0.15653902
2049,-0.21946348,0.38950753,0.073520645,0.07131692
2050,0.11198783,-0.20887531,0.30772603,0.2525427
2051,0.03298466,0.01181838,0.073369995,0.056540772
2052,-0.17561385,-0.3974098,0.15836649,0.16583405
2053,0.28403294,0.49996212,0.07611307,0.069740966
2054,0.2604247,0.41562366,0.20855345,0.18974102
2055,-0.62354386,0.08909817,0.078482345,0.03950972
2056,-0.05667382,0.052858744,0.13717103,0.14524789
2057,-0.16367738,-0.2528591,0.04724408,0.04223526
2058,-0.33958784,-0.13786386,0.059339028,0.058328185
2059,-0.078582704,0.10778359,0.03373461,0.032316465
2060,0.04346677,-0.22823714,0.040276308,0.037430353
2061,-0.9513663,-0.30159754,0.23823753,0.18529205
2062,0.028830685,-0.21228954,0.12177579,0.108779944
2063,-0.30826107,-0.39355305,0.0840824,0.0790591
2064,0.00020727608,0.0880892,0.0433635,0.049314808
2065,-0.052338824,0.07199244,0.08605899,0.080051474
2066,-0.14616063,0.020859715,0.075916626,0.061505746
2067,0.49472407,-0.45940918,0.06887031,0.059449114
2068,-0.022288918,-0.176568,0.043494765,0.04260746
2069,0.3762822,-0.043188255,0.05422044,0.043561585
2070,0.0030682357,-0.028399318,0.08715023,0.07692251
2071,0.12176585,-0.008353879,0.07665182,0.06340927
2072,-0.21626325,0.35836127,0.10405724,0.09700477
2073,-0.08168754,0.045863353,0.39579692,0.42376608
2074,0.07244882,-0.00075889844,0.122057974,0.12088146
2075,-0.15799733,-0.049628932,0.10646517,0.10381339
2076,0.6348115,0.46302626,0.13150828,0.12851909
2077,-0.1340743,0.040523805,0.06485765,0.05483466
2078,0.28438854,0.046529006,0.09167933,0.08649189
2079,0.5508335,0.12715209,0.053182732,0.035852976
2080,-0.43270063,-0.26496413,0.09140083,0.07923219
2081,-0.064558275,-0.026773255,0.07689104,0.07830081
2082,-0.18157633,-0.013210383,0.052772444,0.04027744
2083,-0.00083573814,0.0028081266,0.080663055,0.0626373
2084,0.2886887,-0.26164514,0.05918061,0.051462438
2085,-0.3948048,-0.1366991,0.09567538,0.059126243
2086,0.005315081,-0.00045408215,0.045683447,0.03792711
2087,-0.60314167,-0.10466784,0.054976143,0.049710132
2088,-0.32644105,-0.63730425,0.1542192,0.15521486
2089,-0.023412578,0.56392044,0.06919452,0.07366679
2090,-0.30830923,0.11285644,0.14726278,0.13664009
2091,0.17725465,0.006865124,0.14874263,0.14718072
2092,-0.9926076,-0.5183651,0.100430615,0.07042645
2093,0.17725465,0.006865124,0.14874263,0.14718072
2094,-0.018116102,0.24559684,0.060744222,0.053436633
2095,0.13293357,-0.41653815,0.07619348,0.056084137
2096,0.25301328,0.09769039,0.19560389,0.1830144
2097,0.046526898,0.08809726,0.05282785,0.06273275
2098,0.25294465,-0.22802082,0.055597775,0.046480667
2099,-0.035695054,-0.7387391,0.102975376,0.11836923
2100,-0.36385247,-0.2892119,0.15675122,0.1420405
2101,0.19390385,-0.069295384,0.15844332,0.15640654
2102,0.12523973,-0.111962505,0.06431229,0.057533525
2103,-0.3113273,0.28956988,0.04996973,0.03898918
2104,0.24531896,-0.21048285,0.19203027,0.1802208
2105,-0.21201448,-0.0816223,0.10692568,0.10146572
2106,0.1985584,0.21719046,0.06552944,0.070159286
2107,-0.13890569,0.18565574,0.15354575,0.1512915
2108,-0.2362612,0.095761165,0.13854785,0.13938536
2109,0.2791545,0.030427124,0.14769647,0.12937412
2110,0.025932238,0.15593313,0.113825515,0.11256719
2111,-0.02273231,-0.0251689,0.0843513,0.087110415
2112,0.05619333,-0.33556965,0.07216735,0.07164462
2113,-0.032872982,-0.179674,0.129251,0.13247448
2114,0.20188975,-0.35032883,0.14019549,0.14046517
2115,-0.13639584,-0.04341379,0.055096872,0.052734457
2116,-0.027436718,-0.4096807,0.06958257,0.07140374
2117,-0.36678305,0.6315891,0.07878263,0.08143906
2118,0.1107111,0.022521336,0.14341505,0.13970195
2119,0.13843988,-0.22471562,0.20722991,0.20292945
2120,-0.49448484,0.19043185,0.055577144,0.038028285
2121,-0.11124971,1.0290633,0.0818774,0.0913796
2122,-0.030257523,0.093358725,0.08569568,0.06427078
2123,-0.006328105,-0.32470015,0.1376094,0.12877963
2124,-0.090497956,-0.22907875,0.062560976,0.051428925
2125,0.14357032,0.026791025,0.1304165,0.13348293
2126,-0.3650443,0.33423406,0.051106144,0.04459745
2127,-0.4524307,0.04215389,0.08356288,0.08315324
2128,-0.009385242,-0.029558923,0.0629835,0.051190224
2129,0.152312,0.08852789,0.09577005,0.06535958
2130,0.031753108,0.016126923,0.14157636,0.14168483
2131,-0.008678949,0.29185942,0.08679399,0.08442702
2132,0.006582712,0.059061747,0.13470119,0.13078128
2133,-0.120995045,0.14475772,0.09765408,0.08437933
2134,0.10060061,0.027496893,0.09028243,0.082125135
2135,0.15516621,-0.39275637,0.05546155,0.053031683
2136,-0.09840366,-0.08415721,0.16925745,0.14303586
2137,-0.3855528,0.052477773,0.3015463,0.3066227
2138,0.066969454,0.11696996,0.121946216,0.11900427
2139,-0.022848696,-0.14055376,0.04428998,0.0398229
2140,-0.567553,-0.19978546,0.22721985,0.2162166
2141,-0.037642792,0.056387056,0.03768251,0.03640712
2142,-0.01412475,-0.097704895,0.23919086,0.2346609
2143,0.1208584,0.09536125,0.05645599,0.042744838
2144,0.13965863,-0.3883599,0.09694381,0.09363332
2145,-1.121526,-0.096273094,0.1408026,0.11640625
2146,-0.046678234,-0.042158674,0.13652904,0.117601216
2147,-0.1818969,-0.071324445,0.041429613,0.04521753
2148,0.13941987,-0.1185617,0.07727468,0.07532895
2149,0.26590827,0.2407092,0.06045442,0.05483057
2150,-0.29464218,0.14802676,0.22631873,0.2266823
2151,0.076609135,-0.024757367,0.043680906,0.03940705
2152,-0.09522632,-0.098358095,0.1384913,0.11832427
2153,0.09755042,-0.21527478,0.06304015,0.05802277
2154,0.020561744,0.05690657,0.12428644,0.13433449
2155,-0.09082638,0.071471214,0.06517042,0.06220726
2156,-0.09320217,-0.017186996,0.1741823,0.154094
2157,-0.015823081,-0.024483416,0.047575258,0.041087374
2158,-0.10942549,0.09410981,0.065835424,0.066277154
2159,-0.114575475,0.09280915,0.0631365,0.06451972
2160,0.035043474,0.08743068,0.1313541,0.10674951
2161,-0.1560432,0.44151866,0.09680964,0.09871704
2162,-0.17970915,0.108108945,0.19918317,0.20051569
2163,0.34009615,-0.24200448,0.2079105,0.18575606
2164,-0.18238653,-0.2045522,0.09769107,0.0755419
2165,-0.010357595,-0.0198141,0.03680113,0.034777377
2166,0.10582213,0.2810393,0.115268536,0.11841252
2167,-0.039602734,-0.12964724,0.15654807,0.16644832
2168,-0.097307056,-0.090984605,0.06544358,0.03751353
2169,-0.6080901,0.15535586,0.056933135,0.041068386
2170,0.18280892,0.103141546,0.059172522,0.04299924
2171,-0.07522271,0.26885927,0.04310286,0.03409649
2172,-0.22417085,-0.53704923,0.06289631,0.07268464
2173,-0.54018027,-0.11321349,0.05731797,0.048261043
2174,0.103915736,0.049144108,0.07550008,0.055080812
2175,0.30673614,0.57631975,0.09506908,0.07846905
2176,-0.11192353,0.15550981,0.2992022,0.2997885
2177,0.04891064,-0.10980967,0.06927228,0.06645258
2178,0.04819327,-0.011052367,0.08788824,0.072655536
2179,0.07057012,-0.08614609,0.078929275,0.06610659
2180,-0.22625688,0.08491407,0.17776181,0.14317344
2181,0.49551764,-0.1807875,0.06908182,0.05874412
2182,0.37884864,-0.56316954,0.09502517,0.0978391
2183,0.34674588,0.12344903,0.12599523,0.104842484
2184,-0.32745677,0.22509198,0.05654939,0.054592136
2185,-0.09398195,-0.10208438,0.183406,0.19098538
2186,-0.02571027,-0.046559956,0.16456147,0.14163843
2187,-0.15668681,-0.08279541,0.08294195,0.077495076
2188,0.13934183,0.026701417,0.09118235,0.07524442
2189,-0.019410834,0.07764526,0.045925424,0.04456804
2190,-0.037772194,-0.046620823,0.12519301,0.13207373
2191,0.17784311,-0.14357623,0.05983456,0.040797915
2192,-0.13439962,-0.06791809,0.05717905,0.052712157
2193,0.20964906,-0.1256739,0.07460684,0.059877984
2194,0.1861098,-0.3298489,0.11404805,0.093023084
2195,-0.08248575,0.4632441,0.0973445,0.08724275
2196,0.4104324,0.14486676,0.098508514,0.08089645
2197,0.15178092,0.28182796,0.20516491,0.17416525
2198,0.27484697,0.08583712,0.10140138,0.09737449
2199,0.3849147,-0.29100737,0.07965608,0.06982663
2200,-0.043225825,0.67642325,0.05274553,0.06641629
2201,-0.10749576,-0.12007841,0.2793919,0.23749629
2202,-0.1060683,-0.1792454,0.124400996,0.12678973
2203,0.25802165,0.3366203,0.069933005,0.066153616
2204,0.024053633,0.017672788,0.036350377,0.03194472
2205,0.040516138,-0.09543875,0.104843855,0.104483716
2206,0.06005834,-0.37366372,0.075540096,0.06217765
2207,0.051368013,0.21688037,0.12872657,0.12888199
2208,-0.47880715,0.13316867,0.09276966,0.08696461
2209,0.39300802,-0.529989,0.0942333,0.10196782
2210,0.28392082,-0.11931035,0.08475246,0.060983412
2211,-0.05695737,-0.051370304,0.052968737,0.050746437
2212,-0.010544418,-0.13273886,0.12104571,0.107134104
2213,-0.17101482,0.04917631,0.16491078,0.1574485
2214,0.020261087,0.0037929518,0.06758022,0.06027969
2215,-0.3318246,0.45618054,0.12540272,0.11425086
2216,0.28997883,-0.11350721,0.041017793,0.039816696
2217,0.04193077,0.033116404,0.096213765,0.100994065
2218,0.059112802,0.010254516,0.11553303,0.10872465
2219,-0.22467479,0.32745153,0.07833994,0.06306272
2220,0.07271975,-0.13649698,0.060376313,0.0436979
2221,0.5176774,-0.07360925,0.108441584,0.090525866
2222,-0.16245164,0.075765535,0.18480352,0.17682153
2223,-0.0618987,-0.114125066,0.49665824,0.51365596
2224,-0.25758287,-0.09552449,0.043509033,0.033936292
2225,-0.42676318,-0.11555795,0.06319504,0.058605246
2226,-0.10470972,0.03062345,0.28974664,0.28514865
2227,-0.29876027,-0.06780526,0.09849144,0.07950892
2228,-0.13470198,-0.27685347,0.11246457,0.1111265
2229,0.075049974,-0.0051076794,0.1521809,0.15058535
2230,0.39954117,-0.12628292,0.05092489,0.038694013
2231,-0.021616261,-0.10364097,0.06327774,0.061183397
2232,-0.2665918,0.0011453358,0.115462944,0.10591297
2233,0.34740227,0.239294,0.09270882,0.088500984
2234,-0.17868511,-0.60547704,0.11774323,0.13209692
2235,0.088414095,0.31081724,0.2078282,0.17209318
2236,-0.03247624,-0.145154,0.08961169,0.070010886
2237,-0.5736914,-0.3130553,0.051468313,0.0411608
2238,0.19180271,-0.84587044,0.06373552,0.0820513
2239,-0.31252563,0.13633437,0.060455315,0.05523506
2240,0.054330155,-0.34047875,0.09200633,0.094813146
2241,0.9071237,-0.16236651,0.12143789,0.07924492
2242,0.05195288,0.005871176,0.07136004,0.050829675
2243,-0.21201618,0.04592893,0.05318986,0.039667256
2244,-0.15572001,0.17428306,0.22549142,0.1898206
2245,-0.008365638,-0.60950303,0.07376174,0.07680279
2246,0.2391536,0.67792434,0.047496703,0.056783374
2247,-0.30764827,0.63743085,0.19549538,0.21153545
2248,0.38323304,0.42435983,0.08412919,0.085414164
2249,0.1527478,-0.19475897,0.0801159,0.07440968
2250,0.24811809,-0.08460423,0.21065682,0.20201342
2251,-0.06305412,-0.021666836,0.07121062,0.06354394
2252,-0.09673101,-0.14975795,0.12454973,0.11498302
2253,-0.22503997,-0.54945904,0.062634885,0.06521845
2254,0.5378933,-0.13849878,0.06801568,0.06369167
2255,0.301064,0.08684224,0.11558251,0.11085038
2256,0.014274077,0.27370057,0.123811655,0.11474258
2257,-0.503361,0.40194583,0.05396566,0.046524603
2258,0.28997883,-0.11350721,0.041017793,0.039816696
2259,-0.16053233,-0.06757804,0.1025084,0.087985024
2260,0.54045135,-0.39756963,0.087244295,0.058284804
2261,1.0608653,0.26612362,0.10623922,0.06381076
2262,0.3165919,-0.2752658,0.1269477,0.12833554
2263,-0.13586077,-0.06623203,0.06795509,0.067336045
2264,-0.037921928,0.12891774,0.060504805,0.0523981
2265,-0.10967016,0.235438,0.08868285,0.07964881
2266,-0.053927075,0.14609216,0.50740796,0.43393838
2267,0.040998332,0.03659307,0.045179367,0.044680208
2268,-0.07992682,0.0569007,0.24416529,0.20454034
2269,0.084211625,-0.13621148,0.09728793,0.102569714
2270,-0.0844409,0.28805995,0.0968869,0.10132499
2271,0.08328219,0.060029406,0.047505006,0.037031997
2272,0.0042680847,0.01172741,0.05687029,0.055581897
2273,-0.06911467,0.10670087,0.22981505,0.25546086
2274,-0.07173177,-0.07163333,0.101708986,0.09568274
2275,-0.51280046,-0.27703017,0.08119386,0.068819806
2276,-0.46008313,-0.15478721,0.13994138,0.12152244
2277,0.19099863,-0.081535,0.2674481,0.24229999
2278,0.174729,0.11654672,0.08358811,0.08111954
2279,-0.14662746,-0.15342866,0.07960697,0.07074461
2280,0.10013838,-0.03722946,0.087150455,0.08270806
2281,0.06378118,-0.112684146,0.04697409,0.039824583
2282,-0.12547368,-0.026456729,0.07789342,0.076425925
2283,0.18123695,-0.15149121,0.12528388,0.12330452
2284,-0.11124971,1.0290633,0.0818774,0.0913796
2285,-0.009074031,0.10149283,0.1806509,0.17591263
2286,-0.13137405,-0.277028,0.040445413,0.04070964
2287,-0.2073481,-0.5268687,0.054740626,0.057260007
2288,-0.3076811,0.04234124,0.10817415,0.1105526
2289,-0.10713051,-0.020159792,0.04107111,0.04206852
2290,0.23900849,0.38764796,0.13106313,0.12574202
2291,0.13242595,0.05078617,0.04556625,0.03554831
2292,-0.048938274,-0.021906447,0.09648896,0.093074195
2293,0.15240647,-0.059471715,0.18916148,0.15792999
2294,-0.09890444,-0.0642149,0.04926856,0.042219967
2295,0.05314748,-0.029450458,0.05805267,0.05497681
2296,0.0028153406,0.24221925,0.22118379,0.22010215
2297,-0.122543305,-0.1354752,0.122447975,0.11872285
2298,-0.41395995,-0.14267023,0.097190365,0.08214097
2299,-0.12538245,0.6571175,0.14121932,0.14682534
2300,-0.020857058,-0.098931745,0.16560632,0.14608048
2301,0.1754678,-0.15300433,0.10619034,0.098847255
2302,0.0113476375,-0.060243446,0.096970424,0.09553025
2303,-0.0587312,0.060635302,0.049744383,0.039603088
2304,-0.079996794,0.5054683,0.13109721,0.1389529
2305,0.36791408,0.1541835,0.05240158,0.04331885
2306,-0.059591446,0.22376531,0.106417894,0.09903281
2307,0.6044221,-0.4236425,0.06224727,0.05477246
2308,-0.098058105,-0.11144051,0.11089691,0.12709168
2309,-0.53080624,0.5674516,0.074509256,0.07189326
2310,-0.089620575,0.33957148,0.07150233,0.05876448
2311,-0.44170848,-0.32640985,0.118734814,0.10340577
2312,0.38323304,0.42435983,0.08412919,0.085414164
2313,-0.46008313,-0.15478721,0.13994138,0.12152244
2314,0.2076435,-0.04731593,0.08326436,0.057476737
2315,0.07738157,0.14631745,0.051617205,0.04263515
2316,0.4248034,0.24528052,0.119468614,0.1328516
2317,-0.6729687,-0.3874533,0.06729194,0.061342143
2318,0.08651291,-0.028698098,0.041929416,0.03996387
2319,0.14178483,0.2484289,0.04813675,0.04638568
2320,-0.023739733,-0.020536188,0.07207307,0.06754695
2321,0.3951287,0.50576854,0.10477397,0.10273727
2322,0.6012883,-0.33184448,0.068675995,0.054931123
2323,0.056745686,0.031447224,0.06809086,0.059179083
2324,0.024053633,0.017672788,0.036350377,0.03194472
2325,0.13839972,-0.11428647,0.045399144,0.03200435
2326,0.34791562,0.10866445,0.1431031,0.1322723
2327,-0.23753302,0.21403477,0.13642505,0.12695543
2328,-0.07972497,0.097997524,0.07004427,0.059787817
2329,-0.13470198,-0.27685347,0.11246457,0.1111265
2330,-0.1560432,0.44151866,0.09680964,0.09871704
2331,-0.01186329,-0.4528902,0.15177774,0.14747044
2332,0.14426915,-0.30726704,0.16813278,0.17359692
2333,-0.08889505,0.29668027,0.10474101,0.105288036
2334,0.083819255,-0.22485244,0.10274101,0.10157714
2335,0.13699006,0.15254246,0.08927703,0.08077598
2336,0.12612255,0.028322186,0.070153736,0.05842523
2337,0.038086444,0.063976236,0.1576115,0.15590733
2338,-0.11131143,0.2036138,0.07927732,0.08084173
2339,0.15214801,-0.6276999,0.12207486,0.13506389
2340,0.043112844,-0.1256223,0.07158989,0.06022834
2341,-0.084512174,-0.19007681,0.107725024,0.10832755
2342,0.07426022,0.0430358,0.0869119,0.08518103
2343,-0.114575475,0.09280915,0.0631365,0.06451972
2344,-0.4429991,-0.46718088,0.10872777,0.106719166
2345,0.0030682357,-0.028399318,0.08715023,0.07692251
2346,-0.12221019,-0.04848853,0.1963661,0.1872013
2347,-0.05595772,0.03497922,0.03502372,0.032283317
2348,0.08767198,-0.15922657,0.06978194,0.057649814
2349,0.288286,0.17193621,0.04233538,0.03489403
2350,0.0426656,0.0685672,0.07278681,0.06998273
2351,-0.03247624,-0.145154,0.08961169,0.070010886
2352,-0.10809934,-0.17094462,0.09641545,0.08700399
2353,-0.014897778,-0.151944,0.17026927,0.16589013
2354,0.112780854,-0.160328,0.25687706,0.24955809
2355,0.106380634,-0.090443596,0.053346395,0.04997076
2356,-0.27152544,0.075486556,0.14898732,0.13748531
2357,-0.36794254,-0.029583227,0.09904526,0.0913221
2358,0.19891234,-0.052748684,0.11609097,0.11710936
2359,-0.4451521,0.32416883,0.24908374,0.2419916
2360,0.1561522,-0.08530926,0.07127079,0.048219375
2361,-0.50184476,0.032120388,0.059711263,0.049066283
2362,0.15175016,0.0035188524,0.08098533,0.0738285
2363,-0.4255531,-0.45825064,0.14848465,0.14102243
2364,-0.0380896,0.005814898,0.141408,0.121549726
2365,-0.09320217,-0.017186996,0.1741823,0.154094
2366,0.76278734,-0.285574,0.11044537,0.09016463
2367,-0.22365247,-0.3131538,0.11545806,0.11936508
2368,-0.047267463,-0.078964844,0.19109038,0.1995135
2369,0.2625882,0.21336651,0.10561558,0.10585525
2370,-0.15281309,0.09347041,0.123149544,0.11149181
2371,-0.4752865,0.04907905,0.040818337,0.028015627
2372,0.18386738,0.21043904,0.078993715,0.06110735
2373,0.24916174,0.031660248,0.0960143,0.09524985
2374,0.05465425,0.07550986,0.08004009,0.08005802
2375,-0.010239921,-0.1243459,0.13931933,0.11448534
2376,-0.22817475,-0.027030949,0.10767012,0.11219304
2377,0.07615574,0.08491467,0.060733907,0.05349241
2378,-0.54361737,0.106781095,0.05498325,0.043966472
2379,0.08141877,-0.16078815,0.039814632,0.035019647
2380,0.037602343,-0.015729714,0.04005196,0.032596435
2381,0.067098215,0.25613174,0.07450548,0.069742896
2382,0.17835614,0.18337414,0.07848863,0.056110825
2383,-0.017637495,0.44363058,0.06130443,0.050347317
2384,-0.14662746,-0.15342866,0.07960697,0.07074461
2385,0.2610943,0.11188126,0.11112288,0.09687761
2386,-0.1924464,0.030131351,0.07673362,0.056863096
2387,0.08621301,0.21721193,0.25116855,0.2510918
2388,-0.15564896,0.48770162,0.043418173,0.043867353
2389,0.113732815,0.37192586,0.06374863,0.069100134
2390,-0.069973245,-0.1362087,0.05243608,0.044857014
2391,0.49369684,-0.33927134,0.051586524,0.04507603
2392,0.44868532,-0.103253715,0.21923505,0.22069933
2393,0.22163434,-0.30219492,0.18415879,0.1782141
2394,-0.13586122,-0.117235914,0.097871706,0.10335855
2395,-0.5167679,0.4218219,0.1820868,0.17461216
2396,0.054513913,-0.055756737,0.035546977,0.035711482
2397,-0.15183431,0.13217755,0.09421387,0.07186409
2398,-0.5254454,-0.10920333,0.09006642,0.076669686
2399,-0.1150631,-0.40312403,0.09797222,0.0911203
2400,-0.24555811,0.26996085,0.14264467,0.11481903
2401,0.41972122,-0.05860131,0.1048052,0.09147303
2402,0.020784102,0.02355877,0.26167962,0.26050937
2403,0.19619222,0.18931393,0.052723482,0.04658655
2404,-0.9926076,-0.5183651,0.100430615,0.07042645
2405,-0.14038764,0.015790094,0.059358466,0.053090405
2406,-0.10810314,0.032679092,0.08258001,0.08117803
2407,-0.014513104,-0.047872964,0.14220239,0.13890961
2408,-0.15395239,-0.27250698,0.08987651,0.08199968
2409,-0.10906791,0.09311555,0.10091031,0.11095925
2410,-0.7554133,-0.4866558,0.10499723,0.100416
2411,0.00032021943,0.0003977688,0.060921464,0.04534207
2412,0.24351771,-0.096343055,0.14209236,0.14247662
2413,0.17227994,0.1478223,0.101558216,0.10606265
2414,-0.0018742001,-0.011978288,0.060082797,0.050300635
2415,0.10400878,-0.37378615,0.09286332,0.0904114
2416,0.37365678,0.0902952,0.12791647,0.14397763
2417,-0.27102447,-0.3083371,0.04564758,0.03934833
2418,-0.3500748,0.013023633,0.25053498,0.25130072
2419,-0.31305924,-1.0146112,0.055672426,0.10446843
2420,-0.11729065,0.06542686,0.15124972,0.13458905
2421,-0.0010933718,0.27349514,0.17178698,0.18402414
2422,-0.10425712,0.015367123,0.23439966,0.22765048
2423,-0.16118717,0.097720474,0.12585881,0.122159444
2424,0.106313966,-0.029813427,0.042772707,0.040609688
2425,-0.017887183,0.04018705,0.050331976,0.041852023
2426,0.10494217,-0.0033469396,0.068851285,0.0698841
2427,-0.32602882,0.20594929,0.08372231,0.0687298
2428,-0.12844107,0.015071808,0.12174191,0.119709305
2429,-0.01631216,-0.43534645,0.13012242,0.13913655
2430,-0.052338824,0.07199244,0.08605899,0.080051474
2431,0.0058964873,0.0808945,0.118439846,0.124224804
2432,-0.38450247,0.42601115,0.135847,0.13970824
2433,-0.1206045,-0.24117269,0.28732216,0.2823543
2434,-0.12598103,-1.014286,0.08355937,0.093639135
2435,-0.10810314,0.032679092,0.08258001,0.08117803
2436,0.15873046,0.14716235,0.060589634,0.049918212
2437,-0.17785545,0.050680075,0.067630135,0.05648546
2438,-0.0752179,-0.026348695,0.09346934,0.09393667
2439,-0.23474006,0.06416953,0.0496846,0.03270558
2440,-0.25902346,0.19635053,0.0723001,0.048847895
2441,0.004956671,-0.5528368,0.049875256,0.050577782
2442,0.08328356,-0.11967038,0.0683347,0.07047632
2443,-0.08818044,0.09776423,0.043692887,0.0408322
2444,-0.14379574,-0.113685906,0.5248297,0.50272834
2445,0.24531896,-0.21048285,0.19203027,0.1802208
2446,-0.25476208,0.5834473,0.075039566,0.07276652
2447,-0.16217585,-0.14750174,0.091481775,0.087902114
2448,0.01530856,-0.009439853,0.052688308,0.050739333
2449,0.060531124,-0.25086054,0.074086584,0.06450608
2450,-0.39734656,0.19247265,0.11880341,0.108126156
2451,-0.096132204,-0.068307005,0.060537454,0.048099108
2452,0.25802165,0.3366203,0.069933005,0.066153616
2453,0.036973804,-0.0019309418,0.1964137,0.20479974
2454,-0.010779533,-0.097662166,0.07993741,0.06680096
2455,0.072577745,-0.1874788,0.049657144,0.04669073
2456,-0.35927922,0.46718076,0.0997837,0.092451595
2457,0.20089,0.132841,0.050452694,0.045454726
2458,-0.24951603,0.34770802,0.050464597,0.048440527
2459,-0.058815077,0.0062434105,0.10735278,0.10472495
2460,0.24521317,-0.17115851,0.17068696,0.15461163
2461,-0.14625163,0.01470204,0.29303232,0.27196294
2462,0.17318217,0.27679133,0.10400428,0.09145448
2463,0.43308917,-0.13155949,0.15979701,0.12306719
2464,0.32128915,-0.029296134,0.059934944,0.050498478
2465,-0.074747115,0.21666737,0.22328,0.26295283
2466,0.18215927,-0.00089139957,0.09010442,0.07052778
2467,0.08074854,-0.26386777,0.11983869,0.112352654
2468,-0.5697409,0.006582151,0.06176593,0.048029292
2469,-0.3494622,-0.03590957,0.30173466,0.30190802
2470,-0.08424213,-0.023836728,0.077800564,0.06837563
2471,-0.092876844,0.12616824,0.089584224,0.07948539
2472,0.7730981,-0.37360024,0.11080046,0.0807975
2473,0.033556685,0.10438815,0.22223504,0.23258764
2474,-0.13779412,0.0077929078,0.0825922,0.07464609
2475,-0.05389561,0.27858183,0.11445481,0.122484334
2476,-0.06959526,-0.04641825,0.040429614,0.03536427
2477,0.45345947,0.35959098,0.06919686,0.04679345
2478,0.21295403,0.1413696,0.07590678,0.062220134
2479,0.27978075,0.35028592,0.117385626,0.09552593
2480,-0.06314565,0.27366313,0.08357801,0.08528813
2481,0.17847048,-0.35606748,0.08383402,0.06709468
2482,0.30673614,0.57631975,0.09506908,0.07846905
2483,0.005865411,0.047523398,0.054123778,0.041748837
2484,-0.1795553,0.18618385,0.21030839,0.22043924
2485,-0.17286159,0.09073709,0.18544653,0.16776304
2486,0.20194924,0.024408508,0.07153685,0.06665333
2487,0.047246065,-0.16959904,0.1421936,0.1349671
2488,-0.35828662,0.04374404,0.11645509,0.10869845
2489,-0.41699335,-0.09206933,0.069724,0.06545401
2490,-0.058815077,0.0062434105,0.10735278,0.10472495
2491,-0.0037243357,-0.09367129,0.09965575,0.10054227
2492,-0.09475608,-0.12594579,0.10134086,0.092210054
2493,-0.14896038,-0.018921446,0.2896161,0.29255223
2494,0.26868472,-0.31478408,0.08367396,0.09014384
2495,0.2995427,0.08633372,0.19213179,0.20095292
2496,0.22617136,0.32374683,0.0725243,0.07290268
2497,-0.113912046,0.19563109,0.10932896,0.11080999
2498,-0.025384352,-0.14056325,0.103081845,0.10574582
2499,0.142347,-0.063290715,0.29826888,0.2911201
2500,-0.027214617,0.15262409,0.2611202,0.23638704
2501,0.047824055,-0.037516747,0.053198334,0.03877391
2502,0.049625404,-0.04166225,0.10617897,0.08355412
2503,0.15348737,-0.5539262,0.10658786,0.10868127
2504,0.035763547,0.022696089,0.09686775,0.08762348
2505,-0.101534344,0.12642358,0.08177063,0.07317028
2506,-0.03730055,0.02614807,0.04676912,0.03666291
2507,-0.06907608,-0.0043954374,0.07539738,0.068887495
2508,0.11270481,0.14039092,0.09825429,0.085074514
2509,-0.40432897,-0.49284187,0.10994901,0.12001363
2510,-0.21415173,-0.032572273,0.05678717,0.059507065
2511,0.29689565,-0.08906996,0.1307228,0.12453389
2512,0.3069783,0.24870418,0.06877439,0.05711132
2513,-0.069677494,0.062207658,0.0705474,0.06292811
2514,0.023065757,0.068279214,0.053543143,0.050413016
2515,-0.10619442,0.075762555,0.14381993,0.107420765
2516,0.011682616,-0.09015619,0.061149023,0.06410252
2517,0.8771942,-0.025554292,0.07889688,0.042213958
2518,-0.48120412,-0.23771586,0.07556596,0.06177675
2519,0.20688613,0.2881939,0.05291345,0.04283308
2520,-0.011043272,-0.07111442,0.039074425,0.03310859
2521,-0.16366054,-0.18595356,0.18018928,0.17446545
2522,-0.009329333,0.1287315,0.15788528,0.12449739
2523,0.021335788,-0.108528905,0.18653107,0.20061964
2524,0.113298565,-0.11826262,0.04467527,0.04057686
2525,-0.0111336475,-0.08622275,0.04541293,0.041536566
2526,-0.1280764,0.07662855,0.07301699,0.056612194
2527,-0.11837328,0.16830961,0.05271364,0.04862369
2528,-0.272822,0.5585306,0.096964255,0.08327485
2529,-0.019741237,-0.02661347,0.032483876,0.028481675
2530,-0.37100548,-0.17029382,0.14796053,0.1476828
2531,0.24959795,-0.533284,0.05164959,0.05655829
2532,0.36060104,-0.031244691,0.04660471,0.038192216
2533,0.12893984,0.32329082,0.11092477,0.10923393
2534,-0.010779533,-0.097662166,0.07993741,0.06680096
2535,0.0774086,0.17614897,0.113644,0.0998177
2536,-0.27320534,0.35321024,0.15806535,0.13583863
2537,-0.025394883,-0.028794687,0.060241744,0.060247727
2538,0.069540896,-0.20101605,0.17557618,0.19812548
2539,0.04346677,-0.22823714,0.040276308,0.037430353
2540,-0.052948162,-0.21676545,0.11996209,0.11435452
2541,-0.00083573814,0.0028081266,0.080663055,0.0626373
2542,-0.14091824,0.10113129,0.21677779,0.23129456
2543,-0.32849744,0.040183697,0.13646144,0.11141563
2544,-0.109379455,0.14572243,0.038109712,0.034553904
2545,-0.12548733,-0.3826423,0.17652746,0.17314352
2546,-0.034621105,0.1504124,0.2700908,0.2943157
2547,0.2522802,-0.045301717,0.18698451,0.15944746
2548,-0.04305822,-0.17112398,0.35917065,0.35933658
2549,0.22941634,0.22290821,0.12729193,0.118114114
2550,0.3905218,-0.003298034,0.059247132,0.050487634
2551,0.41720784,0.30426428,0.07109126,0.049945027
2552,-0.0034726849,0.04828765,0.094102435,0.08699
2553,0.03666325,-0.006492057,0.04320984,0.034301892
2554,-0.07524535,0.5616982,0.0990364,0.09918644
2555,-0.4612573,-0.3235776,0.08685868,0.07693993
2556,-0.035128333,-0.14651383,0.105128594,0.09195338
2557,0.27434126,0.3367117,0.119503945,0.11927178
2558,-0.49726185,-0.051667865,0.102382295,0.092923895
2559,-0.069799334,0.1284396,0.06782442,0.060805425
2560,0.81655675,0.6411285,0.14104022,0.12067432
2561,-0.11128162,0.0070727943,0.10011541,0.08584743
2562,0.30011335,-0.41091287,0.09020684,0.07997759
2563,0.09470631,0.07003445,0.109431535,0.09587871
2564,-0.6377418,-0.25417325,0.08169044,0.06703593
2565,-0.028232008,0.2709168,0.0563467,0.055350613
2566,-0.26711333,-0.010586833,0.19854404,0.18694241
2567,-0.029529825,-0.15157796,0.07737311,0.07410517
2568,0.043668382,0.18260886,0.083648846,0.07806294
2569,0.041056268,0.19808757,0.06782822,0.055296972
2570,0.018024452,0.075810805,0.12378457,0.09966379
2571,0.4248034,0.24528052,0.119468614,0.1328516
2572,-0.6032185,-0.19955385,0.05159886,0.0364131
2573,0.2290114,-0.16401343,0.06797247,0.059544075
2574,0.3757529,0.101620965,0.22212057,0.16727427
2575,0.41703415,0.13018341,0.06055574,0.048573166
2576,0.012554289,0.25853023,0.12133801,0.12001492
2577,-0.018050835,0.20214023,0.12837665,0.12276317
2578,-0.06314107,-0.002034624,0.049046684,0.04977581
2579,0.41846544,-0.117698625,0.10446851,0.10614995
2580,-0.06455606,-0.22745499,0.12897913,0.12851833
2581,-0.012547842,-0.30004913,0.15635704,0.15640539
2582,-0.71595615,-0.08578631,0.085953765,0.05694171
2583,-0.10967016,0.235438,0.08868285,0.07964881
2584,0.19914325,-0.060868654,0.3045912,0.2766744
2585,0.06603418,0.50324124,0.1607416,0.15377542
2586,-0.18037598,-0.34402004,0.45240107,0.46077013
2587,-0.44170848,-0.32640985,0.118734814,0.10340577
2588,-0.11662243,0.093594916,0.20750251,0.2086027
2589,-0.2463769,0.14628759,0.16570824,0.17975974
2590,-0.47655794,-0.34010637,0.09254147,0.08223853
2591,-0.58239627,0.36938086,0.060056858,0.05645398
2592,-0.62497526,0.1270615,0.06731066,0.05757652
2593,-0.039233983,0.09797574,0.052728795,0.056920875
2594,0.14357032,0.026791025,0.1304165,0.13348293
2595,0.11556573,0.17061254,0.06244048,0.055919066
2596,0.22236583,0.5687379,0.06907216,0.074464
2597,0.061655514,0.073853076,0.037577115,0.03712185
2598,0.15594797,-0.47343704,0.051847454,0.047820747
2599,0.21336807,-0.64031696,0.08783059,0.07758751
2600,-0.05803083,-0.23849995,0.11357549,0.1156186
2601,0.020056404,0.06041703,0.049177427,0.038947504
2602,0.057585895,-0.10473105,0.11392668,0.10439822
2603,0.0054648602,-0.057527546,0.05228098,0.043643687
2604,0.025932238,0.15593313,0.113825515,0.11256719
2605,-0.0054219356,0.007076922,0.051706865,0.04412569
2606,-0.2966585,-0.018374685,0.123747386,0.12356471
2607,-0.2731373,0.032456484,0.13823085,0.1459793
2608,0.35753742,0.02276982,0.06833637,0.05868196
2609,0.06024068,0.678574,0.0675955,0.07104956
2610,-0.18152013,0.30808523,0.20489883,0.2027434
2611,0.15514441,-0.054453347,0.08047421,0.04991655
2612,-0.41177204,-0.4750422,0.10359056,0.10660272
2613,0.120878056,0.20444661,0.102547154,0.096861996
2614,-0.5446758,-0.2574032,0.09127506,0.07612516
2615,-0.073476546,-0.06525535,0.0747948,0.06993888
2616,0.103347,0.011087212,0.046193417,0.036954813
2617,0.089254856,-0.24336709,0.20022677,0.14302413
2618,0.82829446,-0.17564164,0.088364035,0.050107848
2619,0.1403095,0.093381524,0.07822574,0.06623107
2620,0.20963229,0.250682,0.07183922,0.059444956
2621,-0.19917603,0.08323608,0.13623552,0.13559182
2622,-0.720231,-0.32194245,0.15914936,0.14451472
2623,-0.08782133,-0.47054935,0.07075823,0.07060555
2624,0.033926994,0.08191736,0.043676794,0.03724748
2625,-0.04385239,0.07592411,0.057558272,0.049626593
2626,-0.012884482,-0.56366074,0.18850335,0.15497594
2627,0.062182233,-0.43805206,0.11230254,0.10656496
2628,0.2036245,0.381488,0.06102679,0.05759848
2629,-0.2470363,0.36993194,0.121531546,0.11991109
2630,0.0365075,-0.017051727,0.083876446,0.0907412
2631,-0.19751887,0.079482265,0.25832963,0.25090355
2632,-0.26237652,-0.20544115,0.11639313,0.12034669
2633,0.45920268,-0.43485776,0.08057781,0.074621044
2634,0.2336633,-0.046621572,0.20619392,0.14269714
2635,0.040711813,0.025030032,0.20191441,0.19120665
2636,-0.00306956,-0.18097776,0.13885452,0.12314737
2637,0.3870308,-0.17916666,0.13197778,0.10514203
2638,-0.5405885,0.14534594,0.057594292,0.035907183
2639,0.043198455,-0.08946453,0.03674241,0.030744953
2640,0.0053217197,-0.15357004,0.074832626,0.05895368
2641,0.1527478,-0.19475897,0.0801159,0.07440968
2642,0.00028038118,0.034272987,0.051171836,0.044376124
2643,0.07707489,0.10755921,0.17370676,0.15347826
2644,-0.16720596,0.5561349,0.093962125,0.09625119
2645,-0.090926506,0.017275665,0.1909918,0.19053331
2646,0.015192569,0.09664503,0.11304677,0.11069441
2647,-0.027856596,-0.058124803,0.07538666,0.055874057
2648,0.013830327,0.03619678,0.10969522,0.08283415
2649,0.07643482,0.18589789,0.09990346,0.086210884
2650,0.067606375,0.27363208,0.033651277,0.040219273
2651,0.19304089,-0.28004086,0.034023397,0.031989682
2652,-0.05028425,-0.027491488,0.07252319,0.06313305
2653,-0.19038877,0.44772407,0.048617538,0.04619866
2654,0.007064917,-0.069656774,0.063608915,0.048550718
2655,0.27867916,0.20993344,0.114226714,0.112029135
2656,-0.61694354,-0.07250498,0.08967937,0.0735317
2657,-0.117387645,-0.13336985,0.09802347,0.10005621
2658,0.09924512,0.039965264,0.1263028,0.13936776
2659,0.12446608,0.024924856,0.06081659,0.059450246
2660,0.12092526,0.052606326,0.03563878,0.03608669
2661,-0.09732794,0.4568882,0.22585699,0.18434234
2662,0.09205919,0.12114398,0.18487704,0.17769557
2663,-0.0962975,0.15581189,0.18081887,0.18246396
2664,-0.09885958,-0.15925612,0.037417162,0.034204874
2665,0.046795093,0.055661026,0.15206419,0.15022817
2666,0.3513702,0.10401277,0.058208115,0.04722432
2667,0.10259347,-0.13200787,0.10070951,0.09767662
2668,0.41935858,0.17907031,0.15449779,0.14838873
2669,0.046795093,0.055661026,0.15206419,0.15022817
2670,0.06912355,-0.10080055,0.08669834,0.086952694
2671,-0.08399734,0.36646372,0.09279671,0.073372506
2672,-0.11590874,-0.049839716,0.11101344,0.11352504
2673,-0.08580218,0.13390143,0.072835915,0.054251943
2674,-0.18918402,-0.04548019,0.04339158,0.047665033
2675,0.4334381,0.7368458,0.06625122,0.09682559
2676,0.38518652,0.4302757,0.053907264,0.049934782
2677,-0.004612564,-0.33088747,0.18181956,0.18307984
2678,0.087461874,0.19462581,0.4050126,0.37687293
2679,-0.13703068,-0.0019213231,0.08753367,0.07919997
2680,-0.3240537,0.47184995,0.08611281,0.07935682
2681,-0.06552663,-0.24815449,0.22426291,0.21349087
2682,-0.07716029,-0.40683848,0.15610291,0.15021026
2683,0.10881476,-0.20995383,0.08803267,0.0828785
2684,0.5961824,-0.057332356,0.08436654,0.07355234
2685,-0.049685813,0.008518881,0.060327493,0.047878187
2686,0.40826377,-0.20027032,0.067402944,0.043228026
2687,-0.006043135,-0.03672853,0.10512934,0.09830905
2688,0.14934054,-0.024104763,0.09962316,0.08137717
2689,0.10123263,0.045647,0.07840443,0.06760865
2690,-0.037455156,0.069669574,0.13502797,0.12924321
2691,0.012760797,-0.01621287,0.035462532,0.039763637
2692,-0.0926746,0.25601462,0.1518823,0.12759525
2693,-0.06425579,-0.11174536,0.08795549,0.07108816
2694,-0.1838232,-0.2509642,0.053327527,0.04417374
2695,0.5151494,-0.056867454,0.08294018,0.07538445
2696,-0.24803655,0.07923992,0.05965342,0.05192493
2697,-0.683587,0.08419183,0.07404441,0.05277478
2698,0.24521317,-0.17115851,0.17068696,0.15461163
2699,0.011250713,0.154201,0.059314087,0.05542817
2700,0.20736648,0.048697736,0.12943944,0.124413185
2701,-0.19373174,-0.24901372,0.07024642,0.054317255
2702,-0.063594066,-0.018798482,0.17586967,0.17346153
2703,0.30166042,-0.013376993,0.057950072,0.053981457
2704,-0.503361,0.40194583,0.05396566,0.046524603
2705,0.076452255,0.029085968,0.068913154,0.057698738
2706,0.15941179,-0.05051985,0.13221866,0.10927598
2707,-0.038528048,-0.16013335,0.1561018,0.15836053
2708,-0.25085485,-0.050603736,0.08809501,0.08810661
2709,-0.7139436,-0.10819422,0.11857516,0.1214717
2710,-0.17803422,-0.08041695,0.12446814,0.11021692
2711,-0.22541197,0.05759039,0.13947375,0.14315248
2712,0.13268916,0.43293855,0.052959576,0.055485282
2713,-0.20893855,0.19721021,0.07033676,0.061853047
2714,0.04944389,0.08006957,0.037354007,0.041065596
2715,-0.25494528,-0.086294025,0.22860682,0.20042609
2716,-0.062650606,0.038454015,0.04608425,0.045112528
2717,0.27114475,-0.08678062,0.13153787,0.13174768
2718,0.050830226,-0.24241431,0.111898616,0.104235224
2719,-0.35481036,0.051854108,0.1389535,0.135847
2720,-0.014089162,0.3625747,0.09857787,0.10497507
2721,0.21248019,-0.11180565,0.052341286,0.045682874
2722,0.30628416,0.2038199,0.08836088,0.07267241
2723,-0.7276808,-0.16449164,0.12970881,0.117690936
2724,-0.13551079,0.1812656,0.15349042,0.12525311
2725,-0.053216558,-0.09827471,0.22772452,0.22242902
2726,0.19256437,0.45926583,0.057698045,0.061631307
2727,0.008556106,-0.28648996,0.08345772,0.08016325
2728,0.051205434,-0.22223382,0.034785077,0.035225194
2729,-0.08399734,0.36646372,0.09279671,0.073372506
2730,-0.15161982,0.07657243,0.08843517,0.08047151
2731,-0.45284605,-0.20054296,0.07152197,0.06938229
2732,0.14505266,-0.032950994,0.1096981,0.12058248
2733,-0.05126061,0.0398593,0.09056165,0.08508905
2734,0.5457777,0.34598562,0.07293964,0.05991637
2735,-0.025605172,0.11035022,0.09660618,0.09072608
2736,0.1665652,-0.3743946,0.08785024,0.085684665
2737,-0.073361665,0.6698105,0.05397537,0.045529064
2738,-0.7202046,0.4976354,0.06505482,0.070772916
2739,-0.095040716,-0.21865882,0.13874598,0.13212356
2740,-0.023188747,0.18316512,0.07772711,0.057782568
2741,0.19304089,-0.28004086,0.034023397,0.031989682
2742,-0.1251715,-0.18342735,0.10720587,0.08052272
2743,0.21822281,-0.12013689,0.10557964,0.11761579
2744,-0.10360235,-0.15433602,0.10519566,0.099285
2745,0.20118172,0.24311502,0.039707858,0.035205483
2746,0.44723994,-0.9461717,0.08548567,0.081408076
2747,0.3691474,-0.60024714,0.07593563,0.08057165
2748,-0.18700258,0.43243918,0.06766479,0.06668581
2749,0.07613975,-0.029693794,0.26610002,0.2472301
2750,-0.30826107,-0.39355305,0.0840824,0.0790591
2751,-0.023188747,0.18316512,0.07772711,0.057782568
2752,0.021013118,-0.09396051,0.09679524,0.09040234
2753,0.33783224,-0.107091926,0.14211522,0.1484076
2754,0.017039634,0.034446012,0.11095668,0.10075164
2755,0.036973804,-0.0019309418,0.1964137,0.20479974
2756,0.21938424,-0.46366793,0.053304013,0.055747464
2757,0.04891064,-0.10980967,0.06927228,0.06645258
2758,-0.1867107,0.028551403,0.068538435,0.049245417
2759,-0.27855632,-0.12214195,0.058300324,0.05446947
2760,0.31184182,0.13539895,0.107295595,0.11806827
2761,-0.03840206,0.0062595857,0.03772211,0.03446185
2762,-0.47745505,-0.7104124,0.1609603,0.1673365
2763,0.3611874,-0.21127662,0.061717063,0.05682416
2764,0.3743385,0.14010328,0.047100905,0.036759354
2765,-0.06688414,-0.04694469,0.11340096,0.108999476
2766,0.052438542,-0.33262143,0.07194506,0.06619271
2767,0.051744588,0.16390686,0.12572698,0.11901735
2768,-0.002434521,0.106591135,0.15193237,0.13042077
2769,-0.24573115,-0.6635301,0.12919824,0.12446911
2770,-0.044900723,-0.036360692,0.05956334,0.054898072
2771,0.036002878,0.08864738,0.07798704,0.06916114
2772,0.03252399,-0.019762889,0.1466251,0.13756156
2773,-0.24981116,0.29531547,0.17177092,0.16002975
2774,-0.31252563,0.13633437,0.060455315,0.05523506
2775,-0.041570082,0.051104385,0.07618609,0.04956833
2776,-0.42080897,0.12032089,0.05852275,0.054320853
2777,-0.047064163,0.15246245,0.045269277,0.042655624
2778,-0.006978712,0.006296429,0.1074256,0.10108367
2779,0.42124555,-0.6229205,0.08763513,0.091952875
2780,0.05262105,-0.026067402,0.059433833,0.05690562
2781,0.27329597,0.21887827,0.08222937,0.07653949
2782,0.3165919,-0.2752658,0.1269477,0.12833554
2783,-0.30967203,-0.27864355,0.16160503,0.18194924
2784,-0.07699282,-0.093794115,0.20575663,0.16343147
2785,0.34124252,0.12896645,0.18866208,0.17995143
2786,-0.0070335334,-0.1328227,0.23681201,0.24965364
2787,0.110697046,0.08982253,0.08094477,0.06955371
2788,0.022867985,-0.06432049,0.07735027,0.059450403
2789,0.12764059,-0.35505795,0.09355249,0.062761284
2790,-0.17340894,0.008835602,0.07522911,0.0739143
2791,-0.19414723,-0.22225071,0.1418648,0.13259348
2792,0.007388429,0.3512043,0.06756675,0.05191059
2793,0.09855121,0.13190837,0.060923707,0.059228797
2794,-0.04659926,-0.0059526833,0.047397003,0.047316384
2795,-0.39013258,-0.21192645,0.15474159,0.14601904
2796,-0.06805364,-0.098434545,0.060766216,0.0583178
2797,-0.05251281,0.19111864,0.15458225,0.13880472
2798,0.06287973,-0.18907385,0.11672976,0.102958605
2799,-0.1785481,0.46520218,0.11624902,0.11052548
2800,-0.12525861,-0.21393582,0.06108432,0.062819324
2801,-0.13795514,-0.033729073,0.12762031,0.114566304
2802,-0.3673374,-0.33938608,0.114218526,0.09625878
2803,-0.17240648,-0.6086796,0.11802465,0.12673335
2804,0.07850227,0.04201395,0.06763572,0.057761993
2805,-0.0033047227,0.0034623286,0.05179052,0.04539687
2806,-0.029789563,-0.15548736,0.07659573,0.06325139
2807,0.0753617,-0.044228334,0.100143455,0.09783796
2808,-0.22916414,0.18798943,0.094221026,0.077926956
2809,0.09175189,-0.51406056,0.06020414,0.05596285
2810,-0.014498605,0.10244242,0.047565136,0.054632302
2811,-0.23377122,0.21033163,0.08076357,0.066636175
2812,0.09482558,-0.0752603,0.06999215,0.06437862
2813,0.16505335,-0.2990709,0.09293631,0.08066928
2814,0.23486462,0.1226732,0.322712,0.30274856
2815,0.0055405656,-0.51180243,0.13191877,0.15712672
2816,-0.44275138,-0.39909652,0.06166383,0.056959987
2817,0.41703415,0.13018341,0.06055574,0.048573166
2818,-0.095356524,0.3711818,0.08570771,0.083590314
2819,-0.038389444,-0.25689757,0.05221038,0.042420525
2820,0.040998332,0.03659307,0.045179367,0.044680208
2821,-0.18685977,-0.107453674,0.10324549,0.08814352
2822,-0.32070124,-0.1157514,0.038874704,0.026284836
2823,-0.18710017,0.06679139,0.15336281,0.16434824
2824,-0.3652459,-0.33556738,0.15096112,0.12680933
2825,-0.2087532,0.40461102,0.0794981,0.07225416
2826,-0.12287997,-0.095655814,0.050852608,0.046946894
2827,-0.20801924,0.069769025,0.04690926,0.04596075
2828,-0.090497956,-0.22907875,0.062560976,0.051428925
2829,-0.036798473,-0.0658691,0.12954639,0.11877656
2830,0.15594636,0.15708975,0.120355874,0.11586953
2831,-0.49691558,0.06949521,0.15360351,0.13684474
2832,0.34618744,-0.16253129,0.11309173,0.11268798
2833,-0.013270206,-0.06116606,0.08041933,0.0713739
2834,-0.0018780371,0.13452427,0.060985178,0.06780127
2835,-0.39207682,-0.06356968,0.15892708,0.12808566
2836,-0.25587207,-0.19000418,0.16629411,0.16389672
2837,0.3209981,-0.32379374,0.05161268,0.045387954
2838,0.16929261,-0.32610255,0.10372449,0.106897704
2839,-0.089620575,0.33957148,0.07150233,0.05876448
2840,-0.028551854,-0.32013708,0.093955286,0.090537265
2841,-0.124004975,0.15073049,0.061948813,0.066680305
2842,-0.21053769,0.27722475,0.080027215,0.06380024
2843,0.0018479982,0.15942298,0.04074509,0.026908232
2844,-0.8288444,0.026105817,0.13344005,0.11015003
2845,-0.31305996,-0.2598547,0.13664936,0.110221595
2846,0.02618523,-0.13587205,0.2158971,0.22802073
2847,-0.02110476,-0.14604421,0.053618055,0.04611833
2848,-0.21019273,-0.04683872,0.16535819,0.143555
2849,0.34569743,-0.285591,0.122990586,0.10466361
2850,-0.13654783,0.42157888,0.22839414,0.22756352
2851,0.3749946,0.21673843,0.070796885,0.053343553
2852,0.42351356,0.11905132,0.039710946,0.030827897
2853,0.10013838,-0.03722946,0.087150455,0.08270806
2854,-0.07377696,-0.2047811,0.044662043,0.04640333
2855,-0.057007298,8.6504035e-05,0.04462761,0.04222835
2856,-0.07571134,-0.4224792,0.06396112,0.061569028
2857,0.2598911,-0.07530034,0.07916676,0.06928711
2858,0.06301831,0.66010296,0.07209226,0.07323245
2859,0.0007352242,-0.004702707,0.045078415,0.0396203
2860,-0.035983704,0.100706,0.05330492,0.048217747
2861,0.4821464,-0.110247776,0.07642477,0.076496154
2862,0.06609839,0.2935114,0.20175776,0.20111166
2863,-0.26052928,-0.3226281,0.07568113,0.07533309
2864,0.09548639,-0.10031259,0.19487762,0.18123691
2865,-0.05532493,0.039441917,0.058516905,0.051973928
2866,-0.17720273,0.014130372,0.12465117,0.12055207
2867,-0.5903503,-0.2378585,0.22501317,0.17705454
2868,0.12553366,-0.25324482,0.17436917,0.18416841
2869,-0.022038035,0.123053566,0.053245246,0.04767869
2870,0.04182671,0.11489773,0.12486068,0.106926285
2871,-0.37100548,-0.17029382,0.14796053,0.1476828
2872,-0.26547554,0.27525315,0.24870262,0.26405373
2873,-0.056639977,0.116917476,0.092528656,0.069109395
2874,-0.28710154,-0.13398634,0.14071074,0.13629286
2875,-0.7765207,0.11724062,0.08477273,0.07875842
2876,0.2755074,-0.48693,0.09382496,0.089375176
2877,0.2518971,-0.4463658,0.14660163,0.13165449
2878,0.00017050002,0.0076031415,0.14135647,0.13638312
2879,-0.044794623,-0.17584611,0.08291001,0.06943908
2880,-0.31407726,0.30373186,0.2688926,0.25456002
2881,-0.42231888,0.13099554,0.17621067,0.16981597
2882,0.32186583,0.20594566,0.072849765,0.057824038
2883,0.021473318,-0.0041466216,0.047195062,0.037075076
2884,-0.20835757,0.10184041,0.072310746,0.07068571
2885,0.08162664,0.13682255,0.21353573,0.20583433
2886,0.048739806,-0.30229586,0.07586326,0.06253124
2887,0.12700757,0.9938349,0.08586559,0.10750839
2888,-0.410308,-0.09723183,0.08080711,0.06565785
2889,-1.1972152e-05,-0.01948725,0.09561025,0.09349844
2890,-0.023605946,-0.04252697,0.2579166,0.27795506
2891,-0.15996596,0.14179261,0.13057469,0.12317492
2892,0.08074854,-0.26386777,0.11983869,0.112352654
2893,-0.024337932,-0.06529906,0.12103344,0.09629438
2894,-0.2106348,-0.29936874,0.075902924,0.07419359
2895,0.15340914,0.13143934,0.058255795,0.05830065
2896,-0.036817983,0.15144889,0.07507883,0.070842
2897,0.47608402,0.42262307,0.05571809,0.0425239
2898,0.20378147,0.017957732,0.05058632,0.043500308
2899,-0.024127625,0.001520778,0.0535428,0.061148643
2900,-0.19913843,0.073752254,0.10200118,0.09200815
2901,-0.032564,0.22846924,0.06396233,0.058393244
2902,-0.0024610264,0.26904804,0.09573128,0.08555892
2903,-0.03995329,-0.085643776,0.062042937,0.05269526
2904,0.13041657,0.17530204,0.046631567,0.05104106
2905,0.10013838,-0.03722946,0.087150455,0.08270806
2906,0.2526864,0.25351414,0.06782678,0.0568106
2907,-0.18964611,0.1478006,0.1122941,0.092375286
2908,-0.06118457,-0.19778664,0.13339716,0.12761973
2909,0.03681958,0.27563575,0.2069509,0.20756611
2910,0.5376403,-0.0039770426,0.18571877,0.17276035
2911,-0.055165544,-0.17809106,0.11707064,0.11239225
2912,0.2457128,-0.2013931,0.09990151,0.08338179
2913,0.16512117,-0.11077337,0.09138376,0.087525755
2914,-0.0036711833,0.3340082,0.115872405,0.096595936
2915,-0.6412984,-0.25800943,0.17603184,0.14323959
2916,0.29863122,0.19712943,0.2167469,0.22259142
2917,-0.13396044,-0.005673771,0.20622313,0.21281782
2918,0.33191997,0.32186893,0.121261254,0.12786172
2919,-0.14657564,-0.3226866,0.07912899,0.072716765
2920,-0.20788081,-0.6309499,0.18190852,0.18695581
2921,-0.08003317,0.35471338,0.08131377,0.07708639
2922,0.13504736,0.031861942,0.21265107,0.19208173
2923,0.055151,-0.85148257,0.08411408,0.10139275
2924,0.26708958,-0.020597223,0.054881804,0.035770275
2925,-0.32485652,-0.45512152,0.095494345,0.10005895
2926,-0.1548645,0.019589003,0.25018233,0.23232268
2927,0.102159455,-0.10130282,0.05099218,0.062481
2928,-0.06685034,-0.18579365,0.059887677,0.059370987
2929,-0.9513663,-0.30159754,0.23823753,0.18529205
2930,0.15385754,-0.21783479,0.04655317,0.03938457
2931,-0.24638346,-0.017121982,0.17002048,0.15234755
2932,0.13029654,-0.17517577,0.040733416,0.037419267
2933,-0.49046454,-0.27489227,0.078700006,0.07515734
2934,-0.13614203,0.14109741,0.039641865,0.04102719
2935,-0.13296975,0.09426811,0.056332495,0.04181558
2936,0.16053529,0.14123763,0.0604341,0.05792776
2937,0.9071237,-0.16236651,0.12143789,0.07924492
2938,-0.18363337,-0.19445233,0.052039173,0.039446298
2939,0.23161803,-0.23020534,0.2696968,0.2829625
2940,-0.12006935,0.07980117,0.13159461,0.1267032
2941,-0.107786104,-0.08560324,0.116298035,0.11482061
2942,-0.48774868,-0.5298394,0.13197736,0.120678395
2943,-0.17698802,0.19825138,0.17754371,0.16038592
2944,0.028594036,0.06493223,0.07942851,0.07276251
2945,-0.10569017,-0.37708464,0.1680692,0.17188431
2946,-0.22130303,-0.21573628,0.22174415,0.25265694
2947,-0.16998692,-0.0020455243,0.041755404,0.031150637
2948,-0.08731146,-0.35272935,0.0854037,0.08071684
2949,-0.14393853,0.6503118,0.068807,0.07191109
2950,-0.12855513,-0.01575606,0.053838477,0.044696018
2951,-0.01471845,0.24514563,0.16326675,0.13467276
2952,0.6165732,0.5540882,0.08766669,0.086816624
2953,-0.43633065,0.028614875,0.100346856,0.09540901
2954,-0.03402816,-0.022066407,0.06645949,0.061970107
2955,0.004413725,0.020480137,0.07192631,0.04742237
2956,-0.2653899,0.2284228,0.100905895,0.09667078
2957,0.0010067867,0.46334395,0.110077694,0.10868313
2958,-0.24352883,-0.32363772,0.16228688,0.14468531
2959,-0.051260155,0.16753885,0.08198669,0.0789999
2960,0.008200032,-0.0059770765,0.15937637,0.15287168
2961,0.030692518,0.018812899,0.045481622,0.03710203
2962,0.08736361,-0.37896478,0.09028177,0.09393365
2963,0.06820153,0.3429483,0.10074778,0.09791919
2964,0.23544617,0.020097006,0.12766983,0.09221667
2965,0.281516,-0.17295933,0.13164529,0.1129414
2966,0.05323056,0.01957361,0.14245798,0.12273082
2967,-0.10778485,-0.07008138,0.079109155,0.0630404
2968,0.53339154,0.5458631,0.108209565,0.09830522
2969,-0.1945764,-0.0927646,0.16080339,0.14899822
2970,0.25265032,0.42745328,0.08612888,0.08350578
2971,-0.09854534,0.2892978,0.038611513,0.03591465
2972,-0.061374664,-0.1649766,0.12752177,0.1271123
2973,-0.08630891,-0.025189292,0.094529204,0.081541695
2974,0.082356855,-0.42520663,0.0886207,0.083288796
2975,-0.22503997,-0.54945904,0.062634885,0.06521845
2976,-0.23766753,0.35048053,0.06320187,0.059942193
2977,-0.08456447,-0.15657498,0.26727372,0.25859135
2978,-0.0041515743,-0.043735873,0.12607396,0.09324638
2979,0.19474797,0.11145996,0.110601015,0.104650065
2980,-0.13703068,-0.0019213231,0.08753367,0.07919997
2981,0.03700635,0.0662262,0.044469014,0.05126911
2982,-0.15900181,0.015964169,0.038646378,0.035512768
2983,0.14229722,0.26236466,0.060460247,0.048014455
2984,-0.16953702,0.1741617,0.08764506,0.082647346
2985,0.044719003,-0.17898442,0.24485366,0.22956756
2986,-0.15121724,0.26113257,0.08614869,0.087796904
2987,-0.008996113,0.07497844,0.065467365,0.05133549
2988,-0.119835556,-0.10974014,0.07243472,0.055779144
2989,-0.06386679,0.3814116,0.1176379,0.12944601
2990,-0.1725715,0.40126505,0.16559875,0.15610771
2991,-0.17057133,-0.2016009,0.22386415,0.22203083
2992,0.10256747,-0.31137675,0.11107552,0.111382134
2993,-0.02324497,0.09639637,0.10168552,0.07601253
2994,-0.21943352,-0.32834217,0.049517725,0.036954608
2995,-0.5814777,-0.056201827,0.08854136,0.059670404
2996,-0.13251089,-0.03581142,0.060684662,0.054238737
2997,-0.32274678,0.26113966,0.07097434,0.057551567
2998,0.15030809,0.036843527,0.066578165,0.05108264
2999,0.28470835,0.28270063,0.06627454,0.05847689
