,e1_out_mean,e2_out_mean,e1_out_std,e2_out_std
0,-0.08754441942800179,0.23173281916001032,0.06797268905374239,0.052141881822025005
1,0.6836984624359859,-0.2264617453898947,0.03785450167223242,0.024252206710602714
2,0.7153949510656278,-0.2819348596624208,0.07303408483016002,0.06398927513949856
3,-0.0008290461335263748,0.022761512839148314,0.06938989105754427,0.06558029232968988
4,0.004898507463735403,0.006556610529561586,0.03793765412359948,0.031580836681678055
5,0.43086085355771925,0.0002775686373487135,0.08476572592331362,0.06255419060422876
6,-0.029350971293378426,-0.027081200081420297,0.12691787581742384,0.10362401013021778
7,-0.18607908099130585,-0.05732275350338715,0.11282625037385345,0.08135399880448783
8,0.025267416224055535,-0.10095838338003715,0.032817568506900804,0.025898040309553748
9,-0.07219915828018032,-0.27590356814078343,0.08572249925116145,0.09404440377381071
10,0.04306840147732035,-0.07389485772245623,0.05585690922599079,0.04810310411815167
11,-0.5545869055742609,-0.04255660912861301,0.04391463633004004,0.03606157870159105
12,-0.3431322033155007,0.589098755276794,0.050306569828623596,0.04997395832997174
13,-0.08547986830317227,-0.18786395545063803,0.09441986338232093,0.10230889696556239
14,0.21086484256578514,0.2435100363164357,0.08927803348895971,0.07511286752973172
15,0.18898583268731892,0.4292454570501955,0.13665917037508546,0.13623823763217385
16,0.12249146223229268,-0.038774352828361405,0.07610659705647893,0.05877348110898269
17,0.23481287171194895,0.312779337612962,0.05421745638568817,0.05157783532654752
18,-0.2983030546923195,-0.8368223848588375,0.03061598789953046,0.03562718256740616
19,-0.07739093003962665,-0.06312977960402483,0.12167939244175553,0.11267584719739492
20,0.04753770157740738,0.005531678846539086,0.055712278618168444,0.04590346076952126
21,0.02637655146585335,0.02840452048326202,0.0988296968783951,0.0845265188826772
22,-0.010271729548629652,0.0394654431337455,0.09151107405899338,0.10469271870109126
23,-0.36110490555556113,0.24597213975828583,0.23041455032719263,0.1845389853654501
24,-0.4535896293088199,0.3236428938927321,0.17775621145916135,0.1617003842168794
25,0.027306252526343385,-0.13360912625438592,0.047397382838475124,0.03672009108424497
26,-0.019820294833433564,-0.0017395982421691764,0.030762661715004462,0.021793229222818167
27,-0.017202705137471606,-0.009536229924768914,0.11323338905103801,0.09327289771230235
28,0.15653645543489317,-0.144653278957922,0.08840875457391847,0.07590027993929796
29,0.2441986126999725,0.05815220251438614,0.12552573795638095,0.08480408968401683
30,-0.07010586788706988,-0.016928169266240807,0.10417792267858923,0.08073925007881157
31,0.013285507379485122,0.1369570264183019,0.06078810163265555,0.04916833956597556
32,0.14586738611730887,0.30066528600427306,0.10407828166861824,0.12090629058797454
33,-0.9740340141559002,0.17579815648824113,0.04291142343142833,0.028432802272185122
34,-0.08227479549688692,0.10441623036811058,0.08295366461298873,0.055074177996182694
35,-0.2779396415799219,-0.8438674300007184,0.09895365310202892,0.09967626749270675
36,0.14954643359882788,0.02121419143083366,0.13945494618153503,0.1152061203680978
37,0.45394039557661564,-0.5830229488483062,0.04350639485448305,0.044463350201910154
38,-0.11491194019960775,-0.06959366634653516,0.02991763910290395,0.01984128609457811
39,0.11460781388487502,0.1505300860648647,0.0774614924493986,0.07239263833353367
40,0.13624018666473747,0.14602510727967838,0.0435095090690075,0.03914335525935748
41,0.33763398962438,-0.30010270143794415,0.13871792679126327,0.12154994690820452
42,0.4480507982481644,0.04174671127103335,0.10418888879111211,0.07758609146747056
43,0.48579082964262676,-0.2805365467811016,0.05213249566493582,0.036925684324032426
44,-0.0759399516116579,-0.06830491443030584,0.053027799339661036,0.037312096419925125
45,0.1540229765981191,-0.27604808497757494,0.20420329938959314,0.2260833634846779
46,0.030158063057685768,-0.27957659529129364,0.02887555141019683,0.0269489754863707
47,0.028855907459069224,0.08983911469071959,0.05727606194969363,0.04947188054190311
48,0.3568931324718702,-0.29363544128830943,0.06554302268570826,0.053886157140674275
49,0.059692261498341885,-0.00232962409218341,0.11231529681148777,0.0920634488946254
50,-0.18276389687107675,-0.05274495160217053,0.13723787532141274,0.09980886728819148
51,0.0778984277945172,-0.11934836128080822,0.09684852037143138,0.09072987770978076
52,0.3992049461036543,-0.32130228687923174,0.02970524054808926,0.022440220680931208
53,-0.14455774729112214,-0.10820463743242192,0.1620860503166582,0.1234531990727998
54,-0.002317749485652669,0.05322580681965011,0.05333234509888341,0.046316801994663426
55,-0.0028875326063672645,0.01126540720285573,0.04684029848244083,0.03226082894645019
56,0.13657744471746325,-0.23822528992220846,0.050790605249541584,0.04338799216913195
57,-0.3043214213721498,0.292255031074601,0.27742056994470193,0.253174378182486
58,-0.007916395377184932,0.031258452904806305,0.11306087226802414,0.11203521630078782
59,0.385025380690032,-0.051923305143165996,0.03953191908038043,0.02374009904443659
60,-0.16540360761522446,-0.07285856442232114,0.09074730833347774,0.08049549432601943
61,0.010409101864796873,-0.37203638929707233,0.09162362048446504,0.12033163482646392
62,0.03547917886149537,0.08134923547146175,0.043735581713362,0.033185134193317846
63,0.37636702185460497,-0.038043048700044456,0.17387480668446964,0.13058805802089474
64,0.27109261753709035,0.39205496616765007,0.12719530295100287,0.12160902412464622
65,-0.059413477621790604,-0.04980914933899924,0.12849457781151993,0.10786585867238709
66,0.39827198390698126,-0.5021725576130306,0.1543458508420652,0.1680566392428621
67,0.09953498562465286,0.10500316616696076,0.13087517972976404,0.10643690823508507
68,0.631006828095087,-0.2136000547990081,0.12331015136798942,0.09821683098428619
69,0.058712145292746994,0.00016789461557017906,0.073605094895484,0.05406950655173806
70,-0.5158070262436092,-0.14818694423703713,0.14286952806367098,0.1197594758159125
71,-0.5478704044843287,0.4412254919753233,0.0987706394103383,0.09323377845398996
72,-0.12041058891735504,-0.0630372121868932,0.08705639907365355,0.07918312033191972
73,0.31848252593872,0.15057530412273343,0.12246022206089208,0.09747039623774932
74,0.5249861123919918,-0.36056342149119863,0.043582391672733055,0.03246443736551688
75,0.4791608234485386,-0.7388439881333261,0.029413845178940818,0.030279566870111813
76,-0.04159481232591045,-0.2912198232266705,0.042084722600248724,0.0405131342027085
77,0.07777423031930823,-0.725929449464171,0.033841434168034264,0.040027208099246966
78,-0.029476236124561715,-0.016347200013066422,0.055020813665854075,0.03865449337032862
79,-0.033273235762233684,-0.04260231276402171,0.0845449447211086,0.073951290889128
80,-0.14331152575090503,0.10604363822024382,0.033583214664819935,0.0242336345347687
81,-0.10982679296811293,0.01423716561058811,0.07890094589840661,0.06576952946469511
82,-0.028660809494182583,-8.486120265195022e-05,0.0480072158793794,0.03522812250987596
83,0.003771294488219358,0.021096737264618033,0.03493874729741398,0.02801635912766822
84,0.20056874875447792,-0.1142662717847681,0.03286817617255434,0.022051041286391286
85,0.13074649027488175,-0.049919348024843026,0.029784262040767586,0.01895865634235392
86,-0.3831252422726929,-0.1837291561631845,0.07903153742982882,0.06250774287526349
87,-0.6441247731738279,-0.015589693793609062,0.07160300806992831,0.05179513068704373
88,-0.07539526776331196,-0.0648743652964533,0.03728914841015042,0.026833764496482553
89,0.01891854690220311,0.08631093830339666,0.07633221991580331,0.08021575082040504
90,0.08856424097962194,-0.18635780665837945,0.2028927866032703,0.19858922862265702
91,-0.0019096542708336205,0.1630589702704955,0.080306799501831,0.08693588380404992
92,-0.02355104565936667,-0.03965315171103082,0.05538037771703638,0.04670887186724203
93,0.08997324777007162,-0.14849166861940474,0.026464983944512268,0.023503500351156448
94,-0.09097717818105379,0.054752219522707486,0.17588477866864066,0.16232255031630882
95,-0.43740054448887317,-0.5543186162707577,0.1363538268093883,0.13676259143728975
96,-0.2620518065030601,-0.39002998492537916,0.057277141543466345,0.05076611403854484
97,0.18506365060112565,0.23341902179620622,0.06150214173991676,0.055793492630156545
98,-0.006847401344162248,0.011717100499564044,0.14130521286366968,0.14404026866606645
99,0.0908937999527793,0.16917412227854392,0.07477037452547218,0.09029159354469335
100,-0.03381526259733581,0.015155872271629324,0.03299483566498574,0.023309451286028356
101,0.28379364780553,0.11757264487748935,0.09137615457532505,0.060016154873629234
102,-0.010287782665035845,-0.022264687680836746,0.0894429266564042,0.07899970130910422
103,0.049726385313230446,0.08543009277019449,0.16556644274815352,0.15855499045857502
104,-0.0245678066663881,0.03801634822794577,0.10383669462671903,0.09544403107309092
105,0.004769299574582063,-0.056395542576387125,0.04983210997177405,0.04060443721216889
106,0.06794472854706356,0.1557015789475125,0.09547778612002115,0.10590331283207155
107,0.3063428277030277,-0.005584921229023245,0.055622557302615616,0.031177355759417665
108,0.02066828777859182,0.11523863048620706,0.09699672176199062,0.10221170739670105
109,-0.5568305217503534,-0.2930836781553924,0.13719043699043135,0.10858884828857154
110,-0.10243654749837632,0.05974333996398099,0.13832199534353604,0.11013055556360486
111,0.14830606561542356,-0.07802417113267812,0.030249119756946177,0.02136518577562769
112,0.024980816104934075,0.120391764080707,0.03657733131315494,0.030113568404035326
113,0.04464327421560659,0.13092865755519464,0.14652106284657215,0.15675952719951533
114,-0.07770030387934776,-0.023234745321884825,0.09682215942821704,0.06917888607947202
115,0.028655760069105387,0.042144814338414285,0.03953555081786738,0.026254297298291294
116,0.026298179749129205,-0.02279649400406463,0.03800402569864784,0.029309473564144886
117,-0.46070994056364684,0.03050693744082239,0.08509940036482237,0.06447875829473901
118,0.3393042772035234,0.20542991485013942,0.09380915281021143,0.0724658144317465
119,0.023316592227128088,-0.0798930823985688,0.17633527348854647,0.1865020949470059
120,0.045956801175508495,-0.048089236018909964,0.048186045198230706,0.03328991997617174
121,-0.014722298523600855,0.0070673665422727105,0.027120223255724458,0.020290379917887933
122,0.058156593285484316,-0.009276819538298155,0.06730830467469753,0.05374450981648953
123,-0.4721112256012503,0.3956071340933169,0.0710416055691227,0.06496439917159813
124,-0.009609804481753862,0.0016536630604252677,0.023865156978391224,0.015688979292734485
125,0.03967847246760404,-0.075965806232595,0.066393629268801,0.0781994269902313
126,-0.1168135507465671,0.10633944296719804,0.09066588936504492,0.07256193363767442
127,0.11593123126998568,-0.11481604866431978,0.031051829276040017,0.02475221724451602
128,0.25957334005572197,0.3030992431029214,0.10067138571674418,0.08848644522803083
129,0.22694632167688022,0.5832986149370379,0.05591600562174132,0.05443797964114607
130,-0.05937805295438323,-0.10408434056426102,0.1469960460357744,0.14866213000184766
131,-0.1224241312522478,-0.4516383308480059,0.10780809883244256,0.10981216547752685
132,0.02234547185893752,-0.03260071965761163,0.06640041820612884,0.06872808873017519
133,-0.032463876981155056,-0.09370442733436604,0.09685281277979119,0.09802813596247907
134,-0.17432662975524052,0.09672526741639442,0.052073908062615595,0.04834330586804356
135,-0.48247716145693376,-0.029903831116938562,0.18799053520691278,0.11669577152458137
136,-0.18467066143698954,-0.17282143548706308,0.1510600710337182,0.13117858171979374
137,0.05059738523096676,-0.03482657825999647,0.0932593138572668,0.08181098064517127
138,-0.05215587361082168,-0.08276824761977644,0.08810112512422714,0.11003431121085912
139,-0.8158694642129138,0.023579340542156112,0.07859621345426017,0.06120468834931589
140,0.02855567118796509,-0.05044896007320175,0.04224251954945488,0.025441532649714674
141,0.0244758715676258,-0.02861905404687983,0.04374651341945802,0.035772516826354496
142,-0.3855845142083883,-0.1799011362071983,0.17400922211779646,0.1417533509058709
143,-0.006277033857695712,-0.002595670187677945,0.06287174394407906,0.06880789274898746
144,0.15055040408152778,0.05244211702495822,0.14182905812077876,0.11956831435853764
145,0.09810384347816822,-0.29597899583120996,0.1791133237579873,0.22028892216057716
146,0.08984055216207425,0.005520715477910851,0.09247025711515539,0.074825398714514
147,0.0530208512424639,-0.02071155458312165,0.11915249517169277,0.10255161242786678
148,0.28471873507601664,-0.14967553249801502,0.04316980886111874,0.0267463917750012
149,0.003020045137569367,-0.054940095081443104,0.026210449016956655,0.019142464589273885
150,0.01343526199267862,-0.08178426584598343,0.09502034699936085,0.0874011374480739
151,-0.030631278778066876,-0.049750013877462786,0.037648022971189424,0.03423330835177406
152,-0.053956985403078715,-0.18371534873535447,0.09117698949638359,0.09637892647479002
153,0.13006545107262152,0.03428014720241113,0.15892803902271094,0.15322434749187697
154,0.006225192600937175,0.0070649232824109,0.06524936049951885,0.058559532112276456
155,-0.1369949036319796,-0.5026433800735889,0.08630744977121296,0.09761313289123041
156,-0.5247554841294623,0.4214331469824089,0.15933370042861966,0.13836220273699576
157,0.1603945381218996,0.6719855314430369,0.0363279985603746,0.037954752238476
158,-0.07502238550717305,0.0030215985053556457,0.0944166177819014,0.08350043875741811
159,-0.14646460049331636,-0.14310205549509442,0.06755819534780186,0.05911929598629001
160,-0.035059327906145035,0.07309195455772463,0.1226645268016648,0.12543925940200656
161,-0.5228534868560947,-0.4880774393786242,0.10403432095417535,0.0911555310616695
162,-0.8992290191228017,0.011502369928351814,0.05341960616158205,0.029511049925595036
163,-0.1482831515478367,-0.07292063534143649,0.07471666337417271,0.05882377214230705
164,-0.0006851361297970553,0.04848258982658906,0.14534947891164135,0.13253467350457165
165,0.3154126787359301,-0.15356729260467009,0.12521131077830416,0.09530299646733185
166,-0.0729167373580944,0.05739510261785064,0.09605245991677669,0.09386272230886368
167,-0.07530869513113322,0.1798185606879041,0.05528546239727098,0.05768970140875217
168,-0.24195017961085225,-0.20924044156031002,0.07246675974870365,0.06593273484695529
169,0.04691378591631886,0.1592292416725277,0.0793989190537342,0.06382524724596002
170,0.040910522604928425,0.007086056367911388,0.1295957848733697,0.12582704579114604
171,-0.028910598380560985,0.04553826385618317,0.10519695838204367,0.0758572473948813
172,-0.12728890929120956,0.13865760262622653,0.09067739142830632,0.08633512052822846
173,-0.0027931358184391146,0.03465759659867515,0.11996729747767051,0.10883874513781984
174,-0.01748436286826741,-0.013141085165957286,0.08933737023601405,0.08408300329652278
175,-0.08690533358348368,0.1334590836590137,0.057272645147449966,0.05197731772407599
176,-0.208186635006877,-0.13582341350491864,0.12271431972308172,0.10859819074478053
177,-0.776555602210474,-0.18516400319638082,0.10081474478095954,0.07820820913149054
178,0.00026540218823816863,0.006160100658932985,0.06698546551866008,0.06568149630296491
179,-0.27586978680007446,-0.1123910946244703,0.06886553042745262,0.04672653631536502
180,0.08163366948667954,0.30656201826673884,0.03765150464969862,0.039180759225557804
181,0.21182262117017284,0.4812666483412729,0.06909153979037715,0.06905786866182109
182,-0.009818422041879219,-0.026507529516765396,0.039256395857998325,0.02687326404519553
183,0.242421447553125,-0.30076992267532054,0.14096130670665144,0.12661027575478523
184,0.24574892034985377,-0.19380371662692966,0.19373283911746395,0.15534034739533928
185,0.11862828822212144,-0.30134825660334824,0.03152917667985389,0.028052868344894046
186,0.8327739219587755,-0.03230658809439187,0.055939021312135045,0.04249107169260533
187,0.1657329411745944,0.01513452791439742,0.039524233049227246,0.028047013074303215
188,-0.2280607350941156,0.16247897290986127,0.04454652253653015,0.03151332218137722
189,0.0029457776579271356,0.01801509270752997,0.04219757763171142,0.02765516338462261
190,-0.004080937050648052,-0.03903521209172096,0.05182274069204869,0.047006881667959806
191,-0.016730253705064483,-0.0019517376680261095,0.0321341403258692,0.022302650544027903
192,-0.2371621893781187,-0.5717061118967184,0.07396809383460423,0.07696604925687651
193,0.08932634979321738,-0.03374611621475564,0.04825736063056008,0.034558118636013754
194,-0.14997971678037222,0.026667444754009607,0.09057363944102965,0.06531940011683054
195,-0.012159140680979622,-0.059868227871732675,0.059983058077831525,0.061777963559158114
196,-0.13134306725096445,0.13243075421102538,0.0770018631976818,0.06260751873694197
197,-0.00929972720950609,0.09581952004429836,0.14588015533747736,0.11929909617052599
198,-0.10922405310811582,-0.04694660289364287,0.13784719407831678,0.09499374105241391
199,-0.01899576387438665,0.0058319229518819715,0.028765955041128204,0.020492196586480566
200,0.368321459536015,0.6115254390220649,0.0932555802750892,0.09217987338364265
201,0.008856288490092065,0.0004004198425273586,0.03179448697054337,0.021792002410186716
202,0.14076277026543252,-0.005100278452937279,0.055291016907179365,0.033974499557998354
203,-0.5926757050013867,0.3301437712384311,0.06373767541373947,0.05389027402651265
204,0.16384938455760822,0.032836212168896296,0.03236961077212298,0.021003370905937638
205,-0.2785261601039975,0.3420748983939075,0.07132012196572274,0.06361347207846942
206,-0.045371109777361564,-0.028449027557420146,0.06768270310504305,0.05334653017818289
207,0.15186962095207818,0.04259889455885678,0.14179109230884915,0.12068139321274174
208,0.38645278502809116,-0.030344817574053544,0.05977334902432047,0.034308369819998887
209,-0.20658089198832014,-0.09169587600182531,0.0717381679855553,0.061617528747294495
210,0.04012791136712348,-0.06566789517453081,0.02233772238123577,0.01651142672894036
211,-0.03011456828948342,0.002594520742706468,0.106338882691366,0.09103125593760812
212,0.018119574308829624,-0.04493778452592969,0.12477075110931614,0.10005611046288422
213,-0.0060806186726836174,-0.4697124583931231,0.03989528612826292,0.0490861535577515
214,-0.012168486767644569,-0.010743914737693747,0.04319000674211164,0.03609551784297629
215,0.1513858420608513,-0.5263272429831799,0.07860495168585917,0.08052906981831534
216,-0.0700501229124544,-0.002916847760809597,0.05358058936099677,0.033226726799769686
217,0.00834747949978255,0.001366182116452611,0.12556517001875847,0.09163146285301428
218,-0.4553201893402609,-0.25053646734665425,0.05987952145172159,0.04663344952155543
219,-0.1133521464850356,0.03898411611300808,0.07072502644066123,0.054674751326333274
220,0.34079673568309554,-0.22345184895878228,0.07108013242585975,0.05412021985514676
221,0.2876092234364024,-0.1489774746076203,0.12035767034557743,0.10754558452858481
222,0.05278130155454381,0.000538995244375679,0.02505780031496772,0.017641570431193573
223,-0.08281700393888831,-0.5279752750587953,0.02910043223919331,0.030479163195827674
224,-0.02341452500717048,-0.03710571012073754,0.07044818992695043,0.08777218243866264
225,0.41724189850074983,-0.10529534696958179,0.05037120039064755,0.030665287749652697
226,0.7696924557423753,-0.21534102123846402,0.036534465161143254,0.023661409457546228
227,-0.017752125513994108,0.018214374804944956,0.11139502419781917,0.10924690107692087
228,0.4463239590258853,0.3512087507917227,0.06245503632846502,0.05223509840597978
229,0.07311103149873174,-0.10982492626644762,0.06047576278934263,0.06057595527752133
230,-0.07702566521577792,-0.06856634952893112,0.032727367631843855,0.02436238093106649
231,-0.3041380236131416,-0.024408070229045016,0.08105899338420705,0.05285343365136588
232,-0.028657804236995977,0.040171399907621044,0.10987353829465593,0.10555846486145204
233,0.08863540468469287,-0.03888738679717542,0.11878598138886248,0.0802247755723342
234,-0.29281848313789743,0.06663590345360004,0.08231784614758117,0.04987051727351311
235,0.0291113336185681,-0.12052966273973652,0.15976041526532175,0.16469214026964804
236,-0.4939798852828777,-0.6493768870190681,0.13289400998226242,0.1330660077411453
237,0.5805987818411251,0.5056783721690088,0.11657363730576278,0.10081623727065585
238,-0.059413477621790604,-0.04980914933899924,0.12849457781151993,0.10786585867238709
239,-0.014935031917537218,-0.016969657043682834,0.05193964143980709,0.04380621962536417
240,0.0042852888545853824,0.4041487198142332,0.09510194522150849,0.10527547185762659
241,-0.021426097564360192,-0.11791059188983746,0.09537262350975576,0.11321669994170189
242,-0.023167209472396564,-0.027280136343205072,0.059545229765178266,0.04797987051727598
243,-0.05303679201239162,-0.1642986370413869,0.09646316675867621,0.08700944017441423
244,0.13290900887773557,0.4105616963198729,0.02637444189128988,0.02649767203236095
245,-0.3143805607985162,0.12222607954102828,0.054964733667428864,0.03505651908307358
246,-0.1310938744064967,-0.1380334309154825,0.19057532518696524,0.1816306629408465
247,-0.027554924903552092,0.12820266944100042,0.05828699103956917,0.04957571099417254
248,0.012598625975605845,-0.013583069253825693,0.041062068217863706,0.02812255563481734
249,-0.003812165139113648,-0.020439378139317108,0.032533092532499405,0.02242318439374038
250,0.015401747211709681,0.002141152442668214,0.07587894610306131,0.07517156261911895
251,-0.02100812042140907,-0.08122420807047198,0.07703753252012441,0.08185572945136758
252,0.013366174908546056,-0.08707570639479635,0.17691234509791154,0.16988782122660276
253,-0.014559346554699818,-0.015885920428824425,0.044373145281550175,0.034544336737456736
254,-0.045252658322148635,-0.2969293369853124,0.08474816119806662,0.09758061527397446
255,-0.002977269166345821,0.018514182638668282,0.09099622654561751,0.10053539925530088
256,0.05709378721131975,0.04693172261721001,0.10462495530004724,0.08425199287742081
257,-0.14646460049331636,-0.14310205549509442,0.06755819534780186,0.05911929598629001
258,-0.026419707865572618,0.05727592108425911,0.09317231511564031,0.08458389252892282
259,0.004184135697488568,-0.005348287029113636,0.03678932469235102,0.025712369758222338
260,-0.24745961639727024,0.005372111390525818,0.060876000146453266,0.03442945089759833
261,0.1084756526091511,0.05488192243071425,0.07560668639081466,0.057424527024882634
262,-0.005330884391736864,-0.27493042515811156,0.09457422156599406,0.11754331355304388
263,0.11823401243022676,-0.3115873340075094,0.04055774669204003,0.04062384163416334
264,0.41565753556386204,0.5303531270990113,0.0452321415426334,0.04372002092784449
265,-0.006752773427625415,-0.023179058927264178,0.06425903049200667,0.047402148969776466
266,-0.10710022472735772,-0.005732017383060944,0.17683279214239708,0.12526783231124225
267,0.01301478860209047,-0.558384234324994,0.05958416705401228,0.0693416558172302
268,-0.1760487304816333,0.04552695318144666,0.10983705016911091,0.09144711966728383
269,-0.35769201583648674,0.20895814738829457,0.05142723342998775,0.03853556219405344
270,0.028337539383234956,0.16160947740731488,0.09730943715431895,0.09965814073814461
271,0.04370677415161902,-0.061248486957346686,0.05732373675147682,0.04731696804400344
272,0.23930900124866003,-0.41796317227512586,0.13599513315991998,0.1536505315956709
273,0.36942480145057593,-0.20037851855869496,0.11709278247985896,0.08375185681500065
274,-0.010441269266857029,-0.29663277610427624,0.09651860975809301,0.12066221753162042
275,0.24466881163182688,0.26594611084926784,0.0557984719887469,0.04256904660661341
276,-0.045902058549975706,0.07692218299365042,0.05592716902577679,0.05291027051485031
277,-0.5227281936895822,-0.35090256951079674,0.07518701011558596,0.05477750489823256
278,-0.06297625514135549,-0.013011408968442141,0.03239881183832589,0.025213907957752777
279,0.3899482773933664,-0.3639374835164712,0.059281401397292516,0.050876151352692627
280,0.0335309280456161,-0.05658541655020927,0.02977303029133807,0.024007675494854466
281,-0.017094216021041626,0.017680734790753175,0.0961398177933613,0.08170622001172517
282,-0.006756948856182364,-0.0030095119371959045,0.023343626152255863,0.017796720462802226
283,-0.31491231693359445,-0.14709731630635728,0.04819879470127314,0.03411708428362137
284,0.03592404946166113,-0.04013746077645459,0.035969052266011894,0.028352309512355338
285,-0.04946726575456468,0.15050513221674275,0.06762039171699116,0.05372067402855333
286,0.25624144898162127,0.15405373861648314,0.05123454505192604,0.036663826749728366
287,-0.047235812517351435,0.2684141202692336,0.09121770792950193,0.11031179357820291
288,0.04353352235983932,0.3043404542384574,0.06934729719598512,0.09137640140336858
289,-0.43397102212394256,-0.6991339308860851,0.08260536171184701,0.07944105392534481
290,0.16782810915434124,-0.1748668983200785,0.03215485750592168,0.022342039144238192
291,0.013506109821966133,0.02261090693070022,0.09559312329534969,0.08415436549387714
292,-0.037827247503662655,-0.3239025002957346,0.02998972769224735,0.03391672424557586
293,0.02734549136431313,-0.08833481195038019,0.10588246423228131,0.1076434825124302
294,-0.05466014621654911,-0.09192245656905187,0.09574778896348199,0.12234736928570061
295,0.13624018666473747,0.14602510727967838,0.0435095090690075,0.03914335525935748
296,-0.03095570565984038,0.04550361490219882,0.08659316583996154,0.08570440203018938
297,-0.33006704423871097,0.3151930104758766,0.10122569378695612,0.094725177331908
298,-0.34907331743037245,-0.35926728067082686,0.08236495736132082,0.08351449526152929
299,-0.16711426679454236,0.16890367658627697,0.06439942386078204,0.057125734183456574
300,-0.01938565584962328,-0.17036865459782535,0.06089961665509832,0.058297935222282146
301,-0.2192830186289537,-0.1910354305723345,0.1427224682852559,0.12448051092282776
302,0.005564429462963659,-0.016724452470301455,0.07463948999362906,0.0937758361781774
303,0.554880950960079,0.3686785815682891,0.03674298270511297,0.0321081934383972
304,0.004313651674095499,-0.06670247563639642,0.11225853482334035,0.08985722092702134
305,-0.05448925907527561,-0.026687802412559795,0.07348676511174058,0.05300398733206953
306,0.007085152596568607,-0.006272657105868295,0.047680634711011485,0.036512385279222154
307,0.023190224105015585,-0.052542679349720775,0.0239804932805779,0.018792068012128443
308,0.16404093301807476,0.10686192409719103,0.18744023937426796,0.1632244069612169
309,0.031213032123041284,0.02180927846811804,0.04835999122787004,0.043985132153746574
310,-0.02516853298465684,0.07223554569753285,0.13764420285023224,0.12718881662158366
311,-0.36798069311191206,0.13355672124202525,0.031598604632989524,0.02277598550345865
312,-0.017420812338791312,0.0009731675450516597,0.042955513094657914,0.031366564500884944
313,0.8130538837530275,-0.20033514961208848,0.0503462743332623,0.036851978253007386
314,-0.07166524592496427,0.09037757572845623,0.16033722304903758,0.15345296574860676
315,0.002341724770809679,0.03410114841956607,0.038365707879956586,0.030551343713026483
316,0.347149276287515,0.735365782543793,0.04242803441463312,0.04295285328016631
317,0.14460349680448012,-0.016540021344116744,0.031072882177582705,0.019142224593129656
318,-0.07095433747179142,-0.09453845223517275,0.05355337539951992,0.048906652400795225
319,0.48736420297873284,0.011036589397249504,0.08344400513584166,0.06019129675800989
320,-0.12192596232764269,-0.016453198404103718,0.06997588380880186,0.06337751260250134
321,0.4939111302432458,-0.26786515801754035,0.10399206773989599,0.07879199825833758
322,-0.04438377979708077,0.03915609788894741,0.13739487662664296,0.12368944511739856
323,0.024980816104934075,0.120391764080707,0.03657733131315494,0.030113568404035326
324,-0.03715992222674611,-0.02915637711910827,0.08132236241948865,0.07586347236440896
325,-0.615923924886739,-0.14301788432330442,0.07039392738256009,0.06971514261804204
326,0.10989534562098534,-0.47521543749888523,0.1390756732977026,0.15680463990323862
327,-0.033686508196352445,0.02690769351610605,0.0827069424742238,0.0709263192609241
328,-0.01522258962395837,0.022706912339835007,0.0783835416794748,0.06931201202349048
329,-0.06039228072237724,-0.0392129792953747,0.05744475565273615,0.053133527907507035
330,-0.1953536134133297,0.003925852433785358,0.2024992458858047,0.16093785226330246
331,-0.09178072156850076,-0.04476061759258816,0.08153171362369159,0.06886915853736944
332,-0.036506706675364105,-0.039316190475243325,0.03794682834908591,0.026144774736333903
333,-0.17665622127933192,0.2322587028400834,0.041100173081763454,0.03596884069880891
334,0.05968440005300182,0.1894380209610033,0.06733907471802364,0.06627709915362918
335,-0.22234616344715105,-0.007961073052701027,0.13958366188384594,0.10354076241567076
336,0.003631877044395211,-0.6813232827495207,0.028470041957155186,0.0321579693530124
337,0.011960425563396434,-0.019334341348573834,0.05450670201726559,0.04313886998576143
338,0.03892943394415655,0.3307727533004919,0.03919848350610918,0.038231394078779755
339,-0.19159480926456834,-0.698161963724101,0.04393854808575967,0.04484635044384409
340,-0.024291255258950182,-0.07281131611549957,0.0704793111732371,0.062120063629071624
341,-0.15641049912358637,-0.06583015647511699,0.17621520206665725,0.15088791513408584
342,-0.2851969281428674,0.33330235345987025,0.03871197269067444,0.034805840328955104
343,-0.0817046176760357,0.20463034292133983,0.030417790224285018,0.026109327565759895
344,0.16662868913315285,0.0016968076883862723,0.1756401218418609,0.135068723645223
345,0.43724786867631604,-0.37207797282597743,0.08184356519561078,0.06934403495754968
346,-0.014422436070773374,0.005116566292347711,0.03582233727450841,0.029080591591048154
347,-0.09051401814024852,0.028729794438253704,0.1729618329525032,0.1530438139508778
348,0.11790442733802026,0.18746939176435143,0.1497982936511596,0.1489045185052213
349,-0.08612081237820578,-0.21473661989213538,0.05712413079622066,0.055430063556947566
350,-0.04288184854357285,0.18825427096014744,0.10941065485989093,0.09556508360501888
351,-0.0645003625867887,-0.14168703345584768,0.10297588121577887,0.12240237483270928
352,0.01681215539195968,-0.061570519014936424,0.09513348049789806,0.09158468579059846
353,-0.615972604227801,0.15631857656025971,0.05334880387863933,0.04155084915554871
354,-0.0181379755957236,0.03631525596754855,0.05974183626620523,0.046467739074839046
355,0.02192333742505836,-0.0568798588934653,0.019741624788079438,0.015765805773325633
356,-0.3855845142083883,-0.1799011362071983,0.17400922211779646,0.1417533509058709
357,0.0029757640894515864,-0.14192049428650444,0.20788484969337548,0.2028209290951608
358,0.010806450748649579,-0.04137223391542833,0.06904925864364991,0.06591458796153384
359,-0.0014695627980982522,0.022381415739013262,0.11817890515982939,0.11532937935267193
360,-0.02484204392032033,-0.041225033391631395,0.08324890842098742,0.0794499798793388
361,0.24112027388671173,0.12038252132227772,0.08207591865897489,0.054496124067510684
362,-0.03946118057832783,0.3639701309221642,0.12727766124929338,0.13151705613201572
363,0.6049597547598143,-0.29132374967327385,0.18705833483490406,0.1465259647969606
364,-0.014846244304130968,-0.005132330391026813,0.059372934307515675,0.05528836486688186
365,0.08910369704598407,0.34891739711551495,0.054513846167719295,0.05847117338854781
366,0.1066472324100341,-0.20644982990951544,0.05966155373861357,0.053219032257768306
367,-0.2614317751793607,0.06754834409041621,0.07002750393469058,0.047238641324001525
368,-0.009131104124813553,0.0031353767844384877,0.07529504092826007,0.0688285723962505
369,0.082683328083652,0.16799518869547078,0.03378323378092717,0.027972941180739175
370,0.18002224895683971,0.10187875718699926,0.1348719750565117,0.12415137011709355
371,-0.13072655723240073,0.030638457624354166,0.04142704337992872,0.022132813901829106
372,-0.002468186281912842,0.07895359963567679,0.050287825484094016,0.054570210491010435
373,0.040770527448084924,-0.14410560150420118,0.05070252314376764,0.04545153207171752
374,-0.1476251627605375,0.21103664285093143,0.06262198568251512,0.05721815686678863
375,0.03649544062906089,0.08589823886465356,0.16881106872893242,0.16016291024692264
376,-0.0034932788501871913,0.01959520176679988,0.08101061823551144,0.07398484743053636
377,-0.13947611103948135,0.04024427854959849,0.08360236541221386,0.05952835158512134
378,-0.04372909814199321,-0.28164323067620667,0.046976080711204425,0.05009329357206423
379,0.023411684153097186,-0.09524765529543092,0.08931016881955069,0.09428479499586737
380,0.04854560723909981,-0.12651113216846005,0.023080699528583264,0.018987668453608497
381,0.10989534562098534,-0.47521543749888523,0.1390756732977026,0.15680463990323862
382,0.1061484814163065,-0.24791398857361954,0.10208927124215886,0.09729290307506168
383,-0.0023894628468837846,0.07643822641168282,0.13000528291872526,0.1495351701299386
384,-0.04482120257301903,-0.09326887425762005,0.041072277343560386,0.03431849582631815
385,-0.7557295341489846,-0.27772374842133196,0.10133153802581644,0.0802562432726222
386,-0.008294864716589304,-0.014881369687872854,0.022327856620223564,0.01520220191773255
387,0.19283602449927714,0.17637615232891532,0.08395591804701949,0.07596683646261601
388,0.039639061434136,0.02448602382959869,0.06953471263722312,0.05098498563213522
389,0.01301478860209047,-0.558384234324994,0.05958416705401228,0.0693416558172302
390,0.18717446961837172,0.21492945755383022,0.14840003060897172,0.1407665625708355
391,0.277848485780859,0.2281905227632897,0.045751109182341196,0.03225011293774811
392,-0.1820733820875378,0.5334034757037099,0.08680911732666566,0.0931809119058506
393,-0.34101291861492955,-0.04578183453406746,0.06077212754499584,0.034893820907104536
394,0.3123875434738621,-0.7110754077383611,0.05707047411247803,0.05948941178830282
395,-0.05337399486247247,-0.020062961047832145,0.1846828311699922,0.18700835639079869
396,0.016726514310701223,-0.08161005060184236,0.14131312874555946,0.12777913365551266
397,0.03861304798108429,0.000994348423458558,0.08830723190878248,0.06402870402518918
398,-0.07130705970655035,0.6506348502917734,0.08612431853663564,0.09544753763582674
399,-0.10480489084322986,0.24215212874210668,0.24206628889904538,0.22704266293008135
400,-0.0625804247440975,-0.09644752198815422,0.048511823013117676,0.046273019295794846
401,0.17476828656232896,0.3807761258354644,0.08894964410786194,0.08858501894515433
402,-0.2168347242162047,0.7174333249598445,0.05553126738464211,0.05964144192033194
403,0.03739599508323308,-0.06486771539180479,0.1658822290431036,0.1546617991412049
404,-0.04799552611275088,-0.11046598065855937,0.08201481826021852,0.08481655925326659
405,0.41845866682886496,-0.4516080148539377,0.05683875484277644,0.05301416382350764
406,-0.0553225377833381,0.04647117015595318,0.09003993592708152,0.06847838106673622
407,0.19342803969408237,0.1411552080824118,0.030197837457809962,0.022240143575371525
408,0.04150615978219283,0.05717650614832082,0.075648369954274,0.05677692941958816
409,0.32587546362000913,0.1666036773011598,0.057791771057856205,0.03717038730854961
410,-0.07484197160867304,0.013669970426176181,0.12864721420474318,0.10420097584040923
411,0.0017531958406211924,0.041337316976408155,0.053370883917591636,0.03682576878691251
412,-0.15698742884526876,0.07496649888313812,0.2547288515374012,0.19607582045281657
413,0.0003516311360026959,0.07411602346166288,0.04158072870377472,0.036564541543546845
414,-0.2997665554445912,0.31698603181531865,0.16761748970127288,0.16555299212525526
415,0.6089616652730049,-0.6044696896396116,0.04080475938498572,0.03649709356577756
416,-0.03620533394828165,-0.2178221329711943,0.13435719780649144,0.14646619787298032
417,-0.3487880122711549,-0.01255182209401852,0.04353630897721741,0.029393011724293774
418,-0.5580475514793168,0.10222358070042076,0.050080988528291556,0.036835919996360246
419,-0.15761605004445045,-0.052307524465005924,0.11968275081110183,0.09420816430123995
420,0.003542209829956895,0.10598112398955575,0.1110422180992349,0.10339714510143873
421,0.1066472324100341,-0.20644982990951544,0.05966155373861357,0.053219032257768306
422,-0.3597917903082936,-0.247450572249905,0.061789052133449644,0.050036945484132615
423,-0.003856272521454128,-0.1170035612382596,0.1064841020600903,0.08574670053843399
424,0.07998479875909142,-0.1941122414419338,0.05544931427810058,0.05137042105496017
425,0.11891939959437475,-0.20607457007127278,0.048910744005400415,0.05223310306389909
426,0.01978856811306735,-0.06601034414829904,0.03142845669384234,0.024978692518822926
427,-0.1495210128436743,0.13744215162688048,0.12324727354052925,0.11759994737934767
428,-0.28436806964343436,0.0894254196937719,0.04761711677688555,0.03247211210823843
429,-0.7754844012361453,0.09884371861341287,0.10680220582523552,0.08484331451081809
430,-0.16465105142371622,0.27525911369139816,0.0712652521664918,0.07998802186947414
431,-0.06202126502187599,-0.051280647623255175,0.09327569593172078,0.09691198698643771
432,0.01144425364409032,-0.16530000990524782,0.026648504119997012,0.021164190505534516
433,-0.19438754334446273,0.37043148064905224,0.1293787280408777,0.13587123364932968
434,-0.004978420355698195,0.06718687893949309,0.08488810995100966,0.07515682009252748
435,-0.014298790314131869,-0.041046042497844444,0.1258895769972699,0.12140644646171264
436,-0.05834836791999528,-0.09236355907381275,0.10588605171224658,0.10630340343081222
437,-0.22408759720507251,0.045915895976068044,0.17242713462264364,0.1565310096252296
438,0.023078377677709577,0.002999755519357882,0.10409287473370366,0.10512199344485995
439,-0.36403585124084115,-0.24180355890010788,0.14943406973209902,0.1299209777074529
440,-0.2447627350097576,-0.13332162267551742,0.08035360112443768,0.0659434672064614
441,-0.026272045944603892,0.3036679090665824,0.055469530658386876,0.05980074808112334
442,0.16383591693287466,-0.2092283705289181,0.06034493883493978,0.047498113106108755
443,-0.006719181754103386,-0.01275811283295767,0.037642421633980294,0.031148378656430463
444,0.14494688243087808,-0.8491449803648095,0.05970696016342364,0.06217264710944376
445,0.048876920515488774,0.007874119847351181,0.07106881663151282,0.06658731321996231
446,-0.6432145809243889,0.11575380580973993,0.11204982549513293,0.08462284127528034
447,0.08974258982073127,-0.42239301108343336,0.22812082163283773,0.2546569308166795
448,0.02052414098271686,-0.008506708716355033,0.04547924606906435,0.033787315908332775
449,0.05887514741871896,-0.7918896881084169,0.07480514041709728,0.07665573027498358
450,0.04084298071265525,0.014128524771772961,0.046500709761803385,0.03552653242694867
451,-0.04717117773541813,0.007175739391410563,0.02931044563366431,0.020823513552267605
452,0.2614347561120138,-0.03931092021354467,0.14105070206712822,0.09579933440392328
453,-0.5221954268162033,-0.306787604375326,0.08954850272931744,0.0753884532696425
454,0.04916916558844487,-0.07165708817815282,0.14230594770555233,0.13591189532994827
455,-0.16518270931666304,-0.39169520233093086,0.146974539357656,0.14938588024658886
456,-0.06652709709574389,-0.12187012193590951,0.041923742597330595,0.03965747606491555
457,-0.015719938575851303,-0.0047499291892220555,0.03806958814041251,0.029587886616733824
458,-0.14809146024460937,-0.05996340758833019,0.05690028651796397,0.04028177351073713
459,0.021128265642545285,0.007903185699283659,0.09059470750218912,0.07318065223066994
460,-0.027959352345631714,0.007900908880213726,0.06705375522498994,0.05741111158851384
461,-0.0003593682147095588,-0.00236076531258115,0.051114958252139686,0.04284912706855188
462,-0.1510221650796737,-0.06356267895381919,0.15481634421519808,0.12979729233995393
463,0.3596230674551445,-0.5421238721561347,0.14566353256417214,0.13348903492690634
464,-0.10721144541556371,-0.0714639553284794,0.0960291219328703,0.08374464566584897
465,-0.17719800537793723,0.0770408949928398,0.05382922070229814,0.03459499261240204
466,-0.07888971639172501,0.15432117836923,0.08353153944536262,0.07100230356926082
467,-0.031237484721564544,-0.03026178727314663,0.023136811899612163,0.016512405543253155
468,-0.01638158374098835,0.013804003987942091,0.05569742615558352,0.04915129834482886
469,-0.08303682219471213,-0.4825978264438473,0.07770303769819566,0.07988376080062903
470,0.06590529364378614,0.08734648848553442,0.181875547487966,0.15123657247679279
471,0.09043912460936665,0.14426159536751673,0.1837081622674053,0.17867052683905107
472,0.07764694271795794,-0.21826330260164759,0.05410592626607275,0.04738164655696775
473,0.01673250685165038,0.040514472613350776,0.06034614860442786,0.05831488549000438
474,0.20760755946023882,0.6813728350757416,0.05662432899075713,0.05869092472746947
475,-0.04800203341942073,0.23544018504102573,0.03945391419047582,0.0439168558121578
476,-0.017247319637009224,-0.0008762585883993904,0.07467127057197889,0.06764250144948028
477,-0.012588960845569364,-0.01763969761690768,0.07632468850246993,0.07320339904112243
478,-0.20020488862543592,-0.08120117419616227,0.060862134495088566,0.04162836439664397
479,0.11349316328735493,-0.02844968831994161,0.10942825771114453,0.07541181574806513
480,0.18556476872001934,0.21091227010562144,0.10212253972521539,0.09280076277011452
481,0.15653645543489317,-0.144653278957922,0.08840875457391847,0.07590027993929796
482,0.1473721178221018,-0.07989193249097634,0.08854125687391406,0.06919357358018875
483,-0.03991082817435206,0.12091043894274733,0.06767420719674376,0.056557156431596825
484,-0.003735798912971576,-0.0012414401390943167,0.048379063914654886,0.03776334821642808
485,0.05090876780608709,-0.08015599439489372,0.19602173510191437,0.1600375429055417
486,0.012209679533136866,0.016557302557147508,0.10019510877159159,0.11360352087079474
487,0.1254107009838768,-0.23565003336137505,0.03975769486936617,0.03407465173488014
488,-0.12819788820304298,0.6344771846677723,0.026784647604763224,0.029081842897318303
489,-0.008964374421157443,-0.038190419988606554,0.05470478458337307,0.044623461063961756
490,-0.0061976747728684405,-0.12022137239646806,0.08177755355464317,0.06954487894623859
491,-0.304113059928874,0.601305401857724,0.17722596636787896,0.18707277954170745
492,0.618898617937473,-0.048324299481107,0.08635510535399375,0.06406795386934878
493,0.04151512386856612,0.1411562838339917,0.12070813822613191,0.12584209973178556
494,0.06701799262950225,-0.04689268039758439,0.13652713899429528,0.10711657430984817
495,-0.08014152061200265,-0.18791615730870517,0.13220847081513498,0.13630734884554815
496,-0.2744860166850294,-0.19947233427674127,0.1064791231990066,0.09690816944605449
497,0.100368427388246,0.06808981857372465,0.07456285022896868,0.06299945807362774
498,0.01881610750327675,-0.013203754928814267,0.11011276174817439,0.10133112276582035
499,-0.4234286055318253,0.41042884044881894,0.08306410661224899,0.07798960480579922
500,-0.07534392542090171,0.14518293027237314,0.17652021286760364,0.18994943824671134
501,0.00756004108447877,-0.11305267472422398,0.022473888411178686,0.018394069445309687
502,0.3207636702595727,0.2616771835782223,0.052891721777293704,0.041559514682351514
503,-0.20730989173481826,0.17012531121216898,0.11399985409124541,0.10679065782717814
504,0.43195992842379355,0.5024729553626353,0.06505371982892859,0.0605852446510738
505,-0.15977051453834049,0.6180818308211197,0.07238614294080167,0.07775704966279844
506,0.06435609194429978,-0.018762342794087734,0.13990936273013888,0.11126328211258037
507,0.19746037001723496,-0.6753196774641226,0.021193261973174445,0.022386208901452
508,-0.008592758731393094,-0.0106006626600686,0.07426252752732997,0.05823236628355153
509,-0.01081715780874443,0.001633330911315573,0.04246635428826373,0.031893743511075434
510,0.44141987125682713,-0.40133079065667643,0.08116530502891796,0.08593847015301917
511,-0.24743958921115786,0.4203951412952582,0.07691207472714492,0.07747505487805231
512,0.09411967976130632,0.09859101708915005,0.07281644344067471,0.057160055115062273
513,0.5404716186616952,-0.4914369441750929,0.06248208262687712,0.052917709631922834
514,0.3462664634180446,0.11247628598234685,0.23936534755188374,0.19066800728016234
515,0.07598833965727742,-0.6312722712245861,0.08973269706440337,0.08339561690051664
516,-0.48305420947056876,0.14764631921718235,0.04471698978703056,0.028880555973540025
517,-0.7967529416030549,0.4183703762691592,0.06710240706571163,0.056887113062280226
518,-0.47171596774213886,0.2035447838903877,0.03905995543335686,0.02771881773219346
519,-0.2331266030391364,-0.1640914383522224,0.12662073147775962,0.11590483286565122
520,-0.020345861492770987,0.04148584678126429,0.14830120258823126,0.12447330088835093
521,0.43683868921831753,0.313736998681112,0.08253237568250507,0.05950869723379835
522,0.012092210313061177,0.047180493992823126,0.03400953886071639,0.025502249685460304
523,0.15602473150588567,0.07226937564779913,0.06874484409968411,0.05583779515055006
524,0.13564399488761525,-0.020881488076970482,0.07115967051707338,0.0430551705108201
525,-0.01885043374887262,0.02511843362737992,0.0497371031800772,0.041929920175957855
526,-0.03816345628039401,0.00352257676261268,0.12300523854787286,0.11756261920341385
527,-0.08583728978672389,0.024881586940582946,0.07204215612087737,0.056494753639751996
528,0.03320629572748431,-0.09475700523893234,0.05238852653281767,0.04759338087218162
529,-0.13711693838588476,-0.29277047433390185,0.1879355381172968,0.19557268850893156
530,0.31292881867722666,-0.0872687330090581,0.17352809200419922,0.1290025773693327
531,-0.15939692355327376,0.0451665833419535,0.11392121099914183,0.08648943488255523
532,-0.12268700216322696,0.13800575325086287,0.05356028290187719,0.045905354649870944
533,-0.21647271387014547,-0.39694590303183147,0.04386965272724227,0.04895298009364477
534,0.45701931399183776,-0.19768543768489183,0.19149781234633168,0.14868409030714536
535,0.017757455418689835,0.008609473155221321,0.06817044547489831,0.05619529039864531
536,0.012200862774584289,-0.6470616029450881,0.10529113780014268,0.12185764263743226
537,-0.18742296879386358,0.20336903298707568,0.0374574711785025,0.03232957632543308
538,8.382200725405142e-05,-0.1403945752422195,0.13665078250167087,0.15728469593995242
539,-0.1805227048070006,-0.0016629893374010213,0.11422633813907009,0.0804007928317941
540,0.8091978621933168,-0.09119705319255116,0.06912130595793643,0.0549980744449077
541,0.08437519567790389,-0.16483744540951725,0.18529581675457055,0.18248982988698995
542,-0.23827908663487343,0.5521723084154045,0.06336341662059254,0.06960158474661873
543,-0.16275573356282666,-0.09350560014331026,0.1613030517427508,0.17119282275339098
544,-0.07821926431692414,-0.03526873583618134,0.10392411092014643,0.08175365859548131
545,-0.028660809494182583,-8.486120265195022e-05,0.0480072158793794,0.03522812250987596
546,-0.0288723181306897,-0.041161313146394034,0.19345091900248076,0.19649030046811583
547,-0.050948980840225415,0.11541275366835456,0.18607137813121788,0.18978627501382347
548,-0.015810720781180846,-0.0018015050228447288,0.020349676209292605,0.015046405025605353
549,-0.1309888399800721,0.04445940801396388,0.048689066390124755,0.04173312501409997
550,-0.02341452500717048,-0.03710571012073754,0.07044818992695043,0.08777218243866264
551,0.16678993903538442,0.6337797418944376,0.04577958781407369,0.05198411910295253
552,-0.07907180120329863,0.6300892632676253,0.08676970021447998,0.09412888455274133
553,0.10718767444443472,-0.08726698104711025,0.11340239161572767,0.1185909847714959
554,-0.20217200295172116,0.050038712009164286,0.19607004556698332,0.1583738927743629
555,0.005872363898614406,0.005953205107035924,0.09323728482530573,0.08418945889534334
556,0.0009694896057798148,-0.011836333588972882,0.07342838793627525,0.06576452060163046
557,0.681696981345384,0.021838912015289334,0.05714137789305125,0.041236196382331176
558,0.01891854690220311,0.08631093830339666,0.07633221991580331,0.08021575082040504
559,0.8492669249403114,-0.09158701688524495,0.08331182094784817,0.06317172050171034
560,-0.23693637168583795,-0.02982728215350853,0.1059696332907233,0.06752186280451421
561,-0.08831134728612489,0.025782510425978396,0.1850763742784222,0.14847035923270313
562,-0.015255698171170218,0.20895329163998713,0.13475363961649048,0.1485522242904436
563,0.02304894795295703,-0.0060716186732362185,0.09529190056663381,0.08977567968111422
564,-0.06851017535248356,-0.08723986948128201,0.1184330337922687,0.11321658334548707
565,0.017428422101715437,-0.015312312057896245,0.041985948332499586,0.031965712907078
566,-0.27950322130824146,-0.130804372131141,0.05355255945980199,0.04099411202581701
567,0.0037058248405986453,-0.13055349514951495,0.14161333084707087,0.16610892836600627
568,-0.04420005184784425,-0.06327393129840128,0.05373116467086561,0.04646845200766716
569,-0.03465497551370176,-0.26802440900633623,0.04171519708069694,0.045921409317511624
570,0.0037747805917026324,-0.03218420888086245,0.08326996166201289,0.078276156143997
571,-0.0666441139423733,-0.05168221171462984,0.10122444238955566,0.09460747028011549
572,-0.2846760500490085,-0.04403694352736849,0.08806308513759399,0.05607883188606451
573,-0.18519399486484586,0.499053705827818,0.07678941618221358,0.07464396038827457
574,0.02087443268308627,0.21291098570527967,0.09301627334946039,0.11661599404134722
575,-0.0042224159921756725,-0.2381002765679409,0.061828828917264725,0.055580563074574846
576,-0.24218974387029651,0.2026020711592819,0.1353633618155746,0.11492398971218774
577,-0.18466872765173287,-0.30507415580909636,0.24831263296269665,0.26027986276830567
578,0.4508235885264208,-0.7568823319555842,0.025946625642899977,0.02549337327607632
579,0.10396898896747482,-0.21625973669368834,0.09263115459694266,0.08482196346723475
580,0.15405127875781896,-0.24420189818652024,0.07289234819280178,0.08408183991673475
581,0.02267987077402586,0.14778726323815985,0.06484490658938569,0.06854630356286742
582,0.009340783392207907,-0.7157258147852931,0.06426670281467813,0.06777032226720983
583,-0.09051401814024852,0.028729794438253704,0.1729618329525032,0.1530438139508778
584,-0.03381526259733581,0.015155872271629324,0.03299483566498574,0.023309451286028356
585,0.19779060821419384,0.42995901128795244,0.16895818226011247,0.18558581601663912
586,-0.33092302797087025,-0.6418073008600333,0.036138925111907964,0.03340639183126881
587,-0.10120013775781127,-0.0839228535879082,0.08987066282529085,0.08655447511585199
588,-0.06153727580042489,0.06448809598001135,0.08349580340535374,0.06956475343585801
589,-0.15110892098285483,-0.5983916585940087,0.03152857270508672,0.037638917032533394
590,0.002793223283197389,-0.023234691313453244,0.1178290240257354,0.09956706521509617
591,-0.4088778787207634,-0.05404065618903235,0.20097944603879522,0.12698289318513267
592,-0.024769035862419814,-0.14708225638368194,0.0766688614029753,0.07699499852656079
593,0.1850407167842649,-0.13852515173121152,0.09781441592498723,0.09218397371469171
594,0.5690602832290131,0.13628723492525321,0.1713902740543725,0.13636406016561772
595,-0.07737159916157171,-0.045649410141558,0.04145047319777103,0.035486484341189645
596,-0.16046951061544898,0.03502487734503523,0.12356669435461819,0.10727123643379682
597,0.004994849781232265,-0.023081242513137923,0.04521977971863319,0.032826935265667434
598,-0.13711693838588476,-0.29277047433390185,0.1879355381172968,0.19557268850893156
599,-0.0705178346502609,0.1414240868748244,0.15691222923697684,0.1829342564318746
600,0.015692952462681913,0.0016386296087766558,0.08894653334729781,0.09310973381894587
601,-0.04275504333710608,0.0885770709323547,0.03696295587325348,0.035207254110049754
602,-0.14455774729112214,-0.10820463743242192,0.1620860503166582,0.1234531990727998
603,-0.3879775434434725,-0.2924727595788661,0.1297098010430073,0.1107726123854954
604,-0.05448925907527561,-0.026687802412559795,0.07348676511174058,0.05300398733206953
605,-0.006708656661751179,0.03635795310965422,0.07161319809123887,0.06875201737772281
606,0.027561787366670917,-0.0786160589969237,0.02506263671575224,0.0203348952126055
607,0.03657601956702929,0.18066699087207058,0.02932769816606193,0.026718638952016923
608,-0.10478991110709829,-0.11681571038255939,0.1598460266879797,0.1670964598316183
609,0.03994315596090759,-0.12716273856238836,0.10327092652272742,0.1370287590351644
610,0.3123407072292179,0.10251083027024818,0.05735913748940626,0.032918803610771034
611,0.015558479851340134,0.05607604290688492,0.05286469537406846,0.040161775356205826
612,0.001637499259610385,-0.046758961586516684,0.09133253869353623,0.10453201328884186
613,-0.24555378507122907,-0.048879427752838885,0.07470748459496003,0.049798039236241695
614,0.038875815827973455,0.008988022009920535,0.07273269140598775,0.06317080942732853
615,-0.015736266825304424,-0.1515541194956311,0.09582930480960895,0.09818965920121885
616,-0.017509645113179432,0.31990520506451264,0.04522069332224638,0.047729489038888684
617,-0.20806005263616165,0.6281948947402359,0.048118832308910876,0.051481453571498983
618,-0.08661427224829805,-0.11558871477598599,0.16722380795048003,0.16656172231457994
619,0.022633699861720303,0.06140786267557794,0.09642740432398977,0.10372892217565532
620,-0.10702987497331126,0.08861199971158867,0.03806007897755185,0.031218672617647714
621,-0.11857783287977136,-0.029340434590360787,0.061195340692919674,0.03859163493351519
622,0.004211594416814258,-0.0668576766077615,0.05092477455197125,0.040093783768940454
623,0.29707055556463896,-0.2939726249149738,0.102932018054278,0.0852812233822249
624,0.06585777437590479,-0.05030439271670933,0.04329534476339902,0.028280575196311452
625,0.06220803961357526,0.11956655746756939,0.06046953819137133,0.055911648844451774
626,0.8382403902737395,0.20553531403923084,0.09153778482708595,0.07549271362689762
627,-0.033172812928422286,-0.38227261196735535,0.03285126187763007,0.03481875098315589
628,-0.16701852433241948,0.046507631872155154,0.038050793990497246,0.022858963509820272
629,0.03892943394415655,0.3307727533004919,0.03919848350610918,0.038231394078779755
630,0.46805044269106716,0.4943694296324122,0.06750478697592661,0.062185553555860494
631,0.01147358678185825,0.01644330435183601,0.042644994242920856,0.0416548822501985
632,0.13432881455646623,0.15529398018282617,0.0469339410288357,0.04329546487007822
633,-0.050948980840225415,0.11541275366835456,0.18607137813121788,0.18978627501382347
634,-0.013402238345228957,-0.05688751731328836,0.08494086330867243,0.05999567278878985
635,-0.8392691591976446,-0.21107724730910746,0.08909873896267206,0.07199835904707429
636,-0.0759399516116579,-0.06830491443030584,0.053027799339661036,0.037312096419925125
637,-0.22453003495726875,-0.032244087476781064,0.10341368008873955,0.07293645210328395
638,-0.5152895885563904,0.7595077393663839,0.041332570496444274,0.038451831685574235
639,0.023484632171165722,-0.13077851992331255,0.10173041489802816,0.11109679965826759
640,-0.20392795190499188,-0.40476376022618726,0.08477290231010694,0.07946717027243141
641,0.07074406997436111,-0.07306759448476188,0.09495907355149079,0.06493761160686622
642,-0.7997992733826179,-0.21480348339572025,0.05581047581417242,0.04689952691647544
643,-0.10640861878078017,-0.02460258965051337,0.11536791226655917,0.10968319071718068
644,0.2225828476393943,0.061479807441209386,0.09361652170916365,0.06590175522116332
645,0.07935667398859562,-0.11996437507556165,0.14731506491074298,0.15913684041062462
646,-0.5212247197642993,-0.34147235065849285,0.04410261487187341,0.03321387259148289
647,-0.08311786707856882,-0.009434104447584558,0.10150006964051161,0.09376316827963103
648,0.04530593005196024,-0.22134745362172598,0.07550725697034397,0.08173545181552697
649,0.14235686889418123,0.06774296146788471,0.17705443886257188,0.1440730333434723
650,-0.049778304525855306,-0.05783826210224248,0.07759667163242442,0.08148138417072505
651,-0.5363499448261501,0.33493106723757743,0.08488779348713507,0.06911291570188889
652,-0.3395321664213062,-0.043420895469346694,0.2628164206292566,0.2233578292069361
653,-0.0915269191093782,0.3131005868148828,0.11034583819261204,0.1364284357716573
654,0.3941380808297159,-0.18055081642815926,0.054107029170157576,0.03588125468153743
655,-0.1292622624220865,0.007980913155873182,0.05479979971810819,0.034596042633993886
656,-0.13135463575361433,-0.06715042425956073,0.17006974397613012,0.14262439495719723
657,0.0032286227148745445,-0.05420043948072611,0.0734745502069728,0.0751540971083623
658,-0.25595672487014887,0.1970053670631511,0.028911111615278415,0.02281562006925852
659,0.03659617842845648,0.16501226117094028,0.03906280990313833,0.034363618639979665
660,0.013616419490602365,0.009034377640723568,0.06824653539160883,0.0503784796542373
661,-0.06059206587670369,0.011229039841895036,0.06313125467528863,0.04811546701759878
662,-0.31078896969518716,-0.3840235239453435,0.05591402080386882,0.045530576321034945
663,0.27490784659992984,0.007385118636299966,0.11451736433742549,0.08186588624442045
664,-0.07220465060607001,0.04723062506182136,0.10976392267926639,0.09886537917593088
665,0.12232080474222565,-0.35552413465074834,0.07583032182766729,0.07833011416960686
666,-0.037827247503662655,-0.3239025002957346,0.02998972769224735,0.03391672424557586
667,0.5084270343466616,0.19842918677890145,0.06646966343050499,0.05485869030278159
668,0.012598625975605845,-0.013583069253825693,0.041062068217863706,0.02812255563481734
669,0.03097307894751652,0.3159817570777252,0.09283473834183978,0.10307834108719285
670,0.036006632419998956,-0.044308159942511055,0.14805708447452712,0.14580165093222017
671,-0.07500336189605249,-0.05720170352489403,0.12434206726501093,0.11509565817008058
672,0.1973325210284438,0.09109293504914268,0.08973131126143342,0.06147586443236022
673,0.04147240360885757,0.1418400341803157,0.21030000973059143,0.20708799702128922
674,0.5093189292629503,0.38272612773174336,0.10687359809053999,0.08859655429529918
675,-0.02798797420816163,0.023308664692609025,0.03253256892672655,0.023743449747932563
676,-0.00959035820079188,0.022592282140988754,0.05210309386373471,0.04151128631517412
677,-0.07802896511098215,0.06633942026094723,0.048064940692831015,0.03934391630600059
678,-0.08281700393888831,-0.5279752750587953,0.02910043223919331,0.030479163195827674
679,0.5644121277772913,-0.11604655874186223,0.08980075224074947,0.07282546942471
680,-0.20434632754065327,-0.7177017113479961,0.07427027862339856,0.07960379005847631
681,0.018600539873406773,0.06296981822946325,0.0675775100012673,0.04980521711938785
682,0.3029467443279276,0.4789915646409226,0.08472788709853839,0.07907624656936174
683,-0.13270660200346687,-0.08542224511575999,0.15780212280340283,0.13962439332968896
684,0.3352079222742492,-0.6123991481894832,0.08464872528496903,0.08472696013318429
685,-0.10561576884248333,0.2846443283709841,0.04054802563441152,0.03979396412404515
686,-0.1607204244960913,-0.046698034158837685,0.1857421324361662,0.16238166369925774
687,0.004950324158469003,-0.08182083483469084,0.09439667191370953,0.09590634352393587
688,-0.16297038521825283,-0.014362091554018165,0.08637476943080795,0.05225419481578234
689,-0.10194381231005528,0.12051813952891662,0.15428923835858882,0.14410406291696362
690,-0.06899387156968834,-0.5080796865227025,0.05371589407594647,0.05357402048482317
691,-0.29770127494012383,0.007692433924382256,0.21783752919733074,0.16839624419761431
692,0.3310729208813315,0.5784754904983767,0.039311468590027154,0.03813116073486272
693,-0.17768024760597637,0.06954896973306365,0.06500657656486844,0.03950836730434762
694,-0.0383957563462063,0.013935606649229576,0.2027503097180895,0.21950901183754745
695,-0.03786971669653203,-0.05899637633647425,0.06192672788483711,0.05751139164824871
696,0.0535053071394725,-0.03614848021618001,0.09740612794565813,0.06599535057811177
697,-0.08953290744707407,0.001848081638857627,0.05835602743777511,0.036757673954913625
698,-0.03077274860472221,0.6768316127680111,0.0372541508596876,0.04369428925161267
699,-0.11112776187111743,0.2849152186968659,0.040043395511722715,0.0437552142051265
700,0.33810240093921373,0.7771166490034632,0.02915574884019939,0.030521756859115557
701,-0.06059206587670369,0.011229039841895036,0.06313125467528863,0.04811546701759878
702,0.12019286638240975,0.05479540376044654,0.17333956173797116,0.14894323113203162
703,-0.013387068686152515,0.006530270474428521,0.09606270444485168,0.09342567448484937
704,0.12396782897026687,-0.08681766389852813,0.03702649419547633,0.024851692481312714
705,0.28088000432290045,-0.2172007325746426,0.054265376595491015,0.041193597838299845
706,-0.03748466302183554,0.29176189285153403,0.06754534967567107,0.07910748149263383
707,0.07613465910073637,0.4069775647904292,0.06912765911689392,0.07952657971727155
708,0.20574249060959274,-0.43002502000603154,0.0999186159002176,0.09628380228007674
709,0.11197729967167182,0.4875328892378923,0.17005238945131004,0.16111775402925108
710,-0.012320246117818432,-0.001420204728915555,0.05517687906343585,0.04580579748424196
711,-0.14241557537091676,-0.004640532855384392,0.1406741276842541,0.11212424704526981
712,-0.10343654956712435,-0.10720813257645322,0.13339462263508867,0.11922596958851765
713,0.0006250007627529265,0.01729794410476583,0.04820243481590014,0.04077232790146744
714,-0.6348896980351849,0.09941260446533202,0.05863009793495185,0.04487967021178134
715,0.08083099734592893,0.016672710357038455,0.050753488775540326,0.032790301748407406
716,-0.17884774102799653,-0.5880397906488257,0.09662029680973554,0.10652191873701848
717,-0.26147570996803304,0.06214502581177682,0.22361870137599754,0.1823399047211582
718,-0.07233787294911645,0.01688251224982122,0.11054063577172267,0.0826937355246735
719,-0.09943012996824865,0.17442122616397673,0.11419208259673089,0.12836616273014728
720,-0.4221547919704716,-0.5803095108446253,0.031825803158384215,0.028623525153140077
721,-0.3597927939825797,-0.47459992062694917,0.044895930324319135,0.046280321449808544
722,0.3697707441275898,0.17754791227960615,0.07149826859445008,0.054018114920791865
723,0.04411106171702027,7.573004558983267e-05,0.10691402733876805,0.09706015196175244
724,-0.012124524163838652,0.10349736845764244,0.08147013127674178,0.07696078363594779
725,0.5093189292629503,0.38272612773174336,0.10687359809053999,0.08859655429529918
726,-0.22120815337719818,-0.08669671683365371,0.14286798214769647,0.13318347630353478
727,-0.09244972569918654,0.12210542099149857,0.06450372555668417,0.06614500685150648
728,0.04251186111878257,0.024245006057806974,0.025618183847732505,0.019211098549851313
729,0.023416207288970595,-0.017186675411610487,0.15195530925957565,0.1320489214039847
730,0.09945221709349397,-0.37918987866182813,0.04854717222933711,0.04814551008663132
731,-0.22863103738998977,0.035882915579466206,0.24096291476507317,0.18973375625705377
732,-0.18860293277099544,-0.2632486359168338,0.13202282828465062,0.13970854310896835
733,0.351955250642853,-0.20399256464805757,0.10312076923828789,0.07440076900354546
734,-0.32726929760508977,-0.46890117856260016,0.1248446754842022,0.1360736359646353
735,0.13327949536608905,0.03152500845909507,0.10691630317488908,0.10305731692706066
736,0.08718730106941525,-0.004357967549551951,0.12775822622635663,0.09339685155475591
737,-0.24545455907644786,-0.12827218605042393,0.027119870132500574,0.019259554606611606
738,0.07931796878883265,0.04174784903447281,0.16297151107984184,0.11035617831055708
739,0.025718749007141353,0.027400191139695988,0.07941753417069394,0.07910201999899086
740,-0.32726929760508977,-0.46890117856260016,0.1248446754842022,0.1360736359646353
741,0.5518671631988082,0.27383037516691106,0.04365127341164814,0.033996746760310316
742,-0.5431907758742552,-0.09779986482033498,0.13661885134976084,0.09682286081987285
743,-0.4489940757624335,0.7362819859282994,0.038564314812923946,0.04392627789525154
744,0.0033394610594996805,-0.0265084802262806,0.07724091902587364,0.0736630808776789
745,0.45643399648643496,0.4742897869151937,0.12793301980183583,0.11754458303701011
746,0.0049243996648909395,0.004625296303298074,0.028510137884825124,0.02202844757706869
747,-0.6889832180817991,-0.052103907035922256,0.05577622728491787,0.03737245257223306
748,0.07730038083236743,-0.1077609163899043,0.14102996729063064,0.13738769046907606
749,0.17171170896230933,-0.12800140799901213,0.05227564937474481,0.04184021918989355
750,-0.525929014147246,0.3499472690626158,0.051350712817973765,0.04433245193180713
751,-0.11419090367266331,0.01840795941083684,0.08003705910752237,0.054666366897187645
752,-0.12644061653955097,-0.1747911425045364,0.1518554154600853,0.14399159453897153
753,0.32666418877027575,0.13649414034515295,0.04315848658364138,0.02951310370713852
754,0.2625331170187635,0.38606735433085604,0.08979640804685095,0.08471302211655934
755,-0.00056366951001519,-0.00963099969150246,0.07642522633380763,0.07138565921604464
756,-0.04397365164606607,-0.1246514017642972,0.07619491526908832,0.06623078539947934
757,0.3548683270129516,0.35938796102682563,0.07067828708996325,0.0629170173484903
758,0.013473498705863448,0.032758040039200714,0.052261455735639006,0.04065456111953129
759,-0.022421683328879827,0.09432024355258273,0.07548692124070128,0.08529014169943445
760,-0.020089149361643344,-0.005767904129194126,0.05423962319471904,0.04301775068477458
761,0.007381123315298564,-0.024993397295097967,0.08295407450065044,0.060698669459728405
762,-0.1345611221689943,0.17320810081013902,0.07865232748607152,0.07569161712963855
763,-0.04743458086360978,0.005725371419492579,0.030179008012193354,0.02276730086267986
764,-0.028545791013260716,-0.21848524289479979,0.02932424889053447,0.024801934900444158
765,0.41712912360016724,-0.2869340506114173,0.2106930414229856,0.17972825219042013
766,0.11595937036383835,-0.04251875674121141,0.12060523870865654,0.07891525508439326
767,-0.07431995168958985,-0.15178250635691232,0.0917530762860733,0.08710926829078819
768,0.0063717021904871425,-0.006747953933121561,0.0373357997476446,0.031421785839089875
769,0.48622097833189853,-0.49770127214579757,0.024536588932647457,0.02339030791338382
770,0.018560974034682393,0.23645932474679407,0.10604061271398679,0.1269066683416914
771,-0.11135728229522168,0.0239275674302125,0.13725841974128522,0.09084672951395442
772,0.11754098224764908,0.10207981423139224,0.10697683196656442,0.10318365322762157
773,0.05767324340568108,-0.1669769708211349,0.11223637211028832,0.11526757005299819
774,-0.3247688096332884,0.6479285956757627,0.03766037884107271,0.03621187035251033
775,0.000412688956151412,-0.15132630491428353,0.143557199839254,0.11777144647992022
776,0.35332811338949216,0.43699290662149515,0.14536803914700389,0.15305140675184797
777,0.030544476807735945,-0.03618197546743638,0.13150772420456258,0.11697411715288873
778,-0.11165094092480608,-0.027804495343939396,0.09996736045822176,0.0774701475298536
779,-0.02516853298465684,0.07223554569753285,0.13764420285023224,0.12718881662158366
780,-0.04047099330151611,0.0781877249413781,0.09357768266494758,0.07367781930050094
781,0.11134303204724755,-0.23244024504095095,0.09157229050013231,0.09438303300298277
782,0.11772547158157808,-0.2187007890914898,0.02826594028393895,0.023146567920666678
783,0.03255147999033158,-0.04506946519223948,0.06330878096764916,0.04905738016041545
784,0.17949134527136978,-0.2206095669393975,0.044124493446767714,0.03744480822188799
785,-0.22134128742962278,-0.2148995869926665,0.0986488896107263,0.0849302077024293
786,-0.020308082005399537,-0.005826045531438445,0.08844452345655203,0.07674335519779359
787,-0.12078306739970386,0.5609781521973503,0.06072140844957504,0.06736525070247436
788,-0.05920322275564625,-0.0620539048350655,0.06294255544586703,0.039703104251836006
789,-0.2534828994511753,-0.21952573614316873,0.16082519736175338,0.1347758960393961
790,0.19726849305721078,-0.1284479564711451,0.15677511118115045,0.18296347034076924
791,0.06330931084480182,0.04889337881049558,0.15398285077332657,0.134504084863317
792,-0.05321164506134613,0.014174134943183033,0.09691556998140383,0.07991214516269877
793,0.052581320105617856,-0.007489347642415532,0.12330392699735675,0.11799086345699086
794,-0.32435611250637564,0.08759894867094037,0.048480538177444375,0.037893955907342305
795,-0.19438754334446273,0.37043148064905224,0.1293787280408777,0.13587123364932968
796,-0.12819788820304298,0.6344771846677723,0.026784647604763224,0.029081842897318303
797,-0.34907331743037245,-0.35926728067082686,0.08236495736132082,0.08351449526152929
798,-0.7557295341489846,-0.27772374842133196,0.10133153802581644,0.0802562432726222
799,-0.088018551023527,0.7035851354570646,0.03841466681930378,0.044035972847980644
800,-0.009174161869444492,-0.041776353302663626,0.07508900411963283,0.05958711696188753
801,0.4320040024012702,-0.5864108167926186,0.06604842398585707,0.06329352970799242
802,0.01275863861403682,-0.3413363485344138,0.02679562616919589,0.02808690353507804
803,0.16566618333671376,-0.006032842434848523,0.029830040313422766,0.01803374198556337
804,-0.3962034241891203,0.6419775358865366,0.12497624383584761,0.13031937325478107
805,0.14487445187966758,-0.2707411642291218,0.03293883746844545,0.030734912132056567
806,0.02182256534407753,0.021887650097584206,0.0641980502192225,0.051682575955042075
807,0.0035446799616566617,-0.02567762566360427,0.018016455769810934,0.012315584711366555
808,0.010039945084754653,0.009331237521103916,0.04793747895911294,0.0424168334561377
809,-0.2375552382514652,-0.06806119251582224,0.03132307712043135,0.01920141560150378
810,-0.34577866442696104,0.04792417790806471,0.10461538392660649,0.08702035427473595
811,-0.07702748450220025,-0.10305155407792975,0.12158900763212713,0.11055678253852438
812,-0.22242952444747158,-0.17931477240268737,0.061200628516519744,0.054104016577485314
813,0.15523508125267155,0.23170136552922968,0.056476872762907845,0.05546696574412925
814,0.015692952462681913,0.0016386296087766558,0.08894653334729781,0.09310973381894587
815,0.021535654870985046,0.11712884338877842,0.08721731012154055,0.08064142175522286
816,-0.017420812338791312,0.0009731675450516597,0.042955513094657914,0.031366564500884944
817,-0.005511089360463854,-0.0625350569532212,0.03187814063746224,0.023009290239213883
818,0.0748733418635274,0.028467651907013773,0.1289703148636555,0.0877800017281549
819,0.1231581970506995,0.052292299506377,0.0918785807128745,0.08581974616938334
820,0.4023662488061083,-0.03629337466551063,0.08109428842434617,0.04939601538294198
821,-0.23383147001612378,0.07343997769669082,0.05002250672231984,0.0337842776519034
822,0.01459002143854873,-0.00019837582087514714,0.07444452008341,0.06845840538844027
823,0.0017980992813989806,0.010926835000894593,0.03198261182036639,0.024947275117308872
824,-0.15113189927767384,-0.10520218488055626,0.08157557795832608,0.0662032849930142
825,0.013069261695692416,-0.08004781704695006,0.10216403045580617,0.09468976247308275
826,-0.0051936711745582025,-0.01803355853460229,0.05576104744752452,0.04398031022160292
827,0.3107321406012668,-0.5379875401554601,0.09970332930908078,0.10162218667774033
828,-0.045896184987043016,-0.0589040490919353,0.036624511149143106,0.028265465571672598
829,-0.5977767223536096,0.2431195477373919,0.09472780702747643,0.07028509432105477
830,-0.0010205345450013852,-0.7150619462727886,0.13236496379077317,0.14215678794195058
831,-0.005501332511479694,-0.012899023937670277,0.025580000609885748,0.02049739192339159
832,0.013721850446720762,0.037832090866144814,0.06270759952387514,0.05773465609839755
833,0.020904201654381515,-0.018590571959395084,0.06590562480325118,0.05792224659604059
834,0.005564429462963659,-0.016724452470301455,0.07463948999362906,0.0937758361781774
835,0.06172819219589749,-0.13537408267977874,0.03518185597432493,0.030202550463257927
836,-0.15138472780395085,-0.028713185691138003,0.16009273737789217,0.12551485889232347
837,0.04214208195672089,0.03554434256228705,0.15592945902395003,0.1395226655468901
838,-0.03991082817435206,0.12091043894274733,0.06767420719674376,0.056557156431596825
839,-0.016570483310458854,-0.03733593997868795,0.046980610900067686,0.047095552476594395
840,-0.049308687125867064,0.23234433107540065,0.1739030526876442,0.22007910075352763
841,-0.11253517209161351,0.12058689850051282,0.07606160941119876,0.05744884459037539
842,0.1053890489030976,-0.27500823459143203,0.12368206686047345,0.1259162006359796
843,-0.0662936909017548,-0.18908701403261394,0.11824401867939748,0.12416546717370812
844,0.7176294759560301,-0.5650630970818036,0.04028394739383211,0.03196512384052807
845,-0.048281127240604245,-0.029415974250255626,0.05483544267359349,0.05429272376514623
846,0.05908164487342655,0.008828646768307122,0.04588057328462155,0.03646577707683127
847,0.6089616652730049,-0.6044696896396116,0.04080475938498572,0.03649709356577756
848,-0.12444405392508358,-0.15697212548272318,0.08071213125608093,0.07899510899350475
849,0.02882882934823026,0.12387105944664803,0.0428603392132515,0.03279459443420094
850,-0.14455774729112214,-0.10820463743242192,0.1620860503166582,0.1234531990727998
851,-0.22916554836819855,-0.28954358140172654,0.04716278670622139,0.045438863360314254
852,0.09945221709349397,-0.37918987866182813,0.04854717222933711,0.04814551008663132
853,-0.22551143792677014,-0.06178200532534662,0.14900105453235443,0.09246788335376638
854,-0.014158238941169621,0.056245101805499076,0.06757262439102345,0.06347137412193672
855,0.05439192300204177,-0.006592002571047134,0.16071212909634955,0.1432079542179033
856,-0.7972837122855403,-0.45960521476905775,0.08958268950135338,0.08136827254140021
857,-0.06644072194246703,0.09685467434883277,0.09489465522888868,0.08056892114013353
858,0.03861304798108429,0.000994348423458558,0.08830723190878248,0.06402870402518918
859,0.3793782219261462,-0.14183385102287377,0.04113085204570155,0.027378150893856427
860,-0.7006389468206544,0.49312603269006644,0.07258442695344763,0.06689099651155435
861,-0.0072386393612978205,0.011728346971843967,0.057630324924339116,0.04815940269445758
862,-0.526961416476709,-0.10337392314927889,0.04987119544293848,0.035562769523715086
863,-0.6192095269626167,0.36114264427082776,0.04198486772317407,0.035158964550548406
864,-0.11112776187111743,0.2849152186968659,0.040043395511722715,0.0437552142051265
865,0.42018753991552804,-0.5537347468759188,0.08707948218536003,0.09427231961532652
866,0.1639331887945411,-0.524402269163184,0.06719467979069975,0.0768952086791742
867,0.1850407167842649,-0.13852515173121152,0.09781441592498723,0.09218397371469171
868,0.4023662488061083,-0.03629337466551063,0.08109428842434617,0.04939601538294198
869,-0.14183563029437402,-0.024754403856452164,0.12055800776898802,0.12053461051903251
870,-0.09026250576780055,0.21547353830601593,0.09443674086629619,0.09207835411238384
871,-0.18738863351138305,-0.029577665337159498,0.19068146817894976,0.17773918360501034
872,-0.09336099130529138,0.017475697565279592,0.03809343880640085,0.022556657138845852
873,0.14708249951238275,0.08003101968354848,0.13593894484926597,0.1417971204867279
874,-0.13391505818212374,0.29202539849262377,0.025520889060424497,0.02475112321296928
875,0.040973440245825166,0.01345069806183364,0.12080558871128556,0.10475286130710493
876,0.2974381520019987,0.09968511952988666,0.049014370830656476,0.032495577116744806
877,0.16450174283475735,0.25048550214511206,0.07356631957342,0.06971915051408367
878,-0.03353230716947115,0.016125926126472387,0.11118868572631968,0.10450885731976281
879,-0.026602259729739276,-0.039557032527783094,0.05937569454167541,0.06196447490856983
880,-0.03816927334974487,-0.2307389734906736,0.08428895534694847,0.09794755392794051
881,0.09017194118484236,0.010446743752617019,0.11784019940444473,0.1061885727589797
882,-0.047550599154349955,-0.028833663762062728,0.0416708126135676,0.027275586113000582
883,-0.46897180087054907,-0.22471797360059745,0.05964393392869403,0.04341519144717983
884,-0.10019159023428537,0.14241081096196398,0.14715325573519117,0.15767118113265968
885,-0.010512375269853425,-0.04073382639356698,0.09509915140071126,0.08043327016309411
886,0.04641403890054244,0.10772210023642713,0.1887635155371315,0.19488149037904268
887,-0.12115122986406693,-0.1664207404521024,0.1328105285057016,0.11948661696722224
888,0.13644214690364295,0.2753626924985084,0.06018632176222797,0.06561568789177973
889,0.014400558243308267,-0.3138583443322288,0.11909170300672359,0.141094224552559
890,-0.048630474408267156,-0.019665116621441624,0.06340814079483939,0.05167646251888655
891,-0.10661147361480355,0.03543061764051229,0.06092344464581582,0.03684173979081442
892,0.08795307022309748,-0.0045145899008353025,0.15778376594442634,0.1240749569669695
893,-0.033789918448566734,-0.005065251509697334,0.0797840222286165,0.06926493992210091
894,0.04019041782623944,-0.039978846771324066,0.05444698074431362,0.04009461663862574
895,0.44141987125682713,-0.40133079065667643,0.08116530502891796,0.08593847015301917
896,-0.16070861115425106,0.1630972320829587,0.0856455128210279,0.07277969105541501
897,0.03290555315023246,-0.005449412254988407,0.046010408405551796,0.036744257281908534
898,-0.21134450922178252,0.007694387459421629,0.028574979793981086,0.01718360524863533
899,0.5264115252266457,-0.46455629780841273,0.04299655889408809,0.03489118627371444
900,-0.015729507679002098,0.017067044659605526,0.05260362222797519,0.04206970866985028
901,-0.08794840595338568,-0.2746519362127887,0.03282846409916599,0.0323628257859402
902,-0.32430198740571825,0.3377966517255647,0.11957459466755004,0.10407783625673905
903,-0.1636717237244751,-0.16456220581189634,0.1789317618092725,0.17004263958777247
904,0.08626947769517251,0.01767186011169105,0.24335907364736395,0.2026241976348327
905,-0.20767203580164936,0.24704912450074926,0.19659890190689067,0.19783600448158425
906,0.3722432305794408,-0.3001634441194312,0.13863375409699366,0.13040719541019252
907,-0.12149080289373251,0.0027953273669249967,0.054066482583973785,0.04058547632233726
908,-0.00549743367727092,-0.025614759271060793,0.06849287096344794,0.05964766391403679
909,-0.0036278534077799395,-0.018985623465235885,0.027723017348608263,0.018375931039735335
910,-0.0017154852839824557,0.10523035527639167,0.1295294006935462,0.11409173813634786
911,-0.11067812433638202,-0.14483765318809078,0.07355789986772493,0.07766024741705488
912,-0.24222642158293375,-0.89588692762427,0.04092031464844362,0.04329840394960287
913,0.3174901147826742,0.17542322796966328,0.12554541952113296,0.10197224896202815
914,-0.037827247503662655,-0.3239025002957346,0.02998972769224735,0.03391672424557586
915,0.038171048793907265,-0.059696501662787414,0.05049524621318354,0.03644978193631901
916,-0.8649373144373148,-0.3045073934219444,0.054043332857781894,0.048752917958599526
917,0.3548683270129516,0.35938796102682563,0.07067828708996325,0.0629170173484903
918,0.44117853531861534,-0.657131808144532,0.07891380660917933,0.08028473362198467
919,0.44141987125682713,-0.40133079065667643,0.08116530502891796,0.08593847015301917
920,-0.06987990813342564,0.1368463833289044,0.037544187729880996,0.03641099743745349
921,0.12993151604694564,0.018587736407321753,0.1106848402261416,0.08581932444430992
922,0.1380975882091072,-0.1871999007458724,0.07232759160738825,0.07179815185231452
923,-0.24429983312866607,-0.037720842312932996,0.1183587816403695,0.0854773376019329
924,-0.16070861115425106,0.1630972320829587,0.0856455128210279,0.07277969105541501
925,-0.023402727690595777,0.09569400634743941,0.09214875049941233,0.10694243827831777
926,-0.01817072019441879,0.038509665106662004,0.10694899392881897,0.09347448096815833
927,-0.052663294747622,0.003301818067073476,0.035881428031460855,0.02051903369833966
928,0.035601715191836227,-0.1008186734675992,0.062363632251618645,0.07399747017629238
929,0.3853567548423379,0.048009343253151336,0.13409335920317814,0.08882829043042727
930,0.6928902552840212,-0.2982131745029019,0.06952646474928287,0.05670085520793584
931,0.1232633987532965,-0.32054504037368453,0.1156851833687864,0.11721023821759163
932,0.5118706483555908,0.5951620736062783,0.08245120276421122,0.07488084559261056
933,0.02374571317768191,0.012264254882715195,0.07607278997074746,0.06049818406951167
934,-0.14188088476963406,-0.11015526427517279,0.10682445190936252,0.11149912888578893
935,0.26412285175360734,-0.6406869395041092,0.04674382331287958,0.05119252056573542
936,-0.004369314814116847,0.013268183736213468,0.056094089952704804,0.04751721631641252
937,0.24332328212885818,-0.34151418021137886,0.12435569209765289,0.11371831651009828
938,-0.04130614903798758,0.049636518985100575,0.0735437712083417,0.056652113940965296
939,-0.04330627104879015,0.016622515886736418,0.061247634314018966,0.044820053385370366
940,-0.00549743367727092,-0.025614759271060793,0.06849287096344794,0.05964766391403679
941,0.33927368076255293,-0.4232071960273484,0.062125988535356926,0.06238839545802108
942,-0.019409271395202436,0.05034613529222043,0.027558173412803484,0.022204768221575518
943,-0.06263215975910674,0.16301119972224118,0.038726314183225224,0.028965073186863432
944,-0.20157933542613823,0.16219406798230676,0.06565583768138716,0.07821442451237243
945,0.11428773137073447,0.17876456927112233,0.07365580604921106,0.06539593140588076
946,-0.65374905035769,0.06943052229991202,0.03987804009767854,0.02802640645740089
947,0.1492336012019526,-0.18061406684685358,0.13340049326840642,0.1137661643623687
948,0.03935183564900074,0.03040537685642388,0.042345124294485975,0.02819272510980359
949,0.2308129003553851,0.08720780969816268,0.14900483914180374,0.11622738785004022
950,0.06814524664216413,0.08631962928965574,0.16743441113649243,0.1312101415041896
951,-0.04441515784049626,-0.0431244013700803,0.10505830836485014,0.08556863042190897
952,0.41744579521076436,0.08187824768630637,0.09514523154143407,0.06686816208415611
953,0.0009403124542927367,-0.018986874332227413,0.02288745744206856,0.017183858600514332
954,-0.008447378418442415,-0.051718935313991236,0.08338045353629792,0.09053033580007343
955,-0.008212543284516347,0.008136357023861666,0.032534267388012,0.02208730594984962
956,0.286844418571842,0.20536413159446248,0.05582446343140787,0.04614799629556238
957,0.37283517832189594,-0.009939592670823207,0.03797993166174525,0.022234677325003338
958,0.13662331979287357,0.7595256360580621,0.11272236439549987,0.11970503456659544
959,-0.004108987593294204,-0.05201278336927745,0.09894769400391004,0.10541335013410967
960,-0.18936345306008498,0.04505094049894743,0.03711335928385307,0.026274178364247936
961,-0.7785131937891273,0.3498914918178318,0.03779840401020069,0.029166777786188692
962,0.24076828335486716,-0.02574250644245786,0.08568172491313916,0.06492299738048488
963,-0.6802462972467712,-0.0006592321004046187,0.04464102400781703,0.029300414494367315
964,0.05075463384084567,-0.13189325834874654,0.03594795875857468,0.030932157673518326
965,-0.5653624848277101,-0.32495635338898354,0.06486144200765459,0.05288939910107051
966,-0.12385735824133517,0.039024408818383254,0.15916071822766714,0.11903863737663434
967,-0.508455655973325,0.16551160400478207,0.10765761802153759,0.08548862701024523
968,-0.01877880197560897,-0.016297761278084414,0.1251506127451586,0.11123301682935434
969,-0.47582600714756657,-0.3918808997135927,0.05852692514566,0.04548871072111993
970,-0.3177735963504316,-0.41140269228832843,0.08446172690202729,0.08219615045930558
971,-0.6648497926932665,0.08257714750519114,0.0543512529836811,0.043493889538248884
972,-0.029959886422009366,0.04644576526160221,0.04508834094108048,0.032127903083085954
973,-0.08080283773714309,0.23996032939611225,0.08773190883385425,0.10352591375301476
974,-0.0042224159921756725,-0.2381002765679409,0.061828828917264725,0.055580563074574846
975,-0.049353667138902,0.01773379431255489,0.05363249738072755,0.03568070328030687
976,0.16134963223600343,-0.2529789447081871,0.07751874950077293,0.09133554082928139
977,-0.20915961084493442,0.0932996847993976,0.11807795548553583,0.08668854866405808
978,-0.056246323669327566,-0.055256469658395174,0.1452208722151532,0.13826159641809066
979,-0.009113741871840168,-0.061156868508263205,0.055303863311113075,0.04388703728401518
980,-0.3133157747711472,-0.461637666037558,0.09341731156108685,0.09453290267361439
981,0.26404126968989866,0.06664086236156404,0.1477922156163272,0.11916869866026049
982,0.1200515912950055,-0.3816813235736217,0.08794631887710545,0.08438201661823308
983,0.007085152596568607,-0.006272657105868295,0.047680634711011485,0.036512385279222154
984,0.20509665589257484,0.5165579461312256,0.10535979023694518,0.1143175038318074
985,0.07637374019468576,-0.03445107863354528,0.11080615108434473,0.10313298453441772
986,-0.10670060154561742,-0.10348180623947671,0.14909322319001797,0.13957802144728496
987,0.06053172354457611,0.1943189059064104,0.08372438777882193,0.0891658448546046
988,-0.23918924197171884,-0.37450599127569056,0.048736818073904606,0.04208813248977674
989,0.012801245984697725,0.0456721972421656,0.11095806744626067,0.11401263213631972
990,0.31853961027819855,-0.17800139458461958,0.07716808427159733,0.06223540967604527
991,-0.055950122985454855,0.0016983917704305176,0.08531485048740921,0.06847755529438593
992,0.43195992842379355,0.5024729553626353,0.06505371982892859,0.0605852446510738
993,-0.026318064212413717,0.02470849052391797,0.08770523039377758,0.0862537204705969
994,-0.049308687125867064,0.23234433107540065,0.1739030526876442,0.22007910075352763
995,-0.03203757077693963,0.05591779854859907,0.058207354556072136,0.04612251488887098
996,-0.04510726311178297,-0.04047642960003583,0.0997166211089787,0.11846781851622275
997,-0.0036278534077799395,-0.018985623465235885,0.027723017348608263,0.018375931039735335
998,0.0125965724032782,0.1430789273271894,0.09876271334332383,0.08605420070774042
999,0.08056495222553017,0.17483006334258686,0.09064080053099693,0.09834843421577569
1000,0.2451793176792448,-0.1014841151807406,0.1906162919406836,0.16294096255523016
1001,0.00055837180299743,-0.0003124560825211462,0.06080128813501922,0.058736233492889416
1002,-0.10496734297113267,0.12690383036008682,0.04380960103152081,0.035638630809550445
1003,0.1685342356345461,-0.6084763168045401,0.07405198238995782,0.07762640632403266
1004,-0.08405810893159951,0.07631387695921764,0.10032431309653299,0.08862203347195978
1005,-0.007411504108458607,-0.02639609266666868,0.04571986914790652,0.03753160454539105
1006,-0.17773855427790017,0.2350997401962128,0.1590945488032079,0.13485188636777953
1007,0.07247817295527076,-0.11084358448141854,0.13535847926821715,0.13403001535804013
1008,-0.0634775838280414,0.06185803846538196,0.2072990300057744,0.17427948109244473
1009,-0.10288115330111659,0.021518933448775052,0.10295655901908422,0.08777760768228429
1010,-0.13361315759038542,-0.48477542580525634,0.04132143390284834,0.04064179221718807
1011,-0.2673750053174561,0.04029036375271539,0.19210152428901187,0.13932055631398557
1012,0.18810370286589193,-0.10988578994507808,0.08595039567103903,0.08065779381487846
1013,0.0007024356646962672,-0.059910437325925346,0.07281220908268483,0.06419414646869451
1014,-0.019383949053808667,0.009208919896621093,0.08705955902911547,0.08309842033052021
1015,-0.03139534287790608,-0.003376881379666575,0.07108944062993983,0.05839467311005888
1016,-0.1038341808459253,-0.035675469192030684,0.17463771930717886,0.134180370703897
1017,0.006466501721946914,-0.02564189727507067,0.06218518756221339,0.042527609632025266
1018,-0.014881582039852032,-0.02026302000615065,0.05415165716897963,0.03764799133855481
1019,-0.03905208701527987,-0.052760960907382984,0.09556069403410898,0.08209725985889679
1020,0.515044022374608,0.10077885340495535,0.13195741149486867,0.08967049924795359
1021,-0.1531055838856707,-0.09126921708188747,0.13828014259217833,0.10581832568206548
1022,-0.13873805334395883,0.6280753415703888,0.06674595193362892,0.06769516019203448
1023,0.14933198830116337,0.29430472954451803,0.1237826599877139,0.12314859059043565
1024,0.08296217930447652,0.27623774499336345,0.04085286867672592,0.040398056727021285
1025,0.21668381364595882,-0.4589030008094421,0.0890354183442904,0.10746596405598918
1026,0.004793196179451796,-0.24687218216366444,0.06675005485840589,0.08015145007166824
1027,-0.007916395377184932,0.031258452904806305,0.11306087226802414,0.11203521630078782
1028,-0.09929360052534138,-0.08398774249656159,0.11541220021238376,0.09940345776198023
1029,0.32666418877027575,0.13649414034515295,0.04315848658364138,0.02951310370713852
1030,-0.09209226832860937,-0.510390189187671,0.10810991981654443,0.12131752364112547
1031,0.22653353125645215,-0.2466374149292865,0.11208346135943725,0.09588612521152703
1032,-0.0662936909017548,-0.18908701403261394,0.11824401867939748,0.12416546717370812
1033,0.048282253816475905,-0.008844997045292721,0.0531491404058807,0.04796703962883765
1034,-0.558016477045927,0.067301302102009,0.07725546521920965,0.06010519177479904
1035,0.028696337053925738,-0.006382667050350601,0.0774075284833413,0.05595361838264458
1036,0.09064345145693566,0.03007370380702227,0.05982367527095001,0.04742180537241469
1037,-0.15061507908017782,0.15960323618946562,0.09386140345204207,0.08047356006670585
1038,-0.27420782872813143,-0.05217622527653836,0.07469905721882748,0.04364657627782677
1039,-0.013680327212542007,-0.04026189425513802,0.05841333367582388,0.04742687476107672
1040,0.003020045137569367,-0.054940095081443104,0.026210449016956655,0.019142464589273885
1041,-0.39147635306502376,-0.6581864614197837,0.07980542495319788,0.08366700128653011
1042,-0.4757972292935981,0.21964307743277114,0.08868960534815953,0.0778661607226776
1043,0.041260440193313826,-0.0018173836557314133,0.037558271903594745,0.02619836566556065
1044,-0.015585326523846036,0.0012789431300757456,0.05581853834209881,0.0426386349049986
1045,0.14608074968120824,0.20053218914005508,0.06556602307201413,0.05889263807160926
1046,-0.20155398028184257,-0.022258085869822825,0.13247042906032264,0.09817378447200707
1047,0.019118736547591008,-0.0609193865312603,0.12317741580197632,0.1139920308916457
1048,0.04306840147732035,-0.07389485772245623,0.05585690922599079,0.04810310411815167
1049,0.4232671976277759,-0.01031828685780177,0.13845062625487417,0.0968009459341358
1050,0.05819838531181858,0.1693204110821549,0.23666999035758737,0.22549590923331533
1051,0.4320040024012702,-0.5864108167926186,0.06604842398585707,0.06329352970799242
1052,-0.024291255258950182,-0.07281131611549957,0.0704793111732371,0.062120063629071624
1053,-0.06727674406404435,0.5981136353014956,0.08446381627328926,0.09693251141959049
1054,-0.3196177990808974,0.1837570589584176,0.09015354783004498,0.06956400731856931
1055,0.8481998553382954,-0.014526344112066318,0.036377193291095344,0.023285988000487482
1056,-0.27188444961337316,0.4604523208215214,0.07897354569219385,0.08981657106718001
1057,-0.045044338610292244,0.05336038128594164,0.052313610570119344,0.04923292038789425
1058,-0.7333356081714515,-0.04898846817659142,0.09649648307863948,0.06515551058683107
1059,0.057414284431585076,0.350452875179701,0.1022910262933408,0.11106117240926888
1060,0.4203022192954231,0.21088133845289345,0.13642252765447135,0.11551326323809487
1061,-0.05512629379032261,-0.011586372410932827,0.08426605384783692,0.05851570372142836
1062,0.009022916528511695,0.020061378907776477,0.055381891972063814,0.05083048339285993
1063,-0.19091418970742582,-0.008704732476249186,0.2108003142749264,0.20001018756800928
1064,-0.24392132707061853,-0.8861565884864155,0.05353733646872372,0.06208457450166268
1065,-0.1776432145702188,0.0013507053682110517,0.14207549634588887,0.10355768697621576
1066,0.0007973039893188439,0.03865644935953861,0.022418878840817547,0.01649649453292747
1067,0.0571345844028625,0.24188320123015156,0.08211356281207759,0.07365738879624929
1068,0.02252160716134873,0.10544619334001946,0.16834046943222614,0.14343443769159758
1069,0.3802704644623506,-0.6320088454214262,0.06901048011015294,0.07097485427223021
1070,0.03217812465813521,-0.042757532206639574,0.025784315716526895,0.018660336621130424
1071,-0.8395859685609892,-0.16003271103850958,0.06345303169714381,0.04869233186826783
1072,-0.03220419467990133,-0.012929091290067855,0.07902796641551096,0.06507335384321275
1073,0.2308129003553851,0.08720780969816268,0.14900483914180374,0.11622738785004022
1074,0.15487820770505037,-0.012650674305624374,0.09121661981059814,0.07184035447394348
1075,-0.12951605950155318,0.211663258928254,0.16814905882962228,0.1445880427138954
1076,-0.017111955025135298,0.014258797677516838,0.04062728300199424,0.02624969791880271
1077,-0.6002755854820515,-0.4954787159384516,0.08643275290042686,0.06807466261368807
1078,-0.007222204081233631,-0.022690243832984937,0.0673603329602178,0.06632056450908098
1079,0.15523508125267155,0.23170136552922968,0.056476872762907845,0.05546696574412925
1080,-0.06901870286554473,-0.2728581369781435,0.09080754547651101,0.09836943734986384
1081,0.1974261131855925,-0.30474475517256977,0.13327929278412531,0.13573318960268604
1082,0.025725387888111777,-0.05770145853252211,0.09488479839600371,0.08975493675027686
1083,-0.05755624865002893,-0.011524160741244509,0.1067019711255662,0.09557204400264016
1084,-0.048185558500504704,-0.05905959015304645,0.08330235718716646,0.07824605499309055
1085,0.07147740009960786,-0.05061664570590683,0.04457985234900554,0.03281495474359687
1086,-0.054481470031861,-0.03679071896439851,0.13508500133432966,0.14760923174103396
1087,-0.05374783041336315,0.028986598843101508,0.06629209798994858,0.04574062353207523
1088,0.5200141683275729,-0.1255215892341116,0.07156485449064924,0.046341982070421034
1089,-0.022067437838154503,-0.002737283909393728,0.04956379898448703,0.04708403772910755
1090,0.22101369763260664,0.3880429423229903,0.18151188041792848,0.1698899943343175
1091,-0.11342118647368318,-0.041420542049775196,0.11057560345411382,0.07824306999818402
1092,-0.41786095636066706,-0.28314653441721305,0.08219859122722156,0.0706987785503702
1093,-0.014712004280341005,-0.020421255264659207,0.06166317233668047,0.06239166293394374
1094,-0.3155176071103222,0.058822943530106454,0.2269419332989085,0.15869189572988596
1095,-0.2607872609028102,0.30690049500788474,0.06482655827033436,0.0562570986289187
1096,-0.028545791013260716,-0.21848524289479979,0.02932424889053447,0.024801934900444158
1097,-0.45809024834259193,-0.30833086732368453,0.07015073967657028,0.06257922557354408
1098,-0.13884465072754293,-0.06390763280197659,0.049732823344122844,0.034142669475242804
1099,-0.06024648455898774,-0.09996744848460619,0.06279754404124815,0.049175467135794876
1100,0.021063938856991104,-0.08029642523123655,0.08234007090405365,0.06943219429454627
1101,0.08633605185582766,0.2025084364615858,0.1230699100129342,0.12787151989520176
1102,-0.04288184854357285,0.18825427096014744,0.10941065485989093,0.09556508360501888
1103,0.3843098720335544,0.4380264863307148,0.07177230804632605,0.06915747858455411
1104,-0.14725935747020807,0.11837415400444234,0.11485818813573799,0.09242933943469128
1105,0.07119815932446633,0.19647614303495178,0.1617435875182594,0.16307199653508603
1106,0.05012859258808563,0.15438770085308964,0.06553835414572982,0.06513262227941821
1107,0.05867826756035329,0.05104538968502421,0.0522506008501323,0.04238370156694392
1108,0.33571498946592887,0.33154397864794843,0.19178464938475828,0.21608367265864903
1109,-0.03373375422133435,0.010883291909306127,0.03627935149152502,0.027223438359404304
1110,-0.03131206653614855,0.034210756356913875,0.20509842790623542,0.19792376172719725
1111,-0.024291255258950182,-0.07281131611549957,0.0704793111732371,0.062120063629071624
1112,0.027561787366670917,-0.0786160589969237,0.02506263671575224,0.0203348952126055
1113,-0.6441247731738279,-0.015589693793609062,0.07160300806992831,0.05179513068704373
1114,0.11762998267200739,0.029814424263771996,0.06038313929676128,0.04144608469488862
1115,-0.04549040002999002,0.010876344319885392,0.0777499804066323,0.0744657612603699
1116,-0.04578294763739591,-0.18058182236128004,0.13912060291875536,0.12276294302999903
1117,0.06388490345587643,-0.098752455739587,0.11872817554760282,0.12226608843004753
1118,0.4997328221685155,0.25435232500279786,0.036159389404750344,0.027777115350413453
1119,-0.04246647825663775,-0.06795588419872606,0.12603964716659855,0.1401512005255994
1120,0.14507961953054707,-0.039978340745317545,0.06120966142864454,0.04151760749084938
1121,0.21348603679629843,-0.15197614814761518,0.09586717506012395,0.06889324747891576
1122,0.012456651017093975,-0.11500342810135229,0.11597581697070865,0.10700870921709023
1123,-0.00850790209269742,0.016031205834839378,0.057874351123346546,0.055729235613780785
1124,-0.09051401814024852,0.028729794438253704,0.1729618329525032,0.1530438139508778
1125,-0.0003354080779525469,-0.008051896597015419,0.03925470842470448,0.031581409144717784
1126,-0.00011187203378815614,0.003300199916915019,0.06205456560057817,0.04315996657375696
1127,0.05306547820767688,-0.019728388269008287,0.0771914926620292,0.05741681940563501
1128,-0.17499970723381228,-0.3331375162417386,0.17169027403098608,0.1766656770060737
1129,0.06749032670262775,0.02383426441666886,0.08363203198415274,0.06222089447777112
1130,-0.10619706790725504,-0.07394775278731952,0.10740800244748841,0.08736550054841871
1131,-0.0018186333575399881,0.023315581661788647,0.030881107056726045,0.01984424451094745
1132,0.2771718742766159,-0.263980499726732,0.07036150829928112,0.05621260349139515
1133,0.21591989161514558,-0.18818423466513362,0.08569434836109863,0.06447303959518802
1134,-0.32301357761645294,-0.027675615862923407,0.18178365181811637,0.1416898069172884
1135,-0.04454458672761537,0.22780976675819292,0.11364632413029828,0.12739636428766238
1136,-0.10435564998513404,0.34702155697297193,0.03911428836069633,0.037561897808723994
1137,-0.0017154852839824557,0.10523035527639167,0.1295294006935462,0.11409173813634786
1138,-0.0628208498793877,0.029718432921835947,0.0612263037570871,0.04999314781079836
1139,0.09216502007558398,0.5302228510724506,0.11384054431407652,0.13186073536146814
1140,0.2835004190682709,-0.21424304570370134,0.13294908433139008,0.12026239564034204
1141,0.038372706340015654,-0.07880048652634215,0.13203507113568633,0.12982409792958285
1142,-0.052663294747622,0.003301818067073476,0.035881428031460855,0.02051903369833966
1143,0.049491606208174437,0.08198763715937725,0.02758774840233189,0.02587723929153517
1144,-0.3080651810276548,0.05077841866753986,0.07565700434821125,0.052515461507108535
1145,0.048810336299992985,0.13673966035447196,0.13733797336718612,0.13459791886417638
1146,0.8367081589038328,0.3807184703543621,0.05016390942544049,0.04293710758082269
1147,0.043337076983545116,0.099104151608547,0.10178362272608363,0.10141731735792514
1148,-0.5322138062571261,0.1738497884830715,0.044030369605921126,0.0305603725131583
1149,-0.12873600102290203,-0.02392379644310341,0.11534529759385442,0.08885403512010635
1150,-0.0015209254859089904,0.024818472929915063,0.04330698721676112,0.03387155117814363
1151,-0.18293835758503293,-0.030834448996799782,0.02654222941558492,0.017858590550320123
1152,-0.12177619968197241,0.03647639668786363,0.19519622401632955,0.16611422928502464
1153,-0.1045732455833866,-0.052122482069046426,0.15503506774006387,0.10911700201024031
1154,-0.052348129668017364,0.1069711371629707,0.1210328184713369,0.10107485399087555
1155,0.0949024000541642,0.003950724667519923,0.0516094690683072,0.03374237397596398
1156,-0.13822132878806329,-0.07949288877692816,0.11960437473636597,0.09052230385101398
1157,-0.1632534045574102,0.07906938036237793,0.024383463097562452,0.016493008667311314
1158,0.07066778548956168,0.17595477728127001,0.022177410542015913,0.02075417878559596
1159,0.6419631364465179,-0.49838703386267175,0.08111746785474379,0.0696533202879913
1160,0.21348603679629843,-0.15197614814761518,0.09586717506012395,0.06889324747891576
1161,-0.609534598535076,-0.2717713368086499,0.03501672701542824,0.021871621183861146
1162,0.002866738634242162,0.11839205493391788,0.034484843122423066,0.029331538411828433
1163,0.023062270692215846,-0.01578600518330263,0.10334261591432274,0.08561543732207053
1164,0.16210027060588086,-0.23806912059585023,0.06555457560639605,0.0677734521422645
1165,0.044782627063299364,-0.1659635757741237,0.10203713126773986,0.08785478966734526
1166,0.02919740216619054,-0.027052923516470692,0.06946653289941725,0.05629228218588057
1167,0.024379039705971255,-0.019053026232246417,0.09647047427589396,0.0946716569536911
1168,-0.008294864716589304,-0.014881369687872854,0.022327856620223564,0.01520220191773255
1169,-0.10661637297392895,-0.3559996830209014,0.11252228812308737,0.12876869247943268
1170,-0.11738930274287976,0.004558700123281668,0.20492804875397863,0.20014420772267935
1171,0.0018005896011352536,-0.13152193922651573,0.09701088536484909,0.09832309160349574
1172,0.00804085385059498,-0.02043849344584043,0.06725650228408799,0.06013350431786704
1173,0.08485521982256589,-0.03293436792641526,0.07721555978938521,0.061306621185334136
1174,0.05085575277468375,-0.24105648302972962,0.09144650379577236,0.10576876511668647
1175,-0.16043361071987106,0.14844794716528462,0.050750440756017465,0.03895518033611057
1176,0.006277411559681654,-0.11380730167074257,0.1242917816523609,0.11006291693785261
1177,-0.014788875360016319,0.16398056261275426,0.07060762387946089,0.06505098442420325
1178,-0.07826340047399188,-0.013813878246391492,0.0513724697124828,0.034787787691339944
1179,0.08642791292705086,0.006104265010208622,0.0732368999834592,0.054468875953996465
1180,0.5690602832290131,0.13628723492525321,0.1713902740543725,0.13636406016561772
1181,0.033918556385020025,0.03503636685441685,0.061674874755312685,0.05000737800092664
1182,-0.06699246641466047,0.07174379038767817,0.030299504887978276,0.022459810693682428
1183,0.015325347378293174,-0.04444026779749418,0.10713019937994496,0.11650758626765093
1184,0.014686059211493002,0.027025557225863216,0.05578023237003134,0.0465578685653709
1185,-0.12385181709736243,-0.03217947092364135,0.08883544488778883,0.07130142058359264
1186,-0.21516241746867165,0.05839531700218203,0.13358978395039195,0.10288438865559688
1187,0.055153162066428,-0.010747848674838668,0.02989842706887907,0.018588468355107773
1188,0.9320535585111155,-0.027927355130535146,0.050172110410154826,0.03717464175383904
1189,0.06150599861740778,0.09286493015801942,0.08877360997904059,0.08261950071877162
1190,0.03135578831988361,-0.012857159845847975,0.13538592351408363,0.1221840001534669
1191,0.13735994971030732,-0.15442007056852577,0.12919170843981043,0.1477336500437081
1192,0.15030678340716822,0.6758228573150044,0.14351959565480987,0.148115947146261
1193,-0.02427583837910333,0.03268401006671383,0.12129715929940692,0.09631820249605587
1194,0.06984258572885356,0.12396011719374395,0.044472908381259633,0.044047521963467215
1195,-0.11460246133232677,-0.07844221759251642,0.08723490318790299,0.06450936790876274
1196,-0.0021136125987707742,0.005750319062102694,0.02416050109708645,0.01742097074579125
1197,-0.3996033550675897,0.36513839621888106,0.03532558388539403,0.030120813819491405
1198,0.3421199297222856,-0.5447261045727068,0.04614183446585432,0.04578592955353725
1199,0.16018551925131266,-0.2834237438628529,0.05477807339518268,0.05484640400796264
1200,0.644774660351257,-0.1855971382928234,0.134760135919646,0.10189938452229141
1201,-0.03678395629081153,-0.08017093445020836,0.08725892318181201,0.07876010807298983
1202,-0.1326405102433123,-0.020673849937050556,0.06861256311059775,0.0405598192019136
1203,0.07705912480421674,0.08980704920742208,0.14701534708054168,0.14373467804923393
1204,-0.190213076706448,0.13911227080217914,0.19595134422108712,0.18469660217885817
1205,-0.5949584201859183,-0.3251181429931624,0.0378561794716772,0.0255272072561907
1206,-0.1441927893494243,0.10845066961191872,0.043891645699335784,0.031140248963938893
1207,-0.055950122985454855,0.0016983917704305176,0.08531485048740921,0.06847755529438593
1208,-0.03457984288159246,-0.08117859150026602,0.05030764108142416,0.04405940560786755
1209,-0.014802701838405822,-0.011482116905145605,0.023696438830602386,0.017790956848390174
1210,0.3898199321407185,0.369350252113499,0.06965604814097849,0.06413352160337975
1211,-0.031085448468475194,-0.07799002665889515,0.17651777238011845,0.1311037669490744
1212,2.1067612525067607e-05,0.042103685581020435,0.07035986594499107,0.059398653867842856
1213,0.12777067414409754,0.009647925955900985,0.07356946006128572,0.05328146465771358
1214,0.009764101045183656,0.017686484782797086,0.022995786649272636,0.015654379541264418
1215,-0.021946191097672433,0.003179753234239537,0.05002979872312497,0.043934242771547935
1216,-0.008940386616255059,0.018011097455742853,0.10474931250166597,0.0987719334183035
1217,-0.27180080715308924,0.49573755996894114,0.04307946911060375,0.039196615609542435
1218,-0.32208176752096496,-0.15307466527520946,0.19395871081758098,0.14616543304496246
1219,0.39102803868854835,0.39035679606690493,0.04029614242395237,0.03482574821940476
1220,0.18275752806318107,-0.013128207094012946,0.2281213025938289,0.17326167470508824
1221,-0.06454784468989172,-0.0009197550159012269,0.14599004443406738,0.12277299805406933
1222,0.12474697386339564,0.09685785901223047,0.060080519021393115,0.04681903247953907
1223,0.010123907922254313,0.020827579059723586,0.1263128624478952,0.11942189104085545
1224,-0.057052004432411825,-0.022878205409392526,0.0692190677415542,0.05942470070981936
1225,-0.022248691609356778,0.04004819753894766,0.06521040171090131,0.049233730172010645
1226,0.004669218414012351,0.020327110326674037,0.06527868921400948,0.054250221407354665
1227,0.13006545107262152,0.03428014720241113,0.15892803902271094,0.15322434749187697
1228,0.015401747211709681,0.002141152442668214,0.07587894610306131,0.07517156261911895
1229,-0.22842066980038336,0.27675179683549417,0.04219899849788847,0.04126455709881208
1230,0.03885861264213799,0.022172855429077307,0.13883747629895535,0.12353499766973698
1231,-0.016423608962485074,-0.010551105585497426,0.044933288600841496,0.03546459397685189
1232,-0.121780903094995,-0.07342503721027803,0.16556130930465912,0.15301356853094997
1233,0.0335139329024579,-0.0006126440899876179,0.024128621092298342,0.015635031718230333
1234,-0.046398835124863085,0.35240314404286827,0.07852970790628626,0.09793360223174569
1235,0.39473904687446937,-0.29439241323770204,0.03976792555989738,0.03883978580142443
1236,0.030172148624730926,0.17250904133022046,0.11068284171060516,0.09678804496936687
1237,-0.14864018708549104,-0.15010840234712688,0.1351074540768964,0.14173426935868969
1238,-0.028416389328358275,-0.0005828132070787246,0.04796696576325978,0.03849140041582716
1239,-0.014210988386779939,-0.38280223252448525,0.036500783042038604,0.040224500746238886
1240,0.5745517765902902,-0.5625028765612741,0.03870041518969888,0.03194562071876776
1241,-0.04022871998120684,-0.03358187503803927,0.039742431929706154,0.032805269280660646
1242,-0.6730360714378468,0.595408998841242,0.04798378752916753,0.04096456924673731
1243,0.21367699214867397,0.1689707298777793,0.11178548841082926,0.09771064967223768
1244,-0.027845076514029763,0.023319245717192745,0.038573197393677296,0.029220583241115056
1245,0.02827372981713201,-0.0017338447101279209,0.0637512084242957,0.05245184221997225
1246,-0.13243860721289408,0.1938795838873317,0.12171045445916925,0.11260989903711946
1247,0.019683409502772472,0.001544303727811661,0.04765083002128814,0.037506826954214575
1248,0.06134759450564271,-0.06935528730124335,0.036789576690739345,0.027055071827070985
1249,0.0017434552160877316,-0.012098447913128703,0.05627784977521263,0.052627876914395466
1250,-0.17304128501272353,-0.39517825814461255,0.02975685807153528,0.030589326078762025
1251,0.055125682649249795,0.02472536468676973,0.05166657364644551,0.03713188350836095
1252,-0.08193828081229915,0.045024078319755224,0.09704711020132067,0.07226216655741313
1253,0.023062270692215846,-0.01578600518330263,0.10334261591432274,0.08561543732207053
1254,-0.10982028713556312,-0.06980114854520439,0.09739719012534084,0.07376555765455647
1255,0.1812135740747349,0.340247390983248,0.13254836859047875,0.15489497942072908
1256,0.04306840147732035,-0.07389485772245623,0.05585690922599079,0.04810310411815167
1257,-0.00977742291624208,0.02041089704391196,0.08499230899669465,0.07143400065069425
1258,-0.3402526967041604,0.7941237501604616,0.08433203637737181,0.09231248718880929
1259,0.09029095549194674,0.6852747207379616,0.05621987609873951,0.06084790468333962
1260,-0.063013790180586,0.03258383048346286,0.0843131813803982,0.07248342518456935
1261,-0.017752125513994108,0.018214374804944956,0.11139502419781917,0.10924690107692087
1262,-0.02321716824336312,0.0463438859904941,0.14433849511471677,0.12989658379037075
1263,0.010616459412843653,0.01760749982216161,0.05702064367436997,0.0516962329374461
1264,-0.0008899569403947221,-0.02973162519685619,0.07124044625017649,0.05171011764425179
1265,-0.09942552273502268,-0.06547933119381015,0.18648022342497556,0.192748532725813
1266,0.037364320025767506,-0.01751205800709705,0.10982676612087118,0.10403457828361089
1267,0.07524353653035003,-0.09512761834842401,0.06723009512824103,0.0509940386371853
1268,0.08169832544229827,-0.12387373280925937,0.08451907859715377,0.08150288269207016
1269,-0.04731359010874998,0.0006997860316307952,0.035133497526030615,0.022781375492189993
1270,-0.05746112008470267,0.09719923653230789,0.07365321367060623,0.06628757691162095
1271,-0.029699217512993318,0.11309813171534529,0.07894031482415878,0.05796309157194578
1272,-0.7669727044004941,0.29574610623417935,0.055577221093643055,0.049443506626259424
1273,-0.013688631552143952,-0.011728091325213692,0.0747870606978595,0.06804383460830618
1274,0.40472136453910235,-0.17625273509513897,0.1528948136254705,0.11146030154102772
1275,-0.15111746897179548,0.0416929745345269,0.14856165505990257,0.09988252510297643
1276,0.02424318091633151,-0.3444022215125596,0.05475590955287587,0.0535632893539117
1277,0.03736472654527494,-0.05387093612209392,0.11955283996998493,0.11399933129725488
1278,0.19484740116806532,-0.05769024798878347,0.03095649354106969,0.020741247994097257
1279,-0.021403351593467016,-0.019360518810022147,0.11435643131037786,0.11016650249864349
1280,0.06717281928474288,-0.04339960939484356,0.10398612137258402,0.08397190369256605
1281,0.02734549136431313,-0.08833481195038019,0.10588246423228131,0.1076434825124302
1282,-0.005390429531129092,-0.04820449530619066,0.09130627342677243,0.10150501806788112
1283,0.038537012028370635,-0.33057650541588673,0.11545345085451601,0.1284902506312636
1284,-0.04743458086360978,0.005725371419492579,0.030179008012193354,0.02276730086267986
1285,0.03751774976477897,0.02440123877691773,0.07174979131424031,0.04510847641548837
1286,0.02771292454126228,-0.13197646822648001,0.04859986905672757,0.05029975661251001
1287,-0.038497856209812616,-0.06890557390854953,0.06054433739063693,0.04343892529461795
1288,-0.05055719126311938,-0.2363713056833461,0.04818381032302907,0.04988588622220241
1289,-0.017989300325198746,-0.042603284986172156,0.07341669470648565,0.07385766486597585
1290,-0.08899578500823027,-0.09591520824317672,0.06504621144421778,0.05238060962307128
1291,-0.1133521464850356,0.03898411611300808,0.07072502644066123,0.054674751326333274
1292,0.048282253816475905,-0.008844997045292721,0.0531491404058807,0.04796703962883765
1293,-0.018600169374248413,0.09975699709705999,0.11714806323534167,0.10274625481134962
1294,-0.16387579979786138,0.09696192103664031,0.07329923057195814,0.06865978116767893
1295,-0.13877625954107528,0.22614056800954654,0.0718739180834606,0.07322912684969117
1296,-0.3312516225856663,-0.43495719061331434,0.04445426950901419,0.04243030898588783
1297,-0.16072826784269076,0.5769700186108958,0.035872480083421504,0.03799260366252558
1298,0.06794472854706356,0.1557015789475125,0.09547778612002115,0.10590331283207155
1299,0.001035047684685357,0.12580874917333063,0.04249461660958517,0.04093224673631313
1300,0.09202661245083052,-0.18665294933176477,0.13739180933045983,0.17272545008480897
1301,0.026455700096713313,0.06295863866685364,0.05417208535569556,0.04382494315357265
1302,-0.28831583205665007,-0.015319415922681795,0.07461125763395307,0.046325964953161984
1303,0.38708334340519673,0.2891886213843455,0.07926335205200047,0.06719203932753401
1304,-0.6153944879945293,-0.2885141385037091,0.12538458056470894,0.0895178385460921
1305,0.20372778711855322,-0.2402684927602392,0.07028993161584283,0.06297438100076266
1306,-0.17768024760597637,0.06954896973306365,0.06500657656486844,0.03950836730434762
1307,0.19990578668919134,-0.0031382926861581667,0.13116693178386235,0.10157580727754166
1308,0.18530581790928863,-0.05281495863316026,0.1738956531783766,0.1490887986358607
1309,-0.24496345939899966,-0.37491524526409065,0.08464007823106073,0.08140258084357249
1310,0.010641424938287704,0.1503221336809191,0.07144579977187777,0.07280804508391395
1311,0.17171170896230933,-0.12800140799901213,0.05227564937474481,0.04184021918989355
1312,-0.009350774688749845,-0.04335852076795497,0.04437767157454675,0.03470077000177817
1313,-0.36310794661421325,-0.18693361901076144,0.212101756468324,0.1835876258332376
1314,0.27043888024758433,-0.06086235256292443,0.13712519235750886,0.0953474500000214
1315,0.016860827015286194,0.07781023439574947,0.08535613169846518,0.06272020020606325
1316,-0.2683992703953383,-0.5460070202608125,0.14840121296550304,0.13905163670983872
1317,0.00042483807668305517,0.74926970271168,0.03664743051248454,0.039259438454044275
1318,0.13411019167533195,0.04011616910905046,0.1375398512424843,0.11061463984626632
1319,-0.07776596950286907,-0.180931197336701,0.05141331612931114,0.04908186549191547
1320,0.3480547631963374,-0.620451979693828,0.06378991561367474,0.0682504685276866
1321,-0.2735051898056929,0.24782067584418357,0.13648397494746747,0.10720215725094463
1322,0.1275515631717626,0.1307605313020665,0.1897898155639687,0.15992205307163418
1323,-0.07298476520496308,-0.32861960741937785,0.1483448833819796,0.16687779135845976
1324,0.05095632202770813,-0.10971103560897533,0.058396159006949035,0.057942073146512514
1325,-0.0043216948830631695,-0.008294482443900013,0.07559247411701323,0.061272381960467116
1326,-0.05746112008470267,0.09719923653230789,0.07365321367060623,0.06628757691162095
1327,-0.10298322759995365,0.09974696806091776,0.06085305723975291,0.04399938723165763
1328,0.028222293973011413,-0.10717739027381623,0.08472600163582011,0.07791814231174839
1329,0.00983950470924291,-0.04045090210052676,0.027694181433350992,0.022579858754649986
1330,0.13552427991588542,-0.4276748348502879,0.06978466208258843,0.07466919414346859
1331,-0.15777851271397933,0.1408664390865805,0.10928808794179178,0.08311537719431686
1332,0.0883955813453497,-0.0059183644272463665,0.028857733677198995,0.016831975250824652
1333,-0.24037558880743373,0.21780542574462544,0.16706974792163692,0.15945209079198866
1334,-0.01763121153340211,-0.008166773656198958,0.04332488841519137,0.03427875279065805
1335,0.022467861465836927,0.011845898122123576,0.04909235807833204,0.03494757607937147
1336,-0.001703273068345769,-0.06901455162173405,0.0705963712774137,0.0646192719146402
1337,-0.02128543682142262,-0.012165658638130315,0.05397362181820532,0.04473236643459688
1338,0.3107321406012668,-0.5379875401554601,0.09970332930908078,0.10162218667774033
1339,-0.4137256362309783,-0.25008998203779903,0.07822053576941067,0.060437192592399644
1340,0.3977459124270801,0.11467641536448425,0.04012684792074148,0.025255333049248773
1341,-0.022062122798257162,-0.055033028824624346,0.08342357772576632,0.06992946459373367
1342,-0.07658581197328591,-0.49935094924950924,0.029367728977956368,0.030213888286179866
1343,-0.6013879155750348,-0.11997859213231583,0.10383609581250812,0.07603494293456589
1344,0.012190854832236486,-0.2096416993546191,0.13276515090836455,0.1523263218468463
1345,-0.3685751541319498,0.014429226785316891,0.04204611859513863,0.026436872266351517
1346,0.028460034052085834,0.07987887913562795,0.18266511461965443,0.1778714908451625
1347,-0.6153944879945293,-0.2885141385037091,0.12538458056470894,0.0895178385460921
1348,0.5155916085957147,0.6134537129772929,0.09836738227073454,0.11023699923155776
1349,0.0020288961691751995,-0.27880637295650335,0.20453049514233415,0.22764460985241503
1350,-0.5963136489167217,-0.35486234317494764,0.05656864806435412,0.03756444006363029
1351,0.23481287171194895,0.312779337612962,0.05421745638568817,0.05157783532654752
1352,0.19951845499842658,0.0720722358645568,0.13378791124126824,0.12674372010545595
1353,-0.03011456828948342,0.002594520742706468,0.106338882691366,0.09103125593760812
1354,-0.2885707680362042,-0.6222605907809345,0.11306877448676564,0.11270717256794566
1355,-0.3099494177304666,0.5013103401277382,0.20470433055565826,0.19773676946081054
1356,-0.06285414861698009,-0.19356000362292472,0.10567654858867147,0.13636305100209045
1357,0.08733387997352297,0.25596357098690353,0.10878271486273444,0.12388053007252202
1358,0.2439467594398739,-0.02985695636301259,0.06683774230071257,0.04442918562332398
1359,0.6174532432708545,0.12639574913640966,0.035641024981532626,0.02217745409296038
1360,-0.09888685233363248,0.05326093796057536,0.13611398506107722,0.1506628151811091
1361,0.15552615017889795,0.06369606480679196,0.11457325396073884,0.07677739517415194
1362,-0.006871588367842495,0.01798652859148723,0.0491723826328487,0.03948406406769372
1363,-0.17017329258168298,0.5058290388783647,0.04613573023029857,0.050894635334258406
1364,-0.217437222516186,0.27531507832456187,0.17460240922310455,0.16259548170914506
1365,0.12474697386339564,0.09685785901223047,0.060080519021393115,0.04681903247953907
1366,-0.19658374003282802,0.09219900424283498,0.06923585206471172,0.054553055655629824
1367,-0.07658581197328591,-0.49935094924950924,0.029367728977956368,0.030213888286179866
1368,0.02938945491639194,-0.020855454062191477,0.03086584617415125,0.01979383968629471
1369,0.35332811338949216,0.43699290662149515,0.14536803914700389,0.15305140675184797
1370,-0.19644476470377734,-0.27812355123141785,0.07033001432673248,0.06175176728381112
1371,0.17699588590226348,-0.30778076607975674,0.0925178593229745,0.08889519569562686
1372,0.005633786877275194,-0.3797883097610904,0.05073186047854509,0.06058708034493328
1373,-0.010287782665035845,-0.022264687680836746,0.0894429266564042,0.07899970130910422
1374,-0.02578679547449506,-0.012239135802199132,0.09208799926735493,0.08231412372729387
1375,-0.18718702958332667,-0.5817443691504612,0.1251281004424214,0.12509544248671683
1376,0.06323783834921848,-0.06493401322912185,0.1214666881134224,0.10406664277285155
1377,-0.004959966179750812,0.0015469766308183813,0.05931849443627844,0.03198327202266775
1378,-0.02355104565936667,-0.03965315171103082,0.05538037771703638,0.04670887186724203
1379,0.5763533397826324,-0.36216228423879293,0.04614199393263885,0.03866602541991604
1380,0.534701921160337,-0.04624488384519354,0.1241756901584675,0.08191732214294677
1381,-0.5951466767428658,0.5240805647068477,0.053834834883004674,0.04987564607117676
1382,0.15111999981129068,-0.2139566907955957,0.16203277293320004,0.14471768375091995
1383,-0.10260081178072421,-0.07225299010035105,0.031012524819247083,0.022786353566158664
1384,0.014912530437373225,0.004002060708613079,0.0812438818709775,0.0909962954891696
1385,0.024436930469918346,-0.030210711027050217,0.018746936331191875,0.013100791258514592
1386,-0.12579587710587523,-0.00877037429840364,0.04184152819396007,0.030527060453836106
1387,-0.18021413616827212,0.053666088322252996,0.030427391772467165,0.019740628588265748
1388,0.0007879141407535995,-0.06452725824014421,0.02949345485666731,0.02580058982796438
1389,0.05918644129794281,0.12255773054474511,0.20369719912715542,0.21989568750980035
1390,0.07455232731954425,-0.03638320328230417,0.11704202864557492,0.09088829748676912
1391,0.11784513473344307,0.5796497583367609,0.05843831348166149,0.06550355490017813
1392,0.34453309786323644,0.2816516531944233,0.05546363682817968,0.047291171940926184
1393,0.22275339481179665,-0.0632399620453992,0.03905569860981656,0.026528266673657996
1394,0.046536912052753975,-0.15344397714798022,0.0794498334716624,0.07344730992300258
1395,0.3441915288271456,-0.5075991997203325,0.029344117954678357,0.027538279283936228
1396,0.08974258982073127,-0.42239301108343336,0.22812082163283773,0.2546569308166795
1397,0.1374307199303101,0.31300974199399617,0.041777271858144886,0.04318274156805989
1398,0.0075365207153368875,-0.040245733679699545,0.0758631372324275,0.0724143709267039
1399,-0.3877838434649073,-0.6513593829657129,0.05783901953381001,0.05843238119173754
1400,-0.6589925882603849,-0.09594443810314199,0.05155194493150898,0.035713254855572286
1401,-0.539443807560931,0.5498725136067889,0.10995687867411676,0.10857200476704566
1402,0.08971519788559927,0.8808857728314726,0.1259829953635256,0.15387359047937607
1403,-0.42623608297785903,0.10662321761491629,0.04528820001904506,0.028624554423522817
1404,-0.2835671683069434,-0.70637792099022,0.06613454564432367,0.0625708432809907
1405,-0.0028875326063672645,0.01126540720285573,0.04684029848244083,0.03226082894645019
1406,0.07657689327401963,0.04397475414894405,0.13282724422937642,0.0990064073780694
1407,0.021676446606656793,0.19341863111264382,0.06202965606443996,0.06437854594470749
1408,-0.3239520404002229,-0.02002065028394412,0.17163871952180063,0.1455003053746846
1409,0.05731924015642991,-0.13781732979900493,0.09896727100646661,0.09412874406495994
1410,-0.40415698501336456,-0.24603380915313242,0.15552740242177812,0.14291121995703138
1411,0.23599589178500016,-0.4419119573449683,0.06684812918343595,0.07251841833365344
1412,0.05642101740849501,-0.15157815151411108,0.12154672245911553,0.13931495024078522
1413,-0.09365133751028938,-0.08932486127608459,0.14014497023861394,0.1269950880533393
1414,0.008879548650655735,0.00623636743105451,0.09576119286792178,0.08982347798050105
1415,-0.01289601847577335,0.01854911688266571,0.06884766920407559,0.053935420977730374
1416,-0.4014868458563569,0.09494253887351449,0.06620250605720787,0.04003365628643309
1417,-0.10454320982828645,-0.06861115875537337,0.0897984723686829,0.07969920134154912
1418,0.30519133351988137,-0.13525899606044184,0.079746116841796,0.061619996150835875
1419,-0.010110154927600316,0.012647077150186328,0.03773683708358723,0.031202495980275673
1420,0.03236372835396472,-0.11527692230186981,0.07655119676311528,0.06869043578203914
1421,0.2851154845663398,0.40295796875405615,0.025969307224260618,0.02510618161827728
1422,-0.021703828135802034,-0.0077047507933193865,0.07196116605080781,0.0615258612794064
1423,0.10793078851101942,0.3565576971921843,0.07671858616495389,0.08876462786597078
1424,0.4213431030259133,0.1769073635589138,0.1098710788376871,0.08257799129070027
1425,-0.0818728775825208,-0.013813638569588838,0.08978175269027645,0.07866363006904568
1426,-0.01817072019441879,0.038509665106662004,0.10694899392881897,0.09347448096815833
1427,0.017399485692571822,-0.07455378385803023,0.05716469059736573,0.04314899511828463
1428,-0.003571951830972882,0.06906462124164177,0.074924619281743,0.06990845464230493
1429,-0.01841172782654101,-0.2269298655147379,0.12899607837090363,0.17239609783639362
1430,-0.0850452490736944,0.006997668609721021,0.0826512303892317,0.06271143511082897
1431,0.001035047684685357,0.12580874917333063,0.04249461660958517,0.04093224673631313
1432,-0.12477653049618212,-0.06064171465022938,0.1116043882108877,0.08844749875686157
1433,0.03320629572748431,-0.09475700523893234,0.05238852653281767,0.04759338087218162
1434,0.028185380932263717,-0.008092371138241704,0.03490811959856794,0.02508520471443734
1435,-0.19669460523520416,0.019181425531988,0.09208558306980032,0.059060824927058275
1436,0.23465146964117897,0.5164255455041601,0.1771730941534831,0.19116769719852655
1437,-0.017247319637009224,-0.0008762585883993904,0.07467127057197889,0.06764250144948028
1438,-0.12264569693838837,-0.004825039036414511,0.1596257730018628,0.12892612360722308
1439,0.03202960318842655,-0.004209160871180556,0.07364267761435282,0.0748849608622624
1440,0.1483140407742863,0.06472110952865683,0.10790194304857094,0.08947983779084165
1441,0.0153563449902159,0.02231181145978129,0.023208691364202932,0.017011457877663044
1442,-0.168980087652972,0.36612417392149943,0.06318543275784899,0.06766974424242052
1443,0.5149289723488681,0.134632343863708,0.034802064503994534,0.026720445383575504
1444,-0.03825436871885555,0.005643127497814752,0.023534564946912792,0.01795146234182971
1445,0.2879190156207167,-0.01051464772299731,0.046332168285074665,0.02590813211039262
1446,0.0076646431420532525,0.02767506085430523,0.20444853288630044,0.2132872329985993
1447,0.01698425458768357,0.9615654126529624,0.0388540597606825,0.042145299125363925
1448,0.3667753950063474,0.12236719605617381,0.07911643033544753,0.05566339369055598
1449,0.020689554000150902,0.0016667107218955096,0.038971498357345924,0.031640204003502405
1450,-0.4054926409452334,-0.6312679760649635,0.0432126539353345,0.038665089924225855
1451,-0.16711426679454236,0.16890367658627697,0.06439942386078204,0.057125734183456574
1452,-0.0019096542708336205,0.1630589702704955,0.080306799501831,0.08693588380404992
1453,0.1858291683221522,-0.21586847588560534,0.11578920837562677,0.12585163235311156
1454,-0.2707511115000036,0.20335022747072198,0.06077791523141788,0.044287719411532485
1455,0.008092434010700544,-0.007728200156064056,0.09130385626470318,0.07087178023890232
1456,-0.16275573356282666,-0.09350560014331026,0.1613030517427508,0.17119282275339098
1457,0.052526907512434634,0.110725508752784,0.10155055463420762,0.09778703553879114
1458,0.4472015621771142,-0.4656777950059719,0.14865766291799318,0.1436765414145273
1459,0.006000088877991939,-0.06175535904850848,0.01921227294041296,0.014651043784157656
1460,-0.022301414206857304,0.24855791608705222,0.05209916369650854,0.051070473223670386
1461,-0.038497856209812616,-0.06890557390854953,0.06054433739063693,0.04343892529461795
1462,0.012784448625580685,-0.08659883341833016,0.07605442277155197,0.07002564971466382
1463,0.007397105668156513,0.04588417134268687,0.07871000955490116,0.0679912957679513
1464,0.1061484814163065,-0.24791398857361954,0.10208927124215886,0.09729290307506168
1465,0.11923886857221867,0.049947538879901755,0.05908731910697561,0.051729030772765666
1466,0.435546821829463,0.11195447905601767,0.027066208944897446,0.015744626960591538
1467,-0.16641315198590936,-0.15073827937264359,0.20412935155096562,0.15992343843415807
1468,0.015122750170335365,-0.13272488413118097,0.14726600241186666,0.13837227320895568
1469,0.11762998267200739,0.029814424263771996,0.06038313929676128,0.04144608469488862
1470,-0.1595396856417026,-0.5844759089342084,0.03175375158213207,0.03405575387258188
1471,0.23162643363209154,-0.33814639850913836,0.13029090488223,0.13035544450468287
1472,-0.029916309152979857,0.01211116640270686,0.036657406922194234,0.028664783431649476
1473,0.06112289024065561,-0.056511017280835615,0.06802128471258405,0.05257805427309456
1474,0.24391313308881404,0.17822973769028838,0.07323736834259627,0.055929103909608056
1475,0.047074207127890975,-0.15128020223106622,0.07044762252017707,0.061609631287748615
1476,0.044444466967964016,0.06265551867811571,0.11057560381023182,0.10413095067668621
1477,-0.020862043326190464,0.08345620684083864,0.09734532218304819,0.11080504122394938
1478,-0.13250883641331804,-0.08089333053435246,0.13048056609831155,0.10558944022505314
1479,-0.44987700337408865,-0.013436806091678008,0.0601623344451058,0.035178670770227266
1480,0.016834133619521265,-0.0011527598668474867,0.0648199091375066,0.06348317523607587
1481,-0.8417884873372957,0.32784888603163276,0.0638038665481293,0.05086137799798227
1482,0.8481998553382954,-0.014526344112066318,0.036377193291095344,0.023285988000487482
1483,-0.3785075126117355,0.30147574881462236,0.12441859443170981,0.09386922441435788
1484,-0.13117433343299964,-0.027800689368310476,0.08078956748003178,0.07407952888550884
1485,0.2933118367541482,0.04419451690916765,0.0521348181405354,0.032057115737048
1486,-0.11531484376576803,0.007648998183949536,0.2021001519500394,0.1801306874076931
1487,-0.18508201107316688,0.08037894879604629,0.08990032696252742,0.07635875207433832
1488,-0.11009164557530768,-0.016871900813074728,0.24705790550594411,0.18851999684092807
1489,-0.28666231963581323,0.22725635584117365,0.054200671483203545,0.04693512609739308
1490,0.1694696201930887,-0.16397635008351233,0.06647288731174011,0.057981799067797615
1491,-0.6816934995881871,0.3685604345611562,0.04594450569762298,0.034951268318529155
1492,0.026455700096713313,0.06295863866685364,0.05417208535569556,0.04382494315357265
1493,-0.3194581833116837,0.2331446759113663,0.14795605207515902,0.1480976860487423
1494,0.06991408619026719,-0.006228526031104514,0.024441085445555823,0.017065823019402696
1495,-0.12954868720769105,-0.03791935013661386,0.10485941342055739,0.06924494205500158
1496,0.027708593356669194,-0.006915353520287292,0.04782637570953891,0.03846074916917233
1497,0.049679676198385515,-0.2137223600030955,0.062432541357854414,0.07084982443898662
1498,-0.2307911350346363,0.06016078474242123,0.06806709084062644,0.050304895819859086
1499,0.7881182063000219,-0.2404686302123051,0.038521161134832886,0.02766323844583313
1500,-0.03656279901263423,-0.06596618420536852,0.07374375184798701,0.07071065000973252
1501,-0.017962417805488785,-0.02082608828845991,0.09744093474405477,0.07920439965980856
1502,0.1880301547803646,0.14645433082128076,0.08570522420192382,0.07559405847814678
1503,-0.07566338635625273,-0.1419816292692798,0.0812249774462212,0.07137465642077434
1504,-0.012588960845569364,-0.01763969761690768,0.07632468850246993,0.07320339904112243
1505,-0.02303433331957314,-0.06384083598212825,0.05137679880997655,0.03575068010595521
1506,0.04485289982930448,-0.2875744856866115,0.0716888864128763,0.08829053394583987
1507,0.057794280942201896,-0.020822943890636693,0.08182932203088403,0.08144547016635323
1508,0.5580493168540325,0.10867535778154705,0.054028351699599575,0.03468957413469574
1509,0.05139820169063778,-0.05026985344191591,0.07668814091890223,0.0585280064787034
1510,0.038537012028370635,-0.33057650541588673,0.11545345085451601,0.1284902506312636
1511,0.0125965724032782,0.1430789273271894,0.09876271334332383,0.08605420070774042
1512,0.12128418689900225,0.21834060182242726,0.049946629989044825,0.045561826627657974
1513,-0.3406483518838015,0.6273601311802163,0.03770855584756384,0.037716555295980024
1514,0.009606712530949923,0.019224921164267474,0.09994478687644827,0.08115830358458379
1515,0.13144575226242391,0.03179904569569077,0.11593607989439145,0.06856557170825704
1516,0.033318764620413936,0.058670003439480985,0.12574370120975498,0.09759096959540153
1517,-0.6102137969147247,0.4047370837635745,0.039515790611812214,0.028296359761223223
1518,-0.06794001854067197,0.10314871290516239,0.1485913983543944,0.12266935618768574
1519,-0.1478163566965585,-0.48497736999776186,0.04383696295285737,0.04648680742294159
1520,-0.06492524926837397,0.030273481274052848,0.14190768662112316,0.13371168430960434
1521,0.4032373487138478,0.30819531960057794,0.12212477793137953,0.11748963471891098
1522,-0.05266718049893029,-0.041429910017718605,0.07898193963327743,0.07708927431990334
1523,-0.18386409935590822,-0.8211687135098209,0.061527654604252545,0.07287352649314045
1524,0.020506556319041993,-0.13008863781223548,0.04006432667967854,0.035800294871715516
1525,-0.027150975395800556,0.0039044156446907943,0.06045887136657152,0.0463646351258151
1526,-0.006552888438866204,0.038219622230127495,0.07621596062719839,0.06735058312414678
1527,-0.10676756971794504,0.3516016388615915,0.10830252322955038,0.11540015176350867
1528,0.2807482573616254,-0.2601731743620898,0.07565478279347103,0.06694380428718077
1529,0.5375434437569095,0.14841363961586965,0.1310222474402828,0.11829373827588305
1530,0.00171591444092017,0.00024840367762682305,0.0316268698904733,0.024747786206782307
1531,0.051455467572370094,-0.025742582219997985,0.06173338203910827,0.05660946025337095
1532,-0.0983717670211296,-0.11702904783107387,0.053252299352999216,0.06133470406056583
1533,-0.33130601137934024,0.06805582693973058,0.27584166353304,0.2391536086507806
1534,-0.04834863209298062,-0.06470228387738393,0.12334546509419404,0.11686894295436501
1535,-0.29449920165312743,0.3925271659891195,0.0973016772354645,0.09856470824588934
1536,-0.4067266736370641,-0.08165409942478807,0.15705848766651614,0.10426680304846546
1537,0.05407045090379182,0.05424425915767777,0.12018803276797516,0.0943223217707757
1538,0.005086156770402288,0.03600068233147881,0.11075615305368167,0.11340896667873658
1539,-0.026804149918653934,-0.11253244626621893,0.13552699191946502,0.13898697886120523
1540,0.0980527290926142,-0.08686331390356047,0.12340040961355343,0.10442536781400542
1541,-0.13879031655379107,0.02745426088840065,0.14833271741054926,0.11095665343022015
1542,0.5371876012172879,-0.1003033629064688,0.11722276608205069,0.08955395017503295
1543,-0.03816345628039401,0.00352257676261268,0.12300523854787286,0.11756261920341385
1544,0.08446714522985714,0.6024763307399542,0.03868534557164252,0.03942346450076631
1545,-0.24897881579689365,0.2977114676480361,0.22218075803097026,0.19909311123598397
1546,0.13483676847130105,0.28078312405472905,0.13542896045323122,0.15656189692450737
1547,-0.004566009682235449,0.010189132045365555,0.07853764278667867,0.07498932448415647
1548,-0.002757606886232074,-0.023072040296421528,0.059133712358367174,0.05514886738559955
1549,0.05731924015642991,-0.13781732979900493,0.09896727100646661,0.09412874406495994
1550,0.15933611179630375,0.048875763383243086,0.10422728550409531,0.08291727529642337
1551,-0.12921699487363475,0.08272749614295538,0.08948796642348655,0.06757201148737763
1552,-0.32885753245788446,-0.10205805515170108,0.10533529934569505,0.07039929694297047
1553,-0.7256920042063485,0.18446659300836918,0.0869834009825803,0.057773694735221065
1554,-0.0007225874827033229,-0.09785667421032847,0.11744313916379044,0.10819367710186012
1555,-0.20767203580164936,0.24704912450074926,0.19659890190689067,0.19783600448158425
1556,0.8091978621933168,-0.09119705319255116,0.06912130595793643,0.0549980744449077
1557,0.2807482573616254,-0.2601731743620898,0.07565478279347103,0.06694380428718077
1558,-0.014365100219274386,0.07266734116135026,0.05866874686781177,0.05898539918095904
1559,-0.17905197744174212,0.05121103824794152,0.0658712456461849,0.045249507006346994
1560,-0.0003740066992433304,-0.12605347315226317,0.04871517659544496,0.04300721229399709
1561,-0.10435564998513404,0.34702155697297193,0.03911428836069633,0.037561897808723994
1562,-0.4221547919704716,-0.5803095108446253,0.031825803158384215,0.028623525153140077
1563,-0.11001515392209893,-0.03444861214357647,0.10658536183191544,0.07748660047985541
1564,0.055101529827689476,-0.3864730592361602,0.027514908357016116,0.02980365186064839
1565,-0.1857210155292421,-0.02077594762171116,0.13575789043409783,0.09267382727229918
1566,-0.005004377273793261,-0.08157255077533422,0.09335202060902148,0.09800161797358946
1567,-0.44228683809162767,-0.32158113313897924,0.06078097584067301,0.054695925218902736
1568,-0.25832347214416707,0.11891515929948429,0.12607991690467235,0.09531890921232564
1569,-0.19953880228259585,-0.6197586245264349,0.05655697711894618,0.060691943085477255
1570,-0.035233873376627346,0.08417257225426449,0.08431211547204348,0.07796912308498845
1571,-0.01140442533959653,0.43738327345566547,0.08596533335024449,0.10971156352767812
1572,-0.41989626091873117,-0.24213060197912814,0.07360973818535804,0.060572899910810406
1573,-0.0161146305530924,0.047146187225780796,0.09750120918912224,0.0771608641370842
1574,-0.03513598546977821,-0.10831627154283409,0.15261765056441878,0.1482063395497835
1575,-0.020516450293729328,0.04321696709676758,0.10727317862440594,0.10533003465657037
1576,0.24560889891124496,0.3538886474173545,0.09627077035542614,0.0978605658509868
1577,-0.015807415919047944,0.12596971556902503,0.038858176148465956,0.03342258506247977
1578,-0.04754263926805708,-0.21088218195386355,0.04255683328190195,0.03153425064148055
1579,0.14715494132873105,0.13498116031668328,0.024074175706781848,0.02081076519563078
1580,-0.01875582968736553,-0.17310174321087166,0.04799029781371996,0.038862803348744986
1581,-0.007447478036156173,0.006244590773234449,0.030528922342762266,0.026367278500554057
1582,-0.00474283415293585,0.03824161733840975,0.15084696237963707,0.15392190869270797
1583,-0.0061205426373911785,0.08894970749665213,0.07097132438608768,0.07167399219182005
1584,-0.05733108975111929,-0.031188605155661846,0.08194866549626272,0.07038112796799686
1585,0.05278130155454381,0.000538995244375679,0.02505780031496772,0.017641570431193573
1586,-0.01500033814556433,0.019873907665935955,0.03882029216181683,0.039461125924445596
1587,0.147085959871552,0.21418329953274454,0.11617255931483705,0.13065864726341975
1588,-0.2842015553929775,0.4675404440536516,0.07102343020131194,0.0753890715029937
1589,-0.008431464238085832,0.019209839390351834,0.03970894199997733,0.03586256661997551
1590,-0.42910951171595496,0.2140062307946145,0.14131231278478076,0.12013014668499987
1591,-0.03647822686511746,-0.1088991611505819,0.0676408662526328,0.0682602870354145
1592,-0.12851157841622687,-0.13242498517136586,0.0660855992474533,0.06870768403974939
1593,0.043921710318118735,0.007427985530709328,0.10723988439751964,0.10220238437943907
1594,-0.2334889756169123,0.4516991551879537,0.10171331054407048,0.09568569971144956
1595,-0.008755325963776598,0.011017721851910953,0.03220432680501064,0.02739859180055608
1596,0.07097501962712108,0.4676919459845114,0.03213335337914253,0.03380612676092062
1597,0.022352229477625853,0.01364651227012055,0.12116938464748979,0.10336505086713275
1598,0.3408112270474312,-0.12233901898715466,0.07604129851479298,0.046424039224230024
1599,0.12434923157000743,0.6651756926650784,0.05826874922109382,0.06276237737505741
1600,-0.08072100828623646,-0.10478209160866678,0.1120493490035431,0.11791292129228322
1601,-0.330947933432062,-0.1641583643536359,0.16245398144506193,0.12233690996954938
1602,0.08028103738317945,-0.30072435079346826,0.11810663058963533,0.1522725194374996
1603,-0.029603718144382594,0.0054859900670563766,0.03138210605295739,0.02034454526415631
1604,-0.21431910096597365,0.39044835169355246,0.05623295984504397,0.05308646035865048
1605,0.07851835499712795,-0.1298841311717183,0.1452984289271531,0.1365190952715347
1606,0.03736472654527494,-0.05387093612209392,0.11955283996998493,0.11399933129725488
1607,-0.028416389328358275,-0.0005828132070787246,0.04796696576325978,0.03849140041582716
1608,-0.11533668183350923,-0.09670989979102461,0.12686656066074534,0.11407671831082677
1609,0.0817726183416004,0.10244482167383755,0.04362535152239517,0.031488672120141156
1610,0.006000088877991939,-0.06175535904850848,0.01921227294041296,0.014651043784157656
1611,-0.10266054476790298,0.07250746169962262,0.03752106158743899,0.023321605761951938
1612,-0.12449011942818157,-0.03806998500965545,0.0243332273771142,0.017224755915116966
1613,-0.11431389212142519,0.1707460410539635,0.08894783712289117,0.07933440954645327
1614,-0.05362749438609656,0.1556266209032482,0.12287818114806977,0.12115186360255949
1615,-0.02798529378671633,-0.050251429198502416,0.08756630668996421,0.08511309311063431
1616,-0.0040403639469338325,-0.0035137997883628183,0.06093911984792657,0.04765923120581458
1617,0.06292233478836182,-0.07071390013835642,0.03282300834779441,0.023337005514688033
1618,0.04656225589137445,0.35449364591155114,0.07375309449180002,0.07390500582883021
1619,-0.21946485068958863,-0.6668630905471945,0.04530531675606536,0.0452373640439265
1620,0.10663310981718244,-0.4959431280272502,0.10853969029822359,0.12929898152525152
1621,-0.018170106100839665,0.0520924553446445,0.08574963950205483,0.078871354687023
1622,-0.06366160901096289,0.17906737110649198,0.08579013942555838,0.09400875628810236
1623,-0.0019908518648136574,-0.05957074149157878,0.08418304420838997,0.07061313894237714
1624,-0.39908333639703963,0.15832453115609768,0.15286325655374308,0.11621650129335204
1625,-0.6891494010358646,0.040067187217589326,0.09748973341203417,0.06616899034065045
1626,-0.03373375422133435,0.010883291909306127,0.03627935149152502,0.027223438359404304
1627,-0.12851157841622687,-0.13242498517136586,0.0660855992474533,0.06870768403974939
1628,-0.03170738008548051,0.08449712762100484,0.08333414411296483,0.09361433606453079
1629,-0.20721086189731977,0.10451494712071839,0.029193996845175672,0.017774776237747366
1630,-0.10849436741804758,-0.017446794812902698,0.08425855789632423,0.07190896279657226
1631,-0.005887965938929822,-0.016472757081813345,0.019550240060493926,0.014978656557375633
1632,0.12624027101567312,-0.3237015467853529,0.0288114483872858,0.028672161427435387
1633,0.12882701695236184,-0.23421052870719197,0.08428638207934733,0.09272808523937916
1634,-0.10401439602911738,-0.02116212364465673,0.04907141449958182,0.029062483093537646
1635,0.028284866270614144,-0.00827682714439884,0.12216620427919728,0.11288110592596672
1636,0.13511869169767762,-0.18388845134467938,0.11020619616009054,0.10370763994785011
1637,-0.026260243381982133,-0.027374872989785404,0.12820112330144837,0.10069330016483344
1638,-0.12091041203497009,0.2796073372180418,0.13404906836584207,0.13248969020700052
1639,-0.010373150359315273,0.15284844896158897,0.1120717805926696,0.11631201509737014
1640,-0.6326431725289764,0.38958410217101597,0.05830475282109055,0.04746545121472467
1641,-0.0028064298181569346,0.011412144232939583,0.05486083567745868,0.05024030516635741
1642,-0.030904986323555744,0.08838651740639297,0.13079746669851874,0.1253673171668254
1643,0.623247209864325,0.13574175672989516,0.03155969225566964,0.025233469732894153
1644,0.04781418496088776,-0.03525063836150636,0.07994364972018952,0.06641208014729574
1645,-0.009975521053015444,-0.0404758877031439,0.10771940993150654,0.10720055018050795
1646,0.016247836300497195,0.22977020011808832,0.06594304872487516,0.057354253929793535
1647,0.01687807578539657,-0.019940554672480813,0.11956854354581332,0.1093367484442785
1648,0.5367556214340754,0.5115669720379051,0.09467683258563526,0.09146625524346898
1649,0.30861147901211283,-0.20226312437617303,0.05577301331401257,0.04557589721949299
1650,0.0033969374426822503,0.09990114590430844,0.0840308474365346,0.09173124695779346
1651,-0.06674355795112512,-0.02971595926480796,0.12475728516365318,0.10105599164939964
1652,0.4280883771576584,0.0757302805113609,0.07610866922379532,0.0543899477861726
1653,0.12416041708232625,-0.08391144317764762,0.07057827940716273,0.05048305784313966
1654,-0.056081174313982025,-0.11152715454058205,0.0395492915502042,0.032542902307060854
1655,-0.5769768456969072,0.1903882276993542,0.054355044298019954,0.03588033940943949
1656,0.1395675808120708,-0.010014022201723309,0.04160443854044606,0.022712238521579352
1657,0.14904141077082814,-0.4309014598966407,0.0335991294434832,0.03624191968794235
1658,0.17309548328212235,0.3147509122801713,0.06067050962995833,0.06200694322533776
1659,-0.08451642550221065,-0.006969195450671193,0.0688913497557881,0.04930650135783413
1660,-0.036928618665270675,0.0016961988563663549,0.03337683496223417,0.021913727590591733
1661,-0.30887726632296597,-0.13554136124119562,0.06279257846216175,0.04250330920063191
1662,-0.16518270931666304,-0.39169520233093086,0.146974539357656,0.14938588024658886
1663,-0.4164252293409428,0.28127396129869103,0.16371631834172004,0.13198022581421465
1664,0.00500788745389313,-0.09993046059714349,0.13288033543658548,0.15124574844548785
1665,-0.13884465072754293,-0.06390763280197659,0.049732823344122844,0.034142669475242804
1666,0.5227416822328818,-0.4298628453400308,0.03994264326208241,0.030089705998364417
1667,-0.14864018708549104,-0.15010840234712688,0.1351074540768964,0.14173426935868969
1668,-0.026897514545386584,-0.04733312470299399,0.04298486147317252,0.03834097565860884
1669,-0.09464554797946043,0.12930505260457312,0.12528559295614541,0.11865627540684323
1670,-0.27976157507900307,0.2261601876950354,0.09733776017293153,0.08633299378474159
1671,-0.1953205762211475,-0.010268081926962432,0.2115518023548385,0.18784621643498162
1672,-0.028910598380560985,0.04553826385618317,0.10519695838204367,0.0758572473948813
1673,-0.026815346288380868,0.00761864586828078,0.06530817533133548,0.05033469505329839
1674,0.08696110599267488,0.15584701683805624,0.024923716925876804,0.01933641255502229
1675,0.6407438829920585,-0.1937813600885899,0.0881292857655669,0.059689017589434325
1676,-0.0040403639469338325,-0.0035137997883628183,0.06093911984792657,0.04765923120581458
1677,-0.026897514545386584,-0.04733312470299399,0.04298486147317252,0.03834097565860884
1678,-0.027970693260730112,-0.0155725413169596,0.08007584522223177,0.08461360351552175
1679,-0.28036462966847026,0.12628122604845385,0.1390675206208538,0.10867123052527772
1680,-0.05171709374775716,0.0023478830521566204,0.06447196489889984,0.04055560809930311
1681,0.03506725608648983,-0.05130552335403176,0.04855817230583284,0.04238191276855063
1682,0.18717446961837172,0.21492945755383022,0.14840003060897172,0.1407665625708355
1683,0.24466881163182688,0.26594611084926784,0.0557984719887469,0.04256904660661341
1684,0.13917568471780417,0.07931487584816875,0.1896583993331351,0.14175393036354206
1685,-0.08962215131034237,0.38271514520201944,0.09486417687649747,0.1042737875082996
1686,0.2368409774426051,0.21798781600469827,0.1713464099324039,0.1544191431323532
1687,0.008755459124342554,-0.03289754715523409,0.031215234022023714,0.022315334112058913
1688,0.163131977759533,-0.6134962647064343,0.02717573250557773,0.030626342594618473
1689,-0.05357811858254976,0.04455104630057877,0.06372626071287237,0.060697680353574465
1690,-0.14581083216031107,-0.03955721398800666,0.05881928443154928,0.03839533404643073
1691,0.13176257770369382,-0.4170321533374367,0.0361800631392074,0.03775182066221148
1692,0.0428423684317208,-0.71403737767313,0.053984461342891914,0.06575293485583185
1693,0.06022271455152121,-0.01667509878437331,0.08136769766258092,0.06335506504906627
1694,0.012294183317055365,-0.10844469767654247,0.2105371543417856,0.21523311657914318
1695,-0.05239712830608268,-0.13323153321695017,0.050041322221300644,0.041674310147021054
1696,-0.05588516651950908,0.005645011273609667,0.06937154175528401,0.05267149634981123
1697,0.2847904626864209,-0.08821124325226862,0.04280307556028102,0.022819918984787534
1698,0.031109258259974387,-0.02048082315805093,0.09817817075576007,0.0727944009718769
1699,-0.1171848325714141,0.06052396390920351,0.14136841618533932,0.1293271797213442
1700,0.03909624116690768,0.10595202495650394,0.07574839059467069,0.0688815332396908
1701,-0.23675964377985467,-0.123570093637131,0.07495276311790042,0.06492473908663368
1702,-0.044641345803182304,-0.07740228625510301,0.03512925139828173,0.024675543783944532
1703,-0.0019011992723938541,0.03001197445789807,0.029473680236603468,0.022128847155128785
1704,-0.1302382037346378,0.09255567632625675,0.06031363232138063,0.04659998162108634
1705,0.09365574889321984,0.0014982532897734385,0.0939892463672284,0.059426160119811916
1706,-0.09918231770734998,-0.017370338933736247,0.06669476081781799,0.060123833962802506
1707,0.042924567377294436,0.01623116312345408,0.03324801933481891,0.026671300447794425
1708,0.011506227718551431,-0.035822423498763516,0.07527394902125527,0.07267299683160959
1709,-0.24392132707061853,-0.8861565884864155,0.05353733646872372,0.06208457450166268
1710,-0.15109086502194366,-0.08985836589747427,0.1018212184176547,0.07373963374479721
1711,-0.2998775449905294,-0.7650936245834238,0.08790050070887752,0.09735582207062486
1712,0.42101954736039976,-0.09871060124196611,0.05504550298018139,0.03554660591810687
1713,-0.06518465722808799,-0.11853570893246547,0.1314513935817573,0.12644704032131657
1714,0.13257389618465767,-0.29796038375158046,0.10897850198925882,0.1215978682217979
1715,-0.18607908099130585,-0.05732275350338715,0.11282625037385345,0.08135399880448783
1716,0.06362295259136506,0.05362791188001254,0.06910045350117175,0.06561356414717001
1717,0.06599343451155328,-0.08206186567252088,0.020938343074937388,0.01613161037496225
1718,-0.07792977139812987,0.028499453274704704,0.03647084864211956,0.03254325140889072
1719,0.0032286227148745445,-0.05420043948072611,0.0734745502069728,0.0751540971083623
1720,-0.19381121538323934,-0.015804383057920604,0.1899237286245379,0.17009890997823537
1721,0.03302658060167831,-0.03381142003903256,0.0840296925298497,0.07619822425083239
1722,0.15793232917336758,0.1022475144125936,0.029853365964400323,0.01935430249968228
1723,-0.15006723919884052,0.05667695350989892,0.06302368977489921,0.04410814609126785
1724,0.004234949704316672,-0.035829103633610575,0.053566243466799196,0.0496846533523369
1725,-0.16450767400968577,-0.3409154989384769,0.1476782093744993,0.14393392521983764
1726,0.18343344796579522,-0.21884805657764747,0.09342995960372849,0.0777671575916821
1727,0.047074207127890975,-0.15128020223106622,0.07044762252017707,0.061609631287748615
1728,0.06486152032721458,-0.2502546546575556,0.04578036810531717,0.04589035792316671
1729,-0.6326431725289764,0.38958410217101597,0.05830475282109055,0.04746545121472467
1730,0.026737074252826187,0.05128509100374246,0.11678911041414194,0.09727203755892473
1731,0.204994388351678,0.03586813609123141,0.08244320172640941,0.06339402023442976
1732,-0.012982527625991506,0.03449255559292642,0.08226696163356562,0.06934924022054838
1733,0.39090273260269276,-0.6607597753782928,0.035662777163108325,0.03892010056753978
1734,0.02731467385582449,0.1825380197050838,0.10704171804917584,0.11835431646522655
1735,-0.09826039930288685,-0.017937741202558914,0.08313943688757434,0.06643473343602983
1736,-0.37847291697664937,0.03468586157179574,0.12877296731044643,0.0781119587876437
1737,-0.2503865841143331,0.06850541340640857,0.11216391352030684,0.07322732896152251
1738,0.265388253727497,-0.10406056615502034,0.18910946538970583,0.1838397488752587
1739,-0.12954868720769105,-0.03791935013661386,0.10485941342055739,0.06924494205500158
1740,0.10289638371698417,0.14365274763270655,0.08574701798920048,0.07834626612960464
1741,0.19685713467366212,-0.6229664346110089,0.02985707192398603,0.03122672745642836
1742,-0.1656071269700053,-0.26518162081420693,0.1439312500679297,0.12795103656091422
1743,-0.06097921120713704,-0.08268480728046745,0.08721538470169976,0.07481390909483633
1744,0.05468488295174558,0.044138152410664926,0.10249747688525528,0.08987181248013898
1745,-0.005004377273793261,-0.08157255077533422,0.09335202060902148,0.09800161797358946
1746,0.44525769054720105,0.03516777567122235,0.17620722648240617,0.126390581144859
1747,0.023497548466099912,-0.037616231116180586,0.12025112469294101,0.10599246900032709
1748,-0.013851343160249985,-0.02285128694720591,0.20095464125300935,0.16583066273763825
1749,0.05090876780608709,-0.08015599439489372,0.19602173510191437,0.1600375429055417
1750,-0.028501777891573144,0.021718931338689847,0.1157689697233658,0.10205811638283857
1751,0.06749032670262775,0.02383426441666886,0.08363203198415274,0.06222089447777112
1752,-0.0800260895260328,-0.021335008592186646,0.1200923911469017,0.10855321302236651
1753,0.06763703181622524,-0.11956011136816422,0.02410517613176307,0.01807541864645075
1754,0.10572874154309744,-0.008328590616243567,0.12121220744044267,0.09316934308789217
1755,0.6346151989989754,0.5448916805734808,0.04592378093879218,0.04516864896315102
1756,-0.11233843895212278,-0.6701578394805974,0.04554389570269317,0.05232503050115659
1757,0.05045795318853249,-0.11497300289085034,0.058447278613969283,0.06183709427144239
1758,-0.05912490649573477,0.058391318802343134,0.08648454118448307,0.08649091897487567
1759,0.08971053819988037,-0.08735024020113505,0.02646385774961387,0.019623344261049516
1760,-0.01306396266392951,0.04781485535914603,0.06917963015334797,0.05145875483174918
1761,-0.1146752184338655,0.0029257007325201928,0.06734286711401885,0.05137580070274325
1762,0.10320823982963814,0.5867669229423969,0.058224463795393096,0.06704368860555711
1763,0.15407966103282777,0.11896548945556565,0.10124372762790894,0.0874218553236935
1764,0.10570595669467739,-0.12013763498541843,0.10767535095752426,0.09084939719449374
1765,0.004407422898914627,-0.12217975833023434,0.044979425423037435,0.039795578871782665
1766,-0.253758551932065,0.05361246846257376,0.1611613494707538,0.12571386750651892
1767,-0.11857783287977136,-0.029340434590360787,0.061195340692919674,0.03859163493351519
1768,0.1099457578149522,0.03624513074877255,0.058221033944377235,0.0438752547460064
1769,-0.08430419299757094,-0.028858826386874564,0.1394686965593686,0.11355971315717336
1770,0.3068752145570536,-0.005762984018542993,0.10701930938132989,0.07953795013305989
1771,0.021576377062176254,0.14241542414139557,0.0724540106567426,0.07137670709145481
1772,0.7857562398281035,-0.117082451591855,0.06983513291523706,0.04773536036545216
1773,-0.05387508283337694,-0.2889270746409331,0.20945798385657785,0.20169959068943896
1774,-0.5524994019375319,-0.45199626495739853,0.03736207699431199,0.02986104519212104
1775,-0.2740786137821293,0.0964156275425957,0.18341310242356584,0.14808069708254837
1776,0.6165723754752065,-0.29536705585509343,0.26307334743218086,0.21136014400644987
1777,-0.7314882685269756,0.21896765403173393,0.10036226031899623,0.07448159075572701
1778,-0.0169497254563685,0.018675034947525822,0.08163342959806373,0.06486960192719507
1779,-0.04234785798272695,-0.030075780350543584,0.06560434913450192,0.04530943760581668
1780,-0.06942905729567628,0.15210543673527932,0.06727094141118566,0.06471516495166894
1781,-0.06483087095740636,0.18125068895980442,0.05942645184298681,0.05632263931131231
1782,-0.17059250748982566,-0.1313901953198048,0.055091941238183985,0.047991107322148154
1783,-0.09120655768410245,-0.03488616250457882,0.19575708807122807,0.15483139445809974
1784,0.5937306385572763,0.5325704803821142,0.12072013854825701,0.10821118952230559
1785,0.02730049734242176,-0.11958181947170585,0.12352804239693352,0.13095783121250815
1786,0.1621413197307512,-0.04047280363313023,0.08470970449310875,0.056022372859259276
1787,-0.7112941860606627,0.02339328727415648,0.08759017867455554,0.07960233871598563
1788,-0.0638915038803783,0.25131728157841415,0.05291182403748313,0.05267779269842478
1789,0.026146246672837447,-0.0029005626022143233,0.039633495725418716,0.03112046708375344
1790,0.7128501758058848,-0.16820737011186573,0.10353409131056919,0.07571838687245958
1791,-0.047550599154349955,-0.028833663762062728,0.0416708126135676,0.027275586113000582
1792,-0.16737823557629386,0.33230056676013003,0.049375309587749945,0.05369410701952398
1793,0.1200515912950055,-0.3816813235736217,0.08794631887710545,0.08438201661823308
1794,0.042890059879354105,0.06495764509901479,0.12043778732676019,0.10679779224359241
1795,-0.27352037028209597,0.5676868180849001,0.0391610770523691,0.03715727375500212
1796,0.005689131419258526,-0.010750046785538765,0.03518620265012523,0.025255988016075457
1797,0.0495723045328089,0.058789082884163416,0.12616954677047154,0.11678758094901553
1798,-0.007753320800451537,-0.0024666428891123105,0.0570839025033263,0.045303178395115384
1799,0.2747411433481397,-0.3105551782104738,0.05039420963466365,0.04200458350737207
1800,0.03595614933867255,0.039384768799210775,0.028836831681122964,0.01905435935519468
1801,0.006750022491178449,0.0018113670989385036,0.06899572172389941,0.056630753225653495
1802,-0.16126013758419933,0.14928746044953076,0.15842250418378706,0.1251829363191248
1803,0.027676175316121026,-0.2338981001603356,0.11983762695959559,0.12054836734426061
1804,0.05768599741334781,0.020997366798120483,0.04236826952990463,0.02957848241261132
1805,0.004219563943148911,0.04941814263060145,0.04192807221646223,0.031769236391427695
1806,-0.10120013775781127,-0.0839228535879082,0.08987066282529085,0.08655447511585199
1807,-0.03468266004937887,-0.14502552881265532,0.03892645433784684,0.0318644078576112
1808,-0.10619706790725504,-0.07394775278731952,0.10740800244748841,0.08736550054841871
1809,-0.29449920165312743,0.3925271659891195,0.0973016772354645,0.09856470824588934
1810,0.4011503941540399,0.0077726815229781565,0.09919010196582881,0.06311177002051015
1811,0.017269272449355468,0.012029509321739698,0.0795666644002284,0.07778224414541508
1812,-0.18051044145669892,-0.0006875464836992732,0.14149686154025537,0.10556176387594426
1813,0.5240486727590228,0.5631726755328881,0.08839767377722767,0.08179427582434942
1814,0.06991408619026719,-0.006228526031104514,0.024441085445555823,0.017065823019402696
1815,-0.05436763709052018,-0.03773128941703631,0.02878433614360827,0.01869326551004578
1816,-0.1791892947578072,0.08853856996966653,0.17667218823089428,0.13160165809997357
1817,0.286844418571842,0.20536413159446248,0.05582446343140787,0.04614799629556238
1818,0.057823783116627815,0.18885641823049285,0.04467206512274967,0.035728779058036536
1819,-0.5980299622357773,-0.22067332093595257,0.09989931104568443,0.07553948445724151
1820,-0.2379108006200246,0.05256229423718783,0.022172387692681372,0.01778381089113096
1821,0.016519114729528533,0.014617173919784981,0.036282923887275643,0.029113822841784417
1822,-0.09006032085490934,0.008239792913778438,0.09635380516438907,0.08109910992217136
1823,-0.0209372459529362,0.12148610140354503,0.13272972485252257,0.11711600335171964
1824,-0.06383017398083128,-0.000895947724731617,0.08967630104129908,0.07465344481655874
1825,-0.0024969704672713243,0.014933304671977475,0.02628877603764907,0.021080816703050984
1826,-0.13361315759038542,-0.48477542580525634,0.04132143390284834,0.04064179221718807
1827,-0.09006032085490934,0.008239792913778438,0.09635380516438907,0.08109910992217136
1828,0.003020045137569367,-0.054940095081443104,0.026210449016956655,0.019142464589273885
1829,0.21873050888612539,-0.3190527944676634,0.044408097346569225,0.04289340328757937
1830,-0.014657016213592475,-0.503162368755237,0.0794411364409419,0.09449439508391237
1831,-0.018983349072913273,0.028513851299833817,0.06251030175747908,0.04960434509954571
1832,0.024798372776979393,-0.12933224631042928,0.056407401344706544,0.04997555147107378
1833,-0.1893989261324765,-0.5045087322823861,0.12325347414700798,0.14252306671903756
1834,0.05827765472067505,0.04056132941417381,0.08149451618675395,0.07386959287746675
1835,0.01421332501674295,-0.06439372656752677,0.09615626784890909,0.08695952577223987
1836,0.028267330473792398,0.06183048491878518,0.058603672402261976,0.055002244454107264
1837,-0.36525765605788546,0.4872717270168028,0.0333090852107325,0.030343705493693533
1838,0.42101954736039976,-0.09871060124196611,0.05504550298018139,0.03554660591810687
1839,-0.04156448024778852,0.5533560781181883,0.2116098167657203,0.2282209547071861
1840,-0.31860077508777546,0.14252983607235953,0.036069270578067573,0.02452419531039982
1841,-0.10220840165717403,-0.008614092966561328,0.13265551607208087,0.09318893218567348
1842,-0.015858116308011042,-0.005018438839648296,0.06502763802816147,0.06394566425496087
1843,-0.06812045072921882,-0.008987937558084958,0.1505326903555316,0.1333362150773563
1844,0.020495612329833972,0.020369948418341638,0.06214836459726929,0.048785167565218696
1845,0.04976208615873557,0.009719011404742954,0.030543004524922847,0.01929077681332044
1846,0.0778984277945172,-0.11934836128080822,0.09684852037143138,0.09072987770978076
1847,-0.12966907221493193,0.07650428419163974,0.05808451436226916,0.0453628719996405
1848,-0.0017781712041336677,-0.1728048444458657,0.08093158480829478,0.0918131240407829
1849,0.11622026522443073,-0.2086572534205244,0.052214620742914226,0.05313631663507326
1850,-0.05920322275564625,-0.0620539048350655,0.06294255544586703,0.039703104251836006
1851,0.03892943394415655,0.3307727533004919,0.03919848350610918,0.038231394078779755
1852,-0.3026188823664078,0.1721863581704692,0.18015030825741177,0.14703619137749854
1853,-0.030859188896456533,0.27288479549557626,0.09247882207147703,0.1082085436086384
1854,0.7768660445459741,0.07078995936522792,0.06341891522271056,0.04288618502623298
1855,-0.08292508294527921,0.39939846533961637,0.051459542135467114,0.06068026976273968
1856,0.5375434437569095,0.14841363961586965,0.1310222474402828,0.11829373827588305
1857,0.033838944042565246,-0.23892540605849935,0.07389413085557066,0.08199189248160522
1858,0.04493505386239229,0.07638829719346649,0.16588578402495516,0.1649878465206161
1859,-0.21134450922178252,0.007694387459421629,0.028574979793981086,0.01718360524863533
1860,-0.3436857774333787,0.28982686764508797,0.09775861612985699,0.08195226016910097
1861,0.3408112270474312,-0.12233901898715466,0.07604129851479298,0.046424039224230024
1862,-0.0022372074330200597,-0.01457039389754005,0.064673631598558,0.06295619795756077
1863,-0.04602219462925129,0.04113513413329574,0.15246750842324672,0.13249780481497997
1864,0.566073722123146,0.3514897882427126,0.031147859817476566,0.026492946428093862
1865,0.08491474292098436,0.25008244635715704,0.05309503098802719,0.05207575214871367
1866,-0.06581013914272645,0.05593696183821258,0.13221246090154923,0.1396877127630743
1867,-0.01968519712291277,-0.04266646848345123,0.03432288222261109,0.0347813361692702
1868,-0.003627093977458769,0.7649800133311373,0.03254689281317723,0.03525318617531741
1869,-0.13246668066083292,-0.007867342882425573,0.22427922727698363,0.191647932648709
1870,-0.2654933101216334,-0.23667803877272697,0.027151294688147264,0.020332539564076116
1871,-0.02170896809317666,-0.27811026701961294,0.032864335959159593,0.029092651806915386
1872,-0.0071912997149321855,0.03170908168050966,0.02094176978961176,0.015257555110831631
1873,0.0030214002376708167,0.009847333512498932,0.05006117766450686,0.03743511086017582
1874,-0.00805118938974159,-0.05416226497361196,0.040459191166794334,0.03265261412411018
1875,0.5188246056524671,-0.18426570009716756,0.06674942092911157,0.04564873188897372
1876,-0.05321164506134613,0.014174134943183033,0.09691556998140383,0.07991214516269877
1877,-0.038539046387038,-0.021790275105176355,0.11444233763092274,0.11452999600112472
1878,-0.05565722876829433,0.0635272005830547,0.046249715668854635,0.031951349117741897
1879,-0.18467066143698954,-0.17282143548706308,0.1510600710337182,0.13117858171979374
1880,-0.03677072191232037,0.1026277087789129,0.10609755004241571,0.10667948589159879
1881,0.0980527290926142,-0.08686331390356047,0.12340040961355343,0.10442536781400542
1882,0.4771750220166328,-0.16362709377638635,0.11373684543288434,0.08609041168530786
1883,-0.015500382002485994,0.00038852591178706927,0.04458427507715932,0.043401183477631236
1884,-0.03148487657839987,0.0049315684966268055,0.10213717399179252,0.09452266522366974
1885,0.16733450794809698,-0.1457858188476839,0.13584311715441827,0.11321722181278619
1886,0.2463257801446139,-0.5584077679663109,0.04662755628466494,0.0494855644122791
1887,-0.0028451168531554065,-0.14483523327951128,0.11791767824348316,0.1219767668207399
1888,0.02855567118796509,-0.05044896007320175,0.04224251954945488,0.025441532649714674
1889,0.21263659341415722,-0.17460386240978346,0.06231932901929705,0.04395335064164777
1890,-0.06847815887124405,0.13346137803522298,0.2018734555313528,0.22514919640168363
1891,0.14235272478320213,0.2510214502382598,0.11330273439617528,0.12383599864449775
1892,0.056282539625173204,0.012417122566815444,0.07879881556267482,0.059426426804367216
1893,-0.006552888438866204,0.038219622230127495,0.07621596062719839,0.06735058312414678
1894,-0.045250423943897784,0.11995895688510241,0.1176786691279693,0.08412439963161938
1895,-0.12209275960945193,0.246834082909844,0.09910611783930529,0.10888040650495596
1896,-0.046620879447432116,0.035363878441119316,0.05146894706159702,0.04068371460549968
1897,-0.15299331972487257,-0.08309553459958441,0.03039035618718962,0.019995552049319902
1898,0.07427474620697772,-0.07450153602878273,0.2084986282130554,0.21915501921711933
1899,-0.005887965938929822,-0.016472757081813345,0.019550240060493926,0.014978656557375633
1900,-0.11067812433638202,-0.14483765318809078,0.07355789986772493,0.07766024741705488
1901,0.5325468846393079,-0.12485140021461899,0.09265674958988471,0.07205704722943818
1902,-0.09276235115083532,-0.23622539591486955,0.10885465796641186,0.1168664540074132
1903,-0.008940386616255059,0.018011097455742853,0.10474931250166597,0.0987719334183035
1904,-0.4256261763119949,-0.058074301376746205,0.15311271542284516,0.12457717294544511
1905,0.07427474620697772,-0.07450153602878273,0.2084986282130554,0.21915501921711933
1906,0.027445875489938387,0.4302505127744442,0.037928422223392,0.042977033532567224
1907,0.1950866378437023,-0.09334766865203423,0.0989482460219302,0.08075290310061731
1908,0.030544476807735945,-0.03618197546743638,0.13150772420456258,0.11697411715288873
1909,0.10497402902767122,0.2840990460149396,0.05076421948195668,0.054417327058570254
1910,0.11428773137073447,0.17876456927112233,0.07365580604921106,0.06539593140588076
1911,-0.04420005184784425,-0.06327393129840128,0.05373116467086561,0.04646845200766716
1912,-0.1255708275187673,-0.27017010194232866,0.06235724271242804,0.0720787263119927
1913,-0.6233068685160527,0.14751001371661784,0.13284895365285532,0.09891397904445925
1914,-0.24555378507122907,-0.048879427752838885,0.07470748459496003,0.049798039236241695
1915,-0.18742296879386358,0.20336903298707568,0.0374574711785025,0.03232957632543308
1916,0.06363023770824013,-0.07459477140601829,0.06940792699135472,0.051432958829191404
1917,0.0037972363690509893,-0.016769397956692945,0.030203435342806187,0.0240589296106075
1918,0.028391939383071812,0.00586188167874748,0.07664494401971812,0.06125887024355426
1919,-0.013622722326822576,0.0734649044272356,0.09293700114984618,0.08035749511863792
1920,-0.126472888084245,-0.12076664313121178,0.07636534759285732,0.0649350389785166
1921,0.25366902299293864,0.07753378183670412,0.17846517687408156,0.14343692036789124
1922,-0.03148051911900752,-0.11407448006115889,0.05370706009987986,0.050042023236667545
1923,-0.14430208631853475,0.2554969549939015,0.09668965889497577,0.08902536702941326
1924,-0.025322991465097856,0.017456882665221753,0.09073506481059747,0.08439706313004351
1925,-0.11817706817697642,-0.12627968613886748,0.160256463184588,0.17502624034132222
1926,0.020858248680610685,0.0179283326686425,0.07237661368978511,0.06168557827295254
1927,0.26642732070496683,-0.11176256865745,0.12479419190958897,0.10612704284982052
1928,0.00030811694405527123,0.03242092796897798,0.12623064206115306,0.12540218631272335
1929,-0.002757606886232074,-0.023072040296421528,0.059133712358367174,0.05514886738559955
1930,-0.138908417075316,-0.17732039600014177,0.11592768330747699,0.1231979993039774
1931,-0.0021136125987707742,0.005750319062102694,0.02416050109708645,0.01742097074579125
1932,-0.17886756815993657,0.06413490834290503,0.12165576532934813,0.1237336711170416
1933,-0.06644072194246703,0.09685467434883277,0.09489465522888868,0.08056892114013353
1934,-0.4013958432494251,-0.39535664139998883,0.08144594694040985,0.07044497887330482
1935,0.20383595975521376,0.7670499204962524,0.027571228048797653,0.02903560291480248
1936,-0.6467444928587731,-0.5125504509112797,0.07218865232106303,0.06517835238981204
1937,-0.06973457557866025,-0.12889629946570952,0.09633543951561886,0.11216112508487833
1938,-0.035879551273667425,0.03095519869249435,0.06841722323151929,0.05662618252109439
1939,0.2451793176792448,-0.1014841151807406,0.1906162919406836,0.16294096255523016
1940,-0.002561828464896239,0.012155871374440151,0.047293819583298875,0.03897919841087508
1941,-0.2852977336459161,-0.11063717795748218,0.12015486960539311,0.08802680240725823
1942,-0.02500802645148058,-0.011899085002104216,0.05280074709511119,0.03906781431648944
1943,-0.13182614262876874,-0.010359410248727621,0.04157083116682611,0.02707528824379021
1944,0.23403425911842715,-0.15989660702468536,0.1182857619721476,0.09131734341433438
1945,0.03205518630207014,-0.004848511824179253,0.06094045040326719,0.04199880875982445
1946,-0.07361805659614461,-0.09774772813013548,0.10985762156738064,0.12338515786166089
1947,0.08056495222553017,0.17483006334258686,0.09064080053099693,0.09834843421577569
1948,0.014597580191067643,-0.3798797397637728,0.0601251328400017,0.06274252866385228
1949,0.3089539914975334,0.24894437432338032,0.10785228389256568,0.08590468978702456
1950,0.03636423714497603,0.06092725587512895,0.07508740083506603,0.07953473486116633
1951,0.025725387888111777,-0.05770145853252211,0.09488479839600371,0.08975493675027686
1952,-0.049326557907669856,0.009522017074078813,0.09147240370718583,0.06994195891755449
1953,-0.23927708235885636,-0.767217411084109,0.03446052322680866,0.03827089107590044
1954,-0.06333911163515385,-0.22005889941572687,0.09309729366320778,0.10984822186084763
1955,-0.026862878780893776,0.03230401065531893,0.04066453696148372,0.02915569554316526
1956,0.21308337455783574,0.17073815724257443,0.12181198606191818,0.10188193864974415
1957,0.10831943986329037,-0.2169978717077334,0.13249369059689353,0.12425127815911995
1958,0.05468488295174558,0.044138152410664926,0.10249747688525528,0.08987181248013898
1959,-0.009914375869649331,-0.017692523188885645,0.04945592224168443,0.04010513646746786
1960,0.04905943191282165,-0.1305290725446172,0.20952703680178256,0.19439896310639468
1961,0.01720385590047357,0.02091337507548221,0.026178488292028113,0.0181134926092018
1962,0.02193395320444391,-0.02569177566133169,0.06609499209013503,0.06515903401727738
1963,0.02990059524628971,-0.019642291663341076,0.03749491797142861,0.027346838305838443
1964,-0.028545791013260716,-0.21848524289479979,0.02932424889053447,0.024801934900444158
1965,-0.06973400581980299,0.1108764276448411,0.09258267147811415,0.09077897457486443
1966,0.2603879101156893,0.3052100447195453,0.06797276963166649,0.06389054444308093
1967,0.02855567118796509,-0.05044896007320175,0.04224251954945488,0.025441532649714674
1968,-0.1434208182786079,-0.03855844732927986,0.054622256847634915,0.03259954604342616
1969,-0.2126009082964869,-0.5001755789435728,0.15950973252013292,0.16423276649819255
1970,-0.20647250000613765,0.056063850737341714,0.07851143273944321,0.05198532078358286
1971,-0.08757235421489236,-0.14497848096443972,0.09170273828724775,0.08321345576625531
1972,-0.023914292936283627,-0.0731468856459892,0.039085432720317545,0.034516528246053384
1973,0.7082604397037365,0.2841574475134861,0.13558176165825025,0.10899741992378423
1974,0.2028705028852281,0.18399778047451565,0.09417396859479797,0.09394666094615035
1975,0.2317368029201425,-0.3274119573904718,0.08117808956085457,0.07326234515574837
1976,-0.4137849937124117,0.32393002918972197,0.030045433138183544,0.024527441514103254
1977,-0.11135728229522168,0.0239275674302125,0.13725841974128522,0.09084672951395442
1978,0.04362115429527231,-0.02528398070573882,0.16960633980130246,0.13742747034407546
1979,0.06209091600103241,-0.06309915934221917,0.06202591829526653,0.05646728395044576
1980,-0.08858876724579537,0.08189665097149076,0.10077490287781031,0.10768846135029925
1981,-0.011159446022522449,0.01068866204198217,0.04241097330279328,0.029995742724843476
1982,0.15095782418236472,-0.49803972272167213,0.06756775389969423,0.07561999979546366
1983,-0.060512964854605424,-0.31962556570792416,0.05763820073312755,0.05580939694841073
1984,-0.7358822762752218,0.20560621168565588,0.040693995391249634,0.028022843828545085
1985,0.10216766264777581,0.7203703649272925,0.0372760213456908,0.03877877824969876
1986,0.055840746272167355,0.16142369423153968,0.08826616036161385,0.09210269901686892
1987,0.15552615017889795,0.06369606480679196,0.11457325396073884,0.07677739517415194
1988,0.012486756713833435,-0.16074436376499598,0.11615547294755889,0.1243757936825358
1989,-0.2412424299051023,-0.6697620957373926,0.0421837967056024,0.044254279857865085
1990,0.021163354458118577,0.015511227354552175,0.057082860886650114,0.04345730557542397
1991,0.4201204404826556,-0.10714620733872363,0.0513262667472301,0.03246376393722237
1992,-0.008901790466590082,0.02974185217038896,0.1157709148392947,0.10455710223511011
1993,-0.051341644167127505,0.3110816171645679,0.061226454330489274,0.07052097114199907
1994,0.25156705859577405,-0.1483776075063352,0.09574927705170073,0.07345619355163806
1995,0.29707055556463896,-0.2939726249149738,0.102932018054278,0.0852812233822249
1996,0.092114985697131,-0.08145399057669324,0.08555071277104685,0.061759426530200466
1997,0.3322322724295435,0.2504080682936038,0.08175939993188835,0.06724492055613225
1998,0.14764716387006513,-0.03164198379478331,0.032703686512826215,0.023613175739510616
1999,0.02074323601642841,0.013116027879242063,0.043027361135646564,0.02769678924844969
2000,-0.07733997290417793,0.1580779207658692,0.0426920240497683,0.042739511732447825
2001,-0.08329770549691905,-0.010605783052056957,0.09408176243028266,0.08424156432608883
2002,-0.05362749438609656,0.1556266209032482,0.12287818114806977,0.12115186360255949
2003,0.17119603944579515,0.15858907916808687,0.07390911047915535,0.05837200200142486
2004,-0.3755705826893145,0.1534382699233602,0.2327172827372169,0.18373883853612583
2005,0.08009871992781073,-0.0726757997986352,0.05053199236765905,0.04161671134289492
2006,0.014597580191067643,-0.3798797397637728,0.0601251328400017,0.06274252866385228
2007,0.2614347561120138,-0.03931092021354467,0.14105070206712822,0.09579933440392328
2008,0.07687070741057449,0.39511556574420215,0.10449807522121236,0.1175798333723787
2009,0.042150546456694464,-0.15407792559999592,0.15160272927519175,0.15386565910916228
2010,0.43086085355771925,0.0002775686373487135,0.08476572592331362,0.06255419060422876
2011,0.013916758044990134,-0.023380383116245927,0.07904019754722022,0.07252539279631459
2012,-0.13394521718781008,0.055632885387194776,0.10933422060951602,0.08059376858400662
2013,0.08842571831879488,0.633190912135232,0.17550302093724007,0.19662829588645753
2014,-0.3316331562752517,0.5149209930199647,0.06514577127419903,0.06338753265907165
2015,-0.026750201482123138,0.056139321037487665,0.10310811068119063,0.07652936216471894
2016,0.31049404537480346,-0.4451202021585563,0.12561658104132586,0.11601932987289383
2017,-0.16701852433241948,0.046507631872155154,0.038050793990497246,0.022858963509820272
2018,0.22772285568117617,0.02924558730420464,0.11144963501018237,0.09709225245024015
2019,0.06494470715115591,-0.03758619978606204,0.04300185830462317,0.02898074198829361
2020,0.2317368029201425,-0.3274119573904718,0.08117808956085457,0.07326234515574837
2021,0.2981576865346325,0.49441193377703085,0.13023361037957323,0.13671543055920649
2022,-0.0672574347793692,0.3586102005594472,0.029817617581044783,0.03142997211704827
2023,-0.06661657768380663,-0.04923344100717274,0.09134953700501135,0.08901456506141649
2024,-0.01466161622247367,0.5704631474430734,0.09178973797175866,0.09953223989059498
2025,-0.06742778039469602,-0.1946917364075025,0.072600431904475,0.07347890932577547
2026,0.1859520327696844,-0.1336511465405021,0.08321260027704284,0.056946452670337426
2027,0.004547838994573654,-0.02688026499028008,0.06202983915035837,0.05122257577176426
2028,0.017876310891806923,0.04776953325965195,0.13365817388882287,0.13619552122260184
2029,0.07937905088996366,-0.011515634718852495,0.08509142613110543,0.062388002580126986
2030,-0.17358295683510278,-0.16386953806386031,0.07204116769046641,0.0555373855565637
2031,-0.08021141993114823,0.11765963208564219,0.14626055680914002,0.1484248561759567
2032,-0.03506344787881318,-0.04276188062907957,0.05033295697160326,0.0352695794058361
2033,0.34327234225382997,-0.28219592885381406,0.04920628436961222,0.04103883419539689
2034,-0.019317055044641613,0.004933138029049259,0.06400438587595292,0.060400050998836274
2035,0.10681201997642653,-0.017545439402581686,0.06653357670257753,0.03943329006338594
2036,-0.008348924879078696,-0.10839840029717697,0.07909988877816165,0.078627046298878
2037,0.41712912360016724,-0.2869340506114173,0.2106930414229856,0.17972825219042013
2038,0.10732829143769534,0.26609928400076827,0.05658159521735828,0.05759030656652094
2039,-0.0022943678748957074,-0.023428941635783018,0.033955965653431675,0.025474716052365957
2040,0.0765607254770903,-0.05879628093101138,0.04385687783288696,0.03488224536764532
2041,0.03402897264474845,0.04322793347239589,0.11147027846959681,0.089934309260909
2042,0.10687095225960784,0.30240952039090024,0.1704138699249472,0.19149505035648542
2043,-0.2472760501889085,-0.11979538263662337,0.16651917333494295,0.13701253029530333
2044,-0.0355046715334703,0.016292960751527016,0.1412741779413298,0.12648409245630615
2045,-0.0024139683660360277,-0.020488950009110468,0.049428748436426875,0.04537674642639421
2046,-0.21660187133689815,0.30001793547147143,0.10324623405220011,0.09975866922943015
2047,-0.2683992703953383,-0.5460070202608125,0.14840121296550304,0.13905163670983872
2048,0.02625523107261186,0.0060751043351143915,0.10272132177329997,0.09947864823684813
2049,-0.1359737354506281,0.377173355646062,0.07832340220121911,0.08376493110331651
2050,0.03304865581552342,-0.08075653647640352,0.13393527445332043,0.10781450593578928
2051,0.001756133409453904,-0.00406437972146246,0.026997430176025024,0.018309331832089406
2052,-0.13171698648934121,-0.2491651396534074,0.17450394430407518,0.21216244418988392
2053,0.21149605559460263,0.5029652497951045,0.08344109579627122,0.08478410467008819
2054,0.22101369763260664,0.3880429423229903,0.18151188041792848,0.1698899943343175
2055,-0.6812162173296821,0.10088349510824958,0.03799209427535379,0.02483254648967885
2056,-0.018052619616306,0.0230095925854907,0.08893186299101241,0.08578175255165998
2057,-0.14713870446294172,-0.2749498550977379,0.029221530825657635,0.02858619385237803
2058,-0.2674658634176846,-0.18124773897310242,0.07325100876734911,0.05152450034077956
2059,-0.04146257149148536,0.0629524035329584,0.02073479094594049,0.016313445094354093
2060,0.06560903245931698,-0.19440517068956095,0.04030665527102948,0.031949184449047256
2061,-0.5356108599296124,-0.27601879430286663,0.2191883472583489,0.19398028684688523
2062,0.006277411559681654,-0.11380730167074257,0.1242917816523609,0.11006291693785261
2063,-0.4013958432494251,-0.39535664139998883,0.08144594694040985,0.07044497887330482
2064,-0.00092510964286444,0.10091833969505366,0.032985477743746584,0.02692891437323922
2065,-0.0037174876003049266,0.026287103480088836,0.05818186684559414,0.05375452015782066
2066,-0.030894983701473314,0.029616006466510886,0.0628645425982093,0.0472561702791834
2067,0.5249861123919918,-0.36056342149119863,0.043582391672733055,0.03246443736551688
2068,-0.0742104682126844,-0.16425546210634925,0.04342794477006967,0.0376084973187943
2069,0.4183175687752158,-0.09125198137976326,0.04990764129765712,0.03133635112542948
2070,0.01005108100463446,-0.002022936039238408,0.05132551512668956,0.0500019629517842
2071,0.12416041708232625,-0.08391144317764762,0.07057827940716273,0.05048305784313966
2072,-0.27188444961337316,0.4604523208215214,0.07897354569219385,0.08981657106718001
2073,-0.01803207145875733,0.10508330746114866,0.21555728573682925,0.18359182903133064
2074,0.03380673134106205,-0.047509730259867385,0.07621913069436272,0.07067827769476281
2075,-0.12954868720769105,-0.03791935013661386,0.10485941342055739,0.06924494205500158
2076,0.5805987818411251,0.5056783721690088,0.11657363730576278,0.10081623727065585
2077,-0.04419318849258145,0.03640533348086277,0.05602983824435894,0.03761276174096089
2078,0.154454106980317,0.03036485299832569,0.09523130918719458,0.08723236985204486
2079,0.6174532432708545,0.12639574913640966,0.035641024981532626,0.02217745409296038
2080,-0.407426941580121,-0.21360722262563722,0.10581692526161124,0.08708853975731318
2081,-0.012168486767644569,-0.010743914737693747,0.04319000674211164,0.03609551784297629
2082,-0.1198829320726102,-0.02553843332009615,0.03564960001016257,0.023102145531986126
2083,0.0014526756018566301,-0.011642650738875208,0.05891346155098778,0.04909967821556931
2084,0.36274721523870884,-0.325092221221617,0.04877096780560331,0.040066591678134464
2085,-0.46897180087054907,-0.22471797360059745,0.05964393392869403,0.04341519144717983
2086,0.023503569325143355,-0.012174520608797403,0.031074863117868723,0.0196316641114274
2087,-0.6272293172446277,-0.17217684076502834,0.04465269194432129,0.030578059898109043
2088,-0.38293786583198514,-0.6980628061000154,0.12184747115125208,0.12592586154294877
2089,-0.06059317157351773,0.5989344244344975,0.05874412499069245,0.06268218822514814
2090,-0.07710643554703306,0.02187943139210418,0.10297287500594315,0.09769524706017652
2091,0.054349589971054275,0.012462318183401766,0.09869025396507741,0.07603026458113249
2092,-0.832888442274586,-0.4109741331425855,0.03814438682372731,0.03336349741212874
2093,0.054349589971054275,0.012462318183401766,0.09869025396507741,0.07603026458113249
2094,-0.0312752388476728,0.14424986363405354,0.04129204491166401,0.03730914410282919
2095,0.1200515912950055,-0.3816813235736217,0.08794631887710545,0.08438201661823308
2096,0.4082486335440196,0.009948282264813,0.19295135806208738,0.13717105719810013
2097,0.009673832037162777,0.08450296139984176,0.03731823704072942,0.02736614860559197
2098,0.18835511026828872,-0.22805289380124535,0.050615063621473354,0.043418726898733266
2099,-0.00333210798657516,-0.7596269622862066,0.1000834242266679,0.10240673789630522
2100,-0.3659661433638614,-0.30676772101338473,0.13303839481221033,0.12690828117316677
2101,0.10557723758699677,-0.06882925077286968,0.1750260600426832,0.15629372940568653
2102,0.142957276341983,0.011395921901121008,0.07129191674308798,0.05811530354814012
2103,-0.25874682253523823,0.263247068280668,0.05173252279736843,0.04388371303512267
2104,0.27745873664203163,-0.179764652437265,0.20429025833276734,0.1978032393372563
2105,-0.05755565006821093,-0.07880132419080912,0.09810138720589472,0.09420359540197157
2106,0.25624144898162127,0.15405373861648314,0.05123454505192604,0.036663826749728366
2107,-0.02509765451990122,0.09124864126411109,0.13398837583226905,0.12313998659799737
2108,-0.15821405929922783,0.05871519718384275,0.14209368167634387,0.10506263824231872
2109,0.21547572712428384,0.021884349239809843,0.1534654504357285,0.1383863747128787
2110,-0.004052298165175325,0.11862097748430635,0.130934405747274,0.15798205405769258
2111,-0.0233487938501904,0.03834620010076031,0.06497295691077282,0.053095528559372905
2112,0.1132222012656828,-0.36185508002333544,0.06597168919159091,0.07270619330125062
2113,-0.042048165079355375,-0.028716449818769377,0.06657892410617725,0.05961264295072023
2114,0.12277493493871755,-0.24639844806229175,0.1311602081145333,0.12512344203162398
2115,-0.20837747115967342,-0.06262025500296789,0.06212166611487658,0.03840433533839713
2116,0.034144428667477585,-0.44038868223361816,0.04990996170856,0.05443769525280329
2117,-0.3160300399685342,0.5504120901308277,0.08147548190075128,0.0817211596486839
2118,0.009260523895288583,0.02636647081473319,0.081898235827138,0.08078594461909
2119,0.0782910733072611,-0.28933978971476043,0.13748665288866965,0.17826687374943198
2120,-0.5008778580110145,0.16178409594604068,0.04543085364649776,0.0291451949259195
2121,-0.08501039158582895,0.9203697220115798,0.037660512366121876,0.04062232856131232
2122,-0.013830626552676032,0.01358228414266454,0.06272335102744206,0.04117802849161631
2123,0.020990124429358558,-0.1537878214565775,0.12347772439430117,0.12687720125212126
2124,-0.05239712830608268,-0.13323153321695017,0.050041322221300644,0.041674310147021054
2125,0.12684646210014686,0.060688820185901944,0.13356490642824204,0.11646620858975251
2126,-0.4137849937124117,0.32393002918972197,0.030045433138183544,0.024527441514103254
2127,-0.46070994056364684,0.03050693744082239,0.08509940036482237,0.06447875829473901
2128,0.0018692823169079121,-0.03558673942842462,0.040319583592483686,0.030481841892652174
2129,0.027461359635921914,0.03313747228260062,0.1313156955041751,0.09891836337037324
2130,-0.018111166971611557,0.02833466626475079,0.09421616446050814,0.08586046095348195
2131,0.0015682109803483541,0.17293577566921156,0.08293574482296068,0.09821075279734655
2132,-0.042126012842679715,0.04467889602982106,0.07459743982643367,0.06128798995786001
2133,-0.05746112008470267,0.09719923653230789,0.07365321367060623,0.06628757691162095
2134,-0.000585080281555188,0.05030184872622012,0.07473370670010092,0.05269537860616052
2135,0.18549120898764554,-0.43252957728953784,0.0491021624775209,0.055098213141757044
2136,0.00834747949978255,0.001366182116452611,0.12556517001875847,0.09163146285301428
2137,-0.3561399259556264,-0.029802406396263963,0.22736732006594257,0.18020114915329044
2138,0.05217425174297353,0.0604042353434348,0.08872329835310257,0.06405200551425017
2139,-0.052759700499991964,-0.12335560313007499,0.02137573430300059,0.01782599386077489
2140,-0.4329926180680498,-0.2394822235928368,0.2063674367929651,0.16212865290918324
2141,-0.0016457243877274806,-0.010198714875913346,0.022338230376179304,0.01645335147406644
2142,-0.05142365513625636,-0.09853553383620892,0.1525648640531081,0.1674084140982015
2143,0.06984258572885356,0.12396011719374395,0.044472908381259633,0.044047521963467215
2144,0.10051213078076002,-0.3374628205227263,0.0980872347809144,0.09514937636852834
2145,-0.9238584419904938,-0.06968693919501671,0.09556263920367596,0.07580708390631122
2146,-0.04561860798217012,-0.03610657347074029,0.10398072920596178,0.09417490781706592
2147,-0.12698183220344522,-0.1044154319016561,0.04179665634161,0.031320302880650436
2148,0.09975198653492076,-0.04068920505394789,0.08876746739664777,0.060298496308004934
2149,0.14894072746281886,0.23265364185279275,0.06910654593554107,0.06448190481970398
2150,-0.007327326070883812,0.031236338638469523,0.1388787540596771,0.12901070475755286
2151,0.02253456007447124,-0.01583919078115955,0.030317536028592603,0.020639014197231877
2152,-0.09660647817652782,-0.1831022700225901,0.14537692083990247,0.1414473683945598
2153,0.056145945091233766,-0.23447134389068944,0.07737672438795201,0.06802247981948942
2154,-0.0038825995222837905,-0.015586318188842894,0.06645171053420103,0.06870283735942335
2155,-0.17432662975524052,0.09672526741639442,0.052073908062615595,0.04834330586804356
2156,0.010123907922254313,0.020827579059723586,0.1263128624478952,0.11942189104085545
2157,-0.006052914106824685,-0.009958192679105325,0.020478186972405887,0.014836524794323142
2158,-0.11253517209161351,0.12058689850051282,0.07606160941119876,0.05744884459037539
2159,-0.04787009764598187,0.08466444146390739,0.0645697287352374,0.0508759802013057
2160,-0.020308082005399537,-0.005826045531438445,0.08844452345655203,0.07674335519779359
2161,-0.24743958921115786,0.4203951412952582,0.07691207472714492,0.07747505487805231
2162,-0.1140303643614402,0.01680425429742477,0.13164398863349602,0.11267532066880462
2163,0.18779291424984557,-0.11302000285796357,0.20894841551623794,0.16376483217671364
2164,-0.08959098775668223,-0.08505460064424605,0.07859163559117802,0.061283365113661115
2165,-0.0034733142002493266,0.00942514474295298,0.023464997806186962,0.016011453520370943
2166,0.052788179986439365,0.30511770663065413,0.10324690167768875,0.11030770209774393
2167,0.016183321387516197,-0.15881721973938293,0.13111671882723122,0.13064186683240847
2168,-0.030413098008215154,-0.014950386307884464,0.04503298278759077,0.028671206424679175
2169,-0.5218566353531576,0.11834171879467022,0.03301682353727361,0.019621612441291424
2170,0.14008555991492547,0.0631278384817971,0.04627085157805488,0.037117056847395594
2171,-0.10561576884248333,0.2846443283709841,0.04054802563441152,0.03979396412404515
2172,-0.12743709193085678,0.12657339528877573,0.14503020110947706,0.1408254924102984
2173,-0.5822013974282595,-0.1468834327143766,0.04275875197786123,0.030049429092808024
2174,0.028855907459069224,0.08983911469071959,0.05727606194969363,0.04947188054190311
2175,0.22694632167688022,0.5832986149370379,0.05591600562174132,0.05443797964114607
2176,0.03649544062906089,0.08589823886465356,0.16881106872893242,0.16016291024692264
2177,0.04425802711950733,-0.019509132263095884,0.050536460057953564,0.04536522171511905
2178,-0.010899709862206636,-0.012754130306184865,0.061731195451041984,0.04651554868520874
2179,0.007620309246926439,-0.10703528142558882,0.05971029397408181,0.058254360162559686
2180,-0.043822431063480626,-0.009949223407980108,0.09428398969825051,0.08420975123913588
2181,0.36783230920035753,-0.21306220488558988,0.07067454243295916,0.06187854057221465
2182,0.4656956959914161,-0.708932968422908,0.05266682672279601,0.05406434496218008
2183,0.38813833989229457,0.08552619380066331,0.13072996882786447,0.09192557388654977
2184,-0.31189387148082187,0.21382672685996687,0.06410849769526474,0.04560407878349797
2185,0.022650231500648096,-0.04017541774502654,0.15368953089726606,0.14033884585812628
2186,-0.10568652642421811,0.044308816242285186,0.14016143970520484,0.11919678945309002
2187,-0.026755664496925267,-0.01605537395393237,0.0672972395785536,0.05514224687774856
2188,0.017269272449355468,0.012029509321739698,0.0795666644002284,0.07778224414541508
2189,-0.04275504333710608,0.0885770709323547,0.03696295587325348,0.035207254110049754
2190,0.029135057025904045,0.011819157406461965,0.0741217624731863,0.06567093220856511
2191,0.10959979226463137,-0.18979816140974287,0.04607055090628347,0.034750795609447695
2192,-0.06698342636967994,-0.048424277391694026,0.043878983816688526,0.03863805400570787
2193,0.1694696201930887,-0.16397635008351233,0.06647288731174011,0.057981799067797615
2194,0.15930195014975274,-0.2918236208273817,0.11217833829757097,0.09628740098353354
2195,-0.003165471220898876,0.4208387666925422,0.07212128375008432,0.08370510975045821
2196,0.32665314331860223,0.13281859898657708,0.07844944364851054,0.06386377794359449
2197,0.2368409774426051,0.21798781600469827,0.1713464099324039,0.1544191431323532
2198,0.1874453263929692,0.08100380127331736,0.11301732405828577,0.0930535022273815
2199,0.4030040996383189,-0.22534780081204545,0.07627988182655665,0.0611668340107434
2200,-0.08116085912429402,0.6567809408874524,0.03493410970576677,0.041571244507016054
2201,-0.0355046715334703,0.016292960751527016,0.1412741779413298,0.12648409245630615
2202,-0.0884193789095673,-0.25618982306472204,0.10095032393141604,0.12261274657269937
2203,0.2733515509241055,0.3688185607765117,0.05936582855066479,0.056552597699232744
2204,0.0038926132521316615,-0.023327757155938593,0.03209852448549247,0.02480575036042439
2205,-0.03173849861356667,-0.020528145646496077,0.07966662445742821,0.07815729665861211
2206,-0.01622479930615549,-0.448781588082819,0.06482675388080249,0.07216267031179877
2207,-0.09416745188888309,0.20352118198575056,0.12620636315940198,0.14153804746450988
2208,-0.5977767223536096,0.2431195477373919,0.09472780702747643,0.07028509432105477
2209,0.4031277306446369,-0.48810056758931447,0.06599138821104478,0.05732119167756769
2210,0.1636091677987513,-0.10227503838935147,0.07830558167579715,0.08425936574225486
2211,-0.03126436210439181,-0.05656441361968933,0.03758554626345237,0.03842182358508775
2212,0.03397080769479931,-0.03421950834911356,0.08749032974174975,0.09004729912048305
2213,-0.08401317518594656,-0.0683445834028156,0.1138755432247742,0.1141967447965534
2214,0.020689554000150902,0.0016667107218955096,0.038971498357345924,0.031640204003502405
2215,-0.3043127868081363,0.3078562821305729,0.11460166330973358,0.09458332900194327
2216,0.28471873507601664,-0.14967553249801502,0.04316980886111874,0.0267463917750012
2217,0.02435458122244431,-0.07982035801258058,0.08537505447596536,0.0844468640110941
2218,0.017058534287144333,0.0005275277527444352,0.06068018960258969,0.051857552700620486
2219,-0.2376207651970999,0.3428270360276225,0.07362668026613892,0.06763062607296196
2220,0.11102865205274823,-0.12438940713346183,0.04711380813486567,0.03669611511689689
2221,0.5328572564248274,-0.1703737581393237,0.11105540142577845,0.08533298226720663
2222,-0.15138472780395085,-0.028713185691138003,0.16009273737789217,0.12551485889232347
2223,0.0029757640894515864,-0.14192049428650444,0.20788484969337548,0.2028209290951608
2224,-0.2375552382514652,-0.06806119251582224,0.03132307712043135,0.01920141560150378
2225,-0.40862995492370247,-0.14473467111447216,0.07658460469746982,0.05615653596992175
2226,-0.0777618779145751,-0.049236915646623546,0.20469214175213565,0.16578801404057827
2227,-0.1856271731671678,-0.07511077766119716,0.13178849739717663,0.08982273927934355
2228,-0.019726197097731327,-0.09987771775094587,0.10979647246618843,0.12334085370470886
2229,-0.01863048722817077,-0.05334179251543237,0.1434774697431573,0.18367481597532465
2230,0.41533532455510924,-0.15418334532716338,0.047143241940827814,0.027506593385419102
2231,-0.05962012520048158,-0.07108788623941208,0.056983548811128444,0.04418700239143201
2232,-0.08014951896194805,-0.004706093204744092,0.08588317456919255,0.06816100312828284
2233,0.40059084158235714,0.28657563988090623,0.09058540240606837,0.07212446629031119
2234,-0.18718702958332667,-0.5817443691504612,0.1251281004424214,0.12509544248671683
2235,0.11480206705064439,0.31834500593636617,0.11034182443219968,0.1280740375445746
2236,0.0643059623078263,-0.2987428881704271,0.09629242965010919,0.08287552967208493
2237,-0.6156662977456877,-0.30250448452867146,0.04714038813168103,0.0323023649960775
2238,0.22162276679221649,-0.7621802203709546,0.032968389504866344,0.03514695049957224
2239,-0.2587750552092711,0.11683845597155325,0.06145082338184817,0.04459564695187745
2240,-0.06901870286554473,-0.2728581369781435,0.09080754547651101,0.09836943734986384
2241,0.8962108748515311,-0.1145927061309441,0.053623807426538876,0.04299535194532594
2242,0.01849302495667354,0.008183885829561609,0.06754561641163902,0.058463019187219106
2243,-0.19582489522084362,0.05081151660339075,0.04784554440273818,0.0277750863898303
2244,-0.06776409015582217,-0.036207661870369535,0.12407096482617223,0.10759780364582665
2245,-0.06637181402829456,-0.6557388566709617,0.05535404532385964,0.05587050802589177
2246,0.1528795333635039,0.7076195631996754,0.03275038791301159,0.03817723868794695
2247,-0.42519740904279407,0.5279778185157039,0.17102063950942617,0.17096321083025556
2248,0.3843098720335544,0.4380264863307148,0.07177230804632605,0.06915747858455411
2249,0.06702711180860671,-0.13890441262124456,0.0772765951555255,0.06307133900305706
2250,0.09864140035104223,-0.00701046122174974,0.15917224347796904,0.15299007606218382
2251,-0.015585326523846036,0.0012789431300757456,0.05581853834209881,0.0426386349049986
2252,-0.17620335430770998,-0.23367011681890684,0.13413943596827466,0.14156920095556635
2253,-0.15150623961198004,-0.5888075022902123,0.04628489603563339,0.04972993329561037
2254,0.5187953490961905,-0.09605935945564228,0.05839626262495827,0.035993979428153626
2255,0.18087178815611982,0.04619464760244557,0.1141973307028125,0.08527253577424196
2256,-0.020687074594798644,0.05449329721441252,0.08373802356952963,0.07926560455101327
2257,-0.5603747532860368,0.381358687332341,0.054305285766413684,0.040361489142186
2258,0.28471873507601664,-0.14967553249801502,0.04316980886111874,0.0267463917750012
2259,-0.033789918448566734,-0.005065251509697334,0.0797840222286165,0.06926493992210091
2260,0.4540200951859466,-0.3650043972926404,0.04376408522089545,0.03449041152915911
2261,0.8907541341410796,0.1917275751989817,0.05058585328153826,0.03339648437321553
2262,0.2698305676067665,-0.2306058556466508,0.143071975441115,0.14672730971220635
2263,-0.04970527998521455,-0.023383615124174688,0.06277985889545441,0.04432721890385118
2264,0.012092210313061177,0.047180493992823126,0.03400953886071639,0.025502249685460304
2265,-0.0346545023105392,0.22145815204239236,0.0950298551423966,0.09656061043557072
2266,-0.07828551793519718,0.04594965696552778,0.2489770565168466,0.24051218875993846
2267,0.024964748585946852,0.007481085241629624,0.03461767359880271,0.022272011107145925
2268,-0.03385590666336536,0.06375257537352715,0.11475269438021997,0.11586198413840647
2269,0.07237514312217846,-0.10331809088652279,0.10116408371211798,0.07907833000998818
2270,-0.08080283773714309,0.23996032939611225,0.08773190883385425,0.10352591375301476
2271,0.008973240510515231,0.04153054349130046,0.030687503447107713,0.020076601608282448
2272,0.007085152596568607,-0.006272657105868295,0.047680634711011485,0.036512385279222154
2273,-0.00653486961237625,0.027701366658279995,0.1263295272958937,0.11338456788572486
2274,-0.0395232982784337,-0.031058153138454357,0.0886182212218277,0.09735540274745039
2275,-0.49753166484799943,-0.344007357550879,0.07107281479519624,0.05792195401596266
2276,-0.40683313476816146,-0.15348351319464573,0.16777980405795365,0.12332546487173843
2277,0.057766842275828977,-0.09641226969969509,0.14832717126804612,0.15295197735295668
2278,0.06603217470839019,0.06665961722948437,0.05110044601675758,0.044331184600805984
2279,-0.05509852539343054,-0.08016478115108047,0.07954174261434518,0.07137293636562651
2280,0.05468708249845775,-0.003465087640604111,0.05770195501645559,0.04508551207527282
2281,0.020506556319041993,-0.13008863781223548,0.04006432667967854,0.035800294871715516
2282,-0.11205148403837967,-0.009724837302282227,0.06673620388760418,0.050602455525979986
2283,0.16628978353148166,-0.12939327628900135,0.10731584297382006,0.08205264079405297
2284,-0.08501039158582895,0.9203697220115798,0.037660512366121876,0.04062232856131232
2285,0.0022902697015197105,0.05074350648401658,0.08982051038730639,0.08862034639895747
2286,-0.15166964774899197,-0.23555367766131233,0.03946942097721359,0.03775366199722819
2287,-0.17463905888263673,-0.5230848007669474,0.05654423910270729,0.06048503985896381
2288,-0.29212681536307883,0.00931867433416881,0.12281736016813317,0.09197682590638462
2289,-0.06480301490365006,0.015416427963938523,0.039630561220856106,0.03586406733660434
2290,0.22817930617193163,0.3448360757740884,0.13161367136956942,0.13437089861093415
2291,0.03595614933867255,0.039384768799210775,0.028836831681122964,0.01905435935519468
2292,-0.02826896446639818,-0.03306285767016267,0.07951197867687744,0.0756351119267028
2293,0.0037747805917026324,-0.03218420888086245,0.08326996166201289,0.078276156143997
2294,-0.11228466957128928,-0.05827481199366211,0.04483668788881331,0.030306365026495447
2295,0.01903890471415964,-0.00386869508386565,0.04142528208390666,0.03259956850090275
2296,-0.0023894628468837846,0.07643822641168282,0.13000528291872526,0.1495351701299386
2297,-0.0645003625867887,-0.14168703345584768,0.10297588121577887,0.12240237483270928
2298,-0.4581364729806912,-0.15448857447797285,0.08083801914049608,0.059795520493244
2299,-0.04175070569885123,0.4702092081737392,0.15361297983738678,0.18401562718899195
2300,-0.019078237294977974,-0.02166301405709886,0.10484009246742435,0.09750424306975848
2301,0.1634806097362143,-0.10157497444289933,0.11813009387753433,0.09518474186197731
2302,0.027419048070140003,-0.03873620630936475,0.05238927177953692,0.05018107521327253
2303,-0.0146863139615005,0.034165568296891456,0.03456455906949176,0.02273704975474504
2304,-0.12448757858797592,0.39224306179787444,0.13827184582950852,0.17457137600398026
2305,0.3545289324098757,0.14837296712629608,0.04555836745104761,0.029134261135547887
2306,-0.059842994420353714,0.05718247962377184,0.0885895306997691,0.07766186881597997
2307,0.6986273751215094,-0.46576448239452406,0.039467138719224276,0.03075856193226531
2308,-0.030447407583224177,0.011161901613372362,0.10914240508322702,0.1336105842083454
2309,-0.5232072334959276,0.6062364114677425,0.046613628423586496,0.043379677667461584
2310,-0.09735812789765055,0.27727218391788927,0.08428432296769034,0.07467847333422005
2311,-0.4853277538757031,-0.44545907745291935,0.08636098883014565,0.07871931631234709
2312,0.3843098720335544,0.4380264863307148,0.07177230804632605,0.06915747858455411
2313,-0.40683313476816146,-0.15348351319464573,0.16777980405795365,0.12332546487173843
2314,0.1473721178221018,-0.07989193249097634,0.08854125687391406,0.06919357358018875
2315,-0.0049362529387651,0.12471785507198646,0.02620157400048622,0.021183711833017843
2316,0.3521814847811485,0.19864491745545843,0.12210422237949226,0.10101034129589326
2317,-0.6157336428544693,-0.44368169762839976,0.05118077399151026,0.041222530754370025
2318,0.08503901675669231,-0.014767641091863508,0.04116918030371205,0.02614415056613831
2319,0.09670764654868551,0.2633701227478262,0.051679572217717906,0.05668805009587027
2320,-0.030825507204402306,-0.0330507826257636,0.056381035497289914,0.04479240658814966
2321,0.3797606809592224,0.49666398238836856,0.08723869995565917,0.08381682205918878
2322,0.5543918025193777,-0.2846014759799732,0.046813038725680864,0.033581170631190656
2323,0.051492997875149556,0.02477883525533104,0.04095738708910644,0.035119440317607525
2324,0.0038926132521316615,-0.023327757155938593,0.03209852448549247,0.02480575036042439
2325,0.11282197300380754,-0.181099287440518,0.034455054315331475,0.02953302729316928
2326,0.1750898005411591,0.010115870610080416,0.14277816800589158,0.09518814389127143
2327,-0.029259236159551495,0.03629336170460987,0.1308660957800416,0.1627788380553128
2328,-0.0030218590559721635,0.09823849196484169,0.040486340354788736,0.03766496766763332
2329,-0.019726197097731327,-0.09987771775094587,0.10979647246618843,0.12334085370470886
2330,-0.24743958921115786,0.4203951412952582,0.07691207472714492,0.07747505487805231
2331,0.08423700220912991,-0.5099849086265603,0.14456477788132785,0.15748960279345087
2332,0.0383584344713359,-0.08277387538466856,0.1559917292646442,0.13957512404402556
2333,-0.047235812517351435,0.2684141202692336,0.09121770792950193,0.11031179357820291
2334,0.10328577709718498,-0.2967759518088285,0.08788674137435265,0.10062666711888221
2335,0.09917511496707243,0.051880972434563084,0.09285852784173465,0.08708773491337275
2336,-0.017094216021041626,0.017680734790753175,0.0961398177933613,0.08170622001172517
2337,-0.034294790095736584,0.030160377366814865,0.11273858478130397,0.09291424417619812
2338,-0.13877625954107528,0.22614056800954654,0.0718739180834606,0.07322912684969117
2339,0.2563952237183595,-0.5980647681021822,0.10668719533247725,0.12307953646067163
2340,0.014165761769650839,-0.05345246655129728,0.05411259559470262,0.04490948779667442
2341,-0.053956985403078715,-0.18371534873535447,0.09117698949638359,0.09637892647479002
2342,0.021988627158494947,-0.004184312332416438,0.061160352967337246,0.059550451815994165
2343,-0.04787009764598187,0.08466444146390739,0.0645697287352374,0.0508759802013057
2344,-0.3706742978679211,-0.34802498913219465,0.1048485733650759,0.09194844673251606
2345,0.01005108100463446,-0.002022936039238408,0.05132551512668956,0.0500019629517842
2346,-0.0481818554803557,0.031789435803839236,0.13151585240423855,0.12519551560280645
2347,-0.014828716419962116,0.02884406051351847,0.020581989853094184,0.01578207536606987
2348,0.09668938449376238,-0.1778944489620535,0.06211237523729949,0.05585054681930029
2349,0.19855214821882075,0.14996983362681632,0.02677050216586832,0.02055924305810537
2350,0.0493256150789202,0.06102543603190342,0.05776017558037632,0.050459124298647136
2351,0.0643059623078263,-0.2987428881704271,0.09629242965010919,0.08287552967208493
2352,-0.12077276807532758,-0.1237545080923785,0.07397696471168742,0.06104775422900213
2353,0.0017720632293626538,0.0015509763049897365,0.08269718062749748,0.0801661887757186
2354,0.0041137641851401825,-0.019812972331490607,0.1385836986693939,0.16068246692161786
2355,0.09521815633273484,-0.08933906418664786,0.05142636673999348,0.03499004900811952
2356,-0.09136275415645721,0.07503373995564515,0.1226267225871719,0.10546623151359566
2357,-0.326060408314631,-0.07566573725021482,0.10813860383683624,0.07786518035324434
2358,0.14788578165458624,0.000864729305345458,0.1075652642112648,0.09060265638515447
2359,-0.35167848605399604,0.3266284630023921,0.20211197451193666,0.17710600155122658
2360,0.08412966615595335,-0.04523276767237564,0.06174896225084197,0.040908885638545424
2361,-0.5733393921425519,-0.0005634557873486221,0.04957389031868719,0.029855658969292632
2362,0.03764363597747194,0.014992163321729784,0.04976472881493714,0.04515150367512943
2363,-0.40415698501336456,-0.24603380915313242,0.15552740242177812,0.14291121995703138
2364,-0.01877880197560897,-0.016297761278084414,0.1251506127451586,0.11123301682935434
2365,0.010123907922254313,0.020827579059723586,0.1263128624478952,0.11942189104085545
2366,0.720740131617092,-0.20055639741030534,0.08599662491973488,0.06425764927336451
2367,-0.282833871013539,-0.3074439196147273,0.11790623246642196,0.12291729550730698
2368,-0.11413940321220747,-0.02991949287919784,0.1099984902807995,0.08971804076028647
2369,0.15407966103282777,0.11896548945556565,0.10124372762790894,0.0874218553236935
2370,-0.05968028551978958,0.07242185661543267,0.10075548028771138,0.08030059774054422
2371,-0.4563972855130839,0.05780034269551851,0.03232931201385358,0.020168005351705327
2372,0.20559888061760095,0.26383403441631637,0.08796024289188227,0.06735671946784931
2373,0.0885228894588296,0.015363709319278447,0.12364214204888425,0.10462377190509112
2374,0.00994990391695914,0.01620627668778315,0.0758830040239848,0.0672293193393622
2375,0.017820471686961808,-0.04960960857910183,0.11573768773765995,0.12344157265930854
2376,-0.1532124824756432,-0.008253666988667918,0.10764195203452216,0.06993835737778178
2377,0.05011882865458669,0.016696826134396728,0.04710384664781864,0.041546851014137555
2378,-0.519688880610533,0.08984811172625877,0.0571068006070672,0.03844608123349162
2379,0.09522112212740108,-0.11318099089176012,0.03270773805993122,0.026498343757251748
2380,0.017180426217917374,-0.021219888065815116,0.01910786467709374,0.013472695215848292
2381,0.06442344201378304,0.22083819612060532,0.06651021906295347,0.06977293366674567
2382,0.11523770289336778,0.22356612596973027,0.09619413406235823,0.09137117400729797
2383,0.034063949844278914,0.44370130848610284,0.047098535728611876,0.04831462084010355
2384,-0.05509852539343054,-0.08016478115108047,0.07954174261434518,0.07137293636562651
2385,0.16261419377800138,0.12645488715049547,0.13838559327301322,0.11396921826714608
2386,-0.19669460523520416,0.019181425531988,0.09208558306980032,0.059060824927058275
2387,0.10234088667209174,0.18834730287396018,0.1783565873846662,0.18627034420535116
2388,-0.11772215319444893,0.5154314480641619,0.03346545593110826,0.03367568983679421
2389,0.20365185613817016,0.23997812313032474,0.05044136660967794,0.05100198820412324
2390,-0.13600770936208287,-0.08163610482690975,0.03948507576992171,0.02774636245921809
2391,0.536547963660276,-0.3246316367787962,0.04266550127591906,0.02938702178546073
2392,0.4750792256339556,-0.04512779041456858,0.23238089626222114,0.19122885937882442
2393,0.23367112795659148,-0.5057149752168825,0.1575026950155146,0.17786680828447826
2394,-0.14683756293179856,-0.08518125717248515,0.12778153893313463,0.09039866997787456
2395,-0.49108792748259456,0.3181820885801881,0.18592871336328193,0.16244202382626452
2396,0.015942677464295337,-0.0015639501749121704,0.02005763113553453,0.01410020871631123
2397,-0.05296710148720712,0.02224811860607604,0.06446705309564436,0.056645316778656155
2398,-0.6613262586112078,-0.12742160745695313,0.06443522972857324,0.050842000705011
2399,-0.13509599511753922,-0.3563976326396945,0.12864352415544056,0.12528618588360096
2400,-0.2686801605904075,0.1792878248010835,0.15290525602239835,0.1278488451150359
2401,0.46540164145543084,-0.04400366146625293,0.132286484786859,0.0995821695171515
2402,0.010309272355637108,-0.0613895241851548,0.12543982773795037,0.11685933689818424
2403,0.1499913582771591,0.19713198457193107,0.05986881719131715,0.048756664478597236
2404,-0.832888442274586,-0.4109741331425855,0.03814438682372731,0.03336349741212874
2405,-0.06157792428308249,0.012368726610499606,0.04962236722022071,0.032290991621094924
2406,-0.07977101146049692,0.034342349759735956,0.07999222337723823,0.06984693483270384
2407,-0.0007177162551379223,-0.030460800162544578,0.07956366150215012,0.06832150601244204
2408,-0.12116892707454299,-0.4227213593858873,0.09663596984929358,0.09724390706503987
2409,-0.024961079897598566,0.01846154313963685,0.08448718284993757,0.08454258727164359
2410,-0.7174450270004714,-0.48826294387380337,0.06902971789384756,0.05640896164048758
2411,-0.0007330407647094571,0.01008988305453315,0.043467621593555786,0.02849377158176109
2412,0.07263783082098856,-0.12838591316082737,0.11954368716980655,0.11278930723115518
2413,0.026478680515375132,0.11942146522127303,0.08005575060616264,0.07666874757818888
2414,-0.02676447962923315,0.01475775868371381,0.04616613788600231,0.03736349527231179
2415,0.11527053872775832,-0.3757615613426459,0.08157090147611039,0.0972680631647894
2416,0.5848913938904946,0.038655098528878225,0.1701749631808799,0.11524191137883372
2417,-0.2783908370958393,-0.2992775061413997,0.03680145515829176,0.03194506442639495
2418,-0.2867655533797356,-0.07895253450507389,0.22714550040415846,0.18199218118668276
2419,-0.2983030546923195,-0.8368223848588375,0.03061598789953046,0.03562718256740616
2420,-0.019630056101392696,0.10872392071412955,0.12290603036189525,0.10826601744997076
2421,-0.12318861660620753,0.29168594677081117,0.17279997509064898,0.17017955623214442
2422,-0.04438377979708077,0.03915609788894741,0.13739487662664296,0.12368944511739856
2423,-0.07610254644915575,-0.020649661501772568,0.08119436468771155,0.07451371189698705
2424,0.05278130155454381,0.000538995244375679,0.02505780031496772,0.017641570431193573
2425,-0.0060642347838749154,0.017229733843537876,0.03829106420677427,0.028326998952188247
2426,0.058712145292746994,0.00016789461557017906,0.073605094895484,0.05406950655173806
2427,-0.45631778556978647,0.21093069431330888,0.07258948796615027,0.05232789254787844
2428,-0.09178072156850076,-0.04476061759258816,0.08153171362369159,0.06886915853736944
2429,-0.038588321830532256,-0.41331038738667175,0.09471065662027825,0.10614336795102809
2430,-0.0037174876003049266,0.026287103480088836,0.05818186684559414,0.05375452015782066
2431,0.0030144816407035825,0.06617392658047816,0.08972994304568854,0.07422367151515447
2432,-0.3326221578569439,0.46445934530269756,0.14248609687494534,0.13673994193111091
2433,-0.33908745104955434,-0.12046388313272102,0.19990929405560917,0.17369267987785134
2434,-0.07881997186375804,-0.826633716632879,0.05955758307949676,0.06046778397815878
2435,-0.07977101146049692,0.034342349759735956,0.07999222337723823,0.06984693483270384
2436,0.14052535226511267,0.0912927216333909,0.050907145376089195,0.03789514522734791
2437,-0.165056026835756,0.021100788159867205,0.041141040886117586,0.02826664624851237
2438,-0.007886440437628709,-0.021465424536222556,0.05203210237100093,0.04376290511006214
2439,-0.23298329526804962,-0.010688472433420006,0.037328156682290614,0.02475393049176916
2440,-0.28758122477918563,0.15466718276017088,0.07726899259975778,0.058011050141079254
2441,0.016575174061515843,-0.5845891813988137,0.03225860281297906,0.034231162778364445
2442,0.03559468403905316,-0.05355814698406409,0.054612761953631295,0.04958242544377214
2443,-0.0465191056736114,0.0767810955860347,0.02942840644333821,0.023313799315462416
2444,-0.18466872765173287,-0.30507415580909636,0.24831263296269665,0.26027986276830567
2445,0.27745873664203163,-0.179764652437265,0.20429025833276734,0.1978032393372563
2446,-0.23827908663487343,0.5521723084154045,0.06336341662059254,0.06960158474661873
2447,-0.08838876075520363,0.006486632383149621,0.06606078277826005,0.05850623119088299
2448,-0.003250343398421511,0.002734454745622782,0.04422056049447425,0.030347151797733708
2449,0.02939632645570601,-0.1815478522522068,0.07935551093117724,0.08636601572260218
2450,-0.42910951171595496,0.2140062307946145,0.14131231278478076,0.12013014668499987
2451,-0.08772783539526999,-0.040983562018293035,0.03430389470566067,0.022794304904080062
2452,0.2733515509241055,0.3688185607765117,0.05936582855066479,0.056552597699232744
2453,-0.026793323081190094,0.0065625774271243975,0.11313252152995051,0.10590183889685471
2454,-0.03461250238938938,-0.029464070346327254,0.06598612190068265,0.05729740667575432
2455,0.08613728662153483,-0.14768454069857223,0.05566739969281365,0.05263446412823021
2456,-0.2770768840685955,0.3742700426070406,0.08364476264312032,0.08695034410180885
2457,0.10170219611930037,0.06151986113142755,0.053107743395843315,0.04381510342414957
2458,-0.23037980078754314,0.3378029253963953,0.03890376080670969,0.03701777487178916
2459,-0.025972571616114024,0.0009046182533937767,0.1381698626824841,0.10060203298501856
2460,0.142761198394327,-0.14356435698893558,0.1489468970206741,0.14198054830583084
2461,-0.046248728201296836,0.0074449603554391465,0.1683143692617661,0.14949359682049343
2462,0.04450294150749797,0.1984724008153644,0.09810265198647142,0.10268983621252831
2463,0.27043888024758433,-0.06086235256292443,0.13712519235750886,0.0953474500000214
2464,0.364813098550106,-0.0294155944074636,0.06940876864383763,0.042526074239463814
2465,-0.07296566912616326,0.21896571192682815,0.20218987193669596,0.21608377007431673
2466,0.07230770534813477,-0.0462255935775886,0.07039616574014591,0.058513611224962486
2467,0.017570247174835612,-0.04727320023746514,0.0811519587959803,0.07998135310831307
2468,-0.6802462972467712,-0.0006592321004046187,0.04464102400781703,0.029300414494367315
2469,-0.23237865551125833,-0.07524062515127834,0.22312926992759305,0.18537283577498698
2470,-0.12385181709736243,-0.03217947092364135,0.08883544488778883,0.07130142058359264
2471,-0.12728890929120956,0.13865760262622653,0.09067739142830632,0.08633512052822846
2472,0.6076086497322276,-0.12695647598383056,0.08921828301708172,0.06039339533896795
2473,-0.028551156463450234,0.02825745258729306,0.12406205226081596,0.11117700331360462
2474,-0.07887832591318415,0.014215540592914543,0.06539586384286616,0.04524573956747455
2475,0.016699606051504886,0.16608991158409409,0.1111470384905527,0.1433195877070351
2476,-0.07356666669492096,-0.021872034369762317,0.030502538728348457,0.02470034716215805
2477,0.4551577313623715,0.3109243083779742,0.05970550235617293,0.0431670731010342
2478,0.18670166006804859,0.161473478541548,0.06899779713645658,0.057180696210274856
2479,0.23982904320122186,0.22687555370668858,0.12148607921340489,0.09978408289411445
2480,-0.06349096301003766,0.35567822964286655,0.1552150957144237,0.17300303855264124
2481,0.17802504965288396,-0.351032157792628,0.05989631999567403,0.056673772805740825
2482,0.22694632167688022,0.5832986149370379,0.05591600562174132,0.05443797964114607
2483,-0.0024969704672713243,0.014933304671977475,0.02628877603764907,0.021080816703050984
2484,-0.045151432383215576,0.054464206565587425,0.12716863673356135,0.1125843297816714
2485,-0.01905708676445578,0.1040236316925191,0.14194190586302002,0.14656611257761945
2486,0.11762998267200739,0.029814424263771996,0.06038313929676128,0.04144608469488862
2487,-0.04027093686170694,-0.11864655894417715,0.10495292907413555,0.1139773576083632
2488,-0.21466377519969257,-0.033441521262797834,0.13379133765597778,0.10250376006931272
2489,-0.340227514649593,-0.07107935399029074,0.0763102653937856,0.05237175671399826
2490,-0.025972571616114024,0.0009046182533937767,0.1381698626824841,0.10060203298501856
2491,-0.00020393154394464808,-0.09494967872373422,0.0654350688900762,0.056923821742305286
2492,-0.056157011630673374,-0.1327588353074931,0.08681320254273103,0.08767195320032366
2493,-0.058290356090724534,0.0008091600157440681,0.17283662427345742,0.15187562162962284
2494,0.23822162106197348,-0.2795696049589926,0.10332977260624178,0.08144155723072329
2495,0.33804996043255664,0.0709539523731012,0.2170835052876535,0.1541980107111495
2496,0.07917165360445705,0.16931305780468417,0.08051635053694943,0.09055578038605784
2497,-0.3194581833116837,0.2331446759113663,0.14795605207515902,0.1480976860487423
2498,0.035780968814041754,-0.06967920419116624,0.08201627705900244,0.08491806335838416
2499,0.040485344054744764,-0.002230035656111463,0.14684442075308274,0.14537091895221815
2500,-0.038429815542460374,-0.022749598144506496,0.14656018577665159,0.14868595996083314
2501,0.06292233478836182,-0.07071390013835642,0.03282300834779441,0.023337005514688033
2502,0.0719072520008896,0.015792563089769375,0.07801781378642969,0.05199334629231958
2503,0.07598833965727742,-0.6312722712245861,0.08973269706440337,0.08339561690051664
2504,0.025773018418085363,0.03223888506214693,0.06969384467901872,0.05391398238793445
2505,-0.02543891674798646,0.018924615107104692,0.06215115345470353,0.04943824988734989
2506,-0.015580751380147143,0.023897592673716675,0.025257089515444565,0.01946843023349945
2507,-0.08108654214128604,-0.08099220906643326,0.0662873758303962,0.06769102166766168
2508,0.009384148600185906,0.07701770242702058,0.07055760982627134,0.06756454814347347
2509,-0.2972497174994511,-0.6156985698243843,0.11965902019555695,0.13747314821874448
2510,-0.1798017983459042,0.0006180653414582299,0.05877429384170173,0.04074339138056572
2511,0.13932360160484633,-0.02318998822544483,0.13237691975914204,0.10051981065059502
2512,0.3207636702595727,0.2616771835782223,0.052891721777293704,0.041559514682351514
2513,-0.03565326064690571,-0.006694543781263989,0.051566704463770756,0.03582776551670683
2514,0.010039945084754653,0.009331237521103916,0.04793747895911294,0.0424168334561377
2515,-0.12868594553755586,0.021651247010401765,0.09724294616422377,0.08069000866446605
2516,0.0273913242046683,-0.02117442993914527,0.047073200089760896,0.03831832914626377
2517,0.851209632046276,0.0031581285305315654,0.03709119296405159,0.025180809541915816
2518,-0.3909921257676301,-0.23780819479696538,0.0706249105213344,0.06037597668651374
2519,0.24466881163182688,0.26594611084926784,0.0557984719887469,0.04256904660661341
2520,-0.04473232511753051,-0.037737767029988364,0.027705504577593926,0.021872588542993506
2521,-0.0671688387526159,-0.07873646270498627,0.12436241254323198,0.12264081421857628
2522,0.02125321094719076,-0.004307398915033061,0.0685831921950858,0.0679812307336349
2523,-0.029907929985340403,-0.14125836915908055,0.16059375974881102,0.1673493822238742
2524,0.07862287453516882,-0.16146077739750672,0.03264569759579273,0.02718687887060906
2525,0.00665322098878945,-0.02626867385868146,0.03213171465077004,0.026615175785704506
2526,-0.02636914100545622,0.04448233717015787,0.04621408509475562,0.039439202657757
2527,-0.14142684426483623,0.1687521125614215,0.05670842710635851,0.051818186586472754
2528,-0.39891471460566347,0.5483847027165326,0.08290587830367288,0.07946894224419608
2529,-0.006808626035483605,-0.03251711925350905,0.018914807722473163,0.012988353491778425
2530,-0.42430299610417865,-0.24142733363659702,0.11147742216332762,0.09298961102109078
2531,0.2463257801446139,-0.5584077679663109,0.04662755628466494,0.0494855644122791
2532,0.38183806970304696,-0.047335451517091585,0.030321619391254124,0.01736751219394452
2533,0.10838341256952987,0.33922575108295,0.1023655810424681,0.12192305530325971
2534,-0.03461250238938938,-0.029464070346327254,0.06598612190068265,0.05729740667575432
2535,0.004519891788544404,0.07593306624264914,0.07621374411171646,0.0721958589033643
2536,-0.144951766516043,0.21882078283665998,0.16627984573235577,0.13636641229580565
2537,0.008126648327602275,-0.012678288363605572,0.04899908076731468,0.03527001007639983
2538,0.07637374019468576,-0.03445107863354528,0.11080615108434473,0.10313298453441772
2539,0.06560903245931698,-0.19440517068956095,0.04030665527102948,0.031949184449047256
2540,-0.009292163173172153,-0.02826654972022541,0.07990765092294431,0.0800889461675668
2541,0.0014526756018566301,-0.011642650738875208,0.05891346155098778,0.04909967821556931
2542,-0.20217200295172116,0.050038712009164286,0.19607004556698332,0.1583738927743629
2543,-0.09126675457812314,-0.0063496383892358435,0.11210801706194597,0.07914976042471328
2544,-0.101083554995702,0.14947126419926207,0.028551349287620296,0.019815344368766696
2545,-0.07755335958800325,-0.2836439012714449,0.12092067059393596,0.13193229125716535
2546,0.11505483753855114,0.046002119881684796,0.21074739332067483,0.20059439562463374
2547,0.022901451714151224,-0.016977253674662254,0.10917142329416642,0.095894278874878
2548,0.07427474620697772,-0.07450153602878273,0.2084986282130554,0.21915501921711933
2549,0.15306200414645182,0.2103994903902383,0.12254320882659878,0.11002733537536435
2550,0.4394488229386494,-0.08945851078375067,0.06714620743148682,0.040816533177347736
2551,0.4635592394871821,0.2139214904348693,0.05021174067128192,0.035937088200325824
2552,0.018337556850259572,0.03583595669130853,0.06243446648286295,0.04973594942034712
2553,-0.0023747785941133403,0.006845454239226729,0.02456627402324802,0.01855047245345553
2554,-0.06727674406404435,0.5981136353014956,0.08446381627328926,0.09693251141959049
2555,-0.625070552338376,-0.34069123600282863,0.06409535391404932,0.051856451933798425
2556,-0.010079126165310055,-0.08171633920951657,0.09562203544456542,0.0847002770728464
2557,0.21989007686055909,0.4077794335083579,0.1563684504354356,0.1620782606553959
2558,-0.3818659185064439,-0.08387390100584613,0.1622064189176696,0.1400834399327244
2559,0.004295199149501157,0.10531514698553071,0.0448081984148529,0.042683261006719604
2560,0.7303535619468551,0.5449910728555855,0.07609196597345758,0.06909766086673304
2561,-0.06059206587670369,0.011229039841895036,0.06313125467528863,0.04811546701759878
2562,0.3009270897085966,-0.3238944050467323,0.09366129393825813,0.07663937024681418
2563,0.05485410578721026,-0.03640726463644362,0.10580882061192201,0.10919232800887209
2564,-0.6555643866690619,-0.25035951400588546,0.07279752803206274,0.05629842339459746
2565,0.014901530183111935,0.2410130222048516,0.048895824504519375,0.05435905200430367
2566,-0.08258499900394665,-0.03784855553424534,0.16227534214184258,0.13405092461998436
2567,-0.02115380484532352,-0.05643142977739544,0.04791774006725851,0.04779272369938461
2568,0.016042372945517674,0.12441672038424142,0.07277895466472095,0.08508069008991735
2569,0.0050998057231857975,0.19235263728187244,0.09406798647775207,0.07255073052605948
2570,-0.008231557850605715,0.03749890271220651,0.08565588409085655,0.07908708820253116
2571,0.3521814847811485,0.19864491745545843,0.12210422237949226,0.10101034129589326
2572,-0.5788213279400478,-0.18791098054309205,0.03509255633156623,0.022290029142598096
2573,0.17455362324728646,-0.07465797207699124,0.05833293168405737,0.04414201765692266
2574,0.2634612607122359,-0.013421749252093856,0.13710618735019459,0.09348757072912535
2575,0.40161189024097455,0.1358934787745457,0.05155326553752405,0.033648466874479636
2576,-0.02898670798557017,0.16598487491811598,0.10574577617683,0.10656303328559194
2577,-0.03955071155184075,0.02438996584740105,0.08905774490569175,0.07969414719896382
2578,-0.029916309152979857,0.01211116640270686,0.036657406922194234,0.028664783431649476
2579,0.4796825865713555,-0.040396094294606014,0.10659247153867292,0.08044329428267197
2580,-0.06773669746094968,-0.1572394545645038,0.10277929403081311,0.10778446421629652
2581,-0.05215587361082168,-0.08276824761977644,0.08810112512422714,0.11003431121085912
2582,-0.7009014588554346,-0.06895359075527978,0.057137263066849416,0.037543155450999885
2583,-0.0346545023105392,0.22145815204239236,0.0950298551423966,0.09656061043557072
2584,0.3279694884898446,0.0006851271340473771,0.2502954184954936,0.1799255907060295
2585,0.04433211352573908,0.36173976631166455,0.13203045486989096,0.17103433120223807
2586,-0.02466729546898665,-0.31103990459436537,0.2277336227143692,0.2374574356787261
2587,-0.4853277538757031,-0.44545907745291935,0.08636098883014565,0.07871931631234709
2588,-0.08430419299757094,-0.028858826386874564,0.1394686965593686,0.11355971315717336
2589,-0.253758551932065,0.05361246846257376,0.1611613494707538,0.12571386750651892
2590,-0.5687404861739743,-0.3460371712407732,0.0852738674405948,0.07120780077284929
2591,-0.6816934995881871,0.3685604345611562,0.04594450569762298,0.034951268318529155
2592,-0.6646649686238633,0.12072935944615554,0.05707805236058036,0.04269566082194802
2593,0.03329225775195587,0.0017518134238661475,0.03320686946589764,0.02782162525579538
2594,0.12684646210014686,0.060688820185901944,0.13356490642824204,0.11646620858975251
2595,0.10380958955850593,0.17321761616801187,0.05358507132526883,0.04341278323834311
2596,0.18614162480294955,0.6335912923199324,0.049034141563357204,0.05135631287134889
2597,0.024582391194447186,0.05158594503123953,0.02378725523240113,0.017736486552913593
2598,0.1922026683186657,-0.42643836276375674,0.03120792618332574,0.028771909253755154
2599,0.30116650941838463,-0.6984258681546561,0.05270062410151577,0.053654680865440826
2600,-0.047666302544512214,-0.13284553982472957,0.09628691238491768,0.10158870614965275
2601,0.032387100542468704,0.005462927444263999,0.02334004617799284,0.01712580948053239
2602,-0.006988214969135338,-0.01247264419628067,0.07592587504688716,0.07109725332122172
2603,-0.019244007499163083,-0.048527680730237804,0.03868090504931702,0.026135133043696242
2604,-0.004052298165175325,0.11862097748430635,0.130934405747274,0.15798205405769258
2605,-0.04114978054451352,0.07484587822303419,0.04237556188110918,0.029917438583884112
2606,-0.20570810798617353,-0.057289510786534666,0.12365793882432505,0.08429399193233723
2607,-0.21516241746867165,0.05839531700218203,0.13358978395039195,0.10288438865559688
2608,0.2844665348041612,0.028241476851906082,0.07890725489149092,0.04770139220137364
2609,0.09606551419658307,0.6989159572027117,0.04756473437065985,0.05197083473954024
2610,-0.2630761350908081,0.20416732497836818,0.18241224473117018,0.15056988859054332
2611,0.08971987269277956,-0.11092308697735491,0.0618416297072061,0.0488757401083951
2612,-0.4044829526993686,-0.43188867502152856,0.08811049741386343,0.07861163292987977
2613,0.19148941223045676,0.21027437195122536,0.08049991995000749,0.07315693905367092
2614,-0.5653624848277101,-0.32495635338898354,0.06486144200765459,0.05288939910107051
2615,-0.0934596539884729,-0.009307386911015826,0.05981347600611483,0.049884560624037705
2616,0.07824646602004828,0.025298306116915865,0.029532701579114855,0.01983951499429422
2617,0.12347698648443536,-0.0173144774336655,0.11922724092880782,0.10750070400881165
2618,0.8130538837530275,-0.20033514961208848,0.0503462743332623,0.036851978253007386
2619,0.0682236342733136,0.06638865562516803,0.06862589922013793,0.05395426601345161
2620,0.2603879101156893,0.3052100447195453,0.06797276963166649,0.06389054444308093
2621,-0.254643528917068,0.00038031699807279575,0.1430214201938875,0.09081191234964114
2622,-0.5777271108563735,-0.41421193096390124,0.15487698268003455,0.13682403893217945
2623,-0.07041128178269959,-0.47124995717655943,0.08071039631121384,0.07437166921843595
2624,-0.0013355315116744025,0.057548313008388564,0.02770191277917286,0.017594545458178002
2625,-0.017484090374722375,-0.00986776772307476,0.04375651308539162,0.03533543319182312
2626,-0.038013011068984255,-0.39466913811246074,0.12967080307104906,0.15835250011071064
2627,0.027762916363907427,-0.43846332972691376,0.08592411025281552,0.11312562280263568
2628,0.12606044779077133,0.46292708925149,0.03611407446264756,0.03950577732891214
2629,-0.2664450311006939,0.2943588724455174,0.13117000866784148,0.12067102593509722
2630,0.0007222965494668816,0.0064020733214407285,0.05258195652240222,0.04939383588760793
2631,-0.008780804938910255,0.08711597815994951,0.15455179690655058,0.1537248552668178
2632,-0.4079770358228891,-0.14757706880294258,0.1337372119557892,0.09740545245307008
2633,0.3798239927888082,-0.5043794480969922,0.06911290995504855,0.06691475459759434
2634,0.07845750478095932,-0.05627488970428454,0.11490975983944415,0.11116544163900018
2635,0.03736472654527494,-0.05387093612209392,0.11955283996998493,0.11399933129725488
2636,-0.02359545116188583,-0.1120567389396904,0.10492210088608339,0.10233007740630974
2637,0.25923390075564773,-0.16522992627525268,0.10031710603564183,0.08000581671677762
2638,-0.48427827440164806,0.17306398959402122,0.05666133155350281,0.03459905145878822
2639,0.05382203390105885,-0.10651503124892493,0.027771355724946205,0.02170663568523848
2640,-0.014650718687214629,-0.02733067542669354,0.05749604849964163,0.044401137650663704
2641,0.06702711180860671,-0.13890441262124456,0.0772765951555255,0.06307133900305706
2642,-0.0020964665254249214,-0.019242462625721712,0.0429408103354909,0.036717001839540936
2643,0.017488027166263204,0.06607321881947018,0.14330871360306716,0.14279267042074723
2644,-0.11021513672070088,0.45482221739677237,0.07746588639469887,0.09949066708596674
2645,-0.09747748700757979,0.008525137369153963,0.19035450852061636,0.17508614205253556
2646,0.016902225717973725,0.051476535716144856,0.07494322535711717,0.077472158865224
2647,0.007987076129435246,-0.07469908316776891,0.036518224380056724,0.028720472128730426
2648,0.015679666946160572,0.06794543218278735,0.07824683627754624,0.07301736330102437
2649,0.06362295259136506,0.05362791188001254,0.06910045350117175,0.06561356414717001
2650,0.03256318384125883,0.20999662949838427,0.02287430289844121,0.02286940389582397
2651,0.19714229502915395,-0.2429869225902215,0.03113369809947515,0.026722048393344168
2652,-0.06812790268019372,-0.11503060677286696,0.05727609160342637,0.05127577499411289
2653,-0.1659878516976583,0.40112532728106104,0.04701399730492095,0.04573626816192829
2654,0.009894421855294749,-0.04394217226332628,0.04680672742148604,0.03386471045998122
2655,0.33558797534188717,0.2901454993610252,0.15189027954364281,0.13539965228321177
2656,-0.5611014076828299,-0.11506882373260041,0.08307066948445191,0.05480311204322684
2657,-0.12429662281617639,-0.1591382655011707,0.09436269968203581,0.08034591287890783
2658,0.0230252810121163,0.002936404812231188,0.08027793533222213,0.07018198825542571
2659,0.09727154719454591,0.013139484082990364,0.025357622515922742,0.016252761309262228
2660,0.0816727032430963,0.06932940455899436,0.03569279137479284,0.024586349812867836
2661,-0.08692875419520846,0.2011650869231034,0.15469648710784478,0.17240454346774098
2662,0.006313917322366687,-0.011010813897183329,0.10097176132232666,0.08693507715979118
2663,-0.036937105257916665,0.03512516586387438,0.12646675685153863,0.10892767053113686
2664,-0.11021386296564106,-0.1094990044036318,0.020642719164200653,0.016347350385908517
2665,-0.01087573549219115,0.009762571563935757,0.06790048861326217,0.05442562421063924
2666,0.32062014080538287,0.03935518132146836,0.06242218522855376,0.03675744815475378
2667,0.016248227993898214,-0.02368497654227234,0.07260000862231028,0.06446145850000444
2668,0.4607112150262816,0.20910631628499568,0.13130370250780854,0.10888302474266685
2669,-0.01087573549219115,0.009762571563935757,0.06790048861326217,0.05442562421063924
2670,0.022961474735580117,-0.07929101126946399,0.0780461629350268,0.07552179588314184
2671,-0.18327350934924155,0.35584873555071705,0.08753863327690486,0.08676746758586143
2672,-0.0719006371772914,-0.03461104444806034,0.1026253755867666,0.08168785153407142
2673,-0.02559702350816784,-0.014283651553383118,0.06498955061034287,0.04736197061007148
2674,-0.1753087253585743,-0.07792153909521174,0.021060573579235894,0.014931219983991379
2675,0.3893144177302846,0.6552623741919069,0.03801314180189634,0.03953590692510271
2676,0.4412510305775613,0.3837468651810579,0.04538554634890937,0.042640050447314296
2677,-0.001000899901624057,-0.18116323938993265,0.12539930161970916,0.14778187918050453
2678,-0.004212398547302658,0.03236952035981543,0.1517434222584224,0.15199083925945797
2679,-0.09477390550983913,0.07272291471157544,0.08085454726883506,0.07252224713932445
2680,-0.2066680462610113,0.49644355556365277,0.09113027838186114,0.08903099663568555
2681,0.018592260673709806,-0.03702548246044895,0.15433446346803067,0.145171047617748
2682,-0.021539530670988658,-0.21438975043115907,0.10403103982862082,0.11281681880118014
2683,0.08389715069253281,-0.2321554741063329,0.09326062828544888,0.09091891234554654
2684,0.607368840248042,-0.09008486777857788,0.08596336715678325,0.06218792682705425
2685,-0.016894733719049707,-0.017306306518654377,0.037162334403925044,0.024254913537305748
2686,0.31853961027819855,-0.17800139458461958,0.07716808427159733,0.06223540967604527
2687,-0.009416784123211456,-0.026878374265153424,0.06768965098891083,0.06210587527874938
2688,0.058156593285484316,-0.009276819538298155,0.06730830467469753,0.05374450981648953
2689,0.07747359340366343,-0.013583382884717742,0.0889801093377722,0.05015427259290361
2690,0.023359496806649237,0.023002920859240893,0.1257453844630544,0.12630889968445264
2691,0.021404315764856265,0.021305112066060485,0.026819877163175656,0.02030972755559519
2692,0.011158803144472648,0.07062638994119597,0.07708425865365685,0.06913081856078343
2693,-0.01739381872291539,-0.05484456278489227,0.05217952424378359,0.04466971350106401
2694,-0.15424310625764645,-0.18466724343492308,0.042555653463541086,0.030306508919226413
2695,0.48736420297873284,0.011036589397249504,0.08344400513584166,0.06019129675800989
2696,-0.2560969168242369,0.0024650441137122952,0.07152608620165356,0.04663498188427299
2697,-0.5987079165674246,0.07787273872723577,0.04377024538196584,0.027271208506309555
2698,0.142761198394327,-0.14356435698893558,0.1489468970206741,0.14198054830583084
2699,-0.026391247972484353,0.21387121494410138,0.05091905476709818,0.04873591856601265
2700,0.1465754618062831,0.05556117842543364,0.11332087176678896,0.1017652477974275
2701,-0.08642243068657596,-0.15686979211834248,0.06544668120668604,0.0572786932651188
2702,0.024049773055663328,0.00296508878707162,0.09770706465846854,0.08762265766104667
2703,0.3470460477164186,-0.0329186076610405,0.0576671118864145,0.038322979182016374
2704,-0.5603747532860368,0.381358687332341,0.054305285766413684,0.040361489142186
2705,0.011230465447130893,0.03228589083409302,0.08016936978430932,0.05414475737560225
2706,0.08221755338418285,-0.031975677293502446,0.09692979472121921,0.07590793074838824
2707,-0.08923984975046814,-0.08310468717174846,0.11735885776886629,0.10881926533170239
2708,-0.17462601720457585,-0.08886032969261759,0.08684044709095995,0.08478564477116428
2709,-0.7557295341489846,-0.27772374842133196,0.10133153802581644,0.0802562432726222
2710,-0.08216185210066032,-0.16959831647039947,0.11933423820709314,0.13273208480484927
2711,-0.170872500214672,0.042952657646392244,0.11048467644421914,0.08361630049009502
2712,0.06380168128653427,0.45828832253288504,0.03773836308126634,0.041167874533211475
2713,-0.20635915233107516,0.13491892082447257,0.0968527189642414,0.06474734035870541
2714,0.04884587640033542,0.08579093884894086,0.04758169831751544,0.031482618984154005
2715,-0.0388337477291772,0.00798420285226143,0.1300032205144397,0.13017224669967725
2716,-0.07662678022554001,0.0659186224340784,0.03935476469556779,0.028711711830790833
2717,0.19726849305721078,-0.1284479564711451,0.15677511118115045,0.18296347034076924
2718,0.013399254863432613,-0.15989882657363713,0.09488366799021589,0.11241712692682818
2719,-0.4415348242187471,-0.2844147389414712,0.10582905622413746,0.08732934323195947
2720,-0.022888251592947054,0.33074814055614526,0.09163838714930711,0.10649341514136869
2721,0.21053168568132494,-0.07758291155695751,0.04535722577705176,0.03128598640795809
2722,0.340961306627059,0.22985335594200343,0.10506936885292618,0.08873672444811277
2723,-0.7149522687694875,-0.09174741577900648,0.11159499103670628,0.07923103877994576
2724,-0.035059327906145035,0.07309195455772463,0.1226645268016648,0.12543925940200656
2725,-0.09839220191398118,0.000944575746205426,0.15098468802278806,0.11257275556985101
2726,0.1722458992512492,0.4524784360068647,0.0540496831577634,0.05760576149036335
2727,-0.11010460223373816,-0.10799954438624508,0.10053143766203058,0.10276277213796585
2728,0.034317286812847576,-0.15736286327173396,0.03425610167394119,0.02597796667039011
2729,-0.18327350934924155,0.35584873555071705,0.08753863327690486,0.08676746758586143
2730,-0.031570242618951035,0.018455199671501,0.08170923225090669,0.06580898941995723
2731,-0.5016686569711117,-0.256158201640566,0.09673369864469632,0.06788478694148627
2732,0.0757954965344233,-0.0006604787844473404,0.08947189369041997,0.06393773192767013
2733,-0.026832577907005068,-0.005383186508831802,0.06441346027975427,0.045666052388483674
2734,0.5687277878095085,0.2983681257417526,0.05094759824842713,0.04201620174035715
2735,-0.03751906215914436,0.07411790596824197,0.06655856501771083,0.052151535838907304
2736,0.23599589178500016,-0.4419119573449683,0.06684812918343595,0.07251841833365344
2737,-0.11575992607234145,0.6399156302295378,0.029258979606978854,0.030902078580640053
2738,-0.7402399743735756,0.43393175720157745,0.04956208930673648,0.04151222114176155
2739,-0.08950544908835853,-0.1413424643521965,0.13972685939067295,0.1070838768072009
2740,0.003007982731400359,0.026790053043795885,0.05562665326851219,0.04515024513755473
2741,0.19714229502915395,-0.2429869225902215,0.03113369809947515,0.026722048393344168
2742,-0.1139815209058273,-0.2038268159786508,0.10228067121448041,0.09385173162181734
2743,0.05128944474302541,-0.17490154918957104,0.1493290646666167,0.18135928968123474
2744,-0.02100812042140907,-0.08122420807047198,0.07703753252012441,0.08185572945136758
2745,0.1963654424904315,0.22735121850124315,0.04026728254112239,0.032894524822483374
2746,0.406542693567675,-0.7583161493435644,0.047845165952447956,0.04944037029390184
2747,0.47147297536717037,-0.5561607208812964,0.053966059980295904,0.05190577801163617
2748,-0.18080247258855583,0.4355718607477101,0.05528364591585503,0.05886012332386421
2749,0.16133057643997578,-0.0827037686903102,0.18206930683405778,0.1658716852975859
2750,-0.4013958432494251,-0.39535664139998883,0.08144594694040985,0.07044497887330482
2751,0.003007982731400359,0.026790053043795885,0.05562665326851219,0.04515024513755473
2752,-0.013934271421655448,-0.01682268725832855,0.05544126328271822,0.047940574290944435
2753,0.30812854669745504,-0.12582417527789358,0.17792392272431357,0.1461247652481616
2754,0.0382617167157061,0.04389798386319999,0.10129360504834203,0.08765505841471984
2755,-0.026793323081190094,0.0065625774271243975,0.11313252152995051,0.10590183889685471
2756,0.23675671165399856,-0.5664650227037517,0.04536941995222667,0.047671126140571736
2757,0.04425802711950733,-0.019509132263095884,0.050536460057953564,0.04536522171511905
2758,-0.038497856209812616,-0.06890557390854953,0.06054433739063693,0.04343892529461795
2759,-0.27915087663753735,-0.14741131610428004,0.061957972667284075,0.040283401733376904
2760,0.40565423043105014,0.13425860002075965,0.14043838009858006,0.09701469756118565
2761,-0.02021469223338832,0.007936167308278473,0.022137279231576473,0.016783399603801492
2762,-0.45225675966243156,-0.5654511547873252,0.10871634288839437,0.09578678772103268
2763,0.3298035204830269,-0.19592006483084579,0.05702669066932271,0.042989014297810546
2764,0.3977459124270801,0.11467641536448425,0.04012684792074148,0.025255333049248773
2765,-0.053172917393095855,-0.05973528394445029,0.07805165018927822,0.06929850049563754
2766,0.09937692767092395,-0.31949845366544627,0.09801805912192234,0.09324892821033061
2767,0.003542209829956895,0.10598112398955575,0.1110422180992349,0.10339714510143873
2768,0.11897106330412152,0.05758491997609085,0.155087488629681,0.1193607971757256
2769,-0.2050519684014216,-0.7143571357364301,0.10841381525347814,0.11388969165096037
2770,-0.047590408198776364,-0.017158040814591997,0.04792977460163217,0.03409317909049469
2771,0.010629934573834304,-0.0017243429484817769,0.047511048980671454,0.038572287755702275
2772,0.012390489372806079,-0.006954091701071815,0.08719123687430284,0.08275139391042466
2773,-0.0705178346502609,0.1414240868748244,0.15691222923697684,0.1829342564318746
2774,-0.2587750552092711,0.11683845597155325,0.06145082338184817,0.04459564695187745
2775,0.0038632552167979462,0.010689119889489375,0.043046512851486474,0.03344259256385041
2776,-0.4014868458563569,0.09494253887351449,0.06620250605720787,0.04003365628643309
2777,-0.07933981619313576,0.16493792534448862,0.03943251681610694,0.03484750788688504
2778,-0.019403042700892343,-0.009788899063680433,0.06632607657724605,0.06388547922441598
2779,0.3352079222742492,-0.6123991481894832,0.08464872528496903,0.08472696013318429
2780,0.06280370947649463,-0.0012561507665139271,0.042241914762039104,0.02625338277699158
2781,0.3164399602276596,0.2081935736078697,0.08238331022634166,0.06899491309083382
2782,0.2698305676067665,-0.2306058556466508,0.143071975441115,0.14672730971220635
2783,-0.36403585124084115,-0.24180355890010788,0.14943406973209902,0.1299209777074529
2784,-0.04834863209298062,-0.06470228387738393,0.12334546509419404,0.11686894295436501
2785,0.34926291422136835,0.08628699116124341,0.220328497545769,0.1697696234512822
2786,0.028793019395304296,0.009333738630801398,0.14420593935488055,0.13569933212959273
2787,0.04713951815515716,0.08325299464296936,0.05685449358704862,0.04435766560035135
2788,0.03268284687851462,-0.034442505524415204,0.050094440668211726,0.03191447151411542
2789,0.10396898896747482,-0.21625973669368834,0.09263115459694266,0.08482196346723475
2790,-0.10845035690391942,-0.014195161117387257,0.0800298648805066,0.06545807246053566
2791,-0.07186246441047713,-0.17428866536710838,0.14148281259473575,0.1456770835674055
2792,-0.04935697055743577,0.3860681683702197,0.0706921650117914,0.07176110011960386
2793,0.0071631084578080385,0.02346380485567211,0.06726895243710353,0.059733625939283434
2794,-0.014000150805399628,0.04594885992683019,0.03621478729151711,0.031277811860418746
2795,-0.1946469897768787,-0.2028517669556035,0.1366585608397562,0.12328625904257459
2796,-0.05760189136167602,-0.10052100042601243,0.057694540354503526,0.05467510825389609
2797,0.006311539128359102,0.03791523075185126,0.10663475593064953,0.12593930228629882
2798,-0.008348924879078696,-0.10839840029717697,0.07909988877816165,0.078627046298878
2799,-0.19438754334446273,0.37043148064905224,0.1293787280408777,0.13587123364932968
2800,-0.08612081237820578,-0.21473661989213538,0.05712413079622066,0.055430063556947566
2801,-0.039998848379330675,-0.04926628199969169,0.09037239811194209,0.08318106605456368
2802,-0.1866993545647733,-0.09504549512440973,0.1309482554599031,0.09470241399947335
2803,-0.2767349442262586,-0.562507845958756,0.1078591141103607,0.11135540684226586
2804,0.04102652407733607,0.058882439754903926,0.06289060962164528,0.054296292731829066
2805,-0.008626634858576818,-0.013133653066085951,0.0367673492631444,0.02594084726984267
2806,0.024798372776979393,-0.12933224631042928,0.056407401344706544,0.04997555147107378
2807,0.036995709023719216,-0.009360563898394604,0.056896191756618565,0.049490246055986446
2808,-0.16952468895051223,0.10726593869090273,0.10131579917223582,0.08339206576605196
2809,0.0470999939673323,-0.4602545937275256,0.03794656083784971,0.04401107486272385
2810,-0.0509529971158541,0.04853149251270985,0.036890827152198526,0.03148310129874612
2811,-0.14433718188600422,0.08906474785199328,0.08951986562585935,0.06401511290759351
2812,0.04905797216852458,-0.04547490735302546,0.05505151134566985,0.04557015349897351
2813,0.03236372835396472,-0.11527692230186981,0.07655119676311528,0.06869043578203914
2814,0.1037421018726135,0.24397912942392666,0.20897624612131857,0.19824229398848006
2815,-0.027985626085037508,-0.31420033042551604,0.13373705058535945,0.1373589456619333
2816,-0.4289548099539518,-0.5019442207540099,0.03949396821342101,0.03560190056385442
2817,0.40161189024097455,0.1358934787745457,0.05155326553752405,0.033648466874479636
2818,-0.060786632564172806,0.4020289490481732,0.1300587693514804,0.14307156111625619
2819,-0.04159481232591045,-0.2912198232266705,0.042084722600248724,0.0405131342027085
2820,0.024964748585946852,0.007481085241629624,0.03461767359880271,0.022272011107145925
2821,-0.09357617308631938,-0.22678445482097204,0.09971915665524654,0.10579132966702737
2822,-0.30540759151869246,-0.11008003029718494,0.033231895697258394,0.018815839430872262
2823,-0.11886730986840333,-0.03187613205912606,0.13927930211166933,0.10370853904540689
2824,-0.19770647044204662,-0.40499281476156573,0.1299340855728813,0.14426866085925202
2825,-0.1770708755645787,0.47963423528307664,0.05953890979631874,0.06365732289593733
2826,-0.13884465072754293,-0.06390763280197659,0.049732823344122844,0.034142669475242804
2827,-0.25624694242267065,0.04793814233073867,0.05759006828302596,0.0344570042042072
2828,-0.05239712830608268,-0.13323153321695017,0.050041322221300644,0.041674310147021054
2829,0.0014720532673112808,-0.026196519839592793,0.08220881911451375,0.07111822551946795
2830,0.10103437873140943,0.17306386539024776,0.12147778952951235,0.12930411371976852
2831,-0.29274803314497916,0.021185697607111406,0.16495508929804228,0.12764640436498448
2832,0.21694609852929342,-0.09825868131817572,0.11016373022938798,0.08330502209292977
2833,-0.013449223882948783,0.01442856022975346,0.05442855675317316,0.0437373126023441
2834,0.008014913234322126,0.047416473730976294,0.051782717640737594,0.04908935475117193
2835,-0.1531055838856707,-0.09126921708188747,0.13828014259217833,0.10581832568206548
2836,-0.16307339230477383,-0.07462315334894219,0.14460829372294534,0.12335561962870462
2837,0.3694539696516979,-0.3417801400741067,0.053072207338072865,0.041706878030045066
2838,0.17808901514182396,-0.36638596895738607,0.10105415625565269,0.10541122650740405
2839,-0.09735812789765055,0.27727218391788927,0.08428432296769034,0.07467847333422005
2840,0.03483751836972495,-0.23055409065356783,0.09147107300580354,0.10186571440781574
2841,-0.12268700216322696,0.13800575325086287,0.05356028290187719,0.045905354649870944
2842,-0.19499424151199135,0.2423097055981401,0.08728088427913755,0.07497684122836222
2843,-0.009989693508416778,0.09879702396229542,0.0218469120835591,0.01671709645386346
2844,-0.668237007508164,0.09203910647860028,0.11032655027593709,0.08653467779254653
2845,-0.20946234760748128,-0.10968556963113746,0.13891131760736442,0.1140868130225694
2846,0.013626815533807016,-0.1736912565471854,0.17798221360190572,0.20153328502232593
2847,-0.04266005886445965,-0.1440951163632272,0.048617466280880164,0.03941454342451206
2848,-0.07899845880193129,0.023421857053072443,0.14262093440848383,0.11910628942061885
2849,0.40472136453910235,-0.17625273509513897,0.1528948136254705,0.11146030154102772
2850,-0.0938953532646814,0.46826711399781196,0.19197130452740568,0.2104138167364022
2851,0.5673785595645432,0.3404754747616659,0.05294959361891874,0.042059852503271454
2852,0.4226386765754198,0.08207134052003523,0.03284031549436131,0.019916117360065894
2853,0.05468708249845775,-0.003465087640604111,0.05770195501645559,0.04508551207527282
2854,-0.06944047705791478,-0.18281730857837541,0.0405866934076969,0.03541908839275648
2855,-0.036414688011865905,-0.04950676235417459,0.028615057041048147,0.018970907392439104
2856,-0.10399116513635873,-0.431850633123767,0.08168658968981654,0.09400357348436343
2857,0.2837109769259714,-0.17175987043376956,0.05581027697663489,0.04473774093973901
2858,0.0670694845213809,0.7547424465503195,0.04139327237203746,0.04233301689132392
2859,0.026814728772655335,-0.003130783983102633,0.028749921164858167,0.02051570728945994
2860,-0.026862878780893776,0.03230401065531893,0.04066453696148372,0.02915569554316526
2861,0.5420034769389243,-0.14780511355801426,0.09083931254793776,0.060986388721089656
2862,0.04082127144366617,0.0890749536146677,0.11631975266792526,0.11220242988094192
2863,-0.22708068058019507,-0.2104732646860958,0.08420722447613682,0.08251285306474275
2864,0.06323783834921848,-0.06493401322912185,0.1214666881134224,0.10406664277285155
2865,-0.014030312047299268,-0.020994410462027158,0.027409067224026504,0.021102076109199522
2866,-0.13833213786562254,-0.03220426718290188,0.12769366116301545,0.10245482680499787
2867,-0.2898035395152228,-0.21521728634043463,0.22237050827514335,0.17684492500715565
2868,0.09202661245083052,-0.18665294933176477,0.13739180933045983,0.17272545008480897
2869,-0.019016247534449155,0.06413832562813858,0.05544196607471227,0.04365858000158331
2870,-0.034614092745536194,0.061172430439526644,0.06800209918317658,0.055022802775427336
2871,-0.42430299610417865,-0.24142733363659702,0.11147742216332762,0.09298961102109078
2872,-0.10194381231005528,0.12051813952891662,0.15428923835858882,0.14410406291696362
2873,-0.04817184489670857,0.03750495143801226,0.07261593845537047,0.06122319001370998
2874,-0.1887783993666877,-0.09933806610667587,0.18329550254566737,0.14198297755279926
2875,-0.7253843348089176,0.06178728342720679,0.07365928352894578,0.06384889380157749
2876,0.12777563799042183,-0.36450195072648434,0.09768331217606833,0.10489685456214867
2877,0.15448535877885658,-0.24203980003446537,0.12850587919468293,0.11642757690865317
2878,0.004080641776688011,0.022367123666406336,0.07951409544058505,0.07378520438364458
2879,0.0006698046177375889,-0.04151606711678422,0.07433942660364347,0.07325860689733364
2880,-0.24897881579689365,0.2977114676480361,0.22218075803097026,0.19909311123598397
2881,-0.09692739824079116,-0.05413909560495259,0.13370501929077036,0.1404638065708964
2882,0.286844418571842,0.20536413159446248,0.05582446343140787,0.04614799629556238
2883,0.0071897452500151405,-0.014474405844370826,0.02546643972233955,0.016861664730075925
2884,-0.10372747566480493,0.09283274052278646,0.06676652775918769,0.06125669135096485
2885,0.012567816255033015,0.03470711752263143,0.09776529371094296,0.09477918337664598
2886,0.14968087426446508,-0.2661692019805159,0.1088060618312349,0.088094418739175
2887,0.06330942536442367,0.9263791517440244,0.04145198497922415,0.045017098790386574
2888,-0.44347499174559973,-0.09393218421550817,0.08100566631235467,0.059618524783
2889,-0.03209729017380284,-0.013508165933303624,0.06357591713823928,0.050191713082675816
2890,0.002468953897471318,-0.09150109974580474,0.1839559568362513,0.1852685129120707
2891,-0.12264180511098537,0.03273692402504805,0.14393533607398587,0.11929409966053227
2892,0.017570247174835612,-0.04727320023746514,0.0811519587959803,0.07998135310831307
2893,-0.04607655214578638,0.03084558261540409,0.06973452698804046,0.052984112307545475
2894,-0.07938248484126656,-0.1279168123635909,0.1262057520766266,0.09992660648964635
2895,0.18811323360013865,0.19320511752911654,0.03322105987377174,0.0289027362282879
2896,-0.059081661098089176,0.1137941959969104,0.06459575507210595,0.06310957500746059
2897,0.4660865940863022,0.38477934278848375,0.030005266386499196,0.02703126876396525
2898,0.15661069311585984,0.008901893409341506,0.043958599058253695,0.02701954289373333
2899,-0.002468186281912842,0.07895359963567679,0.050287825484094016,0.054570210491010435
2900,-0.0979572269189127,0.12161123999893628,0.0901279083254144,0.0644556786649877
2901,-0.0030380618172773143,0.144699371764436,0.0679863261777194,0.07289925282693668
2902,-0.11376817730309426,0.3183409156780221,0.12109152586109598,0.1298257933580185
2903,-0.045896184987043016,-0.0589040490919353,0.036624511149143106,0.028265465571672598
2904,0.17434016108819977,0.18968139567968748,0.039963126020559216,0.028732203009848856
2905,0.05468708249845775,-0.003465087640604111,0.05770195501645559,0.04508551207527282
2906,0.3044107797097618,0.2158767008140686,0.06220913605192995,0.04893757678344386
2907,-0.06273921968565624,0.09344891706559758,0.07411543219487988,0.06910055177145248
2908,-0.0019908518648136574,-0.05957074149157878,0.08418304420838997,0.07061313894237714
2909,0.0018936340217269266,0.12161420986472812,0.1377260269339957,0.16400454265527256
2910,0.5480372775399026,-0.06429422323040103,0.20531667377785598,0.15576047987592312
2911,-0.03789213424953455,-0.1548841942298586,0.08666556517966109,0.10613900455050623
2912,0.22058388318605193,-0.11161851880600507,0.11251193832453843,0.08240401459809495
2913,0.18538158294900686,-0.045041741880523144,0.07504175502752652,0.04710416519692543
2914,0.03097307894751652,0.3159817570777252,0.09283473834183978,0.10307834108719285
2915,-0.6153944879945293,-0.2885141385037091,0.12538458056470894,0.0895178385460921
2916,0.24346641311752862,0.1322419466386041,0.18987000986566527,0.16026939501557116
2917,-0.0006851361297970553,0.04848258982658906,0.14534947891164135,0.13253467350457165
2918,0.271758839944669,0.3609842159303826,0.11331743639575069,0.10297362418087229
2919,-0.11491668375553472,-0.25123476246539705,0.07528710856960061,0.06991010472737944
2920,-0.22631520294724855,-0.660796224376073,0.1836499078217059,0.18887040576823952
2921,-0.03919845868126534,0.37386194977974,0.0828936009704757,0.09962449370808601
2922,0.08711877017112066,0.011184746930620937,0.14732139952809975,0.11585824493764006
2923,0.1012637310018569,-0.7936423190749171,0.053404683339710275,0.0618925311955553
2924,0.2579876462150818,-0.018493109813772772,0.035041952001220754,0.0193147020015028
2925,-0.2983523437582503,-0.501879734243022,0.07523188768180829,0.07467613674408768
2926,0.04436003043528135,0.035511252051988,0.1934450931485561,0.16059787656987778
2927,0.08997324777007162,-0.14849166861940474,0.026464983944512268,0.023503500351156448
2928,-0.01938565584962328,-0.17036865459782535,0.06089961665509832,0.058297935222282146
2929,-0.5356108599296124,-0.27601879430286663,0.2191883472583489,0.19398028684688523
2930,0.14070502197061932,-0.20874633777511253,0.037316131441997274,0.03106087018526215
2931,-0.21666492078575894,-0.03649608083767825,0.1862840235596247,0.17423454099777852
2932,0.12567768480220823,-0.17424228025613064,0.029406917014344183,0.024232939418019264
2933,-0.4137256362309783,-0.25008998203779903,0.07822053576941067,0.060437192592399644
2934,-0.101731727460595,0.153408473528552,0.03820839767767486,0.03057599089928976
2935,-0.06478872152134015,0.07057224120913433,0.054770169716257686,0.04976397777232969
2936,0.16458388939661645,0.13757347204296377,0.07632828994415179,0.06320795944066203
2937,0.8962108748515311,-0.1145927061309441,0.053623807426538876,0.04299535194532594
2938,-0.12749480709955874,-0.08192381764102724,0.05600092482645605,0.04215088910501431
2939,0.020404957939077466,-0.19217885196107665,0.21722596400786592,0.23895901695727098
2940,-0.04149934392475702,0.06184738496207378,0.1189883997605747,0.12082135202253921
2941,-0.03267273788294698,-0.15754842913059272,0.09756498677030342,0.11047582071375234
2942,-0.6002755854820515,-0.4954787159384516,0.08643275290042686,0.06807466261368807
2943,-0.007916395377184932,0.031258452904806305,0.11306087226802414,0.11203521630078782
2944,0.039639061434136,0.02448602382959869,0.06953471263722312,0.05098498563213522
2945,-0.18830811602694456,-0.5303931760658592,0.17288207705725886,0.20460493146039183
2946,-0.18664063424725433,-0.5389442654670464,0.1939000896857805,0.2071178191817
2947,-0.12449011942818157,-0.03806998500965545,0.0243332273771142,0.017224755915116966
2948,-0.13672069733662248,-0.3060878260924822,0.09209999863994452,0.10084493649030617
2949,-0.13873805334395883,0.6280753415703888,0.06674595193362892,0.06769516019203448
2950,-0.037809214068246215,0.02216512653646007,0.04219517447456833,0.028341916752094184
2951,-0.08804136404824911,0.1162302805353426,0.1487026916463629,0.10938654437756745
2952,0.5702975839030737,0.56074703065216,0.06788406789542108,0.0635907807442358
2953,-0.4362201184573304,-0.0605467533004904,0.10043807556825941,0.08624097572222618
2954,-0.0003354080779525469,-0.008051896597015419,0.03925470842470448,0.031581409144717784
2955,0.007515221668165424,0.001479932773133053,0.04631047022866732,0.037427671899903876
2956,-0.11013654455274707,0.15675215391701902,0.11951750814790736,0.08836683827616366
2957,0.03533476683995308,0.4804383500936597,0.10733525157789486,0.11129830021593003
2958,-0.09157835285204366,-0.1255267274850597,0.14146788520671041,0.1391262355874676
2959,-0.06866828069038794,0.13894782210241033,0.07168507708941162,0.07497794843047216
2960,-0.0245678066663881,0.03801634822794577,0.10383669462671903,0.09544403107309092
2961,-0.041596171552405616,-0.016713591286361518,0.030000123282158658,0.02093260866202037
2962,0.10256740923265911,-0.28730329520285436,0.1015185968773121,0.14717076826311387
2963,0.057414284431585076,0.350452875179701,0.1022910262933408,0.11106117240926888
2964,0.24242646771482693,0.05771677707908363,0.13609864661231963,0.11218822601119742
2965,0.08886104298631312,-0.06995234041267921,0.1374750982853922,0.09642791074877341
2966,0.016679829810422913,-0.044145666459635746,0.09305129270992647,0.0833520617611922
2967,-0.04617406656474889,-0.049125595830577594,0.046484484393934426,0.03405362271282718
2968,0.5155916085957147,0.6134537129772929,0.09836738227073454,0.11023699923155776
2969,-0.03620533394828165,-0.2178221329711943,0.13435719780649144,0.14646619787298032
2970,0.2625331170187635,0.38606735433085604,0.08979640804685095,0.08471302211655934
2971,-0.128996497305015,0.2732558586494569,0.042156596127701056,0.04369403769045299
2972,0.0003760210641183077,-0.012092634564334272,0.08259189758349267,0.07353013345830442
2973,0.012213562321184198,-0.006422401209366991,0.05637876017455382,0.047474219362140475
2974,0.05556085278890737,-0.44892771627237743,0.0832870190904905,0.08890353565987037
2975,-0.15150623961198004,-0.5888075022902123,0.04628489603563339,0.04972993329561037
2976,-0.21605020203738964,0.31099816491073956,0.05729947468703501,0.06024546957764831
2977,-0.17676799516115982,0.03318660962961788,0.16882191877415015,0.15110798032565603
2978,-0.005111989652399678,-0.043981226359471985,0.11046757047876851,0.09429893835815718
2979,0.0576069365383152,0.09732278937342113,0.0775607604593147,0.07733127866944985
2980,-0.09477390550983913,0.07272291471157544,0.08085454726883506,0.07252224713932445
2981,5.470151812516765e-05,0.02774468185722683,0.03239234649591565,0.02066720705567862
2982,-0.1344028230761166,0.02766006105921448,0.04062163871387687,0.026361858339836657
2983,0.12003958373656004,0.24391125959345564,0.06198265160365904,0.052325558832772914
2984,-0.13650618272516385,0.15441238543612323,0.06792404317802489,0.06593111001798375
2985,0.08753785122499709,-0.04242142565736832,0.18606555795042604,0.16399278501208586
2986,-0.14683401081357209,0.24235809205844258,0.08045002836377142,0.09297633313548415
2987,-0.04468519461946669,0.024419300419082614,0.044936490954165936,0.03154548847005901
2988,-0.13772384266524243,-0.16881513752130128,0.079715622608717,0.07153503118448397
2989,-0.15879039544247298,0.43407008455739865,0.1099247376210112,0.12438790729564393
2990,-0.23056317124276904,0.30906850824158877,0.15956875069408377,0.14880979699765937
2991,-0.07795357779975179,-0.26456639271657134,0.1680556324008977,0.18311277666223313
2992,-0.01738527596563436,-0.2872168803016552,0.10671943943917234,0.1289187236920787
2993,0.004914657070113108,0.030546286562171746,0.067041751737028,0.049075756999611225
2994,-0.22556029330974825,-0.3589465942875293,0.02832028872675165,0.02734483509405912
2995,-0.5588086815559307,-0.027674425772921014,0.07306879634179687,0.05293586262644588
2996,-0.13840964744170223,0.013916154987061967,0.06323490682165317,0.04655457074368113
2997,-0.5640097086716729,0.26701105643979356,0.0627908675883626,0.04501243429573319
2998,0.09925352483010305,0.015618371667577513,0.035883097033281186,0.02674885437331249
2999,0.3322322724295435,0.2504080682936038,0.08175939993188835,0.06724492055613225
