,e1_out_mean,e2_out_mean,e1_out_std,e2_out_std
0,0.1892953,-0.63026035,0.041772217,0.047807857
1,-0.008893115,-0.0033284053,0.08373722,0.0731003
2,-0.36614034,0.36234644,0.21137466,0.20897856
3,-0.27075988,0.5096228,0.061260484,0.06100699
4,-0.07003937,-0.020609982,0.037212282,0.031251438
5,-0.019189928,-0.43097904,0.17768157,0.20423678
6,-0.060369864,-0.016008325,0.037881326,0.029305324
7,0.19375001,0.028844006,0.050536107,0.036650576
8,-0.018907575,0.07213794,0.1114131,0.10240082
9,0.24701804,0.2873404,0.036101013,0.033148963
10,-0.37286672,-0.8003659,0.04182126,0.047609266
11,0.038351517,-0.14004493,0.061728623,0.05155486
12,0.12085064,-0.19051498,0.064422615,0.052961912
13,-0.23196103,-0.01546514,0.250766,0.18413326
14,-0.03938593,-0.22328836,0.030650564,0.02561922
15,-0.005284231,0.01862228,0.0714839,0.065330744
16,-0.10238251,-0.07879153,0.10518752,0.11088603
17,-0.02783002,0.1912986,0.05530376,0.049009334
18,0.23550415,-0.23152748,0.12088432,0.101982296
19,0.639932,0.114416406,0.18733677,0.18214913
20,0.17007378,-0.12989248,0.031282414,0.027440233
21,-0.09708154,-0.17839727,0.15519711,0.17330618
22,-0.06913881,-0.07362321,0.08469715,0.06425753
23,0.08383037,0.29794967,0.13233636,0.17186485
24,-0.010785304,-0.017682195,0.050848532,0.041331463
25,0.0022109747,-0.025866643,0.03250038,0.026912397
26,0.09774679,0.29459652,0.18479449,0.1652163
27,-0.25556535,-0.010365941,0.06639569,0.047134906
28,-0.051759534,-0.058964178,0.08842537,0.085077606
29,0.008198567,-0.032592267,0.06678896,0.060092364
30,-0.081817016,0.15234967,0.07265745,0.06563952
31,0.034014393,-0.17093766,0.07164692,0.051849846
32,0.116522014,-0.503252,0.07166391,0.07912243
33,-0.20093532,-0.006778516,0.051661357,0.040177755
34,0.13800605,0.19668762,0.049283084,0.044702183
35,-0.2666819,-0.21515712,0.23767872,0.23092787
36,-0.22241996,0.38633743,0.042585254,0.038743597
37,0.05387708,0.5168078,0.076266944,0.08066386
38,0.51020896,-0.0069250166,0.050423674,0.044032373
39,0.111793965,0.017778426,0.035564467,0.027641868
40,0.07527593,-0.39640248,0.083032236,0.09903553
41,-0.0074100588,-0.10807432,0.040757447,0.03255366
42,0.09717433,0.10381627,0.23760737,0.2287078
43,-0.11391866,0.16881068,0.06211004,0.049137242
44,0.05053586,-0.15505359,0.18777,0.16674155
45,0.0014391057,0.21851274,0.1908028,0.18460722
46,-0.13882086,-0.044801623,0.03213069,0.024568181
47,0.08334027,-0.16798675,0.036598418,0.032004986
48,0.046575356,-0.23755354,0.11822716,0.10632433
49,0.09589274,-0.4394035,0.041287094,0.040685683
50,-0.25565603,-0.036685467,0.05898138,0.054169014
51,0.008783527,0.005751461,0.031470954,0.02589781
52,0.048161674,-0.12687922,0.105872974,0.08395198
53,0.094567925,-0.089838386,0.06018708,0.04236708
54,-0.03704138,-0.30644265,0.05768601,0.053993877
55,-0.14817914,-0.675485,0.038872525,0.04936264
56,0.17036872,0.04613296,0.09809015,0.09771023
57,-0.014406271,-0.024842285,0.03674161,0.031639267
58,-0.008361882,0.07963779,0.08682623,0.060647685
59,0.0049956553,-0.03973785,0.031545926,0.03023255
60,-0.3634015,-0.47242728,0.06892394,0.07959781
61,0.11510585,0.10791549,0.23679216,0.20914783
62,-0.013511285,0.21264945,0.06436817,0.060595
63,0.0067256913,-0.054484054,0.03314882,0.027358904
64,0.3474326,-0.7659949,0.15385823,0.15331578
65,0.28156474,0.13274822,0.28921357,0.23302597
66,-0.0014600009,-0.16650972,0.039259676,0.031851426
67,0.012464218,-0.07763179,0.04163044,0.037107226
68,-0.08031957,-0.09827055,0.086130746,0.07870761
69,-0.29785448,-0.41786447,0.121698335,0.12323449
70,0.042172533,0.116656065,0.031211702,0.02572993
71,0.035524864,-0.1253356,0.08957191,0.09609375
72,0.43304616,0.60430443,0.069666624,0.06246011
73,-0.666774,-0.12989888,0.04934946,0.036198147
74,-0.19366595,-0.41292801,0.07475265,0.0894131
75,-0.2804121,-0.26049495,0.098557875,0.098250225
76,0.06341265,-0.031262487,0.16957082,0.13646463
77,0.5126996,0.45189,0.031941924,0.034568403
78,-0.049034808,-0.28895035,0.053530145,0.046258274
79,0.61791074,0.12982452,0.041281603,0.029579483
80,-0.08575325,0.05449882,0.08353821,0.07978903
81,0.0145118125,0.0005258396,0.10075209,0.07760711
82,0.022242121,-0.08461508,0.027003182,0.023457367
83,0.017980654,-0.049213737,0.027281627,0.022874312
84,-0.019457664,-0.16656467,0.14383408,0.12256908
85,-0.14835621,-0.023851365,0.039113756,0.033816367
86,-0.028261501,-0.013568737,0.09221453,0.08144024
87,-0.15228751,-0.12310742,0.07661549,0.060840763
88,0.018354625,0.034843706,0.06904011,0.058054276
89,-0.05140081,-0.1485195,0.2531676,0.18656607
90,-0.06134527,-0.15880165,0.042337317,0.039201755
91,-0.3564006,0.32714027,0.055942994,0.04586289
92,-0.21092471,0.7922232,0.04292963,0.043693844
93,-0.13797016,-0.031031087,0.06707593,0.059066862
94,0.121503666,-0.055449933,0.030619232,0.022373626
95,0.41841295,0.28461552,0.037449777,0.03124364
96,-0.012095628,0.052891213,0.19917019,0.15627423
97,-0.16878,-0.5072309,0.030246072,0.033208523
98,0.020185858,-0.07365909,0.033208787,0.02774086
99,-0.047571015,0.57591856,0.040192258,0.051173612
100,0.11322239,0.09737633,0.14857508,0.13232331
101,0.04446182,-0.0017818585,0.034016255,0.027601369
102,-0.18058416,0.04125801,0.14816593,0.11081977
103,0.037585575,-0.0059910566,0.053291693,0.042263117
104,0.073143944,-0.47294977,0.040456865,0.042355813
105,0.95341617,-0.11234312,0.057927914,0.05163572
106,0.048243854,0.11526265,0.06752419,0.05938337
107,-0.04404628,0.07637733,0.100976355,0.102628715
108,-0.008990867,-0.04995185,0.23127165,0.19657014
109,0.022082083,-0.081055135,0.038142297,0.03259961
110,-0.010997573,-0.0051549003,0.037387077,0.031806037
111,-0.06087521,0.07405119,0.038599465,0.03369332
112,-0.0065507963,-0.025111571,0.032097556,0.028223328
113,-0.47738782,-0.40213773,0.048514765,0.039829142
114,-0.095051154,-0.026280187,0.077883825,0.06011847
115,-0.20438783,0.108238325,0.11192677,0.090238184
116,0.532171,-0.36298278,0.054603383,0.045798033
117,-0.65178514,0.14855936,0.059523813,0.043527544
118,-0.12110035,0.40886602,0.08932445,0.08856999
119,0.023951527,0.04074706,0.023669995,0.020685403
120,0.11780988,-0.22687617,0.032309487,0.027964948
121,0.0152816735,-0.0127516985,0.030616226,0.02534229
122,0.37642694,0.35765716,0.058992952,0.058413137
123,0.056650724,-0.14948265,0.06900906,0.06409985
124,0.002424378,0.306,0.041113783,0.038682524
125,-0.021296987,-0.03784682,0.046563525,0.045839537
126,-0.24993819,0.07392832,0.16009283,0.12622711
127,-0.43717158,0.20226523,0.05578303,0.043124992
128,-0.046619903,-0.013437726,0.03984178,0.032900054
129,0.10748488,-0.16676915,0.13348824,0.10860787
130,-0.030209204,-0.07731694,0.12008473,0.089891955
131,-0.081495285,0.2033325,0.026027434,0.021959594
132,-0.012330515,-0.07676606,0.047788486,0.04116039
133,0.012588184,0.052945554,0.030618887,0.023780735
134,0.002877906,-0.103808,0.03144196,0.02754356
135,0.011863496,-0.018143289,0.03354591,0.029414017
136,0.0021712556,-0.1894781,0.069302745,0.06232125
137,-0.4514343,0.12948512,0.05593657,0.056552794
138,0.14586343,0.10943151,0.049911212,0.04301799
139,0.034364726,-0.10641821,0.11506467,0.093580015
140,0.027992249,0.040333856,0.07523939,0.0660901
141,-0.11932166,-0.0029484406,0.031678744,0.026661232
142,-0.1822941,0.42812082,0.06370433,0.06004627
143,0.17361285,0.25609615,0.07793411,0.058764815
144,-0.03178083,0.07507632,0.035262197,0.03242992
145,0.3194851,-0.5590863,0.041026823,0.046002515
146,0.13401152,0.34962377,0.035068844,0.0348468
147,0.33020347,0.39151737,0.08951414,0.096279755
148,-0.36365616,-0.33251914,0.12736423,0.09886984
149,-0.13060567,0.14436181,0.031749543,0.027227039
150,-0.5254666,0.10737415,0.047322765,0.031917278
151,-0.28051323,-0.07166062,0.028436456,0.023255572
152,-0.021954194,0.15659678,0.044674013,0.034950346
153,0.07330735,-0.28892305,0.038867246,0.03446134
154,-0.12712266,0.23537435,0.1635305,0.20259112
155,-0.05755461,-0.014459163,0.043232895,0.0436618
156,-0.04284654,-0.042265296,0.031964086,0.027350621
157,-0.16199915,0.04607617,0.07268383,0.06631383
158,0.06821157,-0.13352677,0.06415309,0.057860993
159,-0.06880011,0.022269405,0.12281833,0.112763785
160,-0.03922621,0.078825116,0.03524436,0.028514974
161,0.5822091,0.09688648,0.070836306,0.0554204
162,0.009214751,-0.47057393,0.06895333,0.07023628
163,-0.3059637,-0.16778105,0.044265345,0.03696119
164,0.021903768,-0.057640582,0.026803927,0.024808226
165,0.59808165,0.28957936,0.039851975,0.040044427
166,0.19385071,-0.03749442,0.08354171,0.05956491
167,0.023445297,-0.08411662,0.08519342,0.07470964
168,-0.11668004,-0.050466448,0.027154362,0.022869624
169,0.7597892,0.008184239,0.053443257,0.044641897
170,-0.7545942,0.09091869,0.05596893,0.05033144
171,0.019801658,0.016545579,0.09883287,0.09076327
172,-0.26799786,-0.024767406,0.19474506,0.15437879
173,-0.34437048,0.12582286,0.06439523,0.055022895
174,0.03368662,0.0450164,0.049528837,0.039443668
175,-0.08113274,0.04010078,0.09814234,0.07120848
176,0.01408897,0.049169082,0.03291192,0.027015418
177,0.0003331527,-0.005778037,0.09100648,0.07970349
178,-0.04964819,-0.060109064,0.10648541,0.08055152
179,-0.042636376,0.09565009,0.2255266,0.19997579
180,-0.004546039,-0.013282225,0.03350338,0.028179277
181,-0.5145867,-0.57619536,0.047547866,0.044407364
182,0.022019107,-0.16416314,0.09017535,0.093927026
183,0.68962526,0.548514,0.07753793,0.06069502
184,0.0053173974,-0.058514327,0.17778078,0.17940652
185,0.028761636,-0.005401328,0.027747383,0.022766829
186,0.0023964867,-0.002563715,0.025417704,0.019332387
187,-0.2041252,0.33628094,0.38638237,0.37933075
188,0.133373,0.17415212,0.038288135,0.0320061
189,-0.27558276,0.62679267,0.102533594,0.09817621
190,-0.17238154,-0.13879286,0.117365904,0.090759054
191,0.028060898,-0.016116403,0.052919783,0.041011978
192,-0.04049422,0.033718947,0.06785229,0.05646086
193,-0.047684394,-0.011506557,0.026336107,0.02244734
194,-0.0009461008,0.060696717,0.026338894,0.020159937
195,-0.24159187,-0.0338282,0.047049962,0.034241967
196,-0.753549,-0.13708527,0.056529216,0.047311988
197,-0.5570753,0.3161268,0.2926444,0.24043545
198,0.30740547,-0.03559658,0.184619,0.14499922
199,0.049088147,0.105085626,0.045992717,0.039603103
200,-0.01210314,-0.03022562,0.0250326,0.023064064
201,-0.29204407,-0.17218241,0.11084016,0.10628623
202,0.21929005,0.080349684,0.06657427,0.056041945
203,0.00052961335,-0.009926796,0.04111756,0.034199115
204,-0.18685251,0.8284302,0.0515649,0.055758297
205,-0.11128396,-0.06468074,0.12478566,0.11219661
206,-0.20201099,0.1252112,0.05797673,0.040407218
207,-0.011423614,0.02752415,0.08596525,0.06402834
208,-0.1342146,0.18621495,0.10676808,0.10039464
209,-0.017181072,-0.036088377,0.089349434,0.08364349
210,0.008714005,-0.094263524,0.07568589,0.05693976
211,0.09047757,-0.23322469,0.14023404,0.16394497
212,-0.006818339,-0.1563071,0.09408389,0.092127964
213,-0.08695767,-0.10953188,0.03914241,0.031722896
214,-0.1990002,0.05065508,0.12062186,0.09417768
215,0.07062423,0.11817096,0.02873489,0.024300953
216,-0.08941242,0.042968918,0.09261537,0.072056845
217,-0.08806676,0.018018998,0.07163894,0.059483558
218,0.016525477,-0.062381417,0.06707058,0.07033363
219,-0.14369275,-0.11454898,0.16046818,0.12663163
220,0.058159593,0.07198401,0.118397065,0.08984553
221,-0.06464251,-0.14121124,0.08150277,0.07172888
222,0.092313856,-0.08907834,0.033902057,0.027245818
223,0.09442045,-0.7363881,0.057669353,0.07224228
224,-0.027791018,-0.4831594,0.04880511,0.06020098
225,-0.052483957,0.189863,0.031718016,0.03069227
226,-0.004510209,0.008284599,0.055775926,0.0506529
227,0.30329606,0.23386826,0.04582044,0.039195426
228,-0.20882049,-0.6391864,0.052847307,0.057740744
229,-0.11408354,0.20575851,0.031711202,0.029951906
230,-0.06055134,-0.5354022,0.024319999,0.026597673
231,0.013776787,-0.02242405,0.055975683,0.049268313
232,-0.02309133,0.019216806,0.032780986,0.02895099
233,0.11492787,0.08665266,0.23872487,0.1896492
234,-0.28347054,0.25379196,0.034884315,0.0323662
235,-0.027890116,0.02613625,0.030314425,0.025158955
236,0.52783924,-0.31505552,0.05347071,0.042824995
237,0.707995,-0.5833776,0.03686237,0.049463086
238,-0.016853413,-0.060867846,0.04647511,0.037731547
239,0.055136416,-0.014749281,0.06280037,0.042872053
240,-0.024309358,-0.061851397,0.056275822,0.048904307
241,-0.12899382,-0.3551488,0.026544277,0.023161093
242,0.268325,-0.11965777,0.073048025,0.078576334
243,0.0035246573,-0.0131369755,0.110627905,0.084193066
244,-0.007442709,-0.014608115,0.074566014,0.057194926
245,-0.07702938,-0.16609737,0.087531485,0.0797124
246,0.057114,-0.02308894,0.03847777,0.028154802
247,0.07785463,0.52046037,0.09528117,0.107989326
248,-0.12742971,0.005685486,0.13553454,0.13328008
249,0.0015880987,0.09373081,0.070419095,0.05890768
250,0.027230915,0.25002712,0.04940733,0.044268034
251,-0.19095492,0.13025838,0.11278836,0.0807815
252,-0.25462154,-0.0063256174,0.05570963,0.048479144
253,0.15184982,-0.036116973,0.1222155,0.11923355
254,-0.01408403,-0.035767958,0.038859565,0.035852104
255,-0.46962175,0.11604905,0.1562785,0.1423683
256,0.017134834,0.011810005,0.034062345,0.027554164
257,-0.11623877,-0.252078,0.034604643,0.033585016
258,0.18560265,0.26563466,0.049350597,0.043457486
259,0.018333297,0.19038408,0.11169342,0.11913361
260,0.019253999,-0.09544732,0.09279183,0.087310664
261,0.08794074,0.36316374,0.060743105,0.06350356
262,-0.18766117,-0.31644267,0.26898462,0.27138573
263,-0.21409595,0.35598987,0.037224688,0.030006466
264,0.47495356,0.05576808,0.039674744,0.030422248
265,-0.41510424,-0.43651047,0.04496126,0.03987816
266,-0.4564811,-0.44493213,0.05722825,0.055553786
267,0.08656314,0.03198965,0.06714404,0.06273493
268,-0.45057794,-0.46758965,0.061361056,0.069153406
269,-0.031347822,0.012385339,0.053326737,0.040535886
270,-0.11020991,-0.05003819,0.041015387,0.031005118
271,-0.009390689,-0.18088958,0.028767088,0.025892898
272,0.055756334,-0.5283345,0.066761956,0.06633391
273,0.04638603,-0.06276432,0.025217908,0.020403376
274,0.0922074,0.28887177,0.1181578,0.08800339
275,0.7001725,0.16708109,0.052118607,0.0624679
276,-0.03791047,-0.06286314,0.036765855,0.03133383
277,0.3644046,0.30785084,0.048741534,0.041275244
278,-0.1577408,-0.0071760193,0.08818353,0.067790255
279,-0.03974385,0.027909406,0.04687946,0.031985976
280,0.069008306,-0.24823204,0.06408399,0.06352183
281,0.03126197,-0.052443057,0.04485993,0.04214601
282,0.2957302,0.06446685,0.058988348,0.045452643
283,0.021607693,-0.025010258,0.029805085,0.023308363
284,-0.0051112827,0.011302941,0.047527287,0.036602948
285,-0.0024926942,0.04586012,0.033284202,0.028948287
286,-0.053134605,-0.006192319,0.029088233,0.021148441
287,-0.045063116,-0.13466266,0.04570463,0.035272952
288,-0.09897596,0.048235677,0.100894675,0.07912572
289,0.5918447,-0.042275786,0.059093416,0.057383873
290,0.107697815,-0.2638118,0.1074,0.08769122
291,-0.059066165,-0.05247782,0.041571315,0.03159485
292,-0.050948154,0.51939857,0.11070153,0.12600045
293,0.0047482476,-0.04359375,0.03783381,0.029549494
294,0.039692763,0.004873775,0.027338117,0.02391256
295,-0.18874373,-0.03598018,0.036750335,0.028194075
296,-0.22008048,-0.121818826,0.090966426,0.08787144
297,-0.15882866,0.3483792,0.11538369,0.1080889
298,0.13943459,-0.22880158,0.037856992,0.034047786
299,-0.022438884,-0.0046254694,0.043963645,0.03378767
300,0.029634468,0.013979673,0.03950677,0.035112374
301,0.05364203,-0.088508144,0.042810168,0.039329443
302,-0.13873656,-0.115850285,0.09631738,0.097161286
303,0.0066737942,-0.19529071,0.06425416,0.061553206
304,0.08532891,-0.30852678,0.07285931,0.06616736
305,-0.10673672,-0.21696275,0.073473476,0.05926841
306,0.115101814,0.29972982,0.04472474,0.034857687
307,-0.0053918157,0.01731848,0.038301446,0.031210456
308,0.04509421,0.06339139,0.068960555,0.05768187
309,-0.40745178,-0.45304695,0.08081657,0.077512816
310,-0.02669187,0.07322754,0.039528884,0.032519598
311,-0.02247857,0.9932389,0.045650765,0.062286183
312,-0.32937372,0.16345692,0.06567256,0.04975912
313,0.11035773,0.08299958,0.08070155,0.06713084
314,-0.007323576,-0.014740452,0.06455506,0.054268233
315,0.15011778,0.115335464,0.04116389,0.03585498
316,-0.5965819,-0.2369473,0.04904816,0.038873214
317,0.017083783,0.103033304,0.22933786,0.21204175
318,-0.2520486,0.3157004,0.04112717,0.037492823
319,-0.11147769,0.08313082,0.05592,0.045564387
320,0.044578556,-0.080261976,0.022226486,0.019138344
321,-0.15995538,0.010403052,0.053546306,0.046392392
322,0.02661964,0.0019639283,0.025699383,0.020181254
323,-0.15625915,-0.3185102,0.0397727,0.034368787
324,0.036915828,-0.061210275,0.057781424,0.05575546
325,-0.022772636,0.14293177,0.046907663,0.03695096
326,-0.47674888,-0.21344209,0.08793682,0.06807559
327,-0.53852946,-0.36075914,0.034203015,0.027332257
328,0.07138747,0.6378981,0.08155903,0.092421226
329,-0.07408515,-0.19745049,0.05308473,0.053994447
330,-0.04363377,-0.31080395,0.05148202,0.051344052
331,0.06724928,-0.2263053,0.03608215,0.032715417
332,-0.07208898,-0.012392037,0.06317108,0.04931454
333,0.036862325,-0.008614354,0.068611786,0.05720298
334,0.42026213,-0.2792576,0.17390372,0.20589933
335,0.04286099,-0.16683891,0.058319792,0.059997246
336,-0.061442908,-0.13685599,0.059657805,0.05576442
337,0.11301516,-0.039179474,0.038413066,0.03134763
338,-0.23823449,0.035233922,0.033557214,0.028829267
339,-0.24916175,-0.29234874,0.047274325,0.042813037
340,0.48373905,0.49728844,0.073267534,0.056513846
341,-0.027291272,0.007972598,0.030811485,0.02415764
342,-0.35352504,-0.07750602,0.11023688,0.08021017
343,-0.038513143,-0.12831977,0.08632126,0.084404916
344,-0.06056011,-0.15488917,0.11046802,0.08883315
345,-0.11743364,-0.10601929,0.09026804,0.082820795
346,0.2407555,0.5280826,0.06809753,0.067535095
347,0.07084775,0.034267526,0.08449451,0.06083798
348,-0.0011371933,-0.017370835,0.041378375,0.0396026
349,0.30294237,-0.17802182,0.06428937,0.047809996
350,-0.13287763,0.0028773546,0.113784775,0.10073765
351,-0.033925794,-0.02114907,0.04103907,0.037735
352,-0.18960397,-0.041159958,0.098859206,0.07841396
353,0.38407674,-0.118614554,0.123430595,0.116319396
354,-0.022821223,-0.015645988,0.050521042,0.04253556
355,-0.28590614,-0.7582375,0.05994348,0.06070023
356,-0.07064657,0.11105323,0.063865714,0.048303973
357,-0.020948276,-0.008760303,0.032356694,0.027205352
358,0.31365073,0.39126474,0.19511932,0.15986665
359,0.014720127,-0.014450856,0.105678745,0.08585092
360,0.34370092,-0.09666373,0.072460994,0.049997136
361,0.014899913,0.13675085,0.051586974,0.04278566
362,0.05052736,0.58967257,0.05902341,0.057934217
363,-0.5071064,0.33393162,0.05904476,0.044665486
364,-0.52922523,0.046031713,0.038961843,0.027217543
365,-0.073517755,-0.1081295,0.07881326,0.06298431
366,0.121489495,0.005843237,0.032922413,0.026336685
367,-0.13968548,0.115356475,0.13117795,0.14593245
368,-0.049252592,0.06805934,0.039158344,0.03297024
369,0.159402,0.059686597,0.060276426,0.047872756
370,-0.6095966,-0.37540254,0.07261178,0.056169923
371,0.45341238,0.20098309,0.05106661,0.03618654
372,-0.11951661,-0.08842279,0.11362454,0.083436616
373,-0.19120494,0.11650233,0.11002642,0.075385414
374,0.38648608,0.42226347,0.060415026,0.054496907
375,-0.0032975432,-0.03949143,0.07170219,0.06339124
376,0.0084658265,0.0041434914,0.022555217,0.019330807
377,-0.5821624,0.27439672,0.15098509,0.14433265
378,-0.014666218,-0.12677136,0.06138549,0.05537909
379,0.20837247,-0.62843,0.06250588,0.05898014
380,-0.15192065,0.4514679,0.054285016,0.05284268
381,-0.0056492165,-0.0044211447,0.05399514,0.053476956
382,0.5617824,-0.36796352,0.044774897,0.042777237
383,0.14650545,0.0009232387,0.13225836,0.09275865
384,-0.41550037,0.07688901,0.07361213,0.0624913
385,-0.02540787,0.11303042,0.08736316,0.07026033
386,-0.16873592,-0.07006545,0.14812534,0.15070915
387,0.040249284,0.020331606,0.032403555,0.026278757
388,-0.0456841,0.16290312,0.06423884,0.061410412
389,0.062421735,-0.17612115,0.13167152,0.11914642
390,-0.024994299,0.007923715,0.02279004,0.018263606
391,-0.37447646,0.7185893,0.04072243,0.0620727
392,-0.15381464,0.14497823,0.07002215,0.05426744
393,-0.779038,-0.3864639,0.09904795,0.11042427
394,0.06996755,-0.06580408,0.051213972,0.03968866
395,-0.29651737,0.05689602,0.10509673,0.07799693
396,0.17148729,-0.7287849,0.06964028,0.07239873
397,0.32421407,-0.50157356,0.1087638,0.12149521
398,-0.050263144,0.2142665,0.20815207,0.1715586
399,0.03284042,0.03203834,0.06012029,0.055403788
400,-0.16581865,-0.5852277,0.03442844,0.035908505
401,0.15446767,0.22510776,0.07470354,0.06628868
402,0.021156915,0.0066995695,0.052237425,0.04109213
403,-0.013453623,0.025112309,0.041615568,0.032090306
404,0.049595196,-0.0161492,0.070475526,0.047653537
405,-0.028664753,0.0572463,0.05753318,0.050454274
406,0.07457167,0.20801684,0.037158873,0.036868416
407,0.073884636,0.03662259,0.0979787,0.08201266
408,0.07419951,-0.27194494,0.26145536,0.25170758
409,0.49003282,0.11760027,0.06947659,0.05126695
410,-0.11668305,-0.0257629,0.09863489,0.08050008
411,-0.18695638,0.017608523,0.062219158,0.04593224
412,-0.68295085,-0.36014158,0.047932014,0.03316665
413,-0.094956264,0.5299636,0.1255369,0.16995813
414,-0.27505803,-0.64378285,0.05911645,0.07356138
415,-0.031549107,-0.040942088,0.09790068,0.087732755
416,-0.03203404,0.045016862,0.04197891,0.035377797
417,-0.011338234,-0.0508835,0.026617873,0.021632057
418,-0.054037657,-0.18072835,0.02874925,0.024324022
419,0.051692773,0.2716437,0.17014158,0.21356681
420,-0.26809952,-0.031568646,0.07985157,0.056771725
421,-0.15342066,0.17412895,0.059809633,0.053852197
422,0.048421744,-0.16151962,0.08803965,0.067475125
423,0.13215713,0.25169748,0.0331043,0.027264308
424,0.074115425,0.12896729,0.09387738,0.08569062
425,0.47231296,-0.21572465,0.2068449,0.18117923
426,-0.0033914186,-0.0039742813,0.035477027,0.030593105
427,0.074498296,-0.37188923,0.09656624,0.08917125
428,-0.070467144,0.08366129,0.1153392,0.11222182
429,-0.008884452,0.03650168,0.061100237,0.04713661
430,0.51405305,-0.14036357,0.32437912,0.2115408
431,0.015674807,0.021429732,0.023161799,0.019119939
432,-0.3005779,-0.090533555,0.10421484,0.0881228
433,-0.021120397,0.006864071,0.058736466,0.050068088
434,-0.06416736,-0.03356707,0.05950079,0.052528422
435,-0.09628761,0.060756415,0.42580006,0.31517223
436,-0.11596218,0.11025606,0.06489306,0.064993575
437,-0.54521966,0.38800487,0.08161749,0.06234624
438,-0.011452636,0.26159889,0.17791449,0.15215524
439,-0.1853185,-0.32388225,0.06983851,0.071536995
440,-0.3526666,0.45153603,0.058700267,0.070506886
441,0.080405265,0.06546467,0.058225997,0.044164006
442,-0.3674296,-0.65714324,0.09459157,0.101114646
443,0.07136735,-0.036544636,0.03981623,0.03544518
444,-0.069077745,-0.048932105,0.1299962,0.10638089
445,0.025024373,-0.473785,0.04609825,0.052673306
446,0.008134514,0.030855738,0.09518895,0.07610104
447,-0.10398354,-0.042251214,0.06889981,0.06270861
448,0.13466701,-0.2017439,0.04527098,0.043352127
449,0.0033996403,0.29558066,0.2107367,0.19640139
450,0.30235332,-0.35794774,0.09100126,0.078028314
451,0.35903952,-0.120074034,0.06725862,0.04701304
452,0.060863774,0.76262176,0.036889717,0.037847415
453,0.096219435,0.096429825,0.1075591,0.10394091
454,0.8747604,0.5130539,0.06704081,0.062838756
455,-0.028930781,-0.18711898,0.03139055,0.028419796
456,-0.59764504,0.10663186,0.05950056,0.044716705
457,0.043276776,0.04399516,0.05618882,0.05312261
458,0.5348561,-0.10172801,0.03340988,0.023854727
459,0.23485133,-0.68925166,0.039348274,0.04467358
460,-0.25316694,0.35917628,0.15069968,0.13782585
461,-0.2090661,-0.4605432,0.08045629,0.08501093
462,0.019677263,0.18542609,0.029820237,0.026811419
463,-0.04540191,0.73450637,0.09325509,0.08725037
464,-0.13135761,0.18555039,0.21859644,0.16961032
465,-0.65154374,0.39389148,0.05641002,0.04387064
466,-0.020306906,0.3510392,0.09237237,0.07334148
467,0.031021867,0.23637119,0.042672303,0.038960323
468,0.056590226,-0.054598436,0.03183973,0.025577959
469,0.041779395,-0.07881279,0.04064906,0.029568102
470,0.09753029,-0.12221579,0.110494375,0.09624369
471,-0.084660634,-0.10801512,0.05186873,0.04249133
472,-0.1342435,0.06929685,0.1389264,0.099156365
473,0.04915862,-0.025543608,0.02639068,0.020192932
474,0.08887948,-0.005442336,0.0918194,0.059221063
475,-0.020838462,0.0143931955,0.11338359,0.09729134
476,0.046675507,0.04208433,0.10823834,0.10643572
477,-0.33878377,-0.38055053,0.13657157,0.109772444
478,0.07880218,0.032153204,0.05124013,0.03670531
479,-0.10346623,-0.005020529,0.07358067,0.063487835
480,0.08539797,0.20327301,0.052892078,0.05265705
481,-0.0021320097,-0.009427518,0.027918624,0.022514362
482,-0.2306009,0.21948081,0.11344841,0.09624753
483,-0.19245641,0.10655278,0.06595295,0.05855686
484,-0.059446692,0.010079429,0.15041356,0.12988079
485,0.020953294,-0.009533092,0.0906198,0.07243878
486,-0.03618131,-0.12257281,0.10703332,0.09604253
487,0.051436197,0.029093958,0.04903987,0.03727064
488,0.756301,0.11495978,0.05679686,0.0467579
489,0.47289655,-0.06427792,0.071473695,0.05529003
490,-0.10743904,0.021297447,0.17433564,0.18523656
491,-0.16788046,0.006554,0.07008083,0.05161847
492,0.05787542,-0.024487175,0.04844311,0.037169546
493,0.32213596,-0.06629898,0.19754277,0.16800873
494,-0.035384845,-0.034677804,0.02415012,0.019186141
495,0.22632399,-0.35841265,0.04413464,0.03656967
496,-0.35555947,-0.47242895,0.10142004,0.10449738
497,-0.06402461,0.023301668,0.0617016,0.0524719
498,-0.025291912,0.1019236,0.07160931,0.06498881
499,-0.18027547,-0.055643514,0.12042108,0.0901428
500,-0.011898128,0.24786294,0.0456232,0.036197234
501,-0.1241404,0.0055463165,0.055181257,0.045811348
502,-0.09017026,0.17708147,0.06693501,0.06493405
503,0.48227385,0.12543398,0.05686454,0.051498827
504,-0.0042828955,0.09987627,0.03580592,0.03445491
505,-0.28869006,0.5897158,0.08968973,0.09445875
506,-0.01700449,-0.0052273422,0.04624589,0.036883358
507,-0.17824401,0.18664107,0.17450975,0.13193028
508,0.66875386,0.4672895,0.0482566,0.038620368
509,-0.11465415,0.4781474,0.0657765,0.07618554
510,-0.37183708,0.07995447,0.08595266,0.059221704
511,0.07680789,-0.14620909,0.051839754,0.047664914
512,0.008014657,-0.2334305,0.11243143,0.12014875
513,-0.024031598,-0.37286428,0.065373234,0.06258155
514,-0.016512018,0.03663498,0.07796995,0.06735715
515,-0.21023236,0.01876802,0.06696255,0.05150031
516,0.11259407,-0.076696664,0.053432856,0.03559334
517,0.021332756,-0.81826365,0.07920937,0.09422829
518,0.3423685,-0.15617079,0.09137897,0.07031898
519,0.056739707,-0.003811404,0.036319915,0.03233032
520,-0.30754784,-0.61168563,0.041000284,0.043113697
521,0.08073394,-0.008996949,0.1019802,0.095756404
522,-0.10623123,-0.11688329,0.0983672,0.08253225
523,0.055919115,-0.005871795,0.054494005,0.04196304
524,0.10779828,0.13095427,0.06458489,0.062224627
525,-0.084131345,-0.052190855,0.14349952,0.15136713
526,-0.06755143,0.6496974,0.053946793,0.05540143
527,-0.6217648,0.41638,0.07063872,0.049760412
528,0.5941918,0.01155699,0.047821324,0.034504652
529,0.27873126,-0.11475532,0.09405805,0.07700806
530,0.10044786,0.16931322,0.2179397,0.2511261
531,-0.06921278,0.040694967,0.031822875,0.025920188
532,0.06921935,-0.36403826,0.030639118,0.028863486
533,-0.3016267,-0.087450415,0.14248402,0.11358025
534,-0.40600574,-0.32298988,0.23188888,0.2580935
535,-0.6076779,0.47846368,0.04823173,0.051133394
536,0.19253783,-0.4356552,0.08999506,0.08685002
537,-0.13122796,-0.24205515,0.027864248,0.02452127
538,-0.08530265,-0.25247878,0.05479334,0.06667577
539,0.16660231,-0.29734355,0.14411588,0.12572594
540,-0.29505953,-0.0040139034,0.14163087,0.14121336
541,0.019491065,-0.040384725,0.04467732,0.03482393
542,0.07658407,0.17451876,0.037195746,0.038074397
543,-0.45156273,-0.6064998,0.048907284,0.04567989
544,0.029999759,-0.1406454,0.045374654,0.04027439
545,-0.3541193,-0.42913994,0.11087696,0.12193125
546,-0.3132895,0.28224272,0.05881178,0.05716884
547,0.05642167,0.019911446,0.10079025,0.10410235
548,0.018852692,0.03434926,0.027108418,0.021879455
549,-0.019588005,-0.08582041,0.07746712,0.068780966
550,0.3565584,0.6910454,0.039226778,0.048123244
551,-0.051386647,-0.049352854,0.09809144,0.09488439
552,-0.06401572,-0.2384845,0.16126104,0.14554809
553,-0.02578242,0.4619424,0.034970194,0.036637284
554,-0.013932563,0.24505684,0.07229489,0.06992174
555,-0.33063716,0.05114167,0.03532549,0.028579175
556,0.026762355,-0.13544343,0.03664841,0.032172587
557,-0.16367513,0.63810885,0.089774735,0.08815587
558,0.2801601,0.7045996,0.11378126,0.11787255
559,0.12809035,0.56514263,0.058344748,0.07202587
560,-0.21930882,0.2757185,0.06683645,0.047282968
561,-0.067518145,-0.05773419,0.065787315,0.05809879
562,0.096861005,-0.012638725,0.12595256,0.101318434
563,-0.5248042,0.15533358,0.04285528,0.03588555
564,-0.07642944,-0.1618399,0.13137418,0.14387046
565,-0.07746941,-0.16106284,0.05728352,0.048599336
566,-0.34293854,-0.122964114,0.04909015,0.037332952
567,0.059596937,0.058001343,0.038994636,0.033559248
568,-0.27982166,-0.16428167,0.061828695,0.046250332
569,0.060288835,-0.20402941,0.02544978,0.020139638
570,-0.0825741,0.0063007474,0.037470788,0.029567584
571,-0.40320876,0.3422392,0.041476164,0.037131824
572,0.06391437,-0.14384244,0.034387205,0.029746933
573,0.26251265,-0.14216176,0.1260687,0.09074689
574,-0.043292455,-0.026516363,0.16353609,0.13508107
575,0.01767683,-0.6175983,0.12014689,0.13225427
576,-0.39237788,0.16433963,0.14741403,0.12031224
577,0.3043667,0.41653088,0.05401716,0.050549064
578,-0.04303269,0.16034906,0.03404414,0.02988731
579,-0.1742436,0.04251974,0.026844202,0.020337792
580,0.80203235,0.3711782,0.03821022,0.042861897
581,0.16041556,-0.25373518,0.036760684,0.033509746
582,0.055362288,0.0059714615,0.06644911,0.04880059
583,0.03681672,-0.4227722,0.030159554,0.033257578
584,0.2477065,0.43655813,0.30379653,0.3277101
585,0.02250766,0.041075215,0.026909886,0.022883708
586,-0.028103618,-0.18845442,0.049727026,0.040616423
587,-0.050614424,-0.0009731576,0.050612953,0.040049993
588,-0.04224339,-0.045245677,0.12408398,0.099646375
589,-0.0006595403,-0.07038973,0.023260806,0.021696294
590,-0.013045106,-0.026610069,0.03221842,0.028948681
591,0.4386357,-0.36597195,0.08510726,0.069400705
592,0.30857828,-0.60603285,0.0664527,0.06508906
593,0.08332932,-0.102402195,0.058038943,0.050670624
594,-0.1433749,-0.18056554,0.058407612,0.04987547
595,0.1630933,-0.23670027,0.10204962,0.08368062
596,0.35690692,0.49855405,0.044386454,0.043610137
597,-0.04315634,-0.4423428,0.09761581,0.08751213
598,0.07521142,-0.13938038,0.06548031,0.052315135
599,-0.007294366,0.07853041,0.044055928,0.036650583
600,0.73585725,-0.083037004,0.06794195,0.054456104
601,-0.0074078552,-0.18775287,0.036044665,0.029360335
602,0.05337325,-0.07414967,0.047337316,0.041876704
603,0.06332074,0.056357868,0.04117567,0.032765258
604,-0.10287003,-0.091922015,0.10654232,0.096525624
605,0.026140455,0.2589889,0.031170452,0.025500903
606,-0.010837652,0.060733385,0.054165553,0.043436363
607,-0.051190525,0.08570064,0.023744619,0.01787013
608,0.024365012,0.018394038,0.07860776,0.059410248
609,-0.06321963,0.0011101291,0.049392357,0.039751537
610,0.011146814,0.024603762,0.06762235,0.06088771
611,0.020020492,-0.050911352,0.06381763,0.05837779
612,-0.047021396,-0.17579678,0.043439634,0.0384842
613,-0.44078615,0.35837817,0.1341672,0.103828914
614,-0.097569466,0.10567492,0.041474678,0.03701264
615,0.033198614,0.037120454,0.039187115,0.034882184
616,0.17443018,-0.08977778,0.063044176,0.053873524
617,-0.00026977435,0.04385142,0.08291506,0.08400819
618,-0.02440418,-0.013836116,0.031241858,0.025444569
619,-0.011559427,-0.09617631,0.060606908,0.045751356
620,0.13695684,0.060243584,0.125797,0.099542014
621,0.10655174,-0.21687138,0.03871519,0.03395745
622,0.17460987,-0.16858438,0.031592935,0.025866097
623,-0.051613007,-0.09738402,0.07088829,0.050141174
624,-0.008437457,-0.07879338,0.09735747,0.084703825
625,0.016363047,0.03690929,0.07287272,0.07840867
626,0.43712744,0.75331664,0.049171414,0.058923073
627,-0.6923645,0.219064,0.09919242,0.08943313
628,0.60618746,-0.50191724,0.18575954,0.1828585
629,-0.21575257,-0.21881768,0.03767401,0.034569386
630,-0.015748007,-0.04724081,0.14512685,0.17532247
631,-0.03750961,0.012049735,0.08095586,0.06530519
632,-0.10230924,0.1387313,0.06183138,0.05503858
633,0.021401614,-0.18686342,0.033567358,0.029337278
634,-0.0069427174,-0.16977122,0.039552145,0.038726613
635,0.15117384,-0.08436437,0.03569239,0.027616397
636,0.038232747,-0.005387455,0.02335537,0.017859213
637,-0.54562485,0.17256239,0.050097406,0.034166288
638,-0.054193202,0.12988871,0.061984558,0.060240347
639,0.10150683,-0.022931412,0.08238692,0.0782361
640,0.06902006,0.036735814,0.095745906,0.08084475
641,-0.15897784,0.11262509,0.14150134,0.10222445
642,-0.20076928,0.13515154,0.03251526,0.023296038
643,-0.042885404,-0.052961886,0.11967265,0.09696002
644,0.74301696,-0.30634636,0.054625954,0.04255085
645,-0.36484057,-0.08147445,0.13281287,0.096438624
646,-0.015671875,-0.06851274,0.09347661,0.08869282
647,-0.2509584,0.36368036,0.04415927,0.042233653
648,-0.13553567,0.1311158,0.03680377,0.029280627
649,0.12079644,0.12977874,0.07192754,0.057654705
650,0.0737697,0.76815796,0.04520011,0.045088235
651,0.009095579,-0.08293645,0.04824922,0.05011408
652,-0.009579096,-0.004172243,0.034414157,0.02863505
653,-0.0039111674,0.053262882,0.049702637,0.03893396
654,-0.040733818,0.018951058,0.046631105,0.041713595
655,0.031386655,0.008850887,0.030579688,0.023783699
656,-0.013868228,0.01913689,0.027300883,0.02327306
657,0.0479157,0.0070093274,0.049144402,0.038898747
658,-0.21940221,0.064458996,0.09339018,0.091729045
659,-0.053972647,-0.31885368,0.058631692,0.052427515
660,-0.05539923,0.056960482,0.0765468,0.052274324
661,0.020140927,-0.056746736,0.04392029,0.033735916
662,0.38454303,0.14712125,0.042437073,0.034711685
663,0.023363031,-0.12285818,0.056277175,0.047502555
664,0.018746883,-0.0010444596,0.03258577,0.026968326
665,0.020290613,-0.01241938,0.043951318,0.040879454
666,-0.22061983,0.15735963,0.05288982,0.04069471
667,0.231587,-0.10405064,0.063525684,0.055052467
668,-0.19261755,-0.08896679,0.02875041,0.021494439
669,-0.0070236456,-0.008153178,0.022213895,0.019172106
670,0.67308843,-0.15517095,0.12654077,0.08745613
671,-0.036812298,-0.05858463,0.07765718,0.06183547
672,-0.22282487,-0.18006486,0.026513163,0.023011526
673,-0.0056862757,-0.032387212,0.025034463,0.021199958
674,0.47306743,0.6194564,0.08867228,0.08331033
675,-0.023360193,-0.16465908,0.09140671,0.082280144
676,0.09412633,-0.021399565,0.032275204,0.026183281
677,0.0147145875,0.005083792,0.032678995,0.027009867
678,-0.1552905,0.25402766,0.064591825,0.06557273
679,-0.3197797,-0.14736268,0.04015103,0.028860064
680,-0.0038976632,-0.07418406,0.04779133,0.03892801
681,0.48327258,-0.03355205,0.06855201,0.049196325
682,-0.16538465,0.005838521,0.07999321,0.06271088
683,-0.045963332,-0.052977175,0.057918124,0.04265862
684,-0.2320014,-0.6155875,0.053214043,0.060155872
685,-0.09846698,-0.5561819,0.038449775,0.04049547
686,0.033909883,-0.0983312,0.07765243,0.07993361
687,-0.24608807,0.07985274,0.041232422,0.034494918
688,0.020231541,-0.013502777,0.031773336,0.026530502
689,-0.7345382,0.30133367,0.060103666,0.040369406
690,0.16094445,-0.44138727,0.036333133,0.032706287
691,0.038204048,0.24109097,0.11588748,0.16103
692,0.09865148,-0.090624094,0.12786657,0.09186878
693,0.024408408,0.015117444,0.11922865,0.09570164
694,-0.10780914,0.04390597,0.04406175,0.038739525
695,-0.0006971061,0.15663065,0.08481281,0.06671894
696,0.011245273,0.079168,0.02801426,0.02554385
697,-0.29339814,-0.37089255,0.039474107,0.03515851
698,-0.15076701,0.048995506,0.038942352,0.026639031
699,-0.24196619,-0.12144624,0.082706556,0.06451802
700,-0.07451673,-0.23717967,0.027720943,0.023944888
701,0.26805535,-0.05687301,0.052592516,0.040759794
702,-0.0013308525,0.008903973,0.031102851,0.025491446
703,-0.033077646,0.09775262,0.076999776,0.06871666
704,0.380949,-0.2589003,0.054755073,0.04291556
705,0.026579976,0.16959438,0.17482607,0.17179166
706,0.002143085,0.017868184,0.036914416,0.02845351
707,-0.14726014,-0.016339175,0.13116123,0.09276897
708,-0.3828921,-0.6441479,0.047593445,0.050934434
709,-0.103897706,-0.026602149,0.037221584,0.028163048
710,0.042528223,0.0768509,0.028848514,0.023047116
711,-0.13474846,0.20074748,0.027925579,0.025584612
712,-0.2637385,-0.5047629,0.04028191,0.0385918
713,-0.009989118,-0.019855268,0.03606341,0.028387086
714,-0.4125808,0.42855558,0.057752397,0.05538139
715,-0.1027589,0.09794151,0.12007755,0.11269576
716,-0.00044939294,-0.65361106,0.030702012,0.040594336
717,-0.032484576,-0.07680032,0.060406163,0.052064035
718,0.0078081638,-0.76957667,0.039711636,0.04729031
719,0.04620712,0.04361535,0.2212378,0.18008569
720,0.42911795,-0.61281824,0.04446913,0.047763597
721,0.06423096,0.01810231,0.030569054,0.025406929
722,0.08499782,0.07288505,0.034927145,0.027133003
723,0.1563566,-0.12670003,0.040821195,0.031185675
724,-0.1600198,-0.3853893,0.044023875,0.047998656
725,0.16839202,-0.16898003,0.08741636,0.077684306
726,0.12748626,-0.6131352,0.06365041,0.06979305
727,0.4529072,-0.24064356,0.09065704,0.081894234
728,0.004604567,0.15095982,0.07527068,0.061318003
729,-0.34961477,0.23449537,0.10513268,0.10316481
730,0.04684705,-0.036092967,0.07682359,0.079145245
731,-0.0012124125,-0.030179396,0.02388151,0.020496847
732,-0.063691445,-0.013870686,0.0447757,0.03615222
733,0.09678088,-0.21670905,0.036725752,0.03465325
734,-0.06959523,-0.073393956,0.13017552,0.11903746
735,-0.47838268,-0.28454828,0.06120083,0.06364899
736,-0.040478006,-0.07282759,0.09499427,0.092420734
737,0.050084595,0.21226905,0.026119536,0.02415658
738,0.11609076,0.6779673,0.08323222,0.08091945
739,0.09334749,-0.10288431,0.035670877,0.028081156
740,-0.25116244,0.23629805,0.036917515,0.030881427
741,-0.36253458,0.07825018,0.036219317,0.030364826
742,0.016715597,-0.108624816,0.030915977,0.027129348
743,0.009480916,-0.046931967,0.04042641,0.036390327
744,-0.020549778,0.003203474,0.03845689,0.028616788
745,-0.13659717,-0.21662733,0.06862036,0.06654752
746,-0.15129425,-0.009722471,0.057780854,0.047833383
747,-0.037269082,-0.035239473,0.04416943,0.036819782
748,-0.05684586,0.38694248,0.114010826,0.10425973
749,-0.292192,0.7517148,0.042957153,0.04074258
750,0.1293061,-0.07053374,0.39063534,0.34803292
751,-0.010598598,0.09356277,0.07166857,0.05342886
752,-0.50968856,0.5225352,0.14943753,0.14824641
753,-0.46707213,0.16904265,0.05031214,0.040664703
754,0.039695177,0.113306805,0.03780063,0.031762633
755,0.1669368,-0.03521581,0.07126479,0.065782204
756,0.31717214,-0.5649972,0.08201063,0.07895317
757,0.2340529,0.5817734,0.042948015,0.054212775
758,0.14017369,0.26452172,0.08829201,0.07594047
759,0.23768532,-0.081567675,0.1252251,0.09716453
760,-0.0023705363,0.019660592,0.02730529,0.024000963
761,0.11952299,-0.5318042,0.06107803,0.06266384
762,0.15767297,0.013192922,0.04403586,0.037954707
763,0.0055694133,-0.017139494,0.08795876,0.06256487
764,-0.19348793,5.8449805e-05,0.18221049,0.13639879
765,-0.10139616,0.387024,0.042511452,0.04147274
766,0.0027079582,-0.0067995414,0.039237782,0.033349402
767,-0.66233486,0.076721266,0.042479344,0.036037993
768,0.111955255,-0.18124059,0.028448507,0.025347764
769,-0.31325865,0.11567133,0.13543837,0.111431174
770,-0.014778057,-0.039803594,0.047950648,0.045381192
771,-0.23054212,-0.60902786,0.04928796,0.053875156
772,0.38625816,-0.5467764,0.09986657,0.099624656
773,-0.69004476,-0.12326267,0.054658234,0.03830557
774,0.4618322,0.5179912,0.051688302,0.053433992
775,-0.006128872,-0.0009112656,0.04075951,0.034301884
776,0.038549062,-0.0438354,0.028808445,0.02441255
777,-0.2513314,0.20969248,0.046836685,0.03625507
778,-0.003070023,-0.256242,0.041397586,0.041400842
779,0.41669348,-0.64159024,0.052047204,0.060717802
780,-0.13813677,0.053314023,0.061313856,0.045519564
781,-0.023451779,-0.063288316,0.028410269,0.027617866
782,-0.11773078,-0.0015904903,0.057652134,0.045589548
783,0.18659239,-0.09052181,0.06423493,0.045715533
784,-0.39161393,0.5737013,0.052334603,0.054179765
785,-0.1946167,-0.7328167,0.038057614,0.042605184
786,-0.10209957,-0.30408236,0.0983362,0.09377479
787,0.014042631,0.019641213,0.030109238,0.023644015
788,-0.06260744,0.040966414,0.06646518,0.051604424
789,0.022211302,-0.060079113,0.07749821,0.06118117
790,0.17901607,-0.17620972,0.030564541,0.02545039
791,0.029847484,0.08125594,0.053611275,0.05122264
792,0.1363959,-0.061802775,0.079100996,0.066563055
793,-0.49327394,0.08329873,0.1344804,0.09965489
794,-0.0075212494,0.011059001,0.038996585,0.031490028
795,0.14112397,0.12852664,0.11184447,0.1039042
796,-0.06389706,-0.117820784,0.054685548,0.047758084
797,-0.098145306,0.031444125,0.09413488,0.07534032
798,0.11054693,-0.045932144,0.06362535,0.04497825
799,0.009295244,0.29275072,0.03906858,0.0372444
800,0.28735444,-0.4247568,0.044790637,0.04324165
801,-0.08831911,0.0039018467,0.04993026,0.04039021
802,-0.02730871,-0.028571755,0.07622563,0.062553935
803,-0.017372198,0.3038336,0.204856,0.17993301
804,0.07319069,-0.08588588,0.056656178,0.04414468
805,-0.48774838,0.31960696,0.046626676,0.042137165
806,-0.09125976,-0.21494764,0.04987027,0.03890975
807,0.19720812,-0.62273645,0.06070384,0.0753469
808,-0.055083152,0.16469015,0.028331706,0.024343727
809,-0.6878725,0.28727204,0.064653955,0.05363585
810,-0.06322694,-0.04091902,0.029882487,0.022732442
811,0.020962626,-0.11190419,0.05409927,0.050880495
812,0.038447876,-0.035033703,0.052853636,0.04154171
813,0.4423939,0.34944656,0.04599294,0.041195996
814,-0.026515638,-0.007032275,0.04117911,0.030772315
815,-0.2207783,0.1135762,0.051076572,0.041067977
816,0.019622687,0.011650346,0.029571092,0.026135985
817,0.008320492,0.043336544,0.06056404,0.047899093
818,0.052281026,-0.17099673,0.039042104,0.031695683
819,-0.0013862047,0.030026235,0.026644338,0.023463344
820,0.25850344,0.4940578,0.086334154,0.0801694
821,0.00096445903,-0.030394107,0.037625335,0.03284062
822,0.20972452,-0.065866485,0.056285735,0.044028502
823,-0.37870637,0.669027,0.09326215,0.084924035
824,-0.24232788,-0.110140175,0.0818573,0.06762333
825,-0.12911747,-0.37194207,0.074802764,0.07798286
826,0.04034477,-0.018622674,0.025348434,0.020466996
827,0.10779455,0.41636652,0.068500474,0.0649304
828,0.09026903,-0.21383134,0.041438308,0.037339643
829,-0.18064408,-0.121082276,0.098603465,0.08263157
830,0.06384274,0.1311219,0.029537873,0.029642673
831,-0.17488027,-0.025957145,0.14545487,0.11734344
832,-0.05824861,0.0892952,0.058621235,0.045632906
833,0.045368183,0.0057496727,0.08124497,0.067777
834,-0.012135347,-0.06070447,0.03860979,0.0322033
835,0.13276799,0.068944894,0.031037442,0.025544995
836,0.0032178983,0.13421907,0.0714071,0.063732
837,0.19746077,-0.043111622,0.04460595,0.03282449
838,-0.27911055,-0.5266584,0.05872983,0.06091082
839,0.14013433,-0.23699921,0.038282514,0.03162419
840,-0.76736194,-0.08658138,0.08709003,0.066596486
841,0.37465662,0.12551846,0.040863536,0.02994667
842,0.0043869987,-0.16360071,0.06478446,0.06298097
843,-0.25839487,-0.13166606,0.06613741,0.05296158
844,-0.13357869,-0.01684288,0.027223157,0.020815374
845,-0.07523523,0.0014461279,0.08346386,0.078695215
846,0.14047064,-0.7639115,0.0375476,0.04662178
847,-0.0014788713,0.025137477,0.028861143,0.023738831
848,-0.1697095,-0.18298188,0.09630666,0.08201978
849,-0.18959102,0.0570783,0.10251519,0.09324197
850,-0.012801554,0.004929818,0.033155046,0.027977709
851,-0.3384558,0.25891525,0.052149843,0.04243671
852,-0.17944312,-0.19476351,0.11480005,0.11275278
853,-0.18450214,-0.17128041,0.11729923,0.1162743
854,0.11310108,0.15891492,0.051429704,0.041669052
855,-0.6303956,-0.556808,0.084070124,0.08678499
856,0.027102403,0.014991082,0.04013751,0.034829676
857,0.008580588,-0.015996784,0.067481175,0.05817792
858,-0.03908027,0.013846368,0.052866183,0.043800652
859,-0.04168759,0.02301395,0.06921644,0.06519352
860,-0.08471181,-0.105217844,0.06488636,0.055214953
861,0.07023525,-0.09024225,0.032245778,0.029357096
862,0.20819877,0.11736284,0.104315035,0.07898474
863,-0.4205623,-0.17328042,0.059732035,0.050413534
864,0.030808616,0.04414092,0.035856638,0.039886136
865,-0.058685895,0.014094636,0.044625215,0.03494364
866,-0.4630421,-0.70942307,0.15039898,0.16491662
867,0.021300346,-0.043515965,0.08472934,0.077268936
868,-0.16528021,-0.35091034,0.0616793,0.050030906
869,-0.73427755,0.18767223,0.097290315,0.080940716
870,-0.15876761,-0.11807661,0.05512315,0.045762453
871,-0.0882899,0.6301919,0.06843769,0.06804207
872,-0.12037471,-0.0432425,0.06090789,0.047890306
873,-0.0070760176,0.010655016,0.032599382,0.02580109
874,-0.52019227,0.20645002,0.045104284,0.035327777
875,0.006328527,0.021709025,0.031026578,0.025313295
876,-0.05416845,0.1120964,0.03394781,0.035740614
877,0.023079876,-0.06205912,0.030756574,0.025206143
878,-0.022291584,0.020708017,0.035684682,0.032992538
879,-0.37801895,0.6353117,0.08224474,0.07684123
880,-0.02084386,-0.018195301,0.03009131,0.026015699
881,-0.051761393,-0.01088696,0.17778397,0.15049739
882,0.2622306,-0.45069095,0.1734802,0.1207119
883,-0.39291185,-0.1315107,0.07551887,0.050500557
884,0.05856293,0.046306077,0.03222638,0.024765246
885,-0.0036482792,0.024491228,0.043333817,0.035337277
886,0.12051582,0.1922352,0.057186026,0.062260766
887,0.45285267,0.73428273,0.038013082,0.06717207
888,0.10378985,0.050534822,0.064641215,0.046046715
889,0.64259124,-0.201265,0.08335649,0.064486526
890,-0.05601226,-0.31042784,0.15590179,0.13759637
891,-0.14821382,0.044091597,0.0471365,0.03501936
892,-0.005816184,-0.020224266,0.041397586,0.03995472
893,-0.009861749,0.022073917,0.058203157,0.046754435
894,-0.22314036,-0.37967816,0.059301842,0.06166351
895,0.07254945,0.11419368,0.028232044,0.025089107
896,-0.053063862,-0.034506187,0.06700156,0.05303326
897,-0.014693029,-0.025324836,0.038130365,0.031474218
898,0.09612343,-0.027258672,0.07072391,0.052623734
899,0.13473119,-0.8588768,0.06942955,0.08785269
900,-0.36669186,0.31365323,0.058344748,0.04892677
901,-0.44760087,-0.07547991,0.066764645,0.057395756
902,-0.0035746787,-0.057766885,0.035387054,0.029361082
903,0.33491525,-0.20931414,0.046025846,0.034018442
904,0.12137641,-0.051270336,0.044432525,0.03587644
905,0.11440262,0.35336515,0.05048057,0.043679617
906,0.26218358,-0.36023957,0.05143706,0.05614918
907,-0.16850919,-0.1126706,0.117110066,0.09889241
908,-0.053743087,-0.06788282,0.05495279,0.053482246
909,-0.052853532,-0.00152006,0.0778546,0.058432996
910,-0.010783171,-0.015068211,0.042866364,0.033228397
911,0.09319179,0.023109898,0.0445559,0.037497215
912,0.043282714,-0.004445061,0.052000474,0.043914657
913,-0.080282405,-0.20033059,0.02726956,0.026150916
914,-0.10046482,-0.05140367,0.084782586,0.07283129
915,-0.041814588,-0.09671442,0.055728685,0.058722742
916,-0.0105535425,0.038275663,0.028480483,0.026407827
917,0.0017508939,-0.15188721,0.040828064,0.0360235
918,0.04450624,0.004797876,0.05923286,0.049990486
919,0.049289513,0.04124444,0.038724825,0.0294444
920,0.05297893,-0.14501986,0.08437093,0.07002281
921,0.3745245,-0.12825915,0.089303315,0.06561812
922,-0.16312142,-0.115851045,0.16678217,0.11874227
923,0.6413963,0.15263183,0.07479126,0.062023796
924,-0.008696957,0.027712584,0.040794186,0.036699224
925,0.13796838,0.23451968,0.051455073,0.04590468
926,0.70509505,0.002191849,0.06530589,0.046160042
927,-0.005173357,0.015796483,0.063709795,0.054549094
928,0.2500694,0.21206143,0.058833357,0.0500755
929,0.4202162,0.1953145,0.06305313,0.046205964
930,0.02811461,-0.13825405,0.08818265,0.07210018
931,-0.7773193,-0.41499564,0.09575414,0.092312746
932,0.17304114,-0.19614705,0.07884863,0.08377
933,0.32686016,-0.22311223,0.045618534,0.03714889
934,-0.0058330353,-0.06687936,0.07270512,0.060028393
935,0.08791138,-0.025215827,0.030243991,0.023370279
936,0.017512564,-0.4037707,0.044592388,0.044587035
937,0.0084971115,-0.033833712,0.0395903,0.032836236
938,0.44503036,0.41603118,0.051733576,0.04155073
939,0.07845922,-0.0826038,0.09249932,0.08253888
940,0.3343082,0.031508386,0.074291684,0.050498758
941,0.18575382,-0.3872816,0.07593453,0.086912006
942,-0.0334703,-0.042348385,0.025037482,0.021147015
943,-0.16011477,-0.0020319447,0.03956624,0.028936196
944,-0.2193382,0.30160204,0.14769389,0.13176045
945,0.018396392,-0.034022838,0.05582204,0.042405657
946,-0.31073874,0.46630898,0.04599124,0.04675242
947,0.21641092,0.19147524,0.036903154,0.033924956
948,-0.15161549,-0.057902977,0.0694985,0.05402468
949,-0.000104326755,-0.056266755,0.040102124,0.032493282
950,-0.1367533,0.011385307,0.14833921,0.109796815
951,-0.10209882,0.0998582,0.034994483,0.030173272
952,0.1865812,-0.002489604,0.04689311,0.038929444
953,-0.24901143,-0.4806926,0.11022013,0.11490611
954,-0.021016303,0.013095863,0.06564979,0.06657994
955,0.04636811,0.01822406,0.06840163,0.05778741
956,0.14392756,-0.035935253,0.11715048,0.086918026
957,-0.20665178,-0.20222631,0.0570204,0.04705877
958,0.14595126,-0.07206851,0.06743526,0.053152315
959,-0.0474262,-0.09950213,0.060281016,0.047324512
960,-0.006393239,-0.07253435,0.025571335,0.019975403
961,-0.0404595,-0.06254764,0.07555126,0.06833023
962,-0.17687893,-0.418685,0.03194146,0.032428723
963,0.33787152,-0.056641743,0.163012,0.13956027
964,0.088272914,-0.37723824,0.06327807,0.053947534
965,-0.7119801,-0.106019944,0.052355196,0.038941193
966,-0.041451212,-0.08399743,0.026011406,0.023548452
967,-0.031696055,-0.1941509,0.23686337,0.22183931
968,-0.10319704,0.07203396,0.07454653,0.058987547
969,-0.2750275,-0.025416546,0.12682652,0.08515329
970,0.08808932,-0.12504856,0.067124076,0.05186227
971,-0.018241808,0.2298257,0.026088296,0.024152484
972,0.035172727,0.01185184,0.02924686,0.024189293
973,0.020123247,0.11827324,0.11763588,0.11991628
974,-0.08255175,-0.08839907,0.025060851,0.02051945
975,0.007474631,0.033114895,0.041812237,0.03932426
976,-0.036859512,-0.23259231,0.09061861,0.09961616
977,-0.10379368,-0.11737974,0.046411265,0.047755178
978,0.13895674,-0.25703824,0.12874964,0.10090973
979,-0.4090204,0.27552146,0.111903325,0.098825075
980,-0.022924978,0.034770727,0.047910765,0.045625642
981,-0.02631909,0.016542025,0.07159089,0.06292446
982,-0.021608405,0.28086162,0.08237803,0.08158339
983,-0.19638954,-0.19010836,0.03807207,0.02987292
984,-0.12870578,0.50815535,0.13622856,0.16761515
985,-0.055274677,-0.041692123,0.113597505,0.08480069
986,-0.056542255,-0.013627917,0.034091607,0.027936712
987,0.03985784,-0.04697469,0.036111474,0.032499187
988,-0.043832026,0.010922745,0.03841594,0.030255372
989,-0.09598182,-0.30668318,0.07663669,0.061273515
990,0.056006286,-0.039043352,0.1134878,0.108451284
991,-0.0071282275,0.0027951524,0.030465335,0.023925928
992,0.037928607,0.0013961196,0.06220705,0.049693607
993,0.023826048,0.06893458,0.09878048,0.07393252
994,-0.009718971,-0.019679107,0.041367624,0.034168273
995,0.07873112,0.19674152,0.04585472,0.036141463
996,0.2615289,0.51454926,0.21764563,0.27451864
997,-0.002817763,-0.058633253,0.14860958,0.09917958
998,-0.1916358,0.15973623,0.08649468,0.0705193
999,0.013167851,-0.025757626,0.041976053,0.033803068
1000,-0.29176244,0.15720353,0.040122513,0.036395382
1001,-0.7054573,0.2736097,0.072331816,0.05698229
1002,-0.57412446,0.31495425,0.08957844,0.06663467
1003,0.12713696,-0.0066458136,0.05858066,0.03930754
1004,-0.016663078,-0.020110182,0.022914596,0.020218188
1005,0.051653583,0.85009015,0.031694807,0.043453228
1006,-0.066593945,0.05955189,0.09308393,0.07755228
1007,-0.05514444,-0.25703314,0.029921828,0.028965868
1008,0.26198614,0.040279794,0.17224988,0.1321796
1009,-0.16517375,-0.03500028,0.25848415,0.18102148
1010,0.030541334,-0.2155945,0.078256935,0.07720981
1011,-0.25819165,-0.14781485,0.03241578,0.026273899
1012,-0.008584861,0.007976331,0.04648114,0.038764138
1013,-0.5818693,0.16498631,0.04174489,0.044763893
1014,-0.067168266,0.3437008,0.036777917,0.04224525
1015,0.087595865,-0.2647664,0.102339156,0.091659054
1016,-0.15671496,0.029794626,0.16664292,0.11133208
1017,-0.04314502,-0.111847,0.07035142,0.059292417
1018,0.06578319,-0.19796515,0.03982448,0.03563151
1019,0.014495928,-0.05273433,0.079535544,0.07110908
1020,-0.6144715,-0.19363403,0.0609808,0.03725956
1021,0.18771674,0.31504524,0.065094925,0.071271814
1022,-0.2519045,0.841444,0.055670843,0.07481256
1023,0.0021765903,0.00156077,0.07699337,0.070706345
1024,-0.09483072,-0.11023456,0.05355569,0.053945817
1025,-0.05515293,0.019931145,0.07939692,0.0697387
1026,0.16480221,0.26111966,0.17039011,0.15432043
1027,-0.024774766,0.02143471,0.040499903,0.036132943
1028,-0.1360084,0.030344248,0.062272027,0.049073134
1029,-0.08008009,-0.020214438,0.03572494,0.029028567
1030,0.5369419,0.13720779,0.05049746,0.039503973
1031,-0.32095757,0.57069445,0.064580314,0.06599318
1032,0.47686693,-0.36525884,0.17383172,0.18564557
1033,0.4512238,-0.30116707,0.08117133,0.07237422
1034,0.51191604,0.0610894,0.060579527,0.046447866
1035,-0.080823794,-0.016516589,0.07369707,0.07712664
1036,-0.0049394704,0.3446887,0.07585177,0.0649833
1037,0.017228909,0.23658803,0.101553895,0.09065039
1038,-0.12479848,0.02888731,0.06547563,0.05004933
1039,0.06348151,0.2746014,0.031816293,0.02987366
1040,0.21153913,0.1018936,0.06746123,0.049776696
1041,0.088004306,-0.054479286,0.023114275,0.018380791
1042,-0.1699674,-0.3469297,0.06996713,0.072138265
1043,-0.16984026,-0.3554166,0.049451698,0.044136185
1044,0.0487603,-0.14458178,0.031715356,0.028821481
1045,-0.19838656,0.24418642,0.12278754,0.12369369
1046,-0.05796726,0.13615549,0.11876881,0.1036199
1047,-0.16378227,0.10421655,0.11478635,0.07787877
1048,0.043087196,0.13158375,0.026204778,0.02214005
1049,0.016065389,0.03644811,0.025021086,0.019896636
1050,0.16817822,0.097799905,0.050423216,0.045755267
1051,-0.14038847,-0.081431076,0.28174984,0.22087336
1052,0.6236767,-0.560534,0.16935728,0.19606955
1053,-0.1544475,0.14476483,0.029435668,0.021710537
1054,0.03989197,-0.10844371,0.07435234,0.0811857
1055,0.042354632,0.31688523,0.06567669,0.06126122
1056,-0.14597647,-0.045228258,0.1233229,0.08813382
1057,-0.09487118,0.22688387,0.09032883,0.087244615
1058,-0.507627,0.33301014,0.086941086,0.08998074
1059,0.3194379,-0.124084026,0.040308252,0.02881482
1060,-0.18270203,0.01911451,0.03083541,0.023539132
1061,-0.15752143,-0.13118425,0.07385354,0.06748107
1062,0.2268481,-0.0845537,0.080286756,0.060306385
1063,0.11522035,0.022268899,0.12909125,0.11477934
1064,-0.15652297,-0.08892055,0.08021185,0.078582674
1065,-0.01750238,-0.0049157366,0.036824223,0.030517286
1066,0.06296229,0.19890928,0.069054686,0.070675366
1067,-0.20912394,-0.11039795,0.13259576,0.11749884
1068,0.03619722,0.19725543,0.094574,0.06986973
1069,0.13711035,0.44632533,0.035245627,0.0344092
1070,-0.07989689,0.06707924,0.14926727,0.1307651
1071,-0.09027522,0.07148987,0.125209,0.12695292
1072,0.1201248,0.04325282,0.181878,0.16491956
1073,0.027462617,-0.029933631,0.032274857,0.028543282
1074,0.02496972,0.043139525,0.033220664,0.025010223
1075,-0.032404404,0.07760165,0.0414709,0.03302606
1076,-0.07803553,0.031977303,0.036499113,0.02935645
1077,-0.563717,-0.05111164,0.1543611,0.10147471
1078,-0.049100358,-0.12885763,0.09667621,0.090837166
1079,-0.025180558,0.012700811,0.038424883,0.032151867
1080,-0.09844084,0.06747201,0.037418313,0.029846855
1081,0.21470152,0.044225067,0.059287235,0.047431856
1082,-0.13456607,-0.71630836,0.04695988,0.05056084
1083,0.02027857,-0.076822415,0.051271845,0.046775762
1084,-0.06693509,-0.014246419,0.03234146,0.024401644
1085,-0.023506813,-0.025274463,0.20020948,0.14073549
1086,-0.07830992,-0.067996025,0.074298546,0.058612823
1087,0.037239823,0.019512944,0.072486944,0.07313929
1088,-0.31119978,-0.05674778,0.066895425,0.054894388
1089,0.019867994,-0.14175448,0.04648796,0.041081734
1090,0.68262374,0.08215037,0.065080956,0.056745745
1091,0.027308352,0.027061492,0.039454173,0.035452895
1092,-0.0024923813,0.008951478,0.026105369,0.021380799
1093,0.1788261,-0.1279178,0.056164026,0.04232288
1094,-0.7102334,0.18480548,0.057644255,0.036840316
1095,-0.18073605,-0.07008755,0.03369865,0.028925635
1096,-0.17455053,0.054873887,0.04886222,0.037586793
1097,-0.1589095,-0.038818777,0.080629066,0.07996695
1098,-0.13138394,0.19660178,0.03241048,0.029123863
1099,-0.3577606,-0.3514128,0.08728801,0.077524304
1100,-0.10032168,0.15718919,0.17218062,0.1249561
1101,-0.058713846,0.0050207525,0.036704835,0.028012592
1102,0.07795642,-0.29632756,0.064191215,0.05293892
1103,-0.07369892,-0.10047214,0.07225375,0.0761184
1104,-0.13826446,0.19007677,0.28752822,0.2774405
1105,0.07342231,0.016469255,0.050063167,0.044886112
1106,0.12122196,-0.079563424,0.071827024,0.05689239
1107,-0.07596069,0.34576756,0.105033614,0.109181695
1108,-0.038439084,0.043185286,0.043801405,0.03732052
1109,0.8541073,-0.05259484,0.052203253,0.046813954
1110,0.20039015,-0.028889507,0.074616134,0.051687602
1111,0.24453151,0.10662514,0.026509797,0.02343063
1112,-0.0053684283,-0.053589016,0.098693006,0.08630935
1113,0.022293847,-0.15839216,0.09805827,0.09807618
1114,0.012877792,-0.01014746,0.04059698,0.033725474
1115,-0.11690965,0.3757005,0.15243386,0.14603052
1116,0.15169768,0.046153877,0.18762329,0.19922018
1117,-0.34667638,0.5875852,0.07886086,0.082065605
1118,-0.5687733,-0.5469141,0.12588646,0.116899684
1119,-0.022227854,0.08611381,0.036033396,0.032411683
1120,0.0038330518,0.003707409,0.08278963,0.07357834
1121,-0.073312275,-0.16554579,0.065226264,0.048372544
1122,0.012471776,0.031300597,0.13562262,0.13164176
1123,-0.022899857,-0.14701775,0.17525297,0.20307934
1124,-0.008018263,0.050497822,0.03637762,0.032038603
1125,-0.31327662,-0.017520607,0.06684381,0.049778804
1126,-0.56157434,0.012809195,0.09088435,0.07272796
1127,-0.7716968,0.038325083,0.06273487,0.04038354
1128,0.27676058,-0.19773471,0.14309512,0.14894472
1129,0.05477879,-0.019219495,0.09707148,0.074737564
1130,-0.022696942,-0.021981321,0.03219926,0.024828965
1131,-0.2014944,-0.09955953,0.03547312,0.027157428
1132,0.11131096,-0.26903534,0.045984183,0.042235088
1133,0.48608258,-0.6335546,0.03395991,0.03829613
1134,-0.071539156,-0.057319656,0.05440831,0.048864324
1135,0.16967784,-0.17244032,0.046290394,0.04332639
1136,-0.21742125,-0.58503175,0.23080198,0.260188
1137,0.057817522,0.108489364,0.028983898,0.025066324
1138,0.12789674,0.13654648,0.08856798,0.06671322
1139,-0.084000036,0.04447108,0.104997545,0.06644687
1140,-0.038318925,0.031954728,0.10707692,0.09533489
1141,-0.090663195,0.2550366,0.07694095,0.07007193
1142,0.09765911,0.15512376,0.029318636,0.027389282
1143,-0.37885374,0.09302469,0.049430024,0.03537534
1144,-0.21503799,0.044297308,0.034159925,0.024916403
1145,0.096125424,0.0319433,0.05676262,0.052495014
1146,-0.0002110526,-0.076707095,0.10401651,0.107851095
1147,0.06071974,0.30204782,0.047759615,0.04555999
1148,0.7078035,0.45479372,0.055185426,0.0565626
1149,-0.033185598,-0.11267659,0.042018,0.03809953
1150,0.17439573,-0.38537014,0.32693505,0.28706765
1151,-0.02858653,0.011091217,0.04388002,0.034098126
1152,-0.5619973,-0.14443016,0.071897686,0.0596127
1153,0.004071329,0.4000186,0.22762227,0.22559668
1154,-0.15191689,-0.038211048,0.14032303,0.11496166
1155,-0.08017239,-0.003320761,0.062532306,0.047878876
1156,-0.41166553,-0.7648649,0.045546893,0.056757357
1157,0.10008387,0.017696694,0.048219223,0.043771036
1158,-0.044222116,-0.08294201,0.08099467,0.066957876
1159,-0.052645806,0.12634875,0.057873342,0.05423778
1160,0.091686755,0.13440065,0.1164221,0.106368504
1161,-0.43739742,0.66886437,0.05949607,0.0474539
1162,0.03128319,0.6243911,0.054504164,0.056130294
1163,0.048898723,0.02733171,0.08858413,0.09262015
1164,-0.20820479,0.12111222,0.05413122,0.040906876
1165,-0.21125393,0.13889691,0.037333682,0.030505458
1166,-0.08577095,0.045607865,0.1446113,0.10984554
1167,-0.17676754,-0.36661074,0.06164209,0.060361054
1168,-0.32000396,-0.29918486,0.1607169,0.111619115
1169,-0.53316027,0.34612834,0.036063295,0.025105922
1170,-0.12533885,-0.1227202,0.1145272,0.11347208
1171,0.30779845,0.2593169,0.05882561,0.053497262
1172,0.04178935,-0.109293014,0.0591969,0.03917793
1173,-0.015536774,0.24390395,0.12586753,0.09442517
1174,-0.38401183,-0.18717957,0.20326291,0.163006
1175,-0.09995408,0.08817979,0.10331097,0.07901698
1176,0.026408836,0.0014427081,0.037335053,0.035194416
1177,0.14592773,-0.19882593,0.04185739,0.036257114
1178,-0.0024336,-0.10526097,0.06695496,0.052144922
1179,0.034763593,-0.10493079,0.06794763,0.054690953
1180,0.032217775,-0.06472334,0.10366182,0.086928226
1181,0.64977384,-0.14334242,0.045404382,0.04237676
1182,-0.037397828,0.09106739,0.034866817,0.031001585
1183,0.009038292,-0.0071252882,0.09206309,0.07718149
1184,0.043880608,0.033026766,0.04229664,0.03309863
1185,-0.36395204,-0.14580806,0.049978912,0.03859785
1186,-0.0035948101,-0.13240486,0.09541925,0.091934286
1187,-0.05450137,0.11064842,0.18547277,0.16930787
1188,-0.13742252,-0.08342557,0.07599696,0.07236748
1189,0.21529177,0.43570894,0.12737295,0.10183833
1190,-0.21244201,0.05915773,0.14350346,0.09241309
1191,0.019498613,-0.28953916,0.033226546,0.030360328
1192,0.043485265,-0.03035961,0.035759103,0.028703727
1193,-0.45826697,-0.62797594,0.07346571,0.06444423
1194,0.0056688003,-0.5090066,0.05060434,0.05715436
1195,-0.7216013,-0.00048325956,0.04128012,0.032639097
1196,-0.10454044,0.03501144,0.050773863,0.041949354
1197,-0.09229864,-0.12274209,0.076584674,0.061265104
1198,0.6239392,-0.2689326,0.11776569,0.09391447
1199,0.10349186,-0.05752948,0.048596643,0.038417242
1200,0.089289024,0.03163881,0.055781893,0.05501266
1201,0.2893599,-0.19240496,0.27028078,0.19780138
1202,0.022650354,0.083689466,0.046157107,0.034446187
1203,-0.042539485,-0.49147066,0.030905688,0.03122819
1204,-0.06163322,0.0620551,0.11791903,0.0860485
1205,-0.07388059,0.03125871,0.067276336,0.06887574
1206,0.0002868995,-0.06974371,0.056563806,0.042749688
1207,0.13029678,-0.37128443,0.098685876,0.1044239
1208,-0.0026152655,0.020997584,0.06797659,0.057149727
1209,0.020445101,-0.018282436,0.0348195,0.028895492
1210,0.14253508,0.013243251,0.0702452,0.06033104
1211,0.6898544,-0.05207306,0.06378118,0.052012574
1212,0.14525361,0.2262788,0.03085529,0.030742416
1213,0.09294805,-0.20158488,0.054713096,0.05273022
1214,-0.007456105,0.013120726,0.025627458,0.021910504
1215,0.0042554885,-0.007046245,0.042712394,0.033378374
1216,0.083302304,-0.114314705,0.025205119,0.021716839
1217,0.0014259182,0.0020835921,0.026667554,0.02197122
1218,-0.08182913,0.34859842,0.23779029,0.27146086
1219,-0.10508105,-0.011392035,0.04844947,0.038313095
1220,0.29157034,0.054144472,0.040479187,0.032536775
1221,0.3656638,0.23832913,0.0357185,0.030834112
1222,-0.4909581,0.70035326,0.10506645,0.08879231
1223,-0.010635672,0.007849932,0.101848744,0.08592258
1224,-0.03481387,-0.11127114,0.04878331,0.05142603
1225,0.05109554,-0.027975641,0.08813048,0.07935446
1226,-0.0038185697,-0.009851143,0.02569996,0.02103999
1227,0.037396166,0.058750514,0.044461146,0.03876741
1228,0.009944599,0.1567287,0.052100964,0.051447373
1229,-0.09914073,-0.13528676,0.08501004,0.08400835
1230,-0.5365701,-0.13967532,0.0782662,0.06394297
1231,-0.63942224,-0.0594441,0.15685311,0.08935035
1232,-0.351117,0.32785177,0.059224207,0.051368065
1233,-0.34612912,-0.24353552,0.101697244,0.08356329
1234,0.10949838,-0.0124101415,0.042515114,0.03288459
1235,-0.57676166,0.054351557,0.14201592,0.1290603
1236,0.013729114,-0.045095548,0.06475843,0.05498374
1237,-0.41994923,0.6032884,0.07525454,0.05826954
1238,0.15292503,-0.043011233,0.18162036,0.12334919
1239,0.45049086,-0.2725047,0.036520723,0.03358639
1240,0.4705837,-0.031701654,0.05025738,0.03854189
1241,0.63348573,-0.39752024,0.05737921,0.04464903
1242,0.0041418,0.03387688,0.023123596,0.019381678
1243,-0.020291824,-0.039880633,0.050742023,0.044341903
1244,-0.022853455,-0.0016464218,0.18276206,0.15842427
1245,0.07557532,-0.08501056,0.09466065,0.07656348
1246,0.15292843,0.024009474,0.04144643,0.030015662
1247,-0.036043856,-0.099604994,0.06604033,0.06354234
1248,0.012595601,-0.15575173,0.11396583,0.10015447
1249,-0.027462019,0.02398704,0.035929438,0.029422801
1250,0.0345218,-0.03369771,0.021007609,0.017454896
1251,-0.3387465,-3.607571e-05,0.09275359,0.06441429
1252,0.54930663,-0.30456305,0.06166249,0.06370931
1253,0.024323117,-0.031227082,0.028359286,0.022581544
1254,-0.026413338,-0.02033604,0.06101366,0.050642423
1255,0.33177498,0.10614751,0.23300013,0.17718232
1256,0.01772758,-0.0883127,0.051949542,0.046996348
1257,0.5069912,-0.03276314,0.06679865,0.049765952
1258,-0.49958417,-0.22075719,0.09699748,0.088051915
1259,0.091172546,-0.015995458,0.050597195,0.03995977
1260,0.0153263025,0.091649726,0.028188583,0.024795549
1261,0.4436184,0.34749812,0.09762251,0.11340745
1262,0.004622925,-0.25971317,0.028101308,0.025705885
1263,0.03400087,0.08237785,0.03821998,0.033907004
1264,-0.11275394,0.13806483,0.069502726,0.061321713
1265,0.021180034,-0.018613331,0.10020332,0.07541516
1266,-0.33254108,0.26062733,0.16391437,0.13491909
1267,0.04664504,0.030524604,0.033559743,0.027466515
1268,-0.016395465,-0.0573619,0.07407264,0.063323
1269,0.9420905,-0.17562425,0.10520168,0.08297506
1270,0.1282498,-0.15084013,0.028949622,0.024043001
1271,-0.17313865,-0.05365467,0.041594412,0.031140806
1272,-0.0719762,0.023819707,0.1048037,0.09763429
1273,-0.05656862,-0.053722188,0.057286788,0.047174916
1274,-0.025490899,-0.0005547479,0.032799326,0.027251465
1275,-0.0780312,-0.07292575,0.02837342,0.023288831
1276,-0.13542762,-0.036867484,0.08155618,0.06347404
1277,0.17210151,-0.21769157,0.030155275,0.024447365
1278,0.20362718,-0.1917159,0.060443867,0.044455044
1279,-0.05755523,-0.09302187,0.057112053,0.056756895
1280,0.048860256,0.018780366,0.0356657,0.027514363
1281,-0.018437192,0.02859687,0.04113655,0.035375442
1282,-0.13182205,-0.0522677,0.09544935,0.07089653
1283,-0.072634906,-0.0909408,0.11595158,0.09604587
1284,0.123833016,0.06653842,0.04357854,0.03506602
1285,-0.046783283,0.42599413,0.0347632,0.034375675
1286,-0.119075745,-0.054629445,0.02681333,0.020797271
1287,0.016101886,-0.02619122,0.03748193,0.028827325
1288,0.008232694,0.012662277,0.044454996,0.038225185
1289,-0.1741485,0.049351644,0.05292815,0.046217572
1290,0.5706846,0.094193965,0.043575346,0.04211511
1291,0.00079646707,-0.013800465,0.03061334,0.025629643
1292,-0.016363354,-0.16370729,0.09282508,0.082276575
1293,0.09495111,-0.07884811,0.030703166,0.025463324
1294,-0.07231534,-0.011382312,0.07488296,0.060426872
1295,0.15593053,-0.011841029,0.05565742,0.04248244
1296,-0.00992471,0.044936713,0.062373165,0.061447684
1297,0.045175333,0.15261878,0.025945548,0.024155755
1298,0.12828271,-0.21289662,0.031734526,0.027263697
1299,0.40811828,-0.075019,0.03410716,0.025014795
1300,-0.6055409,0.09342819,0.07150843,0.065897755
1301,-0.2551261,0.0105646625,0.30265135,0.27886945
1302,0.5502488,-0.5217993,0.047104888,0.035196796
1303,-0.09509666,0.43494302,0.09625079,0.1019622
1304,0.09820132,0.054044113,0.06320075,0.044011857
1305,0.37639105,0.14013425,0.04295099,0.036125444
1306,-0.22807977,-0.36219183,0.0880283,0.08029588
1307,-0.04660108,-0.36157417,0.15777677,0.15591736
1308,-0.55071634,-0.284824,0.11673464,0.09185661
1309,0.2915993,-0.08759199,0.029909333,0.023892045
1310,-0.33446822,-0.62173474,0.042512365,0.048734598
1311,0.28124562,-0.13691735,0.108983405,0.082360975
1312,-0.21234435,-0.19127154,0.05290813,0.045364212
1313,0.24365175,0.73093176,0.032981705,0.03949517
1314,-0.09763758,-0.068533614,0.033659916,0.025601631
1315,-0.100354925,-0.002618648,0.08006925,0.060092635
1316,-0.12434639,0.23356214,0.09053552,0.07740158
1317,0.013701063,-0.6487969,0.04090084,0.040080734
1318,0.08049297,-0.19693741,0.054658234,0.054342445
1319,0.01324027,-0.0022490695,0.047773596,0.04174473
1320,-0.1513706,-0.030717865,0.117987774,0.07980407
1321,-0.016801743,-0.023651406,0.026189568,0.022667056
1322,-0.020480443,-0.041736633,0.029052684,0.022336777
1323,-0.07554133,-0.22342747,0.028137352,0.024619978
1324,0.12113358,0.23210938,0.042169444,0.0391776
1325,-0.013254458,0.112428814,0.070224635,0.07301986
1326,0.061985325,0.027181134,0.058632594,0.056138813
1327,0.28727543,-0.097329155,0.040133275,0.03408513
1328,-0.07410145,0.031215936,0.18568844,0.1594401
1329,-0.073624454,-0.24673378,0.040518567,0.04227663
1330,0.07517891,-0.0842423,0.028081486,0.023325097
1331,-0.032183334,-0.20220399,0.04043041,0.03672951
1332,-0.36861375,-0.027535796,0.09635861,0.07238859
1333,-0.4109677,-0.4179735,0.05843213,0.053230383
1334,-0.06570499,-0.054085076,0.028654613,0.02175033
1335,-0.14657827,0.05681191,0.041031636,0.029106002
1336,0.6688565,-0.3177402,0.058025558,0.057866037
1337,0.12906268,-0.44843373,0.17394891,0.19014697
1338,-0.089936405,0.23380582,0.045427848,0.0410524
1339,-0.06811057,-0.16135237,0.058430213,0.06714864
1340,0.14244461,0.26615214,0.08383074,0.080384366
1341,-0.13708061,-0.27321738,0.04820321,0.042678803
1342,0.18298505,0.14134946,0.16236219,0.13215113
1343,-0.0002445206,0.0335077,0.08057694,0.06420376
1344,0.021279994,-0.04384464,0.03192518,0.028041221
1345,0.15407161,0.15995973,0.12512116,0.10345402
1346,-0.12840657,-0.02699726,0.13361132,0.11553433
1347,0.6827095,-0.09601857,0.03712189,0.028335938
1348,-0.005036773,0.12001914,0.1399305,0.110190585
1349,-0.01898463,0.0113636255,0.071194194,0.06090126
1350,-0.14214298,0.33826205,0.05423422,0.049622852
1351,0.021021903,0.08892645,0.040568363,0.035446644
1352,0.038815785,0.028308123,0.0342317,0.03294291
1353,0.241781,0.043725543,0.08404437,0.065979995
1354,-0.10931268,-0.020045958,0.029333454,0.022742223
1355,0.010629781,0.010418475,0.023520267,0.019122291
1356,0.037966702,0.14542249,0.08403856,0.07324595
1357,-0.0886997,-0.085583135,0.09645573,0.0850763
1358,0.54276437,-0.17369336,0.05210039,0.03932813
1359,-0.061689254,-0.001264736,0.026533246,0.022298824
1360,0.026628885,-0.17312762,0.03376077,0.029773766
1361,0.07674518,-0.4844968,0.15688725,0.16168822
1362,-0.021733513,0.06787199,0.05800576,0.049554873
1363,-0.027523573,0.061853264,0.056368664,0.0482296
1364,-0.01956418,-0.06512199,0.164244,0.17688435
1365,0.14382915,0.06338771,0.14047076,0.114904046
1366,0.022670705,-0.5067986,0.17868198,0.19838238
1367,-0.025290634,-0.08858006,0.06414974,0.054242086
1368,-0.07797569,-0.023893967,0.056992475,0.044580564
1369,-0.22131625,0.20223168,0.070692256,0.07548473
1370,0.12210953,-0.061612174,0.03752992,0.028261796
1371,0.3460394,-0.33467287,0.047446344,0.042842142
1372,-0.10438542,-0.7139504,0.042623296,0.055087145
1373,-0.14421804,-0.14094132,0.06989021,0.07624186
1374,0.3555353,0.7267977,0.070388205,0.06531274
1375,0.0014725514,-0.015693985,0.027934156,0.021484926
1376,-0.11730033,-0.1368986,0.06878518,0.060670704
1377,0.45724508,-0.5338268,0.18290246,0.17619717
1378,-0.062937304,0.034476504,0.0492824,0.041811004
1379,0.11883362,-0.17225114,0.030336047,0.027337573
1380,-0.06444503,-0.028429821,0.07118309,0.07111512
1381,0.11156654,-0.026746921,0.037297737,0.031088926
1382,0.1254522,0.07515312,0.042615302,0.0360667
1383,0.5546742,0.3385849,0.043212924,0.033020176
1384,0.11179626,0.05559309,0.06279443,0.059396915
1385,-0.12555067,0.0015264079,0.043948814,0.030877084
1386,-0.09147882,-0.070726305,0.031010745,0.027001427
1387,0.11396682,-0.029414952,0.046105195,0.040913668
1388,0.026277091,0.12243252,0.03610825,0.030564565
1389,0.18251197,0.17342934,0.06724971,0.054424867
1390,-0.121264756,0.0012961477,0.11070037,0.1177595
1391,-0.21538569,0.177178,0.071678445,0.063767314
1392,-0.18754677,0.0861915,0.14263268,0.1151133
1393,-0.004694598,0.05853851,0.060011506,0.047825243
1394,0.0056226403,-0.041793272,0.040235195,0.03275374
1395,-0.08032039,0.055479873,0.10991472,0.11065406
1396,0.1637897,0.32616186,0.033049636,0.033817317
1397,-0.039300304,-0.15357342,0.07105884,0.05422038
1398,-0.26207206,-0.70030105,0.038272873,0.042292655
1399,-0.76484555,-0.40000758,0.050584733,0.048277184
1400,0.05993926,-0.14877677,0.22746818,0.20685458
1401,-0.088019036,-0.0027129948,0.09456825,0.08607637
1402,0.009006035,0.03581205,0.040262107,0.03450589
1403,-0.013474183,-0.076100096,0.02467735,0.021106616
1404,-0.7256395,0.44818974,0.06727801,0.044587765
1405,0.1302606,-0.0947386,0.09089892,0.071903035
1406,-0.018307231,0.02767159,0.06760864,0.053601567
1407,-0.082226485,-0.2953276,0.027534593,0.024132673
1408,-0.21060015,-0.060383648,0.1552198,0.1366821
1409,0.025688287,-0.06862481,0.036440957,0.027284719
1410,-0.07345109,0.09624345,0.068608,0.05001418
1411,-0.092244595,-0.8054805,0.04096447,0.0555735
1412,-0.55966777,0.111087,0.113761775,0.08242138
1413,-0.7127828,0.0020111501,0.046358112,0.041916806
1414,0.012438163,-0.31677988,0.043702018,0.044446215
1415,-0.055703882,-0.007903032,0.027320951,0.022816226
1416,0.14462979,0.68247104,0.055126313,0.06830186
1417,-0.12798728,-0.08379768,0.04766539,0.03288585
1418,-0.7001505,-0.095354244,0.04500901,0.038534004
1419,-0.017625364,0.030334823,0.049550857,0.04446174
1420,-0.04205831,-0.007765889,0.029065076,0.022580814
1421,0.096771285,-0.026054032,0.06634805,0.061889447
1422,-0.084640495,-0.18044928,0.053352505,0.040097136
1423,-0.021045702,0.033714227,0.12944111,0.11659376
1424,0.08748233,-0.11673652,0.025725752,0.021843497
1425,0.013981994,-0.016532943,0.032491717,0.028496832
1426,-0.3048042,-0.026061594,0.10704714,0.090523124
1427,0.18666352,0.48017147,0.041360877,0.048296534
1428,-0.051252916,0.20845795,0.08885032,0.0803364
1429,0.010970805,-0.015447877,0.044743665,0.03468116
1430,0.048548516,-0.013450526,0.034799006,0.028513163
1431,0.14749762,0.55901206,0.2494871,0.24276286
1432,-0.040686898,0.06207694,0.06701941,0.04905831
1433,0.008570399,-0.051750585,0.12633863,0.105633385
1434,-0.13096678,-0.049164027,0.02923852,0.02223424
1435,-0.067371234,-0.22390118,0.06034859,0.070078455
1436,-0.10168369,0.33350152,0.049469396,0.04941764
1437,-0.025060192,-0.037944436,0.04369266,0.035981055
1438,-0.426986,-0.28409418,0.057663277,0.047715943
1439,-0.23027703,0.30206737,0.10940386,0.10428918
1440,-0.026292555,0.042856395,0.028866697,0.022473086
1441,-0.08707929,0.042329714,0.12971342,0.11190036
1442,0.06319335,-0.09780529,0.07511786,0.07728758
1443,-0.08448064,0.0008154884,0.034509636,0.029017333
1444,0.12751321,-0.11522196,0.04789838,0.03739032
1445,0.20026198,-0.05564572,0.3135611,0.28520954
1446,-0.6955419,0.25761116,0.05394623,0.038262766
1447,0.03907564,-0.053120434,0.04271902,0.035842065
1448,-0.7801134,0.15130411,0.1493488,0.1259169
1449,0.06897664,0.031870805,0.033164274,0.027316779
1450,-0.012511043,0.06997847,0.042589825,0.04066763
1451,-0.014319882,-0.005982466,0.046102006,0.039154835
1452,0.1798538,-0.12945583,0.05710463,0.045024414
1453,0.0429714,0.0019428283,0.05222871,0.044081286
1454,0.004757881,0.05026242,0.030447066,0.024824876
1455,0.021753166,0.35494223,0.07167867,0.06928706
1456,0.086037904,-0.017348886,0.073297106,0.058151133
1457,0.01266418,-0.23730129,0.05426323,0.048787504
1458,-0.056658134,0.14089286,0.08911336,0.08118072
1459,0.045878682,-0.1391679,0.0681109,0.06635783
1460,0.03711119,-0.6605152,0.06037227,0.06931378
1461,0.08403964,-0.076180816,0.058039386,0.055914253
1462,-0.0042208843,0.007217467,0.025981324,0.020361558
1463,0.021701772,-0.043019697,0.026575966,0.022625478
1464,0.01108741,-0.8917662,0.0756629,0.0804175
1465,-0.035130613,-0.07958591,0.07138013,0.06155593
1466,-0.057932056,-0.083890885,0.078543395,0.06954644
1467,-0.22672579,0.2064622,0.09696437,0.112969436
1468,-0.15157372,0.2975914,0.21565893,0.2123331
1469,-0.48698983,-0.14994188,0.091993496,0.080760606
1470,-0.75143707,0.17259032,0.055313908,0.05246537
1471,0.44419754,-0.2747555,0.3182285,0.26647896
1472,0.2874812,-0.39527798,0.07242518,0.0773952
1473,-0.09104349,0.018688865,0.057232752,0.048707973
1474,0.050718438,0.13975465,0.12462529,0.14261965
1475,0.046103936,-0.0007182732,0.10329743,0.10808455
1476,0.010480445,-0.034382597,0.031804282,0.025179379
1477,0.09836462,0.0046384037,0.037578836,0.030411333
1478,-0.06267236,-0.019256823,0.07076446,0.057676367
1479,0.02233351,0.08406384,0.07107861,0.06183473
1480,0.02045042,-0.14796597,0.043675773,0.039910078
1481,-0.43461403,0.1251142,0.25676516,0.21261054
1482,0.1038847,-0.10001165,0.034824565,0.031637624
1483,-0.068423755,-0.19049463,0.034387324,0.030724788
1484,0.017353602,-0.001909636,0.028221034,0.022530176
1485,0.17604022,0.250988,0.06378262,0.07493347
1486,-0.21899398,-0.15943551,0.02978877,0.02353402
1487,0.18598484,-0.012813106,0.045657363,0.03875667
1488,-0.18845819,-0.009484351,0.14935394,0.10893697
1489,0.1887315,-0.14538833,0.21294808,0.1793194
1490,0.21980697,-0.18865573,0.14250419,0.11542206
1491,-0.44900683,0.11157451,0.089616045,0.06084962
1492,-0.12783112,0.010080799,0.14345667,0.11733823
1493,-0.078661904,0.21947561,0.050410304,0.046325423
1494,0.024516396,0.007886514,0.03584571,0.028421719
1495,-0.03196274,0.018688574,0.10690511,0.08209041
1496,-0.01984561,-0.015194505,0.056193326,0.04863302
1497,-0.010208728,-0.010346383,0.033834532,0.026764575
1498,0.018573653,-0.040415436,0.13204673,0.096359946
1499,-0.07341423,0.9862149,0.044786755,0.06197434
1500,0.009947032,0.14458303,0.093367696,0.08581712
1501,0.1685823,0.8254857,0.035728045,0.05032912
1502,0.068765104,-0.19863689,0.029652102,0.024455572
1503,0.11656268,0.21850121,0.04000982,0.034387805
1504,-0.26750737,0.26261872,0.07441442,0.06677166
1505,-0.2189604,0.42232627,0.042711824,0.040904053
1506,-0.06413041,0.038582698,0.14113083,0.14134459
1507,-0.0068023447,0.019983053,0.03620334,0.030824935
1508,0.018069725,-0.049850628,0.034508716,0.02938914
1509,0.08535904,-0.023618579,0.056394815,0.04697198
1510,0.019474667,0.016017549,0.05839176,0.045383256
1511,-0.012298483,0.035994016,0.066677205,0.061536115
1512,0.11460249,-0.080439046,0.08406114,0.059311714
1513,0.059094947,-0.10866095,0.11596401,0.09209252
1514,0.08336465,-0.39530668,0.05232918,0.048003007
1515,0.258084,0.14040557,0.07244392,0.062063407
1516,0.2723476,0.21951991,0.14674182,0.119055405
1517,-0.14380148,0.040971797,0.08953648,0.07332752
1518,0.029312026,0.10319113,0.03058813,0.025225872
1519,0.10279691,-0.0023152083,0.05175283,0.041981958
1520,0.03269748,-0.052659333,0.08719864,0.07587419
1521,-0.0133381225,-0.025088005,0.053278815,0.04872298
1522,0.25802198,0.008435264,0.08923015,0.065585844
1523,-0.16955775,0.13100651,0.042748943,0.034674797
1524,0.11742501,-0.06895192,0.092448875,0.074015945
1525,0.46567377,0.22322558,0.079196155,0.08097978
1526,-0.11552502,-0.036325082,0.030568475,0.023889452
1527,-0.07647401,-0.023236409,0.09596903,0.07894788
1528,-0.015392404,-0.094145626,0.057587873,0.053812332
1529,0.6038272,-0.20402461,0.1622976,0.123011954
1530,0.46013245,-0.85506725,0.031841118,0.032315902
1531,-0.016406018,-0.06039591,0.10850736,0.07779408
1532,0.2155143,-0.7178979,0.04357192,0.046938464
1533,0.2230806,0.035342187,0.158333,0.1384119
1534,-0.036556706,0.6809555,0.06313405,0.062506065
1535,0.066142514,0.21766615,0.06386415,0.063696474
1536,-0.021837395,0.045112915,0.06232545,0.057306416
1537,-0.16233072,-0.13155685,0.091206186,0.09459149
1538,-0.32434303,0.50839174,0.04672486,0.03722336
1539,0.18526345,0.0085446015,0.0782059,0.08194617
1540,-0.4166763,-0.54571784,0.05306133,0.05164983
1541,-0.1480571,0.6196269,0.042589363,0.043213382
1542,-0.08822505,-0.1032161,0.039588466,0.033705264
1543,-0.0041043796,-0.004466869,0.07852853,0.06337731
1544,-0.16882312,-0.06349695,0.057364006,0.043303113
1545,-0.2791103,0.127036,0.107492626,0.07704173
1546,-0.28590772,0.12176551,0.07863189,0.064456865
1547,0.25586778,0.7549161,0.03820896,0.043668464
1548,0.42865142,-0.018100388,0.08778865,0.068672135
1549,-0.077386655,0.0048404187,0.080580465,0.061520018
1550,0.507783,-0.2617561,0.07718453,0.07588494
1551,0.29704118,0.09659222,0.061128497,0.055819985
1552,-0.019841963,-0.043700412,0.026183179,0.024102101
1553,0.040310223,0.044453125,0.05222633,0.037749972
1554,-0.00626589,0.023048982,0.042450327,0.039148763
1555,-0.021169659,0.249321,0.0425688,0.0346905
1556,-0.33246318,-0.393044,0.03821929,0.03327912
1557,-0.10452926,0.13379806,0.15686749,0.1381345
1558,-0.04931653,-0.07272662,0.06277092,0.062292334
1559,0.24631083,0.13360894,0.053302772,0.041798893
1560,0.06831819,0.11952885,0.07480188,0.08687718
1561,0.0566733,-0.0808994,0.039039347,0.03518467
1562,0.005379744,-0.056933627,0.069777146,0.07576856
1563,0.062481668,0.42219374,0.08173987,0.08581966
1564,0.044303965,0.26652804,0.15055427,0.16843757
1565,-0.31713593,-0.39049932,0.037683424,0.03202934
1566,-0.103768215,0.10610693,0.0319664,0.02832556
1567,-0.07642622,-0.1687544,0.11213874,0.098463565
1568,0.0971397,0.06645262,0.047682896,0.034756422
1569,-1.0477245,0.16773385,0.05507419,0.044415306
1570,-0.6522688,0.060133737,0.0419517,0.038111012
1571,-0.24350205,0.093713254,0.06621965,0.055087697
1572,-0.036571067,0.056217037,0.031594783,0.027844131
1573,-0.05992972,0.009587981,0.049799047,0.039151024
1574,0.3373061,-0.33643177,0.1156405,0.11771095
1575,-0.016163105,-0.061745197,0.056705512,0.05026513
1576,0.35272315,-0.0083247945,0.031253755,0.024527304
1577,0.30623496,-0.0032352358,0.03770386,0.030766789
1578,-0.7478792,0.16544823,0.08797787,0.084674016
1579,0.0039823614,-0.009812653,0.03616908,0.030588621
1580,-0.5104928,0.18611044,0.070180856,0.059214212
1581,-0.114179194,0.098929465,0.11107126,0.092924185
1582,0.025735784,0.048510596,0.055487487,0.045467712
1583,-0.1969123,0.3729927,0.03518739,0.039634094
1584,0.0048240237,0.042263165,0.04576066,0.03773898
1585,0.03167909,0.053061944,0.033696227,0.028115172
1586,0.14757755,0.034433804,0.11349632,0.07991079
1587,-0.13089344,0.071656026,0.060436573,0.0555291
1588,-0.07510784,-0.0991528,0.055036396,0.044764955
1589,-0.031830408,0.9950459,0.05277776,0.064344294
1590,-0.046880767,-0.11036195,0.08255762,0.055104364
1591,-0.042091895,0.060814403,0.056693465,0.048176315
1592,-0.002435919,-0.6176081,0.08895371,0.10944615
1593,0.047496174,-0.06593472,0.03833001,0.03167274
1594,0.046467263,0.12084014,0.055613343,0.050908178
1595,-0.07794596,0.06907511,0.033208903,0.028017886
1596,-0.0072659776,-0.045275778,0.057020627,0.046972398
1597,-0.003562184,-0.49448416,0.07924616,0.09184611
1598,0.060186457,-0.067873746,0.042283155,0.03767387
1599,0.00017398223,-0.11707893,0.04507374,0.038950104
1600,0.08281919,0.023519926,0.028897505,0.022701174
1601,0.028786674,-0.037874684,0.043035947,0.034858685
1602,0.4659657,-0.45759502,0.06458177,0.049676906
1603,-0.05925914,-0.10411705,0.04755082,0.040247403
1604,0.060018625,0.023211591,0.051390298,0.044258934
1605,-0.04423883,-0.023163728,0.090024255,0.08743234
1606,-0.05292836,-0.10546628,0.045050714,0.040976897
1607,-0.41142327,0.1635583,0.03264681,0.02368246
1608,0.045956332,0.077371284,0.062460758,0.049620003
1609,-0.07861543,0.24515532,0.038765192,0.03397327
1610,0.09176718,0.2567656,0.04805847,0.050977353
1611,-0.030236239,-0.020139255,0.043972544,0.040570073
1612,0.060843688,-0.37087065,0.07060817,0.07604524
1613,-0.06435696,0.09088583,0.04810358,0.04458151
1614,-0.08572133,0.36533585,0.0803223,0.0744325
1615,0.12386565,-0.056574672,0.030989597,0.02311053
1616,0.091906264,-0.0750041,0.033954263,0.031048182
1617,0.041528117,-0.020038076,0.026038934,0.019976383
1618,0.038905513,-0.18136966,0.039248556,0.0338716
1619,0.07727116,-0.076185316,0.032513533,0.027120544
1620,-0.6627136,0.049098838,0.05777726,0.03770499
1621,0.18299499,0.07623349,0.048817594,0.03653711
1622,-0.08917399,-0.12514858,0.04273513,0.031770147
1623,-0.08679504,-0.29041296,0.03497238,0.03366069
1624,-0.24161395,-0.17997596,0.12756062,0.09119778
1625,0.30667883,0.26082352,0.20522745,0.16049156
1626,-0.021279115,0.10149044,0.06747538,0.06361763
1627,-0.16230328,-0.17076555,0.040233023,0.032197982
1628,0.018836755,-0.435788,0.17602956,0.22911444
1629,0.62057906,-0.029188417,0.030842805,0.024688382
1630,-0.70051575,0.14325853,0.037594453,0.03703528
1631,0.0007105656,0.066728875,0.07820545,0.071916476
1632,-0.0068316497,-0.12292962,0.08538805,0.07354331
1633,0.105030164,-0.4131044,0.09132033,0.11682726
1634,-0.07680367,0.20154512,0.035956465,0.03517737
1635,-0.2080144,0.23049222,0.04890989,0.04803907
1636,0.036601674,-0.020735301,0.08595311,0.065391295
1637,-0.17418686,-0.023329228,0.19569626,0.15711789
1638,-0.3065419,0.20522667,0.051183388,0.039537698
1639,-0.045186535,-0.057317093,0.052029323,0.041261658
1640,-0.09556696,0.30925858,0.07633443,0.10276157
1641,0.13412623,-0.07305357,0.050656244,0.03823718
1642,0.46618637,0.43072024,0.0626425,0.052205116
1643,0.07313801,-0.15267055,0.08564895,0.0779011
1644,0.11186525,-0.281484,0.04083859,0.034787063
1645,-0.07291285,0.08170123,0.11662049,0.11182671
1646,-0.044143844,0.024618663,0.044022508,0.03467529
1647,-0.0049955547,0.04718252,0.059881493,0.041768894
1648,0.0435729,0.031251393,0.057197172,0.041749783
1649,-0.24122606,0.0294941,0.09451987,0.078674704
1650,-0.013092285,0.044521652,0.035107058,0.03011894
1651,-0.14734982,0.045592725,0.06759694,0.06173984
1652,-0.034896366,0.02697213,0.04321407,0.03633562
1653,-0.25325838,0.54518676,0.06587538,0.07203931
1654,-0.42620832,-0.35332105,0.036371414,0.03499599
1655,0.05017927,0.026440434,0.039523724,0.035239484
1656,-0.02930886,-0.03544621,0.033144783,0.025396308
1657,-0.010549361,-0.071059585,0.17051457,0.13581108
1658,-0.29193604,-0.2582042,0.032562573,0.029677467
1659,-0.14138877,-0.56267107,0.057882685,0.06739356
1660,0.07709479,-0.13184424,0.043856513,0.048319865
1661,0.05827042,-0.50337136,0.08499142,0.08844774
1662,-0.054508857,0.002505578,0.02822173,0.022384528
1663,0.2863734,-0.21662387,0.06469742,0.063503325
1664,0.011934869,0.40057445,0.13284191,0.15515861
1665,0.07933088,-0.00636591,0.035706766,0.027765753
1666,0.25739288,-0.057803005,0.05318488,0.043079227
1667,-0.52231956,-0.33198944,0.09059541,0.08369866
1668,0.46922854,0.41743803,0.038620114,0.03711606
1669,-0.003247315,0.003569141,0.026517227,0.021980226
1670,0.22644547,0.1467014,0.03317569,0.0274805
1671,-0.10535109,-0.001460895,0.118875615,0.11032166
1672,-0.012523705,0.008883603,0.021323906,0.018960834
1673,-0.23825963,0.17068768,0.045209568,0.035871867
1674,-0.017293062,0.024130516,0.198585,0.1715408
1675,0.17391412,-0.17877185,0.0677342,0.057061777
1676,-0.050552875,-0.01968225,0.05067301,0.037214205
1677,-0.12009223,-0.11032978,0.06515747,0.057128206
1678,0.020898871,-0.1602538,0.054919157,0.04604556
1679,-0.04165374,-0.045070067,0.12449899,0.104358606
1680,-0.4264803,0.18684515,0.06446308,0.056441702
1681,0.076418474,-0.35948658,0.05442705,0.056109175
1682,0.13558668,0.12850001,0.07082465,0.06326747
1683,-0.11024806,0.18582325,0.032146733,0.02637202
1684,-0.6280408,0.37403914,0.21213092,0.17826259
1685,0.06952456,-0.021332338,0.08391974,0.06107848
1686,-0.34357145,0.25635052,0.047832917,0.04562307
1687,-0.027612485,-0.0040455163,0.056938767,0.049132675
1688,0.3245831,-0.018771715,0.04235686,0.030906292
1689,0.015464235,-0.14985752,0.13253248,0.13520873
1690,-0.07223941,-0.037086755,0.03851069,0.030140912
1691,-0.83378196,-0.058409974,0.05255022,0.046133198
1692,0.06389566,-0.054463685,0.052664444,0.046924774
1693,0.4017176,-0.2832271,0.04595492,0.04273186
1694,-0.011942731,0.35119483,0.24960208,0.2878469
1695,-0.1057778,0.024900563,0.049383506,0.03857528
1696,0.19822323,-0.14993651,0.050289124,0.047966927
1697,0.05202092,-0.052534,0.05163283,0.043046318
1698,0.27947375,0.10492737,0.047465216,0.039321054
1699,-0.04276733,-0.11626531,0.0639336,0.05848004
1700,-0.14056055,0.13262555,0.06416986,0.057995316
1701,0.025233526,-0.057651058,0.082568265,0.06828251
1702,-0.014281832,0.44745392,0.089709565,0.08121646
1703,0.5670729,-0.23755261,0.036694035,0.028772637
1704,-0.07856015,0.05960769,0.10547764,0.1029006
1705,0.06227566,0.16122344,0.0864575,0.08293133
1706,0.09670508,-0.19313356,0.046368357,0.03817266
1707,0.2185021,-0.3610459,0.10478632,0.106421724
1708,-0.61074775,-0.3695693,0.035457354,0.038072683
1709,0.07336463,0.0154353455,0.036706448,0.029978784
1710,0.558377,0.034353353,0.05384469,0.048716255
1711,0.11521609,0.120755695,0.033451732,0.02968116
1712,0.023902029,-0.06538783,0.025389116,0.021045607
1713,0.3797331,-0.12327899,0.24925698,0.176877
1714,0.13970599,-0.1351043,0.060657177,0.062101595
1715,-0.071831465,-0.3016238,0.05757021,0.062690996
1716,-0.01778439,-0.07439269,0.0464,0.03617805
1717,-0.4325857,0.25254577,0.05000839,0.037545785
1718,0.058836933,-0.06678578,0.032799672,0.028713368
1719,-0.38738444,-0.079694495,0.035445962,0.027169097
1720,-0.13191794,0.032756902,0.18061726,0.17762284
1721,-0.027022319,0.024416164,0.1343967,0.11781315
1722,0.05446696,0.006865844,0.029377097,0.02299678
1723,0.032468896,-0.028020523,0.083453886,0.08063696
1724,-0.30316278,0.23591319,0.03527359,0.027918654
1725,0.06646548,0.018046632,0.048348837,0.038481437
1726,-0.026167125,-0.04444067,0.04494929,0.03640267
1727,0.04829457,0.33559972,0.057159007,0.058116287
1728,-0.3063468,-0.18542984,0.18150055,0.16427962
1729,-0.015903244,-0.003084518,0.04264043,0.040011566
1730,-0.0013198406,-0.036835104,0.029202979,0.024693944
1731,0.058602635,-0.7094939,0.0570981,0.061194565
1732,-0.048946373,0.28016675,0.07842118,0.070711024
1733,-0.07650756,0.11465992,0.201304,0.18302912
1734,0.11516757,-0.40955052,0.086483635,0.07153495
1735,-0.060167562,0.008581698,0.041027747,0.03198676
1736,0.25578967,-0.0025243685,0.029129341,0.02481557
1737,-0.079612866,0.03880369,0.06279622,0.05026964
1738,-0.061855737,0.11758211,0.027981106,0.023346663
1739,-0.07644129,0.32798177,0.04443424,0.035324376
1740,0.063522756,-0.41337743,0.08153333,0.105719574
1741,0.1389606,-0.24656582,0.103328705,0.080148146
1742,-0.5182447,0.1856052,0.06707202,0.052757986
1743,0.03635898,-0.026139773,0.05810452,0.051782638
1744,0.8708669,-0.21263319,0.043913674,0.039386738
1745,0.114039704,-0.14623727,0.09553724,0.07198485
1746,0.6652262,-0.18322018,0.06936315,0.04657748
1747,-0.085411206,0.10820462,0.05074179,0.04610118
1748,-0.12327047,0.022786625,0.099796765,0.08720447
1749,-0.06631391,-0.12770234,0.38004553,0.3748916
1750,-0.036192074,-0.029034287,0.04280514,0.03499116
1751,0.05825777,-0.164554,0.031417005,0.02835666
1752,0.018125635,0.38781816,0.04469373,0.048685253
1753,0.1435527,0.3651568,0.12792644,0.107802086
1754,0.025375523,-0.21207109,0.034747425,0.027641727
1755,0.4731563,-0.3242137,0.045445736,0.04170828
1756,0.03800008,0.08894508,0.06907071,0.056867596
1757,0.055866685,-0.01814729,0.03410048,0.028422186
1758,-0.16796319,-0.016789421,0.14139402,0.1140214
1759,0.12198107,0.042608164,0.026186196,0.022748917
1760,-0.103832155,0.114352465,0.07159145,0.054432366
1761,0.036593962,0.15240413,0.07201638,0.05548924
1762,-0.24916524,-0.41029283,0.049673714,0.046375148
1763,0.50119126,-0.41225228,0.10555369,0.10474723
1764,-0.18307085,0.12641467,0.13455844,0.10490339
1765,0.034218635,0.0068028644,0.03192102,0.02392748
1766,-0.04948704,0.009812482,0.03493647,0.026227774
1767,0.024736393,-0.034850836,0.033589832,0.027081707
1768,0.71010494,-0.38970676,0.23100911,0.21476829
1769,0.11436017,-0.28196257,0.032528073,0.029642422
1770,0.15768924,-0.29090753,0.04334398,0.03840927
1771,-0.37671098,0.017662749,0.080570236,0.0627221
1772,-0.2778395,0.16965514,0.16731547,0.12211265
1773,0.2357221,-0.16709274,0.07414271,0.04827902
1774,-0.34892392,-0.26626623,0.04100303,0.034467585
1775,0.1886894,0.05728083,0.10308937,0.09024138
1776,0.158156,0.02367717,0.052429974,0.03923589
1777,-0.011878923,-0.006217137,0.031588543,0.025517177
1778,0.09277107,-0.09048593,0.035299942,0.028537642
1779,-0.027432,-0.07611109,0.05550395,0.048273895
1780,0.0020179488,-0.17168531,0.12322418,0.12057718
1781,0.010216847,0.062943146,0.060928192,0.049020078
1782,-0.067025304,-0.12077187,0.041615453,0.03708239
1783,0.049831036,0.026740879,0.043694824,0.042755067
1784,-0.24182403,-0.30310917,0.04473934,0.036067333
1785,-0.22573934,-0.094754085,0.15570256,0.14361407
1786,0.06648797,-0.09875114,0.029390987,0.0231753
1787,-0.044342883,-0.17015392,0.078685336,0.07834364
1788,0.17915411,0.5552147,0.087786466,0.087028295
1789,0.08778246,0.040282443,0.20352222,0.1773466
1790,-0.11479865,-0.02928482,0.029947048,0.023450486
1791,-0.012566259,0.002027303,0.026228232,0.02199361
1792,-0.07925375,-0.008346841,0.033722505,0.030228633
1793,-0.050124317,0.0710575,0.028192291,0.025359433
1794,0.67112774,0.3689471,0.057723816,0.059299767
1795,0.018382136,0.023232847,0.050944038,0.04162241
1796,0.07727577,0.06553672,0.037984278,0.03055184
1797,0.019798275,-0.08865526,0.054224953,0.04848885
1798,-0.12233026,-0.035127923,0.078417644,0.07042397
1799,-0.07802841,0.007241383,0.041817147,0.03184032
1800,-0.3499614,-0.013870299,0.050738845,0.04083836
1801,-0.07923415,-0.15255252,0.20322534,0.17689827
1802,0.0044239685,0.21059793,0.06263242,0.050796114
1803,0.28808445,-0.16475081,0.27188367,0.19249688
1804,0.5618659,-0.29103234,0.042792916,0.04344948
1805,-0.057288922,-0.024244085,0.09361687,0.07288472
1806,-0.773592,0.07743447,0.07470143,0.060535174
1807,0.012209527,-0.007169105,0.042325206,0.035330642
1808,0.034381483,0.03165476,0.058985878,0.049711723
1809,0.3019961,-0.3092543,0.23313811,0.18132536
1810,-0.0057216566,0.015508287,0.1233092,0.10786796
1811,0.38865653,0.14175494,0.04192621,0.03092664
1812,0.045509655,0.07080345,0.06364359,0.05214934
1813,-0.21937491,0.24744973,0.24347651,0.21889152
1814,-0.08214909,-0.031616583,0.046505716,0.040388297
1815,0.20234114,0.05891361,0.067175135,0.06276674
1816,0.0073753707,-0.03954543,0.050992414,0.040486608
1817,0.03105418,-0.019365333,0.029909562,0.024680644
1818,0.019431956,0.3434958,0.03434044,0.030343978
1819,-0.15697393,0.0062115937,0.07229499,0.061384466
1820,-0.77433133,-0.46184102,0.091886826,0.09618339
1821,-0.05394145,-0.015204988,0.0777399,0.06111998
1822,-0.096589744,-0.21186289,0.06003127,0.051885806
1823,0.14960627,-0.21747419,0.23609832,0.21861954
1824,-0.10953885,-0.07563025,0.15315296,0.13500643
1825,0.03391983,-0.027522989,0.03547001,0.032513686
1826,-0.032638226,-0.015678383,0.031747352,0.026548306
1827,0.33198166,-0.12757261,0.078410715,0.057640817
1828,0.05086605,0.02926986,0.099028856,0.08178378
1829,-0.16934092,-0.24655291,0.08975446,0.0833582
1830,-0.1161595,0.32428363,0.21189463,0.17074403
1831,-0.5584481,0.019635133,0.047761552,0.035593543
1832,0.12931176,0.04957376,0.038748793,0.029198254
1833,-0.14819081,0.0029163882,0.061671235,0.04599545
1834,-0.0042895153,0.55499375,0.048664212,0.049905725
1835,0.013118833,-0.00030770898,0.031897467,0.025900967
1836,0.027772412,-0.018299505,0.17036399,0.1194929
1837,-0.015872994,0.056211732,0.067490205,0.055574622
1838,0.057550255,0.036300853,0.04956957,0.042375475
1839,0.02712999,0.12332354,0.081397615,0.085665576
1840,-0.41943803,0.031746104,0.11874942,0.080086105
1841,-0.12975162,-0.09821567,0.07297367,0.06533978
1842,-0.08004618,-0.05315754,0.04991892,0.03881076
1843,0.09404029,-0.2569411,0.22673306,0.19301002
1844,-0.18510248,-0.12514639,0.10381228,0.0797544
1845,-0.028545238,0.03335406,0.02830679,0.024792068
1846,-0.12863536,0.19988364,0.16644481,0.12468415
1847,0.013711989,-0.00043033063,0.035289932,0.033284605
1848,-0.12926263,-0.54973114,0.07372144,0.08737529
1849,0.15720573,-0.12395163,0.15059365,0.14853722
1850,0.081968054,0.08529277,0.034976296,0.032613423
1851,0.07668488,0.071559995,0.023968805,0.020159928
1852,-0.22343385,0.22573991,0.060711585,0.050621934
1853,-0.08540056,-0.0502602,0.0833973,0.073303215
1854,0.5213338,-0.22916472,0.16535516,0.15910597
1855,0.01082211,-0.14236076,0.05551703,0.04746243
1856,0.08345316,-0.03505978,0.058091927,0.046006728
1857,-0.26658556,-0.30015934,0.055452973,0.059737023
1858,-0.18045154,0.5509687,0.043258015,0.04281842
1859,-0.098142,0.025452517,0.058697004,0.049398195
1860,0.37007773,-0.18254265,0.036851566,0.031703852
1861,0.4683039,-0.35014126,0.03661807,0.032930285
1862,-0.038990762,-0.40518942,0.02636676,0.026341045
1863,0.100509405,0.03699011,0.069320776,0.05424217
1864,-0.039616145,-0.1809332,0.100444645,0.09995366
1865,0.051595125,-0.26475027,0.033893075,0.030377766
1866,-0.06521153,-0.03391193,0.083931476,0.07522217
1867,0.24685887,0.116100185,0.068796426,0.060863465
1868,-0.009773131,-0.113580555,0.101916246,0.08725455
1869,0.61208594,-0.021935053,0.04680893,0.03597099
1870,0.24744937,0.020156518,0.07006515,0.048518337
1871,-0.22113414,-0.13309422,0.029709041,0.024494175
1872,-0.016285617,-0.19751507,0.057429407,0.049535677
1873,-0.11642949,-0.04428324,0.056419592,0.046467602
1874,-0.18069562,0.25270003,0.18024096,0.15533999
1875,-0.038431928,-0.04286009,0.028072795,0.022532107
1876,0.17262809,-0.2566697,0.0400814,0.036773417
1877,0.4264553,-0.038103223,0.050852045,0.041215684
1878,-0.09829761,-0.09038788,0.11249002,0.08378202
1879,0.023635551,0.05116858,0.038181204,0.030717278
1880,-0.023167491,0.033333436,0.047633797,0.039634466
1881,0.60512,-0.29026407,0.042726677,0.042087257
1882,0.16194753,-0.72295094,0.13798788,0.14045437
1883,0.0813044,0.18776911,0.061935153,0.05625861
1884,-0.0017485805,-0.0027576461,0.07903976,0.07489909
1885,0.012969967,0.022835642,0.057900906,0.0535025
1886,0.09333311,-0.049484134,0.03508047,0.03081489
1887,0.13434558,-0.21391237,0.072112,0.06440328
1888,-0.34940517,0.0073255748,0.08271742,0.059829194
1889,-0.028644936,-0.17419443,0.071673565,0.056320213
1890,-0.046092663,-0.014100589,0.076937415,0.06615448
1891,-0.031083003,-0.035281643,0.050260108,0.04323527
1892,0.157241,-0.02645094,0.030990405,0.024970537
1893,-0.061746545,-0.084405154,0.10204403,0.09932289
1894,-0.013294097,0.0059646815,0.029105024,0.022473121
1895,-0.013247274,0.12421666,0.06689253,0.057616316
1896,0.16040246,0.1826344,0.03403515,0.032477137
1897,0.00036872923,-0.22551316,0.12232605,0.12319292
1898,0.16640031,-0.26270166,0.035740126,0.028014472
1899,0.71771437,0.55149066,0.059230614,0.04926595
1900,0.7137856,0.5925792,0.067156404,0.052785795
1901,0.048925634,-0.079836816,0.024741318,0.020354649
1902,-0.54381084,-0.5717515,0.04880443,0.049954023
1903,-0.06410018,0.03713106,0.08967022,0.07598551
1904,0.021602489,-0.028352156,0.03598947,0.027600154
1905,0.015703231,0.11767923,0.07074756,0.065735236
1906,-0.6070731,-0.28374627,0.043384053,0.038713075
1907,0.04709139,-0.038673922,0.036026835,0.028761124
1908,-0.55888385,-0.34758756,0.12947485,0.10430494
1909,0.41187057,-0.32507473,0.11094482,0.089692876
1910,-0.39510873,-0.65997255,0.05680486,0.06765959
1911,0.30427086,-0.46907797,0.047276594,0.040998824
1912,-0.10706867,0.3351856,0.033547647,0.03233548
1913,-0.18838727,0.20980117,0.06501348,0.053481895
1914,-0.25308818,0.5054513,0.082479805,0.08130988
1915,0.009682283,0.019273058,0.047846217,0.04161673
1916,-0.60280025,-0.023107141,0.11997699,0.09172555
1917,-0.09303518,-0.036248013,0.07774983,0.06901926
1918,-0.3590219,-0.5541887,0.059047677,0.048348036
1919,0.59118146,0.40145752,0.12983413,0.13080963
1920,-0.18754023,0.32545903,0.0573541,0.05013562
1921,0.4122723,-0.47555873,0.06799707,0.060814895
1922,-0.01031602,-0.123451665,0.06002509,0.046556517
1923,-0.047499254,0.0067324713,0.03216232,0.025703158
1924,-0.00035119057,0.033879813,0.02994855,0.02505663
1925,0.9401603,0.45461673,0.032456294,0.024406048
1926,-0.23679624,0.19348076,0.21988569,0.21702832
1927,-0.07474229,-0.33677468,0.36225742,0.3681796
1928,-0.09186229,0.11017969,0.032543767,0.029115636
1929,0.035048757,-0.10762265,0.08541596,0.08442556
1930,-0.1256115,0.6518918,0.090170994,0.0872624
1931,-0.03151767,-0.05440733,0.031160051,0.027218742
1932,-0.046626464,-0.18602097,0.026860336,0.024243213
1933,-0.031137725,0.01576884,0.04513721,0.033981025
1934,-0.1495673,0.39142784,0.05387925,0.05347102
1935,-0.0057693888,-0.031109855,0.09494884,0.0674461
1936,-0.42057475,-0.33627844,0.054941274,0.047404915
1937,-0.09958245,0.052945074,0.056736372,0.047265
1938,-0.4200434,-0.5337975,0.14052887,0.108532
1939,-0.113066524,-0.074256435,0.16983502,0.16047007
1940,0.09031607,-0.03705661,0.04367463,0.03629246
1941,0.17203927,-0.6864991,0.061125025,0.075327195
1942,0.093438044,-0.23965093,0.13873509,0.13095671
1943,-0.046196572,-0.03775838,0.09316615,0.07023334
1944,-0.060292713,0.13190615,0.12927626,0.08819433
1945,0.15767334,0.39649323,0.061784316,0.055449814
1946,0.23219907,-0.55962026,0.1110067,0.11436727
1947,-0.08334474,0.02674184,0.06885163,0.05921481
1948,-0.084306955,-0.01884561,0.06022322,0.052455585
1949,-0.054536805,0.03692405,0.045845266,0.042590134
1950,-0.25161073,-0.32394353,0.08608524,0.07325598
1951,0.3215657,0.62502,0.06128896,0.061387412
1952,0.060821515,-0.0017751902,0.034533475,0.030343734
1953,0.53615415,0.08401527,0.10115567,0.08615754
1954,-0.3987494,-0.30010903,0.07188215,0.06405408
1955,0.053924803,0.03944306,0.062395796,0.051367395
1956,-0.102035,0.036746845,0.16487671,0.14220037
1957,0.073941246,0.16838577,0.06363061,0.055297315
1958,0.52153033,0.11250122,0.050996713,0.04069407
1959,0.016339943,0.05581328,0.052151766,0.045681313
1960,-0.031556103,-0.044252947,0.059916414,0.05481477
1961,0.08765811,-0.18212143,0.047149803,0.03878063
1962,-0.025690928,0.48093033,0.060688473,0.05250385
1963,-0.11253081,-0.26259357,0.066728726,0.062600315
1964,-0.07886934,-0.019779734,0.09267633,0.06668689
1965,-0.046169974,-0.0054969415,0.028322203,0.022079153
1966,0.39863712,-0.0326975,0.047767803,0.034268115
1967,-0.045585737,0.03253276,0.044486232,0.03574117
1968,-0.05489039,-0.14445844,0.13722673,0.13831887
1969,-0.08898879,-0.14230783,0.07671905,0.06527211
1970,0.016093694,-0.087379426,0.056222975,0.0423417
1971,0.49542722,-0.1664843,0.043932613,0.034897648
1972,0.0012967475,0.040248346,0.029734498,0.023935754
1973,-0.2756391,-0.07719679,0.1508269,0.11603564
1974,-0.29176557,0.054013956,0.16913618,0.13066183
1975,-0.6221023,-0.553223,0.16921015,0.1560187
1976,0.27764595,0.057672422,0.07383128,0.061544646
1977,-0.026005056,-0.031658858,0.04643619,0.036617316
1978,-0.20597851,-0.56371856,0.046224836,0.05003571
1979,-0.17365724,0.20965189,0.04976377,0.036347613
1980,0.0932527,-0.4761611,0.037681933,0.035728395
1981,-0.15584403,0.4265187,0.053861964,0.05712555
1982,-0.0018216949,0.017706536,0.07954556,0.07522652
1983,-0.14337283,0.027655184,0.03224162,0.026503721
1984,-0.20034318,-0.15815094,0.038706936,0.03246083
1985,-0.03863783,-0.006083533,0.11910496,0.09956207
1986,-0.35388267,0.21739659,0.11599203,0.10898133
1987,-0.01611946,0.04564725,0.024422728,0.02078957
1988,-0.029054826,0.013254516,0.041258384,0.03998154
1989,-0.02080037,0.07866663,0.07416031,0.06097468
1990,-0.00759713,0.11350175,0.060361948,0.051692378
1991,-0.29327655,-0.09404287,0.035851117,0.028677128
1992,-0.10154112,0.33231515,0.12609978,0.12462731
1993,0.3215609,0.43277547,0.048583362,0.055692337
1994,0.06141303,-0.24912256,0.044835653,0.04094663
1995,-0.044851568,-0.06683265,0.02773567,0.022197349
1996,-0.33351836,0.09942659,0.13213636,0.094425805
1997,0.0075460933,0.019599117,0.114190355,0.111912005
1998,-0.32022712,-0.37899604,0.03877701,0.03561735
1999,0.12990984,0.37704584,0.05950169,0.053804807
2000,-0.086717814,0.032440268,0.085086234,0.058825925
2001,-0.26381856,-0.24168718,0.10733318,0.081642635
2002,-0.018928435,0.1323497,0.05120049,0.044975482
2003,0.076092616,-0.10364339,0.04533056,0.036624122
2004,-0.052281424,0.13514654,0.030084481,0.025997771
2005,0.010352049,0.0022481233,0.036548886,0.029048806
2006,0.06984514,0.13292654,0.035744037,0.031851552
2007,0.031082142,-0.03112346,0.022708938,0.017435832
2008,-0.010415979,-0.60275006,0.054353893,0.056249782
2009,0.13871424,0.04763573,0.11288527,0.085310735
2010,0.004810486,-0.047628805,0.053394318,0.038776986
2011,-0.015638862,-0.010623202,0.0332601,0.027629571
2012,0.024173677,0.029293217,0.03984155,0.037604146
2013,0.06695476,-0.08496308,0.16688567,0.12550077
2014,0.023189787,-0.06282137,0.033031877,0.025737096
2015,-0.028486097,-0.02962105,0.03848121,0.031033635
2016,-0.0036039911,0.009377286,0.05655266,0.04264063
2017,-0.08510889,0.16179295,0.047828715,0.046292268
2018,-0.034408767,-0.10745101,0.074828096,0.0689326
2019,-0.027757209,0.006703235,0.09737099,0.09266674
2020,0.08164966,-0.2539649,0.045324296,0.040766962
2021,0.09841816,0.3088375,0.07979323,0.06765351
2022,0.007380642,-0.03638898,0.14902358,0.16224685
2023,-0.36291075,0.41173646,0.059820194,0.052919704
2024,0.013085578,0.029805377,0.03335546,0.025950346
2025,0.038333472,-0.15477277,0.059059598,0.048217643
2026,-0.18123344,-0.05863279,0.105070524,0.09183889
2027,0.018435903,0.18739498,0.022914363,0.021017546
2028,-0.78828573,0.20817919,0.10890836,0.10282964
2029,0.1451688,-0.17332208,0.029737502,0.026627053
2030,0.093008384,0.63653195,0.043431304,0.043641284
2031,-0.114175215,-0.06221631,0.097749226,0.06965075
2032,-0.04411788,0.44968185,0.03349162,0.032030668
2033,0.084334925,0.10455349,0.055877615,0.040893063
2034,-0.014205825,0.06776025,0.26844752,0.22360598
2035,0.08729568,0.056180567,0.15380286,0.11225933
2036,0.028125327,-0.43317768,0.19024873,0.19317003
2037,-0.81919026,-0.07661919,0.04150327,0.036687635
2038,-0.17631212,0.4198765,0.15608732,0.14354424
2039,0.083505094,0.022158772,0.02489145,0.019536316
2040,0.025143594,-0.029716253,0.047068268,0.042074565
2041,-0.3353608,0.022519358,0.09846012,0.07219617
2042,-0.07915476,0.030341469,0.11318562,0.103805125
2043,0.15829943,-0.4293206,0.069156475,0.056282885
2044,0.5754112,-0.067276165,0.072157584,0.05502007
2045,-0.3302027,-0.7448636,0.04215265,0.045442753
2046,0.0026998185,-0.011722535,0.04194119,0.030512521
2047,0.1971864,-0.06024854,0.06683221,0.05207539
2048,-0.078741506,-0.21231851,0.08070188,0.06678934
2049,0.32261825,0.14437494,0.04157623,0.032494627
2050,-0.015194701,-0.18670866,0.110987715,0.09106275
2051,-0.009753799,0.014207594,0.03443777,0.028386971
2052,-0.004768921,0.33259228,0.038064837,0.03770153
2053,0.057448793,0.006251,0.03390194,0.02755727
2054,-0.12103756,0.08899671,0.085237645,0.077395156
2055,0.77555376,-0.10066573,0.12562029,0.08975393
2056,0.014725074,-0.021701172,0.064057164,0.057033703
2057,0.048376214,-0.049387738,0.05958525,0.04588317
2058,-0.013459848,0.0051539317,0.026859174,0.023014799
2059,-0.38608828,0.45689392,0.057056326,0.06394577
2060,-0.07261388,0.026309974,0.028352797,0.023009611
2061,0.005823102,0.02940327,0.029255193,0.024036955
2062,-0.54369396,0.019981824,0.10032474,0.071522854
2063,-0.10952407,0.08084484,0.109126434,0.10168494
2064,-0.027794603,0.055223394,0.07244037,0.06153356
2065,-0.012970783,0.01501216,0.030193558,0.026145881
2066,0.091239035,-0.05904667,0.061570354,0.048075493
2067,0.48950103,0.05050639,0.094470635,0.05964466
2068,-0.47116244,0.605481,0.08625881,0.07495403
2069,0.027034592,-0.041201115,0.036986914,0.029670835
2070,-0.015284121,-0.01690285,0.048130848,0.041281775
2071,0.37793785,-0.50658655,0.10917067,0.11281067
2072,0.3305733,-0.13303722,0.048839513,0.032419283
2073,0.0040764287,0.020756006,0.036146194,0.030525532
2074,-0.22081587,-0.0691428,0.040576495,0.03169259
2075,0.20738187,-0.30826446,0.042852882,0.0384318
2076,-0.61400753,-0.25705734,0.06960835,0.049524434
2077,-0.109912366,0.16706464,0.0831166,0.0719097
2078,-0.4434465,0.026900172,0.19965757,0.16795057
2079,-0.305054,-0.10558379,0.106402665,0.09419592
2080,0.013670951,0.03476493,0.025785236,0.020092031
2081,0.0046675615,-0.008678876,0.02191736,0.018606048
2082,0.10454266,0.00025900453,0.120722786,0.11727995
2083,-0.08507785,-0.09506689,0.037526254,0.03183024
2084,-0.35893592,-0.41040543,0.12388264,0.10175541
2085,-0.13723552,0.53159857,0.037670225,0.03530221
2086,-0.111748874,0.057190455,0.030703166,0.025033867
2087,0.05548985,-0.11750834,0.09861945,0.08226706
2088,0.10118048,0.028066352,0.06393584,0.053681742
2089,0.087018475,-0.019675724,0.08239317,0.07531404
2090,0.049559075,0.049827643,0.02699088,0.022354059
2091,0.00021533296,0.09647091,0.052584033,0.04377404
2092,0.06323394,-0.039575055,0.046944063,0.04479147
2093,-0.05102347,0.07133871,0.14248942,0.16281034
2094,-0.16312009,0.124324515,0.031900465,0.0223543
2095,0.044722598,0.011786446,0.0503865,0.03945847
2096,-0.46416718,-0.457503,0.05715642,0.055333756
2097,0.028066564,-0.14274883,0.0501507,0.048940957
2098,0.18339358,-0.13300453,0.031642597,0.027234053
2099,-0.69755477,-0.3109971,0.05981794,0.05434556
2100,-0.27033153,0.2116021,0.05213943,0.039351374
2101,-0.30858454,-0.6963849,0.029686704,0.035236828
2102,0.03033223,0.08611472,0.06606611,0.062225353
2103,0.7629409,-0.4381216,0.044563193,0.03868051
2104,0.013828229,-0.0125490725,0.030541189,0.023805825
2105,-0.34014583,0.18030643,0.1200898,0.09116303
2106,-0.35602203,0.21806549,0.041144215,0.028038593
2107,0.14835203,0.3545485,0.1206057,0.10543706
2108,0.21353532,-0.22322321,0.03561934,0.029011382
2109,-0.7000343,-0.3745449,0.046203546,0.041737124
2110,-0.3391196,0.05313844,0.039117076,0.030080177
2111,-0.1880283,0.046510834,0.03341449,0.025856957
2112,0.27573293,-0.1546175,0.055925753,0.047328293
2113,0.1492476,0.51171184,0.072339356,0.082040966
2114,-0.052486368,0.0919743,0.07289011,0.0542483
2115,0.27774546,-0.5988622,0.07214339,0.07478453
2116,0.22891337,0.036077067,0.11152496,0.080161676
2117,0.36491612,0.16184631,0.047697905,0.038752712
2118,0.3323872,0.09753428,0.06136094,0.056552198
2119,0.12902743,-0.06956342,0.21719368,0.25936517
2120,-0.09467986,0.0737146,0.085961856,0.0688677
2121,0.015000239,0.0014399812,0.024407139,0.019617988
2122,-0.055206086,-0.06600903,0.037178975,0.03360115
2123,0.44518164,0.4259111,0.055460084,0.06704273
2124,0.30690044,-0.167568,0.098256886,0.08059949
2125,-0.19063056,-0.72955585,0.03892045,0.04585188
2126,0.24714181,-0.14322205,0.06472446,0.05074478
2127,0.091538936,-0.064654216,0.025216281,0.02222982
2128,0.1903833,0.2461776,0.039441213,0.03521971
2129,-0.0049255323,-0.11376059,0.10464803,0.110162385
2130,-0.011027977,0.002578035,0.026031496,0.020943824
2131,0.016908936,0.034478657,0.04799553,0.048413865
2132,0.0061935,0.0018533692,0.04589571,0.037418816
2133,0.047841143,0.009997785,0.096390665,0.07826844
2134,-0.05522237,-0.00023660809,0.04173597,0.03792789
2135,-0.18699388,-0.48225054,0.045877494,0.04940848
2136,0.006438952,0.013186738,0.113025405,0.09398058
2137,-0.22596133,0.24831711,0.08099358,0.074650235
2138,-0.1736627,-0.06462301,0.18272787,0.13943437
2139,0.17730972,-0.047714084,0.0757774,0.051295426
2140,-0.023386955,0.027556665,0.045794137,0.036001734
2141,0.68455034,-0.38106042,0.14580517,0.11835228
2142,-0.0671549,-0.026311353,0.03892882,0.03466346
2143,0.25478,0.20960978,0.122613564,0.0956499
2144,0.11218688,-0.015207104,0.05427159,0.058534406
2145,0.17323382,0.71147144,0.048835874,0.052803498
2146,0.29252973,0.15859562,0.047141623,0.036668744
2147,0.08326477,-0.090754494,0.097042374,0.09333265
2148,0.0062299035,-0.010450289,0.051867824,0.04255349
2149,-0.49046767,0.13086434,0.07908195,0.07655472
2150,0.03991608,-0.06258196,0.035608873,0.02792541
2151,0.08577791,0.06652141,0.038596254,0.04213557
2152,-0.06994398,0.53998435,0.060857758,0.06579462
2153,-0.04559137,-0.072417244,0.050833125,0.042928565
2154,-0.025502447,-0.06886633,0.110941626,0.083204284
2155,-0.046760622,-0.08859727,0.09158578,0.078788914
2156,0.06683482,-0.029691935,0.06766211,0.06962496
2157,-0.02884121,-0.017541304,0.04552103,0.03813485
2158,-0.24736302,0.050434906,0.047632772,0.03968332
2159,0.044971924,0.033047475,0.06943265,0.049044985
2160,-0.01437095,0.016126178,0.033531964,0.028019004
2161,-0.04386171,0.015840411,0.05364822,0.033682305
2162,-0.1457664,0.08743705,0.0803947,0.07404483
2163,0.27471417,-0.36228797,0.042915467,0.038353436
2164,0.039200086,0.13546711,0.045244318,0.038429286
2165,-0.21186863,-0.19029644,0.068794645,0.067178704
2166,-0.07666683,0.05668715,0.047274206,0.036654986
2167,0.04612064,0.0092207715,0.043344095,0.03888639
2168,0.65193564,0.17773888,0.08888314,0.077414565
2169,0.07995638,-0.2288428,0.038490154,0.03700816
2170,-0.20151393,-0.3475074,0.052500892,0.04295537
2171,0.6622036,0.50694966,0.052976083,0.05489082
2172,-0.05601828,0.061338343,0.03507402,0.027607951
2173,-0.16169925,0.028146565,0.053628452,0.051093586
2174,-0.13922855,-0.056139216,0.14830285,0.124895774
2175,0.037729952,-0.038063273,0.039273545,0.02980916
2176,-0.2812856,0.16156943,0.16882126,0.10933668
2177,-0.050928496,-0.13074271,0.048408356,0.044086732
2178,0.108614266,-0.057586193,0.049317233,0.036003698
2179,0.21696453,0.6554254,0.04183247,0.04191787
2180,0.16853651,0.010918513,0.22299142,0.16640063
2181,-0.5139623,-0.062493116,0.071346164,0.061343797
2182,0.11720227,-0.13233459,0.063249655,0.051455498
2183,-0.016233966,0.0027153343,0.029097617,0.026984038
2184,-0.019016357,0.18437567,0.027948184,0.024788888
2185,0.4863253,-0.039535716,0.21244548,0.17013061
2186,-0.058079384,-0.119047225,0.07495088,0.06637435
2187,0.23284832,-0.36240906,0.10550239,0.09712314
2188,0.14837755,-0.111153096,0.054062683,0.042772826
2189,0.049973514,-0.012415111,0.06291176,0.062590495
2190,-0.42161152,0.44983006,0.070164636,0.060421005
2191,-0.3802717,0.63605976,0.06385342,0.065348364
2192,0.28450835,0.538411,0.052753903,0.059641197
2193,-0.051743686,-0.012427963,0.07295295,0.05997447
2194,0.061687384,0.04098011,0.041284353,0.040880516
2195,0.35147506,-0.15871733,0.09325923,0.07704239
2196,0.07555026,-0.18217054,0.07666793,0.0748526
2197,0.17453083,-0.1043136,0.39615476,0.45239195
2198,-0.5499782,-0.18168971,0.038472034,0.02965546
2199,-0.09009694,0.07724143,0.12701376,0.10239452
2200,0.18068284,0.09224223,0.053686183,0.044756185
2201,0.10745427,-0.19753057,0.06963116,0.06192875
2202,-0.11667471,0.10149186,0.049533047,0.03909641
2203,-0.2071508,-0.52341783,0.027266083,0.03042885
2204,0.041359212,-0.05752015,0.07501867,0.063267656
2205,0.008602552,0.025028646,0.034409553,0.027282428
2206,0.02326031,0.12963092,0.08612921,0.08589211
2207,-0.077523604,0.1449924,0.120653674,0.12884037
2208,-0.05385324,0.026494369,0.032016046,0.025201451
2209,-0.5431685,-0.02482567,0.14484327,0.12902182
2210,-0.17169262,0.0138524845,0.075583205,0.065266624
2211,0.33821383,0.07916099,0.049775906,0.035928648
2212,-0.5707161,-0.2628464,0.056839544,0.058199953
2213,-0.048936065,0.021697879,0.05722183,0.047152877
2214,0.08673912,0.023300491,0.110215314,0.08592433
2215,0.014764875,-0.11422543,0.07461491,0.058638904
2216,-0.076744616,0.44292834,0.091243185,0.11025592
2217,0.038076725,0.04868595,0.066673085,0.05440491
2218,-0.18643248,-0.11243409,0.17746466,0.13987382
2219,-0.106644094,-0.32014656,0.048762422,0.047509633
2220,0.41946518,-0.0048533157,0.04329729,0.034560293
2221,0.091657445,-0.12373659,0.09814752,0.08488013
2222,0.057534453,-0.37571362,0.023302384,0.023215536
2223,0.3002099,-0.3580534,0.052504513,0.04455239
2224,0.11792384,0.41607273,0.03397074,0.032808837
2225,0.34101796,-0.18478656,0.047127858,0.04056801
2226,0.14311619,-0.17545304,0.25929087,0.22849415
2227,0.16905577,-4.2825937e-05,0.037034128,0.031218793
2228,-0.066403806,-0.03638448,0.038385533,0.03357496
2229,-0.2976795,-0.23415601,0.05322806,0.048056956
2230,-0.13361631,0.23194674,0.030220976,0.024902714
2231,-0.011176275,-0.028810278,0.033226665,0.027557515
2232,0.05277479,0.049580663,0.07631466,0.064635575
2233,0.047108497,-0.0682566,0.07252231,0.058922295
2234,-0.052153334,-0.118440896,0.14298323,0.117473215
2235,-0.053603135,0.1208977,0.029242577,0.023659216
2236,0.260707,0.50930196,0.123590104,0.13468203
2237,0.09822996,-0.08376686,0.070332095,0.06300407
2238,-0.45793948,-0.13811699,0.045722052,0.037602417
2239,-0.20638101,-0.7664492,0.04755582,0.052591067
2240,-0.5161992,-0.4800999,0.10580221,0.08894109
2241,0.3237245,-0.007829204,0.06784861,0.050001882
2242,0.023119628,-0.07409315,0.12961088,0.120655395
2243,0.242482,-0.032303542,0.048133913,0.03828834
2244,0.7222545,-0.28851518,0.0647914,0.052520953
2245,0.044013526,0.13091609,0.04975912,0.048098993
2246,0.010995027,-0.010214128,0.03449363,0.026336407
2247,0.28128865,0.18411976,0.029481737,0.0257104
2248,-0.14103138,0.33277255,0.035753928,0.038847066
2249,0.01749894,-0.15009303,0.08081172,0.09054663
2250,-0.20337522,-0.40898433,0.031425327,0.031028703
2251,0.11261563,0.12522136,0.12222647,0.114846475
2252,0.016926732,-0.073395416,0.10219084,0.09158779
2253,0.06216907,0.018179446,0.035630498,0.027580429
2254,0.047576893,-0.19890726,0.044781398,0.039062127
2255,-0.17811336,0.084773354,0.08921423,0.07084361
2256,-0.07163068,-0.5492184,0.036539804,0.041995395
2257,-0.060020752,0.097025685,0.10145225,0.08283267
2258,-0.036928356,0.13312876,0.02733313,0.025536774
2259,0.015852455,0.02403216,0.03322885,0.026279317
2260,-0.11161779,-0.022662528,0.049557775,0.040111516
2261,-0.0028593242,0.045238703,0.03920924,0.032186132
2262,0.07012768,0.16301914,0.030833444,0.027347878
2263,0.03902925,0.028390333,0.08449417,0.07040996
2264,0.018811911,0.076018676,0.045909148,0.034644436
2265,0.041488957,0.10488754,0.09125819,0.07737178
2266,0.30790737,0.6138326,0.037439328,0.038425855
2267,-0.3172818,0.42900082,0.043362357,0.041376755
2268,-0.16719052,0.24665186,0.05098992,0.04710118
2269,0.00998586,-0.009561971,0.029515877,0.021844387
2270,0.23492745,-0.122965634,0.057508312,0.04703689
2271,-0.15088661,0.47204134,0.055711996,0.05326607
2272,0.57299817,-0.11652094,0.06630588,0.055625383
2273,0.10708502,-0.05091402,0.06601834,0.05211198
2274,-0.009596365,0.42002368,0.110077895,0.1450993
2275,-0.014270768,-0.3873163,0.060195837,0.07147938
2276,0.05777842,0.015377291,0.06441791,0.05775792
2277,0.07963127,-0.3013051,0.13147868,0.1264687
2278,-0.109044865,-0.05078852,0.107692055,0.09009566
2279,-0.03835253,0.022565804,0.04411479,0.03625847
2280,0.45294788,-0.2651232,0.034717374,0.028599147
2281,-0.12743576,0.16047911,0.028280716,0.022764796
2282,0.095712245,0.20471433,0.113422446,0.08889935
2283,-0.12533525,-0.30693436,0.2128853,0.22428954
2284,-0.15545961,0.28488547,0.09562523,0.078370035
2285,-0.20277682,0.5936147,0.06805822,0.0691445
2286,0.19924448,-0.05319029,0.046697214,0.037003394
2287,0.13066755,-0.70465004,0.2542172,0.32991582
2288,0.07189092,0.1354559,0.03606893,0.03119854
2289,0.031085808,0.017598733,0.067455985,0.0587297
2290,0.23904586,-0.09905195,0.046050895,0.036901712
2291,0.25760505,0.15182117,0.28113714,0.24785307
2292,0.26895344,-0.055407614,0.14398925,0.11580082
2293,0.08952963,0.13396855,0.029059405,0.024435736
2294,-0.24481298,-0.2354073,0.16181232,0.13437963
2295,-0.026264962,0.005836934,0.034738105,0.03002322
2296,-0.064938515,-0.09448254,0.13289514,0.113919705
2297,-0.16341871,0.20957023,0.032251433,0.026956955
2298,-0.13495415,0.0756986,0.08145817,0.0722682
2299,0.09856732,-0.0026259795,0.069541536,0.05065837
2300,0.09461115,-0.16875774,0.08070483,0.05873014
2301,0.44662103,0.39513132,0.0456847,0.047805965
2302,0.106967956,0.025551356,0.058232177,0.044700038
2303,0.19880906,0.04938353,0.09435533,0.090476386
2304,0.0389898,-0.17431056,0.052208573,0.043442056
2305,0.09358728,0.18235812,0.08556435,0.07225173
2306,0.44352567,-0.64849234,0.10829921,0.12394207
2307,0.12340732,0.5451591,0.040483423,0.04434656
2308,0.13076407,0.045476858,0.031947695,0.02288446
2309,-0.02133276,-0.0044605583,0.08443338,0.07198409
2310,0.00091227144,-0.005230628,0.06865252,0.05788767
2311,0.07081133,0.20513287,0.03752556,0.030232048
2312,0.15607971,-0.26505324,0.042350806,0.037952796
2313,-0.04665266,-0.018204935,0.072955504,0.060677692
2314,-0.008999048,-0.0461459,0.08000069,0.07251246
2315,-0.050054885,0.022313423,0.03459048,0.025642544
2316,0.015016146,0.011821538,0.024563134,0.021739108
2317,0.051787507,-0.15168557,0.06963461,0.058023445
2318,0.36102873,-0.3047294,0.04676912,0.043285623
2319,0.13529553,-0.43975917,0.091304444,0.089020126
2320,-0.037766583,-0.1780422,0.0688938,0.07702268
2321,0.2321532,0.07723666,0.08112451,0.051554464
2322,-0.016079737,-0.03713569,0.050768536,0.03992941
2323,0.24994218,0.36471698,0.06832792,0.066643804
2324,-0.10336079,-0.30916446,0.066375166,0.06327222
2325,-0.14461604,0.16405262,0.1605246,0.12537296
2326,0.02703249,0.116120614,0.034362666,0.032420643
2327,-0.16631018,0.51566696,0.14475094,0.11033406
2328,-0.068184696,0.025384955,0.05710395,0.05363098
2329,0.29381812,-0.07442902,0.03400232,0.029647913
2330,0.07712981,0.3020783,0.046399083,0.03720313
2331,-0.39028925,0.068788975,0.104601435,0.11173253
2332,0.030376937,-0.026914284,0.032570306,0.025352744
2333,-0.043475214,-0.1320503,0.034159925,0.030604362
2334,0.0071244836,0.08116939,0.02966391,0.02503769
2335,-0.109048635,0.085147604,0.061269,0.0540417
2336,0.062967494,-0.080748826,0.023793858,0.020798873
2337,0.14771277,0.062315784,0.03376711,0.028236013
2338,0.058061507,-0.1859253,0.037070423,0.030786382
2339,-0.08217382,0.023211554,0.03656739,0.029118562
2340,0.19197036,0.12732431,0.049434334,0.049113505
2341,0.079708725,-0.0019771159,0.026396487,0.020831324
2342,0.013762429,-0.08086583,0.03641935,0.029013088
2343,0.15283772,0.27557802,0.10897313,0.11701634
2344,0.22709972,0.049405612,0.09252355,0.062017336
2345,-0.030132918,-0.009137645,0.041690007,0.03623525
2346,-0.14615367,-0.13650657,0.03668725,0.032190524
2347,0.5297837,-0.48997477,0.06538618,0.05681493
2348,-0.22914602,-0.35099775,0.04261301,0.044051595
2349,-0.093171686,0.0013573766,0.060777776,0.05086063
2350,-0.062226832,0.4834243,0.12917517,0.1430519
2351,0.22661856,0.6178967,0.08048301,0.06850792
2352,-0.21113777,-0.30883983,0.041116644,0.032076966
2353,-0.3639408,0.10695569,0.18742947,0.12349129
2354,0.100432515,-0.086377636,0.06638866,0.057226777
2355,0.018981677,0.037632406,0.029154813,0.025077771
2356,0.022338592,0.08220047,0.06320187,0.057202417
2357,0.12969647,-0.12757333,0.046275485,0.03676698
2358,-0.75170916,-0.25630856,0.09086758,0.074594624
2359,0.007910602,-0.050827995,0.045188945,0.03553072
2360,0.018231343,-0.07068637,0.05685847,0.04439632
2361,-0.25825688,-0.34795797,0.08525735,0.066523686
2362,0.13046105,0.703331,0.05294138,0.056130406
2363,-0.21433778,0.0039228275,0.045045707,0.035594836
2364,-0.042980157,-0.090373695,0.060435005,0.055098593
2365,-0.0173078,-0.021127053,0.04550406,0.035092946
2366,-0.386948,-0.30626526,0.08792766,0.07094797
2367,0.08736685,-0.026611619,0.044241622,0.033240557
2368,-0.03340854,-0.008195765,0.12573719,0.1352914
2369,-0.12860169,0.20973986,0.04291718,0.032083135
2370,0.06681211,0.06346616,0.10143985,0.090134725
2371,-0.84473693,0.27037,0.04327674,0.03505004
2372,0.14150636,-0.0044087023,0.07124204,0.05007697
2373,0.010271359,-0.04145731,0.103112385,0.10118293
2374,-0.18981636,-0.055196643,0.09019375,0.07324324
2375,-0.5215689,0.18759295,0.06450587,0.052709203
2376,-0.54259115,0.25367066,0.06341436,0.06325969
2377,-0.040780514,0.029620945,0.16219108,0.1295342
2378,-0.32450318,-0.45835224,0.040414043,0.04153228
2379,0.03492636,0.056358878,0.051779885,0.041865617
2380,-0.18518813,-0.30668178,0.11076162,0.0815603
2381,0.5251433,0.09344458,0.051330622,0.041471414
2382,0.09861384,0.70499086,0.063205674,0.059540022
2383,-0.004212957,-0.009012848,0.0418942,0.035838015
2384,-0.033134364,-0.020104714,0.04596016,0.03935826
2385,0.37715465,0.10066678,0.067194976,0.0466428
2386,0.030818563,0.02459947,0.023392405,0.018350333
2387,-0.024964374,0.013511576,0.03455293,0.026820911
2388,-0.013562471,-0.04847312,0.074301206,0.061969176
2389,-0.20845202,-0.31349468,0.11759708,0.12356827
2390,-0.31989688,0.10823787,0.048898887,0.034633197
2391,0.73864925,0.34366423,0.058724772,0.047673162
2392,-0.034240656,-0.072681665,0.025605727,0.02152099
2393,0.15466015,0.059614662,0.1353004,0.112925
2394,-0.4842374,-0.08017357,0.052511305,0.035419237
2395,0.083865,0.15779826,0.12154273,0.10520987
2396,-0.072849594,-0.058686018,0.14510673,0.12479025
2397,-0.13035308,0.0066815317,0.066302985,0.049351152
2398,-0.22172423,-0.2316168,0.0560733,0.044623416
2399,0.7350389,-0.547318,0.05621057,0.046691976
2400,-0.039182875,-0.01151263,0.047582306,0.040569454
2401,-0.096354604,0.2886894,0.09121261,0.078748316
2402,-0.02369291,0.04952186,0.027030567,0.022919362
2403,0.070558175,0.10647334,0.042192873,0.037324738
2404,-0.008751584,-0.026758388,0.062347524,0.060552333
2405,0.67577046,0.2059815,0.05692446,0.044422165
2406,-0.032076202,0.0050634295,0.026099097,0.02192155
2407,-0.18067236,-0.2227104,0.09673876,0.0968107
2408,0.16715324,-0.21201855,0.043178782,0.037919246
2409,-0.0010161381,0.0068252385,0.030894594,0.026547346
2410,0.035745982,-0.10927211,0.11298312,0.11305943
2411,0.04838529,0.089098126,0.043039374,0.032613236
2412,-0.4982194,0.16608316,0.045161366,0.03276251
2413,-0.09335189,-0.09121679,0.0714123,0.0615399
2414,-0.29764393,-0.15272124,0.05087504,0.03550542
2415,-0.09683141,-0.13310993,0.06406432,0.050003067
2416,-0.6150531,0.018034816,0.18634386,0.12342189
2417,-0.5353961,0.6107452,0.09823852,0.067937136
2418,-0.25197828,0.08309243,0.19512188,0.17249009
2419,0.07488422,-0.1715532,0.17221196,0.15052526
2420,0.10973576,-0.20950979,0.031683717,0.025082946
2421,-0.09151988,-0.16856557,0.07544017,0.06798703
2422,-0.055199176,-0.07013157,0.07487622,0.067123555
2423,0.30546135,-0.1962736,0.14792679,0.12403832
2424,-0.17643028,-0.18929863,0.04269195,0.03559237
2425,0.20374767,-0.20783383,0.03288239,0.029058691
2426,-0.18492572,-0.010020539,0.12218121,0.09883519
2427,0.13599873,-0.16940811,0.070545405,0.054031864
2428,-0.0394064,-0.016297303,0.033254337,0.02839408
2429,0.040603723,0.06948882,0.069640614,0.06565668
2430,0.42055017,-0.2086497,0.030716576,0.03502363
2431,-0.03186121,0.051037908,0.10332215,0.09012913
2432,0.31443956,-0.30900788,0.046571374,0.040495504
2433,0.012123801,0.08673227,0.029603377,0.023887955
2434,0.03659195,-0.060916394,0.030069558,0.024309658
2435,-0.048862323,0.17226475,0.030125894,0.025028793
2436,-0.025526414,-0.11545619,0.05372392,0.0533948
2437,-0.4952619,0.01878035,0.085052624,0.06704604
2438,0.30429012,0.1388986,0.0405038,0.03414067
2439,-0.1154889,-0.04215294,0.031058475,0.023050493
2440,0.031777415,0.074027345,0.065094925,0.051692415
2441,0.7118465,-0.18245733,0.06839383,0.05052547
2442,0.30934215,-0.01079125,0.035116956,0.02800903
2443,-0.17144665,0.11512543,0.0809474,0.055281434
2444,0.02543825,-0.21979484,0.120316766,0.10669694
2445,-0.178851,0.13460042,0.25478593,0.26370192
2446,0.063469216,-0.34106728,0.03470747,0.03345446
2447,0.023313295,0.043400254,0.034595773,0.02834554
2448,-0.08409454,0.03597617,0.059517976,0.045825146
2449,-0.02688979,0.0049043894,0.03337045,0.026630292
2450,0.0015805773,-0.027918182,0.043152526,0.035842083
2451,0.12206231,0.40319934,0.055784833,0.04990024
2452,-0.13345012,0.060039748,0.057489403,0.045510173
2453,-0.027097493,-0.0041498095,0.049005814,0.041856132
2454,0.038331646,0.14073612,0.028195884,0.024781626
2455,-0.04330984,0.0028671399,0.027593158,0.023584215
2456,-0.012834787,0.0040953904,0.0372557,0.029852446
2457,0.05787092,0.078863874,0.06764251,0.06367855
2458,0.16757594,-0.011558257,0.1290462,0.115727685
2459,-0.010634242,-0.101649225,0.08442395,0.07107167
2460,-0.05907888,-0.001176551,0.05942205,0.04779677
2461,0.00977828,-0.066252634,0.091554455,0.09239363
2462,0.037170295,0.22216268,0.038383357,0.0372816
2463,-0.7854001,0.17648692,0.05233359,0.042341035
2464,-0.3343125,-0.08381377,0.11177636,0.108718164
2465,0.12059511,0.2748158,0.043660708,0.038535517
2466,-0.067438915,0.03731471,0.05010296,0.037110064
2467,0.29452363,-0.33937037,0.047873605,0.04873997
2468,0.2658308,0.5008278,0.035335273,0.03393454
2469,0.009598907,-0.018195651,0.03834596,0.03279583
2470,0.04733086,0.19951908,0.057434693,0.0566862
2471,-0.10325192,0.14472789,0.28310576,0.2644746
2472,-0.065270096,0.15347889,0.03090222,0.026899578
2473,0.0013902336,-0.0035054684,0.03594692,0.036372036
2474,0.02428013,-0.019432552,0.029020721,0.024139063
2475,0.049035374,-0.10039349,0.06430748,0.05243513
2476,0.45905274,0.16332899,0.15307286,0.14503437
2477,-0.009962076,0.14185598,0.07863817,0.069739476
2478,-0.08325435,-0.10156873,0.03964931,0.031260327
2479,0.05191267,-0.19322899,0.056877047,0.051292382
2480,0.4725034,-0.8041489,0.042100985,0.04101471
2481,0.15661374,0.08078799,0.16049528,0.12014156
2482,0.19779226,-0.057740033,0.029181674,0.025748206
2483,-0.0649219,-0.074251756,0.04827557,0.040128663
2484,0.745975,-9.776652e-05,0.042206705,0.036547124
2485,-0.030120162,-0.39364478,0.052609246,0.056271162
2486,0.09376539,-0.43585053,0.04643619,0.04776607
2487,0.018560845,0.024133734,0.07024175,0.06985376
2488,-0.16199438,0.060700513,0.06976535,0.06335763
2489,0.09003687,-0.0030016154,0.03846194,0.032946084
2490,0.03695416,-0.20799685,0.03725708,0.03201594
2491,0.2250365,0.6440412,0.041206677,0.04099238
2492,0.50053287,-0.16980368,0.07320669,0.05821019
2493,0.0809837,0.23240179,0.032514915,0.033087257
2494,-0.27499095,-0.18752304,0.060582675,0.0606162
2495,0.4430584,-0.6290777,0.0626818,0.07263041
2496,-0.56236017,-0.18089122,0.04904554,0.039138615
2497,-0.03682131,0.066944584,0.04476863,0.035274033
2498,0.041371655,-0.0896799,0.04848445,0.044421293
2499,-0.31632483,-0.035347044,0.08172877,0.0809042
2500,-0.0082894545,-0.060417548,0.025050502,0.021835156
2501,-0.025976688,0.1423048,0.08127915,0.07318708
2502,-0.008248974,-0.022597708,0.03736916,0.03065561
2503,0.034474712,0.008623786,0.053443257,0.048203427
2504,0.029709473,-0.4662346,0.08608568,0.11096925
2505,-0.11237772,0.024404392,0.12527831,0.1195843
2506,-0.2332643,0.3767201,0.05992023,0.05955008
2507,-0.07400964,0.51003146,0.14938606,0.14059138
2508,0.28625083,-0.032079965,0.10655851,0.07705425
2509,0.03585175,-0.09574415,0.034788184,0.032521084
2510,-0.40515876,-0.730711,0.043427993,0.04842155
2511,0.023210946,-0.14092639,0.06171887,0.055544004
2512,-0.008795813,0.0008787215,0.03447036,0.028433874
2513,-0.13156903,0.14443398,0.12116706,0.08455003
2514,0.18003178,-0.20111066,0.033802606,0.029556843
2515,-0.030672844,0.037562534,0.033454385,0.026140735
2516,-0.060308672,-0.24951544,0.10076437,0.08621584
2517,-0.03238036,-0.0661529,0.04742099,0.04184854
2518,0.017392136,-0.25988466,0.13525915,0.12108805
2519,0.035431627,-0.035984978,0.104226105,0.08315247
2520,0.45397785,-0.3023786,0.042303156,0.035598494
2521,-0.022210773,0.10368578,0.063231975,0.049015455
2522,0.006744243,-0.09091461,0.032603305,0.024572046
2523,-0.077220015,-0.0028920397,0.08346287,0.0610035
2524,-0.5713997,0.38579455,0.16400331,0.14878213
2525,0.63158274,-0.43568322,0.043011393,0.05563862
2526,0.5909329,-0.06293787,0.23615299,0.16158922
2527,0.0052249953,0.0028926134,0.024597446,0.019568197
2528,0.19544458,0.12740609,0.15843627,0.1189235
2529,0.036284927,-0.008397549,0.025782334,0.02168458
2530,0.106172204,0.21728253,0.063767515,0.06777879
2531,0.48037365,0.018626988,0.215571,0.15228629
2532,-0.011518441,0.0031058267,0.04536451,0.036787547
2533,-0.034274444,0.099615104,0.06119018,0.051753078
2534,0.10761596,-0.035152853,0.13649608,0.12064089
2535,-0.55479807,-0.42243847,0.121664435,0.10406139
2536,0.12620364,0.101790816,0.031145955,0.029414551
2537,0.19430095,0.059971668,0.09892066,0.08903324
2538,-0.07488464,-0.08187105,0.15900964,0.1363214
2539,0.7751377,0.024096541,0.048466843,0.038112544
2540,-0.024336841,-0.020886801,0.03579074,0.02595235
2541,-0.10136071,-0.25608346,0.12920012,0.12090655
2542,-0.14324366,-0.026371099,0.09616601,0.07421015
2543,-0.15437251,-0.1747025,0.13378456,0.12598091
2544,-0.04997479,0.040993422,0.115052454,0.08752005
2545,0.30812767,0.13470536,0.35538176,0.29110864
2546,-0.06654174,-0.5366206,0.033615083,0.03458708
2547,-0.21377257,-0.009541959,0.13105685,0.101912126
2548,0.47757962,0.04544172,0.18937129,0.16863619
2549,-0.13920888,-0.041491523,0.06360846,0.051640697
2550,0.13577592,-0.794896,0.09222954,0.112220585
2551,-0.18771672,-0.025626406,0.089539096,0.057713047
2552,-0.16861978,0.035470262,0.10074724,0.0854399
2553,-0.08167949,0.10316092,0.06511123,0.056251068
2554,-0.03269064,-0.014156006,0.048578132,0.042784046
2555,0.07718308,0.014991373,0.05553959,0.041613497
2556,0.018391818,0.031896494,0.022132743,0.019276503
2557,0.5726769,0.105136774,0.045409404,0.03493593
2558,0.01922961,0.021341845,0.06067052,0.05090398
2559,-0.021040682,-0.01257246,0.03521386,0.0309723
2560,0.056305196,-0.18269134,0.03721814,0.032381695
2561,-0.048418045,-0.014417924,0.062104892,0.05133968
2562,-0.48052153,-0.10478711,0.12558222,0.09776269
2563,0.40028232,-0.015945472,0.07550119,0.053939804
2564,-0.12146799,-0.2762974,0.10371824,0.10408018
2565,0.0074571446,-0.03271915,0.08956602,0.07956064
2566,0.08865832,-0.19671622,0.10303732,0.09576562
2567,0.032792415,0.00042898208,0.03986206,0.030268442
2568,-0.421236,-0.8933513,0.06418328,0.0677311
2569,-0.28307313,0.2047105,0.050692048,0.045584302
2570,-0.11988498,0.60410225,0.097677216,0.097754546
2571,0.04658514,-0.11816126,0.23449683,0.20165935
2572,-0.04679191,-0.06688775,0.06699589,0.06590911
2573,-0.004393406,0.10096988,0.06353743,0.058949374
2574,-0.0135084875,-0.05943978,0.028504124,0.02524992
2575,0.28904614,0.08700993,0.04109136,0.034976643
2576,0.13785282,0.08433167,0.06228222,0.057788473
2577,-0.5914441,0.21674028,0.045494374,0.032533962
2578,-0.1182054,-0.29385823,0.042988442,0.038223647
2579,0.025719173,0.06097164,0.08734546,0.07197164
2580,-0.0047075152,-0.05423811,0.04972691,0.038769975
2581,0.28911498,-0.4698355,0.08388762,0.082786076
2582,-0.18218221,-0.3386273,0.039427694,0.037622605
2583,-0.011316864,0.0183665,0.0830295,0.066325806
2584,-0.36277708,-0.3843259,0.03097249,0.026043449
2585,-0.019393321,0.010411583,0.027566254,0.021989191
2586,-0.012914816,-0.028770134,0.044131447,0.03648503
2587,0.060123865,-0.10242927,0.122849524,0.12509072
2588,-0.038488686,0.07179414,0.113871895,0.089024
2589,0.70372695,-0.28592858,0.04962153,0.043345466
2590,-0.119369626,-0.13341844,0.0455011,0.035953153
2591,-0.1658239,0.31062382,0.048878107,0.046158668
2592,0.0055261627,0.004480809,0.078239195,0.071421884
2593,-0.39664936,-0.480513,0.06989577,0.057242367
2594,-0.017891724,-0.09510757,0.03799116,0.030557737
2595,0.14703828,0.028993815,0.07164548,0.059323322
2596,0.6315993,-0.5802047,0.08491247,0.0783461
2597,-0.002808435,0.17065328,0.10555657,0.10666945
2598,-0.07280151,-0.056295946,0.027572399,0.024447486
2599,0.08708559,0.2570177,0.11558464,0.11790106
2600,-0.3989407,-0.1973668,0.0377608,0.031281
2601,0.042316046,0.021856226,0.04854316,0.043864682
2602,0.012445647,0.018723004,0.029310416,0.024089154
2603,-0.08647856,0.1099063,0.045635384,0.038250238
2604,0.042888943,0.09624804,0.025931256,0.02007179
2605,-0.7064435,-0.487285,0.086897045,0.109084
2606,0.03870007,0.26521719,0.12299481,0.13063885
2607,0.041154485,0.18143985,0.07883827,0.07303935
2608,0.40793344,-0.024968646,0.26521397,0.2053705
2609,0.16744378,-0.47046027,0.041318897,0.037324168
2610,-0.030074105,0.09532006,0.035287745,0.03006785
2611,0.0148532465,-0.06632228,0.036892932,0.0333538
2612,0.32835758,0.331591,0.05683346,0.047818176
2613,-0.059474092,0.04266509,0.06769666,0.055457298
2614,0.23104966,-0.01856219,0.12466137,0.09861197
2615,0.30984643,-0.21361622,0.05789855,0.043085128
2616,0.12052843,-0.00020328909,0.079182506,0.07172155
2617,0.28832033,0.23993538,0.08907792,0.077057645
2618,0.11439785,-0.57585466,0.08269471,0.08992021
2619,-0.1103034,0.014784738,0.05213276,0.04113594
2620,0.12060392,-0.02787996,0.058642935,0.050558385
2621,0.62505704,0.4323568,0.0528672,0.038221385
2622,0.0069765113,0.012699418,0.028716704,0.021592498
2623,-0.07148886,-0.0342028,0.043551493,0.038099214
2624,-0.4198755,0.1367539,0.11247288,0.065278836
2625,0.2995548,0.36929792,0.065881185,0.05654396
2626,-0.133014,-0.06121938,0.23416361,0.23815727
2627,0.47975728,-0.47081545,0.03495511,0.03052849
2628,-0.013391729,0.0062925816,0.043489404,0.034008883
2629,0.25146848,-0.031359717,0.06604178,0.045786638
2630,-0.1389142,0.16356851,0.033096693,0.027294097
2631,0.029926825,-0.18643188,0.17788734,0.13406447
2632,-0.05976986,-0.101404965,0.07806577,0.06850991
2633,0.14153153,-0.09225032,0.11455431,0.10226526
2634,0.0016746446,0.037580978,0.032872237,0.028127609
2635,-0.1920423,0.7619661,0.042211507,0.05555857
2636,-0.0010033716,0.07533458,0.109354064,0.0974505
2637,-0.10680793,-0.25466055,0.051382482,0.04526616
2638,-0.0806021,-0.04443708,0.06099706,0.051966842
2639,-0.051091075,-0.052525327,0.033496115,0.027928146
2640,-0.07063064,-0.071818724,0.059870157,0.046127167
2641,0.035385635,-0.25262985,0.0350007,0.032768108
2642,0.53286076,0.12155368,0.03606962,0.030376652
2643,-0.039283212,-0.15877771,0.029755328,0.02521875
2644,-0.05708821,0.014754385,0.035886887,0.027207803
2645,-0.024415355,-0.14900003,0.06019213,0.054429512
2646,-0.2809703,-0.2830879,0.034016486,0.02973191
2647,-0.02096647,-0.0047021136,0.059977494,0.05408202
2648,-0.12120646,0.6278906,0.063379444,0.08085299
2649,-0.18993741,-0.04580748,0.13215809,0.12098423
2650,-0.032124627,0.04195617,0.034745812,0.028224545
2651,-0.003945168,-0.14831747,0.03901974,0.037785817
2652,-0.09409523,0.5028399,0.16823727,0.15414122
2653,-0.079045236,0.22448006,0.12711307,0.1221612
2654,0.42165753,0.2834428,0.08366464,0.0629221
2655,-0.20777112,0.40997893,0.039743714,0.03526956
2656,-0.12004067,-0.008765072,0.057791773,0.045136366
2657,-0.7415285,0.15457891,0.06679118,0.05067603
2658,0.18327922,0.04719496,0.15448287,0.15526302
2659,0.17113526,0.107467085,0.09658009,0.08029707
2660,0.00877887,-0.20161259,0.06383372,0.066932775
2661,0.0013174638,-0.17246097,0.06459082,0.07051018
2662,0.60665417,0.18908954,0.14753808,0.121361874
2663,0.06171112,-0.38835797,0.039489344,0.04183825
2664,-0.12523086,0.09283636,0.045986913,0.0361286
2665,-0.016609017,-0.042371407,0.03082154,0.024886703
2666,-0.24924293,0.5380563,0.08039281,0.07599248
2667,-0.064766526,-0.18328607,0.044090036,0.037694175
2668,-0.005347656,0.077677876,0.09272001,0.092392884
2669,0.5327038,0.5196477,0.17873734,0.18993363
2670,0.1351061,0.14712021,0.036332443,0.0310574
2671,0.05554441,-0.25575656,0.33733734,0.31912035
2672,0.006743841,-0.077440724,0.02700991,0.023811083
2673,-0.20162775,-0.0023134798,0.03970591,0.032994416
2674,0.4795101,-0.39016974,0.06265683,0.07169684
2675,-0.032852605,0.093158655,0.055886522,0.049573712
2676,0.21214958,-0.15519425,0.085974,0.06870221
2677,-0.12918879,-0.08999954,0.121029645,0.095572636
2678,-0.14352837,-0.03751318,0.03698806,0.027678477
2679,-0.18735057,0.041201293,0.123732746,0.10030777
2680,0.015153032,-0.026175901,0.041804,0.03492801
2681,0.046757948,0.2238177,0.044589307,0.045760047
2682,0.07894847,-0.042279303,0.09479781,0.09555592
2683,-0.09833372,0.057954088,0.04676001,0.03450297
2684,-0.12154023,0.26399416,0.047725406,0.04616243
2685,-0.156962,-0.04835163,0.15953603,0.12782754
2686,-0.46761215,0.021524943,0.05397549,0.03574571
2687,-0.12059657,0.111095026,0.037201144,0.03182799
2688,-0.026142087,-0.11136767,0.045484807,0.03748263
2689,-0.49245295,0.16549106,0.039800998,0.031934418
2690,-0.05661291,0.05899492,0.06228155,0.053643476
2691,0.31314963,0.041906055,0.08777119,0.07805798
2692,0.04521035,0.05018067,0.02591918,0.022366267
2693,-0.0010061432,-0.07953873,0.036958765,0.02801944
2694,0.031515475,-0.123290315,0.14869095,0.13073546
2695,-0.040096328,-0.079330176,0.029070634,0.024466276
2696,-0.2958358,0.2515362,0.09185855,0.08289509
2697,0.08145283,-0.09589672,0.16030103,0.12803552
2698,0.17970929,0.20255524,0.040687516,0.03754666
2699,0.86220235,-0.23702973,0.09869009,0.058782093
2700,0.108875036,0.13279769,0.029902158,0.027506799
2701,0.10995321,0.502825,0.07436318,0.08439611
2702,0.028308544,-0.17500523,0.044203643,0.03819769
2703,-0.02996965,0.11041286,0.11096061,0.08281269
2704,0.1425945,-0.1934672,0.051459376,0.043359883
2705,0.43888456,-0.6976427,0.038709458,0.03529946
2706,0.4061818,0.4111924,0.04040672,0.03235189
2707,0.13577458,-0.13747665,0.03630393,0.027590849
2708,-0.059944265,-0.03928767,0.047402468,0.049556717
2709,-0.108469814,-0.021424413,0.061619226,0.049683254
2710,-0.44273844,0.20492132,0.036328875,0.028168837
2711,-0.45281294,0.2163014,0.20001487,0.15882657
2712,-0.08204613,-0.06070003,0.036448773,0.028702984
2713,-0.02338441,0.08357639,0.11155151,0.10227374
2714,0.037326057,-0.09139472,0.042337094,0.03799675
2715,-0.02685121,-0.71753144,0.03913106,0.049117554
2716,-0.050948344,0.014897026,0.05249728,0.043082446
2717,0.12868321,-0.061369017,0.1596271,0.12988497
2718,-0.111468986,-0.017996892,0.050539404,0.03841687
2719,-0.15853189,-0.6354382,0.20061094,0.19814575
2720,0.07288635,-0.5106312,0.17278428,0.1450008
2721,-0.038877524,-0.13843799,0.046937127,0.043866917
2722,-0.13512985,-0.6167276,0.036812738,0.040209454
2723,-0.014943954,-0.23310784,0.06691115,0.074402824
2724,0.06790404,0.07984186,0.02986895,0.025138022
2725,0.37809396,-0.39363426,0.24762118,0.23834534
2726,0.04074208,0.06304646,0.03982334,0.035104197
2727,-0.06639004,0.21917081,0.043645985,0.04291216
2728,-0.11082736,0.5687579,0.066528976,0.07032698
2729,-0.12673281,-0.12099913,0.13592027,0.105660684
2730,0.12121242,-0.43918696,0.08171099,0.07994344
2731,-0.09971279,-0.032730356,0.048124935,0.03245835
2732,-0.06200725,0.060624078,0.06161093,0.05848201
2733,-0.031384412,-0.051928222,0.07112913,0.05935383
2734,0.069686025,0.050422385,0.13216268,0.10322362
2735,-0.15382123,0.08713105,0.08771135,0.08093522
2736,0.124982,0.53475237,0.060045525,0.059752606
2737,-0.6292649,0.0008250624,0.07913129,0.05630899
2738,0.017167222,0.054744635,0.03800413,0.036748882
2739,0.5407878,0.4219206,0.03203579,0.030477282
2740,-0.044267014,0.47447327,0.081362344,0.110427454
2741,0.1384421,-0.7465242,0.07040697,0.08734578
2742,0.3715017,0.14039572,0.036908213,0.030330885
2743,-0.024032068,-0.11069043,0.095243245,0.088872
2744,0.13035062,0.38702595,0.12478513,0.13273944
2745,-0.028652783,0.097981304,0.029977478,0.024481049
2746,-0.022964198,0.18809304,0.06752485,0.05926941
2747,0.84346133,-0.061893433,0.042195614,0.037168514
2748,-0.014291735,0.31651795,0.060659084,0.051843677
2749,-0.0811387,-0.12266232,0.13489069,0.10141442
2750,-0.33337936,0.14736629,0.04361175,0.035778042
2751,0.31403425,0.28099975,0.068460405,0.07118343
2752,0.39055234,-0.083500564,0.1496738,0.10598183
2753,0.089211196,-0.26133978,0.3306122,0.29802072
2754,-0.52217454,-0.44793072,0.03864661,0.042346667
2755,-0.12296274,-0.2777599,0.043433018,0.038295846
2756,-0.0018223263,-0.12424208,0.101003945,0.1095273
2757,0.324118,0.53690517,0.07061073,0.07927662
2758,0.23050293,0.38320705,0.06788537,0.063987486
2759,0.023621503,-0.023779877,0.028583365,0.021890942
2760,-0.023693856,-0.02041053,0.043475587,0.03083321
2761,-0.39408436,-0.7171898,0.0450538,0.056089617
2762,0.4742631,0.45705906,0.042045664,0.033265524
2763,-0.15951492,-0.30477032,0.10167171,0.11357581
2764,0.04923025,-0.09616563,0.1374336,0.13965066
2765,-0.014467126,-0.0017913505,0.0290997,0.023189893
2766,0.03889781,-0.06471163,0.044319175,0.04215211
2767,0.046752196,-0.025685526,0.051356215,0.045639653
2768,-0.13199577,0.08650677,0.03384271,0.028012738
2769,-0.07253207,0.24078012,0.07636116,0.07827554
2770,-0.06615242,0.014262661,0.09257125,0.09739292
2771,-0.09847413,0.27283064,0.07558509,0.06812159
2772,-0.007408429,-0.0864944,0.06496881,0.051757082
2773,0.03332779,0.0072764456,0.03449386,0.028445987
2774,-0.19542053,0.23393771,0.13492006,0.11460497
2775,-0.001442695,0.0080679655,0.09054379,0.08353908
2776,0.42729318,0.61894524,0.046979666,0.04888014
2777,-0.019026574,-0.005060479,0.060557533,0.046880938
2778,-0.13161172,0.12995544,0.024689913,0.020238517
2779,0.15305763,-0.08803855,0.070540294,0.06988147
2780,0.21517228,0.032611795,0.06959725,0.052279264
2781,-0.047815368,0.47387895,0.045707475,0.04479077
2782,-0.25633237,0.44010487,0.045376476,0.036843304
2783,-0.19768634,-0.045959294,0.09449493,0.06702085
2784,-0.18547757,-0.05326961,0.1484713,0.15492131
2785,-0.023763273,-0.22691196,0.13996345,0.13755156
2786,0.2193034,0.13902147,0.029010303,0.025044369
2787,-0.018166635,0.017178506,0.025455827,0.022105202
2788,0.38469312,-0.07870793,0.068078935,0.057633985
2789,0.0031363815,-0.06631696,0.025284978,0.019454477
2790,0.05961233,0.019555412,0.21541263,0.1930164
2791,-0.22090241,0.23017615,0.070830755,0.06893411
2792,0.104405895,0.0069917217,0.12843786,0.11034192
2793,-0.6634633,0.8308797,0.111782014,0.10196341
2794,-0.052517302,-0.109534666,0.16540599,0.13827144
2795,0.027730335,-0.0111349225,0.024177814,0.019596169
2796,-0.097227246,-0.21086287,0.076509364,0.07612019
2797,-0.22648211,-0.09540224,0.04369505,0.038850363
2798,0.12766926,-0.20321396,0.08610581,0.07800468
2799,-0.06134027,0.18462947,0.08667221,0.07225931
2800,-0.07349266,-0.03567913,0.030886848,0.028600568
2801,0.0010703877,-0.34975362,0.0409433,0.037815426
2802,-0.050870247,0.11437215,0.056172363,0.04649107
2803,0.57597935,-0.44278476,0.06581556,0.05770511
2804,0.599483,0.15346554,0.039227124,0.0318721
2805,-0.04226258,-0.20408943,0.17963843,0.15440209
2806,-0.021008564,0.18254165,0.030210678,0.029212002
2807,-0.16825537,-0.17449969,0.10872188,0.083097294
2808,-0.15367638,-0.0025702864,0.04705075,0.03612531
2809,0.6903472,-0.17498773,0.039583657,0.032733046
2810,0.0027343296,-0.04401508,0.061241314,0.051363703
2811,0.06953789,0.31000102,0.039581936,0.039347116
2812,0.11929974,-0.09636417,0.09651623,0.070783176
2813,0.052383695,0.20450556,0.029627452,0.025425417
2814,0.1778711,-0.59020555,0.041807085,0.042622335
2815,-0.4322107,0.4189036,0.06867924,0.054931138
2816,0.031613756,0.025448874,0.08525604,0.08583331
2817,-0.2631017,-0.79020953,0.044203296,0.061164536
2818,0.008136418,-0.09507176,0.05223233,0.044443306
2819,-0.10194118,-0.030486837,0.034322932,0.026538046
2820,-0.045994792,-0.08778028,0.04687058,0.04214195
2821,0.004816346,0.22871186,0.03117253,0.02707446
2822,0.11155915,0.06863063,0.08923898,0.07528709
2823,0.10335378,0.07009137,0.058994524,0.045348972
2824,-0.10861473,-0.031120807,0.2096416,0.131847
2825,-0.11291425,-0.005401112,0.037747253,0.030911284
2826,0.043223064,-0.35069534,0.058569524,0.06837205
2827,-0.16198412,-0.04153496,0.107065775,0.10097667
2828,-0.0051061623,-0.055356756,0.06096577,0.05684573
2829,0.12858588,0.10616597,0.13008778,0.102764
2830,0.000590723,-0.21592307,0.04293968,0.04455873
2831,-0.43079302,-0.033001944,0.056671385,0.04853427
2832,-0.102062225,-0.015765399,0.14190784,0.13159072
2833,0.013907108,-0.039759412,0.029034391,0.025073135
2834,0.16030952,0.10718157,0.18497305,0.13881336
2835,0.43823898,-0.30987123,0.052677225,0.04452573
2836,0.0025376752,0.016498059,0.057555795,0.051681142
2837,-0.3565696,0.40226808,0.08244028,0.07023485
2838,0.0005322397,0.13454302,0.060223673,0.048529007
2839,0.83373386,0.08565153,0.06002767,0.044213537
2840,0.06902295,0.07974598,0.06763349,0.06692721
2841,-0.5148512,-0.13277745,0.05395753,0.04234081
2842,0.108072594,0.37474814,0.040939406,0.04436293
2843,-0.2982559,-0.44443288,0.040021613,0.044941794
2844,0.011961505,-0.078641325,0.077245444,0.06285453
2845,-0.06620124,0.0011705607,0.11385137,0.076686084
2846,0.07648787,-0.110425144,0.027311204,0.022294259
2847,-0.6408163,-0.0072442293,0.11344192,0.11201572
2848,-0.020944687,0.009462126,0.027762802,0.02146186
2849,0.040323142,-0.58847785,0.030486146,0.040071838
2850,0.22734976,0.66904247,0.046430726,0.06366355
2851,-0.025318127,-0.0873799,0.17548467,0.15552321
2852,0.0608547,-0.42345825,0.08171977,0.07672104
2853,-0.018010512,0.13027869,0.05442705,0.043456085
2854,-0.2863432,-0.67375445,0.041947473,0.04923283
2855,0.10184477,-0.040012464,0.048064377,0.035176113
2856,0.047212977,0.020385988,0.047082376,0.03794664
2857,0.09123576,-0.011217989,0.08634039,0.08133283
2858,0.011463523,0.015010886,0.028343756,0.022180451
2859,-0.2359704,-0.11851828,0.24596143,0.24336785
2860,-0.058791026,-0.017745517,0.06958345,0.05785141
2861,0.31363273,0.20369679,0.079055734,0.067783795
2862,-0.06689805,0.6078708,0.097745664,0.097836025
2863,0.0032016449,0.024878621,0.029971229,0.023151742
2864,-0.102193,-0.092604175,0.239584,0.26382506
2865,0.0810553,-0.09329666,0.06913835,0.060731124
2866,-0.08742602,0.025074154,0.030384732,0.025884889
2867,0.0130666755,-0.11909714,0.033778634,0.025242342
2868,-0.2706128,0.20022336,0.13344431,0.09865454
2869,0.05471885,-0.09151746,0.10353606,0.10383198
2870,0.0061054677,-0.015485786,0.07628628,0.063849814
2871,-0.04774277,0.1490767,0.02490842,0.020892546
2872,0.009054229,0.04421862,0.054866236,0.04438026
2873,-0.04629782,0.07276367,0.046901982,0.03954881
2874,0.04293846,-0.042572513,0.039746925,0.034507573
2875,0.53402704,-0.40135342,0.04444005,0.043269552
2876,-0.04788343,-0.028289102,0.038538788,0.03723889
2877,-0.05664771,-0.08167499,0.034725666,0.031766895
2878,-0.007212881,0.0060748607,0.050815787,0.047844764
2879,0.2883218,0.6630801,0.061871164,0.06581819
2880,-0.0733468,-0.13823457,0.08664871,0.05942409
2881,0.71817774,0.41276672,0.09262253,0.06887618
2882,0.0027491227,-0.02942849,0.07177853,0.057149403
2883,-0.47051787,-0.24382526,0.050335716,0.044960167
2884,0.09518486,-0.6204858,0.05943485,0.06733665
2885,-0.007707387,-0.041666493,0.04005872,0.03349688
2886,-0.23364714,0.38814142,0.12590338,0.1310908
2887,0.18083633,-0.32487312,0.10809829,0.12634315
2888,0.113786876,-0.038121715,0.040775876,0.03729224
2889,0.3517964,-0.11319561,0.04274335,0.03615855
2890,0.09100716,0.103856996,0.024599537,0.02153889
2891,0.07862815,0.1782913,0.4144054,0.29376584
2892,-0.44364148,0.121395215,0.048720643,0.037085168
2893,0.19091943,-0.20728156,0.031450044,0.027205879
2894,0.13606243,0.062012512,0.08979588,0.07512906
2895,-0.06680782,0.013586707,0.036898218,0.029558022
2896,-0.051131178,0.005925983,0.038292613,0.031717207
2897,-0.18762071,0.10543959,0.060996503,0.052749965
2898,0.1828812,0.12570897,0.06563684,0.053717975
2899,-0.107288525,0.3560208,0.10820368,0.1137595
2900,-0.65649855,-0.4297376,0.07585354,0.056026775
2901,-0.0056986623,0.024656266,0.04994524,0.04610874
2902,0.09120104,0.07683063,0.11141855,0.10333719
2903,0.08999853,-0.16088554,0.052187636,0.04687281
2904,0.030556064,0.02846878,0.06918918,0.048227392
2905,-0.028943237,-0.16104174,0.04419007,0.04016485
2906,0.01876333,-0.017645448,0.023164013,0.01874936
2907,-0.007748913,0.010638118,0.0261855,0.020670563
2908,0.09734014,-0.015266731,0.10174181,0.093196064
2909,-0.28942716,-0.7056539,0.03791277,0.048841473
2910,-0.048579622,-0.06311056,0.044768743,0.041972727
2911,-0.31270283,-0.18424246,0.053631615,0.050493184
2912,-0.49889278,-0.16879165,0.09487936,0.06670936
2913,-0.0061765183,-0.1340989,0.048434816,0.04541131
2914,-0.40034047,-0.2220523,0.04490484,0.03881253
2915,-0.6161646,0.12576677,0.05784567,0.04048316
2916,0.006077025,0.010919414,0.034770455,0.03145588
2917,-0.039967693,-0.021762066,0.03507057,0.028691217
2918,0.15261221,-0.5241616,0.07275611,0.07594492
2919,-0.7768845,-0.24214035,0.057718072,0.055129718
2920,0.03787561,0.05256878,0.05861123,0.049526237
2921,-0.0036369823,-0.008059576,0.027464893,0.022419887
2922,0.22070575,-0.66757584,0.054947935,0.055984516
2923,0.059244577,0.24819313,0.08826713,0.08725526
2924,-0.17200169,-0.73825884,0.042555664,0.049821846
2925,0.008771721,0.0051274374,0.10247345,0.06960596
2926,-0.059639372,0.014233723,0.05119822,0.03795275
2927,0.13273951,-0.09910548,0.18940996,0.1693052
2928,-0.6348318,0.09529615,0.09496629,0.065346956
2929,-0.11058341,-0.42093113,0.11709491,0.111832365
2930,-0.2595314,-0.186259,0.032039948,0.028142147
2931,0.013550837,0.047980797,0.07285808,0.064078316
2932,0.14470513,0.079349875,0.105689384,0.10399244
2933,-0.13844381,0.02067326,0.08866475,0.078252055
2934,0.010461569,0.058375023,0.052458934,0.041387312
2935,-0.030486835,0.03013447,0.029847434,0.025948154
2936,-0.18339115,-0.18122065,0.029416451,0.025710136
2937,0.015774406,0.106816776,0.054595597,0.050918408
2938,-0.020536434,-0.028450027,0.035969805,0.029749444
2939,-0.07184118,-0.024116129,0.03708467,0.029383952
2940,-0.048527725,-0.0053811595,0.030730795,0.02679858
2941,-0.0643678,-0.06041798,0.07855972,0.067206725
2942,0.26860368,-0.73088825,0.0480395,0.06019368
2943,-0.4148223,0.40985546,0.057630077,0.048020598
2944,0.08098473,-0.05688101,0.08634575,0.07724493
2945,0.07505773,-0.2205078,0.042069554,0.03564283
2946,0.03482938,0.25955766,0.063111775,0.061306864
2947,-0.012073152,-0.06323165,0.051590826,0.041535188
2948,-0.3342225,0.5236329,0.04716061,0.049890798
2949,-0.12950954,-0.24595845,0.023094239,0.02186543
2950,-0.18092276,-0.22228801,0.15017435,0.14649744
2951,-0.2852424,0.1759997,0.041992858,0.041776236
2952,0.31232455,-0.18998629,0.04396592,0.043840848
2953,-0.5129666,0.23569427,0.047510345,0.042030092
2954,0.23271656,0.4059462,0.038396664,0.036346976
2955,-0.074150234,-0.52658737,0.05720821,0.06516058
2956,0.5989727,-0.068142354,0.074248075,0.060495425
2957,-0.7971165,0.078825586,0.046987407,0.048970357
2958,0.19539212,-0.30489916,0.03943835,0.039010916
2959,0.059855882,0.037322383,0.04696181,0.03911993
2960,0.038584497,-0.035042122,0.055181142,0.047467273
2961,0.017227646,0.028276451,0.055730943,0.044463743
2962,-0.018419463,0.0394936,0.038133346,0.034317367
2963,0.20644383,-0.08193779,0.13814418,0.12831107
2964,-0.03268063,0.1627776,0.08262754,0.076112725
2965,-0.017843582,-0.026338048,0.03874891,0.031012619
2966,0.0913603,0.05342471,0.22780894,0.21263807
2967,-0.0070012156,-0.11954126,0.05734847,0.049830362
2968,-0.09977709,0.0108101,0.10357143,0.081715524
2969,-0.03237136,0.02947776,0.061053034,0.06121727
2970,0.11294785,0.022760093,0.024051437,0.018480845
2971,0.1719019,-0.65312266,0.070147626,0.067170046
2972,0.022863138,-0.06301215,0.043842938,0.0461869
2973,-0.19590028,-0.5668454,0.055716846,0.054909322
2974,-0.011720194,-0.057243288,0.19364303,0.17813264
2975,0.20389746,-0.2356238,0.029335652,0.02679864
2976,0.16664562,-0.048862457,0.029545628,0.02412267
2977,0.1709586,0.43062997,0.10782681,0.11581256
2978,-0.0696124,-0.16701752,0.098714285,0.083206095
2979,-0.014474925,-0.22536358,0.03645797,0.032746375
2980,0.6425516,-0.01749663,0.05356235,0.0467336
2981,0.00040128082,-0.29763854,0.037823472,0.03601159
2982,0.46597853,-0.41170147,0.074979074,0.068377286
2983,-0.07005754,-0.036851063,0.050016217,0.0399383
2984,-0.10276508,-0.046386063,0.09404253,0.0898557
2985,-0.09370136,0.18543205,0.24320157,0.25493076
2986,-0.17777412,-0.6466582,0.059760224,0.060411956
2987,0.0035176352,0.017232314,0.046954077,0.039519943
2988,-0.07422815,0.15477785,0.027412234,0.0271972
2989,-0.38566244,0.24893174,0.060374968,0.05751609
2990,-0.02850732,-0.00811778,0.033481244,0.02804256
2991,0.14604026,-0.16181591,0.10076469,0.098914966
2992,-0.022905005,0.03739683,0.06941776,0.07058712
2993,-0.74377596,-0.19485268,0.07664817,0.061536945
2994,-0.043106675,-0.19123995,0.033696573,0.025881467
2995,0.16351755,-0.081070006,0.115248576,0.09319008
2996,-0.5179035,0.65518355,0.081127465,0.07113119
2997,0.087519735,-0.107412204,0.040273786,0.03454288
2998,-0.42088088,-0.6880958,0.049175043,0.06530078
2999,0.037642892,0.031404257,0.041048337,0.033807255
