,e1_out_mean,e2_out_mean,e1_out_std,e2_out_std
0,0.25694588,-0.6178645,0.04444826,0.046738558
1,-0.03924837,0.017220482,0.10909798,0.08839624
2,-0.44409385,0.2860929,0.29127872,0.2221808
3,-0.28227347,0.44909573,0.06335629,0.062016472
4,-0.04998691,-0.023450688,0.04029371,0.031021876
5,0.07009894,-0.47949824,0.1560452,0.16600472
6,-0.025942188,-0.012414694,0.041254267,0.035551667
7,0.18028912,0.04713731,0.043958735,0.029842898
8,-0.06137736,0.021383144,0.11484141,0.097137004
9,0.24934351,0.2943251,0.04849648,0.042366058
10,-0.4357942,-0.6787698,0.037164733,0.03920265
11,0.08065738,-0.1457418,0.05987128,0.05354101
12,0.12452638,-0.18024585,0.065593414,0.07067542
13,-0.29053742,-0.04833153,0.21103783,0.15000676
14,-0.029314667,-0.22430453,0.031942956,0.02902859
15,-0.047950566,-0.0026957244,0.08220927,0.07247137
16,-0.0908587,-0.118863896,0.11778116,0.103168905
17,-0.059451327,0.17576239,0.05276566,0.045718826
18,0.17904413,-0.22970933,0.10276951,0.082937256
19,0.7728057,0.09998513,0.106992744,0.1219709
20,0.15071924,-0.12459853,0.039656185,0.03254024
21,-0.0446845,-0.2094903,0.12201671,0.110850185
22,-0.045314472,-0.04096639,0.0640709,0.050813116
23,0.12250902,0.2918349,0.11665265,0.10469847
24,-0.0032687522,-0.0016926304,0.04733447,0.03922111
25,0.009285238,0.012250237,0.033585455,0.025925066
26,-0.0085712,0.29130158,0.17814665,0.1954662
27,-0.27175525,0.016401649,0.05827582,0.043898016
28,-0.02480038,-0.082396984,0.05459887,0.045507986
29,0.0068278424,-0.006198935,0.06623336,0.06345171
30,-0.00888405,0.06950703,0.06668501,0.06330086
31,0.009874128,-0.12134381,0.05702997,0.048356142
32,0.113012865,-0.4455544,0.08792504,0.0949295
33,-0.16167171,-0.0050400794,0.06816679,0.048968676
34,0.13825873,0.19569263,0.062123273,0.05157825
35,-0.23469986,-0.21721596,0.23004311,0.20099144
36,-0.22795905,0.41457424,0.037452992,0.033872135
37,0.049294014,0.5148053,0.058671936,0.068395525
38,0.5760099,-0.009192996,0.042454556,0.03593178
39,0.1376495,0.032437973,0.03906778,0.03215294
40,0.10980424,-0.4392679,0.08776059,0.1028364
41,-0.016733458,-0.0804877,0.035677668,0.030713117
42,0.1488804,0.09777009,0.2733966,0.24322227
43,-0.09480752,0.1434112,0.056946196,0.044569887
44,0.037100766,-0.17717445,0.23852128,0.18591118
45,0.061129685,0.17430648,0.14480016,0.12383474
46,-0.16204685,-0.035739616,0.03175936,0.027329799
47,0.06981398,-0.14880492,0.039322373,0.03788072
48,0.016946241,-0.2244103,0.12291533,0.113933094
49,0.06741674,-0.40316585,0.035559863,0.03511985
50,-0.29773104,-0.009541728,0.054406844,0.044436954
51,0.031221557,0.0031730905,0.033335857,0.028886918
52,-0.008328099,-0.12765272,0.09003896,0.07908032
53,0.046476517,-0.10646272,0.05469662,0.042785767
54,-0.020972813,-0.3207072,0.061259933,0.064777434
55,-0.15087247,-0.5869732,0.039483737,0.039442908
56,0.136163,0.025721908,0.108165905,0.10122628
57,-0.034521382,-0.012388825,0.034769885,0.0308027
58,0.018408813,0.04940091,0.07037409,0.062020015
59,-0.0027346108,-0.0592656,0.03286405,0.029615147
60,-0.40910548,-0.43296936,0.08083932,0.08834977
61,0.19395354,0.24130568,0.1449631,0.12352004
62,0.05138998,0.22762221,0.07183745,0.07420681
63,0.005114585,-0.052128494,0.03456848,0.030658511
64,0.3807125,-0.75732005,0.09121347,0.07608218
65,0.3495066,0.17792046,0.34265286,0.25447947
66,-0.025002258,-0.18553582,0.03825968,0.032031536
67,0.010139331,-0.06883454,0.038049113,0.03400798
68,-0.06515026,-0.09959006,0.10227953,0.07600507
69,-0.24549815,-0.35307732,0.15792967,0.16445018
70,0.028942853,0.13329948,0.030390058,0.025905924
71,-0.012462793,-0.13522044,0.13867679,0.14028655
72,0.40774834,0.55419356,0.07036754,0.07835204
73,-0.6351926,-0.15656188,0.041042272,0.03374762
74,-0.12074375,-0.3323101,0.118674785,0.11330177
75,-0.30833238,-0.2518101,0.133662,0.14890708
76,-0.01434697,-0.049717948,0.12337634,0.10017345
77,0.52756876,0.47300324,0.03876588,0.034827776
78,-0.051012434,-0.2602029,0.053592186,0.03949201
79,0.59267336,0.15212888,0.04237995,0.03850495
80,-0.05367643,0.15983322,0.074082375,0.07320735
81,-0.14016476,-0.034815535,0.07988294,0.08904678
82,0.011569474,-0.08187495,0.026844783,0.023388999
83,0.014509257,-0.05771853,0.022029778,0.018987535
84,-0.08538295,-0.23688889,0.14172134,0.112248875
85,-0.120938435,-0.0020157695,0.0453374,0.03611045
86,-0.007432731,-0.021497898,0.08627336,0.078623064
87,-0.22423267,-0.091696605,0.09209483,0.07404153
88,0.054471966,0.05119048,0.06387656,0.046691343
89,-0.038028844,-0.06525786,0.28190535,0.23431872
90,-0.064303175,-0.22267097,0.040617354,0.037457887
91,-0.3570864,0.34602267,0.05385598,0.06088189
92,-0.098134086,0.85129786,0.034633894,0.048492208
93,-0.113000855,0.0037819296,0.058997896,0.040521983
94,0.13174157,-0.0598533,0.03166258,0.024867006
95,0.39843538,0.24460447,0.035716083,0.02950101
96,-0.002476003,0.12893787,0.16028163,0.13099095
97,-0.20039162,-0.48083583,0.033882353,0.031502426
98,0.027604539,-0.080446675,0.030890893,0.025434492
99,-0.09094295,0.565313,0.049971994,0.04912305
100,0.15791976,0.032515787,0.12558748,0.11118307
101,0.03602719,-0.0033845082,0.035037305,0.028314043
102,-0.27120927,-0.010297991,0.14673163,0.12867478
103,0.04499645,-0.042325914,0.050741006,0.04218502
104,0.07433352,-0.45217982,0.045879543,0.045863237
105,0.9639283,-0.029948235,0.05633452,0.050163895
106,0.042240743,0.11432378,0.08553569,0.057986163
107,-0.07522282,0.09306206,0.08811346,0.08334459
108,-0.14027311,-0.057755545,0.2143141,0.23932177
109,0.035347667,-0.07560904,0.036701962,0.029643862
110,0.043712188,-0.0014412701,0.036494173,0.03206205
111,-0.05070201,0.04705314,0.036314283,0.033527855
112,-0.0069877207,-0.016062908,0.03045782,0.026685486
113,-0.49015966,-0.36609706,0.061263178,0.05579494
114,-0.06768252,-0.048258573,0.095514275,0.073687896
115,-0.21654172,0.16935985,0.106364414,0.08993447
116,0.614649,-0.33378673,0.056733903,0.051422562
117,-0.7050053,0.08282419,0.06799853,0.050123602
118,-0.08455199,0.3871909,0.09178221,0.09327343
119,-0.0022571012,0.053260807,0.023439217,0.018136548
120,0.11805807,-0.21426675,0.028609203,0.026203686
121,0.014415417,-0.02756732,0.02964875,0.026389174
122,0.38236082,0.35708869,0.057890113,0.050094634
123,0.029138353,-0.14660007,0.066846825,0.0738809
124,-0.007493388,0.3161925,0.0383681,0.04337008
125,-0.03084029,-0.014412001,0.052766904,0.0441277
126,-0.21653593,0.063188694,0.1358393,0.11537018
127,-0.46182618,0.23004183,0.0664296,0.049922302
128,-0.039347187,-0.0001514256,0.0367701,0.036057748
129,0.0147846155,-0.1655508,0.15587008,0.13188703
130,-0.07351537,-0.09974958,0.13861045,0.09680493
131,-0.059267156,0.2315041,0.025534501,0.022082835
132,-0.017226426,-0.040522814,0.05290531,0.05298823
133,0.03496326,0.04815507,0.028497633,0.022560285
134,-0.0026203431,-0.09233618,0.032648765,0.026805347
135,-0.0074260794,-0.03812836,0.03778915,0.03421776
136,0.046673197,-0.1702609,0.0747531,0.07179399
137,-0.49713367,0.110779904,0.04828557,0.037752714
138,0.09938842,0.14132686,0.051240362,0.04327245
139,0.06257321,-0.08369537,0.11232564,0.09020266
140,0.0074771233,0.016585015,0.069820724,0.06363463
141,-0.10296333,-0.0154535845,0.033591334,0.027698657
142,-0.07632688,0.43100673,0.062688515,0.057140615
143,0.1118281,0.25961226,0.09206755,0.071234964
144,-0.01627645,0.08930208,0.04048823,0.035477422
145,0.32385045,-0.5756842,0.034828592,0.030227687
146,0.14793447,0.32774413,0.029938601,0.029901242
147,0.31277454,0.4224628,0.12781693,0.10062771
148,-0.29089344,-0.405032,0.0733597,0.07320635
149,-0.1272184,0.15838125,0.030159783,0.026112944
150,-0.53538996,0.13997829,0.04728899,0.036390036
151,-0.25881475,-0.037052378,0.03135289,0.025508886
152,-0.013194691,0.15442206,0.043106742,0.038198154
153,0.08361317,-0.28619462,0.037462294,0.034973286
154,-0.14397317,0.3009837,0.18926328,0.16738413
155,-0.039131656,0.056712627,0.048053246,0.040990833
156,-0.056216735,-0.05954264,0.03603133,0.027163012
157,-0.1691481,0.07160382,0.06344692,0.05435799
158,0.06840974,-0.10869439,0.06504365,0.055696987
159,0.0006054193,-0.040818587,0.12302833,0.095242865
160,-0.0700831,0.057708777,0.032203067,0.027909907
161,0.57308555,0.11645518,0.07456469,0.061970487
162,-0.050357267,-0.5128434,0.09161025,0.093620144
163,-0.31295192,-0.17531613,0.052006237,0.041914195
164,0.032254335,-0.044356614,0.029894175,0.026067285
165,0.6573254,0.34693006,0.038917586,0.032325033
166,0.23190707,-0.043059066,0.063363895,0.043963406
167,0.018249419,-0.041110232,0.09689913,0.09037048
168,-0.100433916,-0.05568479,0.029986732,0.025621247
169,0.6820221,0.00875894,0.05476997,0.038472373
170,-0.7142726,0.10964105,0.062716514,0.054964326
171,0.08894947,0.030269668,0.10569044,0.09523203
172,-0.26057002,-0.061987877,0.20999892,0.15486725
173,-0.3149113,0.093772255,0.063246064,0.05318355
174,0.037324768,0.0508562,0.04942617,0.042492244
175,-0.015858203,-0.026865356,0.08410552,0.08088977
176,0.027463578,0.05985856,0.031762596,0.028917314
177,0.02394186,-0.022620559,0.13002163,0.10194198
178,-0.055890493,-0.057737038,0.116486505,0.114889815
179,0.019359134,0.11004443,0.15434076,0.13669905
180,0.017890293,-0.016937807,0.033689883,0.028600834
181,-0.50350505,-0.5243722,0.05327735,0.054115467
182,-0.04898145,-0.23838696,0.12371905,0.09017031
183,0.58236164,0.5983399,0.08315818,0.098884456
184,0.042805713,-0.15170683,0.13380393,0.116392955
185,0.009111475,-0.002001375,0.028712185,0.024300814
186,0.015434142,-0.008948073,0.026477985,0.021017063
187,-0.267059,0.3833508,0.31519103,0.34232023
188,0.14804582,0.16407886,0.046334896,0.040870007
189,-0.19711716,0.63369215,0.11264245,0.12172309
190,-0.25498542,-0.13861324,0.11772426,0.099987864
191,0.04025114,-0.018408068,0.05780235,0.054129004
192,-0.054135226,0.029248752,0.07065916,0.060863845
193,-0.039157096,-0.00079901516,0.026228584,0.021503475
194,0.008323651,0.049120255,0.02655252,0.022318948
195,-0.29101083,-0.049650714,0.050503355,0.043970868
196,-0.77865344,-0.13749558,0.053194724,0.04950025
197,-0.46794724,0.31102878,0.20891888,0.213907
198,0.29182103,-0.09945953,0.29081318,0.23130025
199,0.05707505,0.14214897,0.047785982,0.043167308
200,0.007646844,-0.026564144,0.024613036,0.020938952
201,-0.25423408,-0.16604733,0.10626719,0.08389189
202,0.12681146,0.099036604,0.067790575,0.047268376
203,-0.014805485,-0.030284807,0.04407156,0.033657983
204,-0.18646893,0.8492265,0.045721482,0.059629153
205,-0.118847966,-0.13017046,0.14479849,0.12662944
206,-0.22932553,0.14038926,0.052244093,0.040935956
207,0.044242326,-0.013948031,0.08924017,0.06929137
208,-0.062673196,0.16447073,0.08865549,0.07546223
209,-0.028938528,0.031439908,0.09541252,0.08785908
210,-0.0032093804,-0.058610603,0.08106009,0.07122703
211,0.087395236,-0.24259654,0.23554789,0.21443665
212,0.0014079511,-0.13555443,0.09612788,0.082123585
213,-0.086018234,-0.09865497,0.043731228,0.037621986
214,-0.12004179,0.044233263,0.09492152,0.079517744
215,0.059126627,0.12466271,0.029159445,0.023895985
216,-0.01358946,0.05547125,0.066717245,0.063052535
217,-0.061660163,-0.0079007,0.08592794,0.07465216
218,0.059687186,-0.06268266,0.057280704,0.05579322
219,-0.1319426,-0.14336169,0.14430979,0.12079127
220,0.076895416,0.051216148,0.11627682,0.10453531
221,-0.12147884,-0.16183534,0.096611604,0.088399805
222,0.08125834,-0.09199196,0.03586779,0.02828399
223,0.14447802,-0.84118557,0.06711472,0.06030327
224,0.025835335,-0.5014615,0.054640636,0.06359832
225,-0.08337101,0.17637864,0.03449766,0.03250487
226,-0.020488625,-0.026561566,0.06698652,0.054626293
227,0.30250168,0.20747496,0.04481388,0.03698462
228,-0.13398613,-0.5918857,0.05589565,0.070025764
229,-0.13360487,0.21929142,0.030602353,0.029448245
230,0.009326078,-0.5521517,0.031035013,0.030081501
231,-0.0014214218,-0.0063989013,0.060718987,0.05870884
232,-0.0069031212,0.016365938,0.034909297,0.029955484
233,0.10049881,0.10676614,0.21097179,0.1728051
234,-0.23808108,0.28748143,0.036527276,0.029975135
235,0.0020740926,-0.011882782,0.033019878,0.030826256
236,0.56603557,-0.34828505,0.043722104,0.039631628
237,0.72342354,-0.5492817,0.03679366,0.046202965
238,-0.025430128,-0.101392746,0.04442352,0.03747202
239,0.08589627,-0.037364393,0.05075913,0.045509048
240,-0.019596249,-0.039743856,0.061730295,0.044346668
241,-0.1440545,-0.35773137,0.029311573,0.027920313
242,0.1888618,-0.1526744,0.0884306,0.098513946
243,0.018662982,-0.04662724,0.1396047,0.12851478
244,-0.027438328,0.013856702,0.053266723,0.049401145
245,-0.06458303,-0.201648,0.08643608,0.088609956
246,0.06827961,-0.06241207,0.035590697,0.028874237
247,0.051057708,0.54364365,0.10067276,0.09141519
248,-0.18193814,-0.005799122,0.14665669,0.13291459
249,-0.0069006607,0.07954748,0.07560221,0.06251394
250,0.015790273,0.23577793,0.045212872,0.037238795
251,-0.20368683,0.14625429,0.09615539,0.07682815
252,-0.2762336,-0.001368165,0.054854278,0.04012448
253,0.063858986,-0.025136665,0.16567248,0.13886121
254,-0.0022597685,-0.048095554,0.03884752,0.034698546
255,-0.5218382,0.05528427,0.1872043,0.15899934
256,0.019511387,0.00852377,0.036593363,0.029926902
257,-0.13547479,-0.23552069,0.034143794,0.028560149
258,0.18294783,0.2656783,0.045275424,0.03322552
259,0.014717121,0.21048632,0.088225,0.08095547
260,0.060977634,-0.117841795,0.07971784,0.07708524
261,0.068470046,0.36951756,0.063042045,0.061044175
262,-0.28934124,-0.35024804,0.25004143,0.24263307
263,-0.24521749,0.35105467,0.038747072,0.034223597
264,0.41589808,0.023285165,0.035238948,0.02780251
265,-0.3999145,-0.47353223,0.04081719,0.04033811
266,-0.36723676,-0.50059354,0.054787014,0.05198032
267,0.06462391,0.04398038,0.059190616,0.048549592
268,-0.47235852,-0.4769247,0.059418898,0.054835264
269,-0.049503267,-0.010620393,0.04763857,0.03592297
270,-0.12618102,-0.035176784,0.042562407,0.029844632
271,0.017469667,-0.18697119,0.029350929,0.026158892
272,0.076685995,-0.5236366,0.086475424,0.09161138
273,0.04077908,-0.052694112,0.024362931,0.021764101
274,0.026784591,0.2495608,0.09300062,0.0835844
275,0.67473894,0.1399381,0.07036475,0.054480866
276,-0.017431065,-0.05769342,0.037505694,0.035593055
277,0.39101854,0.31829393,0.03951009,0.031907674
278,-0.11138782,0.043806564,0.12145173,0.13544077
279,-0.023226634,0.045212038,0.04475883,0.038806
280,0.053871978,-0.25213274,0.06162987,0.05334409
281,0.018536855,-0.045944467,0.047888834,0.03763329
282,0.32776675,0.065571964,0.055525936,0.04838208
283,0.00867071,-0.026962422,0.028646505,0.02441242
284,-0.07362692,0.02916158,0.05664728,0.046391193
285,0.015662204,0.040838886,0.031507917,0.025997018
286,-0.057934873,-0.00475803,0.027054695,0.02220695
287,-0.044110175,-0.11514987,0.044365127,0.034093983
288,-0.13761373,0.018910773,0.11441473,0.09233313
289,0.60655326,-0.019891873,0.0545045,0.041586053
290,0.11894587,-0.29233655,0.112022586,0.10698204
291,-0.058977827,-0.043392643,0.035462763,0.031205012
292,-0.018452017,0.47599486,0.117255226,0.098500945
293,-0.0013489537,-0.063164786,0.03567778,0.029534167
294,0.046527926,-0.005115114,0.027460948,0.022704571
295,-0.21550022,-0.030672789,0.034919545,0.030230759
296,-0.23042616,-0.09319432,0.1057461,0.089866064
297,-0.15084329,0.38183668,0.096216686,0.09872878
298,0.16882817,-0.2570621,0.036874436,0.02977768
299,-0.041902907,0.014868915,0.043463606,0.0291791
300,0.020706028,0.0020764992,0.03380733,0.030282963
301,0.06335874,-0.07090165,0.041683033,0.04011465
302,-0.10256782,-0.011671163,0.13371123,0.11920644
303,0.04482523,-0.10459906,0.06315071,0.060344703
304,0.108089715,-0.2719023,0.07192375,0.07372725
305,-0.1371512,-0.19710493,0.072067626,0.061013497
306,0.098401904,0.28261226,0.038573317,0.033127982
307,-0.034694273,0.025799148,0.036361877,0.031194685
308,0.08248551,0.08253543,0.06543666,0.053823654
309,-0.3625133,-0.46533105,0.072320506,0.07817211
310,-0.05752512,0.056016624,0.039601993,0.03357037
311,-0.15617378,0.87679696,0.035377614,0.05146832
312,-0.31309432,0.15953763,0.057637278,0.04628192
313,0.0956099,0.045770634,0.07147381,0.061736688
314,0.008663312,-0.0009749234,0.069913544,0.058155566
315,0.08153936,0.15357089,0.036537156,0.029203134
316,-0.5660923,-0.2762212,0.051504094,0.041087095
317,0.08619936,0.08292889,0.2846605,0.20036305
318,-0.24686682,0.32492822,0.038736638,0.03603244
319,-0.08744845,0.030684501,0.060885236,0.053866692
320,0.03366707,-0.067963615,0.026120001,0.018973932
321,-0.14067073,0.030313633,0.07088284,0.049209185
322,0.029671773,0.0021574348,0.02360666,0.020151526
323,-0.13907242,-0.32874593,0.036027413,0.035033584
324,0.030814905,-0.046748072,0.065347664,0.049010348
325,-0.008817751,0.14355275,0.045134366,0.03607023
326,-0.50192034,-0.23249978,0.06988376,0.056884907
327,-0.5056583,-0.3357858,0.04006903,0.029603891
328,0.0018801056,0.6654316,0.07003171,0.08170071
329,-0.067040235,-0.21106917,0.058510493,0.060985852
330,-0.039060995,-0.32384235,0.044797353,0.0442856
331,0.092855066,-0.22946393,0.03714578,0.03505724
332,-0.06774739,-0.023672849,0.059076782,0.045004837
333,0.020107854,0.0023128837,0.06352981,0.06159267
334,0.37230614,-0.35522327,0.1395881,0.13946863
335,0.054978628,-0.11283971,0.05302719,0.04851378
336,-0.014739672,-0.14156042,0.056325294,0.05211407
337,0.15897936,-0.042246252,0.045273602,0.034849215
338,-0.26066107,0.010186806,0.040433276,0.032614738
339,-0.2175042,-0.30156794,0.04679471,0.04034051
340,0.4895018,0.48682085,0.06705296,0.07070099
341,-0.026161328,0.0053503215,0.029603962,0.024179488
342,-0.30860463,-0.09288798,0.14350758,0.084623404
343,-0.0636799,-0.08514638,0.081353776,0.08071822
344,-0.06938854,-0.15887755,0.11848718,0.10521897
345,-0.00828886,-0.15801376,0.08059333,0.07688399
346,0.28546488,0.4863503,0.076081134,0.06577268
347,0.040809628,0.023652442,0.07865217,0.06272275
348,0.032829564,-0.009629838,0.038472608,0.031403016
349,0.2538767,-0.18885508,0.058205865,0.05549846
350,-0.15886785,-0.012104467,0.070971794,0.06511379
351,0.007829834,-0.042924404,0.05263018,0.0438624
352,-0.19916925,-0.02804754,0.081959,0.068697944
353,0.41578582,-0.08782396,0.15779388,0.125414
354,-0.015920727,0.006259449,0.059721258,0.047257002
355,-0.19241841,-0.75094247,0.05188198,0.07245737
356,-0.08196021,0.1004105,0.07057685,0.064772114
357,0.011233423,-0.011110678,0.03321386,0.02751944
358,0.30952013,0.39565045,0.11732605,0.100597955
359,-0.1075535,0.0144813955,0.09979321,0.097054124
360,0.33476096,-0.06632586,0.07551202,0.05674964
361,0.07975638,0.10424659,0.04369677,0.03473237
362,0.11285789,0.57959044,0.07291582,0.0776928
363,-0.53012156,0.3480115,0.04784042,0.038760047
364,-0.53060967,0.072566725,0.039414633,0.030086938
365,-0.08678605,-0.10127559,0.07224354,0.048962582
366,0.1281306,0.025270462,0.037876505,0.028854402
367,-0.17287341,0.14946425,0.11601773,0.10514841
368,-0.017509488,0.051329605,0.04114307,0.03318598
369,0.19281194,0.05768197,0.07635884,0.058649074
370,-0.5789226,-0.3141986,0.06178275,0.05361041
371,0.3835048,0.13119555,0.057378754,0.04450041
372,-0.23924814,-0.16475973,0.10989635,0.09517446
373,-0.27444488,0.071097955,0.12687336,0.09971054
374,0.44925818,0.37800545,0.08439284,0.083309785
375,0.011750158,-0.0275077,0.060913052,0.05301173
376,0.012637325,-0.0014238209,0.022343298,0.019105317
377,-0.525621,0.37586024,0.105049185,0.08957867
378,0.0016280152,-0.055452645,0.08001236,0.0673932
379,0.20196296,-0.62708056,0.081089765,0.07444072
380,-0.17820714,0.41726676,0.04335391,0.041324552
381,-0.026597187,0.026256308,0.053934596,0.047469996
382,0.4820182,-0.37132427,0.056222856,0.0518087
383,0.13592164,0.055749163,0.112184785,0.09158461
384,-0.41792423,0.057954773,0.06133146,0.049327396
385,-0.086680725,0.10465667,0.078237325,0.06511645
386,-0.19453546,-0.12586041,0.105823964,0.10790028
387,0.015816022,0.019845687,0.032434482,0.027489416
388,-0.008014619,0.1096565,0.060782034,0.048548207
389,0.0940157,-0.122870624,0.12350256,0.1356371
390,-0.02128888,0.00485307,0.02224782,0.018657565
391,-0.2644592,0.7412101,0.04994081,0.054799046
392,-0.15170145,0.17610453,0.07228068,0.059492204
393,-0.6663398,-0.39475504,0.11020207,0.10011853
394,0.08872968,-0.104354635,0.053929176,0.039658733
395,-0.32003543,-0.051158115,0.11773646,0.075903825
396,0.168798,-0.7432189,0.07093992,0.06641646
397,0.29915783,-0.53115654,0.09511004,0.10969885
398,-0.13804881,0.20750782,0.19736749,0.22917062
399,0.010029484,0.026993997,0.07791162,0.06832995
400,-0.13970761,-0.54728997,0.033809178,0.042846836
401,0.094861835,0.27364585,0.09550268,0.08189148
402,0.020970259,0.04403497,0.04280434,0.038073644
403,-0.051801614,-0.025021136,0.035576317,0.02791081
404,0.034057256,-0.022600867,0.0648896,0.05003495
405,-0.014294904,0.06879176,0.064648926,0.047271
406,0.06256886,0.1911543,0.039739244,0.03509675
407,0.011629343,0.041542877,0.12820373,0.106763005
408,0.07179147,-0.2900029,0.26957807,0.26234096
409,0.4245186,0.18603835,0.06373911,0.057643257
410,-0.18821815,-0.08963913,0.07016852,0.058450267
411,-0.18424313,-0.044921428,0.05698053,0.050661232
412,-0.6758033,-0.38048765,0.04624453,0.041623633
413,-0.077941194,0.53819346,0.1317617,0.14079593
414,-0.30527702,-0.6235899,0.06650143,0.07395184
415,-0.028758558,-0.07774787,0.13977408,0.12915185
416,-0.0054649487,0.027519189,0.05019809,0.04387594
417,-0.017368738,-0.06541802,0.027380802,0.021285214
418,-0.04185023,-0.15332516,0.029783906,0.026407111
419,0.11782177,0.29061237,0.21332085,0.23304182
420,-0.24484056,-0.04656528,0.08063216,0.06640037
421,-0.21344933,0.17794156,0.10224789,0.09263127
422,0.02654884,-0.1548233,0.078884,0.07275757
423,0.11757709,0.25448456,0.033834986,0.030896062
424,0.05880527,0.10487432,0.09203025,0.08981662
425,0.48867658,-0.18152964,0.22417478,0.17734927
426,0.033101846,-0.008561328,0.032797717,0.025937898
427,0.09684026,-0.4045706,0.07504643,0.07359277
428,-0.052723616,0.083210394,0.12483649,0.107498065
429,0.04199997,0.0027038455,0.059448555,0.04034594
430,0.58921546,-0.16951299,0.17053287,0.16758314
431,0.012384474,0.018917546,0.024141857,0.019353328
432,-0.32783583,-0.114013106,0.113681145,0.08905959
433,0.015760858,0.01726266,0.056053348,0.049131982
434,-0.07620802,-0.04472913,0.058264684,0.047469836
435,-0.062080808,0.055477858,0.49124438,0.44131687
436,-0.08982411,0.090341285,0.07182268,0.059613716
437,-0.58645123,0.3769451,0.073186755,0.06412701
438,0.07019645,0.27840477,0.1897309,0.1672267
439,-0.050444055,-0.33269078,0.060268905,0.05392315
440,-0.24369623,0.54720664,0.056433003,0.048584342
441,0.097316176,0.0861248,0.049079705,0.04213426
442,-0.45928556,-0.68632305,0.064877644,0.088962555
443,0.061527055,-0.019479632,0.04564758,0.036904678
444,-0.06783584,0.009590812,0.10796432,0.07685712
445,0.0709704,-0.46484634,0.07863641,0.08208887
446,0.0005623959,0.10519101,0.099839166,0.076649584
447,-0.09803249,-0.076766774,0.0972664,0.07576351
448,0.109014496,-0.21353698,0.060489092,0.054373242
449,0.0395553,0.17137378,0.39528865,0.3572714
450,0.30623084,-0.3839456,0.09925113,0.08718244
451,0.34359744,-0.11987002,0.052127667,0.04047094
452,0.059708152,0.7287216,0.049415614,0.05062402
453,0.08026312,0.051766276,0.11591349,0.09118208
454,0.7844092,0.46785873,0.08462114,0.06262977
455,-0.0133936815,-0.22203109,0.03240563,0.029756814
456,-0.6376699,0.052642692,0.063105285,0.044175025
457,0.10682964,0.050672267,0.050664403,0.038855292
458,0.5225937,-0.08725515,0.036897875,0.02786071
459,0.23140192,-0.625698,0.04628994,0.05160993
460,-0.24646659,0.33656454,0.16384152,0.14036909
461,-0.07702768,-0.4855043,0.09753709,0.119551726
462,0.015611034,0.19017477,0.02718186,0.023835402
463,-0.011830058,0.7574724,0.10980931,0.1060916
464,-0.10711649,0.19825667,0.3008446,0.24969237
465,-0.6440337,0.44116017,0.060761288,0.0512452
466,0.020058174,0.36100093,0.10315786,0.08717688
467,-0.009921076,0.25599608,0.03913003,0.032924835
468,0.033353392,-0.061704203,0.03417329,0.025704835
469,0.020233046,-0.09712766,0.040208973,0.036127303
470,0.14385554,-0.14711122,0.122178465,0.1085773
471,-0.049958415,-0.10274947,0.055446878,0.048076976
472,-0.23119853,0.11433679,0.11911786,0.09950331
473,0.067755416,-0.019869313,0.025162106,0.021402756
474,0.060095455,0.01575911,0.08225671,0.057199363
475,0.027479287,0.03229572,0.07817579,0.07218175
476,0.014266025,0.025015213,0.12535235,0.102232255
477,-0.30095395,-0.33764568,0.12109735,0.09212955
478,0.044526253,0.0381441,0.06933768,0.059379596
479,-0.07350953,0.10014952,0.1014308,0.083070025
480,0.14063299,0.23073515,0.0728736,0.06846937
481,-0.015977103,0.003628388,0.02613719,0.019455437
482,-0.21329491,0.27720892,0.09552143,0.068167165
483,-0.1544505,0.07475558,0.07160099,0.061485816
484,-0.11129668,0.11173396,0.14202017,0.15438855
485,-0.011301864,0.03434165,0.075981036,0.050830986
486,-0.058743514,-0.08167726,0.083285645,0.08230968
487,0.084484026,0.038159747,0.042842377,0.040520396
488,0.70351404,0.07024062,0.06594959,0.055157542
489,0.42701477,-0.08061768,0.06108735,0.042787515
490,-0.12211388,0.010970265,0.15471093,0.1502422
491,-0.18742338,0.016143315,0.061183233,0.04513368
492,0.10009432,-0.03515908,0.051644266,0.03579395
493,0.25948942,-0.05843219,0.16404521,0.13438524
494,-0.0294289,-0.04107645,0.02303797,0.019320546
495,0.18962726,-0.38645634,0.032324612,0.033963934
496,-0.3620478,-0.562845,0.08475345,0.087050036
497,-0.15490451,0.06506772,0.056953743,0.05372718
498,0.021323279,0.07098931,0.093180165,0.093019225
499,-0.17195326,-0.11769836,0.106093526,0.1171884
500,-0.0007454846,0.23386748,0.052463233,0.04564481
501,-0.12176879,0.037737362,0.068560585,0.058976162
502,-0.09160786,0.19638592,0.069303975,0.061491113
503,0.4423225,0.16558436,0.057801228,0.050965916
504,-0.0052002147,0.10318117,0.033132326,0.02765162
505,-0.36216047,0.6165613,0.14926924,0.14870493
506,-0.0101814475,-0.00055907667,0.04319888,0.03577527
507,-0.13673244,0.17538184,0.14132799,0.10443551
508,0.65920085,0.47221977,0.06922478,0.055260267
509,-0.071383044,0.5167763,0.05940239,0.07078963
510,-0.3658565,0.049979623,0.073549226,0.056728717
511,0.06668177,-0.13582371,0.056169666,0.051503573
512,0.07312031,-0.23660582,0.109361544,0.111735374
513,0.044323634,-0.36588082,0.06292911,0.054001383
514,-0.0074640326,0.09806506,0.10306228,0.07299245
515,-0.21535838,0.0640184,0.0760111,0.06470029
516,0.11818066,-0.111767575,0.04664977,0.04310128
517,0.07092036,-0.86502993,0.073975325,0.082299724
518,0.32717195,-0.1380354,0.09978792,0.079280086
519,0.0038976632,0.034704484,0.040449534,0.035803918
520,-0.3110846,-0.6253047,0.045285106,0.04883993
521,0.064918295,0.0017498732,0.06369235,0.062725104
522,-0.07502335,-0.09970513,0.08752044,0.08182566
523,0.066211954,-0.004503168,0.053155497,0.040842444
524,0.061086085,0.049977727,0.060540482,0.052019197
525,-0.14371155,0.010217242,0.146162,0.13630697
526,-0.057328373,0.68111646,0.04095749,0.04294266
527,-0.6073762,0.3860066,0.04408433,0.04508914
528,0.5513754,-0.012443468,0.039920248,0.037234608
529,0.30329213,-0.11615305,0.084507,0.072643414
530,0.042438965,0.22197291,0.25589746,0.18392493
531,-0.041154966,0.044244125,0.03014845,0.023826737
532,0.07322259,-0.35249296,0.037598465,0.03199129
533,-0.21917161,-0.049116418,0.18614173,0.17627844
534,-0.3020613,-0.2965653,0.21955854,0.20213087
535,-0.59761125,0.5133365,0.044498887,0.05487703
536,0.13551141,-0.4194704,0.07715517,0.086098745
537,-0.13939595,-0.2426188,0.033324327,0.029559167
538,-0.06899296,-0.3085624,0.074124664,0.06847639
539,0.21943852,-0.2865233,0.15571757,0.1429671
540,-0.2454413,-0.05277422,0.16878088,0.13435975
541,-0.011350574,-0.0202367,0.04721735,0.037648126
542,0.1059037,0.16305575,0.037358597,0.036235817
543,-0.47008508,-0.5807158,0.0415075,0.04431805
544,0.05111071,-0.14451396,0.04662542,0.040383305
545,-0.4105702,-0.4419932,0.10234463,0.10123564
546,-0.32889533,0.22769505,0.059918772,0.05267001
547,-0.029588524,0.02746652,0.094444044,0.08302432
548,0.017337754,0.030248426,0.028184874,0.02321064
549,-0.047394045,-0.040676847,0.06552988,0.06367453
550,0.35777837,0.75568104,0.04980857,0.0542065
551,-0.067143336,-0.06747548,0.11201023,0.083641894
552,-0.033515505,-0.22533542,0.20730734,0.21999395
553,-0.00083815306,0.46104485,0.03765748,0.03934341
554,-0.010112429,0.24642564,0.064129375,0.068739854
555,-0.3722137,0.03349508,0.039242253,0.030193605
556,0.056678224,-0.14418738,0.033581194,0.028669877
557,-0.18776698,0.6826761,0.061883826,0.0759602
558,0.30751798,0.71394,0.09434524,0.102119334
559,0.05452526,0.5872477,0.07304094,0.07755612
560,-0.22069186,0.27597967,0.07323074,0.06742314
561,-0.077114,-0.09934597,0.060468554,0.053526554
562,0.17694817,-0.0032886341,0.1141277,0.09304112
563,-0.59674203,0.1790807,0.043413155,0.03313063
564,0.02600756,-0.252043,0.18858814,0.19098365
565,-0.08813876,-0.16132909,0.066295065,0.053247098
566,-0.3207582,-0.1572012,0.04509767,0.034766525
567,0.09424585,0.035449352,0.043594286,0.036841862
568,-0.28776717,-0.14559549,0.05507938,0.043508828
569,0.06412399,-0.17353609,0.029348157,0.024641337
570,-0.08631429,0.005560167,0.040564243,0.031617396
571,-0.39507776,0.29735738,0.06032098,0.059208874
572,0.07536794,-0.148521,0.035843525,0.03291181
573,0.20160724,-0.12703933,0.10272488,0.091171145
574,-0.056047853,0.059627634,0.14456405,0.13593702
575,-0.025027309,-0.63992095,0.16153727,0.19722489
576,-0.44823912,0.16306028,0.13608176,0.096359625
577,0.31109402,0.40945676,0.05926117,0.053738903
578,-0.041649707,0.13231546,0.039530832,0.03414376
579,-0.19360594,0.059243076,0.02704437,0.020309383
580,0.9200476,0.42022374,0.047059853,0.04596097
581,0.14262651,-0.22233313,0.037282113,0.029209984
582,0.079747126,-0.009944454,0.058862805,0.05134346
583,0.034142677,-0.4027301,0.028690062,0.026692742
584,0.12634921,0.41089594,0.33827344,0.31522942
585,0.032783043,0.043943226,0.026996335,0.024278387
586,-0.0016822461,-0.21134359,0.047701992,0.04647842
587,-0.035969008,0.017365843,0.06270151,0.05682583
588,0.00077883154,-0.023730546,0.103204094,0.09427555
589,-8.068979e-06,-0.07560447,0.02249519,0.01970773
590,-0.021473601,-0.036951885,0.036642436,0.031241486
591,0.44794047,-0.36042058,0.057271477,0.056461614
592,0.33896095,-0.6005213,0.036826983,0.035018273
593,0.16082509,-0.06810929,0.05731346,0.043530207
594,-0.18061933,-0.20465961,0.06257531,0.052409153
595,0.19740388,-0.24236238,0.07781126,0.06941728
596,0.39186153,0.5081956,0.04799746,0.049342413
597,-0.04922478,-0.44854775,0.11271042,0.10077221
598,0.054238204,-0.14919092,0.080841966,0.066898145
599,0.0062917583,0.083895884,0.043875452,0.040447716
600,0.7463598,-0.092939615,0.049663953,0.04161325
601,-0.03517967,-0.1918334,0.031005895,0.02788124
602,0.03550661,-0.055871665,0.059726868,0.046657752
603,0.014343906,0.07812272,0.045297068,0.03612533
604,-0.06366907,-0.13165902,0.11039863,0.111059144
605,0.016641948,0.2428945,0.030610675,0.026084932
606,0.030167103,0.032801222,0.05574774,0.044381805
607,-0.05729229,0.07953799,0.02310426,0.018717738
608,0.03290462,0.035365373,0.07221914,0.05229519
609,-0.04433105,0.0070121214,0.050740886,0.042510748
610,-0.014458258,0.036847763,0.056197047,0.053759962
611,-0.008101443,-0.07062957,0.07722547,0.06523663
612,-0.025047433,-0.17796361,0.04896359,0.04373206
613,-0.4375615,0.32182765,0.15804012,0.13813059
614,-0.10393734,0.11055022,0.035761286,0.03897678
615,0.023669396,0.044248473,0.038404923,0.032035347
616,0.17905964,-0.12170707,0.07158345,0.041627865
617,-0.019614443,-0.0004099682,0.11834156,0.11087507
618,-0.010092035,-0.026336938,0.027995251,0.025264388
619,-0.0012523159,-0.09052391,0.04969764,0.045523625
620,0.09986244,0.05934264,0.16511273,0.11656248
621,0.14521694,-0.15569842,0.04773689,0.03787707
622,0.14196286,-0.1301853,0.0359368,0.028864343
623,-0.05308857,-0.100043416,0.06899383,0.056521896
624,0.035917755,-0.041026056,0.09577494,0.095783904
625,-0.06477696,0.027730286,0.06315217,0.07024777
626,0.4812108,0.7205826,0.042197786,0.046978384
627,-0.69017965,0.2104777,0.05936273,0.06828849
628,0.61256564,-0.554065,0.16541588,0.16426575
629,-0.25631762,-0.18387306,0.046532914,0.035497315
630,0.054632757,-0.05461283,0.11897055,0.11455461
631,-0.034266718,-0.025151014,0.07601418,0.070474125
632,-0.13108563,0.12659064,0.07812906,0.06475176
633,0.046090882,-0.18798608,0.037016086,0.03209939
634,-0.00610286,-0.14784198,0.042569835,0.041534353
635,0.1508351,-0.09117442,0.03601764,0.0273986
636,0.06077456,-0.0046191886,0.023210721,0.020456066
637,-0.5848123,0.19876641,0.047455896,0.033578046
638,0.0065412633,0.108953655,0.06581902,0.06416758
639,0.07024109,0.053193502,0.0936932,0.07007057
640,0.056895833,-0.05567561,0.11452156,0.08868789
641,-0.05648031,0.12987281,0.1307887,0.17432341
642,-0.20979963,0.13601848,0.030609637,0.024155121
643,-0.06133806,-0.030926839,0.17382652,0.1479346
644,0.74772036,-0.21484181,0.047940075,0.04227617
645,-0.32897842,-0.087054506,0.15236375,0.10180372
646,-0.056748666,-0.052824065,0.06849246,0.068988785
647,-0.17773229,0.3640786,0.04273147,0.038009845
648,-0.12847227,0.11110535,0.03293014,0.02568355
649,0.12604733,0.1280078,0.06610015,0.050777275
650,0.23168299,0.71999323,0.06111471,0.07765075
651,0.0019890927,-0.09352486,0.06884328,0.056116432
652,-0.022719892,0.033117115,0.035682492,0.028252399
653,-0.04467229,0.043302312,0.051958937,0.038905427
654,0.0075252876,0.01117336,0.047270685,0.040373217
655,0.01800495,0.008562684,0.029426292,0.023237247
656,-0.002362879,-0.0001520887,0.028978687,0.022421062
657,0.01612163,-0.01308617,0.0519603,0.047812004
658,-0.19815291,0.05678764,0.077083334,0.06527874
659,-0.078532025,-0.32132703,0.06474558,0.070198424
660,-0.016522504,0.07412323,0.08651456,0.06825303
661,-0.0008076038,-0.024611823,0.03883434,0.029447652
662,0.36954138,0.11416781,0.03822113,0.031044416
663,0.04427806,-0.17423654,0.06672404,0.061424937
664,0.023609791,-0.013602778,0.035246775,0.03233888
665,-0.040423326,-0.03843397,0.048582446,0.04739887
666,-0.22687869,0.1483008,0.04703198,0.036711007
667,0.23398599,-0.13780577,0.067610756,0.06467861
668,-0.17666982,-0.084127024,0.027988175,0.022695418
669,-0.015471252,-0.013910376,0.023081772,0.01878755
670,0.62379724,-0.16056654,0.09763776,0.088910446
671,0.004677985,-0.0045791194,0.06638142,0.04664682
672,-0.22899806,-0.17176679,0.034174215,0.026152076
673,-0.029274331,-0.00059868395,0.026747523,0.021601558
674,0.48871347,0.5912391,0.06549506,0.06607812
675,-0.025464404,-0.16065922,0.08087814,0.069239356
676,0.09088957,-0.012274407,0.033063825,0.027050981
677,0.023308557,-0.023303181,0.03279725,0.026383163
678,-0.1288947,0.2587475,0.0655051,0.06457392
679,-0.32378608,-0.115210995,0.041142043,0.03289852
680,-0.016124947,-0.05406548,0.042967428,0.03537431
681,0.5111223,-0.04597351,0.06197112,0.04785477
682,-0.17226985,-0.009466268,0.103091724,0.084856845
683,-0.06632015,-0.035355777,0.051963467,0.043825023
684,-0.27748594,-0.61484206,0.049727477,0.05893605
685,-0.17093092,-0.5026636,0.044613246,0.042822722
686,-0.0013881475,-0.10513875,0.07937808,0.071447276
687,-0.25807983,0.084951445,0.042103384,0.030547867
688,0.0011654459,-0.0051768348,0.03488904,0.02816788
689,-0.7291133,0.23203878,0.057492327,0.043918476
690,0.13477144,-0.4234006,0.039745893,0.03859154
691,0.02893905,0.23461246,0.089757174,0.108919375
692,0.070374176,0.007739097,0.09985395,0.078575134
693,0.07544865,0.07373077,0.09326585,0.08562228
694,-0.064035,0.06406134,0.060290903,0.04522546
695,-0.024116263,0.18769646,0.058808632,0.061019413
696,0.008078743,0.08539761,0.027480667,0.023135604
697,-0.2485654,-0.3771802,0.03664163,0.038238164
698,-0.14471579,0.035027094,0.034425445,0.026230274
699,-0.27755752,-0.14521176,0.09433354,0.08264006
700,-0.07504794,-0.23559067,0.027866103,0.02330229
701,0.24075899,-0.07410106,0.056477394,0.046881523
702,-0.003657693,0.008444585,0.033662103,0.029751202
703,-0.053091623,0.08890973,0.0748323,0.06617702
704,0.33950406,-0.23934308,0.053507663,0.046328314
705,-0.010749059,0.25761706,0.19613667,0.19541231
706,0.010960277,0.007206127,0.03674563,0.029370397
707,-0.17382443,-0.02245485,0.1385027,0.10118967
708,-0.43237883,-0.636588,0.046548385,0.043071132
709,-0.118757054,-0.05630824,0.033539575,0.027100218
710,0.05359785,0.07181984,0.026699472,0.020052876
711,-0.13221009,0.16742477,0.030776806,0.025070306
712,-0.21273895,-0.5114845,0.034343667,0.036240697
713,-0.0022628382,-0.038927525,0.036190115,0.03175821
714,-0.3850759,0.42477256,0.06849479,0.05442729
715,-0.06551269,0.06118453,0.10591608,0.13153699
716,0.024558824,-0.6591351,0.040292792,0.055277698
717,-0.07036067,-0.037743896,0.0558385,0.052455988
718,0.083612785,-0.7627052,0.04597689,0.046411283
719,0.119357914,0.03593865,0.27756763,0.24250343
720,0.49074188,-0.602991,0.05415438,0.04476713
721,0.043427046,0.026502661,0.029209811,0.025270978
722,0.103389814,0.05007978,0.037867665,0.026470324
723,0.17438239,-0.07302436,0.043075796,0.03484857
724,-0.13912947,-0.3800947,0.036902234,0.041373566
725,0.18770976,-0.117235065,0.099323794,0.08078635
726,0.10827266,-0.6402458,0.07288977,0.07863573
727,0.38941303,-0.23736313,0.11101908,0.12025263
728,-8.893013e-05,0.05477116,0.09829179,0.096012235
729,-0.29329473,0.18368012,0.11751238,0.10525056
730,0.13045982,-0.054623887,0.09898847,0.072634034
731,0.009576064,-0.04373929,0.025583768,0.02131998
732,-0.0258588,0.015970945,0.039634068,0.0335828
733,0.100483075,-0.20020536,0.039787594,0.03919375
734,-0.0147238225,-0.19867536,0.11168435,0.115438685
735,-0.5004961,-0.23465881,0.0814008,0.05577486
736,-0.028254423,-0.071700186,0.10048422,0.08908886
737,0.07872881,0.22302046,0.027149258,0.02541797
738,0.12327886,0.7106619,0.15058914,0.1151404
739,0.13466133,-0.10750474,0.03580166,0.028227258
740,-0.25181702,0.27807742,0.03522376,0.029980283
741,-0.3678395,0.10277406,0.036877193,0.02542152
742,0.03383625,-0.09947103,0.03060894,0.022900082
743,0.032108735,-0.05199048,0.03786984,0.032416377
744,-0.027369907,-0.011895835,0.040644597,0.030913146
745,-0.13305283,-0.22710377,0.05484254,0.055886313
746,-0.1577876,-0.020350747,0.06622846,0.053803194
747,0.0052372627,-0.028988995,0.047604926,0.04016467
748,-0.059142113,0.31304982,0.10569753,0.106631294
749,-0.3593606,0.7011776,0.03946207,0.05003845
750,0.16335556,-0.046777874,0.32680902,0.27191564
751,-0.01275067,0.11661154,0.078857556,0.06333057
752,-0.5076028,0.47362712,0.34165892,0.31620166
753,-0.43466383,0.1878416,0.03526254,0.03032053
754,0.018608186,0.10378707,0.037590776,0.032483306
755,0.18107626,-0.08316828,0.08074311,0.064240985
756,0.31794825,-0.5533786,0.12565634,0.09800963
757,0.22224897,0.56981385,0.043770026,0.04593086
758,0.16305253,0.2676979,0.104459375,0.086019
759,0.13132629,-0.09296484,0.11141822,0.10045734
760,0.0010170862,0.00097453594,0.027271884,0.02329332
761,0.10879806,-0.5655942,0.06416606,0.06563864
762,0.043151896,0.049839366,0.046272524,0.036553513
763,0.0181056,-0.009057216,0.08954846,0.058948476
764,-0.17201252,0.0021146238,0.1509531,0.11856081
765,-0.03403606,0.3953059,0.046003766,0.047883816
766,0.021324515,-0.028021574,0.03687926,0.030470949
767,-0.698634,0.0950075,0.045606803,0.035729185
768,0.12324038,-0.16831055,0.028444683,0.023895979
769,-0.35034615,0.14791375,0.16710651,0.12966417
770,-0.056979872,-0.018022962,0.051324394,0.044437483
771,-0.25069955,-0.6236621,0.05388298,0.061351426
772,0.45476186,-0.4759455,0.11788575,0.12309621
773,-0.6241594,-0.14750789,0.053255077,0.030622374
774,0.47656748,0.5296432,0.05838152,0.05866834
775,0.016570479,-0.010374039,0.03522871,0.028741585
776,0.030543324,-0.044832602,0.026411463,0.024549622
777,-0.23049286,0.18940663,0.04713332,0.037343208
778,0.024854276,-0.285268,0.049618013,0.041684538
779,0.4032251,-0.64776146,0.04907687,0.047144357
780,-0.13733394,0.05410737,0.06771716,0.060021445
781,0.008504562,-0.0674212,0.031662464,0.025177063
782,-0.14027046,-0.03823197,0.06190927,0.04112086
783,0.18925525,-0.05340366,0.05638027,0.041270357
784,-0.3719684,0.5442457,0.045505997,0.0440637
785,-0.1724175,-0.7298411,0.03452875,0.03701864
786,-0.054289468,-0.25423887,0.069399856,0.06948492
787,0.018411089,0.026321493,0.03148112,0.026478171
788,-0.08638235,0.027503774,0.06704115,0.055145588
789,0.046675254,-0.060370132,0.09356934,0.088498205
790,0.16972728,-0.1705285,0.031771716,0.025389198
791,0.010940187,0.053867165,0.054592885,0.046871547
792,0.15426703,-0.04049991,0.07150511,0.069198914
793,-0.5464231,0.05579796,0.14029786,0.09978302
794,-0.006540276,0.023733586,0.03649797,0.031618558
795,0.2255533,0.14131153,0.1140287,0.113152616
796,-0.035304107,-0.1322555,0.065445594,0.058650788
797,-0.112005234,0.035295982,0.07554828,0.06247488
798,0.13479373,-0.026664086,0.07909395,0.07186468
799,-0.016772237,0.31657273,0.036551874,0.03287095
800,0.2817676,-0.43481806,0.041685894,0.03866654
801,-0.083809376,0.0029624104,0.050362695,0.036991306
802,0.009620037,-0.03193322,0.054784536,0.048229396
803,-0.03412746,0.37205666,0.15889098,0.1843332
804,0.06780453,-0.07682167,0.065300204,0.04931689
805,-0.5242952,0.3385961,0.056187358,0.04512557
806,-0.097323656,-0.21797782,0.03407905,0.034142733
807,0.19674072,-0.61991906,0.060350608,0.060620327
808,-0.07438582,0.14962795,0.029249752,0.024760693
809,-0.7422738,0.2369208,0.05852579,0.04396235
810,-0.07726337,-0.043926284,0.030794837,0.022826912
811,0.0619754,-0.102596775,0.05468962,0.045825828
812,0.08873001,-0.05539736,0.06915726,0.05199467
813,0.41678047,0.34316564,0.046579793,0.0415458
814,-0.028748263,0.00033339113,0.035564814,0.028523942
815,-0.19850665,0.12368691,0.039700296,0.030158417
816,0.0002931431,0.005733311,0.025889557,0.022246113
817,-0.00055941567,0.04097326,0.05145315,0.045891743
818,0.061611023,-0.19129577,0.03808928,0.03222304
819,-0.015195435,0.015886381,0.026540907,0.022165896
820,0.2815706,0.4631617,0.06761232,0.07833639
821,-0.030611616,-0.016631335,0.036881674,0.03090485
822,0.26343164,-0.057234466,0.05864687,0.04575865
823,-0.3646384,0.61742187,0.0643874,0.06914434
824,-0.096182466,-0.050553307,0.13615355,0.10624585
825,-0.07084523,-0.37617898,0.09357183,0.11487986
826,0.043233234,-0.010604478,0.025782563,0.021919686
827,0.081158996,0.44144586,0.047475904,0.043962285
828,0.10456382,-0.19988868,0.05284052,0.04642886
829,-0.07941282,-0.144891,0.116357885,0.10920587
830,0.04002678,0.111146994,0.03342048,0.032215983
831,-0.096593216,0.0014742166,0.14371929,0.104916714
832,-0.025522606,0.12890859,0.052275207,0.039321955
833,-0.052052356,0.03495011,0.07805331,0.066407315
834,-0.04179182,-0.059487894,0.038094673,0.0316484
835,0.15726146,0.08509559,0.02845372,0.025471224
836,-0.004605094,0.12445938,0.07069537,0.07148063
837,0.17675003,-0.038057894,0.0533907,0.04839386
838,-0.24137388,-0.5002111,0.061078478,0.05507735
839,0.14893727,-0.2718185,0.040987242,0.038901407
840,-0.7484387,-0.08868757,0.073594846,0.052529164
841,0.3621173,0.16573563,0.036620025,0.032166716
842,-0.048165906,-0.14084215,0.049758777,0.048675094
843,-0.2771507,-0.1655404,0.07437933,0.053575393
844,-0.15168247,-0.010161027,0.027847439,0.022499815
845,-0.10108119,-0.013126418,0.0747501,0.08113746
846,0.20822796,-0.6956934,0.042644996,0.04454436
847,0.00072518364,0.038780008,0.02914856,0.023619745
848,-0.118554324,-0.17164332,0.08953463,0.06885835
849,-0.12872176,0.10006436,0.08019996,0.065505795
850,-0.0145225115,0.007717371,0.03764634,0.03274775
851,-0.32895464,0.2864314,0.044182774,0.037706375
852,-0.19930463,-0.2173031,0.113952935,0.10146603
853,-0.20687363,-0.110732585,0.16186738,0.15178607
854,0.12047599,0.14880925,0.04355674,0.03431464
855,-0.6735709,-0.53704524,0.08580891,0.08506663
856,0.049259428,-0.015440322,0.031423476,0.027986633
857,0.051365267,-0.010587603,0.08166803,0.06921303
858,0.027173903,0.06443255,0.051031604,0.046650406
859,-0.037962295,0.023840226,0.06463976,0.059658155
860,-0.039418824,-0.12546818,0.067325935,0.0532326
861,0.06289704,-0.10789904,0.034152094,0.029854532
862,0.16614628,0.092087336,0.10867976,0.093401216
863,-0.4668067,-0.15495056,0.05285092,0.042383235
864,0.025107287,0.008183099,0.04030413,0.043545064
865,-0.06535062,0.010892272,0.04586098,0.038704958
866,-0.51902485,-0.64929473,0.08701747,0.108178094
867,0.058850106,-0.065903515,0.07451456,0.069433235
868,-0.18929867,-0.31115153,0.05515576,0.057732463
869,-0.76394546,0.08119369,0.09582987,0.09359552
870,-0.13601413,-0.101628155,0.058815606,0.042793136
871,-0.14934206,0.6113366,0.056132022,0.068545006
872,-0.098115444,-0.07549764,0.047531147,0.049671434
873,-0.012567766,0.015916325,0.031497292,0.025845978
874,-0.49108887,0.21669269,0.041737344,0.032044817
875,-0.023651805,0.011789098,0.034151055,0.029346157
876,0.0020140521,0.11515261,0.034838155,0.033944327
877,0.022616278,-0.048285753,0.030846737,0.02507799
878,-0.024144508,0.008256227,0.036505096,0.034496002
879,-0.34293142,0.6890024,0.0910129,0.067606136
880,-0.02594239,-0.01991254,0.031999655,0.024997883
881,-0.0055686776,-0.009954222,0.22152698,0.20089059
882,0.2443819,-0.39629623,0.14237174,0.13720953
883,-0.3574294,-0.13311395,0.07659395,0.06698072
884,0.09085536,0.051674366,0.035051808,0.027647145
885,0.012452986,0.0131850615,0.037238356,0.029967308
886,0.11476214,0.22424984,0.062735654,0.067957535
887,0.46297088,0.7543812,0.04608437,0.052407786
888,0.12568386,0.05312863,0.06602783,0.050018802
889,0.6701729,-0.21618879,0.040638417,0.034889556
890,-0.006939104,-0.24838486,0.21039328,0.20862001
891,-0.1833873,0.030494928,0.044573687,0.034298237
892,0.013544638,0.0007396713,0.050832104,0.03707038
893,0.0041858777,-0.027183376,0.05353569,0.04320325
894,-0.1861753,-0.3813867,0.04680586,0.049838446
895,0.077994406,0.11831283,0.02752775,0.024785936
896,0.0045431256,-0.01724901,0.060387082,0.055535547
897,-0.025117915,0.03008797,0.034196675,0.026312666
898,0.038560484,-0.062672585,0.08288038,0.070964254
899,0.14689572,-0.8149729,0.05839333,0.06688398
900,-0.39714146,0.31303492,0.060598604,0.057832744
901,-0.49328107,-0.079253,0.055907946,0.048025712
902,-0.0064792037,-0.050358146,0.03670932,0.027808622
903,0.33350226,-0.23474163,0.04585984,0.032625623
904,0.1424032,-0.029955119,0.04442227,0.037415314
905,0.10462755,0.38749588,0.046946004,0.04135786
906,0.26919198,-0.40345985,0.06131543,0.058294836
907,-0.18450958,-0.153782,0.11601052,0.099641226
908,-0.015638512,-0.05288002,0.052549988,0.04295113
909,-0.046316702,0.025331825,0.0635465,0.048137985
910,-0.014967702,0.0007876158,0.04465623,0.04001006
911,0.12199511,0.021460734,0.037227444,0.029876126
912,0.0428338,-0.04292105,0.0626547,0.057670698
913,-0.08529814,-0.19815981,0.025992244,0.022636263
914,-0.050732646,-0.010628618,0.084439725,0.06593853
915,-0.024866246,-0.10642265,0.06282231,0.057866056
916,0.019000452,0.03437306,0.026161922,0.023321923
917,0.029156704,-0.16351843,0.045282256,0.040527925
918,0.012466028,0.04288186,0.05243562,0.046633806
919,0.057854448,0.04149393,0.039363977,0.030336948
920,0.042507198,-0.14096648,0.09192576,0.079637155
921,0.33620116,-0.10583489,0.06772596,0.05332842
922,-0.15255865,-0.13417707,0.12589014,0.09545697
923,0.66825473,0.19445804,0.051627625,0.04610076
924,-0.06039661,0.04373807,0.044562057,0.03969537
925,0.08583264,0.27039117,0.051665552,0.0464651
926,0.71357876,0.011711158,0.04984407,0.035543147
927,0.053488556,0.04293261,0.07550362,0.062268075
928,0.1866572,0.22345212,0.06564265,0.0565501
929,0.42823437,0.18569653,0.07632338,0.06335822
930,0.10075778,-0.11437641,0.08451203,0.07581364
931,-0.7931741,-0.42242768,0.073518984,0.06145866
932,0.13640387,-0.14663981,0.080947846,0.06893394
933,0.33977604,-0.21824005,0.046743404,0.035393443
934,-0.019603303,-0.019279182,0.07291405,0.062433492
935,0.07788056,-0.022280857,0.03439216,0.027367627
936,0.00031484663,-0.40691236,0.04874335,0.04925504
937,-0.0019045062,0.0126059875,0.037201487,0.029136261
938,0.44481805,0.40750468,0.052254282,0.043883458
939,0.09481645,-0.1098762,0.0658659,0.058573242
940,0.317759,-0.022157326,0.06652875,0.049440354
941,0.14649273,-0.4007243,0.11449275,0.10860384
942,-0.02159527,-0.03940715,0.02631753,0.022075279
943,-0.14692356,-0.03513162,0.037475843,0.030295985
944,-0.20413254,0.35915023,0.14964107,0.15321702
945,0.06585984,-0.07601227,0.06471642,0.051800925
946,-0.27607417,0.4531496,0.058031183,0.05604514
947,0.26565224,0.22028767,0.037936646,0.03117821
948,-0.16705166,-0.053799853,0.074789934,0.062929325
949,-0.024094349,-0.071437985,0.044559315,0.038853467
950,-0.058400486,0.016223177,0.14580236,0.1283391
951,-0.13654213,0.102629,0.035945307,0.029611098
952,0.24002555,-0.015017405,0.04453435,0.03376426
953,-0.27568075,-0.5083729,0.1398115,0.13660385
954,-0.046649534,-0.0039512143,0.06872053,0.065625735
955,0.0838363,0.011540115,0.07095768,0.06208605
956,0.16622172,-0.08714378,0.11343331,0.10062793
957,-0.14350006,-0.15096642,0.048561104,0.03722301
958,0.10475747,-0.056460172,0.049163356,0.045845397
959,-0.06527525,-0.031935677,0.053973116,0.051054865
960,-0.0061473288,-0.033272013,0.02467642,0.020728696
961,0.015887506,-0.046791285,0.06730409,0.061454054
962,-0.15957767,-0.40478805,0.03121771,0.028938029
963,0.25140658,-0.1048567,0.16344172,0.14035647
964,0.12138708,-0.3927678,0.04871417,0.046582915
965,-0.71048605,-0.07273409,0.0732889,0.061492097
966,-0.05219793,-0.0680469,0.02727768,0.022434056
967,-0.08567199,-0.21916205,0.18602896,0.18646182
968,-0.09392071,0.11802946,0.06296403,0.049541526
969,-0.2515666,0.069361,0.16800138,0.13523237
970,0.107639134,-0.098079905,0.07600954,0.05807013
971,-0.029527621,0.25123984,0.028693765,0.025135156
972,0.037616413,0.007753618,0.030764086,0.024913734
973,0.013564557,0.17979226,0.1288403,0.11066998
974,-0.09387593,-0.09642783,0.025762353,0.020522734
975,-0.0033935755,0.07638605,0.04777621,0.041511443
976,0.048654635,-0.2530167,0.08920385,0.09017652
977,-0.07624504,-0.15294316,0.06005417,0.050871868
978,0.12274554,-0.24114504,0.13099527,0.12488511
979,-0.423357,0.26741797,0.099204086,0.095689885
980,-0.05741521,0.06391194,0.055067312,0.05556834
981,-0.0054542087,-0.004507385,0.071353704,0.061311163
982,-0.0896136,0.17743228,0.06712229,0.064073876
983,-0.21843413,-0.18797785,0.037977275,0.030088989
984,-0.13202855,0.51371527,0.12715757,0.14411922
985,-0.13824426,-0.038875252,0.12853025,0.10289141
986,-0.03049256,-0.0030103177,0.034465864,0.029874308
987,0.03493831,-0.046170145,0.036719773,0.030479165
988,-0.045221746,0.0027865842,0.044849563,0.035217248
989,-0.097335815,-0.3195971,0.06947259,0.07012758
990,0.053295095,0.028943129,0.14428543,0.1401277
991,-0.011480916,0.008117072,0.027970208,0.023014173
992,0.07787265,0.010836393,0.054195818,0.04377428
993,-0.026920551,0.103257515,0.11065394,0.07978548
994,-0.0063370373,0.0040770844,0.04895019,0.03791776
995,0.09700729,0.17943576,0.040425837,0.035682295
996,0.24166784,0.5905171,0.21974677,0.2693215
997,-0.008570097,-0.13622373,0.14745958,0.11608425
998,-0.24219532,0.12134719,0.07837555,0.07329109
999,0.0067066588,-0.022756167,0.03679481,0.03201306
1000,-0.2733922,0.21285781,0.04357215,0.0365169
1001,-0.6485655,0.2255516,0.053582583,0.05104218
1002,-0.5701833,0.25091422,0.09519686,0.08258419
1003,0.13437934,0.009484194,0.06258919,0.04353501
1004,-0.0035782866,-0.027799942,0.024587674,0.02108713
1005,0.11084524,0.8401022,0.036942452,0.046202704
1006,-0.008136906,0.023842208,0.07993004,0.065049924
1007,-0.056142744,-0.22915211,0.030192636,0.024583407
1008,0.28672233,0.08201847,0.15419742,0.09468859
1009,-0.23937236,-0.024229333,0.2047609,0.1757022
1010,0.030624267,-0.18723473,0.07081954,0.07519861
1011,-0.24009088,-0.14798975,0.027579123,0.021878691
1012,-0.000691887,0.03484054,0.04485982,0.03555315
1013,-0.5892731,0.18858886,0.06339937,0.04740125
1014,-0.09539747,0.30112255,0.03767585,0.03456141
1015,0.10112627,-0.26045012,0.1109061,0.09129802
1016,-0.11521095,0.046580903,0.10918683,0.11890782
1017,-0.025639068,-0.10333449,0.058835603,0.056239657
1018,0.09247847,-0.19972855,0.036085837,0.033514526
1019,0.025410742,-0.07851155,0.0683484,0.0682829
1020,-0.5701442,-0.1806151,0.060989548,0.044085357
1021,0.13618676,0.32002464,0.07563781,0.06264657
1022,-0.22785898,0.8179177,0.078146145,0.06998675
1023,-0.06656999,0.08380998,0.06733786,0.06698395
1024,-0.107265666,-0.120626345,0.05294194,0.04958892
1025,-0.14120783,0.0052419007,0.0880199,0.09118348
1026,0.17022116,0.20046997,0.2288137,0.1771548
1027,0.012118172,-0.018208481,0.035585977,0.028560504
1028,-0.15097435,0.0015812293,0.062446307,0.04733379
1029,-0.07394408,-0.032501087,0.035231702,0.031745557
1030,0.5636132,0.16739474,0.039101027,0.036024615
1031,-0.27233475,0.5539888,0.046140146,0.053659674
1032,0.39697117,-0.3699466,0.17017204,0.13942589
1033,0.4252359,-0.308725,0.07983968,0.06653447
1034,0.53836703,0.034683865,0.055719104,0.048865415
1035,-0.058633864,-0.0020507053,0.08059509,0.06763654
1036,0.058717247,0.27013433,0.06987575,0.06335874
1037,0.0006836094,0.28084278,0.07773902,0.08999465
1038,-0.13490358,-0.0028506368,0.06615158,0.057040453
1039,0.06763095,0.2546975,0.03434263,0.03272334
1040,0.171645,0.13894562,0.06978569,0.049321417
1041,0.08275567,-0.030942336,0.023525273,0.020414542
1042,-0.16262765,-0.36754495,0.06916204,0.06594907
1043,-0.2160878,-0.36675873,0.054877177,0.047227625
1044,0.057278913,-0.108814135,0.03915502,0.03339837
1045,-0.22606814,0.25347188,0.13006361,0.103010125
1046,-0.099356994,0.027966827,0.08754709,0.06888887
1047,-0.113462865,-0.06357801,0.09338681,0.07765774
1048,0.035493996,0.14172111,0.025733072,0.022120839
1049,9.7896904e-05,0.044797342,0.023813533,0.02094852
1050,0.111684486,0.117642716,0.0482524,0.04295227
1051,-0.081267804,-0.08044699,0.26022765,0.22754976
1052,0.5960862,-0.42695573,0.17737153,0.15187213
1053,-0.14874111,0.11540262,0.02753877,0.023355858
1054,0.002736684,-0.022129506,0.09409453,0.08381248
1055,0.002825886,0.29196692,0.06859186,0.061657853
1056,-0.13562025,-0.045094326,0.1057534,0.076092586
1057,-0.06649059,0.22429153,0.0657142,0.059354935
1058,-0.5926346,0.33226514,0.08575924,0.060358677
1059,0.3097607,-0.12781955,0.039943043,0.031595346
1060,-0.1945319,0.021346696,0.027969167,0.023523543
1061,-0.1728195,-0.079081476,0.07242295,0.059372347
1062,0.20074755,-0.11334157,0.058672052,0.06149104
1063,0.104311556,0.05040319,0.0966656,0.07254709
1064,-0.13498451,-0.12455909,0.08274167,0.06635071
1065,-0.025668964,-0.013290338,0.040303096,0.032090794
1066,0.11549562,0.162034,0.06879086,0.07518429
1067,-0.15513183,-0.103981316,0.22779554,0.17227803
1068,0.033323396,0.14842726,0.08312177,0.07906211
1069,0.12372123,0.41817823,0.041485664,0.039165273
1070,-0.14745927,0.10428427,0.16601537,0.12362293
1071,-0.05705957,0.02857215,0.113837965,0.11106741
1072,0.03883451,0.11053991,0.15892787,0.14006749
1073,0.014897045,-0.04713142,0.034871884,0.0270899
1074,0.029885389,0.03206087,0.035165064,0.028691586
1075,-0.025959605,0.055519626,0.046151076,0.034907315
1076,-0.05979778,0.00045949966,0.03564534,0.028119076
1077,-0.5056481,0.0058235303,0.12734587,0.11278884
1078,-0.048169233,-0.1693081,0.06465977,0.06428389
1079,-0.027802955,-0.026509233,0.04163352,0.035207618
1080,-0.09269122,0.076929934,0.03201166,0.024713049
1081,0.23733896,0.044570383,0.05717984,0.04823267
1082,-0.15972617,-0.69223714,0.037782263,0.04297595
1083,0.054990467,-0.13285863,0.047760524,0.046331737
1084,-0.079301804,-0.014674604,0.033374254,0.026920311
1085,0.075608194,-0.062702194,0.1645738,0.13757865
1086,-0.06788039,-0.0805455,0.06274002,0.051379908
1087,0.01890067,0.029891081,0.108057745,0.09508507
1088,-0.29421487,-0.043031186,0.06565638,0.050819337
1089,0.007732805,-0.14644554,0.035249997,0.030701907
1090,0.7155411,0.069686234,0.050020423,0.055665083
1091,0.027151559,0.0009601489,0.040198546,0.035761986
1092,-0.031538244,0.011394501,0.028033843,0.02010981
1093,0.16614616,-0.09964217,0.051140126,0.041302226
1094,-0.750186,0.18917647,0.049317572,0.04207429
1095,-0.16513443,-0.06824607,0.034014754,0.026705809
1096,-0.14236876,0.022792459,0.04573948,0.03178275
1097,-0.16808201,-0.15320422,0.107601605,0.080130056
1098,-0.08488813,0.16820529,0.033360876,0.028112618
1099,-0.32361642,-0.38251063,0.10386515,0.10382359
1100,-0.051140733,0.07255301,0.17142299,0.14127746
1101,-0.02656905,0.008076578,0.038351234,0.030842109
1102,0.055421744,-0.2844205,0.06529105,0.059182275
1103,-0.032485913,-0.034876093,0.07646564,0.060962833
1104,-0.1102003,0.20771497,0.20013717,0.18010418
1105,0.106496304,0.028156899,0.05862495,0.048809297
1106,0.04933441,-0.12312502,0.09151366,0.072618775
1107,-0.10635592,0.34244177,0.09163364,0.08771244
1108,-0.011788718,0.0474725,0.050587676,0.04465424
1109,0.8526594,-0.06269494,0.058118917,0.040370032
1110,0.23926297,-0.030025497,0.0953071,0.064244874
1111,0.24773446,0.11663574,0.027683958,0.022206903
1112,0.041323256,-0.019735582,0.097438686,0.07890778
1113,0.060709555,-0.15745947,0.08362483,0.076315664
1114,0.007793762,-0.021794386,0.045087297,0.036878664
1115,-0.11388737,0.40940154,0.15481694,0.16104577
1116,0.04139692,0.06442216,0.16541377,0.15738398
1117,-0.32208443,0.5807322,0.110284396,0.11976972
1118,-0.6465614,-0.60387456,0.21919607,0.19519638
1119,-0.032587104,0.091451034,0.03337829,0.027286366
1120,-0.009176912,-0.039525762,0.06491072,0.056898717
1121,-0.052652076,-0.13691795,0.0750879,0.06975381
1122,-0.054206435,0.0864142,0.0851643,0.077490486
1123,-0.08194545,-0.167108,0.1553839,0.18339057
1124,0.0068341047,0.011700191,0.033718698,0.028575849
1125,-0.301946,-0.09053528,0.06664252,0.050579686
1126,-0.550659,0.08065373,0.08340573,0.05943911
1127,-0.7864617,0.10809327,0.05213865,0.03962283
1128,0.26927328,-0.19551358,0.12722906,0.11296106
1129,0.036952306,-0.03165233,0.09543474,0.08318894
1130,-0.003927417,0.020845883,0.02926654,0.025238072
1131,-0.19844665,-0.113838375,0.03511799,0.031031594
1132,0.063207015,-0.276984,0.040550392,0.034830373
1133,0.49692044,-0.59425306,0.044576075,0.03791229
1134,-0.059379086,-0.01916273,0.049400073,0.05220832
1135,0.21395284,-0.20444393,0.044695217,0.04107793
1136,-0.15010555,-0.4728873,0.21731666,0.21303526
1137,0.0781381,0.10383584,0.031611644,0.026808493
1138,0.090123385,0.103207156,0.086733624,0.08195078
1139,-0.101561815,-0.0034950078,0.14383678,0.09689083
1140,-0.04857308,-0.021879934,0.16599698,0.1636121
1141,-0.051264048,0.21806216,0.0928605,0.07447581
1142,0.09011726,0.1499657,0.030423822,0.03009877
1143,-0.3622584,0.07182284,0.048407555,0.033311166
1144,-0.21913302,0.050675325,0.037034128,0.02723286
1145,0.11360654,0.022696339,0.05273276,0.045270465
1146,0.04748654,-0.054072216,0.1158638,0.107230835
1147,0.045497816,0.23256841,0.047344472,0.041329864
1148,0.66758746,0.44418594,0.040060207,0.034767978
1149,0.0048665106,-0.10513681,0.0441619,0.034724794
1150,0.14063118,-0.45936862,0.19290254,0.19975863
1151,-0.054191783,0.02351027,0.040717624,0.032011542
1152,-0.54214567,-0.15151963,0.09178057,0.055762634
1153,0.07469076,0.3404464,0.16566895,0.14528376
1154,-0.1355776,-0.042582825,0.14369933,0.12682545
1155,-0.022979207,-0.014441282,0.061124466,0.045083005
1156,-0.42552713,-0.70329356,0.043549895,0.043930918
1157,0.10278328,0.052326553,0.045586187,0.03571371
1158,-0.06968838,-0.05522862,0.07024264,0.060101718
1159,-0.03978721,0.070739,0.04826592,0.05231935
1160,0.12750554,0.14083242,0.13491733,0.11962696
1161,-0.38127035,0.6738466,0.06571723,0.056232028
1162,0.02246286,0.6740514,0.04644085,0.04517475
1163,0.0912776,0.0015149415,0.09832928,0.079042815
1164,-0.21508312,0.10700012,0.04715549,0.04072468
1165,-0.2046128,0.120835565,0.049371023,0.04182342
1166,-0.02195691,0.10184264,0.10697228,0.0961619
1167,-0.21587968,-0.35266322,0.069724,0.06451048
1168,-0.2710989,-0.25386846,0.10904689,0.11691545
1169,-0.48062742,0.3088369,0.043515995,0.034392003
1170,-0.19402348,-0.08817482,0.115069665,0.10389192
1171,0.281733,0.29020452,0.06501773,0.059461143
1172,0.03457625,-0.11677714,0.061117962,0.04366352
1173,-0.014827358,0.25093013,0.120569244,0.14330408
1174,-0.3450357,-0.16728717,0.20921348,0.1762182
1175,-0.11855145,0.04792978,0.09255028,0.07078329
1176,0.062766805,0.000986971,0.037191495,0.03345271
1177,0.109950125,-0.19041973,0.035316285,0.030924534
1178,-0.039250676,-0.119185016,0.0677869,0.0639851
1179,0.10102433,-0.10895929,0.07135682,0.05705857
1180,0.002891831,-0.09850015,0.085604295,0.06806889
1181,0.62000346,-0.11640188,0.06241618,0.04239295
1182,-0.051685207,0.06012157,0.03722917,0.030365836
1183,-0.02729135,-0.02464249,0.089602634,0.082076125
1184,0.04030588,0.016270086,0.03459543,0.028937114
1185,-0.36241752,-0.13801275,0.0407856,0.03334231
1186,0.015177835,-0.06838767,0.09196197,0.09687645
1187,-0.012152253,0.099833176,0.18063073,0.17469516
1188,-0.15531275,-0.06431435,0.10043602,0.07875875
1189,0.25086546,0.36777085,0.14640373,0.1391184
1190,-0.18438289,0.04730052,0.13119684,0.097148344
1191,0.048886415,-0.28288555,0.033027492,0.030982688
1192,0.054278348,-0.048900217,0.036269907,0.030658148
1193,-0.41559544,-0.654968,0.058269296,0.06898528
1194,-0.0017946512,-0.51863146,0.06801055,0.07034122
1195,-0.7006249,0.042171244,0.048386544,0.043998003
1196,-0.08837645,0.05908239,0.056577656,0.04879499
1197,-0.07783845,-0.18240362,0.05652088,0.0560197
1198,0.68445057,-0.32934022,0.1016616,0.0914408
1199,0.097275615,-0.06239997,0.04688469,0.03692443
1200,0.0544463,0.050320253,0.051778406,0.04542563
1201,0.27440208,-0.10520604,0.20697416,0.18608575
1202,-0.00047200918,0.094646394,0.048380982,0.040553354
1203,-0.024459146,-0.46536818,0.028644303,0.029027063
1204,-0.093556836,0.04857783,0.116001494,0.10847686
1205,-0.038236562,0.08130735,0.06461093,0.05477894
1206,-0.012022816,-0.040368557,0.060272716,0.04973701
1207,0.12277354,-0.41498938,0.1653016,0.15028647
1208,-0.015233606,0.0070162714,0.061777815,0.05409869
1209,-0.002419334,-0.012417585,0.033368833,0.025781635
1210,0.14807723,0.07150531,0.08088704,0.06278802
1211,0.72152483,-0.07946476,0.07230931,0.069502875
1212,0.07783458,0.250758,0.02842545,0.027815938
1213,0.09354678,-0.21757641,0.05306653,0.0486159
1214,-0.005478708,0.015529387,0.02582613,0.021087669
1215,-0.0030986816,0.03561967,0.04316486,0.0321435
1216,0.09048872,-0.109337434,0.026099328,0.023291983
1217,-0.0112879705,-0.005905211,0.026972897,0.020499486
1218,-0.075987235,0.31970084,0.24550146,0.26715934
1219,-0.06520774,-0.03700058,0.049349237,0.042807464
1220,0.29136667,0.011963725,0.041665997,0.03432852
1221,0.36713156,0.231954,0.043356426,0.039100084
1222,-0.5104987,0.6974814,0.11685757,0.10949843
1223,-0.08981009,0.01024498,0.113148555,0.11419512
1224,-0.010229381,-0.12650691,0.050787807,0.047408585
1225,0.019109897,-0.012241766,0.09705082,0.096118845
1226,0.00093176216,0.0006228909,0.02595937,0.020234035
1227,0.008956172,0.044093445,0.05308948,0.042516187
1228,0.008636184,0.16969502,0.058488123,0.057190098
1229,-0.10778248,-0.09693223,0.07784191,0.08121799
1230,-0.5185411,-0.16146177,0.07981217,0.056842998
1231,-0.6463127,-0.104314685,0.09330363,0.08768724
1232,-0.3298303,0.35430145,0.06336188,0.053805415
1233,-0.3854255,-0.24273974,0.0815041,0.07425777
1234,0.10073455,-0.020313531,0.041192606,0.028882042
1235,-0.606236,-0.03090021,0.100360855,0.09350667
1236,0.0392793,-0.06555402,0.06446005,0.057924956
1237,-0.3501701,0.6612283,0.09060075,0.07402249
1238,0.13964447,-0.071730584,0.16178048,0.11246888
1239,0.43440285,-0.2449049,0.039177597,0.034783076
1240,0.45379815,-0.025850594,0.04096733,0.033287026
1241,0.6319946,-0.4572616,0.040032495,0.040305503
1242,0.018419754,0.04743753,0.024699911,0.020902278
1243,-0.0132533945,-0.057405144,0.057942983,0.048172366
1244,0.025553808,-0.0002577603,0.18782997,0.16129214
1245,0.03811701,-0.0394271,0.106682576,0.098863214
1246,0.15504687,0.025348537,0.043158695,0.030307507
1247,-0.045284253,-0.13172723,0.0920421,0.09539072
1248,0.0720496,-0.07411647,0.13964741,0.13427532
1249,-0.06126186,0.010295235,0.039863657,0.031857505
1250,0.025650803,-0.015122227,0.024012683,0.019208176
1251,-0.25631335,0.009720184,0.09834008,0.07688841
1252,0.54933816,-0.24848306,0.0610278,0.0520225
1253,0.024202116,-0.037948906,0.027520446,0.022300929
1254,-0.043755848,-0.012538545,0.059806146,0.04883959
1255,0.35629192,0.08124465,0.21364988,0.18258801
1256,-0.02244585,-0.09730743,0.05611906,0.04694464
1257,0.5653928,-0.0036119297,0.061641976,0.04787349
1258,-0.4606092,-0.23268801,0.109784625,0.08591754
1259,0.04069524,0.020612575,0.059464388,0.051389303
1260,0.037213568,0.107620515,0.030347154,0.024120362
1261,0.36164048,0.45030382,0.15586732,0.17735088
1262,0.008682765,-0.254703,0.030707788,0.025827916
1263,0.041112226,0.094193876,0.039152384,0.037061628
1264,-0.13491942,0.15953138,0.05462257,0.054068886
1265,-0.023359321,-0.06135936,0.09384699,0.06782042
1266,-0.3320742,0.2638805,0.1977529,0.15469007
1267,0.046146292,0.013516925,0.035541687,0.029101228
1268,-0.05459809,-0.029542789,0.07271575,0.05956377
1269,0.85912865,-0.14633378,0.04734402,0.04515819
1270,0.12707384,-0.13347338,0.029958034,0.025242012
1271,-0.17890884,-0.0388425,0.043568723,0.032436736
1272,-0.068218574,0.0413404,0.089928366,0.077552006
1273,-0.040038094,-0.025565453,0.052028425,0.047170717
1274,-0.04308122,-0.007996164,0.03247222,0.025200693
1275,-0.089782596,-0.08174223,0.029408466,0.022915024
1276,-0.0804473,-0.014294133,0.068575166,0.048635025
1277,0.18922856,-0.22938448,0.031159589,0.028519845
1278,0.23031572,-0.19305313,0.0436105,0.034039333
1279,-0.033122,-0.059607863,0.05064287,0.043981627
1280,0.06851259,0.011382312,0.032948136,0.027154041
1281,-0.03245517,-0.00057474524,0.03935561,0.036165692
1282,-0.057207704,-0.016586721,0.0675166,0.06098605
1283,0.027112361,-0.0983876,0.1302166,0.10888388
1284,0.12997586,0.07758367,0.04483497,0.0322799
1285,0.014057331,0.3961137,0.029920554,0.030340148
1286,-0.12432265,-0.05136341,0.029668188,0.022976823
1287,0.0060913637,-0.042285994,0.034187578,0.030597948
1288,0.007861692,0.0045285,0.049132485,0.039621796
1289,-0.16972303,0.055566106,0.059960756,0.050309055
1290,0.5675859,0.08364843,0.059568975,0.04333905
1291,0.004475333,-0.013748981,0.03081021,0.02427706
1292,-0.039026767,-0.1974191,0.07779164,0.07142223
1293,0.10173297,-0.08487378,0.03156267,0.024888981
1294,-0.09320362,0.029924147,0.084286325,0.069898605
1295,0.16361369,0.028224632,0.05116629,0.0436284
1296,0.037014727,0.056671716,0.052812707,0.05722379
1297,0.024105832,0.13950622,0.026415525,0.024526268
1298,0.108417675,-0.20356235,0.029439256,0.027025579
1299,0.43070093,-0.09461941,0.031337064,0.023645097
1300,-0.59253293,0.055852372,0.069593795,0.04916281
1301,-0.29353905,-0.079682305,0.23304294,0.2536073
1302,0.60083205,-0.59657264,0.04127154,0.03515316
1303,-0.018011661,0.44799864,0.10914033,0.10628985
1304,0.11518736,0.032771595,0.06095051,0.057016797
1305,0.39269552,0.13647723,0.045817256,0.039529964
1306,-0.1676962,-0.25853768,0.13090155,0.08576861
1307,0.006252464,-0.34442273,0.17658812,0.1847867
1308,-0.57737374,-0.27114484,0.08377011,0.06129323
1309,0.2672614,-0.09398264,0.029263642,0.024089765
1310,-0.35161945,-0.6211854,0.03807012,0.041700695
1311,0.2567604,-0.1676529,0.1061274,0.076764554
1312,-0.24709058,-0.1927292,0.06034578,0.048730165
1313,0.25571546,0.72069347,0.03633014,0.0389133
1314,-0.10335338,-0.054328218,0.030402891,0.02384879
1315,-0.17784132,-0.0026583448,0.075246364,0.07349074
1316,-0.09872967,0.24184436,0.074128315,0.06321153
1317,-0.020957068,-0.6719475,0.033859193,0.034209687
1318,0.089665055,-0.21877694,0.05206452,0.047004405
1319,-0.010049583,0.044309504,0.051485643,0.041798357
1320,-0.15332796,-0.009389386,0.11858691,0.09026816
1321,0.00046444684,-0.023338966,0.025933003,0.02126262
1322,-0.032827802,-0.047411785,0.029675592,0.026340837
1323,-0.08629209,-0.236581,0.02627596,0.024061292
1324,0.09277639,0.25264484,0.046041556,0.044189263
1325,0.022466075,0.10060391,0.067546025,0.055139497
1326,0.07572006,0.029102392,0.05259229,0.044065297
1327,0.26751885,-0.11061703,0.040035702,0.029861305
1328,-0.09199196,-0.02693367,0.190264,0.15689415
1329,-0.04072074,-0.19192031,0.046349466,0.041729137
1330,0.09484476,-0.078798175,0.028894378,0.026458813
1331,-0.060779676,-0.18387046,0.051338434,0.040596537
1332,-0.36075535,0.009271637,0.088893615,0.07823779
1333,-0.45984074,-0.40458524,0.057778727,0.053659122
1334,-0.06596633,-0.047617093,0.026854645,0.021343175
1335,-0.14189045,0.067126706,0.037824165,0.02959529
1336,0.64677304,-0.22148758,0.057360288,0.050797727
1337,0.100911394,-0.41647682,0.21658611,0.28254768
1338,-0.10132784,0.2010723,0.04876197,0.041322418
1339,-0.033999797,-0.17558604,0.08317069,0.0803452
1340,0.0693433,0.28592712,0.095123574,0.09163538
1341,-0.095323056,-0.23483217,0.059350148,0.063979864
1342,0.17422628,0.1161729,0.1952978,0.15166217
1343,0.0003267303,-0.013997309,0.10494336,0.07704501
1344,-0.0042951684,-0.05398111,0.038054742,0.030612106
1345,0.07580893,0.15658706,0.14048257,0.12403359
1346,-0.08740625,-0.00931704,0.18232633,0.19047934
1347,0.64462954,-0.09814142,0.037806258,0.04001361
1348,0.013957683,0.097116105,0.17822774,0.15508464
1349,-0.0276885,0.049060397,0.07342694,0.071387224
1350,-0.1867875,0.35185388,0.052654836,0.057444796
1351,0.06283577,0.086975366,0.036601406,0.03438508
1352,0.001147449,0.03108462,0.038848214,0.03474824
1353,0.24828893,0.038675673,0.08013593,0.07434841
1354,-0.12803821,-0.03687048,0.029151222,0.02354863
1355,0.0034686998,0.031448618,0.023974042,0.021243831
1356,0.0025676861,0.16650681,0.08947108,0.06540444
1357,-0.09249957,-0.07206535,0.09443776,0.06923802
1358,0.54491436,-0.12018928,0.047922127,0.041654445
1359,-0.092187725,0.0180021,0.027737873,0.021875702
1360,0.07836087,-0.14092137,0.029145896,0.028813997
1361,0.10528183,-0.48851427,0.13031615,0.1798924
1362,-0.019088212,0.043613527,0.059924725,0.044861056
1363,-0.024911715,0.040977605,0.047896676,0.042164512
1364,-0.01965481,0.011677697,0.18801993,0.17483486
1365,0.21950445,0.04771984,0.13802913,0.10269131
1366,0.0065124594,-0.44557098,0.18263355,0.18746328
1367,-0.047623,-0.11357491,0.08360959,0.06351175
1368,-0.08384162,0.006356314,0.05631807,0.047782134
1369,-0.15448898,0.18420282,0.09181276,0.092003025
1370,0.11253555,-0.04268053,0.033906788,0.02547862
1371,0.3225798,-0.32554185,0.061125472,0.054988537
1372,-0.12789991,-0.795984,0.048856426,0.059137665
1373,-0.20868042,-0.19634303,0.11117311,0.09151711
1374,0.28540438,0.67885745,0.07932303,0.085803665
1375,0.0024467818,-0.020230368,0.025852965,0.021034013
1376,-0.09945962,-0.13228613,0.071009435,0.06272096
1377,0.3862013,-0.52379084,0.12621526,0.13407584
1378,-0.0042902697,-0.0124612525,0.063817516,0.048755202
1379,0.110763445,-0.18345419,0.030232193,0.025672639
1380,0.034569424,-0.09639534,0.09044556,0.08037548
1381,0.10919851,-0.03274697,0.03692625,0.03125444
1382,0.11512624,0.070921674,0.038363736,0.0328243
1383,0.6073583,0.29529893,0.04365751,0.031289063
1384,0.14429586,0.033374082,0.084827706,0.081469014
1385,-0.14421782,0.013934858,0.045607027,0.038974945
1386,-0.08378562,-0.07751049,0.033669487,0.029843066
1387,0.098814726,-0.032638773,0.041671712,0.03711469
1388,-0.00045490265,0.11944151,0.039146192,0.03705388
1389,0.16167186,0.15657455,0.050793916,0.04665498
1390,-0.13129793,-0.06581898,0.11534122,0.11095603
1391,-0.22693908,0.24778335,0.08554915,0.068888076
1392,-0.091313414,0.09625417,0.15901828,0.16898961
1393,-0.026487302,0.055123422,0.05743976,0.04397773
1394,0.00811493,-0.038784117,0.04004074,0.0335935
1395,-0.06417897,0.099327944,0.11042992,0.11146193
1396,0.1512374,0.34842128,0.032868546,0.0320538
1397,-0.044717573,-0.10605796,0.09021435,0.07311716
1398,-0.3041559,-0.7576324,0.041872602,0.04644271
1399,-0.870725,-0.37261808,0.05731042,0.046892196
1400,-0.09336075,-0.1703237,0.23335232,0.20967352
1401,-0.12964234,-0.009635642,0.09154824,0.09647871
1402,-0.019052498,-0.016094066,0.039223455,0.03215382
1403,-0.015886014,-0.08629683,0.023218175,0.01993814
1404,-0.69859874,0.4511261,0.058704883,0.036545932
1405,0.14050494,-0.106787324,0.08900474,0.0681018
1406,-0.022579849,0.03605246,0.07635663,0.06868048
1407,-0.051683605,-0.27907073,0.030884188,0.028115
1408,-0.16148321,-0.14563689,0.23188002,0.18536808
1409,0.0076426454,-0.07771528,0.035993263,0.029570747
1410,-0.08105665,0.1004433,0.07552651,0.055700872
1411,-0.100404784,-0.7826623,0.060017798,0.062290475
1412,-0.59265965,0.13313836,0.091359496,0.06727486
1413,-0.77947664,-0.045278847,0.045693588,0.037609883
1414,-0.033752684,-0.30539224,0.042278472,0.040561963
1415,-0.06237656,-0.008829348,0.027080458,0.024505772
1416,0.05475453,0.65805113,0.06680834,0.078216285
1417,-0.17941481,-0.08562863,0.040428814,0.034054592
1418,-0.71717304,-0.14479646,0.05088331,0.03903778
1419,0.009470046,-0.0149721205,0.04999785,0.039315578
1420,-0.059798986,-0.0089821,0.029673973,0.023095723
1421,0.16957434,-0.029239923,0.089565486,0.082442
1422,-0.1480253,-0.13359688,0.05067528,0.03709724
1423,0.0356693,0.06497186,0.11653223,0.09297518
1424,0.066532895,-0.11739154,0.024800744,0.021919493
1425,-0.021487437,0.00047054887,0.029291894,0.025991796
1426,-0.23445384,-0.029953167,0.116250485,0.07380688
1427,0.25599968,0.47441486,0.034314293,0.032053027
1428,0.0015646927,0.21484321,0.08302093,0.07453431
1429,0.008284137,-0.07004866,0.048972785,0.049897537
1430,0.060602378,0.014434814,0.035628654,0.03011343
1431,0.09550406,0.5967295,0.25351325,0.2788599
1432,-0.057807468,0.047646392,0.05398147,0.044599656
1433,0.025944196,-0.032072812,0.09132762,0.08535211
1434,-0.12584788,-0.03375703,0.028742068,0.021748766
1435,-0.09195766,-0.1352928,0.11559314,0.10279797
1436,-0.067814976,0.3211689,0.04663919,0.04040567
1437,-0.062229693,-0.037787676,0.038599238,0.036184423
1438,-0.36757135,-0.28104782,0.049178105,0.043249715
1439,-0.20094946,0.27561885,0.08927879,0.086560324
1440,-0.030044125,0.045387562,0.028063638,0.022514574
1441,-0.11696857,0.011024319,0.15121365,0.1286485
1442,0.09577145,-0.11858271,0.07277994,0.06823174
1443,-0.07858977,-0.008381881,0.032114178,0.026541421
1444,0.1143692,-0.091887474,0.046197284,0.03999774
1445,0.23598757,-0.13944948,0.35493273,0.345128
1446,-0.7306437,0.27662507,0.048387572,0.035989102
1447,0.02490307,-0.030264929,0.039549965,0.033515133
1448,-0.7838681,0.11573142,0.10546787,0.090242095
1449,0.060729843,0.039074652,0.03607192,0.034911476
1450,0.0126934685,0.035027165,0.040718198,0.040399488
1451,0.0035039186,-0.010611467,0.040703766,0.03463051
1452,0.18770589,-0.09888235,0.07314765,0.055974666
1453,0.038726572,-0.014856428,0.04021813,0.034303077
1454,0.021175038,0.047576398,0.02882813,0.022990435
1455,-0.009840827,0.40615812,0.086550534,0.07878621
1456,0.07715124,0.015452534,0.068598434,0.052731402
1457,-0.034051042,-0.24101105,0.04514917,0.04401733
1458,-0.06591141,0.16035095,0.07068082,0.06799668
1459,0.06374903,-0.098392874,0.05421739,0.055838507
1460,0.043981437,-0.71610475,0.057118136,0.060153894
1461,0.039592694,-0.08061129,0.054958202,0.05497162
1462,0.0041027106,-0.0044847876,0.02678327,0.021738421
1463,0.016292788,-0.055498436,0.025569241,0.022271272
1464,0.11233431,-0.86079395,0.06966373,0.07524145
1465,-0.08130333,-0.12703516,0.07916587,0.06525944
1466,-0.0051418785,-0.040931985,0.10378981,0.0861913
1467,-0.22179568,0.21912524,0.11721601,0.092643626
1468,-0.13913317,0.3762691,0.16445558,0.18542565
1469,-0.52472335,-0.25039604,0.11276674,0.072601326
1470,-0.7109523,0.22987467,0.053538624,0.0477079
1471,0.4574041,-0.3150673,0.2055511,0.22720708
1472,0.294941,-0.44231072,0.066499196,0.072554216
1473,-0.105400905,-0.01023481,0.058698703,0.050518
1474,-0.012675915,0.14481309,0.13304208,0.10510178
1475,0.039349403,0.033569094,0.10364375,0.07985643
1476,0.02998048,-0.034366712,0.033117224,0.025626473
1477,0.10541022,-0.000541158,0.03883732,0.027417148
1478,-0.03810696,0.026219226,0.0734368,0.06581099
1479,-0.038660966,0.066263065,0.070984125,0.056046497
1480,-0.013290405,-0.08040735,0.06684827,0.05156204
1481,-0.40885183,0.1317322,0.19347829,0.14578673
1482,0.10697842,-0.10219914,0.038756818,0.02814167
1483,-0.07222749,-0.13999885,0.04305536,0.035628665
1484,0.0027132295,-0.016215265,0.027135566,0.022394823
1485,0.1274319,0.2621678,0.06643595,0.068641335
1486,-0.25349176,-0.14652728,0.03161476,0.024856253
1487,0.16536592,-0.03135763,0.047893032,0.036617815
1488,-0.16461709,-0.011569224,0.13488215,0.11391162
1489,0.26155865,-0.16926742,0.22918023,0.16882168
1490,0.1750085,-0.18987826,0.12673475,0.088442735
1491,-0.48918155,0.074422285,0.080080144,0.055618536
1492,-0.11836061,-0.043250576,0.13539496,0.09953708
1493,-0.08834438,0.21808836,0.05321495,0.042009853
1494,-0.0069016106,0.041364867,0.028611055,0.026956305
1495,-0.03233085,0.0075268,0.108692594,0.09850963
1496,-0.018934114,-0.018464759,0.055583,0.047796685
1497,-0.0089584645,0.019280225,0.03852629,0.028905643
1498,-0.028044142,0.044135552,0.10268313,0.09499189
1499,-0.040732138,1.0050904,0.05338347,0.065512516
1500,0.024269875,0.2098782,0.08326436,0.072008684
1501,0.26576525,0.85729873,0.05779425,0.07674526
1502,0.03841791,-0.19778144,0.031382926,0.027753158
1503,0.13180172,0.21002826,0.039532665,0.03735604
1504,-0.31342256,0.24273472,0.0866968,0.078452356
1505,-0.2445318,0.38234454,0.0471224,0.041492652
1506,-0.057688728,0.047997177,0.10936143,0.10060766
1507,0.0061779283,0.0054268613,0.039640944,0.03349674
1508,0.027515605,-0.061212897,0.033379555,0.028014332
1509,0.11872347,-0.0028029233,0.06715496,0.053477526
1510,0.015818134,-0.023060217,0.053346742,0.04713846
1511,-0.03176112,0.0166395,0.06051871,0.058878854
1512,0.11815679,-0.09072997,0.08663046,0.06624533
1513,0.13317552,-0.09537029,0.108560935,0.08037905
1514,0.13538237,-0.42751154,0.06432313,0.05948136
1515,0.25243348,0.20672089,0.072352774,0.04512229
1516,0.26877832,0.23844162,0.12357104,0.09653591
1517,-0.19764216,0.06658458,0.08846825,0.055294648
1518,0.025877707,0.11914175,0.03283913,0.025058758
1519,0.069352046,0.013613157,0.059854995,0.05223888
1520,0.06341629,-0.03592819,0.08648571,0.080971576
1521,-0.037171543,0.028309502,0.04720587,0.04407131
1522,0.31713974,-0.018685132,0.11564135,0.07206512
1523,-0.17461689,0.16009186,0.038139775,0.03216983
1524,0.11398566,-0.0723051,0.08621485,0.086250454
1525,0.50358224,0.25402516,0.0765298,0.06621559
1526,-0.123064026,-0.056515813,0.029679416,0.022238728
1527,-0.065433726,0.01942803,0.09905023,0.08448672
1528,-0.0055123754,-0.10243091,0.052894797,0.040097434
1529,0.62745,-0.27322283,0.07784877,0.07507943
1530,0.42426184,-0.8712052,0.033767916,0.030849967
1531,-0.072841175,-0.040206313,0.12535454,0.08166455
1532,0.31083393,-0.70336354,0.041298997,0.040771022
1533,0.24359506,-0.033822745,0.13715388,0.12529455
1534,-0.11351451,0.7383133,0.11694538,0.12395828
1535,-0.013587894,0.23316662,0.047934625,0.043671086
1536,-0.024654143,0.013893262,0.06545407,0.057088878
1537,-0.11482443,-0.18897009,0.13509463,0.11777788
1538,-0.33991408,0.49853474,0.03851826,0.037224844
1539,0.16957496,0.049890883,0.0895525,0.067243874
1540,-0.40480816,-0.5734198,0.048186284,0.05406856
1541,-0.100515544,0.63963294,0.05015217,0.059064012
1542,-0.065403715,-0.097879484,0.040829662,0.032627642
1543,-0.018958349,-0.0035377294,0.07184487,0.06371302
1544,-0.1402724,-0.034280002,0.0615476,0.05102638
1545,-0.2535525,0.095099255,0.1236371,0.087665915
1546,-0.29720032,0.15718375,0.0785067,0.069479056
1547,0.27086988,0.80126905,0.04907358,0.0479297
1548,0.45257866,-0.05146259,0.096479006,0.07969702
1549,-0.020546993,0.00968723,0.08297256,0.06822044
1550,0.53778756,-0.27982485,0.057962112,0.06013683
1551,0.32332748,0.048856333,0.071940176,0.05440981
1552,-0.048903883,-0.03924203,0.024494503,0.023707436
1553,0.032631543,0.029738769,0.0432756,0.034199096
1554,0.0067797415,0.022825189,0.042181905,0.03575693
1555,0.009442225,0.23999785,0.046730656,0.044283327
1556,-0.3069042,-0.3727098,0.034831583,0.033613194
1557,-0.05927209,0.11073576,0.11900843,0.115471706
1558,-0.06389615,-0.10904896,0.063825116,0.05712984
1559,0.23586899,0.09050164,0.060423102,0.058814954
1560,0.10729708,0.14968663,0.089647435,0.08477719
1561,0.0791865,-0.08584906,0.04948267,0.04139875
1562,-0.008575264,-0.0498219,0.095873825,0.08731785
1563,0.0813902,0.40931204,0.07986775,0.07374012
1564,0.05596144,0.22584212,0.14306372,0.11949653
1565,-0.31163737,-0.39734665,0.032097556,0.02977006
1566,-0.142574,0.099572,0.031935804,0.031599913
1567,-0.100914046,-0.13985239,0.10594405,0.09550284
1568,0.038226362,0.06505172,0.05265551,0.041143615
1569,-1.0274566,0.1033316,0.039948538,0.058766473
1570,-0.63241893,0.14309384,0.041351497,0.03521115
1571,-0.17794615,0.10370739,0.08519046,0.058932107
1572,-0.006469572,0.06981445,0.03477989,0.026628055
1573,-0.05944623,-0.018145531,0.06292653,0.050373644
1574,0.33119538,-0.35589117,0.08438757,0.07362927
1575,-0.0069688465,-0.016373463,0.05506686,0.048585963
1576,0.35604328,-0.01326745,0.034464028,0.026751552
1577,0.29254857,-0.022853687,0.042592335,0.029991139
1578,-0.7437493,0.12742147,0.09608859,0.06633475
1579,0.01293036,-0.04970078,0.033852857,0.02936373
1580,-0.52233803,0.21085927,0.063395455,0.04725194
1581,-0.14925575,0.0074676573,0.10570429,0.0875599
1582,-0.002986405,0.056639466,0.05759519,0.05402841
1583,-0.22520843,0.39175734,0.037074678,0.033495836
1584,0.06919372,0.09543533,0.04774587,0.03721289
1585,0.03083736,0.054139886,0.03323381,0.027952097
1586,0.06385979,0.028899789,0.12646659,0.102695286
1587,-0.116528496,0.018324293,0.063747615,0.06429228
1588,-0.052728057,-0.08717801,0.05935757,0.047807384
1589,0.021375582,0.9894744,0.06733129,0.09195189
1590,-0.18409841,-0.086730614,0.09950003,0.06923151
1591,-0.01363636,0.088344224,0.064574376,0.062068198
1592,-0.04810999,-0.5807917,0.08961714,0.090310924
1593,0.035460476,-0.07828802,0.041315578,0.0371831
1594,0.048975687,0.13259609,0.046794254,0.04466672
1595,-0.06194618,0.0796496,0.034314755,0.027145587
1596,-0.0029345453,-0.08987987,0.04386895,0.042588215
1597,0.06565456,-0.4860644,0.080241114,0.09454237
1598,0.10887836,-0.05060059,0.03353773,0.033106815
1599,0.021170497,-0.1246814,0.05216874,0.045560867
1600,0.088255614,0.013793483,0.029824868,0.022526624
1601,0.014429022,-0.03227222,0.042051043,0.035539716
1602,0.43844098,-0.40360087,0.08219665,0.09441938
1603,-0.082035854,-0.07304822,0.052400332,0.045320716
1604,0.049381766,0.03449153,0.05747274,0.04372046
1605,0.008662745,0.077351354,0.07591552,0.07035968
1606,-0.011428036,-0.101956666,0.040357254,0.035145607
1607,-0.39842767,0.14526947,0.038895454,0.03098878
1608,0.013390914,0.106653675,0.051227335,0.04609988
1609,-0.049725823,0.2403719,0.036128145,0.030661969
1610,0.084783345,0.2582451,0.046535537,0.040505443
1611,-0.029433643,0.006662093,0.047183692,0.04161243
1612,0.02838106,-0.315513,0.056603797,0.06714848
1613,-0.07657629,0.053819764,0.049055535,0.040386252
1614,-0.05952725,0.38400507,0.08234849,0.07358979
1615,0.128547,-0.05376649,0.029739356,0.02421922
1616,0.13129857,-0.04890141,0.035409834,0.03061351
1617,0.03487255,-0.0050906837,0.026308473,0.021526143
1618,0.05107272,-0.20041144,0.040900733,0.03493421
1619,0.062503725,-0.061080515,0.031096729,0.0262242
1620,-0.6572841,0.07118082,0.047520235,0.039067265
1621,0.15350515,0.11603381,0.038938913,0.03696107
1622,-0.060747363,-0.14593115,0.040608082,0.033623897
1623,-0.12741154,-0.28588396,0.030950878,0.0324089
1624,-0.24634612,-0.20340845,0.13716528,0.092413045
1625,0.26399428,0.16035104,0.17953174,0.14317597
1626,-0.013569141,0.06517006,0.055824973,0.049872488
1627,-0.19934078,-0.18290788,0.04757958,0.035013624
1628,0.046693806,-0.45777157,0.2450586,0.2771215
1629,0.6425652,-0.052605227,0.049172886,0.03421077
1630,-0.67625374,0.1201007,0.05574131,0.04183587
1631,0.045290124,0.06633512,0.05865969,0.04303809
1632,0.026508048,-0.09249796,0.06934503,0.060173493
1633,0.043788996,-0.45369425,0.12627412,0.1280606
1634,-0.06775577,0.17904356,0.041950446,0.037592437
1635,-0.17707779,0.2366974,0.055450045,0.05043624
1636,0.039039012,0.0070208684,0.11622991,0.07511536
1637,-0.16866222,-0.07119927,0.14409597,0.12566459
1638,-0.31968716,0.16301936,0.06093672,0.05186143
1639,-0.09487188,-0.101759374,0.052978463,0.043043
1640,-0.05980267,0.33888072,0.10809423,0.093788445
1641,0.05574208,-0.0871778,0.04733936,0.04183153
1642,0.4722527,0.36280918,0.05929668,0.06748586
1643,0.10654539,-0.17152578,0.11130186,0.1115206
1644,0.051484037,-0.2846769,0.03731771,0.030737735
1645,-0.05875417,0.09265558,0.11069792,0.1164411
1646,-0.010679014,0.029944077,0.037519585,0.028034668
1647,-0.022129143,0.025736175,0.042934082,0.034704756
1648,0.0144682415,0.0653497,0.04410452,0.04389373
1649,-0.22993936,0.08023147,0.08358558,0.07651497
1650,-0.05614715,0.0038014278,0.039198577,0.034974426
1651,-0.22855704,0.040121704,0.05561491,0.046231203
1652,-0.0366048,0.04467399,0.04467561,0.034898452
1653,-0.29220262,0.49862987,0.06358306,0.065156415
1654,-0.39977467,-0.3682869,0.04588922,0.04560872
1655,0.046378847,0.006220497,0.0391533,0.03211066
1656,-0.004774116,-0.030629963,0.038779873,0.03247357
1657,0.025383066,-0.02817674,0.1290658,0.122506104
1658,-0.28052497,-0.25313708,0.027027663,0.02484887
1659,-0.17676207,-0.6697669,0.06972556,0.07105985
1660,0.09656583,-0.10758896,0.057747897,0.06004492
1661,0.02255404,-0.53400326,0.084085144,0.08337965
1662,-0.045443185,-0.0035183951,0.027554424,0.02198527
1663,0.23968354,-0.2897164,0.062089775,0.06498739
1664,0.0002396144,0.38451874,0.17948352,0.17479391
1665,0.062491518,-0.01620721,0.0359123,0.0278319
1666,0.32343403,-0.058367714,0.0646696,0.044541504
1667,-0.5461608,-0.34858173,0.084239654,0.085014194
1668,0.5293203,0.38926494,0.03888927,0.037889175
1669,0.011767548,0.002948396,0.026075287,0.020934006
1670,0.22631109,0.13355915,0.03293222,0.02700061
1671,-0.10460897,0.01141461,0.17295559,0.174014
1672,0.0061276928,0.0042240024,0.023980912,0.018562507
1673,-0.21892926,0.17811322,0.036936015,0.03403104
1674,0.007757038,0.07779822,0.29177365,0.21704869
1675,0.18260807,-0.13614246,0.08693561,0.066570856
1676,-0.019031022,-0.06436719,0.05195475,0.038672976
1677,-0.13656574,-0.1470301,0.057815403,0.04085051
1678,0.0734134,-0.15481749,0.05235293,0.047325063
1679,-0.045162514,-0.10743624,0.11371721,0.080067396
1680,-0.41159472,0.18749963,0.05583444,0.04343183
1681,0.091411635,-0.3316523,0.056788187,0.056807585
1682,0.1832056,0.029080093,0.05940834,0.050477646
1683,-0.12808762,0.19165483,0.030786283,0.024496222
1684,-0.50340605,0.35954517,0.10052615,0.10276513
1685,0.058012705,-0.0035902783,0.094124466,0.07644259
1686,-0.36018613,0.2620173,0.056649424,0.047900565
1687,-0.06331962,-0.05202402,0.057244904,0.045271758
1688,0.28044742,-0.009089582,0.035951864,0.029462766
1689,-0.011660779,-0.0060029626,0.13170758,0.11725912
1690,-0.05062821,-0.033975348,0.03734998,0.026270878
1691,-0.82309157,0.030563422,0.052755482,0.037934985
1692,0.054101806,-0.035324275,0.048544522,0.040994972
1693,0.37875104,-0.29390606,0.04143591,0.04677175
1694,0.032907423,0.3245833,0.3832342,0.41118532
1695,-0.13210516,-0.0039603263,0.054379866,0.043061364
1696,0.16385889,-0.19451526,0.05008811,0.045502774
1697,0.05585261,-0.072038695,0.053083375,0.04292573
1698,0.27901176,0.13003774,0.03704791,0.026380684
1699,-0.033417962,-0.10743253,0.0700137,0.052915886
1700,-0.13314402,0.115310416,0.07853899,0.060294226
1701,-0.0039947666,-0.060779124,0.06588821,0.055786002
1702,-0.060569953,0.42830214,0.07706082,0.07552188
1703,0.65887076,-0.25896093,0.041878197,0.03938117
1704,-0.08077414,0.12023277,0.09642152,0.068626285
1705,0.013994828,0.19623452,0.07433584,0.07049797
1706,0.10369393,-0.21305269,0.039485447,0.033699814
1707,0.2709262,-0.40506557,0.14810868,0.12306026
1708,-0.5819267,-0.35121605,0.046358455,0.046613403
1709,0.07322362,0.017120928,0.038640182,0.029892419
1710,0.59411687,0.056452926,0.05321213,0.037553094
1711,0.13299166,0.15004376,0.034727044,0.028690057
1712,0.0168924,-0.047350183,0.023555314,0.02044731
1713,0.43404028,-0.08574708,0.2796908,0.20898642
1714,0.1596841,-0.07678527,0.08677923,0.063267745
1715,-0.09239502,-0.263438,0.06386661,0.05769533
1716,-0.03680615,-0.089864716,0.041259762,0.031321257
1717,-0.390732,0.2540968,0.05481658,0.048371505
1718,0.08524805,-0.079282016,0.03419034,0.02754105
1719,-0.40141883,-0.07031718,0.035119828,0.028895374
1720,-0.16598271,0.059564535,0.17589389,0.19087453
1721,0.07791501,0.10213652,0.13667402,0.13240547
1722,0.07094486,-0.0014173388,0.030202003,0.024143742
1723,0.00055145845,-0.062210232,0.08151683,0.06744715
1724,-0.23482624,0.2836272,0.034813974,0.03209695
1725,0.04402982,0.028905801,0.043830045,0.03582297
1726,-0.038300984,-0.0950983,0.050900087,0.045586012
1727,0.052847486,0.3563188,0.042374115,0.046806928
1728,-0.3015907,-0.19896296,0.17457455,0.13979508
1729,-0.026500985,0.03526608,0.03457205,0.028694024
1730,-0.010597141,-0.027536549,0.025548445,0.021581251
1731,0.043993626,-0.6538359,0.06556215,0.07066819
1732,-0.06862392,0.23321034,0.07609451,0.0835332
1733,-0.007897617,0.11031239,0.13305044,0.14689937
1734,0.10300137,-0.4543719,0.05952516,0.051655866
1735,-0.069357455,0.0046770275,0.03993239,0.0312977
1736,0.23124692,0.015723586,0.02689828,0.020720476
1737,-0.06738454,0.042820882,0.06094132,0.047127
1738,-0.07163289,0.11725782,0.02995457,0.024620868
1739,-0.11266944,0.31170535,0.037344363,0.036146767
1740,0.0005800277,-0.4498612,0.087520234,0.08494574
1741,0.184599,-0.19014108,0.09504588,0.063957974
1742,-0.51285064,0.2130323,0.05401332,0.04456744
1743,-0.00016035885,-0.061834514,0.11086684,0.0872502
1744,0.91347134,-0.20216921,0.052536864,0.03578127
1745,0.17720269,-0.103547916,0.1687839,0.13788897
1746,0.65328145,-0.15483877,0.051985424,0.045850422
1747,-0.028431166,0.16241354,0.04534503,0.03789447
1748,-0.06237384,0.097211696,0.11998652,0.078252606
1749,-0.12108056,-0.17336327,0.3084648,0.33227435
1750,-0.053891033,-0.04138632,0.046189323,0.0427865
1751,0.07878405,-0.16607025,0.033779323,0.028520593
1752,0.07436757,0.44406426,0.049847815,0.050973926
1753,0.0803726,0.40271556,0.1406107,0.14795159
1754,0.003967639,-0.21492827,0.034738563,0.03007039
1755,0.54227966,-0.3503726,0.0437148,0.036192738
1756,0.06130265,0.10517245,0.0972094,0.088330865
1757,0.05857155,-0.041575164,0.03756012,0.02756072
1758,-0.13162512,-0.017402388,0.19134176,0.15320021
1759,0.11576611,0.03311164,0.02660545,0.02021751
1760,-0.04403154,0.081708595,0.05942856,0.046073347
1761,-0.024146881,0.14097953,0.06062037,0.062903054
1762,-0.22562097,-0.42722508,0.054127272,0.05107499
1763,0.3701362,-0.36907822,0.09244453,0.09543033
1764,-0.19936709,0.09929106,0.13335836,0.10534297
1765,0.047315065,-0.0054168776,0.02903196,0.023617782
1766,-0.04532861,0.011577442,0.039844986,0.030865321
1767,0.02703366,-0.027187593,0.037584577,0.033537835
1768,0.6716681,-0.37860292,0.23146075,0.19463302
1769,0.10292636,-0.2807333,0.030499103,0.026133994
1770,0.18292053,-0.27214292,0.043343406,0.037422862
1771,-0.3688587,0.054870084,0.08141982,0.05659077
1772,-0.28465888,0.20341513,0.18314087,0.19579217
1773,0.18836251,-0.21063387,0.08326612,0.06506813
1774,-0.29636738,-0.19709623,0.03826071,0.03509824
1775,0.08373314,0.014894262,0.07028387,0.051407404
1776,0.1879069,-0.023258045,0.048509542,0.039556596
1777,-0.042363714,0.005438827,0.036594056,0.030742405
1778,0.081246614,-0.065669805,0.03387498,0.027319208
1779,-0.058290415,-0.035892278,0.05736728,0.052558567
1780,0.005153585,-0.12621449,0.10952523,0.12592663
1781,-0.023282405,0.015760824,0.0539102,0.044489164
1782,-0.063297436,-0.12413213,0.038614497,0.037667353
1783,-0.0053932667,0.045303803,0.05269611,0.04868895
1784,-0.25729764,-0.25260913,0.046656366,0.042678695
1785,-0.32314488,-0.0876438,0.10881278,0.09800187
1786,0.0762275,-0.0959129,0.023697587,0.019828267
1787,-0.07641197,-0.19160351,0.07595862,0.0752513
1788,0.19167955,0.54446465,0.09001716,0.09067817
1789,0.034298833,0.07989796,0.11097629,0.10554638
1790,-0.09698224,-0.0386675,0.02623648,0.021465445
1791,-0.0038096122,0.008753233,0.027360966,0.02361522
1792,-0.030416703,-0.032752693,0.03716749,0.031432156
1793,-0.01655193,0.06058151,0.033054367,0.026207738
1794,0.6217767,0.4200436,0.1101773,0.099326625
1795,0.0033106618,0.047959737,0.06335574,0.05307893
1796,0.08998859,0.069013275,0.03660715,0.030407017
1797,0.014175266,-0.11142084,0.048567124,0.047181442
1798,-0.085749485,0.049060408,0.06532298,0.061479773
1799,-0.086368605,-0.0012372583,0.04403654,0.034979917
1800,-0.37481305,-0.028653666,0.0513219,0.036947
1801,-0.120635346,-0.26833805,0.27287316,0.27626842
1802,0.034400593,0.18318531,0.062201124,0.06297219
1803,0.28634912,-0.20666292,0.25792235,0.21476242
1804,0.58667105,-0.34116122,0.04096115,0.03612439
1805,-0.02908517,-0.0016579926,0.07103575,0.0658652
1806,-0.6837089,0.10816014,0.046094157,0.039388794
1807,0.011087172,0.03186702,0.03126589,0.028641451
1808,0.06705187,-0.024681576,0.049647734,0.045133654
1809,0.24933982,-0.32874438,0.2196347,0.23049243
1810,-0.03478965,-0.040843174,0.11668967,0.09591751
1811,0.40132686,0.19129464,0.037099376,0.02830321
1812,0.03578097,0.08351053,0.059758093,0.043511707
1813,-0.24962932,0.3246785,0.24899726,0.23824872
1814,-0.04691227,-0.043441698,0.04806245,0.0378821
1815,0.24267244,0.056824554,0.07073446,0.056450583
1816,-0.008928249,-0.011821285,0.056963652,0.048757523
1817,-0.00081433356,-0.028524451,0.023864282,0.020394774
1818,0.003464613,0.34367648,0.039594658,0.036933243
1819,-0.1430442,-0.05320084,0.087107405,0.061160333
1820,-0.72342587,-0.30729365,0.06965918,0.06638364
1821,-0.07575936,-0.024437346,0.07668748,0.05612097
1822,-0.117284864,-0.17249933,0.070496745,0.062303085
1823,0.1580616,-0.18916875,0.19695315,0.24831203
1824,-0.17779763,-0.12096153,0.15046638,0.12919217
1825,0.012135483,-0.02444414,0.031694457,0.03229551
1826,-0.03712841,-0.008728273,0.031174148,0.02665609
1827,0.3147299,-0.12032832,0.069747455,0.05797905
1828,0.012164153,0.012007929,0.09680282,0.09442537
1829,-0.1926584,-0.28889585,0.10760931,0.090469114
1830,-0.1005657,0.2749709,0.12162412,0.13677047
1831,-0.5362294,0.019339532,0.0532084,0.04176082
1832,0.13274851,0.05299983,0.033799954,0.027792515
1833,-0.22349365,0.0054087937,0.06276913,0.044938836
1834,0.025544945,0.48694083,0.05405884,0.06119855
1835,0.003065981,0.0099816695,0.029633468,0.023613086
1836,-0.095874146,-0.047846466,0.16995922,0.15398927
1837,-0.04461759,0.048202228,0.047390185,0.043061122
1838,0.0155290775,0.014287144,0.038626537,0.03885993
1839,-0.024017433,0.06714148,0.105473556,0.09006436
1840,-0.42511675,0.058632843,0.091918245,0.06738589
1841,-0.0867514,-0.10267906,0.052818697,0.051360443
1842,-0.11083189,-0.0495342,0.043856286,0.039734464
1843,0.036371652,-0.219531,0.1798556,0.19507371
1844,-0.1949334,-0.11587085,0.080763124,0.06911827
1845,-0.0030025542,0.024981104,0.028209906,0.023691524
1846,-0.18768404,0.19023046,0.19633721,0.1566064
1847,0.01006417,0.025432244,0.045863714,0.031128703
1848,-0.11825438,-0.44661155,0.09209658,0.09944814
1849,0.12175636,-0.17838877,0.12760866,0.116434105
1850,0.07790497,0.12067593,0.031840887,0.030545888
1851,0.06981614,0.0747969,0.023420356,0.019698562
1852,-0.18241462,0.19864003,0.06040223,0.04114314
1853,-0.045852054,-0.13518979,0.09561394,0.07485564
1854,0.49809715,-0.21424237,0.21675563,0.15294774
1855,0.06434712,-0.11349237,0.060243987,0.045205664
1856,0.036490064,-0.029574625,0.05949372,0.049416073
1857,-0.2758987,-0.2959853,0.057927683,0.045880802
1858,-0.21158165,0.5352926,0.041520536,0.043790214
1859,-0.03286132,-0.00893487,0.053062234,0.042233795
1860,0.36107165,-0.15950397,0.050945736,0.037556134
1861,0.48835614,-0.32946077,0.04063441,0.037046257
1862,-0.03188998,-0.3885394,0.029736234,0.03036318
1863,0.07762568,-0.0062214956,0.07431095,0.05861235
1864,-0.020202724,-0.23328188,0.09201937,0.083259284
1865,0.036573913,-0.25777578,0.029586136,0.028465522
1866,-0.07911196,-0.007800907,0.09672405,0.07003874
1867,0.27809423,0.09352393,0.063247085,0.057725646
1868,-0.0019576047,-0.13436309,0.104804985,0.09351606
1869,0.6145758,-0.04004067,0.051952485,0.04230711
1870,0.22031635,0.03450179,0.06729329,0.055841558
1871,-0.2747618,-0.15449,0.03177841,0.027569568
1872,-0.06182661,-0.20233476,0.051989038,0.050159443
1873,-0.08932701,-0.10266177,0.04525081,0.039239135
1874,-0.14817785,0.15439011,0.15723354,0.12628931
1875,-0.050311893,-0.05268821,0.030278685,0.024373053
1876,0.14459793,-0.2868305,0.04377915,0.03914649
1877,0.44762084,-0.05368021,0.047365166,0.038431544
1878,-0.05411528,-0.055854052,0.07778182,0.074276686
1879,0.026275918,0.06014091,0.03804028,0.031002626
1880,0.03391737,0.051145926,0.047096923,0.042965923
1881,0.58166385,-0.2804747,0.051147714,0.045045752
1882,0.1611562,-0.7019738,0.19762395,0.21620207
1883,0.08139314,0.16945611,0.056098886,0.050800066
1884,-0.008925054,0.01576034,0.10102249,0.082899064
1885,-0.022422045,0.0025985092,0.0541039,0.05351675
1886,0.076500624,-0.057622835,0.031014908,0.026569897
1887,0.11323261,-0.11737415,0.08184214,0.060184937
1888,-0.4109073,0.015793465,0.09904051,0.07648459
1889,-0.0027162395,-0.15859556,0.07350458,0.07013697
1890,-0.06386185,-0.020574197,0.07466437,0.076499514
1891,-0.05299045,-0.019439414,0.04144231,0.040667456
1892,0.15381876,-0.04740034,0.029521784,0.024086798
1893,-0.017582841,-0.13402729,0.0850835,0.058368593
1894,-0.02051419,0.0009589717,0.030316506,0.0255675
1895,-0.05651129,0.138573,0.077313416,0.06328871
1896,0.14673883,0.1741579,0.03403181,0.027847221
1897,-0.02844892,-0.22611013,0.15600684,0.17001028
1898,0.15903115,-0.23679999,0.03693877,0.027637914
1899,0.6396643,0.6006341,0.0671971,0.04763271
1900,0.63246727,0.6570307,0.051403884,0.047673408
1901,0.04918431,-0.08392812,0.024745502,0.020095386
1902,-0.52606136,-0.6323384,0.052852508,0.055920403
1903,-0.056806844,-0.0016308948,0.11186206,0.101548396
1904,0.023597758,-0.026932485,0.032461833,0.025349244
1905,0.060864817,0.12380305,0.08837845,0.069296986
1906,-0.5604029,-0.26795167,0.04180972,0.03366274
1907,0.067609444,-0.06555036,0.03872184,0.03151018
1908,-0.6232665,-0.26426813,0.115879506,0.08987095
1909,0.43829063,-0.25062892,0.091775134,0.07851199
1910,-0.40487176,-0.70143473,0.036766313,0.042704117
1911,0.30697232,-0.4908429,0.042891253,0.040387522
1912,-0.1334541,0.40052617,0.030497251,0.03009469
1913,-0.20535678,0.20573641,0.068053104,0.05836214
1914,-0.21382551,0.4429911,0.09901892,0.10769834
1915,0.04939993,0.0011134818,0.048872206,0.03891269
1916,-0.55823636,0.013108864,0.117033094,0.08920219
1917,-0.054601185,-0.089413,0.06031963,0.06349046
1918,-0.41042295,-0.6413852,0.048443448,0.04989864
1919,0.4812384,0.43655777,0.12351374,0.14362766
1920,-0.159128,0.27795136,0.05279246,0.0449997
1921,0.37183887,-0.48243734,0.065213315,0.06128269
1922,-0.012289183,-0.15353833,0.06327651,0.0542132
1923,-0.040983886,-0.015401363,0.03203706,0.025960736
1924,-0.025297463,0.032998048,0.027348092,0.022657221
1925,0.8325566,0.30101517,0.054738827,0.041145884
1926,-0.17706347,0.17190962,0.20990162,0.18353947
1927,-0.05694831,-0.26768,0.2926825,0.25722834
1928,-0.10489926,0.095773816,0.03822618,0.03542568
1929,0.009581827,-0.09880446,0.11618258,0.092665896
1930,-0.10133313,0.6817291,0.08634258,0.07457001
1931,-0.028251417,-0.056072816,0.032623727,0.027790554
1932,-0.059904758,-0.16833365,0.029277422,0.024879826
1933,-0.056051537,0.0010154396,0.04408274,0.03400106
1934,-0.12526724,0.42787078,0.042773616,0.048691206
1935,0.016851623,-0.052581236,0.07618233,0.06715459
1936,-0.45151287,-0.30145228,0.049538262,0.045277964
1937,-0.18098348,0.06847273,0.054907534,0.048585553
1938,-0.409785,-0.5039818,0.12178129,0.12749653
1939,-0.079018146,-0.06757301,0.1948066,0.19295642
1940,0.090343446,0.011849396,0.05146107,0.043359023
1941,0.20521256,-0.7454177,0.07635795,0.08286668
1942,0.088307396,-0.24977848,0.093162894,0.08842567
1943,-0.06491028,-0.0458045,0.090232536,0.0867164
1944,-0.032386903,0.117017165,0.122900456,0.12395839
1945,0.102576554,0.4008722,0.05886315,0.055691857
1946,0.1219407,-0.5453706,0.1114068,0.10516365
1947,-0.089267224,0.098485745,0.07855718,0.06595851
1948,-0.095421016,-0.011517562,0.046681855,0.038371187
1949,-0.015481602,0.033687863,0.0493085,0.04004601
1950,-0.25235882,-0.34609875,0.06249424,0.063089
1951,0.31885532,0.62861073,0.060668282,0.06260738
1952,0.08460869,-0.030545086,0.03331741,0.031499878
1953,0.5344277,0.02219133,0.13680305,0.11322588
1954,-0.3887051,-0.31380522,0.07193663,0.065328576
1955,-0.004765045,0.04183577,0.06306421,0.046703864
1956,-0.04475315,-0.013574295,0.15483092,0.15984087
1957,0.056168955,0.12874413,0.052815754,0.05475147
1958,0.50061226,0.09456741,0.04402855,0.033279516
1959,-0.004029516,0.04243169,0.070841745,0.053425502
1960,0.0082555525,-0.005093023,0.06203218,0.04805033
1961,0.07402828,-0.16465577,0.05145949,0.042076822
1962,0.011565339,0.48485124,0.07348409,0.06788473
1963,-0.064600274,-0.26572144,0.062527165,0.06775024
1964,-0.083341256,-0.038702637,0.10539513,0.089886814
1965,-0.039121866,-0.0057983696,0.027376048,0.022230461
1966,0.4627155,-0.02347643,0.045417145,0.036157265
1967,-0.051833678,0.040716752,0.038983744,0.03573686
1968,0.029903606,-0.18942577,0.12121711,0.12521446
1969,-0.08998309,-0.14489,0.058325075,0.05018347
1970,-0.022704829,-0.104819804,0.051010538,0.04630454
1971,0.49345395,-0.10940392,0.03681733,0.028489657
1972,0.0015930049,0.030327484,0.02975984,0.024457883
1973,-0.23698549,-0.12792106,0.21226221,0.15068795
1974,-0.39687958,0.15186729,0.15722287,0.116817124
1975,-0.59281397,-0.5169077,0.15479489,0.15271181
1976,0.29915237,0.0887987,0.077474065,0.06416235
1977,-0.0021771714,-0.050229207,0.049750503,0.038723953
1978,-0.20820434,-0.56596553,0.052096665,0.051589638
1979,-0.13169861,0.22176279,0.047476243,0.03979604
1980,0.14891833,-0.47363332,0.033854812,0.032726765
1981,-0.13479096,0.39513272,0.07585298,0.07037717
1982,-0.02481484,-0.01659856,0.10675567,0.085030355
1983,-0.14873002,0.013748713,0.031243477,0.024789933
1984,-0.18380928,-0.1670183,0.045572743,0.032694373
1985,-0.064292595,0.023845412,0.10394788,0.08302881
1986,-0.435405,0.24301645,0.12594973,0.10367613
1987,0.017877854,0.048161652,0.024054812,0.02170027
1988,-0.051860802,-0.016047806,0.041490227,0.0368582
1989,0.0024869367,0.043536518,0.084401496,0.07352194
1990,0.009786282,0.07129356,0.07688145,0.06626664
1991,-0.28011018,-0.09423487,0.033911277,0.02511254
1992,-0.16160342,0.2485303,0.20139,0.20563944
1993,0.32420054,0.46846923,0.05459887,0.04836529
1994,0.04088002,-0.22669724,0.046624396,0.044105805
1995,-0.05685529,-0.054634213,0.028327765,0.023454431
1996,-0.32573667,0.08862889,0.10571629,0.07116617
1997,-0.037549216,0.0103807375,0.13980673,0.12135043
1998,-0.3388175,-0.37423944,0.034842413,0.03447387
1999,0.095584124,0.32177883,0.050096273,0.04832512
2000,-0.10773867,0.02522327,0.07639396,0.053199213
2001,-0.25363797,-0.25222322,0.12935965,0.10904879
2002,-0.037664168,0.05168409,0.056960046,0.043947753
2003,0.07510391,-0.0950961,0.042062353,0.033718552
2004,-0.07373819,0.15064695,0.032265745,0.026599238
2005,0.005264748,-0.0034966692,0.035689972,0.027951526
2006,0.060017776,0.15439647,0.032086357,0.028147563
2007,0.022997238,-0.0104452,0.0256701,0.022411574
2008,-0.029454885,-0.589187,0.040190767,0.049617324
2009,0.114929736,0.0133605,0.08722562,0.076492056
2010,0.0335679,-0.077400655,0.051402986,0.04307445
2011,-0.029789548,-0.008096106,0.036087785,0.028697912
2012,0.0026295856,0.0007110387,0.04060339,0.03394532
2013,0.013485309,-0.052934453,0.14676623,0.112198725
2014,0.014180791,-0.057699114,0.03145294,0.025135422
2015,-0.030181479,-0.036236644,0.035036616,0.025982348
2016,-0.0040388927,0.02591668,0.050010204,0.04028881
2017,-0.09404537,0.13476214,0.04955834,0.052823476
2018,0.062547654,-0.06258799,0.069582686,0.056956623
2019,-0.07465181,-0.06345354,0.1255859,0.0993214
2020,0.09697963,-0.24994755,0.04613809,0.039221395
2021,0.041016277,0.32829922,0.07382553,0.071661375
2022,0.055956777,-0.07283434,0.1711789,0.16676988
2023,-0.38168088,0.48243156,0.056368332,0.050444085
2024,0.016263127,0.027988836,0.033308186,0.028955515
2025,0.008556753,-0.13979,0.056097984,0.050284192
2026,-0.11730607,-0.06982581,0.10464278,0.094007
2027,0.01841576,0.18214811,0.024934815,0.02313199
2028,-0.7065382,0.18859348,0.1134664,0.067739025
2029,0.12551312,-0.18353033,0.027812423,0.023372311
2030,0.10347746,0.675159,0.052906435,0.055017907
2031,-0.1263596,-0.043912247,0.08093442,0.07634688
2032,-0.035343718,0.4893888,0.036681965,0.035939846
2033,0.11862983,0.09708432,0.06282074,0.0483085
2034,-0.08888076,0.08494088,0.22860835,0.23658353
2035,0.09910625,0.029915735,0.15341374,0.11321849
2036,-0.048386246,-0.34139928,0.19177257,0.20919028
2037,-0.7564359,-0.05959919,0.0379658,0.034845434
2038,-0.13805796,0.4892814,0.1510722,0.16725178
2039,0.09984414,0.050054446,0.025193956,0.020991111
2040,0.060221333,-0.052156582,0.041802738,0.03320505
2041,-0.3566248,-0.012043491,0.098974004,0.066632226
2042,-0.05240632,0.042296015,0.07870881,0.06276859
2043,0.1375705,-0.4468023,0.06545631,0.06615038
2044,0.504029,-0.05855295,0.06523219,0.055273842
2045,-0.2595421,-0.74788296,0.03301827,0.038933285
2046,0.0007185191,-0.009194046,0.038397927,0.030241664
2047,0.20956475,-0.0278408,0.08206378,0.06409869
2048,-0.080978975,-0.19630554,0.10187147,0.07268755
2049,0.38515913,0.15155365,0.041105203,0.035039265
2050,-0.066999465,-0.14044166,0.086830705,0.07426101
2051,-0.020070016,0.005054109,0.03495834,0.028318724
2052,-0.06279215,0.33977008,0.037942957,0.03175714
2053,0.05311964,0.005614847,0.034630783,0.033826314
2054,-0.1160509,0.10493698,0.07772721,0.059962343
2055,0.8451947,-0.19764805,0.08175811,0.06798137
2056,0.024856456,-0.016361408,0.050881386,0.046246737
2057,0.051231045,-0.056972325,0.04928796,0.0455694
2058,-0.0018233731,0.010244861,0.028784003,0.022939406
2059,-0.43853003,0.42736417,0.061322823,0.062026188
2060,-0.06126685,0.0055281147,0.029658005,0.024380546
2061,-0.010184471,0.026393898,0.030172393,0.02426372
2062,-0.457068,0.0065224916,0.0972956,0.06802979
2063,-0.14754704,0.10254657,0.1187596,0.110533014
2064,-0.021250175,0.083504565,0.076831326,0.06090012
2065,-0.03742487,0.010815881,0.032449022,0.027418416
2066,0.14005104,-0.08292678,0.048971653,0.046414915
2067,0.52576476,0.10325516,0.11909713,0.09611554
2068,-0.49031168,0.62700486,0.060655154,0.055223096
2069,0.061371695,-0.048257887,0.03567824,0.029748397
2070,-0.022896599,0.006079294,0.06865197,0.05247108
2071,0.43167603,-0.4726297,0.10997805,0.11652481
2072,0.3282841,-0.11657125,0.07266832,0.049309142
2073,0.016384207,0.0200667,0.03540074,0.0277402
2074,-0.1982232,-0.045292273,0.03700265,0.03160517
2075,0.17590517,-0.3520134,0.047201436,0.052188706
2076,-0.6124568,-0.20307451,0.09617457,0.07478551
2077,-0.09212822,0.11599258,0.086077705,0.07392904
2078,-0.42123488,0.039087966,0.12371441,0.121376865
2079,-0.2931016,-0.11697078,0.0840836,0.056097157
2080,0.02179863,0.030772343,0.02620919,0.020617418
2081,0.0073556975,-0.006816812,0.02348929,0.018266287
2082,0.17439818,-0.019281149,0.10831976,0.10564616
2083,-0.07845889,-0.09051019,0.041913293,0.030902596
2084,-0.35145292,-0.4842203,0.07918273,0.09107983
2085,-0.0985979,0.48763248,0.034224905,0.035923053
2086,-0.0953038,0.05310325,0.02770135,0.022828003
2087,0.10202247,-0.098077655,0.12658371,0.10483799
2088,0.10762763,-0.00202097,0.06093448,0.049268924
2089,0.09410858,0.0019525662,0.121084034,0.09989517
2090,0.055714328,0.047345262,0.027382424,0.022303091
2091,-0.038414486,0.123028584,0.05026702,0.03825736
2092,0.064449504,-0.04906422,0.04759481,0.04541398
2093,-0.0014546812,0.0031914562,0.1933711,0.17527056
2094,-0.16145071,0.124497816,0.024873424,0.022588609
2095,0.034016464,0.0091744885,0.05285883,0.040150132
2096,-0.49902913,-0.4504015,0.040041085,0.044326123
2097,-0.05922316,-0.12480733,0.057765894,0.051494278
2098,0.17907564,-0.12353462,0.032849513,0.025828134
2099,-0.71312726,-0.25948942,0.05975764,0.059154753
2100,-0.25019503,0.13884838,0.05823532,0.045767292
2101,-0.28534633,-0.72691405,0.03839242,0.04699265
2102,0.013322417,-0.053885683,0.078409724,0.08778641
2103,0.7366011,-0.45519665,0.05352167,0.043798476
2104,0.011969302,-0.027480014,0.02819635,0.024667103
2105,-0.3088018,0.1475595,0.11232777,0.09162804
2106,-0.37477922,0.2396387,0.036954165,0.037088193
2107,0.14431645,0.36983222,0.15100569,0.1278562
2108,0.1756743,-0.22772107,0.034641955,0.027613284
2109,-0.6695097,-0.36921683,0.044517703,0.0506299
2110,-0.35819566,0.027043775,0.04373887,0.032953057
2111,-0.18285158,0.02853673,0.036158845,0.02795479
2112,0.2732255,-0.1315327,0.055538345,0.04318714
2113,0.13567562,0.5171021,0.069767125,0.07370809
2114,-0.027109865,0.0888329,0.06856493,0.05199718
2115,0.26597705,-0.58507144,0.055409104,0.07291786
2116,0.24660471,0.104374535,0.12105172,0.08579623
2117,0.34575474,0.16189888,0.05784724,0.053221896
2118,0.34494877,0.054214213,0.06430367,0.052547608
2119,0.08880423,-0.055919573,0.22760957,0.24131188
2120,-0.08405111,0.07707679,0.08750876,0.07192569
2121,0.0062835664,-0.007899344,0.023802707,0.01892588
2122,-0.0284547,-0.059086278,0.041503612,0.033215925
2123,0.469372,0.41532362,0.058457427,0.06425681
2124,0.3192158,-0.19626412,0.11567681,0.07958124
2125,-0.16342597,-0.7380525,0.039163157,0.05220017
2126,0.23887712,-0.11868206,0.05492819,0.05200537
2127,0.090293676,-0.07235815,0.027319327,0.022672098
2128,0.16522105,0.28531206,0.035710678,0.033552825
2129,0.039100196,-0.09884901,0.11309279,0.104021244
2130,-0.0026513077,-0.0014134347,0.026421444,0.022423428
2131,0.012622889,0.0080529675,0.04995498,0.044094574
2132,0.017402213,-0.015277483,0.045143254,0.033385675
2133,0.03835847,0.037875913,0.0919175,0.071037866
2134,-0.04779976,0.011635467,0.03661922,0.030090788
2135,-0.18849301,-0.5131122,0.033441354,0.03168327
2136,-0.04505325,0.05647475,0.09696015,0.08766249
2137,-0.19259085,0.21045306,0.0911348,0.077625655
2138,-0.20336702,-0.11609739,0.16819382,0.1554946
2139,0.1875757,-0.029650941,0.09328974,0.06901069
2140,-0.037513666,0.037459742,0.04039069,0.032526653
2141,0.6828929,-0.35347065,0.24952339,0.20493346
2142,-0.04675154,-0.03188242,0.041628607,0.035332292
2143,0.33091164,0.2213992,0.15394583,0.13254824
2144,0.045241516,-0.0068421885,0.10538623,0.090149544
2145,0.15489684,0.79925895,0.05291299,0.06072302
2146,0.3318744,0.16764957,0.04197068,0.03857289
2147,0.010980889,-0.15127362,0.08142564,0.08266433
2148,-0.012810944,0.013770789,0.040738456,0.034393698
2149,-0.5532701,0.10470423,0.06455069,0.048857354
2150,0.03669695,-0.07555804,0.03191525,0.02859929
2151,0.07294406,0.054207057,0.039610468,0.03349758
2152,-0.075212374,0.5261901,0.06497953,0.06315121
2153,-0.022717593,-0.03943585,0.04837405,0.04514779
2154,0.0018524267,-0.09254904,0.074652195,0.073290676
2155,0.034261663,-0.08977397,0.106608875,0.08098942
2156,0.040809285,-0.04613027,0.104379155,0.09427274
2157,-0.04897055,-0.045797944,0.043149784,0.034671716
2158,-0.23491673,0.018245183,0.058347117,0.04230429
2159,0.015821818,0.031301856,0.06772685,0.051554296
2160,-0.0014144573,-0.0044019297,0.03558103,0.02931436
2161,-0.032379724,0.016820803,0.057266407,0.03847074
2162,-0.041825466,0.16377704,0.10098886,0.08523956
2163,0.25992116,-0.35060078,0.04791485,0.041924294
2164,0.026920345,0.14010122,0.053174827,0.045316137
2165,-0.21866497,-0.2065984,0.07017208,0.06924121
2166,-0.07953613,0.02456358,0.044406414,0.036185306
2167,0.022679806,0.029413953,0.04229961,0.03596103
2168,0.63174343,0.13506098,0.092762925,0.082036875
2169,0.08839099,-0.22718245,0.040434767,0.033842035
2170,-0.17130685,-0.3573248,0.05099785,0.043588616
2171,0.673091,0.48257077,0.050867565,0.047280878
2172,-0.049269915,0.0621796,0.038420178,0.031787418
2173,-0.122338176,-0.0008319169,0.07639451,0.05328787
2174,-0.13317947,-0.09984654,0.1536578,0.13811234
2175,0.019235328,0.008770272,0.03938495,0.034443934
2176,-0.31245112,0.16009414,0.1469338,0.10393382
2177,-0.01904532,-0.08595957,0.049761053,0.044792384
2178,0.12590207,-0.032618687,0.04533968,0.03850193
2179,0.2821578,0.60541105,0.042659964,0.04451024
2180,0.3116376,0.03361709,0.13435149,0.11224797
2181,-0.56153256,-0.07043114,0.050331637,0.047024474
2182,0.11623408,-0.1538406,0.059961326,0.046163417
2183,-0.0034030527,0.018041931,0.029620972,0.024430402
2184,-0.003944909,0.17463347,0.031286806,0.02594248
2185,0.49685976,-0.076769605,0.25665864,0.22208548
2186,-0.014310047,-0.051456556,0.05478645,0.054629087
2187,0.18998598,-0.35989723,0.1525228,0.138461
2188,0.17090291,-0.11451869,0.05333996,0.037306033
2189,0.085131705,-0.013112813,0.077221386,0.06389816
2190,-0.4241443,0.45503643,0.050693408,0.049757455
2191,-0.32565016,0.60194874,0.07099744,0.07944798
2192,0.24523994,0.61988485,0.07103009,0.072341934
2193,-0.050714485,-0.0298706,0.065179475,0.06509596
2194,0.084254175,0.050228138,0.0484824,0.046581134
2195,0.40326387,-0.22513705,0.09649036,0.07519573
2196,0.012852766,-0.14885756,0.07013363,0.07274158
2197,0.16617376,-0.12803069,0.31795794,0.32444033
2198,-0.564628,-0.17996061,0.04718881,0.035602905
2199,-0.015079763,-0.02814383,0.10407282,0.09703999
2200,0.20192814,0.061219115,0.06397989,0.04899197
2201,0.14941862,-0.15548608,0.045302194,0.04537247
2202,-0.13441,0.091724604,0.04013316,0.034775693
2203,-0.21513835,-0.49585387,0.03718977,0.038756445
2204,0.06436995,0.027108885,0.09680251,0.08436311
2205,0.028209805,0.019596301,0.035276465,0.027085802
2206,-0.006613571,0.10742859,0.09298543,0.0876908
2207,-0.09068334,0.12093946,0.11876976,0.093930766
2208,-0.058559705,0.030450888,0.03077588,0.023423994
2209,-0.576619,-0.050604746,0.14858647,0.09823501
2210,-0.1339822,0.042465094,0.070559286,0.05233123
2211,0.36762172,0.100418046,0.045688234,0.038822766
2212,-0.5955331,-0.24748647,0.072042465,0.05944301
2213,-0.03602046,0.040984895,0.05162377,0.04334068
2214,0.09112884,-0.0033338293,0.09917373,0.082662456
2215,0.05623247,-0.09594363,0.07708841,0.05424192
2216,-0.114806324,0.44208714,0.10567994,0.09558101
2217,0.077460274,0.016274534,0.061695553,0.05356364
2218,-0.20565745,-0.1871998,0.19585532,0.16376808
2219,-0.17898974,-0.36620897,0.055530906,0.06153565
2220,0.45960125,0.025772564,0.037789613,0.026014805
2221,0.063730225,-0.17893085,0.07827326,0.066592574
2222,0.02892318,-0.37037015,0.02522639,0.025589874
2223,0.34940767,-0.33403677,0.0424317,0.041048557
2224,0.115171894,0.4352223,0.03407179,0.031067187
2225,0.3021991,-0.20104626,0.0584608,0.050460506
2226,0.18895969,-0.17195147,0.37162974,0.3915038
2227,0.19111595,-0.008877553,0.039935023,0.029661577
2228,-0.04511324,-0.023770489,0.04148429,0.033802114
2229,-0.34384704,-0.23478407,0.05104883,0.047789305
2230,-0.15751512,0.23401806,0.033008467,0.027025752
2231,0.019333083,-0.017064378,0.03032171,0.026096433
2232,0.107296646,0.0401198,0.088732705,0.07271857
2233,0.00028127432,-0.04550667,0.07602933,0.061628666
2234,-0.067253865,-0.15658844,0.15707208,0.14386395
2235,-0.03977987,0.13420677,0.025903847,0.023987738
2236,0.30336016,0.47286767,0.13932307,0.1514589
2237,0.13189404,-0.06544161,0.072405,0.066728964
2238,-0.5352169,-0.13222718,0.047168,0.038936984
2239,-0.23501487,-0.71062744,0.04781735,0.055348
2240,-0.52921504,-0.5131204,0.10643259,0.09873055
2241,0.37850055,-0.030690014,0.0735325,0.05359196
2242,0.021584116,-0.05848065,0.14669119,0.1352492
2243,0.23894447,-0.021317437,0.050860997,0.040864795
2244,0.7079289,-0.24913147,0.06343226,0.04960685
2245,0.062404085,0.11709733,0.05189114,0.04908558
2246,-0.0015819706,-0.0046422854,0.031955894,0.026618164
2247,0.26849878,0.18101248,0.030683395,0.02890259
2248,-0.16552874,0.40719977,0.03845311,0.038285956
2249,0.0011131354,-0.19561869,0.07693631,0.0640421
2250,-0.19416317,-0.4114146,0.036611635,0.035051826
2251,0.117771894,0.10022239,0.1626305,0.13983306
2252,-0.0051011927,-0.033894315,0.09364846,0.07050612
2253,0.0613481,0.035262976,0.03638992,0.028094616
2254,0.09151006,-0.19259065,0.048135623,0.04419626
2255,-0.21244258,0.10185796,0.122258216,0.09531975
2256,-0.16417179,-0.53165185,0.041121338,0.043555524
2257,-0.12409109,0.045513015,0.11965721,0.093681216
2258,-0.03800447,0.12799014,0.031839844,0.024540668
2259,0.0027505867,0.0139495805,0.033139598,0.027119286
2260,-0.09426177,-0.044342607,0.05489456,0.047302168
2261,-0.015723493,0.043647066,0.03809548,0.031935297
2262,0.09418662,0.18398008,0.031570405,0.028256644
2263,0.035817828,-0.022967756,0.085728064,0.08507037
2264,-0.004879648,0.04295246,0.04127268,0.03379943
2265,0.044760596,0.08630207,0.07953906,0.07201922
2266,0.2563518,0.6357131,0.052951436,0.056025006
2267,-0.27243817,0.4382608,0.037213087,0.031714696
2268,-0.16071533,0.2566126,0.061843596,0.053114872
2269,0.011305157,-0.0055233836,0.028718904,0.022936422
2270,0.21420343,-0.11360888,0.06581265,0.058287635
2271,-0.13781737,0.44665194,0.042587657,0.046617433
2272,0.5707085,-0.14858039,0.08417675,0.06331585
2273,0.08436571,-0.047198713,0.06249233,0.05113525
2274,0.04285576,0.4507409,0.19777627,0.20093963
2275,0.0040200464,-0.38070548,0.05986566,0.0733701
2276,0.052763883,0.027601652,0.068077035,0.062377293
2277,0.075300604,-0.28585926,0.16519105,0.15635075
2278,-0.114897266,-0.05860053,0.117356054,0.08300089
2279,-0.014843661,0.027098969,0.039886456,0.03280721
2280,0.46818563,-0.29047927,0.041452263,0.03302217
2281,-0.12420839,0.15788221,0.03061195,0.023478607
2282,0.010513749,0.18734725,0.12116441,0.102348946
2283,-0.13743359,-0.24984565,0.16604714,0.16842867
2284,-0.12017548,0.26290035,0.09903037,0.09377146
2285,-0.22126675,0.5799708,0.051067516,0.05993386
2286,0.16953155,-0.04400301,0.037018385,0.030336995
2287,0.2292389,-0.7142184,0.14536922,0.13393697
2288,0.08456038,0.13963062,0.035522364,0.030110305
2289,0.025984328,0.004854955,0.07459932,0.06349032
2290,0.22754514,-0.08607578,0.04408559,0.035712957
2291,0.23691264,0.043528464,0.2631672,0.29079345
2292,0.30337578,-0.09814665,0.14657043,0.13168128
2293,0.09585427,0.10274862,0.040087923,0.035290975
2294,-0.23540446,-0.2722233,0.13078034,0.11874027
2295,-0.025200952,0.015798151,0.032768868,0.026240615
2296,-0.027343728,-0.14993507,0.1608308,0.14109443
2297,-0.1572392,0.22002411,0.03347225,0.028268695
2298,-0.18102439,0.06652412,0.08870369,0.0769291
2299,0.10807033,-0.008687787,0.077543125,0.0705888
2300,0.106474414,-0.16488624,0.04843277,0.04619318
2301,0.43539262,0.45627883,0.04044839,0.03307867
2302,0.072872356,0.023409516,0.055032786,0.039211128
2303,0.1680395,0.004606113,0.08684567,0.072834894
2304,0.022650633,-0.14565334,0.053737815,0.05718717
2305,0.090165764,0.1408205,0.097599804,0.07347434
2306,0.41036227,-0.66541135,0.08555231,0.14470686
2307,0.14539734,0.5371019,0.028680557,0.03263825
2308,0.16502787,0.052063722,0.03022791,0.028058924
2309,-0.024243418,-0.07476467,0.081653856,0.07005888
2310,-0.017509185,-0.0071539357,0.05849487,0.054672707
2311,0.07961619,0.20352437,0.036088362,0.030877586
2312,0.16665424,-0.26538914,0.044765215,0.041479018
2313,0.0021757968,0.05550746,0.10527753,0.08433684
2314,-0.03990363,-0.05346608,0.070366755,0.070520915
2315,-0.038757358,0.033125766,0.03382082,0.02606279
2316,0.007644806,-0.021864086,0.024239138,0.02115677
2317,0.07361813,-0.12471242,0.06876816,0.064364254
2318,0.37924695,-0.2997844,0.049034536,0.04271334
2319,0.13603395,-0.38466343,0.09155184,0.08850581
2320,0.00054586306,-0.17815977,0.07668869,0.068966605
2321,0.22974744,0.018789664,0.069237575,0.05583649
2322,0.011083994,-0.06304075,0.041579433,0.036322255
2323,0.27243337,0.37055567,0.052797213,0.054985255
2324,-0.102926105,-0.24682072,0.07298332,0.069684625
2325,-0.122290865,0.09717551,0.17427866,0.129623
2326,0.042977106,0.11507926,0.041366022,0.03631633
2327,-0.09669617,0.47828618,0.13881466,0.13034627
2328,-0.06536063,0.01160638,0.081402235,0.057229497
2329,0.33119482,-0.08385371,0.041383065,0.031366616
2330,0.09608391,0.2881416,0.05516174,0.056201316
2331,-0.35069734,0.013559148,0.1331718,0.12582052
2332,0.06719899,-0.023682117,0.030179795,0.026605502
2333,-0.029860562,-0.08762424,0.03816284,0.031584516
2334,-0.019081015,0.08735586,0.02966391,0.025681552
2335,-0.041188892,0.05267391,0.06675638,0.061482545
2336,0.06712425,-0.10606268,0.023768365,0.021128906
2337,0.16284515,0.08897159,0.031415276,0.025448604
2338,0.034403812,-0.20890054,0.036865238,0.03033603
2339,-0.088740095,0.03151518,0.036186896,0.029808532
2340,0.20439507,0.12120574,0.060664237,0.045477126
2341,0.08266622,0.0101444125,0.024053998,0.019875769
2342,0.06417416,-0.07101464,0.035117064,0.028176246
2343,0.20067576,0.2879972,0.113018796,0.108959064
2344,0.22361991,0.064903595,0.09465078,0.06671592
2345,-0.024490407,-0.023188993,0.041073162,0.034482017
2346,-0.13919882,-0.14245719,0.03829445,0.031622097
2347,0.5199212,-0.52842355,0.049893178,0.043116912
2348,-0.21981323,-0.35038382,0.036277834,0.036470298
2349,-0.1594117,0.036433857,0.06101804,0.037674844
2350,-0.09221999,0.45201904,0.13919738,0.1441047
2351,0.2530566,0.65007234,0.07953983,0.0871731
2352,-0.2028383,-0.2827578,0.034979172,0.028787775
2353,-0.46518514,0.06329124,0.20953228,0.15110211
2354,0.0447545,-0.04734887,0.07149833,0.063397676
2355,0.042148445,0.040365692,0.027906332,0.023435026
2356,0.03910223,0.081502415,0.06797981,0.06410866
2357,0.10153629,-0.11556399,0.046302002,0.03549328
2358,-0.7230263,-0.250621,0.088937886,0.06921093
2359,-0.01634598,-0.06289081,0.04083699,0.033381645
2360,0.064684704,-0.0824444,0.061880574,0.05529397
2361,-0.26385623,-0.31438994,0.07178807,0.06561868
2362,0.12006335,0.7282511,0.06304853,0.06121597
2363,-0.20719616,0.035113893,0.050014745,0.03659297
2364,0.0030678697,-0.10410619,0.06652943,0.05847038
2365,-0.027739812,0.0075021237,0.049008876,0.03933165
2366,-0.40844262,-0.30594322,0.070292525,0.06538388
2367,0.08786203,-0.019269012,0.04101424,0.037857614
2368,-0.04237655,0.04103798,0.20938107,0.16051295
2369,-0.16333967,0.18412365,0.042279158,0.034417473
2370,0.08233258,0.08335042,0.079250775,0.06906254
2371,-0.88907766,0.24402416,0.040691983,0.03641388
2372,0.14891632,-0.054927006,0.079921894,0.054912105
2373,0.003017921,-0.011508614,0.118805334,0.116500184
2374,-0.14912412,-0.06381555,0.0735768,0.051421024
2375,-0.5181033,0.21140763,0.06663918,0.06384376
2376,-0.5604311,0.30369803,0.06131228,0.055048607
2377,0.00059452653,0.013088882,0.22157079,0.17423312
2378,-0.30365792,-0.5169238,0.036463834,0.036601312
2379,0.032894578,0.04382646,0.042080984,0.03516002
2380,-0.101722226,-0.2561912,0.08890866,0.079808466
2381,0.49495485,0.08577341,0.044017266,0.034483004
2382,0.13033162,0.7068734,0.08852216,0.073219925
2383,-0.00976504,-0.028090805,0.034902733,0.031713426
2384,-0.045414217,0.021151707,0.050314974,0.042321738
2385,0.35014012,0.04448867,0.06657505,0.048684977
2386,0.035856787,0.023987181,0.02397451,0.020691626
2387,-0.011482768,-0.0053755343,0.028841335,0.02295288
2388,-0.045474295,-0.017103598,0.077978775,0.061036576
2389,-0.16027251,-0.37347803,0.12815225,0.12133357
2390,-0.29936668,0.081284024,0.046789363,0.03565106
2391,0.8070467,0.36881268,0.04928172,0.03615248
2392,-0.061571307,-0.06648846,0.028197275,0.021071596
2393,0.11395417,0.06595548,0.13364741,0.114181094
2394,-0.48157275,-0.07776138,0.041468382,0.032700263
2395,0.12730357,0.16027541,0.09353523,0.08436401
2396,-0.0129676275,-0.033038557,0.08495561,0.077589236
2397,-0.09535903,0.0030859113,0.07868942,0.05602848
2398,-0.18896794,-0.20356542,0.05040917,0.045203865
2399,0.6792548,-0.5459492,0.06301518,0.065272875
2400,-4.6551228e-05,-0.021657258,0.048916146,0.04381033
2401,-0.09769568,0.3439385,0.10386331,0.095937125
2402,-0.00656699,0.069470525,0.030495746,0.024787737
2403,0.070892096,0.11821918,0.0330659,0.032977052
2404,-0.047034357,-0.039502427,0.06080829,0.04974902
2405,0.6680826,0.19652942,0.06055911,0.049173214
2406,-0.013985975,-0.0012942702,0.027617048,0.02131016
2407,-0.17380297,-0.24027872,0.121823296,0.09577134
2408,0.092767164,-0.182414,0.042492718,0.03919416
2409,0.005409267,-0.03444706,0.034448598,0.027914403
2410,0.033023823,-0.18215922,0.0942551,0.10979337
2411,0.024989743,0.063358635,0.029858774,0.025076715
2412,-0.4565888,0.16638684,0.044739563,0.037176643
2413,-0.064445496,-0.1359488,0.062139392,0.053907562
2414,-0.3044396,-0.16249382,0.048361663,0.037502456
2415,-0.10153909,-0.110304534,0.042540815,0.037847977
2416,-0.6790834,0.021356307,0.12563196,0.11776922
2417,-0.6165422,0.54289037,0.091141425,0.07935928
2418,-0.19143766,-0.016754754,0.14191487,0.117851615
2419,0.04150079,-0.15472844,0.14005446,0.13168718
2420,0.118582785,-0.23064268,0.031390205,0.026903052
2421,-0.11198272,-0.16020072,0.09899851,0.08940541
2422,-0.04001216,-0.07468535,0.059308924,0.06504569
2423,0.26193383,-0.16352746,0.16164368,0.11677658
2424,-0.18116315,-0.20148543,0.037819453,0.029819364
2425,0.23086089,-0.20955375,0.032104943,0.02662339
2426,-0.16265538,-0.057617098,0.09934116,0.08725903
2427,0.12148899,-0.16305193,0.05547993,0.05057657
2428,-0.012204645,-0.034102514,0.036381185,0.03211466
2429,-0.07202115,0.060467683,0.07188404,0.062305048
2430,0.4713044,-0.23557806,0.036995295,0.032488942
2431,-0.0340334,0.05095352,0.10136187,0.108044624
2432,0.31570503,-0.2988521,0.049919605,0.04536794
2433,0.030604277,0.08843766,0.031973675,0.025579154
2434,0.040131424,-0.063372,0.027245779,0.023997756
2435,-0.0504538,0.19404256,0.028729675,0.027611952
2436,-0.01009398,-0.064404726,0.054996222,0.042214017
2437,-0.500714,-0.035686716,0.06880021,0.048864238
2438,0.3548842,0.13774285,0.0430195,0.037613418
2439,-0.12287894,-0.04090646,0.028214544,0.022044532
2440,0.04280187,0.08135812,0.061391663,0.04761886
2441,0.74200785,-0.12908536,0.047104202,0.041413072
2442,0.29950044,-0.081273004,0.03795604,0.031197526
2443,-0.16826504,0.13672628,0.07970287,0.073016755
2444,0.077234,-0.19320023,0.10786982,0.09552475
2445,-0.14568092,0.2521826,0.309301,0.2799932
2446,0.071437955,-0.3697485,0.029601645,0.034737688
2447,0.027574703,0.028028212,0.03196236,0.02539179
2448,0.013941377,0.012895085,0.06621797,0.049805436
2449,-0.025581613,0.019632638,0.035921503,0.030064145
2450,-0.05337979,0.012099996,0.057247497,0.042384677
2451,0.122660965,0.45166352,0.041647702,0.046104427
2452,-0.14232196,0.03627193,0.064213686,0.05225664
2453,0.00737866,-0.022564135,0.04781485,0.03739988
2454,0.032895673,0.1673667,0.02984697,0.02766564
2455,-0.020340152,-0.004510008,0.029460903,0.028620863
2456,-0.0015964136,0.0047866926,0.034224555,0.02770501
2457,0.08271068,0.10787425,0.07938986,0.06186788
2458,0.12816085,-0.035389006,0.109483786,0.09936862
2459,0.06933074,-0.0833572,0.066823065,0.06674505
2460,-0.05725582,-0.020419672,0.05870106,0.054066103
2461,0.005311545,0.0017863363,0.13043898,0.10137165
2462,0.03744586,0.21667069,0.047859166,0.03800426
2463,-0.8753726,0.21036565,0.060927972,0.04516088
2464,-0.31005365,-0.1109011,0.09850149,0.07169554
2465,0.10463633,0.24485986,0.037162207,0.032869086
2466,-0.06697449,0.012509592,0.04823218,0.039816566
2467,0.3186776,-0.31736818,0.04143888,0.03986036
2468,0.19341695,0.5195168,0.035761055,0.035172176
2469,0.01829911,-0.054825842,0.03768251,0.03529844
2470,0.027116891,0.19402418,0.066980384,0.06542554
2471,-0.020394359,0.06353864,0.27898696,0.34400463
2472,-0.013761958,0.0988665,0.037148647,0.028735528
2473,0.025659908,-0.022610016,0.036889486,0.030849492
2474,0.029792108,-0.027643204,0.031344805,0.024383644
2475,-0.008327775,-0.065172926,0.06583263,0.062143
2476,0.44971284,0.120566785,0.15905419,0.13164791
2477,0.046832222,0.19082406,0.06949828,0.06648163
2478,-0.08280827,-0.083070144,0.04012492,0.03186109
2479,0.015148047,-0.19233343,0.056102272,0.05145415
2480,0.41487962,-0.7338499,0.040430985,0.043152556
2481,0.19142862,0.022523321,0.12738158,0.10608778
2482,0.21099843,-0.062096372,0.029938024,0.02286444
2483,-0.052596964,-0.06835425,0.044900738,0.035611957
2484,0.69897634,-0.040924817,0.046010364,0.038446426
2485,-0.0012251232,-0.3556984,0.066285245,0.069320634
2486,0.1255991,-0.39478987,0.047813036,0.046308905
2487,0.06729281,-0.04253903,0.06274606,0.04537724
2488,-0.10933784,0.115771376,0.07235998,0.07177372
2489,0.07975213,0.02535595,0.043179464,0.0379381
2490,0.036517557,-0.19583929,0.035517987,0.029766763
2491,0.16233505,0.6328856,0.042859852,0.052621573
2492,0.57134205,-0.22834417,0.059132177,0.043892138
2493,0.051192116,0.23907413,0.03458887,0.035525784
2494,-0.24475734,-0.1641851,0.063861355,0.06136419
2495,0.39952585,-0.70852435,0.06173444,0.0500511
2496,-0.6020922,-0.16250572,0.05011124,0.0365837
2497,-0.027933,0.06314175,0.040240802,0.035207987
2498,0.057219718,-0.09942129,0.053238582,0.03975317
2499,-0.37398717,-0.034814715,0.09601213,0.08607761
2500,-0.015841259,-0.069218144,0.028492883,0.023871874
2501,-0.024626851,0.15891606,0.06721783,0.060769413
2502,-0.0059086643,-0.014990225,0.041713223,0.03325908
2503,0.06188019,-0.035663664,0.046599027,0.044106748
2504,0.07658458,-0.5208863,0.0972094,0.11313987
2505,-0.04114358,0.009065777,0.11067454,0.13693845
2506,-0.20814992,0.4106326,0.05290915,0.04975231
2507,-0.06855884,0.45272475,0.16287132,0.15136993
2508,0.2883231,-0.012087591,0.10764998,0.0945049
2509,-0.002565613,-0.0763796,0.045232695,0.039549664
2510,-0.41357353,-0.6904322,0.048117552,0.055608273
2511,0.08028185,-0.16687664,0.06818339,0.054753695
2512,-0.02179673,-0.016021177,0.03285297,0.026117776
2513,-0.18205006,0.16001414,0.08740129,0.07429449
2514,0.1791367,-0.2328091,0.03066143,0.026840232
2515,-0.039965495,0.017793968,0.030777382,0.0261695
2516,-0.026988734,-0.23195174,0.06602259,0.06758564
2517,-0.04765499,-0.07017167,0.053812712,0.048793167
2518,0.111935586,-0.24043041,0.120255984,0.110302374
2519,0.0016271509,-0.023703016,0.11463468,0.117070206
2520,0.4625171,-0.3176953,0.039307926,0.029301463
2521,0.010031316,0.060820095,0.06367032,0.05658246
2522,-0.0074626636,-0.090551555,0.030496903,0.025869824
2523,-0.05762386,0.012078226,0.08283144,0.059529126
2524,-0.48811868,0.3168742,0.15470828,0.124799706
2525,0.61677754,-0.46845677,0.03804292,0.030448264
2526,0.5067724,-0.10444856,0.22998004,0.17295344
2527,0.009629235,0.006520495,0.025444552,0.021054406
2528,0.22447172,0.098231725,0.1479445,0.13687575
2529,0.0214157,0.0053272024,0.027042283,0.021872614
2530,0.11622989,0.24777962,0.059444513,0.06453899
2531,0.40782356,0.0369332,0.18686,0.12915285
2532,-0.040756863,0.0012213662,0.04211962,0.034157164
2533,-0.030209165,0.12025493,0.070847526,0.05772774
2534,0.14958762,-0.033317998,0.12118036,0.12685049
2535,-0.5712603,-0.44303086,0.08593101,0.0853731
2536,0.10344143,0.11406858,0.035093013,0.02802834
2537,0.12507826,0.060158893,0.09420019,0.07733407
2538,-0.026575916,-0.11543696,0.1912353,0.17094913
2539,0.7643209,0.046086214,0.049721353,0.03589518
2540,-0.043487087,0.018379115,0.033486664,0.026502742
2541,-0.006511312,-0.18072483,0.09654243,0.09330547
2542,-0.17431757,-0.060182765,0.13379058,0.08945332
2543,-0.08984516,-0.29627004,0.11253295,0.11668965
2544,-0.06103881,-0.0072301254,0.12902,0.10731659
2545,0.26626533,0.09309628,0.19532105,0.15280846
2546,-0.045584477,-0.5626675,0.029680688,0.031675003
2547,-0.11505821,0.027267545,0.13828608,0.08620638
2548,0.4395248,0.10122561,0.19454736,0.15139759
2549,-0.13293687,-0.08176677,0.067030445,0.052819584
2550,0.07742496,-0.84743524,0.122813165,0.11305214
2551,-0.20192865,-0.056819797,0.09828271,0.09779113
2552,-0.09291318,0.057645403,0.11197067,0.103232734
2553,-0.03225515,0.048125252,0.05319076,0.046027634
2554,0.041805338,-0.022808768,0.05734565,0.048671454
2555,0.06841765,0.031962693,0.08101666,0.061898034
2556,0.011585925,0.026580274,0.019515594,0.017584465
2557,0.6626909,0.087267086,0.03307374,0.028436122
2558,0.0137387365,0.0044982284,0.06882959,0.0612279
2559,0.007599499,-0.009465985,0.034008995,0.037301295
2560,0.04155836,-0.16576883,0.032192335,0.0298791
2561,-0.034925852,0.007671699,0.063105285,0.052138165
2562,-0.48020834,-0.09205027,0.19354008,0.13331403
2563,0.4374714,-0.06338984,0.07057207,0.0530918
2564,-0.13043137,-0.28631493,0.10934209,0.10447483
2565,0.041888934,0.0336413,0.09283051,0.06851647
2566,0.087006286,-0.19399709,0.10685444,0.0897646
2567,0.010810021,0.0054216087,0.03552259,0.0320796
2568,-0.5348413,-0.89245236,0.04653928,0.04892637
2569,-0.2810474,0.271216,0.049085613,0.05686345
2570,-0.19314685,0.6391264,0.08976503,0.1008704
2571,0.10952674,-0.14214428,0.22612545,0.19373542
2572,-0.081125185,-0.06250082,0.068794206,0.068254
2573,-0.012767209,0.04538699,0.069757245,0.06347558
2574,-0.0009027198,-0.04959412,0.032399744,0.027846921
2575,0.3188669,0.111855984,0.050030515,0.03753483
2576,0.1602554,0.050489802,0.06466357,0.062198445
2577,-0.6025986,0.17828462,0.042267043,0.03503562
2578,-0.123449236,-0.26740992,0.042218477,0.038583305
2579,0.07098615,0.05060451,0.05910915,0.049314138
2580,-0.068497136,-0.05905062,0.04973655,0.039616276
2581,0.26968375,-0.38191637,0.103688575,0.0928606
2582,-0.20940658,-0.35108197,0.046351627,0.04150542
2583,0.006546404,-0.024245672,0.088926665,0.06957865
2584,-0.35206163,-0.3460876,0.03454902,0.0290183
2585,-0.021254282,0.0070589706,0.030034624,0.024012659
2586,-0.029833054,-0.030464977,0.04029932,0.032982945
2587,0.12622014,-0.09053233,0.11425118,0.098127775
2588,-0.027117569,0.04445282,0.10348544,0.09933819
2589,0.6967032,-0.28349385,0.058879998,0.045085344
2590,-0.10955837,-0.15292348,0.041806173,0.03296434
2591,-0.15762645,0.33177853,0.054571327,0.058203317
2592,0.010760754,0.011721633,0.06449415,0.061965607
2593,-0.4667148,-0.46843782,0.05795953,0.05092198
2594,-0.014355142,-0.09634876,0.03434113,0.029432464
2595,0.23893899,0.024406783,0.097735055,0.070163555
2596,0.5762651,-0.6023537,0.090411596,0.07844056
2597,-0.054513566,0.1126143,0.18041368,0.1467225
2598,-0.07736258,-0.060438573,0.028129471,0.02204749
2599,0.09836112,0.24789295,0.14304191,0.14206919
2600,-0.40568677,-0.19340211,0.050959785,0.039134838
2601,-0.006217815,0.023880243,0.048280343,0.040148105
2602,0.020928096,0.030318402,0.028689947,0.023194928
2603,-0.12140831,0.1117135,0.04940427,0.03810466
2604,0.044865336,0.09405205,0.02281218,0.018173529
2605,-0.6416629,-0.525622,0.18118323,0.13618091
2606,0.091175824,0.31078386,0.1463339,0.140567
2607,0.025035203,0.19843456,0.06563327,0.06584248
2608,0.49386343,-0.04698062,0.31566766,0.21969236
2609,0.18547726,-0.4948925,0.043130603,0.039778873
2610,-0.032129113,0.08377172,0.034300126,0.030524045
2611,0.025446385,-0.07647617,0.039299216,0.031889167
2612,0.36994797,0.29717362,0.06464189,0.061541613
2613,-0.042070363,0.06382275,0.07827634,0.07120587
2614,0.22114018,-0.05232565,0.0909563,0.077708356
2615,0.26377976,-0.20677054,0.056510855,0.045786843
2616,0.0889326,-0.018482998,0.07352342,0.053479932
2617,0.28089646,0.22512478,0.0920159,0.089077234
2618,0.122978866,-0.61235,0.115790635,0.13004489
2619,-0.08224161,0.017152883,0.043033317,0.032460857
2620,0.1522675,-0.028729886,0.06856771,0.05707093
2621,0.6269884,0.4400659,0.05409644,0.047939092
2622,0.01071528,0.011868618,0.025312873,0.020126736
2623,-0.0722457,-0.006552376,0.055130713,0.045542568
2624,-0.46786988,0.09871204,0.09037239,0.07125199
2625,0.360624,0.37668064,0.04092385,0.043401986
2626,-0.048924778,-0.09623471,0.24294764,0.1912375
2627,0.45074233,-0.46849653,0.039142177,0.036340814
2628,0.0048417263,-0.020251058,0.05470271,0.040498294
2629,0.27137768,-0.016370907,0.056070365,0.04319289
2630,-0.11544715,0.16710427,0.030973647,0.02853795
2631,0.07643509,-0.23048025,0.22116421,0.18390799
2632,-0.035767768,-0.05433625,0.06742401,0.05793031
2633,0.17840137,-0.08240184,0.17079598,0.15334706
2634,0.020286117,0.030584544,0.029094832,0.026738776
2635,-0.16064511,0.8084389,0.042578515,0.063119665
2636,0.044424694,0.018292986,0.108520515,0.090097815
2637,-0.13449599,-0.2937725,0.04825251,0.047986362
2638,-0.04796187,-0.034610838,0.072351,0.06853203
2639,-0.053649273,-0.062657386,0.033749476,0.027190007
2640,-0.101210564,-0.062593386,0.056440663,0.042752087
2641,0.03971905,-0.27642548,0.033107996,0.033206917
2642,0.58502793,0.10508583,0.041239053,0.03523633
2643,-0.030994305,-0.13650055,0.035180256,0.03255116
2644,-0.08508543,0.03595385,0.036442682,0.028655637
2645,-0.026189085,-0.18037373,0.05057839,0.04865668
2646,-0.31565893,-0.2405338,0.031461593,0.030943645
2647,-0.028905423,-0.03675455,0.06045879,0.05494059
2648,-0.112302855,0.63550913,0.091455124,0.08608498
2649,-0.122470245,-0.07791597,0.12995695,0.109756246
2650,-0.012140445,0.04116474,0.030503148,0.02714109
2651,-0.004842628,-0.18236893,0.043514285,0.03799206
2652,-0.1217238,0.52604544,0.12430161,0.14841443
2653,0.00056347623,0.21602309,0.11206948,0.11847912
2654,0.40387163,0.2986802,0.04984963,0.042699106
2655,-0.19440913,0.35322255,0.039669707,0.033782527
2656,-0.11715792,0.0037277564,0.051739465,0.042022135
2657,-0.7465316,0.17928296,0.07291981,0.050389282
2658,0.2045362,0.09528744,0.13293657,0.12993725
2659,0.1446108,0.097192235,0.095749356,0.074998595
2660,0.04837196,-0.22466058,0.07179007,0.06436407
2661,-0.03087139,-0.1893709,0.08245334,0.08613256
2662,0.5053919,0.21188128,0.18667795,0.16721518
2663,0.057454947,-0.3439721,0.057163287,0.050412238
2664,-0.12754911,0.07154825,0.044783674,0.032295745
2665,-0.017615147,-0.040347695,0.034244947,0.027981719
2666,-0.33938622,0.5449342,0.086355254,0.10792621
2667,-0.08848925,-0.20729193,0.04747954,0.042705096
2668,-0.044418763,0.104123995,0.08001896,0.08217085
2669,0.46623138,0.50428313,0.18238422,0.17387015
2670,0.1598444,0.1764374,0.033114336,0.033652827
2671,0.15912978,-0.26579827,0.38346252,0.40077206
2672,0.0024546012,-0.07385485,0.029235512,0.024669435
2673,-0.17699884,0.012013316,0.045586754,0.032795798
2674,0.5016292,-0.4285883,0.06503159,0.060268223
2675,-0.016870152,0.113504365,0.04691642,0.05432056
2676,0.22754759,-0.17422372,0.0980842,0.07349251
2677,-0.09987694,-0.0814103,0.09762382,0.09080351
2678,-0.14480306,-0.03978327,0.03641337,0.029279763
2679,-0.17794535,0.03244698,0.13876818,0.09018223
2680,0.013539113,-0.029206753,0.03933372,0.029298158
2681,0.015402399,0.24591357,0.047809966,0.04278633
2682,0.030461177,0.0393626,0.10539265,0.07827564
2683,-0.13047671,0.013564348,0.042240303,0.036821935
2684,-0.13919412,0.22924784,0.041989654,0.04001401
2685,-0.16092515,0.03635599,0.15018974,0.12106078
2686,-0.46482742,-0.015916489,0.057344984,0.047418486
2687,-0.09467663,0.08880338,0.036531758,0.029350622
2688,-0.10920201,-0.09945427,0.04584618,0.038151816
2689,-0.47891116,0.16588014,0.042991985,0.033295445
2690,-0.064180136,0.025575735,0.061270345,0.049312353
2691,0.37561586,0.0047693625,0.07436639,0.05945564
2692,0.038139034,0.045581147,0.023201168,0.020388652
2693,0.05421887,-0.047727004,0.043420006,0.034695547
2694,0.084708974,-0.117035806,0.09606703,0.11225674
2695,-0.052985854,-0.081080124,0.027033582,0.022390718
2696,-0.27019063,0.2994435,0.103649475,0.09372323
2697,0.038158108,-0.13327461,0.16015963,0.15496492
2698,0.17970887,0.15408209,0.049238592,0.04004345
2699,0.9399473,-0.17108732,0.081743605,0.06309299
2700,0.11510743,0.10827807,0.036524747,0.030061554
2701,0.072597325,0.56259966,0.08374763,0.08159144
2702,0.03993239,-0.17794853,0.041455805,0.03594895
2703,-0.07439471,0.15264888,0.13627256,0.1007597
2704,0.11663741,-0.16430792,0.056043997,0.04774035
2705,0.4719077,-0.65166163,0.036405552,0.04249173
2706,0.390006,0.42948836,0.036952212,0.0340536
2707,0.1605091,-0.15216851,0.035632804,0.031626604
2708,-0.028447442,-0.07176836,0.048991513,0.042698227
2709,-0.073883675,-0.066638306,0.064150184,0.059115164
2710,-0.4326122,0.1812607,0.03464345,0.029333333
2711,-0.42030996,0.10811799,0.16922241,0.12758183
2712,-0.07940495,-0.03443633,0.03958881,0.027824175
2713,0.01206927,0.056455947,0.14013653,0.1261546
2714,0.034311425,-0.10902201,0.03992666,0.033822708
2715,0.006077908,-0.6391139,0.044615533,0.04996639
2716,-0.02554374,-0.0355805,0.050708592,0.046169396
2717,0.03593867,-0.048953816,0.11845784,0.11593116
2718,-0.10536508,-0.042274132,0.043589495,0.035259083
2719,-0.1891155,-0.61136806,0.20500295,0.18737628
2720,0.030185003,-0.45978042,0.17149107,0.16916254
2721,-0.046908617,-0.15702918,0.060460247,0.057077266
2722,-0.114516884,-0.59127533,0.029061371,0.035886258
2723,0.004272349,-0.26714945,0.06723466,0.06068667
2724,0.084206104,0.08999358,0.029479655,0.02298478
2725,0.37610856,-0.35457382,0.26550192,0.23300435
2726,0.05589467,0.040569484,0.044998296,0.037863053
2727,-0.08511415,0.1939953,0.040081285,0.035964347
2728,-0.07103269,0.561198,0.05865114,0.07650514
2729,-0.14171761,-0.075533375,0.1623871,0.10197932
2730,0.086931705,-0.44975564,0.06357334,0.05965266
2731,-0.10344878,-0.04190311,0.047542404,0.034480028
2732,-0.042608593,0.026821814,0.07363262,0.07546598
2733,-0.009219322,-0.024344578,0.07095436,0.053149585
2734,0.052916516,0.051288966,0.105167456,0.10488067
2735,-0.09780075,0.06166951,0.09620097,0.06785723
2736,0.11514421,0.54854417,0.05430399,0.056492455
2737,-0.58732253,0.05748688,0.061278198,0.048690688
2738,0.01112657,0.06547981,0.04625079,0.039626557
2739,0.57568836,0.49079195,0.042552244,0.041132055
2740,-0.048582517,0.45094877,0.111462474,0.13732265
2741,0.14592399,-0.72442305,0.08024001,0.09442847
2742,0.35685247,0.13860479,0.040254436,0.027415989
2743,-0.06672655,-0.06533192,0.09344881,0.0815179
2744,0.056199256,0.3802448,0.09040354,0.11373522
2745,-0.019123355,0.11440018,0.029302893,0.022796815
2746,0.046894368,0.2284535,0.06090869,0.058882035
2747,0.82297224,-0.08642636,0.04590209,0.040033862
2748,-0.012843633,0.2990089,0.059341833,0.049664255
2749,-0.041504264,-0.15598616,0.12727797,0.095523275
2750,-0.31000394,0.18958163,0.045547232,0.038697917
2751,0.2954943,0.32287318,0.09889701,0.095849976
2752,0.328376,-0.077769935,0.20358738,0.14592634
2753,0.04369468,-0.30904642,0.3686804,0.3523054
2754,-0.5200977,-0.45747337,0.042798284,0.04261226
2755,-0.14142723,-0.26222646,0.044257358,0.03713856
2756,0.050192263,-0.15187927,0.106698774,0.09777588
2757,0.36929289,0.5913183,0.071076065,0.07558291
2758,0.2517997,0.44332868,0.073018335,0.07502036
2759,-0.00786816,-0.0059514567,0.0272865,0.024377188
2760,0.019973617,-0.050526038,0.039450385,0.032423057
2761,-0.4208879,-0.71458864,0.043966267,0.048937187
2762,0.47960904,0.38515997,0.039218295,0.033294342
2763,-0.14085944,-0.34128138,0.07978663,0.090834826
2764,0.023309194,-0.12984033,0.15362343,0.14137968
2765,-0.0040538628,-0.0055845752,0.026698777,0.021232467
2766,0.015185714,-0.08137095,0.047193475,0.04276504
2767,0.03740227,-0.028977476,0.055185318,0.041064486
2768,-0.106796905,0.10449982,0.03228075,0.026498765
2769,-0.111826524,0.19698676,0.06311805,0.069599256
2770,-0.0011225082,-0.022736795,0.103602916,0.0759602
2771,-0.13788036,0.22756912,0.085078575,0.07201378
2772,-0.008606324,-0.06752217,0.062382467,0.05150447
2773,0.0009283982,0.000563629,0.036097102,0.029833779
2774,-0.17538907,0.22001165,0.15867484,0.12765878
2775,0.029334005,0.058099564,0.10231235,0.095640525
2776,0.36158094,0.6540735,0.048222974,0.04840378
2777,-0.025453925,0.0102706775,0.059515726,0.045088325
2778,-0.14803264,0.120028794,0.02760348,0.023611788
2779,0.17140865,-0.081638694,0.07089628,0.081421316
2780,0.26642832,0.060982548,0.07280654,0.052528694
2781,-0.09841922,0.44294897,0.04642924,0.044136073
2782,-0.2358728,0.43143874,0.04678061,0.057948142
2783,-0.1794894,-0.054590613,0.07858462,0.05846683
2784,-0.106383026,-0.010905325,0.13099109,0.13766456
2785,-0.030802255,-0.15546611,0.12148287,0.117938735
2786,0.19903369,0.16232336,0.033790044,0.026624754
2787,-0.028360363,-0.00876119,0.02657005,0.019964244
2788,0.34897867,-0.12117465,0.082044445,0.06791471
2789,-0.015932037,-0.073002115,0.024645949,0.01905747
2790,-0.06013555,0.0033632517,0.166739,0.184844
2791,-0.21205944,0.29122928,0.0767875,0.06285646
2792,0.12414251,-0.0061235055,0.08674863,0.07043254
2793,-0.6380689,0.71189165,0.09752444,0.08520506
2794,-0.08572157,-0.04169357,0.15825924,0.1566633
2795,0.012930967,-0.009023242,0.021854728,0.019319568
2796,-0.058723792,-0.22380674,0.06867467,0.059311055
2797,-0.23850949,-0.09157394,0.05228438,0.044366043
2798,0.16672435,-0.20426223,0.090806186,0.08552635
2799,-0.057347827,0.20104785,0.09253345,0.08426222
2800,-0.0721409,-0.0053488463,0.034044594,0.027768658
2801,-0.023112386,-0.36492372,0.042131733,0.043383136
2802,-0.035558794,0.12765636,0.06139469,0.052321166
2803,0.58614033,-0.47188768,0.089982204,0.0709345
2804,0.5949046,0.16801989,0.039109625,0.03363182
2805,-0.0045908503,-0.15244056,0.19574626,0.17081088
2806,-0.018180724,0.19734955,0.03045782,0.026767138
2807,-0.20940848,-0.22554502,0.08469169,0.07280059
2808,-0.13406785,0.031375855,0.039272282,0.032526996
2809,0.6481899,-0.2602807,0.03723893,0.031673614
2810,-0.014656609,-0.05545625,0.058697347,0.046547014
2811,0.10191323,0.28371245,0.03727556,0.033328135
2812,0.12003085,-0.120440245,0.068872765,0.07345972
2813,0.04325192,0.20859046,0.028813995,0.027015435
2814,0.1464942,-0.6229192,0.043269437,0.054172162
2815,-0.4410814,0.42379817,0.08262239,0.06686457
2816,-0.04924621,0.024444446,0.12789403,0.101913355
2817,-0.26471865,-0.81197214,0.046171676,0.064599864
2818,0.024686184,-0.064610794,0.045534126,0.042314604
2819,-0.10336363,-0.017278947,0.033329513,0.02426911
2820,-0.021506483,-0.046886697,0.054758795,0.045726392
2821,0.008983109,0.2471529,0.029686818,0.025680454
2822,0.07709421,0.11381993,0.08556206,0.07112755
2823,0.11571328,0.058715925,0.052050833,0.0435875
2824,-0.08049106,-0.10018945,0.2114263,0.19997855
2825,-0.11674124,-0.0073590055,0.042303495,0.030746493
2826,0.09489882,-0.37007406,0.07006205,0.05891342
2827,-0.11801118,-0.039328247,0.11706512,0.10406064
2828,-0.016800374,-0.10747263,0.05702805,0.051237527
2829,0.17997906,0.053122547,0.13784954,0.09930493
2830,-0.027463019,-0.23782796,0.044964675,0.04961693
2831,-0.44956756,-0.058315933,0.07353671,0.056913838
2832,-0.09244576,-0.016541146,0.2061662,0.17137209
2833,0.027229853,-0.040023223,0.0293808,0.022909747
2834,0.17553657,0.14900331,0.19003887,0.16460715
2835,0.40717322,-0.3329284,0.058003847,0.054043185
2836,-0.021323806,0.0046340227,0.065522745,0.06362575
2837,-0.34696147,0.31458974,0.08710019,0.08953061
2838,0.018414658,0.09684569,0.055813916,0.048978534
2839,0.82118034,0.057641886,0.059202414,0.054413572
2840,0.06693727,0.013580367,0.067696,0.062907904
2841,-0.5596325,-0.17303386,0.06448096,0.051157825
2842,0.13491903,0.4098242,0.050937355,0.049414385
2843,-0.30305487,-0.43083736,0.03692683,0.05215145
2844,-0.019647699,-0.09707257,0.08337108,0.06788543
2845,-0.091944054,-0.0036996529,0.09825873,0.06503607
2846,0.07826185,-0.095187366,0.026896887,0.023611723
2847,-0.6125222,-0.06288688,0.18524788,0.14286494
2848,-0.010860387,0.02171129,0.026298838,0.021575565
2849,0.057245392,-0.56397605,0.036291637,0.037581038
2850,0.31646296,0.63414645,0.061455566,0.06076014
2851,0.04576284,-0.12637997,0.16522814,0.13841198
2852,0.1926001,-0.38417003,0.08349917,0.07802871
2853,-0.021847174,0.15025084,0.0475108,0.03943505
2854,-0.2869816,-0.6830859,0.04371845,0.0512698
2855,0.094665945,-0.020073213,0.04767642,0.03843808
2856,0.04770763,0.042549912,0.050492816,0.040410805
2857,0.1179025,0.010099418,0.09962522,0.07288631
2858,9.62466e-05,0.002307482,0.028426956,0.023866616
2859,-0.20026569,-0.101915404,0.20112155,0.20783961
2860,-0.02006711,0.025881864,0.065289594,0.051408745
2861,0.33181193,0.20786004,0.086373195,0.05512166
2862,-0.033675898,0.5769298,0.07427165,0.10023267
2863,0.009514518,0.03050702,0.02888465,0.02424357
2864,-0.13977715,-0.12610926,0.13469806,0.14326
2865,0.07779133,-0.09520745,0.04867295,0.040144857
2866,-0.090137035,0.0093030855,0.031492785,0.023929428
2867,0.06839453,-0.123376,0.038462512,0.031300254
2868,-0.19424094,0.24102403,0.11524114,0.11489094
2869,0.08249664,-0.03793399,0.11770433,0.0956525
2870,0.0524663,-0.096116886,0.092661776,0.0729239
2871,-0.062218584,0.13109599,0.027355168,0.02202706
2872,-0.03171019,0.06489795,0.057537902,0.047261756
2873,-0.04510744,0.08937345,0.040615868,0.036864173
2874,0.011090513,-0.062161967,0.03965676,0.03260158
2875,0.50028753,-0.36651114,0.04172031,0.03305723
2876,-0.039222203,-0.0022828802,0.040116902,0.03519996
2877,-0.053249072,-0.11934441,0.035093933,0.03047872
2878,-0.014624294,0.011456445,0.05256684,0.047794454
2879,0.3311144,0.5527283,0.05632878,0.06424894
2880,-0.09948367,-0.11825654,0.06542068,0.05137414
2881,0.67219687,0.39840272,0.09094912,0.09208126
2882,0.034533273,0.063524336,0.0908333,0.06168886
2883,-0.45829943,-0.25009993,0.050690696,0.048676964
2884,0.09188929,-0.6124265,0.08800636,0.09863503
2885,-0.02976115,-0.013829984,0.038755562,0.032646343
2886,-0.28602076,0.38954395,0.14982611,0.14974028
2887,0.22858667,-0.4037908,0.11602357,0.14232941
2888,0.12072711,-0.04724738,0.040452283,0.031132782
2889,0.35464418,-0.11446631,0.046406366,0.0356454
2890,0.07484847,0.10130172,0.026333667,0.024249844
2891,0.09751366,0.17792368,0.1897581,0.24157543
2892,-0.45400038,0.13819137,0.04486165,0.03647231
2893,0.1873287,-0.21174213,0.029923445,0.026388045
2894,0.16399093,0.049995482,0.12498832,0.09264343
2895,-0.06635186,0.028880827,0.04140262,0.0353237
2896,-0.031928364,0.039580304,0.040098347,0.036053244
2897,-0.11284259,0.1354095,0.07564267,0.058768
2898,0.12318981,0.09398292,0.07459478,0.053484958
2899,-0.056131832,0.33683455,0.09777916,0.09442464
2900,-0.5679607,-0.48481408,0.07556198,0.0586124
2901,-0.039837375,-0.014102228,0.051594447,0.043602344
2902,0.027825668,0.08569159,0.0790652,0.08109328
2903,0.10962021,-0.14290428,0.04930317,0.042972125
2904,0.049386386,0.029470362,0.07161753,0.055857286
2905,-0.03847115,-0.16129291,0.046276733,0.04255798
2906,0.016816474,-0.020070724,0.024509512,0.0197379
2907,-0.006105529,0.012427516,0.024317091,0.019956205
2908,0.08556022,-0.029510163,0.091463506,0.072090596
2909,-0.31721365,-0.6912848,0.045670353,0.054080456
2910,-0.03314833,-0.015877381,0.04221642,0.03459894
2911,-0.31546128,-0.17272621,0.05089646,0.040205438
2912,-0.4837973,-0.23295704,0.07128622,0.055466507
2913,-0.019160304,-0.13283195,0.047669146,0.04242472
2914,-0.41483092,-0.25456378,0.052606087,0.036444988
2915,-0.627592,0.14073306,0.049073014,0.046488564
2916,0.0185158,0.029095717,0.036195524,0.030037247
2917,0.029863704,-0.03002742,0.037878457,0.029941339
2918,0.099262,-0.53936505,0.079129964,0.06650585
2919,-0.73597914,-0.18003526,0.04915405,0.03495657
2920,-0.014216587,-0.057873145,0.049150527,0.04540375
2921,-0.009090718,-0.009750597,0.028097484,0.022463895
2922,0.27667218,-0.6626173,0.049286943,0.056633323
2923,0.051902425,0.24133761,0.075734295,0.07181424
2924,-0.116693705,-0.73550344,0.052032728,0.054003213
2925,0.0077559017,0.034015648,0.10987179,0.08527709
2926,-0.05335918,0.017708719,0.0626041,0.05339496
2927,0.078794375,-0.023345113,0.14887968,0.14030899
2928,-0.6760288,0.14825514,0.06274326,0.055297833
2929,-0.030216228,-0.41907087,0.13026454,0.14156723
2930,-0.25203937,-0.16546577,0.034837,0.028149566
2931,-0.028429091,0.043682672,0.079230964,0.06942366
2932,0.11189194,0.12229544,0.11068703,0.10388079
2933,-0.13699259,0.020794943,0.08132223,0.07748854
2934,-0.021414904,0.00888221,0.05944193,0.050658494
2935,-0.035456717,0.042660814,0.030508583,0.025827507
2936,-0.19827047,-0.17933372,0.028621595,0.026583707
2937,0.08946812,0.11688429,0.054743793,0.04973236
2938,-0.030873124,-0.0035553873,0.033561364,0.02700573
2939,-0.058969222,-0.03384632,0.03826071,0.02991519
2940,-0.046462215,-0.01856535,0.032070544,0.027242165
2941,-0.14397666,-0.07961421,0.07812277,0.065611444
2942,0.26861957,-0.7737125,0.047109555,0.06846007
2943,-0.370214,0.41768607,0.03997729,0.035242636
2944,0.04354244,-0.000935331,0.083096854,0.08187566
2945,0.12372765,-0.20328611,0.04297246,0.037132937
2946,0.08530064,0.28910848,0.07665004,0.07593415
2947,-0.012055282,-0.04595764,0.05155233,0.046900682
2948,-0.27377677,0.55116695,0.033857115,0.03802859
2949,-0.11732714,-0.22713423,0.026691347,0.024786664
2950,-0.15666346,-0.24116018,0.1049746,0.099011354
2951,-0.31629282,0.14618877,0.05829718,0.051229674
2952,0.322126,-0.20111418,0.04752831,0.041079216
2953,-0.46332803,0.20863983,0.046139345,0.039429422
2954,0.19730926,0.38748747,0.044524774,0.03632826
2955,-0.09731074,-0.5454391,0.062420316,0.08597249
2956,0.5678103,-0.038306326,0.09013309,0.067571744
2957,-0.83423156,0.08474071,0.049255736,0.04330537
2958,0.21184517,-0.32567385,0.05345828,0.048448
2959,0.09327152,0.03489912,0.042693205,0.03561404
2960,0.027311496,0.039682053,0.059169937,0.052632656
2961,0.05241568,0.008968994,0.058458213,0.052698996
2962,-0.008513033,0.041648295,0.036315084,0.029379873
2963,0.15637955,-0.0930482,0.10573849,0.09082409
2964,-0.026054833,0.18446934,0.07495463,0.07278848
2965,-0.012633227,-0.053757265,0.03675137,0.031657256
2966,0.02135155,-0.0260854,0.31272367,0.34193018
2967,0.0020960309,-0.07862879,0.056757662,0.042051908
2968,-0.0127588995,-0.024925113,0.094794124,0.085817896
2969,-0.009715363,0.09894037,0.07948985,0.06967139
2970,0.11998156,0.047563426,0.023365388,0.018702166
2971,0.09400271,-0.70408237,0.06156699,0.07167908
2972,0.024143446,-0.08042325,0.05431415,0.041766874
2973,-0.13840748,-0.5068288,0.0550092,0.057318024
2974,0.000416819,-0.07644832,0.18471047,0.20396118
2975,0.2140513,-0.22302142,0.036261626,0.02760029
2976,0.17505789,-0.03375323,0.027603244,0.0227083
2977,0.12383118,0.40526563,0.0837689,0.09686011
2978,-0.10136765,-0.15328613,0.12779906,0.11932883
2979,-0.003702473,-0.23313823,0.03133891,0.025588859
2980,0.6541459,-0.059483334,0.055033572,0.03695565
2981,-0.020754043,-0.28256908,0.042811766,0.03752978
2982,0.4940994,-0.46297434,0.08891041,0.10255163
2983,-0.014848666,-0.053744197,0.053069696,0.04281533
2984,-0.06515527,-0.061334997,0.09162462,0.07237882
2985,-0.046300266,0.23147099,0.30370927,0.28017262
2986,-0.20358017,-0.6257874,0.056699775,0.073945
2987,-0.011839328,0.028343916,0.045875896,0.042300675
2988,-0.06671214,0.16799136,0.030048968,0.025366953
2989,-0.37952623,0.2603331,0.042055614,0.043329224
2990,-0.042978283,-0.0068731606,0.03034091,0.026708204
2991,0.12692815,-0.12348734,0.09008221,0.070358336
2992,-0.069301195,0.003108248,0.077966094,0.07520275
2993,-0.7881057,-0.19664714,0.06206344,0.051031005
2994,-0.01033953,-0.18557188,0.03271557,0.030306688
2995,0.0775346,-0.054564267,0.09770089,0.1052698
2996,-0.56742615,0.63887596,0.08244203,0.057163212
2997,0.08430271,-0.062034905,0.03469573,0.030677319
2998,-0.39245057,-0.65903115,0.061827343,0.058105573
2999,0.054610502,0.012843169,0.033697613,0.030516548
