,e1_res_mean,e2_res_mean,e1_res_std,e2_res_std,e1_input,e2_input
0,0.201299,-0.66117555,0.0072418447,0.016088437,0.18072651633781117,-0.6539580728323495
1,0.14677276,0.13295114,0.019616129,0.016062295,0.06084804362534251,0.14031417760970927
2,-0.47901532,0.2200363,0.040053453,0.026410613,-0.521462974011675,0.2074555027714428
3,-0.27648896,0.529663,0.011257798,0.023427367,-0.3332839911782324,0.5317118803028608
4,0.016497897,-0.009509758,0.009350633,0.0076211113,-0.01210057182763586,-0.009122904136179165
5,0.101111814,-0.15696485,0.01566324,0.015194739,0.013294338554872321,-0.1295201308709439
6,-0.10612629,-0.08965074,0.011603587,0.009128704,-0.14613260640641598,-0.08536828664117768
7,0.27032977,0.04442779,0.0132925045,0.0075069168,0.20806321628873464,0.04310568219222864
8,0.025505833,-0.093379624,0.011146753,0.010878427,-0.023471736093119512,-0.09209458448263035
9,0.25637287,0.2565725,0.009725062,0.00956893,0.22536707340490528,0.2605989087122399
10,-0.3026876,-0.7631885,0.0076447455,0.015591611,-0.3273834471797387,-0.7437936860234697
11,0.10965693,-0.008661085,0.011075662,0.00895173,0.04781030613393835,-0.008931335348421015
12,0.2497664,-0.23262897,0.013004724,0.012307061,0.20058715964632615,-0.22796202789243974
13,0.2261418,0.17903328,0.022855176,0.019237326,0.10608517931921908,0.1659812427164744
14,0.028321197,-0.20833123,0.008855785,0.008246377,-0.007135226268637726,-0.2037496544904894
15,0.17046806,0.015254094,0.03310119,0.024546452,0.022525517219002634,0.03407237555572164
16,0.1215,-0.038454525,0.013400725,0.010428655,0.04292048941069181,-0.03604511236989524
17,-0.0862723,0.043450564,0.0107272165,0.009072115,-0.12681116108702692,0.04095353459751258
18,0.042492174,-0.0051876837,0.01176489,0.009756395,-0.017787217338296184,-0.0017753776671153275
19,0.674937,0.21860933,0.029469121,0.014147319,0.59697273497098,0.2149096414006471
20,0.13022766,-0.17894751,0.00847063,0.009627781,0.10733590130005055,-0.17322061661915764
21,-0.14871328,-0.2627729,0.012198005,0.013892301,-0.1994857279518877,-0.2629536753379921
22,0.025674917,-0.06479546,0.013714378,0.012760251,-0.04117046554688204,-0.058424998972340984
23,-0.032352224,0.3305769,0.015788924,0.017941449,-0.12027936275468593,0.32032874708443343
24,0.1529522,-0.041752305,0.01642308,0.01191766,0.07196674521825772,-0.047139256026377946
25,-0.013406033,0.0060247546,0.00871883,0.007533147,-0.04757535301210496,0.008474712144502567
26,-0.032352224,0.3305769,0.015788924,0.017941449,-0.12027936275468593,0.32032874708443343
27,-0.10766705,-0.036962852,0.010770735,0.008274714,-0.15072847004821058,-0.03687738247890936
28,-0.03916794,-0.21743713,0.010119529,0.010451332,-0.08422258412924255,-0.22040364175453986
29,0.19699357,0.03568972,0.010924153,0.0067533785,0.1646915678980185,0.03969370988414293
30,0.036263283,0.028627262,0.013723315,0.011670204,-0.02323401074757451,0.03299997854837002
31,-0.0072212447,-0.032747686,0.010758233,0.008816847,-0.05311604436126906,-0.028095306466361367
32,0.067855135,-0.2655322,0.010364253,0.013579622,0.010693233304328273,-0.256010150391254
33,-0.24464814,-0.11444628,0.011911442,0.0075317905,-0.2955105084709234,-0.11526600012108812
34,0.14181727,0.13598138,0.008907657,0.00773829,0.11091529751603349,0.14070655386145492
35,-0.26823196,-0.078027315,0.01788236,0.010945848,-0.3353286389546945,-0.07932709423981635
36,-0.23439713,0.3729509,0.008973703,0.014328719,-0.25308485098537403,0.3812430854280602
37,0.04456634,0.5885103,0.008153672,0.015942087,0.0033731460825375615,0.5753482464846449
38,0.56566083,-0.017319016,0.019331213,0.0059987986,0.5590892418690052,-0.015996223290102037
39,0.1563814,0.053227223,0.009165433,0.0067125023,0.126401337743935,0.05300992127540865
40,0.12757449,-0.60713303,0.006458651,0.014313162,0.09717780639426718,-0.579846520165242
41,0.001329944,-0.023240738,0.0091255065,0.007411569,-0.026078430696176734,-0.018327423713049528
42,0.20138882,0.28431466,0.026258891,0.026219245,0.040861078571609845,0.27423899794646595
43,-0.14554389,0.09595153,0.011616901,0.009998778,-0.18247639881641622,0.09291428944106302
44,0.12936327,0.024859741,0.0139959585,0.010224159,0.07391478105407409,0.025940098745925896
45,0.015514672,-0.019261412,0.01540596,0.013445508,-0.05771956327186384,-0.02586761831608337
46,-0.13568887,-0.05903416,0.0097820815,0.0070812735,-0.16165186964330888,-0.05408770216803407
47,0.10042684,-0.22319482,0.008403369,0.009482788,0.06876237414133655,-0.20871614712689981
48,0.34888202,-0.056617692,0.031950355,0.01707143,0.17862839438748934,-0.05703020779877479
49,0.067684226,-0.41428456,0.007032579,0.0114967795,0.04185160180068553,-0.4109689351374299
50,-0.17323093,-0.15773183,0.009977553,0.008256117,-0.19642035004235825,-0.14816534257780445
51,0.011932917,-0.046454005,0.008970749,0.007769172,-0.031006408473721613,-0.03941133670408981
52,-0.017818315,-0.30015033,0.00804914,0.009683165,-0.048668832552568805,-0.2950397173334948
53,0.18918891,-0.108142614,0.009738991,0.009641141,0.15461882588532339,-0.10758877411970745
54,0.004753711,-0.24985754,0.009918184,0.01187358,-0.03817413903956859,-0.2151421104254705
55,-0.09699533,-0.5779903,0.007131773,0.01159146,-0.12788332386630255,-0.5576692019765436
56,0.18441845,-0.008738336,0.012362156,0.008431204,0.12768792606729334,-0.0006473799354882757
57,0.06272112,0.050913714,0.009204059,0.0075864336,0.027993762419400506,0.04686951877350557
58,-0.011862427,0.029947855,0.00958669,0.007986239,-0.0553493132211736,0.02709621323387603
59,0.022246841,-0.05620394,0.010007885,0.008655918,-0.014292388931326182,-0.05415683416870567
60,-0.4197791,-0.51845366,0.01646776,0.018572165,-0.44838937131499956,-0.47748635164599534
61,0.20032625,0.016086362,0.012759823,0.00808984,0.1460438762231775,0.017492073248805137
62,-0.037912726,0.22660086,0.007921417,0.009676685,-0.06414637177804679,0.22162716167827082
63,0.020119237,-0.033279218,0.008496753,0.0075091193,-0.007885823983894005,-0.024171801778800864
64,0.40374148,-0.7223798,0.014076244,0.02545122,0.33387589621841945,-0.6855699979780133
65,0.5101651,0.2425952,0.08802929,0.065074235,0.22341675997839977,0.2965636629448099
66,-0.0030242703,-0.19339192,0.007861925,0.0078003285,-0.03312259216721685,-0.1864500484021519
67,0.01095311,-0.10673787,0.009299494,0.008316451,-0.03351517595481621,-0.11017166328815048
68,0.013651928,0.024657942,0.016089864,0.01423529,-0.05525726974206685,0.023880203200963807
69,-0.09101556,-0.3338877,0.012063273,0.014627208,-0.15536174415363802,-0.32625225894013393
70,0.051365867,0.094242804,0.007855066,0.0071575018,0.02047226110642548,0.10354631933809617
71,-0.18272008,-0.18574485,0.026489016,0.022519145,-0.29863168067243473,-0.18193594470053445
72,0.45739126,0.5017494,0.025352502,0.02851306,0.3520989707599378,0.5058543062259503
73,-0.6628598,-0.15686408,0.016272496,0.004768893,-0.6684134291392169,-0.15030174810433616
74,0.07775852,-0.02835688,0.012463413,0.010306612,0.038290559347631634,-0.028827036927716144
75,-0.4083945,-0.47509208,0.01580195,0.020002421,-0.416457863711808,-0.44214136408401483
76,0.1728604,-0.009310924,0.01749563,0.011674518,0.08098236581817352,-0.0247335649532666
77,0.6071203,0.39281595,0.01550738,0.011055665,0.5813712553238591,0.39672604178398274
78,0.036881186,-0.27267253,0.008473704,0.01023926,0.00448131095362605,-0.258871000768217
79,0.61348534,0.14349473,0.015817322,0.0064701885,0.5833653538311969,0.1457780294570621
80,0.28623256,-0.11381099,0.017590744,0.012499914,0.2545559812820075,-0.12376274385706919
81,0.06503085,0.075921774,0.018013736,0.014949746,-0.04780918756053446,0.06604228216132163
82,0.042010088,-0.07024991,0.008811121,0.0074461424,0.021153670087601266,-0.06585204726578496
83,0.060568828,-0.08037654,0.00883499,0.0071963817,0.03592312547987451,-0.0633576456920839
84,0.039016187,0.028316863,0.0123125855,0.010793734,-0.011709184805740574,0.030050484224429002
85,-0.08472793,-0.042176478,0.0098679,0.0074511003,-0.1225170522793995,-0.03936936946157228
86,0.16690223,-0.054912552,0.016101712,0.012004902,0.08694751777715964,-0.042117323517868115
87,0.019187598,-0.0034878189,0.00973368,0.008348404,-0.01795114223372238,-0.0002717557407022519
88,0.2506939,0.15565664,0.014360894,0.010862376,0.19077768577561194,0.15577737866247443
89,0.054885,0.1357165,0.026594307,0.02371645,-0.07513956534357398,0.16201616076174297
90,-0.11515099,-0.13176413,0.009122909,0.007462977,-0.14835907648954483,-0.12570275689215954
91,-0.20738342,0.31334323,0.010205791,0.015098292,-0.2498739732541061,0.3200858642698055
92,-0.22059697,0.77743566,0.006638076,0.01380092,-0.23560966350490503,0.7635218153703519
93,0.00337002,0.10328175,0.01288893,0.012359835,-0.055244604682061625,0.10823267762737178
94,0.13021202,-0.06309015,0.008587765,0.007905664,0.11222631172471265,-0.060231451018729454
95,0.4189818,0.26700473,0.01218988,0.0077665094,0.39505400356558257,0.26813926006458777
96,0.37083888,0.28727102,0.025989337,0.021048103,0.292112066706968,0.30372562972837813
97,-0.18433018,-0.4378463,0.009485259,0.012962804,-0.22457509531848732,-0.4355616627527517
98,0.06733086,-0.03755916,0.009015171,0.0073157493,0.03530547068092013,-0.03712455891254139
99,-0.0480552,0.54083353,0.007127512,0.011700356,-0.07222006698553017,0.5485059811347502
100,0.472064,0.47781932,0.033695996,0.037553024,0.3425246824457203,0.47579982323900893
101,0.1456699,-0.010412888,0.011358341,0.008299642,0.08026850660041084,-0.005287079121815528
102,-0.23932622,0.08723357,0.015311693,0.011380573,-0.31307107225679615,0.09317045901117586
103,0.050266314,-0.014761657,0.009434127,0.008299541,0.019073499569109174,-0.013811328212060716
104,0.0945017,-0.45300117,0.0074568633,0.010548563,0.061299983367866163,-0.4271096234781589
105,0.81686413,-0.16040653,0.024470542,0.007467973,0.7854375270625141,-0.16573840270176937
106,0.06678295,0.035314023,0.010373691,0.008578629,0.020503132777423525,0.032854131128945904
107,0.02858432,0.011690154,0.010388793,0.009046936,-0.01149745313707505,0.016092300430045295
108,0.10382497,-0.02399557,0.016926503,0.012929045,0.024617805811096013,-0.02102187435464684
109,0.09621765,-0.06822149,0.009623646,0.008575462,0.06619290961225786,-0.061928922039052085
110,0.05660181,0.057915665,0.013170275,0.011679138,-0.01449781415021724,0.0627296354671485
111,-0.10994429,0.09137398,0.0084732305,0.007942477,-0.13889025982484762,0.09268318289110379
112,0.028291155,0.0036262637,0.0089246705,0.007058675,0.0020215974231067913,0.0034927604142667283
113,-0.47102237,-0.31306052,0.014883447,0.010078385,-0.49222106934559423,-0.30167125672144635
114,-0.014509862,-0.062713824,0.018554628,0.016117033,-0.11228443915123391,-0.06148128615695345
115,-0.22287191,0.15374452,0.012221322,0.012838022,-0.2514283439778963,0.15303383588195307
116,0.5776786,-0.30920175,0.016273433,0.009869186,0.5400919915403948,-0.3021689597560896
117,-0.70846385,0.09441739,0.01698171,0.0065014553,-0.7178122709980498,0.09476202720209316
118,0.010086136,0.4225128,0.00977429,0.015461514,-0.030134322647402553,0.3749060779138404
119,0.030599132,0.044647045,0.008805685,0.0082210675,0.012149534353846358,0.04654520837012906
120,0.10694652,-0.1944593,0.0082524,0.008645479,0.07583827792220069,-0.1854368805632231
121,0.033228584,-0.045235984,0.008873273,0.007182671,0.006497747784740354,-0.038460334710577505
122,0.4109668,0.46014908,0.01548179,0.01583508,0.36757886334278295,0.4561199575523535
123,0.09582191,-0.14207804,0.011539482,0.011566021,0.040725298156326105,-0.1405165276814853
124,0.022295715,0.24702385,0.0074526044,0.008517472,-0.01269072483237236,0.2550157930818281
125,0.052512653,-0.002146923,0.008713985,0.007361489,0.021336706450481985,0.00355548326439989
126,0.009856636,0.00015915837,0.011031803,0.0097438665,-0.03784835302207206,0.003091239432487205
127,-0.3111923,0.17088233,0.013664873,0.013709571,-0.3264485078724087,0.15494696198962934
128,0.052147288,0.010555311,0.009170749,0.007816557,0.01567325681639874,0.01357602863359982
129,0.16543905,-0.04193908,0.036281053,0.026627839,-0.0270620195117203,-0.03426457220537273
130,0.28873205,0.16778125,0.047242254,0.034423307,0.06716907509348624,0.17373919784191807
131,-0.09054484,0.20668098,0.0079236645,0.010498216,-0.11770742369466622,0.2155567229272546
132,0.12893626,-0.0010435889,0.016330551,0.011985617,0.03513872105456168,0.0025916325226242732
133,0.091345325,0.05995454,0.008468501,0.0070012445,0.04862610533071191,0.04629646896740257
134,0.023940956,-0.07951282,0.008874102,0.007983379,-0.004459404491564734,-0.07489701176837744
135,0.002961785,0.04130017,0.008425474,0.0072707403,-0.028229434873528626,0.044112113281110796
136,-0.010845393,-0.5020448,0.0072329687,0.013608878,-0.04735987435697551,-0.6024728679092676
137,-0.36219,0.14179638,0.014156405,0.009335601,-0.39415968942710183,0.1339236858034187
138,0.13218616,0.018726416,0.008701459,0.0072682523,0.10821341744190538,0.02286847959831443
139,0.23155905,0.0010693362,0.016557693,0.009427959,0.15581865779499404,-0.0003863691537684421
140,0.014086628,-0.30114698,0.013430132,0.0163915,-0.062256906960122836,-0.31055315203350314
141,-0.08476811,-0.063175775,0.008518502,0.0070019034,-0.11662511249485154,-0.05551178744819531
142,-0.057349905,0.48937246,0.008334922,0.014805509,-0.08620348244601714,0.49758833568736155
143,0.1619186,-0.041145585,0.013461064,0.0099354675,0.12463179455526462,-0.034238084669238576
144,0.016030308,0.036013238,0.009494707,0.008007868,-0.02505420434556428,0.03461390465699694
145,0.3317191,-0.5594145,0.00863492,0.012777557,0.3087187491602303,-0.5490994179367905
146,0.23406093,0.32315367,0.009683977,0.011867295,0.2015044211449968,0.3325137595222583
147,0.30937508,0.26842844,0.020514648,0.018196514,0.22969640834289018,0.2808585588962861
148,0.05206886,-0.16060574,0.014636654,0.014473876,-0.036130175842480176,-0.14935322434510706
149,-0.110298716,0.13646224,0.008262094,0.008799642,-0.13462821610449782,0.14083425284612977
150,-0.47642595,0.07207326,0.01668866,0.00861414,-0.5025574379903474,0.07657308070524076
151,-0.22181007,-0.04934141,0.00994179,0.008239899,-0.236826371125633,-0.04434954375514018
152,0.042262614,0.12747973,0.008014965,0.0075217076,0.01802016866592909,0.13172189676076274
153,0.079505414,-0.19072053,0.008896314,0.009196259,0.05327349462231653,-0.17798492877358454
154,-0.06264305,-0.049906135,0.017317088,0.013675532,-0.16459567419456234,-0.053326418766210214
155,0.113904916,-0.13744646,0.011997667,0.011836122,0.06115007218099512,-0.13845300695153162
156,0.009407265,-0.025248393,0.008680304,0.007722045,-0.01781517809169291,-0.026824198621803186
157,-0.3404547,-0.1560562,0.015175499,0.008380085,-0.368659619143031,-0.143784214270557
158,0.036265038,0.006574801,0.010566451,0.00896675,-0.018901832714859106,-0.0007664607513538325
159,0.07713707,0.08205346,0.015642,0.013213886,-0.035756233464195805,0.07469567165280108
160,-0.021762948,0.08244799,0.008587765,0.007823632,-0.04532288545709813,0.08435028448198008
161,0.45704138,0.17970034,0.019296253,0.010061373,0.3896433427479378,0.16903900324157617
162,0.14157172,-0.6533189,0.011787393,0.02575682,0.09233122935088044,-0.6528963788911077
163,-0.28693768,-0.07450644,0.013352264,0.007225539,-0.3243549274002242,-0.07465859415406598
164,0.034544688,-0.005711221,0.008132507,0.0072981743,0.010150340638789952,-0.004636597794491194
165,0.6084998,0.30832195,0.017634552,0.010136851,0.5850876849682548,0.31833656450698977
166,-0.05957157,-0.010473453,0.010287562,0.008496377,-0.10251975279333715,-0.005844447504205741
167,0.17224742,-0.021189146,0.012856566,0.008856963,0.1289310511427843,-0.021660002877023812
168,-0.10039154,-0.11594028,0.008406679,0.0073957103,-0.12562274080581348,-0.10586374686564531
169,0.8239559,0.11117813,0.040329088,0.016047914,0.7796549368522923,0.09980081319982578
170,-0.68084776,0.13572028,0.020042822,0.008213415,-0.6903618491031058,0.13517285495671433
171,0.077327,-0.17032951,0.012368046,0.01428108,0.0175366837226983,-0.1647288872886415
172,-0.45929718,-0.029795751,0.028307948,0.010835639,-0.5162460046681523,-0.02165508725678016
173,-0.10216531,-0.03792093,0.011467242,0.008489873,-0.14662713792366525,-0.03888880111112621
174,0.08161023,-0.06765065,0.013809854,0.0127117345,-0.0006426404135975596,-0.06183374519908771
175,0.018246498,0.061293833,0.015613715,0.013387902,-0.06514224774712513,0.06700957407276596
176,0.03384077,0.03729304,0.008777798,0.007576767,0.001712596983828783,0.039950203338808624
177,-0.05221384,0.093732044,0.017095508,0.015161583,-0.12984563971645702,0.09278490638531631
178,0.14009067,0.012427284,0.028656231,0.02224555,-0.02070414492334877,-0.009205817625718225
179,0.12263766,0.03003084,0.028683105,0.022001171,-0.008914480279355545,0.04413696475769445
180,0.05801015,-0.011768342,0.008791151,0.0078088483,0.01780754598599939,-0.008461184542527507
181,-0.526661,-0.57518584,0.01734064,0.022655541,-0.55721288047371,-0.5633444677149673
182,-0.050266184,-0.34060928,0.010808588,0.014115839,-0.08785854554407757,-0.308380545455842
183,0.5942434,0.6497967,0.02780953,0.03383933,0.5009487030903904,0.6495284448425949
184,0.092982896,0.036954593,0.009571222,0.00795147,0.057956801877343464,0.0399712195812467
185,0.011315946,-0.024213701,0.008101527,0.0070976415,-0.019151547647350477,-0.013944382310879026
186,0.016901758,0.008587382,0.007793915,0.0071409154,-0.010364393976212347,0.016194683481900382
187,-0.08435079,0.24950427,0.016272848,0.016789341,-0.17053521105353828,0.23298026424208063
188,0.2016791,0.15666753,0.009325714,0.007904902,0.17323595088515922,0.15836453584664428
189,0.02126694,0.7396072,0.011286913,0.024145646,-0.044514551418928426,0.6945126918506337
190,0.04782837,0.0863409,0.022542976,0.019745346,-0.1146388688629693,0.07324815164638483
191,0.011422377,-0.0018031308,0.012178691,0.01081657,-0.05085007193191918,-0.0014349183515419098
192,0.051846407,-0.039089635,0.010566924,0.009463863,0.004240616639182436,-0.04272423044883293
193,0.005210974,-0.013606102,0.008528786,0.008363252,-0.01945297624349198,-0.006654273155230276
194,0.05892543,0.015616938,0.008706185,0.0071288645,0.03209992795311809,0.020642779591566796
195,-0.2759338,-0.02785623,0.012034298,0.0062517943,-0.2994029147025659,-0.026879009406329476
196,-0.61627555,-0.15877289,0.018648941,0.00703195,-0.626780891431223,-0.15075978572967114
197,-0.45633978,0.36823434,0.024944237,0.023470104,-0.5269681060585565,0.3503168201021155
198,0.31133264,0.30197215,0.01797943,0.018071204,0.2678889170699749,0.3288902095345599
199,0.054612134,0.059646763,0.010307856,0.0092014745,-0.005562812644781662,0.061945009813862806
200,0.027208284,-0.045935415,0.009453612,0.008666516,0.003730134643286538,-0.03497321005897458
201,-0.1968352,-0.39473438,0.02693727,0.031808518,-0.36618894372617655,-0.41519470022391874
202,0.41484484,0.15836214,0.021915492,0.012295411,0.3304170296170545,0.15522239573545815
203,0.012442097,0.004025138,0.008609394,0.0075472104,-0.01603475581905492,0.0044285840221982365
204,-0.1126757,0.68897015,0.0072995983,0.017719623,-0.1475492359083902,0.6972480985322678
205,0.14711015,-0.4068907,0.01800144,0.022823362,0.03711508484354603,-0.35583837458274853
206,-0.2100524,0.10757618,0.009679372,0.008529298,-0.2309034555538627,0.11361061284068757
207,0.270675,-0.039428532,0.017174724,0.009862747,0.18963403054913763,-0.027818270139254978
208,-0.07836226,0.36543226,0.00980817,0.014921356,-0.11699220363109471,0.3431345897235039
209,0.23142491,0.06178966,0.02048545,0.012580092,0.17450703713294904,0.06801807925976572
210,0.04821334,0.009592897,0.010521156,0.008941509,0.005568491528796394,0.011133654782735482
211,0.4912285,-0.17602843,0.024609078,0.011992173,0.3882450506209973,-0.17438205255561107
212,-0.0631929,-0.1457408,0.009836619,0.008782095,-0.09466397279848537,-0.1334316465996654
213,-0.09825274,-0.08691588,0.011220313,0.008807998,-0.14222179267624013,-0.08401713358132859
214,-0.0046317945,-0.23245572,0.008155328,0.008074834,-0.03456568579447878,-0.2215677146721915
215,0.051365867,0.094242804,0.007855066,0.0071575018,0.02047226110642548,0.10354631933809617
216,-0.04895388,-0.04797893,0.012046549,0.009385283,-0.11844304932527185,-0.04781206871543204
217,-0.00028382475,-0.015099273,0.011042416,0.00894288,-0.055178128472611165,-0.01872862395443988
218,0.20880829,-0.064341344,0.016108284,0.010984111,0.1396005465221108,-0.05936183685751475
219,-0.08544265,-0.17215598,0.019874431,0.017664492,-0.14837456218083425,-0.12611668398166084
220,0.16322617,0.05738061,0.012935415,0.009101018,0.11351515757236813,0.05378541768889717
221,0.09181517,0.006769537,0.011327696,0.009034098,0.028067182947236397,0.005300623243488271
222,0.15681417,-0.12990388,0.008644022,0.009527813,0.12359499919421899,-0.1220333312636645
223,0.26225135,-0.68922627,0.01085517,0.024152169,0.21432998565199826,-0.679009413844575
224,-0.04979147,-0.5001839,0.007461006,0.01029749,-0.07601298970746857,-0.4824033650779891
225,-0.041414365,0.15628472,0.008469329,0.008585699,-0.07721201083846162,0.16180409468078974
226,0.10616141,0.014690227,0.0110856835,0.008451784,0.06742707245433296,0.015359713695512096
227,0.26763314,0.1763241,0.010650552,0.00795095,0.23710046626224388,0.1814498688871305
228,-0.07232755,-0.5110664,0.009794476,0.015858477,-0.11949015720578748,-0.49832298728239394
229,-0.006601497,0.15303725,0.011037582,0.010688923,-0.032434146468457374,0.159086719527893
230,-0.006277639,-0.55399096,0.0072108363,0.01020712,-0.03181887939015499,-0.5442124569527048
231,0.055507567,-0.035325527,0.010310333,0.009005095,0.011492431989566988,-0.024077205739954158
232,0.019692032,0.066873424,0.008855195,0.008222216,-0.015223408604199986,0.06002597497118284
233,0.5263805,0.044182956,0.04986483,0.0223638,0.3880810360493922,0.04188682823991818
234,-0.2285357,0.31821355,0.012656009,0.014873546,-0.22470830172259157,0.2933806281982221
235,0.033418722,0.00938814,0.008129433,0.00706132,-0.0012076018633701776,0.015304799788741002
236,0.58679855,-0.3109664,0.016396224,0.010744515,0.528832205721707,-0.2923227263308383
237,0.7112105,-0.5226771,0.015295728,0.012845813,0.697394039197493,-0.5305533611149332
238,0.03696749,0.012154824,0.009037735,0.007880539,-0.0018578915238155707,0.013775426920564812
239,-0.012498898,0.085923396,0.015554445,0.014203869,-0.09852026784562112,0.09064775209828169
240,-0.10611544,0.03340608,0.010488598,0.00793715,-0.1300828090626535,0.034604221832660036
241,-0.08938559,-0.36821228,0.007838862,0.00982229,-0.11896492521261516,-0.35799076955501025
242,-0.02155267,-0.2480728,0.010087076,0.011285051,-0.061108459404203425,-0.24141413565426864
243,0.0060512307,0.0059819734,0.015509607,0.013560543,-0.06411644205125422,0.007762498972575263
244,0.020588603,0.055367034,0.008806039,0.0075493874,-0.011331534341579578,0.05383245460566303
245,0.01620822,-0.10463018,0.010639937,0.010315371,-0.033586104169343475,-0.09918082877733399
246,0.08143461,-0.11237228,0.009028638,0.008821572,0.0434296208964693,-0.10746913570406261
247,0.29763424,0.6601809,0.0155063225,0.027695391,0.2202475908411616,0.669308001455405
248,0.07749249,-0.10602247,0.014248078,0.013729578,0.020201760570227895,-0.09611529616263124
249,-0.04894363,0.07206535,0.008689877,0.008302193,-0.08608077765562795,0.08404471647646268
250,0.07505173,0.20437095,0.008056946,0.008023341,0.053585355979205745,0.2095646157334492
251,-0.24235928,0.09421577,0.01342272,0.010489451,-0.2842091557176744,0.090638833924993
252,-0.09731435,-0.1307266,0.010143603,0.008858205,-0.0985266402574754,-0.1013656047636871
253,0.25772983,-0.09833879,0.02012823,0.012948573,0.15419842048764,-0.0901995761981828
254,0.13508722,-0.04365705,0.00918575,0.007524591,0.10822804669194445,-0.038743891385913436
255,-0.34514612,-0.3197491,0.018019708,0.015759155,-0.4096527242037931,-0.3167468991950034
256,0.046234414,-0.015611828,0.008567198,0.0073752585,0.019675352002220692,-0.015080818771161235
257,-0.1842152,-0.24150154,0.009892688,0.00924376,-0.2228180086589535,-0.23552993166342717
258,0.14538792,0.20241526,0.0092576835,0.010221264,0.10835024898910531,0.20914193537794956
259,0.06282232,0.36875498,0.0091377925,0.014891626,0.026960126894565218,0.3554851002615087
260,0.07772714,-0.015680477,0.010179124,0.008613991,0.043999763659832776,-0.010725814012304373
261,0.05115338,0.48042423,0.008281721,0.013212957,0.01461725650590744,0.4834635333075756
262,-0.26941013,-0.29155603,0.037872255,0.035800677,-0.4658234018300986,-0.27444663022056265
263,-0.19943698,0.36466175,0.010409321,0.013793887,-0.24549153076709151,0.36314198452860835
264,0.47318256,0.04971969,0.013965864,0.005494459,0.43716934278003966,0.04978901472347503
265,-0.3449418,-0.48489204,0.0115227485,0.0141880205,-0.37877665561523155,-0.46735306665144405
266,-0.31836206,-0.5038937,0.009953238,0.013925273,-0.34487619784421286,-0.48986211579057864
267,0.040170737,0.041026555,0.012510035,0.010646831,-0.015692685885028795,0.043679371835848815
268,-0.31039873,-0.49489123,0.011426109,0.014941352,-0.3530486372907558,-0.4788038232477039
269,-0.0296228,-0.054855496,0.009848305,0.008272178,-0.07550705508288741,-0.05064942366847055
270,-0.066893764,-0.0045868168,0.008735728,0.008610276,-0.09488137308292724,0.008299167681803386
271,-0.054734334,-0.23896198,0.008299927,0.007769042,-0.08065893227541063,-0.2251916514521768
272,0.003848407,-0.48637614,0.0076840213,0.013583446,-0.02340973833695601,-0.4334173489284956
273,0.060568828,-0.08037654,0.00883499,0.0071963817,0.03592312547987451,-0.0633576456920839
274,0.25942284,0.23291436,0.0122709,0.010962863,0.22062455620929539,0.2399234515691791
275,0.8066025,0.16382256,0.028012404,0.009672186,0.7687349830850867,0.17273815273722756
276,0.014769822,-0.052392453,0.008667304,0.006979664,-0.007790456211793253,-0.04715537842938275
277,0.36168694,0.2590046,0.011778557,0.010206816,0.3133505870695552,0.24629995483090783
278,0.15453063,0.12111284,0.02800661,0.022181835,0.005183938810238154,0.10995663908110122
279,0.12184427,0.028883584,0.010989476,0.008409831,0.07308604646915574,0.02212777504378714
280,0.14962757,-0.19865301,0.011106905,0.014936478,0.10411749324459688,-0.21205936895117294
281,0.08797477,-0.03642553,0.009468728,0.008182052,0.04181265482068132,-0.03344585936300429
282,0.2548792,0.027159087,0.013094622,0.007155813,0.21089141271008402,0.02672163043412478
283,0.07198425,-0.011133113,0.009088297,0.0076429895,0.03361526104820754,-0.011926934796959887
284,0.25150722,0.14771579,0.016825348,0.011872996,0.20871494541499244,0.1486592107073839
285,0.01512954,0.054229792,0.0088616945,0.008385551,-0.03631963860702808,0.05504953713220606
286,-0.07050039,-0.03846374,0.008465193,0.0076729804,-0.06441142040250872,-0.016712647803973784
287,-0.03575141,0.013088322,0.009573347,0.007613209,-0.06897784391365717,0.018247295514505282
288,-0.030913468,0.05872789,0.01028768,0.009653059,-0.06896114247748156,0.054979652716390305
289,0.737859,-0.057539083,0.022528874,0.005863147,0.7028327785651273,-0.057259302171124606
290,-0.023306679,-0.43304092,0.010367438,0.015674127,-0.07657656501062601,-0.42431056151467783
291,0.014548844,0.00026027765,0.008150953,0.007166304,-0.012005063728076333,0.007294004093634212
292,-0.36113265,0.48546517,0.010591105,0.018050952,-0.3717056112913289,0.47097284972352316
293,-0.00070463633,-0.0020137066,0.009757999,0.008080298,-0.03425687860259109,-0.010968270545145034
294,0.060883217,-0.007037089,0.008247433,0.007756742,0.0353634937743822,-0.007753118600307682
295,-0.18990771,-0.056901917,0.0147665795,0.011750127,-0.2315848363819198,-0.04958561143017059
296,-0.18466978,-0.20686756,0.01697925,0.016552392,-0.2581318656617445,-0.20467123468222878
297,-0.28368598,0.31119305,0.012405251,0.016729515,-0.32949350568089886,0.32089004826051715
298,0.14485352,-0.21423458,0.00836554,0.0096426355,0.10930378286110012,-0.20205024820899078
299,0.015059909,0.025368497,0.0084615275,0.0075311027,-0.023527587899177055,0.028966456516509694
300,-0.024040192,-0.14791805,0.008850114,0.007995712,-0.06067974133913436,-0.14480259763021938
301,0.11386417,-0.12599522,0.010198003,0.010707337,0.06809783167287238,-0.12037782734142301
302,0.16618899,-0.0077975104,0.024782369,0.01765947,-2.3891361105768845e-05,0.0012196134796213698
303,0.19929828,0.09445257,0.01701687,0.012277421,0.11825309795711143,0.09231882444236864
304,0.08173378,-0.21391845,0.008490488,0.00965746,0.044563875228062946,-0.20892640858999156
305,0.09916063,0.0060440553,0.020724026,0.017111761,0.006087419479723593,0.012807104187670318
306,0.113464996,0.2886205,0.007762806,0.008748331,0.08758337774382009,0.29246358757359786
307,-0.011914838,-0.036996752,0.00821161,0.00739268,-0.03654097107482967,-0.029055960392364535
308,0.2195874,0.092173286,0.021445844,0.014502182,0.1176296830344165,0.07845696275814412
309,-0.4197791,-0.51845366,0.01646776,0.018572165,-0.44838937131499956,-0.47748635164599534
310,-0.042917423,0.020613194,0.008596511,0.007245692,-0.07387626449813878,0.028423542694282662
311,-0.054304477,0.93131584,0.0059361807,0.015644621,-0.08667559403223687,0.9228491604253314
312,-0.27907494,0.05964476,0.010664116,0.0074361265,-0.3011556964423283,0.06350932379194997
313,0.674459,0.112872444,0.044880792,0.017233327,0.5420553898741045,0.10045276979921855
314,0.020588603,0.055367034,0.008806039,0.0075493874,-0.011331534341579578,0.05383245460566303
315,0.12220231,0.1823007,0.008077049,0.0072417343,0.09380944400137219,0.1944862723215958
316,-0.55949163,-0.33836243,0.017507227,0.0098895235,-0.5686108826741558,-0.31973655183761696
317,0.0908584,-0.091353595,0.039797902,0.03323342,-0.09849720697574019,-0.06126855713238713
318,-0.20056526,0.28893322,0.00945869,0.014437549,-0.2234310275542172,0.2797714934338724
319,0.029479003,0.0071093654,0.010579428,0.009059728,-0.02136361391661018,0.007319741241746573
320,0.05153671,-0.06058716,0.009538161,0.009119934,0.037277226880212934,-0.054052494492643
321,-0.21983469,0.0012356779,0.012422677,0.008008436,-0.23066949031176098,-0.005931646901308433
322,0.03423039,-0.0033750767,0.00977122,0.009111749,0.00265130608717053,0.00096244869601314
323,-0.080119744,-0.32971388,0.008131206,0.009053902,-0.10421073552278402,-0.31588027139436764
324,0.04839701,-0.0062646726,0.00925733,0.007665702,0.014703039574275172,-0.00800545382417347
325,0.034396578,0.07862395,0.012298219,0.0112845395,-0.01578090492182265,0.06247948354588114
326,-0.53078187,-0.24153969,0.019870926,0.010970985,-0.5644614927454443,-0.2346148825409107
327,-0.4970472,-0.38302144,0.012095546,0.008913597,-0.5196969775935828,-0.3734629410979495
328,0.19821946,0.83822334,0.007867485,0.01924914,0.1623796386399011,0.8354862939820177
329,-0.025537774,-0.15153469,0.009762603,0.00884901,-0.06241546710555423,-0.15114989965883835
330,-0.0639252,-0.2617066,0.010729928,0.011302352,-0.09825634415311844,-0.24777175411541122
331,0.08857129,-0.20709047,0.007883688,0.009309878,0.05577042828022433,-0.18959750859880575
332,-0.05441026,0.0057546264,0.009732971,0.008095227,-0.08684985849972351,0.006474559728311062
333,-0.089031525,-0.049910784,0.011970339,0.009036028,-0.1188713545795627,-0.04061315875978821
334,0.5116186,-0.3945341,0.020457651,0.01995198,0.45655156812645165,-0.37463034307630655
335,0.1691286,-0.16836411,0.014488975,0.0137176,0.09367879428902526,-0.16385465028251375
336,0.007928902,-0.19587742,0.0104940245,0.010443971,-0.04069166644505735,-0.18469132208468567
337,0.15102589,-0.06647054,0.016115203,0.012494388,0.08034541736671799,-0.05565388421347653
338,-0.2901318,0.04977449,0.012762647,0.0075777387,-0.3015919123339223,0.0538115712139459
339,-0.23031422,-0.2722941,0.010450966,0.010289796,-0.26298147295346513,-0.2623373393996592
340,0.68469954,0.27925864,0.01922422,0.011521304,0.6530425889290097,0.2776134323057702
341,0.0065324125,-0.006527842,0.008447461,0.0075384844,-0.030226209441385037,-0.00399610350623473
342,-0.48908913,-0.19653079,0.017692761,0.008857964,-0.5822826050733994,-0.2157948468953456
343,0.07179244,-0.13298465,0.009687282,0.010535654,0.03210148264629001,-0.12762290902089043
344,0.03336907,-0.0133946175,0.010423359,0.009010158,-0.0027278313249931106,-0.012403322195642628
345,0.28719413,-0.256958,0.01615919,0.018701695,0.23558530676734535,-0.24428200922381
346,0.31281576,0.55548906,0.01009817,0.01618619,0.28396801465327015,0.5615169526772605
347,0.15630795,-0.037789583,0.012394655,0.009203462,0.09061924377245727,-0.025374863862766498
348,0.03994312,0.024638556,0.008786307,0.0074095856,0.0006026669770750972,0.023656657836911153
349,0.09413527,-0.13877025,0.012331777,0.012387929,0.025574680030264932,-0.1345020250002315
350,-0.08267094,0.04831978,0.01069773,0.0099282,-0.13569421273635315,0.04684192666654831
351,0.041044947,-0.037489083,0.0089526735,0.008145089,0.005369250762510595,-0.03978977009464301
352,0.075167075,0.01993803,0.010891136,0.00902581,0.014021634070105581,0.011300661691768488
353,0.43625432,0.06050341,0.019798465,0.00747838,0.39776475363778224,0.06249927587932907
354,0.059088655,0.11345732,0.009394212,0.008730681,0.005874829223885591,0.10219161837567314
355,-0.16352966,-0.5273569,0.011354688,0.020225191,-0.2038375669241612,-0.5071375980065024
356,0.042529922,0.0098971715,0.008756055,0.007681634,0.011051540476748948,0.011716763319227242
357,0.025717977,-0.0147305885,0.008525122,0.0074311607,-0.00333019707459674,-0.005034437165250155
358,0.24620396,0.20711139,0.01369086,0.01404997,0.15751314969427838,0.15592055986731793
359,0.07816025,-0.002551281,0.01596821,0.012597771,0.010428767398747232,0.0009005524014595116
360,0.35363808,-0.13710487,0.0206904,0.011942873,0.29765040909973906,-0.13443155842669308
361,0.01983783,-0.0127385715,0.0086317295,0.007131489,-0.010680855538350326,-0.007975527879124289
362,0.026381949,0.67197376,0.006969957,0.014799498,-0.002727015958650044,0.6596619968263147
363,-0.5703038,0.30642557,0.015505969,0.011600974,-0.6093728187824906,0.3226762226305124
364,-0.48413977,0.0061596474,0.013532338,0.0075412695,-0.49386342630207153,0.017645270469050088
365,-0.14067157,-0.15541445,0.010153869,0.007832634,-0.16880093137809346,-0.14493069574658873
366,0.19902389,-0.03039309,0.010800806,0.0076901857,0.14652338530016487,-0.03258685234527873
367,0.086712986,0.017005872,0.015576393,0.012605691,0.024666833275867016,0.021043592549628492
368,0.054108854,0.042078614,0.009536035,0.008088753,0.01713558229357761,0.042366403827104604
369,0.23965369,0.18398942,0.01254335,0.010599466,0.18858942267773343,0.17746775976003498
370,-0.49181846,-0.3341377,0.015840555,0.011399441,-0.5329465679620454,-0.3316389746891642
371,0.457691,0.2308254,0.014267352,0.0111385975,0.41284365889306623,0.22860615989250518
372,-0.31384352,-0.12756738,0.023525506,0.01411628,-0.41257618849849514,-0.12525085242743061
373,-0.20363934,0.19277942,0.010490012,0.013471808,-0.19805605122865708,0.1556108648664496
374,0.4314593,0.33079642,0.015366283,0.0142607,0.39930280561966774,0.33047417353800657
375,0.029777078,-0.10469506,0.009135313,0.009033189,-0.0055530372782069395,-0.09656427670960395
376,0.013849899,-0.007408523,0.010224553,0.009127451,-0.01050367113201078,8.301863669503508e-05
377,-0.5540837,0.56129134,0.03374475,0.038168356,-0.6432875958261405,0.5359876255510466
378,0.02951857,-0.034660004,0.008754991,0.007732801,-0.001821665603969354,-0.03070979540278141
379,0.28075114,-0.7526042,0.01048907,0.024932994,0.23764487277689758,-0.7642459038605232
380,-0.16321869,0.4022427,0.008806748,0.015607884,-0.17503799996190178,0.3821551421400441
381,0.046797257,-0.017435111,0.00955906,0.008323331,0.004891414790627932,-0.0133625710898047
382,0.50112796,-0.3418339,0.014498607,0.012589867,0.4692668146612228,-0.3429169781422239
383,0.05354511,-0.010275074,0.014637007,0.012198385,-0.01937320082484585,-0.013459185156476025
384,-0.33003896,0.1732834,0.014861249,0.011078273,-0.36398556010189215,0.16548111165683857
385,0.10314048,0.014381788,0.009898473,0.0077055846,0.0593655122160607,0.015203151310264614
386,0.08902106,-0.011095767,0.02833657,0.022591744,-0.09185890981091645,-0.005722371942811918
387,0.043224026,-0.009218135,0.00885555,0.007103588,0.01248562438278985,-0.008170176728978617
388,-0.02809259,0.19338503,0.008144923,0.009287901,-0.0532070495957636,0.18841292893150835
389,-0.07030253,-0.25955868,0.014753656,0.016058268,-0.14301819155181775,-0.26722989629335614
390,-1.4672987e-06,0.011929653,0.010866726,0.0108589465,-0.02132295418694485,0.007383228467999229
391,-0.3189211,0.7608528,0.009741352,0.023002109,-0.3590383659985825,0.7593270309214547
392,-0.12030721,0.026692368,0.009720811,0.007826242,-0.15260432548148808,0.032062234517091316
393,-0.6131662,-0.28151637,0.024152447,0.012710231,-0.6602216550372453,-0.2742174098265887
394,0.011921637,-0.023144916,0.00845609,0.007195165,-0.019389785657881277,-0.01717628348934917
395,-0.0075673223,-0.06849302,0.009145471,0.0076962523,-0.05028469108289014,-0.06359474135340609
396,0.10368261,-0.75783604,0.0074324887,0.0179862,0.06122813994843795,-0.748758759125932
397,0.4899484,-0.3379775,0.035178185,0.025766727,0.39329818585653187,-0.3342366883549683
398,-0.06264305,-0.049906135,0.017317088,0.013675532,-0.16459567419456234,-0.053326418766210214
399,0.22492774,0.088115714,0.012609041,0.007949336,0.18581901872694448,0.08909203004704219
400,-0.14012578,-0.4976405,0.0073516686,0.012521881,-0.16146196694505138,-0.49253558312267604
401,0.29539004,0.24607055,0.0150089925,0.014946031,0.23740257895505135,0.24078269869355845
402,0.36358345,0.16818011,0.015459839,0.009125958,0.31847180561227645,0.1633911246641525
403,0.034153577,-0.012778611,0.008864649,0.0077491906,-0.007691584958126607,-0.011188156959894033
404,0.056642305,-0.0030846233,0.010069138,0.008434372,0.01206764158114019,-0.0019092824546858807
405,0.022248993,0.2078248,0.008890878,0.009310111,-0.007469270938103724,0.20811040879972104
406,0.023130644,0.05766677,0.0079108905,0.007137,-0.0009460941364866311,0.06240627029948252
407,0.11460003,0.013231787,0.014752717,0.011308092,0.0223281033323627,0.014242980511636043
408,0.1484656,-0.19895881,0.031969402,0.027171303,-0.017344792062942177,-0.20697517407236465
409,0.45881552,0.24966249,0.02129905,0.013109183,0.3744473096506412,0.22933358121520128
410,-0.11471675,-0.063776225,0.01064206,0.007641763,-0.13386503213750742,-0.054218760645873366
411,-0.24464814,-0.11444628,0.011911442,0.0075317905,-0.2955105084709234,-0.11526600012108812
412,-0.6563771,-0.38806382,0.015714644,0.010005338,-0.6838396745917169,-0.36330793408717893
413,-0.013821546,0.3908838,0.010002693,0.015220631,-0.0661139919761428,0.3981968125064281
414,-0.26117414,-0.68707633,0.008175193,0.016323319,-0.2961993303244063,-0.695603386822563
415,0.4118106,0.035411127,0.10333925,0.08518485,0.10304421055097078,0.040058547592800434
416,0.030592281,-0.010059507,0.009988411,0.008287005,-0.004895935130723055,-0.01012295760140433
417,0.03718439,-0.06410035,0.008884617,0.007524225,0.006113865895751698,-0.06248439679353757
418,0.0050128144,-0.20553797,0.008710203,0.00846788,-0.030168966835885932,-0.1954494778081605
419,0.029057533,0.01968244,0.016497778,0.01395506,-0.05712589710637041,0.014334740559105998
420,-0.2265281,0.09621242,0.012418791,0.008506637,-0.26117922035426744,0.0911412198664026
421,-0.17539063,0.07813509,0.010838662,0.008734749,-0.2058413391136012,0.08258901901600611
422,0.080933,-0.028263375,0.017713375,0.014541359,-0.006744203410313981,-0.030363478898063116
423,0.15658358,0.28471678,0.009102118,0.009696812,0.12603073162480136,0.28313477225307226
424,-0.05917731,0.30647907,0.011089693,0.014743918,-0.11477957193504816,0.29817285822349465
425,0.6071741,-0.14067122,0.024490548,0.009103104,0.5414496355720476,-0.14088765750907878
426,0.10369366,0.033574335,0.008424766,0.00707485,0.06941982233554196,0.03874661704999539
427,0.0749596,-0.24747789,0.00967831,0.013066649,0.03597520914339887,-0.2385032045675606
428,-0.18116586,0.07522177,0.012488491,0.008869902,-0.22641618715255585,0.07339586143261329
429,0.058743544,-0.049592935,0.009171104,0.008449033,0.03531616615348178,-0.05208717729690478
430,0.6949047,-0.3666067,0.054194126,0.034759182,0.5652574918056343,-0.38466299003302584
431,0.04884755,0.0007931581,0.008735256,0.008023199,0.02368862091928548,0.0021599158186346905
432,-0.10267514,-0.09505582,0.013170509,0.010535268,-0.15738149324343498,-0.09136927992336931
433,0.06636101,-0.054254845,0.010449431,0.008889552,0.01755048792108446,-0.05145290124608303
434,-0.12772205,0.07127265,0.010311632,0.008587432,-0.1481960149104033,0.06377090323446659
435,0.5294633,-0.10866714,0.04584891,0.02111044,0.34724739353973555,-0.10838072805963946
436,0.042529922,0.0098971715,0.008756055,0.007681634,0.011051540476748948,0.011716763319227242
437,-0.32241213,0.41661882,0.010714005,0.017818294,-0.3573254232632843,0.4291711932887581
438,0.09669719,-0.05519616,0.019407565,0.01569274,0.0010616626276389793,-0.05197297613603218
439,-0.13066313,-0.30624804,0.008053871,0.011150091,-0.15401842235947374,-0.2922968152549263
440,-0.21045867,0.46133763,0.010024409,0.015003584,-0.24656475076327336,0.4473401597791312
441,0.14452972,-0.055709295,0.011504129,0.009209154,0.10028355700424982,-0.050125575192204355
442,-0.34140435,-0.7949558,0.009329375,0.017425189,-0.3757519207242218,-0.7673181859582895
443,0.08336943,-0.0649576,0.011351858,0.0102157,0.020382935374814996,-0.06201580499421941
444,-0.093458116,-0.069926366,0.010837009,0.008240021,-0.13367297009889129,-0.07140498577262036
445,0.16491146,-0.40336406,0.012300573,0.020028975,0.10551850418263668,-0.3907818095674705
446,0.051235028,0.1735791,0.008623339,0.008904886,0.0243427307572892,0.16762754412654832
447,-0.18905891,-0.07236485,0.017198278,0.011219634,-0.24009691143714956,-0.06422341872082896
448,0.2497664,-0.23262897,0.013004724,0.012307061,0.20058715964632615,-0.22796202789243974
449,0.20234945,-0.06270038,0.02885917,0.020324871,0.048072490617794,-0.04329674755326361
450,0.18054472,-0.42826787,0.010820854,0.019305546,0.12265224345056218,-0.3798736176945197
451,0.38364935,-0.0192644,0.020342246,0.009081024,0.323284496646188,-0.014701706755256665
452,0.16721828,0.60756105,0.007934427,0.017280627,0.13735550283103415,0.6309762462401859
453,0.674459,0.112872444,0.044880792,0.017233327,0.5420553898741045,0.10045276979921855
454,0.7722011,0.3941399,0.029296752,0.01774799,0.7311725632673443,0.4056874303238701
455,-0.0030242703,-0.19339192,0.007861925,0.0078003285,-0.03312259216721685,-0.1864500484021519
456,-0.4552637,0.047700822,0.01813608,0.007558373,-0.42516474449237085,0.04597813349269487
457,0.012140291,-0.06090737,0.012871044,0.011691892,-0.028397073705612057,-0.056947270622800465
458,0.483321,-0.11249063,0.016851252,0.007163618,0.4454959214840024,-0.10855706664495779
459,0.30606014,-0.6609771,0.008836999,0.01709163,0.2759880580489638,-0.6584617293646079
460,0.0029608454,0.40314665,0.011795521,0.015198263,-0.05767044975419102,0.40121368093023957
461,0.057141628,-0.38352293,0.013328619,0.017756144,-0.03305796706996736,-0.37589566729310575
462,0.047454625,0.13846709,0.008063804,0.007983745,0.014297550698945592,0.14001791609312172
463,-0.041141167,0.55241317,0.009800733,0.017323252,-0.08874878694687914,0.505193876333443
464,0.4963992,0.42655295,0.03922609,0.038441908,0.37817279380730806,0.441171533378627
465,-0.6465061,0.4237606,0.018741492,0.016953906,-0.6646925358686933,0.4170213055062028
466,-0.013149366,0.40964544,0.008286213,0.013140696,-0.05520842557820982,0.47229866772157114
467,-0.041398708,0.2908183,0.008843732,0.011253037,-0.07746515241007287,0.27371664282591185
468,0.06916064,-0.05631142,0.008322626,0.0074477643,0.036295893043872575,-0.051837701895982344
469,0.049248707,-0.02804757,0.008751092,0.007896911,0.01724151238466561,-0.027098865808345463
470,0.07517362,0.0065025752,0.015151314,0.012138179,-0.006472047166835316,-0.003410555864881394
471,0.06774971,-0.08644465,0.014586139,0.013330283,-0.007033301062099787,-0.07940221269925021
472,-0.15260872,0.08212238,0.013555741,0.011953751,-0.20733995203348587,0.08465971139394912
473,0.067293555,-0.026578046,0.008504436,0.0073174033,0.03205623876017646,-0.0199688368849257
474,0.15630795,-0.037789583,0.012394655,0.009203462,0.09061924377245727,-0.025374863862766498
475,-0.01863827,-0.11642777,0.017292835,0.015590879,-0.10991512332665711,-0.11792061935170181
476,0.17167357,0.124817744,0.018910887,0.014484653,0.09107608953992036,0.12387221019699594
477,-0.43059376,-0.11024501,0.021581769,0.009222962,-0.49426024593338275,-0.10978433310593873
478,0.012140291,-0.06090737,0.012871044,0.011691892,-0.028397073705612057,-0.056947270622800465
479,0.10925753,0.15799385,0.03422064,0.03267336,-0.029684535694181568,0.1272073126480818
480,0.11477612,0.2398667,0.008360339,0.011062926,0.08222350119533774,0.2394870521898832
481,0.07671062,0.022162855,0.009453849,0.008275449,0.033387603566257605,0.01715532293106219
482,-0.3077655,0.27844742,0.012967069,0.017114848,-0.33819708624466077,0.27114489679134474
483,-0.13882823,0.18029597,0.010366612,0.014031265,-0.17770716274648132,0.18523526515510294
484,0.16918465,-0.07795062,0.05257668,0.043319147,0.009820221462854658,-0.025195865928372488
485,0.026439661,0.004013992,0.009674768,0.008083168,-0.007979523156895934,0.002562373972298496
486,0.02426282,-0.032435976,0.010695489,0.009528397,-0.014504879592521173,-0.03727407013696388
487,0.1547236,0.03688556,0.00956095,0.006736316,0.11963865758926523,0.04068508335978196
488,0.6559011,0.14945155,0.032009237,0.012086392,0.5832034176397222,0.14198540453161293
489,0.35293034,-0.06518108,0.016553238,0.00829221,0.31281339499794875,-0.06266959241585836
490,0.067013085,-0.014051885,0.013898738,0.01149176,-0.02070175524133453,-0.00817199188569644
491,-0.20830424,-0.17192495,0.01568683,0.012672969,-0.2661812786390226,-0.163319339996592
492,0.10754633,-0.028750807,0.009566853,0.007432211,0.07796803943199831,-0.029771225563194968
493,0.31133264,0.30197215,0.01797943,0.018071204,0.2678889170699749,0.3288902095345599
494,-0.009253904,-0.059090815,0.010081883,0.0091778645,-0.01980706952042909,-0.050614309452059025
495,0.14755131,-0.33638853,0.007946017,0.010098048,0.11312496006212268,-0.32995917070487796
496,-0.4197791,-0.51845366,0.01646776,0.018572165,-0.44838937131499956,-0.47748635164599534
497,-0.009709528,-0.012128883,0.010101356,0.008007458,-0.05026244346193678,-0.01063870998541918
498,0.059486885,-0.020094823,0.010824863,0.009302221,0.013481883224645582,-0.016516542113263425
499,-0.023391936,-0.018169455,0.014342797,0.012225484,-0.091290064037134,-0.018622886148732296
500,-0.051921584,0.17087704,0.008791859,0.01028656,-0.08467512390052288,0.1687618290562809
501,-0.14212786,0.014887824,0.01087274,0.007819949,-0.16533606218140776,0.018731512241714477
502,-0.14617057,0.27902007,0.011047721,0.016493278,-0.19336803326123264,0.279045049626324
503,0.45881552,0.24966249,0.02129905,0.013109183,0.3744473096506412,0.22933358121520128
504,0.001055717,0.1383338,0.0095747635,0.009460076,-0.05126935208430175,0.14004098510585808
505,-0.06057307,0.67917436,0.011091106,0.022056334,-0.13546460610978392,0.6895254732077803
506,0.036467772,-0.019417055,0.008633386,0.0076928744,0.004372248354624102,-0.01740548783760697
507,-0.023315523,0.027762502,0.013292857,0.011950225,-0.08170372017184199,0.027672964793461072
508,0.56020546,0.363308,0.016683735,0.012127579,0.5085112166974233,0.35553132644785584
509,0.18377696,0.52712107,0.015362995,0.026044084,0.10879401744850424,0.5096162160421588
510,-0.36802328,0.0343941,0.013878633,0.007118938,-0.3951322531203529,0.03531083023563893
511,0.072045304,0.0027347235,0.012252882,0.0103373,0.0033760601073744823,0.004109781168624523
512,0.11612509,-0.1886589,0.012366749,0.011887622,0.05249201088763886,-0.18233824369583412
513,0.109646305,-0.43764734,0.0076304316,0.013153482,0.07401878866742054,-0.4174144370894052
514,0.030803412,-0.08099827,0.011920158,0.011213699,-0.02713838983187944,-0.07554030686745757
515,-0.18449144,0.06838281,0.01008082,0.007510999,-0.21274650666827702,0.07607215898803228
516,0.18918891,-0.108142614,0.009738991,0.009641141,0.15461882588532339,-0.10758877411970745
517,0.09582646,-0.77702063,0.007453906,0.01944096,0.05070886888161211,-0.7129633046223409
518,0.27057922,-0.14879352,0.014494616,0.012041209,0.2344485938974307,-0.15792016355964636
519,0.099292845,0.0045682853,0.009245281,0.0075917295,0.05697443790060541,0.006927804850321715
520,-0.25791872,-0.60401136,0.011193435,0.015236257,-0.2841233730878611,-0.5852538459920584
521,0.068531215,0.098736525,0.012484135,0.011771694,0.011004756640244206,0.10520142685097728
522,-0.0059888526,-0.03814371,0.012152312,0.0108532775,-0.049874272366041666,-0.028113316026389893
523,0.044241186,-0.014532023,0.009124208,0.007997155,0.002811193620817853,-0.010008635989087982
524,0.2952791,0.17810328,0.023460295,0.017071303,0.20497514406170167,0.1728734038284884
525,0.067013085,-0.014051885,0.013898738,0.01149176,-0.02070175524133453,-0.00817199188569644
526,-0.023188619,0.6599248,0.0070183747,0.014561777,-0.060033973078295624,0.6556260364183474
527,-0.65092695,0.29221103,0.016963074,0.010139726,-0.6618501788317458,0.2896399274614185
528,0.5205181,0.03055507,0.014363482,0.0052919923,0.4793518213390757,0.027689669068346842
529,0.34084362,-0.11219184,0.015116439,0.008489612,0.2984253917208909,-0.1045104754269477
530,0.17038128,0.21216318,0.017327517,0.017205456,0.06293088657807944,0.18985470930729234
531,0.00038691657,0.035806097,0.008865356,0.007816899,-0.040817078052036534,0.034705193067025346
532,0.09807485,-0.28849074,0.008554316,0.008633536,0.06693497932825837,-0.28165433973100973
533,0.11922185,-0.059194624,0.018532159,0.014624548,0.03550203266882842,-0.04691473385971577
534,-0.15954709,0.14801684,0.021756636,0.017132688,-0.2556295832506064,0.1334147774964574
535,-0.64312994,0.4999942,0.0159573,0.015865184,-0.6513050988501274,0.47586380752518737
536,0.07941547,-0.3710847,0.014202949,0.019720323,0.014523890796147338,-0.35826083206719267
537,-0.13804898,-0.26364657,0.008598756,0.010636353,-0.16338304451386948,-0.2477020962945544
538,0.054262593,-0.28500712,0.0085828,0.010300701,0.019762061583112785,-0.2852462191020752
539,0.42877242,-0.4485539,0.015330477,0.017023025,0.3815636661264487,-0.4430105522413322
540,0.12645656,-0.008637876,0.02835442,0.022215188,-0.03061460520932621,-0.003781116651743602
541,0.07844715,-0.038621105,0.008477132,0.008205025,0.05233466454577363,-0.03703480149024083
542,0.11146175,0.10671116,0.008967676,0.0081138285,0.09114400034058925,0.1274000861034024
543,-0.3916177,-0.5770241,0.012497556,0.014555144,-0.4138765177922828,-0.5608420385424238
544,0.013794206,-0.09347488,0.010192339,0.009552423,-0.04384564758855097,-0.09675933189484878
545,-0.32946852,-0.4739119,0.015656669,0.019830896,-0.38780805331471757,-0.4663698470702082
546,-0.21498886,0.26247653,0.009027576,0.011058943,-0.23708952191387178,0.2700619833511883
547,-0.08111958,-0.18549086,0.013632769,0.013412615,-0.15328395474218892,-0.1855797085949651
548,0.05833149,0.072509505,0.008322035,0.007992302,0.028463431090111593,0.0697843711571673
549,0.16376108,0.045818485,0.014495555,0.01026112,0.08201875319265134,0.04147019167285334
550,0.39847267,0.7606852,0.01035269,0.017487286,0.3583138041791229,0.7514075949929898
551,0.1255643,0.025675245,0.025184311,0.019089494,0.011329064408249961,0.04009606218155091
552,0.12170823,0.017630883,0.02661555,0.020355985,-0.01345483723606851,0.035924245100629915
553,-0.093133554,0.36139652,0.0076384754,0.014192125,-0.11370188393969564,0.33742977935894636
554,-0.037912726,0.22660086,0.007921417,0.009676685,-0.06414637177804679,0.22162716167827082
555,-0.2576806,0.035430975,0.01010348,0.007096494,-0.27831512472181774,0.04294301321174893
556,0.002953067,-0.1818671,0.0089435745,0.008303015,-0.024311878202250246,-0.18116715614252504
557,-0.12093674,0.56974876,0.0073612537,0.0148623325,-0.14308648172418317,0.5683046071541943
558,0.45001858,0.7247426,0.013736248,0.021667847,0.4046728022358507,0.7345076178723315
559,0.026381949,0.67197376,0.006969957,0.014799498,-0.002727015958650044,0.6596619968263147
560,-0.06127976,0.36071685,0.007915976,0.011881219,-0.08887814025149511,0.3600013631620731
561,0.002844105,-0.09672091,0.010228565,0.009408953,-0.043306186392303644,-0.0880726824695973
562,0.38446677,0.10112135,0.023992896,0.012279682,0.28066443056113544,0.08746943165046805
563,-0.5262643,0.124371156,0.014548307,0.008288863,-0.5480080784867928,0.13068299042377837
564,0.07631073,0.19417807,0.018296333,0.017058058,-0.04405537700764119,0.16724373792614905
565,0.06774971,-0.08644465,0.014586139,0.013330283,-0.007033301062099787,-0.07940221269925021
566,-0.21121433,-0.10997013,0.01291035,0.0089299595,-0.26155734383209506,-0.10078018345734724
567,0.024569362,0.016016006,0.0090285195,0.007509581,-0.010938187868247648,0.01801686727346155
568,-0.2246465,-0.18445596,0.011997313,0.009217807,-0.27445284096446326,-0.19009841637176902
569,0.07786106,-0.16914436,0.00799214,0.008126404,0.05083031346704246,-0.14557236646875552
570,-0.029607799,-0.0067418227,0.008459755,0.0070848768,-0.06121074437613004,-0.00014774215298954304
571,-0.4062741,0.40008515,0.0117452135,0.014921946,-0.43365376534655836,0.41369376386652557
572,0.10042684,-0.22319482,0.008403369,0.009482788,0.06876237414133655,-0.20871614712689981
573,0.12954591,0.09201511,0.009592947,0.007801058,0.08990362869255947,0.09227671158500637
574,0.09077351,-0.03819025,0.014363128,0.012161559,0.027305628568039173,-0.03146253354795219
575,0.2612676,-0.44721335,0.013301093,0.023432948,0.21596444005699103,-0.4481782083241993
576,-0.3618964,0.19884701,0.018632792,0.015673842,-0.4212883683009575,0.19979995135044698
577,0.32418925,0.27487838,0.011150408,0.0095342435,0.29991719417932705,0.2841152756906763
578,0.14984648,0.18106177,0.00925733,0.011396758,0.11559009616593102,0.17832067308558902
579,-0.11603975,0.04407514,0.009343548,0.0076843584,-0.1473157657197525,0.05132794191088928
580,0.8621604,0.40584636,0.023546,0.012568821,0.8491178574557743,0.4150687134781135
581,0.14485352,-0.21423458,0.00836554,0.0096426355,0.10930378286110012,-0.20205024820899078
582,0.227266,-0.17124009,0.014472053,0.012370379,0.1664464793944067,-0.15773019067600014
583,0.05973077,-0.3977267,0.007671364,0.009624554,0.03589591541348321,-0.38292005167297316
584,0.7937969,0.30970538,0.053290453,0.028888615,0.6594685979008559,0.2956742084156256
585,0.018056672,0.19031194,0.007777237,0.008003061,-0.0038093617207813485,0.1970907288908817
586,0.11466227,-0.20312575,0.00904057,0.008890693,0.08301226832221346,-0.1941528232943724
587,0.030395083,0.034800135,0.010970964,0.009180816,-0.014490433556026815,0.03133538991620781
588,0.085286275,0.081996806,0.016622301,0.013753912,-0.020282406698574052,0.06836446931421933
589,0.03342896,-0.048360907,0.008509636,0.0075060683,0.002058229764559972,-0.04190931227481397
590,-0.0016149576,-0.016417995,0.008227926,0.0072053093,-0.02870614933733226,-0.01208973905238848
591,0.53883076,-0.4120074,0.014651692,0.010444031,0.5213037329740622,-0.4093904450558869
592,0.42246953,-0.59459805,0.011122938,0.016115872,0.37955293243775867,-0.5813709906168083
593,0.10709398,-0.10371398,0.009410154,0.009938165,0.0687083029813031,-0.10922463175831901
594,-0.099701956,-0.13110465,0.010907764,0.009356169,-0.1436683107228197,-0.12208839899422753
595,0.30764204,0.040434677,0.017961165,0.00890793,0.27697049812140606,0.04791173782632886
596,0.5105114,0.49696088,0.012625873,0.009586702,0.47818597596567886,0.5032455291572162
597,-0.007300722,-0.2975401,0.008686802,0.011303343,-0.03926452812718759,-0.2847624248213877
598,-0.004575131,-0.070529856,0.00977429,0.008019598,-0.03675718081329309,-0.06530313232388321
599,0.030227931,0.00014008489,0.011536772,0.010103349,-0.032351353987993006,-0.0021929087987012036
600,0.7687211,-0.09936493,0.02089052,0.0060296236,0.7319155388781748,-0.09564274495083099
601,0.031185528,-0.2255536,0.008680068,0.008610581,0.007564148305232599,-0.21573392587136775
602,0.06269998,-0.091501206,0.010599362,0.0102451015,0.020358411231310155,-0.08896503784288366
603,0.059540816,0.05264549,0.010538967,0.0089821685,0.013098055194615805,0.05293428126169304
604,0.071630225,0.008103712,0.013425894,0.01110689,0.008350964186090408,0.006978621835387153
605,0.065412275,0.23799753,0.007821355,0.007954069,0.03762429743396817,0.23996878709769368
606,0.17618375,-0.18389603,0.011836283,0.014808016,0.13167261834999008,-0.16248307054325417
607,-0.02909686,0.106655255,0.00878347,0.009515837,-0.0503762781013819,0.10933619581829648
608,0.040962067,0.015770383,0.010117405,0.008776408,-0.006483923747968871,0.011556268434398283
609,0.02291347,0.04783307,0.008910373,0.007890679,-0.010132395150893623,0.04878999651793002
610,-0.032135807,0.34026137,0.015746916,0.018939078,-0.11276799951668683,0.34109284185359706
611,0.038125228,-0.07727925,0.010593229,0.009574533,-0.017049661464450677,-0.07693087702990867
612,0.032601427,-0.18694296,0.009774999,0.011031323,-0.009520562933338243,-0.18160669700046547
613,-0.04579018,-0.07551333,0.014758707,0.012147796,-0.10397472781019003,-0.05516807559739868
614,0.023212144,0.18859144,0.009299494,0.009379452,-0.02269565278146229,0.17305629302039455
615,-0.024040192,-0.14791805,0.008850114,0.007995712,-0.06067974133913436,-0.14480259763021938
616,-0.019985098,-0.07619115,0.010514197,0.009026578,-0.0598331277867919,-0.07307763931766001
617,-0.08111958,-0.18549086,0.013632769,0.013412615,-0.15328395474218892,-0.1855797085949651
618,0.015752293,-0.021704867,0.007826796,0.006921847,-0.018398724309718253,-0.008883154351563881
619,-0.04315047,-0.014103548,0.008756055,0.0071642087,-0.0713701014678721,-0.008660000919627984
620,0.19155006,-0.34042683,0.015609256,0.022610435,0.13999457978823004,-0.34376821625635495
621,0.08417253,-0.24875107,0.009276935,0.011057466,0.04648773958969613,-0.2430242457336245
622,0.13022766,-0.17894751,0.00847063,0.009627781,0.10733590130005055,-0.17322061661915764
623,0.04821334,0.009592897,0.010521156,0.008941509,0.005568491528796394,0.011133654782735482
624,0.27280062,0.084589034,0.020683624,0.011972472,0.19448310210574302,0.07933349945690325
625,-0.022988085,-0.07466418,0.010039988,0.008476259,-0.059550009073990565,-0.06972023094264387
626,0.39847267,0.7606852,0.01035269,0.017487286,0.3583138041791229,0.7514075949929898
627,-0.5703158,0.26472306,0.01769077,0.012773526,-0.5959478598726575,0.2635089023720578
628,0.67868876,-0.71219313,0.0286538,0.03211273,0.6072852556685644,-0.7500502032724613
629,-0.34007737,-0.18755871,0.012581022,0.008072993,-0.3555815116456387,-0.17673919697352972
630,-0.01583768,-0.09462706,0.010473733,0.008719164,-0.04221860756053838,-0.0803980825705564
631,0.06450261,-0.03311088,0.011929818,0.010676211,0.008901686388828945,-0.03020720669823246
632,0.0032626516,0.0032453528,0.0093864165,0.0080490885,-0.03205120423438828,0.004636667155722157
633,0.0935604,-0.1963197,0.009624591,0.011030015,0.05389249572232146,-0.18263832366888572
634,0.02106938,-0.09556008,0.008311513,0.007878907,-0.006828436111035869,-0.09415501921084224
635,0.20268439,-0.12940824,0.009966341,0.008696244,0.16377523617734677,-0.11852755552252298
636,0.051539563,-0.017842397,0.0083176615,0.0072202855,0.02797540020365119,-0.01326054779719224
637,-0.5262643,0.124371156,0.014548307,0.008288863,-0.5480080784867928,0.13068299042377837
638,0.084392235,0.16767576,0.012061742,0.012347603,0.026340857312847868,0.15951893640674245
639,0.30053404,-0.041124385,0.023580926,0.012090386,0.18459485732704836,-0.036167898719287536
640,0.07011792,-0.014711284,0.0148175545,0.0120578585,-0.018733428074296586,-0.022216311145595836
641,0.1390723,0.3013311,0.024499273,0.025960414,0.01205705602299399,0.2709382262108639
642,-0.1524888,0.12016824,0.008680068,0.008902636,-0.17665677995374265,0.12332962935304377
643,0.136731,-0.03514119,0.019428145,0.014289237,0.021548625655340006,-0.041952321303825035
644,0.7537596,-0.25718784,0.022137638,0.008917979,0.7195929099245033,-0.25928206071461946
645,-0.18479623,-0.006778934,0.014643351,0.009935719,-0.22334934319152938,-0.0014272064087894629
646,-0.014408827,-0.08915424,0.010786066,0.009047478,-0.06655000038671247,-0.08158770571170437
647,-0.2078767,0.34359688,0.010676029,0.015016145,-0.24035696903769027,0.32371107011655675
648,-0.17521958,0.2179856,0.008928333,0.009572506,-0.19421103458885783,0.20816760268077983
649,0.076115154,0.16606821,0.008501481,0.008666753,0.039472612380672935,0.17029509177942073
650,0.1498939,0.80203116,0.008923135,0.022344925,0.10589044715037506,0.8236600963612325
651,0.019520126,0.03852112,0.010268329,0.009237317,-0.02407449110497449,0.04323031769184782
652,0.04069954,0.00357671,0.009606055,0.008034236,0.010032285496165104,0.005544512351963416
653,0.09277339,-0.0007855231,0.017772635,0.014450644,0.008343051535850273,0.011829911100100444
654,0.0658447,0.015771061,0.010213461,0.008816469,0.022972916244758158,0.015533823192805133
655,0.053840876,-0.050442036,0.0087762615,0.007876035,0.009517040372073252,-0.05177505629005756
656,0.030901354,-0.010203109,0.008476187,0.00703534,0.007344462905551798,-0.008309882763630533
657,0.054246172,0.06742568,0.009163071,0.0075436146,0.030976303345281613,0.06821360832084125
658,-0.09790173,0.2405045,0.012417261,0.016619066,-0.14306272958796662,0.2406583821160362
659,0.054262593,-0.28500712,0.0085828,0.010300701,0.019762061583112785,-0.2852462191020752
660,0.03448221,0.066696085,0.009089241,0.008556676,0.004759049717570899,0.06247914050022488
661,0.14023684,0.029147625,0.010385371,0.0075281328,0.10917233129256382,0.030026383691493626
662,0.46889898,0.17037266,0.014096227,0.0066362945,0.43372020733184297,0.16983986190274622
663,0.0627784,-0.055862278,0.008693422,0.007814993,0.03571405110045556,-0.06391049796364572
664,0.045589596,-0.04486306,0.0089485375,0.0076065534,0.003253723340931251,-0.04427358632507623
665,0.02365192,0.013519204,0.009586218,0.008149884,-0.016822014029610786,0.009472446320329809
666,-0.21671586,0.1325583,0.00949447,0.009206692,-0.2283063935613866,0.1365685021060086
667,0.29265824,-0.096088395,0.013838071,0.008450574,0.24843860539744075,-0.09393016626678438
668,-0.17066778,-0.092476204,0.00999148,0.008441309,-0.18493497394659394,-0.08469903912510941
669,-0.0030934284,-0.017752133,0.008017448,0.007718248,-0.030648276988958053,-0.01146850936720454
670,0.70336837,-0.21915975,0.027778573,0.011130573,0.6913126601743412,-0.22754369827025211
671,0.07127932,0.0039483,0.008752391,0.007807372,0.038635461143760576,0.007712416463052318
672,-0.16650689,-0.13465327,0.010007178,0.007940984,-0.2044201544171546,-0.13234042018333456
673,-0.019113638,0.011302627,0.00868905,0.008509361,-0.044215171952077637,0.01934454189298405
674,0.6651643,0.50995123,0.028573288,0.022524534,0.6209494022148344,0.5310899245749467
675,0.045173533,-0.006590263,0.012511449,0.010857025,-0.018064524280779107,-0.00017727433057376348
676,0.06662742,-0.0031266147,0.009840869,0.0086292215,0.01925209762291007,-0.0016063594135176892
677,-0.01602437,-0.038280256,0.0089686215,0.007292314,-0.05700026523775782,-0.035799003518585296
678,0.04046729,0.18667817,0.0099347085,0.00989267,-0.006172523529060866,0.18013836739724828
679,-0.30141908,-0.13158499,0.01167617,0.0075434474,-0.32357586157186163,-0.12128751249796785
680,0.18546802,-0.00015840773,0.015734125,0.01020613,0.13854103134795429,-0.0037350835126126265
681,0.48504353,-0.062978216,0.015734477,0.006308414,0.46175265070135235,-0.061267889315072176
682,-0.014226494,-0.25778776,0.009540875,0.011121839,-0.05078594079408102,-0.24874885881816955
683,0.075233124,0.023285098,0.010623541,0.009025607,0.0329310818329473,0.023180104122698896
684,-0.26124823,-0.7248639,0.007778774,0.015356424,-0.2814469184890707,-0.6975110547958909
685,-0.059696972,-0.37332168,0.007860151,0.011410457,-0.0962239121931606,-0.37282688563559
686,0.16062425,0.0064442,0.022451362,0.015848082,0.06120278531511536,0.01663731277408551
687,-0.11738287,0.037811525,0.009808052,0.007920737,-0.148500157970336,0.03832662510317518
688,0.051803537,-0.010676631,0.009368112,0.007685026,0.024106911409898176,-0.008717383289255696
689,-0.7619645,0.28366247,0.018129405,0.009554285,-0.7639799632462617,0.28165193450469167
690,0.12742224,-0.38212988,0.008007041,0.013509954,0.09589318403087516,-0.36121899519116263
691,0.3257671,0.3781114,0.017130079,0.019058896,0.23729740273296782,0.3599115412174279
692,-0.09947298,-0.18339758,0.012142066,0.011922202,-0.1652179230854214,-0.1939478746754429
693,0.02563059,0.060660176,0.012825263,0.011402903,-0.028704265627983314,0.06662680474727825
694,-0.0034678592,0.0065653315,0.01507581,0.0135297775,-0.05353793882274284,0.015135102564049444
695,0.01452389,0.14205045,0.010339594,0.009631273,-0.03892355992344455,0.13657323089841172
696,0.025297832,0.12423696,0.007849506,0.007506186,-0.009088014070642506,0.13659725651219998
697,-0.34091616,-0.3581316,0.009842285,0.008896132,-0.37001860286244054,-0.3499244576810045
698,-0.15018988,0.036943257,0.0103021925,0.0077699237,-0.1747165200017195,0.04148740068486525
699,-0.1872297,-0.22227138,0.011184005,0.011096838,-0.2146355303026306,-0.2194515283129053
700,-0.070517235,-0.2450884,0.008610339,0.007959011,-0.09187138624805814,-0.23389495846967884
701,0.31043187,-0.068849675,0.014929135,0.008177874,0.250998869922554,-0.06925343358264718
702,0.027303759,-0.0068005705,0.007817571,0.006992256,0.0011335557098232111,0.0019677354472809718
703,0.08275415,-0.07634902,0.010975092,0.009845792,0.03599591445223385,-0.06170042247439585
704,0.46477747,-0.17683454,0.015983813,0.009247723,0.4205810793965196,-0.16449433325425875
705,0.2740164,0.49472725,0.019053824,0.027681263,0.20777870979883206,0.4939528363998643
706,0.16079743,0.045284614,0.010292046,0.007527925,0.12449008913085369,0.04751513620811239
707,-0.10652031,0.06390342,0.012049728,0.00950399,-0.15109946626553386,0.06607791227908141
708,-0.30158406,-0.62450254,0.010410263,0.020683186,-0.2964323699631761,-0.5519500459658113
709,-0.085133195,-0.08970288,0.009457038,0.007172932,-0.12053647990073141,-0.0844906962100068
710,0.05441978,0.074422024,0.009367876,0.008989241,0.03341343839405306,0.08046263474636647
711,-0.11755453,0.16937384,0.008589419,0.009017395,-0.14804743299385975,0.1777842500270528
712,-0.116886586,-0.50676703,0.008434577,0.011607795,-0.14081348629804497,-0.483814412421581
713,0.024896657,-0.058973245,0.008596274,0.007420761,-0.009190698913103739,-0.05371645148659418
714,-0.27092502,0.32396716,0.013712968,0.018920938,-0.33974586200750795,0.334021642716673
715,0.020800501,0.10940348,0.017275024,0.01482892,-0.09195520845796788,0.10491144956709177
716,0.07729757,-0.49683774,0.009956899,0.01832448,0.02341721851547809,-0.4737132835271819
717,0.10658421,0.0070609925,0.02529718,0.020840023,-0.01497337680133131,0.015003087102612462
718,0.09031829,-0.80661577,0.0062956596,0.014956232,0.06372962653078064,-0.7945850661667249
719,0.0908584,-0.091353595,0.039797902,0.03323342,-0.09849720697574019,-0.06126855713238713
720,0.5440086,-0.66245735,0.012569016,0.015482603,0.5283763954775764,-0.6577434987688922
721,0.08914735,-0.02406326,0.009599323,0.007520718,0.05583875737446646,-0.02344081020840471
722,0.08936468,0.017300196,0.008545569,0.006888752,0.05503557144326103,0.017023146968625506
723,0.22142558,-0.08537329,0.011642352,0.008349874,0.16691858021996703,-0.08307643434056029
724,-0.09275176,-0.33875954,0.010048013,0.011352544,-0.1432905757207646,-0.3334308849467694
725,0.31702697,-0.22812195,0.019895816,0.017593695,0.19854462974207351,-0.17745290634726046
726,0.08585483,-0.4664892,0.008722729,0.015415171,0.055556689819656564,-0.4575618676505553
727,0.47477004,-0.32263845,0.022079922,0.017460324,0.4440082703993927,-0.3324829161740813
728,0.7121921,0.270441,0.0757102,0.041674633,0.6789156132373192,0.3400046687301997
729,-0.37805837,0.53396285,0.026698196,0.037808318,-0.4574777482135921,0.5210624062904476
730,0.41119212,0.087908395,0.02399499,0.0099628605,0.3647459014681789,0.08901873478994345
731,0.022738997,-0.022163764,0.007763752,0.0067912135,-0.008473209886159851,-0.009731982264150781
732,0.04838935,0.030713998,0.008819628,0.007824751,0.010080377290772454,0.035737526577097674
733,0.10880438,-0.28810716,0.008531386,0.009857279,0.07291340187696144,-0.27920750651840137
734,0.14216144,0.019651543,0.022628639,0.01663192,0.018403912614504872,0.007544853948087932
735,-0.53078187,-0.24153969,0.019870926,0.010970985,-0.5644614927454443,-0.2346148825409107
736,0.07817726,-0.043718804,0.01747501,0.014498679,0.005912749746059672,-0.03864681333787904
737,0.1220902,0.25615653,0.008934359,0.011528074,0.07945466556103688,0.24784014463103266
738,0.5111182,0.60150754,0.024870517,0.03133369,0.41272645579773254,0.5987915060818636
739,0.26400205,-0.09359296,0.011168444,0.0072889114,0.2375311700974156,-0.08623611781275345
740,-0.20118664,0.25988543,0.008816083,0.009993281,-0.21969423953341458,0.25924269336928923
741,-0.30422124,0.048147716,0.011416918,0.0068558156,-0.33317236728123856,0.056898527073664225
742,0.06733086,-0.03755916,0.009015171,0.0073157493,0.03530547068092013,-0.03712455891254139
743,0.082261644,-0.027665958,0.008609156,0.0075521334,0.0494402799303942,-0.02780745874551914
744,0.069874704,0.08037965,0.009335753,0.007849893,0.03237520980361779,0.08061920815621122
745,-0.17452927,-0.19312662,0.012739933,0.010741044,-0.2138873171243939,-0.18838206697439489
746,0.09584245,-0.008888801,0.013432364,0.010684507,0.011845318834449123,-0.007952242223116418
747,0.006226091,0.00273694,0.009062307,0.0076190797,-0.02610436104678611,0.005356744489418614
748,0.10298313,0.42211315,0.010257001,0.018241256,0.06068099901515427,0.39310407832654837
749,-0.23376393,0.6960965,0.0075987256,0.017081235,-0.25555734240429073,0.6812503473862446
750,0.05960541,0.09008486,0.03309139,0.02741764,-0.10442047436025664,0.07760402859603782
751,0.052031867,-0.009735451,0.0110814385,0.009489599,-0.008608201182680126,-0.00875606044308619
752,-0.037621416,0.44527462,0.017221127,0.023056107,-0.1391169237688769,0.4062832180243932
753,-0.49356055,0.21776167,0.015170453,0.020384498,-0.555039193560591,0.22752246166392368
754,0.04727618,0.16712752,0.007971681,0.007898405,0.011897449617155324,0.1677381579254178
755,0.38931894,-0.06676902,0.016687253,0.007922949,0.3391480987628788,-0.06268854227669302
756,0.38938004,-0.47173694,0.016286923,0.018397365,0.31473293608121267,-0.457364047443025
757,0.31467587,0.5613647,0.008890288,0.010665489,0.29380913311985196,0.5631768246260239
758,0.23506352,0.23667908,0.0126392925,0.012445051,0.18879104603039973,0.23238968232003282
759,0.28854084,-0.28046247,0.015741048,0.018250823,0.24247163222460566,-0.2745649901439452
760,0.0427455,-0.007998035,0.00797239,0.007117972,0.019893086378350845,-0.0001328726993346922
761,0.15540354,-0.5289124,0.00914559,0.020449987,0.12176741267005288,-0.5215559560394898
762,0.08395756,0.055070043,0.011755346,0.009808124,0.028693354221009545,0.05247422837138729
763,0.20482306,0.12441417,0.012229214,0.0092305895,0.14693706115500324,0.11552096500684969
764,0.044202887,0.024524912,0.01570009,0.013152512,-0.024230996933341277,0.020886378543444686
765,-0.08854769,0.45276493,0.0075439475,0.011907148,-0.10943230233430999,0.44511004985484065
766,0.12926072,0.034405448,0.010397757,0.007989711,0.07766629528829817,0.03339777332023865
767,-0.5918455,0.07678691,0.014037336,0.006769802,-0.6055379516303068,0.0751245578124611
768,0.13782309,-0.18254557,0.0092022875,0.0092014065,0.10566307426711978,-0.17233474683453762
769,-0.17335089,-0.000524641,0.01173131,0.007436496,-0.20192488437335682,0.004548061753955597
770,0.10644242,-0.020234335,0.010764838,0.008754607,0.04681843760219919,-0.01759557889821369
771,-0.26124823,-0.7248639,0.007778774,0.015356424,-0.2814469184890707,-0.6975110547958909
772,0.23979892,-0.5383018,0.012118863,0.021412512,0.17980092650259966,-0.5401998879667255
773,-0.6628598,-0.15686408,0.016272496,0.004768893,-0.6684134291392169,-0.15030174810433616
774,0.43997037,0.492708,0.014042508,0.01718235,0.3983020389686597,0.4882020945128929
775,0.026439123,0.0027417755,0.008466493,0.007350879,-0.007125648093443264,0.009375404850365577
776,0.016524386,-0.02722513,0.008275572,0.007875134,-0.006557819341853675,-0.02290086155179388
777,-0.1187077,0.14762081,0.008340123,0.009688472,-0.14161831293007104,0.1543905286661934
778,0.17336527,-0.18747665,0.009333981,0.010663952,0.1382461358223142,-0.17954732735363788
779,0.50687504,-0.62952834,0.009670754,0.013262142,0.4822662758813004,-0.6234167887197661
780,0.017777968,-0.022914283,0.008464957,0.0074579115,-0.015818271012840047,-0.01426066286711808
781,0.049042393,-0.02685503,0.009144409,0.007984775,0.004629356420694417,-0.012178014766061137
782,0.01070584,0.0021878397,0.009608769,0.008295983,-0.03007319513385755,0.005089535743353705
783,0.19387345,-0.109153286,0.012526634,0.010168616,0.15208418679364313,-0.10479859761408114
784,-0.33614868,0.548071,0.009860227,0.015557325,-0.35673866362278156,0.5431168413962488
785,-0.2392297,-0.68758,0.0070055895,0.013800641,-0.26908493615203566,-0.6790909238121182
786,0.1715049,-0.3070318,0.018514838,0.022670921,0.09452467611121797,-0.2947966126887613
787,0.034870293,0.0152162975,0.00795264,0.0069474424,0.005704167023672216,0.021992457252590022
788,0.1724364,0.08214918,0.014311656,0.010412947,0.10602191822552945,0.08393255691800192
789,0.029129453,0.007521405,0.011588268,0.010338821,-0.02047963579363281,0.015639758002076502
790,0.16692065,-0.1639446,0.0086586755,0.009308516,0.12558069043097242,-0.13849866258763716
791,0.1560478,0.12519935,0.009444166,0.0077069122,0.12238124524572762,0.12406112097639713
792,0.19073583,0.060288556,0.010656802,0.007839252,0.15185499185053097,0.06074878941262883
793,-0.57987136,-0.07678353,0.021170557,0.006594021,-0.6302457486292603,-0.0785074960874268
794,0.040417228,0.022182733,0.008662104,0.007844668,0.007472996442175967,0.02265703492600187
795,0.20261778,0.11281995,0.018075788,0.013577609,0.10549879660804048,0.1050553143087465
796,-0.11994304,-0.16132645,0.010340301,0.008731919,-0.15548515882135872,-0.1545301762015242
797,-0.07945563,0.12328684,0.015528974,0.014748073,-0.1448155250862798,0.13118624511509583
798,0.13522734,-0.047047123,0.010339477,0.008191505,0.09014172198789609,-0.037794918818968806
799,0.048664384,0.31843323,0.0073730876,0.009511595,0.01923781065233292,0.31569767736234366
800,0.2730502,-0.3383624,0.009800378,0.016764846,0.24461004201877506,-0.3314190080124719
801,-0.07843981,-0.04290366,0.010914838,0.008282211,-0.11382549575453363,-0.04178792373830783
802,0.02286555,-0.08597609,0.012769475,0.011884531,-0.03173561103272632,-0.07727782840097715
803,0.282672,0.24340439,0.026436541,0.024098676,0.14970328616636988,0.23946731408331176
804,0.011921637,-0.023144916,0.00845609,0.007195165,-0.019389785657881277,-0.01717628348934917
805,-0.2933632,0.28069615,0.014215289,0.016615085,-0.3183477197986339,0.26289976087377936
806,0.015985392,-0.21124837,0.007590918,0.0076593854,-0.009145611097508149,-0.17736424264683154
807,0.26698977,-0.7062303,0.007360069,0.018542223,0.23785853857189712,-0.6936266977410038
808,-0.05297921,0.14842644,0.008474176,0.0089779515,-0.07676252905173087,0.16296488928218755
809,-0.7619645,0.28366247,0.018129405,0.009554285,-0.7639799632462617,0.28165193450469167
810,-0.020812027,-0.04517701,0.008653239,0.0072678765,-0.04948256756140622,-0.03901426631654655
811,0.15655188,-0.22468679,0.010553595,0.012016062,0.10679473140530411,-0.2105655694119613
812,0.08500436,-0.13666183,0.008524766,0.0100713875,0.049431063455867445,-0.11387104233530239
813,0.526738,0.42773855,0.014388393,0.01017684,0.49484468405008925,0.4261953382924435
814,-0.04726088,0.037156865,0.008286805,0.0075609023,-0.07758536812881985,0.037578133830711714
815,0.023842022,0.11132712,0.008117607,0.007659331,-0.011482950575798876,0.11882388322818567
816,0.04754423,0.02364029,0.008949482,0.007622142,0.02256608232520734,0.030860652368810765
817,0.040929224,-0.03455475,0.010019688,0.008869113,3.6443569596704516e-05,-0.034261164448342284
818,0.12013826,-0.17006469,0.008454317,0.010236992,0.08124433159678551,-0.12999779793908522
819,0.014511362,0.034359403,0.0077855154,0.007077694,-0.014086624543152376,0.04323699002108104
820,0.31281576,0.55548906,0.01009817,0.01618619,0.28396801465327015,0.5615169526772605
821,0.09084391,0.01983542,0.01029712,0.008239697,0.04073999186546369,0.018795624146958494
822,0.41260645,-0.07015226,0.014447851,0.0063476125,0.39085136579001156,-0.06391277073527475
823,-0.2717231,0.6426133,0.009345555,0.019519448,-0.3290592801468093,0.6684256718363079
824,0.09185842,-0.009760798,0.025128396,0.02042144,-0.022361168430980214,-0.0017562652961135693
825,0.16089767,-0.15742406,0.012540526,0.012738365,0.10248454912819832,-0.14624756968944957
826,0.07965926,-0.008854539,0.008419092,0.007003277,0.054369056267574795,-0.004739360289030391
827,0.07077201,0.5017135,0.0072426735,0.0113101285,0.037724701844088784,0.48919065841286014
828,0.1443399,-0.14488968,0.008865711,0.009285211,0.11319214263288241,-0.14055168782624733
829,0.28325674,-0.15663242,0.025552394,0.017818497,0.18738785187479487,-0.15203139233956225
830,0.0880491,0.13113184,0.008049613,0.007339846,0.05067517963980578,0.1320482411444698
831,-0.28421503,0.07272958,0.026616247,0.015512057,-0.37323307323456273,0.08619574450895119
832,0.018023,0.033883728,0.008164905,0.0070582666,-0.010637530778325242,0.03728639646820913
833,0.28128088,0.08656657,0.016459431,0.009463405,0.218799621081822,0.0875316793664322
834,0.008370347,-0.05879993,0.008888397,0.007277541,-0.025048145763459723,-0.053513821563166496
835,0.1675152,0.0632592,0.009168387,0.007073487,0.15092123016188938,0.06915833876657508
836,-0.075124964,0.07640631,0.010918729,0.009616622,-0.11247589205273914,0.08134024301844295
837,0.1983174,-0.101846576,0.009931049,0.009168988,0.17394514097793212,-0.1011838723028848
838,-0.1821533,-0.4315885,0.008667541,0.016877959,-0.20886237797820073,-0.4279586745962565
839,0.13127796,-0.20756866,0.008455263,0.009330619,0.10710804583107743,-0.20293402131620855
840,-0.807708,-0.17517185,0.020022722,0.005914788,-0.8071958369737152,-0.15809057447979405
841,0.3902035,0.10871113,0.014017588,0.0070793005,0.35995821037034725,0.11371502914418188
842,-0.0037380136,-0.29163498,0.008101054,0.009518683,-0.03283851460590398,-0.27021225815365957
843,-0.345938,-0.19168128,0.013149684,0.007817362,-0.3754476389937743,-0.1923977994321307
844,-0.1779276,-0.056464575,0.012257357,0.011988831,-0.1822988171707642,-0.04232368944867805
845,0.034667015,-0.030486945,0.016705655,0.014616418,-0.0397789842628424,-0.021431416759644405
846,0.12158175,-0.76774275,0.0063454127,0.014572428,0.10289556301731521,-0.7738334637083133
847,0.024427917,-0.006324061,0.009102473,0.008276545,-0.013900952102967342,-0.005231733158607595
848,0.015792051,-0.13689227,0.009181499,0.008382155,-0.017218479983979663,-0.1318437203888718
849,-0.05414747,0.07356296,0.019365942,0.017206423,-0.14318970665333755,0.06350800483514135
850,0.04563259,-0.05391807,0.014204125,0.01378011,0.0180652485312165,-0.025643819793482608
851,-0.3340785,0.25095558,0.013511168,0.012864993,-0.36925665966622945,0.24495825364645787
852,-0.14513998,-0.19705866,0.0122343935,0.012191679,-0.187334884756433,-0.19802118305186445
853,-0.047003996,0.009346432,0.014335514,0.012286037,-0.10191843568633548,0.023738365785266606
854,0.12880026,0.14305598,0.008845151,0.0081324065,0.08283487295520679,0.14149387907336916
855,-0.66671234,-0.45171744,0.020253818,0.014747488,-0.7064855023489819,-0.44799723595590774
856,0.015609551,-0.008020104,0.009222368,0.0076955133,-0.020309298067146028,-0.010073567749118563
857,0.038016845,0.0007997593,0.011445674,0.009875711,-0.013733986105993513,0.004901029952543454
858,0.07115847,-0.0031938339,0.010288624,0.008779134,0.03297020233019657,-0.0020437648681642766
859,0.036283884,0.021418665,0.01414195,0.012467275,-0.022578511098422818,0.02589834961514594
860,-0.062108338,0.046868578,0.011144277,0.009596005,-0.11120021258169648,0.04606248200446832
861,0.09353061,-0.1178414,0.008166678,0.008039648,0.06981207300360039,-0.115859457165242
862,0.054558594,0.08440125,0.00913484,0.007843528,0.032132711471241894,0.07908438662095106
863,-0.41775423,-0.0904379,0.013717433,0.00624122,-0.45013346634162,-0.08940507218817895
864,0.11899952,0.08364153,0.01287022,0.0107121905,0.05946344245908505,0.07370486248532883
865,-0.004827048,-0.03493186,0.009092312,0.0076019405,-0.039423946778521055,-0.031033007167370886
866,-0.45602474,-0.5865098,0.017739141,0.02327395,-0.4913740808842147,-0.5616958363141771
867,0.10938799,-0.03835559,0.0124932,0.010267716,0.036759084084887914,-0.03592352105695564
868,-0.07290064,-0.37243608,0.008942275,0.011592084,-0.12247622041878245,-0.3594804117201413
869,-0.5180844,0.20925497,0.01980209,0.013774639,-0.38576454024473494,0.15640124763034205
870,-0.019620799,-0.022555344,0.010844205,0.00881509,-0.0673488354005589,-0.028833708887581834
871,-0.04020478,0.5731822,0.0077534607,0.015481613,-0.07342862475172196,0.5661551218350961
872,0.0008857171,-0.01937741,0.009684566,0.008161074,-0.03792715329480027,-0.007504195525895879
873,0.04014747,0.017513879,0.008413891,0.007316915,0.00782144529772669,0.02182632125525676
874,-0.4073696,0.17123386,0.013625127,0.015115809,-0.40735558813524037,0.16980736272994956
875,-0.00369875,0.008674844,0.010628379,0.009051073,-0.050965113339390876,0.008598575467841789
876,0.06640528,0.07063533,0.008410344,0.0073362254,0.028939099798709476,0.06597574180929634
877,0.06429558,-0.046833523,0.008170227,0.0073150983,0.033673998302906384,-0.040411861310579764
878,0.0036496823,0.050085343,0.008881545,0.00789092,-0.028679313759961324,0.05771374260335478
879,-0.2717231,0.6426133,0.009345555,0.019519448,-0.3290592801468093,0.6684256718363079
880,-0.007271224,-0.013171346,0.008092185,0.0070329406,-0.035782158923154415,-0.011425655758477827
881,0.18815681,0.07543134,0.026247513,0.019263517,0.03088894859752474,0.07333105898005768
882,0.31865847,-0.42402703,0.026468351,0.030347472,0.19183585057166383,-0.38543169712727465
883,-0.1348912,-0.18351558,0.012005204,0.011249576,-0.18318945368154743,-0.17249149247025022
884,0.111604705,0.021404691,0.008276755,0.007342762,0.09305459495920895,0.031313345689076136
885,0.0854186,0.054825164,0.009429639,0.0077870376,0.044148943310119454,0.05958463378530351
886,0.11477612,0.2398667,0.008360339,0.011062926,0.08222350119533774,0.2394870521898832
887,0.4897976,0.7893975,0.012121927,0.019441742,0.4671870780513213,0.7987482062333687
888,0.1542343,-0.004742787,0.01033228,0.0069696154,0.10437089463760917,-0.0005090872157453392
889,0.7042416,-0.21940657,0.017893951,0.0082609365,0.6841221739108194,-0.21512530740884192
890,0.034684196,-0.010946457,0.014291093,0.01222606,-0.032688687548881774,-0.004150917959077824
891,-0.3005802,0.095727295,0.013762941,0.008942931,-0.35451194883377585,0.09060589043356337
892,0.05246687,0.00800383,0.010451084,0.009165293,-0.014439911242495121,-0.006280724667439871
893,0.06259174,-0.034849934,0.010569284,0.009287418,0.012639854303799672,-0.03308763567398423
894,-0.19445919,-0.38594967,0.008938494,0.011758953,-0.22107725731163544,-0.3717714186228117
895,0.11150083,0.17013153,0.009231581,0.008482012,0.08129756255927094,0.1653271934739023
896,-0.12503539,0.18237284,0.011349973,0.014803064,-0.14111153955332625,0.16352383963537484
897,0.042464837,-0.00066026393,0.009011626,0.008152273,-0.0001275233123617182,0.0016363531009669554
898,0.41126937,-0.14556184,0.025260681,0.0134622045,0.3343113140180174,-0.14797015367749894
899,0.103456765,-0.82616943,0.0071701207,0.018871773,0.06469414301225605,-0.8217636314437373
900,-0.28827727,0.3842182,0.012675782,0.016476315,-0.32341768174698315,0.3714321910366891
901,-0.4334017,-0.111270666,0.015485312,0.006093635,-0.45046316951629384,-0.10604924921090622
902,0.020119237,-0.033279218,0.008496753,0.0075091193,-0.007885823983894005,-0.024171801778800864
903,0.31518328,-0.24359977,0.011176107,0.010047572,0.27504353106350743,-0.23856578503499684
904,0.15102589,-0.06647054,0.016115203,0.012494388,0.08034541736671799,-0.05565388421347653
905,-0.011354379,0.38762227,0.0089452285,0.012146526,-0.04840516748341411,0.37468298130323974
906,0.3450217,-0.44172037,0.011838758,0.01744959,0.30478205531130487,-0.41958333707963613
907,-0.23961957,-0.019281343,0.023134777,0.015092462,-0.3624211515390317,-0.023010101118438233
908,0.04774505,0.041911185,0.016723357,0.014225458,-0.03095056730046848,0.049151564848689336
909,0.077974536,-0.05683995,0.012375227,0.011260366,0.022471678149647803,-0.04997757400243532
910,0.0015334017,-0.0898997,0.00872332,0.007682677,-0.025946692832823616,-0.08679388895527951
911,0.103571855,0.045805573,0.010263491,0.008335782,0.05172347596419022,0.041428935207815265
912,0.13093929,0.02879998,0.011505423,0.00833056,0.09563276914467145,0.0250669649051531
913,-0.0099157505,-0.20088822,0.008437178,0.007763402,-0.04451036446166543,-0.18175545790266728
914,0.011596708,0.081250936,0.0098509025,0.009111002,-0.029002754355363154,0.08158261639261301
915,-0.06906721,-0.16494027,0.009337287,0.008048043,-0.11610489380222867,-0.1656852631953938
916,0.013439994,0.06040506,0.00783413,0.007168828,-0.017470804297007907,0.06883424743568853
917,0.08706049,-0.12312024,0.008729938,0.00938109,0.057033149304838604,-0.12331290627638898
918,0.07300456,-0.044449843,0.010952689,0.009500297,0.027918427623724193,-0.033970708594081266
919,0.13491844,0.035755567,0.009586925,0.007411614,0.08670891431110937,0.028341575838014554
920,0.23155905,0.0010693362,0.016557693,0.009427959,0.15581865779499404,-0.0003863691537684421
921,0.36005795,-0.1867722,0.015467703,0.0110971695,0.3058579989530907,-0.17265206968206342
922,0.014279813,-0.0670529,0.012308935,0.011347491,-0.04821944065283019,-0.06808210872165975
923,0.49096406,0.17104006,0.017402146,0.008926746,0.4711501475314396,0.1732823383756864
924,-0.016908756,0.08344499,0.0084573915,0.0075860117,-0.04734207037879161,0.08680699758225015
925,0.09235756,0.18506438,0.009497657,0.010635793,0.05179986015230893,0.1927632166353781
926,0.70143473,0.01603663,0.020669147,0.005669227,0.6744039786275711,0.01591632088624107
927,0.20390856,-0.019618131,0.014668372,0.009183443,0.16676399684505622,-0.015976780159591183
928,0.27100295,0.16456051,0.010243433,0.0076276828,0.24112621024967185,0.16266564014948728
929,0.3896241,0.24500111,0.013621244,0.008438865,0.3525392127405495,0.24578844610737657
930,0.27014244,-0.19212604,0.013423544,0.014919406,0.2130939147735896,-0.16324460018158643
931,-0.74732995,-0.4870604,0.024197362,0.018814264,-0.7807688856568141,-0.4794794477270506
932,0.31702697,-0.22812195,0.019895816,0.017593695,0.19854462974207351,-0.17745290634726046
933,0.2676346,-0.2074561,0.010198947,0.009672629,0.24814765095858993,-0.20282178880290244
934,0.008678883,0.031831972,0.010103834,0.009034998,-0.04247856708906458,0.029886647537215982
935,0.2005362,-0.1475594,0.0099484,0.008475977,0.1710746277945386,-0.12982494196010191
936,-0.052698325,-0.39968044,0.007932416,0.010679186,-0.07571305186518455,-0.37597666215676706
937,0.12716058,-0.08805101,0.010761889,0.009591871,0.07693449401943228,-0.08391662946940823
938,0.48152176,0.35081875,0.015619701,0.010604987,0.42854827874264134,0.3445300716403548
939,-0.042322613,-0.08015826,0.01027765,0.008505204,-0.08073564198157585,-0.07490609047175516
940,0.06251188,0.031593546,0.013631711,0.011407363,0.01080090531044405,0.03595474286898141
941,0.117983624,-0.37764406,0.009592121,0.015572838,0.0777944814682003,-0.37041905928790747
942,-0.0018224786,-0.029733703,0.008250627,0.008221764,-0.021683207089608372,-0.02163111075988503
943,-0.042106062,-0.051493816,0.009187877,0.0071226563,-0.06699865627264918,-0.0442313041767333
944,-0.17074259,0.508081,0.022290142,0.033182807,-0.286171255963252,0.47993448365548735
945,0.044687334,0.012931845,0.010627316,0.009028121,0.0013142321222351797,0.014482548486203544
946,-0.29841077,0.46713865,0.011826741,0.01731118,-0.3317850950380771,0.4566157282489333
947,0.28325593,0.11341111,0.012617633,0.007611241,0.26876025707388357,0.12122874916463719
948,-0.09056461,-0.123060726,0.0102536995,0.008797818,-0.13178487441487796,-0.11247326970115223
949,0.03111054,0.000292412,0.0085927285,0.007504159,0.0027603128312188637,0.0020665624249705298
950,0.07126175,-0.03705989,0.013395078,0.011597995,0.019532542648133183,-0.042031022571479386
951,-0.07954101,0.12481247,0.008429493,0.009840611,-0.11471773654625086,0.12552941409700516
952,0.35794967,0.022497438,0.014989615,0.0069157523,0.296525661143787,0.019779044353602587
953,0.08287054,-0.39468294,0.008420274,0.014725756,0.04744865253578453,-0.38278783127977706
954,0.11591857,-0.047118846,0.013248625,0.011127401,0.05837541121718063,-0.033798800330341064
955,0.227266,-0.17124009,0.014472053,0.012370379,0.1664464793944067,-0.15773019067600014
956,0.38079304,-0.093243636,0.020793969,0.010584777,0.3355486518815305,-0.09410212799966904
957,-0.23841049,-0.24285579,0.010995372,0.011478135,-0.25660705095963326,-0.2252523909172144
958,0.10709398,-0.10371398,0.009410154,0.009938165,0.0687083029813031,-0.10922463175831901
959,0.060264625,-0.010854752,0.013164391,0.011599257,0.014833399927173327,-0.009031766129385966
960,0.021513507,-0.042953886,0.008458573,0.00795957,-0.00455067023298257,-0.035619738658962424
961,0.09204314,0.024086691,0.0118225,0.009304498,0.02643076179690168,0.02060624960840836
962,-0.124238625,-0.4355853,0.010043764,0.010933094,-0.14969349897961928,-0.4361871539111306
963,0.25742024,-0.26168543,0.016133972,0.016226951,0.18845007262005906,-0.25945961231227604
964,-0.0034255018,-0.39227927,0.008477723,0.012434945,-0.03853039655018259,-0.39786821005129297
965,-0.6683724,-0.16856258,0.01892633,0.006302225,-0.6795335340407331,-0.16218006215779254
966,-0.07284571,-0.10333864,0.008243533,0.0069495025,-0.0983262492483289,-0.09513762630658582
967,0.12851116,-0.21275881,0.03248653,0.028942317,-0.019154299748171615,-0.1893281653341497
968,-0.043514185,0.10954143,0.009247762,0.009530998,-0.08152562501687811,0.11646306564621896
969,0.038839646,-0.17294188,0.010024409,0.0118321255,0.0030990703251853814,-0.1536745309195036
970,0.25536397,0.008147134,0.013738601,0.0076681077,0.20025434170904272,0.006100194878913345
971,0.0026868698,0.20930192,0.008581973,0.008739869,-0.020591139845422844,0.21478810207714363
972,0.06729713,-0.009697014,0.008812066,0.0073294477,0.0341845942278425,-0.005272826651154326
973,0.2304066,0.3004336,0.017482392,0.0196863,0.19599969784566504,0.3388263496308393
974,-0.056862384,-0.12574309,0.0090748295,0.007963131,-0.08345390340421988,-0.11108925088665506
975,0.15668829,-0.06046828,0.01868334,0.013718496,0.0751742835529175,-0.05353723825351461
976,0.10165562,-0.24989721,0.012408549,0.015338214,0.041170736932058825,-0.2419831824120467
977,-0.27100545,-0.17698252,0.017087538,0.012641028,-0.3098094209680309,-0.17516112664570066
978,0.17034271,0.103831425,0.011351034,0.009021735,0.1320230966163515,0.10933625076273301
979,-0.4161709,0.41123486,0.014802404,0.015499177,-0.4472844290358554,0.4040574558448941
980,0.14911692,-0.15227062,0.01425278,0.012081292,0.06491308792328174,-0.13736118507557965
981,0.06858408,0.060468197,0.015541534,0.0124978945,-0.006282245310229766,0.05456935544403891
982,0.055374425,0.019357838,0.010774861,0.008878429,-0.003853963563759853,0.00813262351133235
983,-0.20048217,-0.17072433,0.009861761,0.007699995,-0.2256463508889814,-0.1720649358331476
984,-0.1116831,0.44244152,0.0118075395,0.0195734,-0.16376214978775092,0.39391345494900915
985,0.07203713,0.0053626588,0.013143097,0.010572813,-0.0021596639574383066,0.005763827758252768
986,0.009778405,-0.028310575,0.00911712,0.007605996,-0.023911371658155312,-0.0347618374848375
987,0.14296006,0.019538604,0.010525637,0.007955378,0.10375817443344591,0.022820967543747885
988,-0.01659315,-0.030160263,0.009601566,0.007861967,-0.06225766377160768,-0.03468638361130787
989,0.026558328,-0.17754543,0.010442826,0.011284636,-0.010785564109656273,-0.13425021072108184
990,0.16012748,0.004714272,0.016840002,0.011262423,0.0949954889376861,0.01184578590872163
991,-0.033864968,-0.029746316,0.009323234,0.0077806218,-0.06616057399748518,-0.025283913485958986
992,0.011557717,0.18223345,0.009447355,0.010055485,-0.02805512707737392,0.1703631762050589
993,0.101016805,0.10358369,0.01938617,0.016087158,0.01340455772025762,0.1027375869826203
994,0.071479596,-0.022154965,0.0095502045,0.008222893,0.03640845625272302,-0.018071616088110167
995,0.1675454,0.2170066,0.01005415,0.009748373,0.1188613787326403,0.20589874948497913
996,0.39534622,0.62511885,0.026603479,0.03923807,0.2712954718237003,0.6082430952627722
997,0.090967715,0.09331345,0.013783752,0.012034934,0.025580491745771244,0.08778937585311775
998,-0.27082664,0.037370004,0.013984438,0.007949187,-0.30406712907094324,0.03533805600083273
999,0.05943232,0.04200183,0.008572045,0.008082434,0.025271755320598124,0.04406138888117957
1000,-0.2892568,0.26701832,0.010647602,0.013914075,-0.3063544701241574,0.2634418229382945
1001,-0.5936184,0.30574507,0.017341342,0.011110442,-0.6142144432239988,0.29702801086473735
1002,-0.47098693,0.3443871,0.015452444,0.012563752,-0.4923786424209737,0.33606036013008217
1003,0.31913543,-0.054002635,0.016596505,0.009356683,0.26372238900479855,-0.051689350505329246
1004,0.014631882,-0.031049117,0.008747664,0.008436056,-0.007356824018433217,-0.025574303685280565
1005,0.15765302,0.89431924,0.0074317786,0.018725196,0.14003384549560405,0.9240979542293921
1006,-0.0018931837,-0.13725019,0.009714317,0.008881245,-0.03819011821719273,-0.1225245370397626
1007,0.007283174,-0.25054353,0.010083772,0.010230309,-0.016570013920388565,-0.24430115979885175
1008,0.24903837,0.046379432,0.014770456,0.008244683,0.2091828076771875,0.057041319121864074
1009,-0.18910417,0.1580073,0.01403957,0.015123279,-0.23303784626295457,0.1643696237239114
1010,0.24364035,-0.061558403,0.017477473,0.011172972,0.18659733643923138,-0.05977257207741818
1011,-0.20645432,-0.15118976,0.009808524,0.00788259,-0.23106677876282639,-0.14710204218355147
1012,-0.052881263,-0.024523757,0.01084951,0.008900374,-0.08693339164789457,-0.02875721290772686
1013,-0.6755542,0.116644435,0.018928783,0.0074079027,-0.6738514628784272,0.11635531694924536
1014,-0.014830407,0.384386,0.007388234,0.010660698,-0.03163979014468807,0.3529565147710809
1015,0.27755842,-0.21331285,0.013895562,0.014393993,0.23008751577642086,-0.20333685489016498
1016,-0.1379739,0.10294767,0.0150542045,0.012433863,-0.20243963706800744,0.10105397285555437
1017,-0.12698698,-0.043699447,0.01153901,0.00811455,-0.12499823913825499,-0.04123638508166571
1018,0.1505196,-0.23450965,0.008449234,0.010812109,0.11749211664043402,-0.22660107655152215
1019,0.075734824,-0.03204131,0.01003208,0.008665493,0.034576350941798874,-0.0311273648368405
1020,-0.51883763,-0.20796397,0.015043165,0.0066658803,-0.5411099975155892,-0.20194796531043607
1021,0.1485523,0.3738196,0.010238831,0.016101843,0.10242532436181279,0.36288115145621125
1022,-0.017466366,0.80618405,0.009039034,0.02254891,-0.06736502981589247,0.835410184643446
1023,-0.04895388,-0.04797893,0.012046549,0.009385283,-0.11844304932527185,-0.04781206871543204
1024,0.06774971,-0.08644465,0.014586139,0.013330283,-0.007033301062099787,-0.07940221269925021
1025,0.028277839,-0.042142652,0.017441038,0.015199163,-0.05187394015270628,-0.038001801261661014
1026,-0.18365794,0.6600419,0.045004338,0.05682802,-0.35838184760080555,0.625318897181315
1027,0.12403647,0.08070733,0.011588738,0.009044747,0.0722036968052302,0.07581244117744536
1028,-0.23843051,-0.0016343603,0.013003784,0.0075266543,-0.2789835849025851,0.003241099172013852
1029,-0.03173859,-0.07131844,0.009558942,0.0076460503,-0.06657421001989361,-0.06945431669998528
1030,0.5358079,0.20056906,0.015436716,0.008582119,0.5089624718959582,0.2039049495269165
1031,-0.28847116,0.36567134,0.011850892,0.019091133,-0.2927427991000988,0.3334266412169327
1032,0.10315578,-0.030602098,0.013253566,0.010445157,0.024756714654780118,-0.015119268739972854
1033,0.6147428,-0.4454347,0.015098121,0.013288115,0.5960978531616048,-0.45046106379475953
1034,0.5412407,0.0946274,0.017770177,0.0068335794,0.4977544173858347,0.09358425885883369
1035,0.18839206,0.1051591,0.019013004,0.014271212,0.06351741417433242,0.1075345273119068
1036,-0.00083626015,0.21644694,0.008977365,0.010438272,-0.029948573027922174,0.1912257526665789
1037,-0.0750334,0.49316323,0.008361403,0.016905535,-0.10438147187287644,0.4776309676160498
1038,-0.037709177,-0.006101326,0.009042697,0.007117521,-0.07631822445274193,-0.004192252147122326
1039,0.12271291,0.23698178,0.007897527,0.008836471,0.0933864116657511,0.23611958206060296
1040,0.15511827,0.049832024,0.0098679,0.006929498,0.09809768753762338,0.04932238458663621
1041,0.068413146,-0.057836212,0.009208311,0.010190176,0.03828120067209079,-0.05935659805312103
1042,0.07862629,-0.40817732,0.009778304,0.015949937,0.0269877007463921,-0.3822668279316791
1043,-0.1957036,-0.3434957,0.008723084,0.010407637,-0.22071953607921457,-0.33106219076574434
1044,0.002953067,-0.1818671,0.0089435745,0.008303015,-0.024311878202250246,-0.18116715614252504
1045,-0.047499448,0.37901124,0.012213315,0.015913427,-0.11438878524283788,0.36742955525628773
1046,0.01734457,-0.07919275,0.018498573,0.016457262,-0.07005834565266944,-0.0724322715159896
1047,-0.16513924,0.21078691,0.014077185,0.017403292,-0.2459689404577425,0.23863304058976134
1048,0.12920256,0.21644406,0.007668998,0.007867523,0.10587435916927264,0.2354876274075081
1049,0.030599132,0.044647045,0.008805685,0.0082210675,0.012149534353846358,0.04654520837012906
1050,0.06688795,0.046544462,0.0092466995,0.0077351774,0.0224456974566333,0.04588605592446673
1051,0.35628402,-0.01740918,0.088376045,0.07173046,-0.025594091545215737,0.05184343294194891
1052,0.67868876,-0.71219313,0.0286538,0.03211273,0.6072852556685644,-0.7500502032724613
1053,-0.10935545,0.13148731,0.008964487,0.008299334,-0.14499284205345028,0.1270378490406092
1054,-0.03440918,0.008228383,0.009435426,0.007838901,-0.07145570995476948,0.013342141020174787
1055,-0.018822342,0.2882355,0.0077120583,0.010790719,-0.0449085242291226,0.29861727528068116
1056,-0.016012724,-0.0774511,0.017902268,0.015242198,-0.11240664019832312,-0.0693931989529842
1057,0.056446455,0.032675505,0.009453731,0.00809672,0.020750143546752628,0.030188434557018914
1058,-0.5623375,0.32702488,0.0168611,0.01118185,-0.5723173682458783,0.3330682219227516
1059,0.28825495,-0.086972795,0.011203454,0.008239849,0.2493055486206576,-0.08167018448737655
1060,-0.11795744,0.024489716,0.009965278,0.009508471,-0.1364365030051825,0.014402016104750576
1061,-0.010120543,-0.15707035,0.009563193,0.009177784,-0.054956323388595046,-0.14971486712861917
1062,0.5177302,-0.13996008,0.018683692,0.0076090307,0.48711170726198455,-0.1401127791519413
1063,0.6453555,0.08661813,0.06057134,0.023902696,0.4154126116529263,0.06793777857472676
1064,-0.05212506,-0.14053753,0.010676854,0.0094985,-0.09291633716578424,-0.12329846412383683
1065,0.015891254,-0.035199136,0.010827104,0.009582106,-0.035196977135495314,-0.041846698459515295
1066,-0.034267355,0.06957935,0.0097251795,0.00830318,-0.06634184329781267,0.07517278499259217
1067,-0.25588652,0.117865935,0.019509748,0.015024379,-0.3354857049787515,0.13036650397917462
1068,-0.049360685,-0.0036965245,0.009896819,0.007821421,-0.09291640252329929,-0.003911130015853605
1069,0.11520373,0.37265003,0.008000182,0.009089996,0.08558321774681825,0.38218679997041305
1070,0.062858336,-0.0060998136,0.015538952,0.012844863,-0.010383820999501643,-0.003754462234506769
1071,-0.03962827,-0.083104156,0.015191353,0.012879743,-0.12636029617287955,-0.07089062727846411
1072,0.33131406,-0.07966084,0.036732186,0.021578554,0.1620130490818948,-0.0902203643715842
1073,0.06854056,-0.09338822,0.00968315,0.008656796,0.017513023253451235,-0.09211393146943546
1074,0.07554307,0.007330357,0.0099135805,0.008724782,0.021106013425677052,0.006967101673307734
1075,0.0175489,-0.01219459,0.008220595,0.007281328,-0.010635665922627616,-0.005115729537510717
1076,-0.113429844,0.025903031,0.010715657,0.008592869,-0.14749629222213032,0.029105317632381847
1077,-0.32988632,-0.03475315,0.019414231,0.009222795,-0.41622594811203506,-0.03950600145621921
1078,0.09181517,0.006769537,0.011327696,0.009034098,0.028067182947236397,0.005300623243488271
1079,0.09932431,0.022454776,0.009874274,0.008047782,0.06115010477520591,0.027469527877027437
1080,-0.010058077,0.008858508,0.008512592,0.007532721,-0.04846997271998561,0.009842915244419265
1081,0.3237757,0.050426215,0.012125695,0.005998361,0.2952606614863602,0.05399380245617827
1082,-0.13962011,-0.68703675,0.008092066,0.015323888,-0.172538696802332,-0.6791253247107164
1083,0.077486284,-0.020519376,0.009292408,0.008059,0.039973758500746456,-0.015655052716339136
1084,-0.065525636,0.0054630777,0.00852855,0.0072807088,-0.10680658963229886,0.013507308838543087
1085,0.3645274,0.021423444,0.038069658,0.01948889,0.3176930167330103,-0.00013331279277072953
1086,-0.0697813,-0.17203574,0.010328503,0.009564174,-0.11358542163175023,-0.1713348777390132
1087,0.11441343,-0.018176068,0.02611977,0.021368342,0.01376569380056696,-0.02765106694604482
1088,-0.17323093,-0.15773183,0.009977553,0.008256117,-0.19642035004235825,-0.14816534257780445
1089,0.04288315,-0.23000765,0.010161068,0.011308144,-9.676771156139633e-05,-0.21223477492738108
1090,0.7191894,0.2306831,0.022284199,0.010400659,0.7142610390954894,0.23858999497534164
1091,0.11675277,-0.021388322,0.009306344,0.00726573,0.07763213637121678,-0.015515164740751004
1092,-0.0032298448,0.0019580713,0.007873635,0.006967991,-0.03315775040259739,0.007279806635810493
1093,0.1911849,-0.053834356,0.009478175,0.007042604,0.1588889761055536,-0.0496074389195606
1094,-0.59185743,0.17495188,0.016395992,0.008381875,-0.6005931521292165,0.17300455841652532
1095,-0.1075543,-0.064369634,0.011603705,0.009376498,-0.1537758336925651,-0.05086938168154782
1096,-0.3005802,0.095727295,0.013762941,0.008942931,-0.35451194883377585,0.09060589043356337
1097,-0.115944095,-0.17639704,0.010718959,0.0107523715,-0.16256660126845113,-0.18524170785204352
1098,-0.11158405,0.15890396,0.008146814,0.010035579,-0.13712213842763302,0.1633058192868607
1099,0.05206886,-0.16060574,0.014636654,0.014473876,-0.036130175842480176,-0.14935322434510706
1100,0.1390723,0.3013311,0.024499273,0.025960414,0.01205705602299399,0.2709382262108639
1101,-0.01659315,-0.030160263,0.009601566,0.007861967,-0.06225766377160768,-0.03468638361130787
1102,0.25466675,-0.24550638,0.0113935815,0.011719695,0.21022928172727778,-0.2533365135355485
1103,0.18588148,-0.2515338,0.021147912,0.022216046,0.10679475781394064,-0.2311820786909774
1104,0.14834046,-0.05381667,0.024705494,0.018443653,0.005204030292271713,-0.07202378471454796
1105,0.046367757,-0.030410845,0.009538632,0.008294979,0.007072025106068582,-0.026497777760690493
1106,0.029825687,0.0033913022,0.010671546,0.009365542,-0.02642577052836015,0.0007450862655866988
1107,-0.014602119,0.3052767,0.007972981,0.01081303,-0.05355492075028644,0.3124500617536337
1108,0.25150722,0.14771579,0.016825348,0.011872996,0.20871494541499244,0.1486592107073839
1109,0.8117328,-0.066607825,0.021736808,0.0058059017,0.7772932057216225,-0.06695241276074855
1110,0.28082526,-0.08917163,0.016428007,0.009957854,0.2086924508742907,-0.0822982720870537
1111,0.2687211,0.09870897,0.010562794,0.0076370705,0.25167528581572146,0.11374021393687636
1112,0.12285916,-0.0059472704,0.02493284,0.019224385,0.025494292595904584,-0.0011047733283354548
1113,0.22989096,-0.20642985,0.031071303,0.02597772,0.0897681724328906,-0.16907772693231798
1114,0.037047032,-0.03194338,0.010298063,0.009128164,-0.005432034823155568,-0.030515179172660292
1115,-0.009826798,0.07770572,0.01115241,0.010444589,-0.06445317623897791,0.07997844696208803
1116,0.073852666,-0.17124711,0.011681001,0.01134258,0.019021425729749256,-0.15914674554205843
1117,-0.27339172,0.5600407,0.010887363,0.020777507,-0.31289944884910503,0.5511149505766192
1118,-0.3535965,-0.42812288,0.02419143,0.028409185,-0.3934576879458791,-0.37551064155136155
1119,0.0069703613,0.10744321,0.008694367,0.008327694,-0.025446144830165426,0.10956826526559585
1120,0.08893475,-0.04018882,0.012681669,0.010910277,0.03710594810032849,-0.03539712167004329
1121,0.13745989,-0.21795626,0.011768424,0.015877139,0.09290894359095705,-0.21141986064231638
1122,0.11621321,0.14760697,0.013116036,0.012172865,0.04507665149200166,0.14086802563850973
1123,0.0248513,0.08778125,0.037953865,0.034134585,-0.14716272319399537,0.110913724994121
1124,-0.009587999,-0.029216029,0.008430558,0.007307342,-0.04274817550366462,-0.02232255948258057
1125,-0.29976356,0.059794985,0.012492963,0.007713398,-0.32001628751523004,0.05877468363186946
1126,-0.4381181,-0.16672288,0.016878564,0.008164502,-0.46823837842326055,-0.1597038048219514
1127,-0.6701563,0.07484643,0.020722276,0.0070111877,-0.6838664117066113,0.07537305686076075
1128,0.252736,0.15430751,0.016571062,0.013016564,0.1644347353854573,0.1462454129800721
1129,0.11378292,-0.077677794,0.01367228,0.012136296,0.056427747496326966,-0.07287875390236162
1130,0.038083937,-0.002378651,0.00903041,0.0077105216,-0.0029818006650756197,-0.007719463090813697
1131,-0.09272943,-0.1307222,0.009399879,0.0074293097,-0.12419486866159307,-0.12338249816403209
1132,0.08427815,-0.20201634,0.009822337,0.011773763,0.055908119090920944,-0.18729240309332953
1133,0.5016409,-0.52024186,0.012506032,0.01391035,0.47610264671282754,-0.5178454305142027
1134,-0.12772205,0.07127265,0.010311632,0.008587432,-0.1481960149104033,0.06377090323446659
1135,0.24271281,-0.24996117,0.009936243,0.011970441,0.22075681392392627,-0.25736455937059854
1136,-0.034715667,-0.21473926,0.011965273,0.011449046,-0.09956197272256294,-0.20117791972344445
1137,0.16185583,0.207585,0.008505028,0.007481144,0.1307042226245386,0.2114421337595747
1138,0.17590664,0.266069,0.011724595,0.015442601,0.14093980999094086,0.26842391885621275
1139,-0.11938214,-0.06305773,0.011454632,0.008143636,-0.168022739300413,-0.060051741741361006
1140,-0.044650696,0.12684163,0.012527812,0.011188005,-0.1096338931309556,0.11522507416780765
1141,-0.07836226,0.36543226,0.00980817,0.014921356,-0.11699220363109471,0.3431345897235039
1142,0.21247002,0.08852838,0.008551478,0.006875966,0.18685569973903768,0.10081506651381138
1143,-0.4008953,0.05728502,0.01245788,0.007535504,-0.41212119240452266,0.0601751589271944
1144,-0.1730875,0.049336992,0.010677091,0.00842639,-0.21326268888453773,0.053197380639409396
1145,0.012140291,-0.06090737,0.012871044,0.011691892,-0.028397073705612057,-0.056947270622800465
1146,0.099472016,-0.14753528,0.0119673945,0.013464667,0.04814104301125277,-0.14731672192004502
1147,0.045772646,0.34129664,0.010355993,0.014064475,-0.003452084109600983,0.35233026908443493
1148,0.717268,0.46692002,0.017700141,0.015768677,0.6907640255530545,0.4688605138050267
1149,0.030042235,-0.10438642,0.008344143,0.00749741,0.001124556060427009,-0.09767323452052158
1150,0.18545704,-0.28497356,0.024817022,0.023292346,0.054096762603061,-0.2620539317442189
1151,-0.0126922615,-0.03090126,0.010916725,0.009354085,-0.060729803984630695,-0.026667761622003877
1152,-0.5859376,-0.18613273,0.018178105,0.0068763345,-0.6088791468413653,-0.17770339465669083
1153,-0.02046927,0.28472435,0.009842285,0.013039749,-0.06219304518875296,0.28244980765576316
1154,-0.31653503,-0.04614299,0.021429274,0.011738443,-0.34439985435769643,-0.04524991323832891
1155,0.13172446,-0.0033070007,0.015695868,0.011434049,0.045804707120232484,0.0013077024759143136
1156,-0.3026876,-0.7631885,0.0076447455,0.015591611,-0.3273834471797387,-0.7437936860234697
1157,0.13774912,0.033958077,0.010332162,0.007992779,0.09102025837213368,0.03465040703960629
1158,0.0057846173,-0.022931315,0.01243445,0.011053198,-0.04512459550756396,-0.026708751426878896
1159,0.056732874,0.012496653,0.013300386,0.011086904,-0.0017439079441009368,0.013559290450450397
1160,0.055011768,0.29855546,0.011368005,0.015931597,0.0021356129571964105,0.3083992982396354
1161,-0.39676583,0.75473166,0.00952151,0.01759918,-0.42363824339129386,0.756275021691586
1162,0.050258566,0.5833229,0.006473457,0.011810114,0.020717702017539027,0.5411136141208346
1163,0.062135696,0.111348435,0.0153317675,0.0135140205,-0.01861262799302849,0.10690680196369426
1164,0.023842022,0.11132712,0.008117607,0.007659331,-0.011482950575798876,0.11882388322818567
1165,-0.22885405,0.22409335,0.009760005,0.009431987,-0.2586635762779371,0.22081388519514103
1166,0.032967355,-0.024768706,0.013023436,0.011648898,-0.0289350988213608,-0.029574933754970098
1167,-0.31644872,-0.2576939,0.012981779,0.010620417,-0.36152299758721784,-0.2540736889468413
1168,-0.333112,-0.22526464,0.012965893,0.008995902,-0.35990152291758776,-0.2197930507360804
1169,-0.50644624,0.30785912,0.014074362,0.010013039,-0.5244474442313153,0.3263222817842527
1170,-0.15406115,-0.1957292,0.011368005,0.010920644,-0.1865801599568177,-0.19008457205153928
1171,0.24534927,0.12916735,0.014732044,0.010492996,0.19642673051718074,0.13401939041573846
1172,-0.012665484,-0.034511596,0.008716821,0.007327569,-0.04318204384427199,-0.028826976302248637
1173,0.15430747,0.274541,0.018882696,0.02052329,0.05016019896060333,0.2872009279612049
1174,-0.10809754,-0.19474058,0.011656375,0.011238656,-0.1482988985317566,-0.19038494827339209
1175,0.057682704,0.043631926,0.012031944,0.010263684,0.00510509557498785,0.050676004405430235
1176,0.11878909,0.045095585,0.008720366,0.0067546307,0.07647500717687666,0.04856321828228706
1177,0.15220173,-0.23673216,0.009862234,0.011711169,0.102548761928481,-0.21758757234319856
1178,0.021108322,0.016389132,0.009800143,0.008660069,-0.021045526330716748,0.015156790721614079
1179,0.21298897,-0.1812545,0.013387078,0.012772975,0.1536606881590282,-0.15875515041281854
1180,0.027591307,-0.03437458,0.011164672,0.010019928,-0.02002462706477315,-0.03444531205100277
1181,0.63622224,-0.16453335,0.016965417,0.0069673755,0.6022981635356056,-0.16221902676310082
1182,-0.10994429,0.09137398,0.0084732305,0.007942477,-0.13889025982484762,0.09268318289110379
1183,0.064458065,-0.057072617,0.010511129,0.009559956,0.01750693634686514,-0.05648698045051808
1184,0.06569648,-0.02215162,0.009536154,0.007932436,0.034209064468930774,-0.021314419286081358
1185,-0.21121433,-0.10997013,0.01291035,0.0089299595,-0.26155734383209506,-0.10078018345734724
1186,-0.016092509,-0.23494697,0.00838351,0.008516715,-0.05233882980161204,-0.22563395898383884
1187,0.29877672,0.26916304,0.013531984,0.013024462,0.25616361759183237,0.2759841277019746
1188,0.013968851,-0.13392442,0.008984571,0.008768971,-0.022094508478499655,-0.1282089561102929
1189,0.35655835,0.5229322,0.013318973,0.020841913,0.31564276462751917,0.5367926274236959
1190,-0.057969227,0.0119678965,0.011015888,0.009214099,-0.09408300140074392,0.010887515062961064
1191,0.06420585,-0.23005241,0.009323234,0.008678465,0.02996106909104924,-0.21603726449366134
1192,-0.04050785,-0.15731804,0.008885208,0.0077488036,-0.06615119209228801,-0.148395545993246
1193,-0.38011578,-0.6357702,0.010293579,0.013980167,-0.41016865721054735,-0.6082217711604307
1194,-0.04730665,-0.5878483,0.0087605445,0.016684812,-0.1012405664218163,-0.5671563951500532
1195,-0.62930703,0.04299961,0.020726828,0.008055881,-0.6525730491456002,0.04891049290942175
1196,-0.076339796,0.07588255,0.011126122,0.009540626,-0.11700277359370408,0.07838049960914235
1197,0.019601468,-0.23629832,0.010954929,0.012507452,-0.03882680012327804,-0.23966685018986808
1198,0.5124399,-0.035142146,0.02659048,0.009133728,0.43537613046608803,-0.0410620395948936
1199,0.124051794,0.042171717,0.010940424,0.008403149,0.0805077062869726,0.034550532741060826
1200,-0.04665654,0.08433896,0.010229037,0.009351536,-0.10124958744381003,0.08996164635503118
1201,0.20402198,0.06079953,0.013946821,0.009017298,0.1643188305662715,0.057317456203637575
1202,0.02905491,0.073285036,0.008298627,0.00830638,-0.001179907431064033,0.07331807110644219
1203,-0.032289613,-0.41708004,0.008518384,0.0106811635,-0.06357863106828601,-0.4227221855626335
1204,0.03356094,-0.04949029,0.010580372,0.0093297325,-0.013278518620804432,-0.04820561668627969
1205,0.09364507,-0.07801246,0.011880813,0.0108956555,0.03860836657678436,-0.07722117985840773
1206,0.145908,0.011193446,0.015790217,0.011002335,0.07097462340230049,0.008980136157826923
1207,0.19874503,-0.27878544,0.010740897,0.012001373,0.1580223351722355,-0.2589323808734349
1208,0.0314866,-0.2542093,0.021033758,0.02081314,-0.11807729881032789,-0.22105106484584827
1209,0.02415032,-0.021595627,0.008787369,0.0076265396,-0.005767285576502365,-0.012327676401156822
1210,0.079261154,-0.059984125,0.009597434,0.007908104,0.05031901533853283,-0.055940814576590094
1211,0.7969928,0.046015143,0.024950285,0.0070031066,0.7551387375191274,0.046151094292273855
1212,0.20874311,0.28106514,0.00901009,0.009778669,0.1799941695051665,0.29558617913558993
1213,0.2528524,-0.11974435,0.014187906,0.010766804,0.17783111074843153,-0.10819624916886106
1214,0.07827181,-0.0051624114,0.008980908,0.007339155,0.035194193969479426,-0.007059829959904163
1215,0.0854186,0.054825164,0.009429639,0.0077870376,0.044148943310119454,0.05958463378530351
1216,0.12982707,-0.11402897,0.009350043,0.008704974,0.09879042853591855,-0.11083617612767771
1217,0.07671062,0.022162855,0.009453849,0.008275449,0.033387603566257605,0.01715532293106219
1218,0.56734663,0.35314363,0.076616466,0.056550045,0.33773312759047186,0.3694867735651306
1219,-0.029526014,0.045188703,0.009629313,0.007933997,-0.06034718409143644,0.05309687165687476
1220,0.28234985,-0.03544035,0.011153944,0.0066907136,0.24449449528283893,-0.03296423932387144
1221,0.29183888,0.15985699,0.010395518,0.008127298,0.23527234891209367,0.1400940131746444
1222,-0.4598005,0.66115963,0.016878448,0.026322192,-0.515528297015983,0.6347946298349868
1223,0.025505833,-0.093379624,0.011146753,0.010878427,-0.023471736093119512,-0.09209458448263035
1224,-0.05652661,-0.12201404,0.010297708,0.00877333,-0.10366769852623173,-0.11678773535704827
1225,0.07204789,0.027353816,0.01649977,0.013876447,0.001483319037871545,0.030741699476008574
1226,0.046851397,-0.06766654,0.007892913,0.0073147584,0.016147930279709767,-0.06157150969544942
1227,0.04216216,0.028567798,0.010863543,0.009083581,-0.014233181042502225,0.02545832072579944
1228,-0.20019604,0.34346217,0.0108581185,0.01775032,-0.22860274123668536,0.32670504788583965
1229,0.090082474,-0.12894908,0.011450153,0.012451617,0.04852464035028144,-0.11675767284226003
1230,-0.5859376,-0.18613273,0.018178105,0.0068763345,-0.6088791468413653,-0.17770339465669083
1231,-0.6701126,-0.25864154,0.022578873,0.009398651,-0.711279473258802,-0.2557077650555833
1232,-0.28827727,0.3842182,0.012675782,0.016476315,-0.32341768174698315,0.3714321910366891
1233,-0.6542492,-0.09494648,0.030660277,0.009808378,-0.6859055050692379,-0.08691508744369365
1234,0.13690388,0.011017933,0.008960942,0.006635576,0.0775259491394051,0.004388483428879168
1235,-0.6654271,-0.040983222,0.025405737,0.007812608,-0.6986176409843959,-0.03604568405433159
1236,0.06362189,0.0010441383,0.011933353,0.009815683,0.0007583180109290698,0.00014493447883179213
1237,-0.2717231,0.6426133,0.009345555,0.019519448,-0.3290592801468093,0.6684256718363079
1238,0.24771106,-0.10155595,0.017967137,0.012219538,0.15715369028323567,-0.09695162004290914
1239,0.52467394,-0.28576642,0.01261775,0.009238666,0.4995788929142143,-0.2849246421057282
1240,0.32402793,-0.04018303,0.014239499,0.0070231436,0.29546613709249514,-0.034499222933225694
1241,0.6503483,-0.5220559,0.015048215,0.011684402,0.6232531586809934,-0.5215266301182827
1242,0.038901296,0.06210567,0.011787275,0.011039321,0.024229417365103624,0.06340202303215271
1243,0.10274827,-0.084347315,0.009756111,0.009325608,0.06442157241408111,-0.08400148974837922
1244,0.21239372,-0.016742654,0.02349267,0.014764387,0.10986138645126638,-0.028887013537725967
1245,0.27280062,0.084589034,0.020683624,0.011972472,0.19448310210574302,0.07933349945690325
1246,0.26639163,0.10965503,0.010342544,0.007299633,0.2167418754192444,0.10034627183861185
1247,0.087396994,0.07405686,0.010716719,0.00886393,0.034959024619452536,0.06700737677817697
1248,0.18461832,-0.24767321,0.022755548,0.02271942,0.06447923582463014,-0.20636649883416602
1249,0.008080607,-0.014149518,0.00928603,0.0075535895,-0.025296015505205965,-0.012147961773742865
1250,0.051183198,-0.034412906,0.010035148,0.009800049,0.04039528503256862,-0.03766410098590261
1251,-0.24552982,0.0012224233,0.012012274,0.0068092817,-0.2773927346821476,-0.0007504718795425016
1252,0.6590494,-0.28659344,0.028737668,0.015331644,0.6263336829087954,-0.2904418516175037
1253,0.06486122,-0.07210794,0.008358448,0.007504467,0.038037366468205554,-0.06730659018780825
1254,0.026747327,-0.047476754,0.010459341,0.008874632,-0.0189652324027338,-0.04242324433441844
1255,0.5699168,-0.2869776,0.033059783,0.019227505,0.4734070421336635,-0.2952973622486889
1256,0.044273928,0.010073057,0.010417579,0.0088552,0.008347805428015193,0.01364868088962393
1257,0.5080248,-0.04256309,0.02117254,0.007550393,0.4451512997521398,-0.039550246754351946
1258,-0.50309646,-0.27852815,0.016083645,0.011169924,-0.5217519829677634,-0.2715675127196695
1259,0.18438976,0.0690646,0.009384882,0.006596475,0.14951429937168167,0.08084855763872023
1260,0.06958406,0.076570146,0.008577245,0.007454083,0.030509182010741452,0.08357698577737604
1261,0.34573713,0.35076487,0.014987148,0.0170653,0.2647943777836824,0.31137423450770896
1262,0.014510121,-0.27996963,0.007949329,0.008359753,-0.016238069189835665,-0.27038752283507456
1263,0.09063036,0.09657785,0.008314351,0.0072237556,0.0599202593435952,0.10366488897165224
1264,0.07424116,0.054776877,0.013255449,0.011175086,-0.004344356682137504,0.05218680746316856
1265,0.02415866,0.017437585,0.009913698,0.008807494,-0.015565149570359508,0.019573256631407576
1266,-0.27310944,0.07091874,0.040448964,0.026809204,-0.46072530378378757,0.05321015884205247
1267,0.10390877,-0.018023036,0.009254259,0.0070236954,0.0701068877495094,-0.016417480349157965
1268,-0.06965278,-0.25787595,0.009778185,0.010633342,-0.10974750208393483,-0.24885553235380062
1269,0.89021033,-0.16450682,0.03050014,0.008453972,0.8458464579934999,-0.1593068848631734
1270,0.16771264,-0.13386858,0.010316705,0.010193983,0.12649531290841887,-0.13304958288588806
1271,-0.12669596,0.05827786,0.010977096,0.009494729,-0.1627592424795455,0.04553167586093507
1272,0.17545582,0.01313798,0.014562053,0.0093720425,0.12468562837555966,0.020071407989518734
1273,-0.12772205,0.07127265,0.010311632,0.008587432,-0.1481960149104033,0.06377090323446659
1274,0.012841754,0.012208185,0.008250627,0.0072975107,-0.01386365722860353,0.012146796184589593
1275,-0.028574158,-0.07103537,0.0084026605,0.007133066,-0.05993360165112078,-0.06307062080648654
1276,-0.15706313,-0.12783453,0.012668367,0.009883926,-0.20734167759269986,-0.12161043772957279
1277,0.23194881,-0.22752023,0.009388071,0.0079159085,0.20694067174964786,-0.21617189854981358
1278,0.22749946,-0.25861728,0.010889132,0.010669604,0.20066331727431105,-0.28169432548417134
1279,-0.19032376,-0.17608407,0.011691723,0.009930774,-0.23571846909790636,-0.1792008384490169
1280,0.17138843,0.063142546,0.012094485,0.008906909,0.1086154275946118,0.05560541602410177
1281,-0.05852834,-0.025952533,0.009407674,0.0071844347,-0.08821998467389645,-0.028625333238879357
1282,-0.022994434,0.027385958,0.009863415,0.008759058,-0.05645449032014481,0.03016303305288438
1283,-0.018044349,-0.0883726,0.019325368,0.017704269,-0.10554350855072141,-0.10730085157796367
1284,0.13687478,0.061243974,0.011438957,0.009100035,0.08268096006041933,0.07397934187284315
1285,0.048976973,0.39031553,0.00750715,0.009889239,0.01625961080988807,0.3913269155993187
1286,-0.11375167,-0.04320044,0.008815139,0.0071422816,-0.14870735247124828,-0.041454598816631764
1287,0.022246841,-0.05620394,0.010007885,0.008655918,-0.014292388931326182,-0.05415683416870567
1288,0.064835645,-0.000545864,0.010788894,0.009273491,0.021837120081282406,0.002250291510474461
1289,-0.26512423,0.03639237,0.013363201,0.007706374,-0.3045287008385077,0.033464978521528285
1290,0.65207267,0.04794707,0.020831563,0.0061412044,0.5565930782483698,0.0432710176432401
1291,0.009485062,-0.014228308,0.008808639,0.0073901266,-0.026334716519527703,-0.005950026423075704
1292,-0.0052303574,-0.029023074,0.013635709,0.012107103,-0.08495721417113071,-0.02633400650101194
1293,0.14145136,-0.058241673,0.008952436,0.008230856,0.10510078423646763,-0.04927675015766988
1294,-0.005368469,-0.01080832,0.009472388,0.007949953,-0.041761368956136184,-0.006196624624421351
1295,0.27969277,-0.0151299955,0.013489645,0.007440676,0.24287580152342803,-0.020148244347083292
1296,0.1681465,0.036572583,0.018928083,0.014169324,0.09672950854409243,0.04633819007221735
1297,0.057583798,0.12177002,0.008397576,0.007974299,0.023418976082787233,0.12031845781281586
1298,0.10694652,-0.1944593,0.0082524,0.008645479,0.07583827792220069,-0.1854368805632231
1299,0.34465247,-0.044117026,0.01198577,0.005969288,0.32870594075462467,-0.03654750596855423
1300,-0.55502737,0.051138006,0.020183375,0.007822245,-0.5851585060762872,0.05311036634472145
1301,-0.43612185,-0.048467778,0.04001451,0.018802635,-0.5533376200436123,-0.046633811794337274
1302,0.48712075,-0.52528805,0.011417978,0.012871871,0.46713052466463467,-0.5234321682784268
1303,-0.006255736,0.47723657,0.010336291,0.015994137,-0.059579934497818614,0.4520684674832704
1304,0.012140291,-0.06090737,0.012871044,0.011691892,-0.028397073705612057,-0.056947270622800465
1305,0.48157927,0.1164135,0.016143002,0.007042221,0.44460094012203033,0.11462262600323149
1306,-0.22762157,-0.623956,0.028281065,0.04437376,-0.35667057126483837,-0.5856988533944764
1307,0.24369955,-0.3150937,0.028159725,0.028407972,0.1309355985655431,-0.33126961773889263
1308,-0.6384795,-0.43813717,0.035863884,0.02715397,-0.7144427521903588,-0.43760823273379607
1309,0.3066393,-0.1156157,0.010635809,0.009979197,0.283646898827143,-0.09884227061784179
1310,-0.30584717,-0.5834114,0.008573817,0.0136546735,-0.3372681001934616,-0.5707310544178255
1311,0.27057922,-0.14879352,0.014494616,0.012041209,0.2344485938974307,-0.15792016355964636
1312,-0.27017248,-0.27595097,0.011288209,0.011639993,-0.30639615425289835,-0.2787852866530342
1313,0.210802,0.63916296,0.008194229,0.014720423,0.17594028032316103,0.6307471735438555
1314,-0.03580475,-0.090035826,0.0084034875,0.0073866397,-0.06458260798484992,-0.08258241076235699
1315,-0.22669579,0.021027327,0.012443515,0.007756714,-0.2549375362263397,0.02048050117062486
1316,0.031328216,0.052932695,0.009677601,0.008288721,-0.013926925208989116,0.044791353521616575
1317,0.041636787,-0.476461,0.008169872,0.012390565,0.009559552529008707,-0.4657034022973993
1318,0.2528524,-0.11974435,0.014187906,0.010766804,0.17783111074843153,-0.10819624916886106
1319,0.03492342,0.06261579,0.0090927845,0.0079596555,0.003512596372464787,0.06144461938089598
1320,0.013714179,0.00015015807,0.011077549,0.009677726,-0.03039315308214661,0.005991133026633527
1321,0.039532818,-0.036698043,0.008385046,0.0071380273,0.009897282285885349,-0.02944080716151698
1322,0.00013093697,-0.0048821056,0.00801319,0.0070334366,-0.021490654519728678,0.004184723839460666
1323,-0.070517235,-0.2450884,0.008610339,0.007959011,-0.09187138624805814,-0.23389495846967884
1324,0.18108362,0.2701574,0.008587646,0.008997233,0.16334411217747224,0.27723063627882927
1325,0.032835353,0.2173285,0.011800352,0.012610776,-0.02841422436287882,0.19675636678255615
1326,0.035564013,0.04118636,0.010014849,0.008543715,-0.0072902276850885205,0.047406291610902866
1327,0.29880798,-0.1442264,0.013196509,0.00899002,0.24828591305674552,-0.13969021387074
1328,-0.14633858,-0.07648005,0.01246471,0.008393478,-0.19085930307755763,-0.06902821375263643
1329,-0.176746,-0.52642107,0.0074907043,0.0137076685,-0.21779310215164957,-0.5590631875409816
1330,0.14254753,-0.11918091,0.008990243,0.008355609,0.12007197876155672,-0.10937095133125001
1331,0.064740725,-0.17462802,0.008724501,0.009183138,0.03146494820015597,-0.16751121243473394
1332,-0.45622292,0.1554128,0.022249222,0.01347516,-0.5013778565842242,0.14824057519716272
1333,-0.42377925,-0.35084307,0.014261479,0.011352158,-0.4601904648661397,-0.34612005734677137
1334,-0.10399595,-0.0792822,0.008513893,0.0075178533,-0.14372397379061166,-0.0816377541298427
1335,-0.09999867,0.030628726,0.010639819,0.008327003,-0.13789505880436903,0.03308045574411248
1336,0.6900153,-0.20240287,0.022448214,0.008863945,0.526725185238338,-0.14155865151853347
1337,0.5144803,-0.4393315,0.03861243,0.035780102,0.38820020202191674,-0.4707781337871568
1338,-0.092997864,0.13830057,0.008150361,0.009728282,-0.12159414920082204,0.14579401595301986
1339,-0.0052303574,-0.029023074,0.013635709,0.012107103,-0.08495721417113071,-0.02633400650101194
1340,0.12240222,0.2631457,0.010951509,0.013398506,0.06912122996590894,0.24954453531678752
1341,0.029825836,-0.2243722,0.011067646,0.012609257,-0.028027882634867815,-0.22908096170792
1342,0.15241383,0.104485594,0.010635337,0.008452137,0.11085057611227472,0.09144589073102337
1343,0.029484347,0.02974251,0.011006219,0.009687195,-0.014827417661961903,0.02734159398120652
1344,0.052464105,-0.010040135,0.010068901,0.009085327,-0.0028241340537322425,-0.014178540433998086
1345,0.38084108,0.0480818,0.023073157,0.009491468,0.3140724817453128,0.03912207169845551
1346,0.05974201,0.03772644,0.020383833,0.016927792,-0.03965612157981627,0.03587294864574356
1347,0.70633435,-0.115287594,0.01738668,0.0058555296,0.6914636482841806,-0.11347031992511157
1348,-0.048988156,0.22436863,0.014079535,0.0153944045,-0.11198012069910628,0.2206848967423699
1349,0.09065245,0.02914527,0.01107578,0.008905886,0.03692487765743577,0.028177765247548912
1350,-0.28647962,0.29182655,0.012033004,0.016029902,-0.30939396902445454,0.2868890362159955
1351,0.06738595,-0.0014960701,0.009136375,0.0080903405,0.030427958945753713,0.0027034282090918527
1352,-0.0057837474,0.013531602,0.008877053,0.007408117,-0.036797156939696374,0.01789517854502076
1353,0.41484484,0.15836214,0.021915492,0.012295411,0.3304170296170545,0.15522239573545815
1354,-0.08511902,-0.026438795,0.009340477,0.0074193343,-0.1201464520241546,-0.021602109508100917
1355,0.014862478,0.011181018,0.009453967,0.008817338,-0.0033115589248837543,0.01785903156770863
1356,0.22146557,0.16921017,0.01069313,0.008553798,0.18840118180930665,0.1682806454025231
1357,-0.049109362,-0.055583812,0.010198238,0.008131958,-0.08277761249735768,-0.05355792386035496
1358,0.53459096,-0.19201806,0.0172298,0.009701531,0.49479690359039014,-0.1916874439056303
1359,-0.028815389,0.012355707,0.008878236,0.0077139093,-0.05973198671981417,0.011347406071558042
1360,0.14713986,-0.17698556,0.00892597,0.010006451,0.11534772152060753,-0.17369767563240623
1361,-0.010378476,-0.4683106,0.012090246,0.017451636,-0.06319327126675123,-0.4559922723965707
1362,0.052592162,-0.006289319,0.008755346,0.0076272585,0.016884105966307125,-0.0044364138741277565
1363,0.041878663,0.09566097,0.00867794,0.007871837,0.0064960826702085625,0.10050336756890302
1364,0.030479886,-0.089155525,0.0107252095,0.010621279,-0.016506039619916403,-0.08076199441717691
1365,0.33555833,0.1407521,0.018708028,0.011723563,0.24942902391647834,0.1395279769268579
1366,0.101111814,-0.15696485,0.01566324,0.015194739,0.013294338554872321,-0.1295201308709439
1367,-0.19032376,-0.17608407,0.011691723,0.009930774,-0.23571846909790636,-0.1792008384490169
1368,-0.09912053,-0.07064673,0.010792551,0.007799947,-0.1417740387757281,-0.06755464195053168
1369,0.0030510803,0.071327955,0.0083222715,0.0077747386,-0.024381220129043472,0.07376956539989037
1370,0.27696508,-0.2634543,0.013164861,0.014005358,0.29455341997365064,-0.2856318452554901
1371,0.41067523,-0.4230212,0.011904256,0.011716686,0.3651580405420432,-0.41558121166887874
1372,-0.14193769,-0.7540314,0.0061893933,0.013733684,-0.16243925850301513,-0.7278326862690513
1373,0.033532113,-0.0606002,0.0095989695,0.008638518,-0.0036826481463408094,-0.06202923291287428
1374,0.39461046,0.7319021,0.013938002,0.025048824,0.3561833470893084,0.7529889759081742
1375,0.0523981,-0.0031685466,0.008465665,0.0072821337,0.0062764389520434056,0.002893695407283701
1376,0.048168026,-0.032001562,0.009437907,0.008557535,0.014021717334089513,-0.025293775092493753
1377,0.50860655,-0.5384383,0.019959036,0.02470375,0.4537846391004823,-0.5378455262762093
1378,-0.0296228,-0.054855496,0.009848305,0.008272178,-0.07550705508288741,-0.05064942366847055
1379,0.13782309,-0.18254557,0.0092022875,0.0092014065,0.10566307426711978,-0.17233474683453762
1380,-0.055194378,-0.23694515,0.013863468,0.0134220235,-0.13547051311246217,-0.22947260486166196
1381,0.12749138,-0.11430476,0.00874672,0.007717113,0.10684376250948519,-0.11111736378657133
1382,0.13687478,0.061243974,0.011438957,0.009100035,0.08268096006041933,0.07397934187284315
1383,0.6084998,0.30832195,0.017634552,0.010136851,0.5850876849682548,0.31833656450698977
1384,0.49772385,-0.1459244,0.028160535,0.012974341,0.3796514115941286,-0.14921598523797114
1385,-0.050373815,-0.037120976,0.008228162,0.007229367,-0.07447633711460686,-0.02738131926486933
1386,-0.03580475,-0.090035826,0.0084034875,0.0073866397,-0.06458260798484992,-0.08258241076235699
1387,0.05419034,-0.0034590373,0.009001348,0.0072354153,0.02616702373657027,0.0032608028559070854
1388,0.0376185,0.0044506704,0.008140666,0.0070476355,0.009387603636894119,0.012863822554704798
1389,0.18126096,0.12476276,0.012821378,0.010167246,0.12247557285808736,0.12035200206595237
1390,-0.22086217,0.054215267,0.014223751,0.009200785,-0.2528235006689778,0.053047645533317124
1391,-0.24865495,0.1169546,0.012606568,0.010628151,-0.2695992646360638,0.11437015508397955
1392,0.07347133,0.0016764468,0.016244464,0.013037955,0.0037850317535450175,0.0033303345914139798
1393,-0.039665878,0.04399378,0.014855846,0.012463694,-0.12341960237344532,0.040105762309619895
1394,0.07473828,-0.08576735,0.008912145,0.008223705,0.03268888849454453,-0.08205779803101892
1395,0.101016805,0.10358369,0.01938617,0.016087158,0.01340455772025762,0.1027375869826203
1396,0.1289579,0.3572522,0.008658913,0.0118432,0.07508708305119481,0.34828192138947633
1397,-0.11044849,-0.079028964,0.01018101,0.007408851,-0.1474290009747236,-0.08079040103779854
1398,-0.23897381,-0.7295809,0.0066906535,0.012760364,-0.268461476064177,-0.7082945375212412
1399,-0.79021823,-0.41524243,0.017085781,0.010137856,-0.8127449364406436,-0.411899967055323
1400,0.07223764,-0.037778348,0.014800523,0.0125367455,0.002764089484722859,-0.04196672404076621
1401,0.03484032,-0.044117637,0.017007962,0.01495238,-0.05218519948460401,-0.046538027045676035
1402,0.05459003,0.004593662,0.008944165,0.0074345283,0.01720909047245715,0.005448191568388294
1403,0.037693955,-0.020537145,0.008694367,0.0074611525,0.012443146680888244,-0.011790325425601702
1404,-0.73693174,0.46992198,0.01409423,0.010979929,-0.7524384172677775,0.46279630564871166
1405,0.35090232,-0.06432046,0.016114382,0.008479416,0.29381792554662994,-0.05962395852825318
1406,0.026439661,0.004013992,0.009674768,0.008083168,-0.007979523156895934,0.002562373972298496
1407,-0.034382164,-0.29000205,0.009361735,0.009438849,-0.06708527663509818,-0.2859746634352233
1408,-0.25588652,0.117865935,0.019509748,0.015024379,-0.3354857049787515,0.13036650397917462
1409,0.063301116,-0.039255895,0.0132215675,0.011670541,-0.0015735773557384227,-0.042036242003047286
1410,-0.19477446,0.2042504,0.01189389,0.014944438,-0.23157635224480652,0.20504493829310896
1411,-0.18870999,-0.8236316,0.005709928,0.015258428,-0.2185142951457332,-0.8359963593585787
1412,-0.22594945,0.11245361,0.013528102,0.011372721,-0.2543910407955847,0.10477927778743239
1413,-0.7318071,-0.07030301,0.02003616,0.0057300925,-0.7439013538239642,-0.06737542561755468
1414,0.05467527,-0.25328568,0.0077217584,0.009247571,0.025762661470796252,-0.2514456537820491
1415,-0.002358438,0.038991995,0.008965432,0.007395134,-0.03384569391095046,0.03856024214122553
1416,0.04400576,0.7744749,0.0092079565,0.022620829,-0.0024405319452582086,0.7798508108866591
1417,0.012923785,-0.019886382,0.007834721,0.006981007,-0.014574360464094202,-0.012859395427415952
1418,-0.63728106,-0.1337746,0.019112417,0.006609216,-0.6607487289304095,-0.1294337679058926
1419,0.08019023,0.008959032,0.0102378875,0.008748763,0.015562148749455124,0.0021870202987672293
1420,-0.07050039,-0.03846374,0.008465193,0.0076729804,-0.06441142040250872,-0.016712647803973784
1421,0.3096781,-0.22014084,0.020798052,0.016224388,0.249116386463924,-0.22783370198109304
1422,0.07034789,-0.0030664364,0.0096532805,0.007958641,0.03741009542678109,0.005748725098757066
1423,-0.07937458,0.23819174,0.009507695,0.012860644,-0.11364589737045122,0.22222885005117746
1424,0.12982707,-0.11402897,0.009350043,0.008704974,0.09879042853591855,-0.11083617612767771
1425,0.06988819,0.06432894,0.009583738,0.008316886,0.02977997561127433,0.06626011069038977
1426,0.047327165,-0.049594298,0.015716286,0.013503995,-0.04844801905824528,-0.041862406978634095
1427,0.31932732,0.44332266,0.009053211,0.012351784,0.29131096382085264,0.43950163699701844
1428,0.092958644,0.1881997,0.010962946,0.011046019,0.034164156642082597,0.17580506776753085
1429,0.11938441,0.02143117,0.009147124,0.007492452,0.08717198370030167,0.02627890718541857
1430,0.08153489,0.00943794,0.009040098,0.007237965,0.044101180867736,0.010358218700237572
1431,0.36927366,0.467887,0.037731525,0.043495264,0.23395411530064347,0.4996170527693556
1432,0.03544099,-0.006496587,0.00998971,0.008891538,-0.013484340992545663,-0.0030404011348116092
1433,0.2827316,0.06046384,0.026893407,0.015225764,0.20851005647084633,0.0764055273759939
1434,-0.11375167,-0.04320044,0.008815139,0.0071422816,-0.14870735247124828,-0.041454598816631764
1435,0.09204314,0.024086691,0.0118225,0.009304498,0.02643076179690168,0.02060624960840836
1436,-0.0081857145,0.29662398,0.007345277,0.009216936,-0.03425823825289149,0.30299147072266336
1437,-0.10612629,-0.08965074,0.011603587,0.009128704,-0.14613260640641598,-0.08536828664117768
1438,-0.40409526,-0.3055656,0.012485193,0.010133152,-0.4251635462215891,-0.30458255009994256
1439,-0.24776591,0.31705913,0.011884819,0.016952746,-0.28186925083981085,0.3095068266278897
1440,-0.006200019,0.058224104,0.008687276,0.008511811,-0.02452268028730297,0.06839790411400778
1441,0.043776073,-0.025548667,0.011607003,0.0105313305,-0.0027848650689562783,-0.01800727112140903
1442,-0.106563434,-0.10015255,0.015266024,0.012095419,-0.19366762910212623,-0.0971984921922855
1443,0.0014621322,-0.011368566,0.008152963,0.007153995,-0.021783933936826896,-0.004418708135128916
1444,0.11798918,-0.17576757,0.008531858,0.009209649,0.0913838006286744,-0.17476364952444776
1445,0.77073336,-0.22153495,0.09146362,0.04518526,0.4922871949580868,-0.18849704759879243
1446,-0.68855417,0.266663,0.017865617,0.009285347,-0.7095663280615156,0.26787076047579694
1447,-0.014368355,0.012690208,0.00924481,0.007943926,-0.05873620519412124,0.010661386588108304
1448,-0.7548926,0.19829819,0.01944989,0.009791314,-0.7793070185862625,0.20258214180637596
1449,0.1311978,0.042792313,0.008936721,0.006809015,0.09610462018190784,0.03657174426762372
1450,0.036790237,0.038261175,0.011109144,0.009611156,-0.01735034416988416,0.03961234581792221
1451,0.056609523,-0.05600647,0.011065642,0.009694758,0.0019438861215786748,-0.062345032782056824
1452,0.28549924,-0.098952584,0.013812675,0.008768566,0.2545201973913702,-0.10068527591372407
1453,-0.0116257295,-0.04199586,0.010954929,0.00915655,-0.0626973742931494,-0.03993148083851113
1454,0.027211953,-0.009657622,0.008122338,0.0071318233,-0.002459558486262479,-0.006585168200686065
1455,0.01020148,0.32847416,0.0074628987,0.010516936,-0.01917804771615557,0.21030100793388623
1456,0.22745286,-0.1379044,0.015657961,0.012455776,0.1775627635918551,-0.13768792606633548
1457,0.07529293,-0.2392253,0.007836142,0.009343385,0.04256598780696633,-0.1910943896343209
1458,0.17283253,0.41484234,0.012483428,0.020989947,0.12129792177616586,0.4092924154087649
1459,0.036265038,0.006574801,0.010566451,0.00896675,-0.018901832714859106,-0.0007664607513538325
1460,0.15255705,-0.67416656,0.007830345,0.02068973,0.11873147714250247,-0.6691475838632538
1461,0.123397514,-0.051337563,0.012747113,0.010584636,0.05838128330164884,-0.04586311450973201
1462,0.07671062,0.022162855,0.009453849,0.008275449,0.033387603566257605,0.01715532293106219
1463,0.034675352,-0.081208155,0.00822225,0.00726878,0.008731528048308124,-0.07382088554902368
1464,0.24836305,-0.89123714,0.008785833,0.021970257,0.19607141477248782,-0.8873543249618158
1465,-0.11044849,-0.079028964,0.01018101,0.007408851,-0.1474290009747236,-0.08079040103779854
1466,0.1255643,0.025675245,0.025184311,0.019089494,0.011329064408249961,0.04009606218155091
1467,-0.035397075,0.021247398,0.013838189,0.012082713,-0.10733323096119364,0.023865736206402945
1468,0.17881927,0.42975757,0.018791443,0.025889618,0.07220803660881227,0.3905062555297605
1469,-0.22453783,-0.114062935,0.021050684,0.014817725,-0.2946167352077415,-0.10279055141792923
1470,-0.59185743,0.17495188,0.016395992,0.008381875,-0.6005931521292165,0.17300455841652532
1471,0.64695024,-0.02222637,0.06526793,0.023008121,0.5868421010527527,-0.014481724985790263
1472,0.29993504,-0.34832796,0.010712472,0.011986042,0.2695543113347307,-0.33676734555744303
1473,-0.16698156,0.057335474,0.009461287,0.007074715,-0.19977956900763677,0.060383359441140504
1474,0.22685955,0.1573498,0.03160795,0.024181353,0.0912499485814198,0.1519657128244797
1475,0.18369688,0.061427526,0.016507626,0.011256804,0.10204178907102894,0.05042008181980512
1476,0.036608733,-0.04373543,0.008963069,0.007909797,0.0029546581185873146,-0.03180587288411744
1477,0.12955633,-0.0016612271,0.009219888,0.007210395,0.09833652706257678,0.007390857723201532
1478,0.05292964,0.06311545,0.01198954,0.010799186,-0.002303207744874991,0.05774746617028049
1479,-0.023178201,0.31112346,0.024237158,0.025415903,-0.17107904989124145,0.3193977235570437
1480,0.075578876,-0.004952603,0.012316116,0.010264783,-0.0009109348738264606,-0.0003039679368557298
1481,-0.34248513,0.08848591,0.027112132,0.0146943,-0.40587204808311406,0.07586046397191325
1482,0.26400205,-0.09359296,0.011168444,0.0072889114,0.2375311700974156,-0.08623611781275345
1483,-0.053086735,-0.21030337,0.008359394,0.0076150578,-0.08044311543878187,-0.1997846259895862
1484,0.08078169,0.02658327,0.008393085,0.0071813185,0.05925430106524139,0.03564670490685208
1485,0.3184291,0.1678814,0.015181137,0.010072021,0.2599247718214992,0.16089978773335334
1486,-0.16650689,-0.13465327,0.010007178,0.007940984,-0.2044201544171546,-0.13234042018333456
1487,0.118780285,0.013939611,0.008897377,0.0071900343,0.08017109893676323,0.01317785049197947
1488,0.044202887,0.024524912,0.01570009,0.013152512,-0.024230996933341277,0.020886378543444686
1489,0.7270647,-0.12749504,0.066817716,0.023800021,0.5921675136357756,-0.12302595813761755
1490,0.5298357,-0.090584494,0.02421854,0.009167509,0.44798971061901527,-0.09114616542214585
1491,-0.30871272,0.10736987,0.016137023,0.0114413025,-0.3338176320835372,0.10064790823695814
1492,-0.042924628,-0.023731187,0.016590878,0.013959607,-0.12399663819579652,-0.02421840514952484
1493,-0.010273647,0.26239857,0.007803969,0.009235172,-0.04466264535517032,0.27029167165643986
1494,0.07554307,0.007330357,0.0099135805,0.008724782,0.021106013425677052,0.006967101673307734
1495,0.22009163,-0.10172053,0.023540176,0.016232414,0.08298306235527644,-0.08895534306989698
1496,-0.022940554,0.038694,0.010773328,0.009412684,-0.0718675598149034,0.03935121632204959
1497,-0.05616256,0.074215256,0.0079995915,0.007582229,-0.0861063331174181,0.08036137089675245
1498,0.23310782,0.18074337,0.01688466,0.014412497,0.17307798488511847,0.16220774682007602
1499,-0.054304477,0.93131584,0.0059361807,0.015644621,-0.08667559403223687,0.9228491604253314
1500,-2.5102403e-05,0.10279122,0.012145482,0.011594063,-0.05358107740183561,0.11307123717958452
1501,0.29351217,0.86703545,0.008266824,0.016969366,0.2582847142642318,0.8709832190506409
1502,0.067244664,-0.21419819,0.008524648,0.008689496,0.03755420545765508,-0.2057274984844699
1503,0.15094076,0.23385036,0.008413891,0.010032159,0.12056021558595892,0.23184578725013166
1504,-0.24876691,0.21670708,0.012539703,0.011871117,-0.2798192691173026,0.20503951595329417
1505,-0.2208219,0.43004674,0.008706657,0.011660736,-0.24428644422052206,0.42835980861042927
1506,0.082135096,-0.08008244,0.014486507,0.013293881,0.014550111684359355,-0.08600629797047724
1507,0.06280477,-0.015629232,0.008486469,0.0071944795,0.03228511608918856,-0.011814828297919827
1508,0.020119237,-0.033279218,0.008496753,0.0075091193,-0.007885823983894005,-0.024171801778800864
1509,0.14937118,-0.12165291,0.00970381,0.010349416,0.11402061645306795,-0.1223528074655123
1510,0.018649677,-0.10823597,0.010660814,0.009348905,-0.024667333618976356,-0.0929133815288378
1511,0.09701014,-0.018412024,0.009894694,0.008445537,0.0537512875938755,-0.02125623872054144
1512,0.24175765,0.01972948,0.012324948,0.0069292593,0.2064787688323238,0.021746369117536753
1513,0.19701312,0.11696633,0.017332671,0.012998387,0.12668936456420454,0.11399556217803275
1514,0.2894218,-0.360824,0.012337666,0.014422813,0.250650541654766,-0.35685439276741887
1515,0.41484484,0.15836214,0.021915492,0.012295411,0.3304170296170545,0.15522239573545815
1516,0.23587267,-0.020141087,0.015164229,0.008933715,0.15235442779506145,-0.011966378275536219
1517,-0.2947974,0.15174535,0.01506583,0.011805157,-0.3411161088140557,0.15443572127731395
1518,0.08372902,0.089530416,0.0078117764,0.0072370525,0.05818196943333238,0.10476313392007
1519,0.05434174,0.0038911765,0.011394054,0.009379573,-0.010777259471004174,0.005918534789589888
1520,0.25835204,0.07391183,0.023461226,0.014382518,0.17808993244638588,0.07726541684234003
1521,0.06546289,-0.0012442181,0.011114449,0.009550348,0.005302809468193311,-0.0016080212174309392
1522,0.2699146,0.07641242,0.012377817,0.006910844,0.20929700595760667,0.07050697200604848
1523,-0.074429534,0.14979056,0.01087227,0.010826765,-0.13253155929276778,0.13907065959745984
1524,0.38079304,-0.093243636,0.020793969,0.010584777,0.3355486518815305,-0.09410212799966904
1525,0.566812,0.2799987,0.026062861,0.015975568,0.48952220609637875,0.26904008541395913
1526,-0.11375167,-0.04320044,0.008815139,0.0071422816,-0.14870735247124828,-0.041454598816631764
1527,0.11013791,-0.014354014,0.014017941,0.010719868,0.024327130656316615,-0.020768337470642967
1528,-0.0064256242,-0.072039165,0.008830735,0.0075778356,-0.04089317005925564,-0.07343713851819382
1529,0.6691011,-0.043964375,0.029889429,0.00863035,0.6176757042797063,-0.047528514258592114
1530,0.45858884,-0.7618084,0.012036538,0.02102556,0.4269347266238262,-0.7722893407238388
1531,0.033594746,-0.043999527,0.0088855615,0.008205309,-0.003728745630600345,-0.038895815435726566
1532,0.23552991,-0.6204392,0.0078743445,0.016570034,0.21726933336370535,-0.6286913455797077
1533,0.25928843,-0.07311532,0.019406514,0.011658509,0.15989072462709739,-0.07595796804489215
1534,0.12521335,0.7433152,0.009904373,0.023444055,0.07344890943346262,0.7402431320309013
1535,0.04604883,0.42887068,0.008766689,0.014337107,0.006629354704189674,0.4245025031122406
1536,0.11819461,0.22893882,0.011220431,0.012083968,0.06217557864876516,0.22086101377735337
1537,-0.29894105,0.061880007,0.022322085,0.012242744,-0.3841375302290627,0.054512898257785936
1538,-0.31605512,0.4665528,0.009200634,0.015205969,-0.34400440753513956,0.4676474461699053
1539,0.10490994,-0.0925298,0.011217012,0.009620802,0.04939562984435286,-0.07920712231187964
1540,-0.38468575,-0.56804776,0.010520801,0.012912287,-0.4155005481394577,-0.5582997336484081
1541,-0.09049422,0.6122737,0.007730985,0.015669342,-0.12530657814701796,0.6147201909753154
1542,-0.09825274,-0.08691588,0.011220313,0.008807998,-0.14222179267624013,-0.08401713358132859
1543,-0.02906933,0.0124264425,0.009453849,0.0077735907,-0.06919142174327507,0.012305923671927529
1544,-0.12600413,-0.0703113,0.010207916,0.0071688024,-0.1402285884058148,-0.06263401477714925
1545,-0.38303137,0.10979999,0.015435542,0.008477891,-0.3912568259424644,0.10818386402023246
1546,-0.22392629,0.068261735,0.013053205,0.009087924,-0.25842167155621454,0.060017212367374624
1547,0.25541547,0.72929573,0.007628421,0.014937127,0.24005001271282314,0.7542499636683171
1548,0.6240922,-0.056767397,0.024512999,0.0078111095,0.5730223211457546,-0.05531115557928879
1549,-0.009099159,0.14490253,0.010944435,0.011576265,-0.04831537108146226,0.1443667117688768
1550,0.49738327,-0.20067477,0.02062115,0.011528809,0.4084042439261456,-0.18658942224435354
1551,0.3494239,-0.02691805,0.0136051355,0.006857013,0.3070589255798931,-0.023034060535092903
1552,-0.026598893,-0.052019715,0.00839805,0.0075205304,-0.052243016490414074,-0.04316436033762283
1553,0.094084665,0.15994015,0.008326172,0.00822267,0.0601594083232816,0.15836496642518294
1554,0.038431913,-0.00021559838,0.01009522,0.008474963,-0.0001937317613979445,0.003671250695555191
1555,-0.041398708,0.2908183,0.008843732,0.011253037,-0.07746515241007287,0.27371664282591185
1556,-0.28151786,-0.41297305,0.009717506,0.011540889,-0.30254042521710667,-0.39736750165208523
1557,0.20253351,-0.009590366,0.039326034,0.028289575,-0.007650461279959005,-0.012538481409011148
1558,0.02951857,-0.034660004,0.008754991,0.007732801,-0.001821665603969354,-0.03070979540278141
1559,0.4158035,0.15833247,0.0126598915,0.0068979235,0.39144939784341215,0.1781726039260147
1560,0.012368422,0.0090884445,0.023724597,0.02095413,-0.10936717949891318,0.018048005821267168
1561,0.16745494,-0.037154537,0.011712696,0.008591135,0.1153354904900433,-0.03443593031966891
1562,0.10828111,0.10099359,0.013796685,0.011979804,0.02720134249065975,0.09127216949176585
1563,0.13547312,0.45164075,0.010347382,0.018920343,0.08609463484699974,0.45049018961584314
1564,0.2897545,0.31333262,0.014804754,0.016157432,0.22061154552142015,0.3081828170734634
1565,-0.28151786,-0.41297305,0.009717506,0.011540889,-0.30254042521710667,-0.39736750165208523
1566,-0.07954101,0.12481247,0.008429493,0.009840611,-0.11471773654625086,0.12552941409700516
1567,-0.20081826,-0.1799281,0.013695916,0.011828251,-0.25456313938698766,-0.17394417796649
1568,0.124509186,0.091226675,0.00853245,0.006908432,0.09392442125973212,0.09140707088633944
1569,-0.91895384,0.15915346,0.018288372,0.007103866,-0.9257185786269275,0.1643902845621836
1570,-0.5918455,0.07678691,0.014037336,0.006769802,-0.6055379516303068,0.0751245578124611
1571,-0.40094742,0.17601472,0.018380605,0.012632421,-0.46602443870183735,0.18404890273307511
1572,0.0017249477,0.07403921,0.008678177,0.0077284737,-0.023293510345826607,0.07904569379672056
1573,-0.05441026,0.0057546264,0.009732971,0.008095227,-0.08684985849972351,0.006474559728311062
1574,0.34269524,-0.35652775,0.013851121,0.014621799,0.29105480644300874,-0.3419070432447616
1575,0.1192994,-0.040457174,0.01792522,0.013616718,0.029632023029352555,-0.047755716800116164
1576,0.42967415,0.016541645,0.012539938,0.0063383947,0.4084691579395615,0.011664764457475845
1577,0.3162006,0.011024184,0.0125234565,0.0068046595,0.2701592036857956,0.014418842204082
1578,-0.7179464,0.2080604,0.020964887,0.009185378,-0.7572653035857176,0.2142670245562058
1579,0.022246841,-0.05620394,0.010007885,0.008655918,-0.014292388931326182,-0.05415683416870567
1580,-0.53526235,0.050361894,0.016644577,0.0065465593,-0.5805208353522585,0.050807249985315626
1581,-0.3447163,0.06338251,0.020374957,0.010353134,-0.3825847167832975,0.06752824019628567
1582,0.1681465,0.036572583,0.018928083,0.014169324,0.09672950854409243,0.04633819007221735
1583,-0.21711531,0.3735558,0.008305484,0.01149891,-0.23888668361739218,0.3643003809317397
1584,0.11675277,-0.021388322,0.009306344,0.00726573,0.07763213637121678,-0.015515164740751004
1585,0.03384077,0.03729304,0.008777798,0.007576767,0.001712596983828783,0.039950203338808624
1586,0.15210108,0.07602027,0.011308484,0.00871927,0.10873969791837133,0.07276960190896468
1587,-0.0030621379,0.08121863,0.009607116,0.009094141,-0.04850082418353222,0.08212517278451904
1588,-0.069891736,-0.07577036,0.010473733,0.008752272,-0.10457645253599485,-0.061544139415155054
1589,0.11741893,0.92863333,0.008435049,0.023495594,0.07756559578717881,0.9325228813422076
1590,0.107698426,-0.09110347,0.03179273,0.026272262,-0.03631708762764548,-0.08880109555270459
1591,0.031642903,-0.04360146,0.016758995,0.014730638,-0.044049367714969014,-0.041387135726430706
1592,0.084650345,-0.66526115,0.00973734,0.021037022,0.04930528512840496,-0.6404968458101813
1593,0.09621765,-0.06822149,0.009623646,0.008575462,0.06619290961225786,-0.061928922039052085
1594,0.09103615,0.18186352,0.008433395,0.008302887,0.0580535701327867,0.179282204375244
1595,-0.03860604,0.057923555,0.009737812,0.008856095,-0.08567976235751347,0.05325548261465567
1596,0.02365192,0.013519204,0.009586218,0.008149884,-0.016822014029610786,0.009472446320329809
1597,-0.078272864,-0.49238467,0.007961746,0.014036489,-0.11580982251362275,-0.49272461407525103
1598,0.025681438,-0.08259775,0.009045296,0.0076048826,-0.010460852507759532,-0.0795456742484066
1599,-0.017411854,-0.014616371,0.010444831,0.009021993,-0.05897931383348162,-0.0213851346767854
1600,0.08906153,-0.0049443403,0.008046775,0.0070759994,0.05928547093920355,0.005111327645032185
1601,0.0626128,-0.09563529,0.012065866,0.011250421,0.011277038504903993,-0.086534158707419
1602,0.47357264,-0.4992802,0.021857874,0.026531454,0.4352514835197371,-0.49938595244674017
1603,-0.12703533,-0.012216196,0.011288091,0.007511103,-0.12979275868085358,-0.0014797934229478905
1604,0.084264636,-0.022758983,0.012147955,0.009923879,0.007346286826344937,-0.02263186750249638
1605,0.027631285,-0.0059665823,0.012683787,0.011187499,-0.029062402252069502,-0.009585319027489426
1606,-0.022057865,-0.105791174,0.00955658,0.008402951,-0.061500111765645966,-0.10044312482939108
1607,-0.36115283,0.092672236,0.01143542,0.008736644,-0.37761628218405213,0.09944535430969553
1608,0.015402628,0.08997381,0.014096696,0.012515362,-0.06587647158773495,0.07921061379029624
1609,0.010934319,0.3633818,0.0074994606,0.009669744,-0.009034581188855492,0.35370501787039416
1610,-0.02050573,0.27297086,0.0074274,0.010429984,-0.040950889952856034,0.263430102329666
1611,-0.113623425,0.06467477,0.009769804,0.008646535,-0.12303410212353133,0.04921017152832152
1612,0.036077857,-0.32534707,0.00837748,0.011721525,0.004717331372996983,-0.2796800790108605
1613,0.062394723,0.04263962,0.009481599,0.007668104,0.036068923517382806,0.04413094510230548
1614,-0.053430654,0.53867817,0.0071497643,0.01331118,-0.08107615632612275,0.5312085059224548
1615,0.17581256,-0.057864673,0.00873372,0.008393339,0.14944674295120977,-0.05339616537681432
1616,0.14907186,-0.009768599,0.010297708,0.0077185878,0.10596386197313037,-0.007644640668792684
1617,0.07965926,-0.008854539,0.008419092,0.007003277,0.054369056267574795,-0.004739360289030391
1618,0.023372509,-0.24240878,0.007925202,0.008092377,-0.006012570990003587,-0.23189904525813937
1619,0.1136802,-0.07571976,0.010679095,0.010948512,0.08714739813578389,-0.07144092797631701
1620,-0.4552637,0.047700822,0.01813608,0.007558373,-0.42516474449237085,0.04597813349269487
1621,0.291758,0.16625878,0.013356615,0.009157462,0.23893735996117155,0.15853649082092552
1622,-0.12357037,-0.19218549,0.009797073,0.00842012,-0.15007561856737425,-0.17528187549984994
1623,-0.085573666,-0.27120024,0.008778507,0.009422575,-0.09992597807813766,-0.2588224874411545
1624,0.019050436,-0.19996308,0.01227031,0.013692395,-0.044856174080950134,-0.1975998141094997
1625,0.2518791,0.2084175,0.016995307,0.014678512,0.1881802388601844,0.2012560781319047
1626,0.022393404,-0.016300872,0.009794123,0.007996293,-0.005702958748898201,-0.011234262873480373
1627,-0.34335256,-0.12564853,0.012566779,0.006929307,-0.3632001950487322,-0.12423043412875369
1628,0.1233722,-0.2846232,0.018529119,0.020224936,0.014596324103945988,-0.28326145825715143
1629,0.6406667,-0.041062392,0.019761302,0.0060048946,0.6022111657145394,-0.03923961253906289
1630,-0.6181724,0.023679823,0.017355403,0.007473715,-0.6452319329084333,0.02605404377234121
1631,0.023207322,0.20898278,0.009546545,0.010899317,-0.024513274264115287,0.20597533949887414
1632,0.06067526,-0.03301307,0.009614908,0.008525688,0.02022685528734522,-0.026750741765098264
1633,0.24894233,-0.26422936,0.015428734,0.015864868,0.18267308483826297,-0.2786716754484393
1634,0.06397252,0.18830213,0.008266114,0.008493073,0.03873827157960949,0.18874959045172157
1635,0.035737675,0.02434484,0.008466966,0.007733585,0.003995524672753866,0.022215089959195564
1636,0.029484347,0.02974251,0.011006219,0.009687195,-0.014827417661961903,0.02734159398120652
1637,0.018099956,-0.03239487,0.016355647,0.014348147,-0.06518571206771002,-0.035979338705892414
1638,-0.27067322,0.207515,0.011451448,0.0125655355,-0.290026637477421,0.20269499786400294
1639,-0.06117145,-0.018066257,0.010763069,0.008597667,-0.10905127056697621,-0.019626994622109237
1640,0.13409932,0.5097305,0.010391272,0.020546583,0.0986030286594746,0.5080130348313069
1641,0.047618005,-0.028391559,0.010078107,0.008788338,-0.0012142573331060424,-0.03069262468457667
1642,0.56504667,0.38301873,0.016680803,0.011491234,0.5292859590528617,0.3789143899570051
1643,0.076434076,-0.19251955,0.009993959,0.012678646,0.032108944766233945,-0.18905372115009675
1644,0.099383906,-0.25098336,0.008257483,0.008980722,0.07550644792326769,-0.244472249099202
1645,-0.042016417,0.1583671,0.014291797,0.013172376,-0.12703442816362864,0.14070450229115603
1646,0.025076818,0.04682674,0.0097271865,0.008409761,-0.014384538039155736,0.04303889270575818
1647,-0.06181991,0.01552908,0.012324242,0.010605121,-0.12808477866236773,-0.0005317840909161448
1648,0.107775,0.17337775,0.008313642,0.008315162,0.07236783372385791,0.17873254035734154
1649,-0.0045092073,0.054175094,0.011034162,0.010187774,-0.040057685832306934,0.04454280231248814
1650,-0.00033935858,0.04917662,0.008091237,0.0073143216,-0.019346886422177693,0.03363081173935367
1651,-0.26512423,0.03639237,0.013363201,0.007706374,-0.3045287008385077,0.033464978521528285
1652,0.04366367,-0.060994588,0.009456328,0.007863082,0.01485175731643991,-0.05882506809420188
1653,-0.28847116,0.36567134,0.011850892,0.019091133,-0.2927427991000988,0.3334266412169327
1654,-0.4410618,-0.38178432,0.013472825,0.011589557,-0.470538638792852,-0.37221634072286525
1655,0.024428416,0.07422193,0.008154264,0.007502893,-0.006834269899724842,0.08121746122167542
1656,0.07169403,0.004781983,0.008686921,0.0077510285,0.04107892537865685,0.010854469104120698
1657,0.060594227,0.02107424,0.019246439,0.015810302,-0.03741842094566262,0.01921368690260234
1658,-0.28572708,-0.28001988,0.009891153,0.009159516,-0.30612280291207683,-0.2732717072674906
1659,-0.07232755,-0.5110664,0.009794476,0.015858477,-0.11949015720578748,-0.49832298728239394
1660,0.19929828,0.09445257,0.01701687,0.012277421,0.11825309795711143,0.09231882444236864
1661,-0.078272864,-0.49238467,0.007961746,0.014036489,-0.11580982251362275,-0.49272461407525103
1662,-0.028567545,-0.013704241,0.008636221,0.007157835,-0.05854069950640121,-0.009702773808815124
1663,0.2550291,-0.36071077,0.009510883,0.013630521,0.2243107768432221,-0.34714389418604796
1664,-0.104181245,0.10562588,0.018784191,0.015642889,-0.215538690555302,0.10382576331179041
1665,0.2005362,-0.1475594,0.0099484,0.008475977,0.1710746277945386,-0.12982494196010191
1666,0.31043187,-0.068849675,0.014929135,0.008177874,0.250998869922554,-0.06925343358264718
1667,-0.40300006,-0.34813154,0.012684493,0.010661581,-0.4217096274729445,-0.3300411299715785
1668,0.5076015,0.39673346,0.01424185,0.01113367,0.48818566945703856,0.4008044619937525
1669,0.0035810587,0.007034383,0.008011297,0.0077911457,-0.01691297116570531,0.015856113399091525
1670,0.23610769,0.14706044,0.009348152,0.008431693,0.21082878221491358,0.1552918146136335
1671,0.03061226,-0.023065388,0.012413022,0.01078008,-0.03803911551055985,-0.022460820875654198
1672,0.016962059,-0.002968871,0.008723674,0.007810527,-0.007060128923472985,-0.003971103890766253
1673,-0.108618006,0.12990673,0.008299691,0.008706477,-0.13517189877594374,0.1348822535410455
1674,0.37083888,0.28727102,0.025989337,0.021048103,0.292112066706968,0.30372562972837813
1675,0.16486487,-0.07372632,0.014307662,0.010766669,0.08928361371823157,-0.07309632717778475
1676,-0.0043736943,-0.009682612,0.009165433,0.007614752,-0.04065104639858664,-0.004987288650612534
1677,-0.12069838,-0.10015355,0.009263472,0.0072367964,-0.14979450508708303,-0.09806589829489683
1678,-0.0029009026,-0.20850557,0.009094439,0.00958851,-0.042430849415748144,-0.18680000916407685
1679,0.08916405,0.0597367,0.013364144,0.010715524,0.03876967038652752,0.02314721158734827
1680,-0.21806307,0.22648528,0.01102131,0.018508669,-0.23338510424754252,0.2076645349107447
1681,0.025073033,-0.21824586,0.0082978,0.008730873,-0.0020491805967999587,-0.19998306684189834
1682,0.18156613,0.09536607,0.011213947,0.008590111,0.13958094955941233,0.09291437350425598
1683,-0.046461627,0.19089726,0.0077378456,0.009164548,-0.07995104636010325,0.19463308690759865
1684,-0.5284773,0.5474212,0.017646147,0.02016565,-0.571421026547341,0.5441596635336657
1685,0.055328008,0.15907766,0.0112911565,0.011577836,0.0056225651657275605,0.15696876042881172
1686,-0.33109662,0.21781433,0.013248274,0.011784494,-0.3545864001648362,0.20464253226735862
1687,-0.036240473,0.032645173,0.009637814,0.008540343,-0.06049839530631197,0.03597548841261328
1688,0.26978767,0.024999656,0.01138309,0.0065849326,0.24586798541231755,0.025854718473431917
1689,0.07984518,0.066793695,0.012523103,0.010392907,0.012029489553635394,0.04956437980414931
1690,-0.042514373,0.002680271,0.008827545,0.0074015306,-0.08433249275960131,0.005783107666924397
1691,-0.901562,-0.023937099,0.017715836,0.0053343456,-0.9351087681058181,-0.012175050838119601
1692,0.022750687,-0.0035515437,0.010450139,0.009297335,-0.027862811162540156,-0.001649633621562197
1693,0.6515739,-0.22162324,0.019711861,0.008226892,0.5923615647608058,-0.21458217772024601
1694,0.08162552,-0.005340182,0.019422881,0.01561398,-0.01974641701841667,-0.01302486101843284
1695,-0.19616504,0.24559167,0.011483622,0.0125959655,-0.22547247484256766,0.2383434551408312
1696,0.25599894,-0.20153041,0.009872031,0.009524137,0.23057289646648393,-0.19917353063960225
1697,0.107575506,-0.02272962,0.009893159,0.00818947,0.06452765323826898,-0.019512192364119357
1698,0.30932117,0.15567815,0.011364353,0.0075561344,0.2705514841100857,0.15681666087306398
1699,0.052850276,-0.061404027,0.010903754,0.009556656,-0.011374724882798086,-0.054964791117038204
1700,0.07424116,0.054776877,0.013255449,0.011175086,-0.004344356682137504,0.05218680746316856
1701,0.09315943,0.27702755,0.02197007,0.023955455,-0.044704838227282655,0.29077836238482363
1702,0.20482408,0.40183634,0.012375461,0.019524889,0.1659913338617812,0.4121183099892404
1703,0.6112341,-0.21242902,0.015827296,0.0068623773,0.5782361228195935,-0.2096174219711118
1704,0.10314048,0.014381788,0.009898473,0.0077055846,0.0593655122160607,0.015203151310264614
1705,0.26943523,0.28905267,0.022103943,0.021826379,0.15546107833529033,0.2796744013719082
1706,0.19012086,-0.27109826,0.009283314,0.009874665,0.16671788561570258,-0.26681947644636494
1707,0.40120652,-0.5130844,0.015102936,0.020169206,0.3413734001201244,-0.490030862822757
1708,-0.580153,-0.38163882,0.016932014,0.013687459,-0.5891491477127622,-0.3653176942480908
1709,0.10390877,-0.018023036,0.009254259,0.0070236954,0.0701068877495094,-0.016417480349157965
1710,0.5456983,0.019912671,0.020687247,0.006558543,0.4817348581334209,0.026114379661010902
1711,0.12660773,0.15315294,0.010084361,0.0087446235,0.08234135902160249,0.15306966251834428
1712,0.04789745,-0.072992206,0.008334095,0.0075727333,0.020933962761143343,-0.06381223862879724
1713,0.6426835,-0.05847083,0.047910083,0.01543554,0.5243106632035842,-0.05866506986785602
1714,0.24175765,0.01972948,0.012324948,0.0069292593,0.2064787688323238,0.021746369117536753
1715,-0.11154597,-0.3134154,0.009904491,0.011838874,-0.1512901429383171,-0.30159379135731096
1716,0.05361751,-0.115597315,0.009151966,0.008722626,0.019377301598645875,-0.11101812348093469
1717,-0.386063,0.28512597,0.014324233,0.012939974,-0.40571953616778594,0.2751725437326995
1718,0.08143461,-0.11237228,0.009028638,0.008821572,0.0434296208964693,-0.10746913570406261
1719,-0.3871206,-0.04980567,0.012705091,0.006045708,-0.40265335049172496,-0.04453655658489062
1720,-0.014377421,0.088078566,0.019561654,0.017344546,-0.09039335420815472,0.09580636996436426
1721,0.21239372,-0.016742654,0.02349267,0.014764387,0.10986138645126638,-0.028887013537725967
1722,0.07040456,0.015587269,0.008189736,0.0074552945,0.04281248787263762,0.020808169984417726
1723,0.043796856,-0.005632923,0.015243364,0.012945026,-0.02722549568100183,-0.001300068599994909
1724,-0.21022107,0.26932132,0.0097372215,0.011126849,-0.23749597450903706,0.2674726525444332
1725,0.0031790216,0.054913916,0.008358922,0.007612308,-0.03042728068382502,0.06278998842893664
1726,0.07491242,-0.004523539,0.0085215755,0.007331798,0.049233736907098306,-0.0003713859546546021
1727,0.07387756,0.3608935,0.008682313,0.011953133,0.03609002929916795,0.3524413973591777
1728,-0.13419503,-0.11769844,0.0116658015,0.009151288,-0.17012337448847,-0.11086454745286684
1729,0.0036496823,0.050085343,0.008881545,0.00789092,-0.028679313759961324,0.05771374260335478
1730,0.039532818,-0.036698043,0.008385046,0.0071380273,0.009897282285885349,-0.02944080716151698
1731,0.15255705,-0.67416656,0.007830345,0.02068973,0.11873147714250247,-0.6691475838632538
1732,-0.03777388,0.2725703,0.010539675,0.013428394,-0.08274278675572094,0.23497080273610138
1733,-0.15480365,-0.23887497,0.029192556,0.02680792,-0.27234741147834785,-0.2310014761068896
1734,0.09147693,-0.45870668,0.0076708915,0.015463884,0.05720726666138623,-0.3944264825257027
1735,0.124329425,0.032577917,0.009739464,0.007408886,0.09085271397343897,0.035493372689364824
1736,0.2782602,0.0087038865,0.009574645,0.0073094014,0.24781500088950906,0.014454361680317112
1737,0.0021776068,-0.025205389,0.012921648,0.011604684,-0.06972322081170687,-0.021138860413190602
1738,-0.015485752,0.09376565,0.008596274,0.0073896702,-0.05076745070190767,0.09104657194453492
1739,-0.058452643,0.3712498,0.008337878,0.012835484,-0.10248124873494317,0.36659827484608387
1740,0.0749596,-0.24747789,0.00967831,0.013066649,0.03597520914339887,-0.2385032045675606
1741,0.1313205,-0.04734678,0.011207817,0.00885149,0.07908226064548245,-0.044664715427221564
1742,-0.5465222,0.14002044,0.018098852,0.008782213,-0.5697086377901504,0.1335197802301216
1743,0.02415866,0.017437585,0.009913698,0.008807494,-0.015565149570359508,0.019573256631407576
1744,0.8271314,-0.17125493,0.018867487,0.0057065412,0.8199747049057047,-0.16951808238959704
1745,0.25972965,-0.35419697,0.02495156,0.026726922,0.1365467975007127,-0.3535444493745532
1746,0.64957476,-0.18085212,0.021192847,0.007968933,0.6043874663037366,-0.1840800195182999
1747,0.03112387,0.26059997,0.008496397,0.010316774,-0.008735446405048905,0.26408404659198675
1748,0.053312894,-0.03948641,0.022342369,0.018908001,-0.05484564582222053,-0.049285700827317584
1749,0.10529109,-0.35932338,0.08858653,0.09192022,-0.30530341975011,-0.33572241757342597
1750,0.032782912,-0.08508651,0.008381499,0.007916684,-0.002346490704369112,-0.08225871455498829
1751,0.09136957,-0.1604509,0.007925675,0.008283853,0.06445486804290328,-0.15852301319775813
1752,0.13076475,0.7085677,0.0068333345,0.014872444,0.10490512486576567,0.712728644871734
1753,0.422381,0.38557667,0.018754475,0.016962387,0.3478926589169739,0.38724363043648197
1754,0.047189716,-0.14318348,0.007861334,0.007872453,0.01838714878697354,-0.13405574825691202
1755,0.49054864,-0.36845797,0.011951491,0.010751933,0.4749728979207431,-0.3653394438767956
1756,0.045720637,0.03485939,0.011783857,0.009709363,-0.01867454625388483,0.021338351578202967
1757,0.056406654,-0.0050348723,0.007973218,0.007039756,0.026593488217106647,0.0017636670772514036
1758,0.06579049,0.034307018,0.0135462135,0.011356802,0.0006785358757716,0.029101319578543373
1759,0.12398651,0.032181613,0.009307407,0.009712027,0.09783269952710182,0.03601821413610305
1760,0.020279493,0.0016619777,0.009361262,0.0076034237,-0.005145169828775584,0.004284880843081871
1761,0.13631275,0.32278064,0.008016147,0.010619819,0.10659927970657228,0.32305807635862127
1762,-0.059290856,-0.3080824,0.007680354,0.008889802,-0.08264022076885169,-0.27842066016124895
1763,0.5279263,-0.33461866,0.016107814,0.01211972,0.5192319105364589,-0.34569425065963666
1764,0.1603419,0.065698065,0.028683338,0.021388466,0.021709977510969043,0.07041572601313839
1765,0.072808266,-0.0042377794,0.008351117,0.007122299,0.042320457308229455,-0.00045825681108252947
1766,-0.049172945,0.08287639,0.009100347,0.008174052,-0.08474527221118285,0.085252223142919
1767,0.08912817,-0.01053466,0.009969173,0.008339712,0.041072391362482655,-0.01107962245393739
1768,0.7850574,-0.4930855,0.053246155,0.037596367,0.673483369632818,-0.5061951194903007
1769,0.12032077,-0.2993175,0.008825065,0.0091308635,0.09566353718731511,-0.28475746745688957
1770,0.09512786,-0.035779297,0.009737575,0.0082041435,0.05039804403827434,-0.03660551368624635
1771,-0.4747957,0.0020036316,0.019978667,0.0077985814,-0.5283428582599284,0.000532315094125677
1772,0.021565719,-0.059120104,0.016236605,0.014711232,-0.0500694260920044,-0.06315962369992073
1773,0.436649,-0.24905705,0.022405783,0.015788188,0.3897930257136791,-0.2569589627551345
1774,-0.39617842,-0.27600938,0.014081066,0.013059435,-0.3840732290531949,-0.277579436494686
1775,0.17672835,0.10281265,0.009332682,0.0071002995,0.14952188048938694,0.10837493336298162
1776,0.07840647,0.011741458,0.009139919,0.0071460204,0.0479887818882173,0.017931690179448935
1777,0.042464837,-0.00066026393,0.009011626,0.008152273,-0.0001275233123617182,0.0016363531009669554
1778,0.11281859,-0.09699792,0.009395511,0.0085061835,0.06907599846018997,-0.08873534426181195
1779,-0.03396112,0.00091466215,0.011589565,0.009685248,-0.1026003400076382,0.00300380796155739
1780,0.22989096,-0.20642985,0.031071303,0.02597772,0.0897681724328906,-0.16907772693231798
1781,0.063977964,-0.006148995,0.011415268,0.00975424,0.015975282595966648,0.005019092950321323
1782,0.0006391085,-0.099389315,0.008750028,0.008027111,-0.03450752861568588,-0.09531812993762774
1783,0.054246172,0.06742568,0.009163071,0.0075436146,0.030976303345281613,0.06821360832084125
1784,-0.23194428,-0.19642681,0.010615285,0.008375254,-0.2634759452955594,-0.18961622558822874
1785,-0.28737974,-0.17613053,0.020205338,0.014627141,-0.33502843649165176,-0.1701605592749378
1786,0.063912034,-0.10373197,0.008372043,0.008078999,0.03848795942675428,-0.09493860339050623
1787,0.08018751,-0.23161641,0.009201342,0.011969955,0.045402995400002304,-0.22412599477853332
1788,0.26178068,0.50393945,0.010875689,0.018043756,0.2187337595628508,0.49798629695344426
1789,0.31903696,0.14540234,0.024351995,0.015633259,0.216484805581105,0.1484116503521416
1790,-0.12330921,-0.089770116,0.008835817,0.00792453,-0.14211094250475273,-0.07618567720317602
1791,-0.0032298448,0.0019580713,0.007873635,0.006967991,-0.03315775040259739,0.007279806635810493
1792,-0.0126671605,0.076750405,0.010488244,0.009576213,-0.08319759291959773,0.07249854925338528
1793,-0.021762948,0.08244799,0.008587765,0.007823632,-0.04532288545709813,0.08435028448198008
1794,0.5728563,0.6528183,0.026690535,0.0342275,0.49460024746006576,0.6638991455064958
1795,0.21855696,0.093484044,0.013015197,0.008945302,0.13805346591202627,0.0706044106762242
1796,0.04400719,0.03953906,0.008558689,0.007675146,0.009724356410942108,0.03546310479144531
1797,0.2115276,-0.19374026,0.012094839,0.014069811,0.16437926063080424,-0.18148080544224915
1798,0.06531594,-0.013228745,0.011708572,0.009732307,0.012928271598012407,0.003821775910972158
1799,-0.004973626,-0.084552415,0.010138411,0.008772215,-0.03725657641825523,-0.07589869557678713
1800,-0.3855086,-0.071869485,0.012126991,0.0065589785,-0.4048802804177624,-0.06258658175290562
1801,0.34668863,-0.041242607,0.029339703,0.015163716,0.18782409247243506,-0.036910706642454515
1802,0.09092061,0.15420613,0.009377441,0.009099739,0.053169162323715644,0.15557621447788691
1803,0.47893745,-0.202481,0.03603098,0.019646604,0.3197345288573093,-0.17267528738745017
1804,0.58679855,-0.3109664,0.016396224,0.010744515,0.528832205721707,-0.2923227263308383
1805,0.18324712,0.22219819,0.017794417,0.017310133,0.08522601126834356,0.21623199491784295
1806,-0.68084776,0.13572028,0.020042822,0.008213415,-0.6903618491031058,0.13517285495671433
1807,0.037182752,0.014166883,0.008330784,0.0072844196,0.0011431148717594467,0.01986215033033991
1808,0.05852045,-0.0036248202,0.014036395,0.012124867,0.0030476326748011427,-0.005996736204822652
1809,0.6458059,-0.28025478,0.04478277,0.02360771,0.500883317446167,-0.27025855221643097
1810,0.32155994,-0.09306293,0.041046392,0.025168303,0.1586512447196437,-0.08112137550951902
1811,0.3912351,0.079917386,0.014165338,0.00663943,0.35505188862935655,0.0808067136350748
1812,0.17371951,0.07187104,0.010550764,0.007448122,0.14298096686294026,0.0749480248044739
1813,-0.093680404,0.29257077,0.020942822,0.025104064,-0.18464860741969374,0.3118752922321351
1814,-0.01057085,-0.012458109,0.010323313,0.008715207,-0.0635794844218292,-0.012220964427447658
1815,0.27421114,0.041157305,0.012429622,0.006844806,0.2419484892585696,0.03736366725280269
1816,0.038358226,0.047154143,0.010668716,0.0090276925,-0.012494149809586746,0.04686345077899821
1817,0.028284013,-0.049216617,0.008681132,0.007473589,-0.014582011403734099,-0.04751695974237078
1818,0.060353942,0.36121005,0.0074965027,0.009357134,0.02467396092290805,0.3623489964475044
1819,-0.22669579,0.021027327,0.012443515,0.007756714,-0.2549375362263397,0.02048050117062486
1820,-0.6131662,-0.28151637,0.024152447,0.012710231,-0.6602216550372453,-0.2742174098265887
1821,0.026775572,0.06662904,0.017402846,0.01589566,-0.046318673899389956,0.07327652798739438
1822,-0.04711828,-0.0692011,0.010839013,0.008930893,-0.09755710705484799,-0.06213070540675519
1823,0.13147558,-0.23626037,0.025327168,0.02265378,-0.014120035809606059,-0.21859700329312134
1824,0.16534998,-0.09569884,0.02782785,0.021365087,0.04738794017695049,-0.08881750603053971
1825,-0.024923254,0.030825377,0.009511238,0.007926842,-0.06582440992670771,0.03289978232885922
1826,0.063098215,-0.0005545253,0.009332209,0.008196659,0.023244147359525416,0.004544346942471908
1827,0.37858373,-0.14840496,0.016324686,0.009227406,0.3128909580917064,-0.13490964345919082
1828,0.07204789,0.027353816,0.01649977,0.013876447,0.001483319037871545,0.030741699476008574
1829,0.028757403,0.012337915,0.010825099,0.00903508,-0.020971054697653115,0.009316646729972306
1830,0.055342957,0.31548923,0.010652321,0.0150339985,0.0029337701499028484,0.32639842600634145
1831,-0.4168564,-0.0190968,0.024785278,0.012944665,-0.4487385296888539,-0.0064207241549140495
1832,0.15274009,0.038201563,0.008555025,0.006682722,0.12754450334870363,0.043196079628351515
1833,-0.24464814,-0.11444628,0.011911442,0.0075317905,-0.2955105084709234,-0.11526600012108812
1834,0.0043756836,0.53320086,0.008036133,0.013630626,-0.03461542295844344,0.512797416195802
1835,0.06671529,0.016674675,0.0087985955,0.007374558,0.034926401133731313,0.029212128291449063
1836,0.03464141,0.14270955,0.0111497,0.010768953,-0.014385450389459379,0.14558496268740467
1837,0.052821435,-0.03474579,0.010734764,0.009653403,0.02146416934617558,-0.01659560870982029
1838,0.07300456,-0.044449843,0.010952689,0.009500297,0.027918427623724193,-0.033970708594081266
1839,0.19857992,0.028931811,0.045845043,0.033860672,-0.0421598386743871,0.028455011508326012
1840,-0.43808934,-0.08643889,0.023132564,0.010116343,-0.4701286299450875,-0.08483753672882183
1841,0.15671062,-0.121572696,0.012158791,0.01182412,0.1048150207315145,-0.13257087396788925
1842,0.015255785,-0.007897393,0.008438478,0.007465431,-0.00988426156319971,-0.007991610383717504
1843,0.48667097,-0.2694775,0.030826392,0.01965725,0.38127249389420265,-0.2726642369848844
1844,-0.010120543,-0.15707035,0.009563193,0.009177784,-0.054956323388595046,-0.14971486712861917
1845,0.012816951,0.075525366,0.007884989,0.007242749,-0.012875410298519381,0.07830642178878452
1846,-0.1863382,0.09129791,0.01563132,0.013502095,-0.24502078034776076,0.0978167675520099
1847,0.099292845,0.0045682853,0.009245281,0.0075917295,0.05697443790060541,0.006927804850321715
1848,0.057141628,-0.38352293,0.013328619,0.017756144,-0.03305796706996736,-0.37589566729310575
1849,0.042796496,0.002970717,0.01251545,0.010484665,-0.012722190021692127,0.0018824151377102266
1850,0.13688934,0.20688973,0.0094322385,0.009923051,0.09118101588586358,0.19803122344468507
1851,0.082623646,0.059133314,0.008523229,0.0077182855,0.06225071312951298,0.06742161051100831
1852,-0.0411201,0.27729863,0.008152252,0.011208665,-0.06333989508565284,0.26721245753336803
1853,0.12984416,0.013076446,0.016393177,0.0121981,0.06430834742062562,0.007242961350014095
1854,0.6071741,-0.14067122,0.024490548,0.009103104,0.5414496355720476,-0.14088765750907878
1855,-0.012665484,-0.034511596,0.008716821,0.007327569,-0.04318204384427199,-0.028826976302248637
1856,0.056642305,-0.0030846233,0.010069138,0.008434372,0.01206764158114019,-0.0019092824546858807
1857,-0.17756036,-0.20073974,0.010665296,0.009659418,-0.1958582400810493,-0.17846462297010648
1858,-0.20169248,0.59325695,0.0074479897,0.014983959,-0.22171525741243855,0.5845312849273442
1859,-0.23276915,0.070678584,0.014002895,0.0096584875,-0.26852556115256304,0.07217370728774747
1860,0.3530991,-0.22653201,0.013044967,0.00967069,0.3084802532238916,-0.2204721622593251
1861,0.49115553,-0.30976263,0.014547133,0.010921986,0.4592903149489932,-0.30703035459287037
1862,-0.01751329,-0.3726903,0.010520801,0.011148102,-0.06362103814948789,-0.3508903414627043
1863,0.091581024,-0.014183716,0.0159756,0.012602852,-0.006733371706549275,-0.01753277136008189
1864,-0.06845189,-0.45397422,0.01248649,0.019591384,-0.12286674748433474,-0.442545905553296
1865,0.08967511,-0.22566316,0.0086918855,0.009912792,0.04873916312948884,-0.21471911205668248
1866,0.09010729,-0.0015678117,0.014511768,0.011608621,-0.001975346790708821,0.0003087129381030203
1867,0.41484484,0.15836214,0.021915492,0.012295411,0.3304170296170545,0.15522239573545815
1868,0.09204314,0.024086691,0.0118225,0.009304498,0.02643076179690168,0.02060624960840836
1869,0.61307544,-0.005661019,0.019413294,0.0055922125,0.5611773490739212,-0.005769543436608691
1870,0.22816212,0.009315162,0.014097284,0.007642832,0.16832232890140134,0.011685911881386362
1871,-0.16650689,-0.13465327,0.010007178,0.007940984,-0.2044201544171546,-0.13234042018333456
1872,-0.05845929,-0.07514968,0.009177246,0.0075836787,-0.09501113616947095,-0.06920443025435058
1873,-0.20195413,-0.042379044,0.011166792,0.0070567774,-0.2274494864739148,-0.03744778330305902
1874,-0.1863382,0.09129791,0.01563132,0.013502095,-0.24502078034776076,0.0978167675520099
1875,-0.041861527,-0.07005235,0.008891587,0.007274,-0.07179378738649839,-0.06726644458466548
1876,0.17375505,-0.2902683,0.009330674,0.011626505,0.12749787956972608,-0.27479114750579625
1877,0.54962885,-0.06440437,0.019117916,0.006465986,0.5371097122928147,-0.06037581341753829
1878,0.1215,-0.038454525,0.013400725,0.010428655,0.04292048941069181,-0.03604511236989524
1879,0.006851614,-0.031745434,0.009332682,0.00769019,-0.03368881004349102,-0.03129676789448498
1880,0.15668829,-0.06046828,0.01868334,0.013718496,0.0751742835529175,-0.05353723825351461
1881,0.6265985,-0.33427772,0.016839532,0.009482392,0.5837840364323261,-0.33644400508701283
1882,0.21999867,-0.62961435,0.013968804,0.0258127,0.1432506162130298,-0.6383982363226767
1883,-0.24936374,0.056078583,0.013044732,0.008968311,-0.2819142084549492,0.05701632819196192
1884,-0.07147149,0.036554556,0.015645638,0.012963649,-0.1229224543887584,0.03155031040442057
1885,0.13516065,0.014021157,0.011986714,0.008479763,0.06920097667706136,0.01369165460047732
1886,0.08642623,0.057598174,0.008367314,0.007738889,0.06244667667225564,0.059216191806859664
1887,0.14539744,-0.062272742,0.011306596,0.009012787,0.09707087432263171,-0.055980197441357966
1888,-0.2914276,-0.06603525,0.01567744,0.0077721826,-0.33846998224836966,-0.07036458676802573
1889,0.09204314,0.024086691,0.0118225,0.009304498,0.02643076179690168,0.02060624960840836
1890,0.051001593,-0.01907643,0.0093779145,0.0082576955,0.010496071244952818,-0.010045375614030698
1891,0.041214272,-0.1235759,0.009018241,0.009522741,0.0020625348100422186,-0.1226196411419393
1892,0.18163215,-0.033637308,0.009077311,0.00717877,0.16439080724553437,-0.025906684003737048
1893,-0.093692735,-0.20948498,0.010271987,0.0108307395,-0.12210863681595417,-0.1973275966085157
1894,0.05574933,0.0205504,0.008535995,0.0072168745,0.0327442461726486,0.027542614669348677
1895,0.03484434,0.02806405,0.011799173,0.009942942,-0.03564807871819412,0.025421022876333698
1896,0.19025101,0.18945652,0.00855266,0.007918937,0.16262472730617153,0.19684601843496
1897,0.34888202,-0.056617692,0.031950355,0.01707143,0.17862839438748934,-0.05703020779877479
1898,0.14485352,-0.21423458,0.00836554,0.0096426355,0.10930378286110012,-0.20205024820899078
1899,0.7809242,0.5840949,0.01924141,0.016230768,0.7636173346603331,0.5885909695253347
1900,0.6675841,0.5856348,0.017325992,0.015192622,0.6441130975909879,0.5941813470836758
1901,0.035324097,-0.07136493,0.008144686,0.007575708,0.015387128685515252,-0.06270305401551286
1902,-0.526661,-0.57518584,0.01734064,0.022655541,-0.55721288047371,-0.5633444677149673
1903,0.17046806,0.015254094,0.03310119,0.024546452,0.022525517219002634,0.03407237555572164
1904,0.08107422,0.019809246,0.008381617,0.0069939042,0.044028406310590344,0.024421970478967124
1905,0.160823,0.124512225,0.011717055,0.009610299,0.10503112010420246,0.12227510256864942
1906,-0.55949163,-0.33836243,0.017507227,0.0098895235,-0.5686108826741558,-0.31973655183761696
1907,0.12457081,-0.012638302,0.008916399,0.0070814174,0.09462705934108794,-0.006877118156000787
1908,-0.6384795,-0.43813717,0.035863884,0.02715397,-0.7144427521903588,-0.43760823273379607
1909,0.41358605,-0.16844758,0.019875484,0.01087637,0.34975624970403235,-0.160776325875571
1910,-0.3380109,-0.7057744,0.009163071,0.015950156,-0.36551103442262517,-0.682782503914072
1911,0.26466548,-0.37113616,0.010903635,0.013644241,0.2366679575351737,-0.3685953269916931
1912,-0.06234835,0.49054027,0.0071598254,0.011771699,-0.08089794882187147,0.4810170834315818
1913,-0.26074976,0.29083788,0.010257356,0.016744267,-0.2661387487468617,0.279018175949125
1914,-0.33501685,0.4672442,0.012372518,0.02435039,-0.4210784372056419,0.5426390249377785
1915,0.038122937,0.009748421,0.009681498,0.00839131,-0.010197162734645136,0.011619857856396467
1916,-0.46570933,-0.15677412,0.019013705,0.008767012,-0.5027737415895845,-0.156324572023677
1917,0.124492265,-0.10780473,0.011838405,0.01228059,0.08056639147060378,-0.10464443835696496
1918,-0.45214102,-0.71572715,0.009597907,0.014432958,-0.4776830615442657,-0.6941101521600945
1919,0.6290534,0.3292435,0.027404927,0.017770378,0.540382230492181,0.31838172906483897
1920,-0.18275912,0.23144712,0.009876752,0.01348882,-0.19863225759383257,0.2216233317758672
1921,0.3912915,-0.4054811,0.0127429925,0.013725164,0.3887308719672854,-0.4387633759505477
1922,0.14357685,-0.0753999,0.010774861,0.0092632985,0.09418897902986205,-0.0670747504492665
1923,0.017807825,-0.028562598,0.01103251,0.009545833,-0.032966054076312555,-0.030611795404449072
1924,0.016962625,0.011339924,0.007949211,0.007126573,-0.012690712202130696,0.021027340964616715
1925,0.8621604,0.40584636,0.023546,0.012568821,0.8491178574557743,0.4150687134781135
1926,-0.006531689,0.53680813,0.029877052,0.038708378,-0.1378690053210587,0.44761201432319087
1927,0.17911914,0.0785583,0.08197318,0.07691576,-0.30968724515535745,0.2823459811607479
1928,-0.021351673,0.08607503,0.008232299,0.007611446,-0.042773231242726015,0.08824621301718705
1929,-0.050165012,-0.11160157,0.010633568,0.009015432,-0.09079621337767611,-0.11495322999313333
1930,-0.08978179,0.4991126,0.008624165,0.017431637,-0.12308987264465002,0.47970169865769485
1931,0.05118475,0.012360676,0.009569569,0.008488358,0.006007120285499529,0.008445078894912462
1932,-0.061982535,-0.18200904,0.00835029,0.007954938,-0.08251000128890462,-0.1678696482111321
1933,0.0977319,-0.13190615,0.010544748,0.011166395,0.04507888271533314,-0.1322741854998436
1934,-0.13658743,0.38799718,0.007942706,0.014955048,-0.144440896205838,0.3636718146054211
1935,0.17019014,-0.05206842,0.0125191,0.00933568,0.13828083063120739,-0.05628265588849197
1936,-0.45616442,-0.18101913,0.018147433,0.008697683,-0.4811005409246133,-0.1742981887481953
1937,0.08740017,-0.13619721,0.013894622,0.012773696,-0.010072674394798711,-0.13202853422267735
1938,-0.34600818,-0.76472694,0.021582702,0.03874238,-0.41534037021292286,-0.7184856437421686
1939,-0.39028484,-0.046395216,0.04677378,0.026049012,-0.4852961486232832,-0.023869591564373197
1940,0.05419034,-0.0034590373,0.009001348,0.0072354153,0.02616702373657027,0.0032608028559070854
1941,0.19386397,-0.64155805,0.008023005,0.016901411,0.15437624633316982,-0.6359832901965867
1942,0.10165562,-0.24989721,0.012408549,0.015338214,0.041170736932058825,-0.2419831824120467
1943,0.03280305,-0.039501823,0.013446361,0.011881112,-0.050914999832563625,-0.04946286984731433
1944,0.044439368,0.07385719,0.010832647,0.0094848955,-0.008721994534764299,0.0801201828619954
1945,0.22436082,0.42077667,0.009936125,0.013927104,0.19784884367089842,0.42271474493099287
1946,0.18971144,-0.4411344,0.01036685,0.017896267,0.1410961112296462,-0.4109610144360289
1947,0.20496857,0.12372427,0.016477609,0.012476517,0.1387236510679639,0.11320039326846507
1948,0.026310496,0.0016651219,0.010079169,0.009138317,-0.013686833784854862,0.0033981653690716954
1949,0.023548676,0.055579446,0.010128381,0.008497094,-0.012073245624325346,0.05220016384239036
1950,-0.36967385,-0.022258647,0.016290324,0.007075772,-0.3937064493136179,-0.022831118921208187
1951,0.46551734,0.5662209,0.015438124,0.01993292,0.43672781969104807,0.5839786634155719
1952,0.14309995,0.042425014,0.010750685,0.007916658,0.09873341097106682,0.04244019413443089
1953,0.6109511,0.120358326,0.045894913,0.0188579,0.4930641384938889,0.12649824256231837
1954,-0.28052998,-0.26706454,0.014979046,0.0130871255,-0.3084751789798489,-0.26147925073378725
1955,0.011557717,0.18223345,0.009447355,0.010055485,-0.02805512707737392,0.1703631762050589
1956,-0.4171133,-0.14042985,0.021087216,0.010124025,-0.4705284417304448,-0.13846358065213693
1957,-0.016889589,0.10145392,0.008898559,0.008199569,-0.04644275660247525,0.11012951456277127
1958,0.5918879,0.14874081,0.018911121,0.007638369,0.5615974447955799,0.15230058707263744
1959,0.10477101,0.029507495,0.009987113,0.0076868054,0.07387304450300711,0.033396228923798704
1960,0.018110879,-0.0055647576,0.008793986,0.007516834,-0.0137092253574292,-0.0038169135325917102
1961,0.21020834,-0.025073826,0.011217012,0.007202063,0.15055760005021745,-0.01752782891443469
1962,0.31077242,0.833182,0.010182308,0.022202447,0.2693615804272029,0.8545103302832907
1963,0.1852383,-0.21751355,0.010141007,0.012268616,0.14579172092106132,-0.2154949517711146
1964,0.012567025,0.07623167,0.009106016,0.008539166,-0.024887235265968352,0.07796507094688167
1965,-0.028567545,-0.013704241,0.008636221,0.007157835,-0.05854069950640121,-0.009702773808815124
1966,0.32402793,-0.04018303,0.014239499,0.0070231436,0.29546613709249514,-0.034499222933225694
1967,0.16141771,0.09554007,0.013711673,0.01081457,0.09032579653361487,0.09070778051749655
1968,0.31255275,-0.33504122,0.039918415,0.039315786,0.11906023536135146,-0.3360705896539656
1969,-0.31574154,-0.24149665,0.012926824,0.009261161,-0.3533830681963746,-0.2346303099083186
1970,0.12162856,-0.09963745,0.00886642,0.009527658,0.08884161389600331,-0.09559347634860062
1971,0.54186773,-0.09823038,0.013365319,0.0063150814,0.5180560577848006,-0.0900739446960473
1972,0.00404352,0.0885334,0.00809112,0.007452801,-0.022390284808542483,0.10019135986980203
1973,0.08772758,0.07920924,0.019843344,0.016375767,-0.00812497804551148,0.09240565656642327
1974,-0.17335089,-0.000524641,0.01173131,0.007436496,-0.20192488437335682,0.004548061753955597
1975,-0.3535965,-0.42812288,0.02419143,0.028409185,-0.3934576879458791,-0.37551064155136155
1976,0.30635995,0.011669978,0.014123496,0.0071572033,0.2637958255934967,-0.0017703249498187464
1977,0.18546802,-0.00015840773,0.015734125,0.01020613,0.13854103134795429,-0.0037350835126126265
1978,-0.101303406,-0.41132757,0.008665295,0.013214617,-0.12516627008057263,-0.3753574816040118
1979,-0.08728252,0.20044148,0.008601238,0.009571042,-0.11283253070262317,0.20377155909025096
1980,0.13639273,-0.5584585,0.0071260915,0.010414401,0.11400093037462729,-0.5439973411449797
1981,0.0102801975,0.28320977,0.00844758,0.010952768,-0.021997948065878188,0.26776791356084917
1982,0.07816025,-0.002551281,0.01596821,0.012597771,0.010428767398747232,0.0009005524014595116
1983,-0.06672015,0.014488368,0.008315769,0.008063155,-0.08702518418896792,0.025695180617756913
1984,-0.12551092,-0.085897945,0.008911793,0.00711212,-0.1538010217024404,-0.07661708482101542
1985,0.14386517,-0.017533224,0.01869972,0.013373126,0.06844037102463779,-0.02183051007898737
1986,-0.39758906,0.24350792,0.01590028,0.015682248,-0.42126319653154826,0.2425363305566354
1987,0.05892543,0.015616938,0.008706185,0.0071288645,0.03209992795311809,0.020642779591566796
1988,0.019870915,-0.0871226,0.009390433,0.008193815,-0.014142066708204445,-0.08378178569856629
1989,-0.14241317,0.06629177,0.012607508,0.010980627,-0.19159953353258288,0.06338040256583374
1990,0.101091534,-0.133522,0.013654642,0.012395143,0.02012241283550228,-0.12663710351618887
1991,-0.27357912,-0.14002132,0.010550291,0.0073099714,-0.2983297240943501,-0.12787763586272796
1992,-0.06021759,0.18621612,0.014246435,0.014981368,-0.11650853810742524,0.15900927881118485
1993,0.38079244,0.32025898,0.012652947,0.011113348,0.3437208390814177,0.31655293292989595
1994,0.13446374,-0.19856077,0.0086985035,0.009911903,0.0974898117829703,-0.18275505692158814
1995,0.012481466,-0.038491182,0.008002666,0.0072392556,-0.013573700950495184,-0.03256271707928964
1996,-0.21296208,0.22285804,0.011238821,0.014250804,-0.24230645706821988,0.22071573236908237
1997,-0.58883905,0.045326754,0.052232552,0.019997722,-0.7044982323934675,0.0373638968951066
1998,-0.2928905,-0.36053133,0.010094158,0.013045783,-0.31251026402400833,-0.35128314170907154
1999,0.22416647,0.35107863,0.0091447625,0.011879949,0.19131516643791982,0.34592086762814206
2000,-0.14771359,0.055666916,0.010376287,0.008673292,-0.1763917498139988,0.056095365464639294
2001,0.04151614,-0.53868926,0.016541984,0.024592198,-0.08052647910350162,-0.5092101755766326
2002,0.028969834,-0.051578566,0.009807344,0.008206787,-0.008517207606849457,-0.04603994590568903
2003,0.15053563,-0.08323545,0.009399054,0.008239661,0.11391161400889481,-0.08093555220861792
2004,-0.05385529,0.09726044,0.008177794,0.008061534,-0.08002625959967405,0.09731785985737014
2005,0.05086469,-0.02465605,0.009126571,0.007597711,0.012902981092130244,-0.023595014578215036
2006,0.0880491,0.13113184,0.008049613,0.007339846,0.05067517963980578,0.1320482411444698
2007,0.03495186,-0.02050855,0.008673449,0.00851982,0.003425445927351721,-0.013182074064456602
2008,-0.12683983,-0.6529324,0.006946398,0.014656102,-0.15029735345769954,-0.6238477116241231
2009,0.05354511,-0.010275074,0.014637007,0.012198385,-0.01937320082484585,-0.013459185156476025
2010,0.047258586,-0.0461239,0.010273285,0.00944925,-0.0020405583992450394,-0.04855954728590049
2011,0.07169403,0.004781983,0.008686921,0.0077510285,0.04107892537865685,0.010854469104120698
2012,0.06216913,0.002632252,0.010018272,0.00827165,0.02676679212375379,-0.0012776053680868804
2013,0.2427728,-0.04351623,0.015221173,0.009326891,0.1796215271594021,-0.03568362679941163
2014,0.0074492046,-0.072770305,0.009004774,0.008089038,-0.018886923139968443,-0.06556937698974342
2015,-0.06391093,0.006675302,0.008465193,0.007344691,-0.09798185998611544,0.008443103194266248
2016,0.051567778,0.11657792,0.009036789,0.008474302,0.008086466592721117,0.11944679216015372
2017,-0.070213675,0.11680288,0.010201189,0.010237483,-0.09772274282662773,0.12216250731136072
2018,0.026775802,-0.002409813,0.012299866,0.010420304,-0.04781569452346015,-0.0024335127554165345
2019,0.20432414,-0.14893706,0.034025468,0.026401483,0.05089243763066723,-0.13212632455201873
2020,0.10926973,-0.20020537,0.009011154,0.011220127,0.07011549419350772,-0.19016604353035807
2021,0.0738769,0.22091252,0.012264188,0.013230617,0.020074316550771656,0.22187551149072357
2022,0.08351889,-0.051278897,0.02274739,0.018647661,-0.03251189340291586,-0.060573639172937434
2023,-0.38769093,0.46579558,0.011680294,0.021040345,-0.4128108239199084,0.4686579577026727
2024,0.07240523,-0.063898094,0.008516847,0.0077869995,0.035972321408579894,-0.06055479378972971
2025,0.064739704,0.010612196,0.010081648,0.008442438,0.02738395908292846,0.011435485134080403
2026,-0.14587803,-0.053447716,0.015503975,0.011324859,-0.22542805046071682,-0.059401428461984956
2027,0.031050876,0.19374695,0.008399941,0.008552545,-0.0009811685335439765,0.1927239090613904
2028,-0.7548926,0.19829819,0.01944989,0.009791314,-0.7793070185862625,0.20258214180637596
2029,0.15194926,-0.2076698,0.008756527,0.009525699,0.12947041752380473,-0.19984341760951008
2030,-0.016448697,0.663917,0.006868379,0.0141600985,-0.03354772967970238,0.608487459143833
2031,0.021196743,0.015019028,0.012300691,0.010849662,-0.04146554344322941,0.019058015734692377
2032,0.036994,0.44279,0.007433554,0.010951932,-0.0002148018856490391,0.42987549548448467
2033,0.104368925,0.053227507,0.008854368,0.0069074305,0.07298484536381807,0.05971226831106589
2034,0.24571861,-0.010457248,0.047695972,0.033414807,-0.02369408364170062,-0.025053357058521776
2035,0.070959784,0.13885519,0.014850208,0.0138172535,-0.03057539733312313,0.125223117244859
2036,0.18212624,-0.2371146,0.018651633,0.017890215,0.06792077103788646,-0.20912508271125252
2037,-0.68598515,-0.09100461,0.019060489,0.005800836,-0.6982971227314785,-0.08325859467397759
2038,-0.16943775,0.3274121,0.0149540305,0.019248858,-0.24756742346690763,0.3076077949872197
2039,0.073733605,0.020418078,0.008324754,0.007815954,0.05440059787654976,0.02624467027389201
2040,0.14241762,0.17126025,0.01159958,0.012533024,0.07999692637054985,0.1411236326220904
2041,-0.2914276,-0.06603525,0.01567744,0.0077721826,-0.33846998224836966,-0.07036458676802573
2042,-0.09884669,-0.005253599,0.011947606,0.008441414,-0.14082295847295842,-0.00120400807158752
2043,0.04663819,-0.3199858,0.008518975,0.011457603,0.01519215528078108,-0.3116943063673954
2044,0.53661954,0.000321961,0.022019751,0.0073678363,0.4836937426896516,-0.0004968809826777542
2045,-0.22227207,-0.6732795,0.007828571,0.015703714,-0.2580487680640086,-0.6845104225221671
2046,0.07651813,0.034355078,0.0101183485,0.008420575,0.030639283417616795,0.027190424175450485
2047,0.08270974,0.015661865,0.013520693,0.011026111,0.0008569585975616044,0.010232628514777667
2048,0.048307594,-0.18860072,0.009461642,0.011242444,0.005560541352519983,-0.186160712439238
2049,0.38715476,0.18501796,0.013492232,0.007458911,0.3376901847872355,0.1730347104367983
2050,0.041064,-0.13455787,0.010624957,0.011203425,-0.012013765453921977,-0.14091342553989342
2051,0.053756263,0.010022706,0.008885327,0.007283452,0.0216536395879931,0.008828555221369728
2052,0.022295715,0.24702385,0.0074526044,0.008517472,-0.01269072483237236,0.2550157930818281
2053,0.23514937,0.07762373,0.013032848,0.0077363565,0.17572323613411656,0.06879010248914134
2054,-0.11570475,0.12898582,0.009270675,0.009498844,-0.15182032169053333,0.132111728928559
2055,0.81122863,-0.07716044,0.028498441,0.0073058107,0.7739624607759938,-0.07382298706376866
2056,0.04533577,-0.00952302,0.009766263,0.008584843,-0.0024347469062704213,-0.014410035703689785
2057,0.11522017,-0.07012634,0.008811357,0.0072307806,0.07806490466644175,-0.06432039524965695
2058,0.018416261,-0.0006389404,0.008409161,0.00721238,-0.009930035238781908,0.005841741700626847
2059,-0.32538542,0.4397731,0.012337782,0.019429943,-0.356596958269394,0.42943672557949925
2060,-0.024598293,0.01689551,0.008016147,0.007170136,-0.05472255374597251,0.025635903164231106
2061,0.024427917,-0.006324061,0.009102473,0.008276545,-0.013900952102967342,-0.005231733158607595
2062,-0.3187129,-0.018403202,0.013571383,0.0068042898,-0.3438275073469399,-0.016901978689853162
2063,0.090369135,0.0217922,0.032178823,0.02652772,-0.05250112108650901,0.01942388108673395
2064,0.04252223,0.08110274,0.010218417,0.009354806,0.001276964936507742,0.0804812600825426
2065,-0.029356554,-0.03943506,0.009643717,0.007887642,-0.06873085067759666,-0.03415430725440736
2066,0.30559346,-0.0041594664,0.012079409,0.0065099266,0.2801538092636553,0.0013397050725465665
2067,0.571017,0.038854353,0.022200951,0.0072880536,0.5132195661247162,0.03875087930473673
2068,-0.38796392,0.6697215,0.009730138,0.017993536,-0.4069138788484819,0.665337473451411
2069,-0.014368355,0.012690208,0.00924481,0.007943926,-0.05873620519412124,0.010661386588108304
2070,0.06636101,-0.054254845,0.010449431,0.008889552,0.01755048792108446,-0.05145290124608303
2071,0.23979892,-0.5383018,0.012118863,0.021412512,0.17980092650259966,-0.5401998879667255
2072,0.32487217,-0.11692377,0.015136284,0.009307908,0.2707385666809968,-0.10892981108189957
2073,0.046234414,-0.015611828,0.008567198,0.0073752585,0.019675352002220692,-0.015080818771161235
2074,-0.1794089,-0.048572876,0.009047068,0.0067821387,-0.2079125996828031,-0.04455514915387527
2075,0.3570804,-0.37094265,0.015609021,0.017608102,0.2831843634083637,-0.3491924139505404
2076,-0.6195859,-0.13539729,0.020970723,0.007060556,-0.6583551601085462,-0.13286839511322499
2077,0.07338402,-0.05464545,0.0121467775,0.010788621,0.024280272748012154,-0.05102456900867843
2078,-0.47492623,-0.014279575,0.023281422,0.008340504,-0.3524443700112009,-0.008950790100514416
2079,-0.10267514,-0.09505582,0.013170509,0.010535268,-0.15738149324343498,-0.09136927992336931
2080,0.08789915,0.042400353,0.0086583225,0.008468156,0.06218824757404891,0.05529450878817856
2081,0.040363982,-0.045964625,0.007939039,0.0074060615,0.010018327402608747,-0.03877413430732983
2082,0.49153706,0.07697204,0.030666053,0.012817356,0.35895256974911127,0.07323232520966665
2083,-0.09825274,-0.08691588,0.011220313,0.008807998,-0.14222179267624013,-0.08401713358132859
2084,-0.19597451,-0.47665977,0.011990717,0.017282302,-0.24312926441514637,-0.4565172858880024
2085,-0.09671849,0.49795568,0.007016007,0.012629784,-0.11598674769310591,0.5106466839768509
2086,-0.062046774,0.017439127,0.008162303,0.006990869,-0.0879569783363994,0.02189773350739869
2087,0.0024903412,0.018301643,0.017534988,0.015492795,-0.08483759743209915,0.024143603578447366
2088,0.22159156,-0.077197,0.011816845,0.00804639,0.18264645508723676,-0.07019336987549893
2089,0.28355682,0.1354675,0.02182452,0.014569143,0.1649924678990604,0.130868239062863
2090,0.115169734,0.07222883,0.008436705,0.007010163,0.07836447864616243,0.08003053556453661
2091,-0.008163169,0.0043006903,0.008951491,0.007188195,-0.03580364404330258,0.006688201936556084
2092,0.044404615,0.0034334501,0.009666622,0.008428864,0.004661651908311304,0.004312467337208077
2093,-0.11760001,0.017119095,0.015735297,0.012416164,-0.1829633622081525,0.01708045209649935
2094,-0.10935545,0.13148731,0.008964487,0.008299334,-0.14499284205345028,0.1270378490406092
2095,0.14379553,-0.024142817,0.010235174,0.008171111,0.09540603131534642,-0.023996085638559213
2096,-0.4940533,-0.45358744,0.012923881,0.0102179935,-0.5060997243896861,-0.4322126638327495
2097,-0.017411854,-0.014616371,0.010444831,0.009021993,-0.05897931383348162,-0.0213851346767854
2098,0.20215966,-0.122346215,0.009104126,0.010995823,0.16065326803585037,-0.10098409609264522
2099,-0.6557851,-0.36442304,0.016961318,0.008925569,-0.6758290049984113,-0.35897699004900796
2100,-0.251418,0.15748453,0.011907555,0.010103453,-0.27198946709845584,0.15746924548758512
2101,-0.23897381,-0.7295809,0.0066906535,0.012760364,-0.268461476064177,-0.7082945375212412
2102,0.007758059,0.0124923205,0.010288152,0.008398215,-0.04089830698286619,0.013138026738414818
2103,0.8565984,-0.3528067,0.019714314,0.009140495,0.8430183011589852,-0.3576970827434869
2104,0.03798596,0.021130815,0.009112868,0.008061492,-0.0023246252579498124,0.024627953648838293
2105,-0.30163503,-0.010816173,0.015432138,0.0077483202,-0.3177309359100057,-0.008507288434532983
2106,-0.353081,0.25483215,0.011099124,0.011741281,-0.3639103460383494,0.25096206006950156
2107,0.22068286,0.34147412,0.011943131,0.016890079,0.1866945648896254,0.35232278854959803
2108,0.22224204,-0.26879653,0.009473924,0.011058204,0.18689133017740123,-0.2651141536060778
2109,-0.630338,-0.337489,0.042187046,0.021183997,-0.7027018728064874,-0.3125894093519245
2110,-0.39616734,0.07025138,0.012916704,0.0065375464,-0.41205066423760983,0.07447449868234532
2111,-0.18831316,0.045883752,0.009192248,0.007483055,-0.20094890813405547,0.052701966746784575
2112,0.32996148,-0.23622225,0.014121146,0.01215535,0.2905601246890794,-0.2292731284278373
2113,0.0730823,0.32832402,0.007722467,0.01213288,0.03574797830374961,0.2638822353449775
2114,0.020279493,0.0016619777,0.009361262,0.0076034237,-0.005145169828775584,0.004284880843081871
2115,0.45459586,-0.48148692,0.014052618,0.01893194,0.4230764936858701,-0.47661713458289195
2116,0.4954775,0.015029362,0.019192178,0.0064260713,0.4508968010379641,0.014331695860659105
2117,0.26182893,0.26487863,0.013224274,0.0142705925,0.2216413326559822,0.2651094660388118
2118,0.4757275,0.014582246,0.01563437,0.00560163,0.45390667050617317,0.014063247762778532
2119,0.47575402,-0.06327933,0.0245073,0.009512989,0.41474016989399115,-0.0636384531415974
2120,-0.112099536,0.17665902,0.012006973,0.0141789755,-0.16957588173743995,0.1890219878641928
2121,0.013849899,-0.007408523,0.010224553,0.009127451,-0.01050367113201078,8.301863669503508e-05
2122,0.10233329,-0.043393835,0.017183982,0.014761848,0.03486470666468766,-0.04017136039132772
2123,0.5746891,0.50709945,0.018887492,0.01745648,0.534523526122481,0.513930296777214
2124,0.27057922,-0.14879352,0.014494616,0.012041209,0.2344485938974307,-0.15792016355964636
2125,-0.19630705,-0.7710312,0.0071041933,0.016142856,-0.21221057157875076,-0.7444811559676535
2126,0.24185039,-0.12694275,0.011153944,0.009418036,0.2157683417644602,-0.1261829113678819
2127,0.15729064,-0.064042166,0.009102709,0.007375966,0.1277148425954901,-0.05810793550053899
2128,0.28577885,0.2508638,0.009614672,0.008906949,0.2605155606898934,0.2506397742476814
2129,0.08700297,-0.04870634,0.012067278,0.010473397,0.027151624089231746,-0.037486536694299064
2130,0.03422264,-0.008015373,0.008623457,0.0073062,-0.0003257594971741895,-0.003131981904654023
2131,0.08019023,0.008959032,0.0102378875,0.008748763,0.015562148749455124,0.0021870202987672293
2132,0.122190095,0.017027702,0.016205525,0.012848463,0.05020859884290555,0.014026328114522988
2133,0.36181647,0.3030851,0.023279672,0.020007147,0.3329619561491168,0.3486122660833095
2134,0.09932431,0.022454776,0.009874274,0.008047782,0.06115010477520591,0.027469527877027437
2135,-0.16578345,-0.5570984,0.0072096526,0.012310308,-0.1954041735903764,-0.5482916042966964
2136,0.13411225,0.089649886,0.008384928,0.007489112,0.089778738621908,0.07764414960470808
2137,-0.2846023,0.26385522,0.014364891,0.017472861,-0.30481353131951455,0.23985592986556323
2138,-0.27481848,-0.048311494,0.01760492,0.009575929,-0.3277479404051595,-0.03884739080603837
2139,0.38931894,-0.06676902,0.016687253,0.007922949,0.3391480987628788,-0.06268854227669302
2140,0.01726275,-0.02516932,0.008331021,0.007371639,-0.01579405999081751,-0.020357009610895736
2141,0.7865224,-0.53642493,0.036529,0.026185066,0.6760954785278693,-0.5256343727556646
2142,0.06425842,-0.030136313,0.011271,0.01014015,0.007256944662989082,-0.03310099372252218
2143,0.47967446,0.26068497,0.018508404,0.011391132,0.4275588466526105,0.2565987821561089
2144,0.4471841,-0.10102587,0.06243656,0.03914563,0.18206874487526925,-0.1418003324464439
2145,0.1498939,0.80203116,0.008923135,0.022344925,0.10589044715037506,0.8236600963612325
2146,0.37297422,0.18754826,0.014900007,0.00920717,0.3390755486299253,0.18903217034258535
2147,0.07656555,0.014046452,0.016970458,0.013556341,-0.0198082582281959,0.017395762147628138
2148,0.07741316,0.030490778,0.008234901,0.006915969,0.040521349912382765,0.03646730659832886
2149,-0.44641057,0.15127686,0.020025527,0.011323761,-0.4615415918868341,0.13662200139199052
2150,0.06916064,-0.05631142,0.008322626,0.0074477643,0.036295893043872575,-0.051837701895982344
2151,0.14604434,0.069357246,0.008237149,0.007016091,0.11794325097950853,0.07586272811855917
2152,-0.073181264,0.4041046,0.007331787,0.0116383545,-0.09627028472912619,0.40372823155407145
2153,0.118485466,-0.08639333,0.013212039,0.012074036,0.06642676733799852,-0.0757388590191753
2154,-0.006832382,-0.009744943,0.009512419,0.008007256,-0.043857812089201274,-0.0043987408905807246
2155,-0.06914176,0.0684918,0.019480988,0.01661856,-0.14642866530079038,0.06167574137357285
2156,0.06416532,0.03421796,0.01131025,0.009441919,0.009814229331782248,0.030998574447887173
2157,0.10644242,-0.020234335,0.010764838,0.008754607,0.04681843760219919,-0.01759557889821369
2158,-0.18954949,0.08141149,0.012097194,0.010051492,-0.20184782975592924,0.07810243320340703
2159,0.2506939,0.15565664,0.014360894,0.010862376,0.19077768577561194,0.15577737866247443
2160,0.03682754,-0.0058162967,0.008218348,0.0073742657,0.00547408701734823,-0.004218903898704428
2161,0.08004695,-0.0064594233,0.008774726,0.0073299166,0.05118385694586693,-0.0029884095656119093
2162,0.15051724,0.007835216,0.016169513,0.011362958,0.08340195392857253,0.008122762792019716
2163,0.20865981,-0.3498697,0.0095541,0.013858871,0.16066665320017437,-0.33012782256832124
2164,0.07236919,0.20200512,0.009105071,0.00947382,0.03634242029084819,0.20652647568984075
2165,-0.018536057,-0.07400856,0.011216305,0.009484075,-0.06784970064421345,-0.07259287386523854
2166,-0.07064241,0.059209317,0.008731002,0.0075847646,-0.10377041778536703,0.06897982648533112
2167,0.038122937,0.009748421,0.009681498,0.00839131,-0.010197162734645136,0.011619857856396467
2168,0.7431009,0.04511848,0.027504556,0.0076711634,0.7000166459513284,0.05231377304480432
2169,0.1505196,-0.23450965,0.008449234,0.010812109,0.11749211664043402,-0.22660107655152215
2170,-0.1957036,-0.3434957,0.008723084,0.010407637,-0.22071953607921457,-0.33106219076574434
2171,0.717268,0.46692002,0.017700141,0.015768677,0.6907640255530545,0.4688605138050267
2172,-0.10994429,0.09137398,0.0084732305,0.007942477,-0.13889025982484762,0.09268318289110379
2173,-0.037709177,-0.006101326,0.009042697,0.007117521,-0.07631822445274193,-0.004192252147122326
2174,0.01017002,0.059478015,0.02503853,0.02099041,-0.1443028033548299,0.06869598133172686
2175,0.06917293,-0.09031291,0.01072238,0.010305739,0.02203187244847887,-0.0874040688492003
2176,-0.30163503,-0.010816173,0.015432138,0.0077483202,-0.3177309359100057,-0.008507288434532983
2177,0.054471795,-0.042390175,0.008512001,0.008093206,0.02268177064070207,-0.037842235223211756
2178,0.124051794,0.042171717,0.010940424,0.008403149,0.0805077062869726,0.034550532741060826
2179,0.27675012,0.57534885,0.0083700325,0.011953055,0.25511804864577425,0.5791191458125533
2180,0.2392753,0.07034949,0.017502073,0.011218366,0.142683939609075,0.07360783768312265
2181,-0.5615188,-0.15486604,0.02032461,0.0077165933,-0.6183971045882277,-0.15790631714127468
2182,0.072045304,0.0027347235,0.012252882,0.0103373,0.0033760601073744823,0.004109781168624523
2183,0.052064426,-0.027838506,0.007987055,0.00720357,0.026205283775667703,-0.02031355066149999
2184,0.009050775,0.2265673,0.007855776,0.008502258,-0.017795309735528703,0.22248366915957868
2185,0.5709716,0.054158397,0.038881123,0.013118139,0.47263463394938887,0.06264651436344094
2186,0.047996074,0.07325024,0.01626194,0.013524873,-0.042236076707886414,0.06603425435272318
2187,0.13906728,-0.45799136,0.011626916,0.02299711,0.10273966972315084,-0.4871810503607014
2188,0.1911849,-0.053834356,0.009478175,0.007042604,0.1588889761055536,-0.0496074389195606
2189,0.004455785,-0.0053368593,0.010890076,0.00899707,-0.04812657451226337,-0.0008639791624046506
2190,-0.27092502,0.32396716,0.013712968,0.018920938,-0.33974586200750795,0.334021642716673
2191,-0.2717231,0.6426133,0.009345555,0.019519448,-0.3290592801468093,0.6684256718363079
2192,0.37726945,0.5801306,0.010626845,0.016013557,0.3404636133889484,0.5721530838968827
2193,0.16045552,0.032522567,0.02322237,0.016484305,0.06389698165112045,0.03818859056466215
2194,0.16549028,0.010472528,0.010364606,0.007452912,0.12261842228790777,0.008354949542140723
2195,0.29318213,-0.11739125,0.013797742,0.009407176,0.24585287032853134,-0.11708740101435888
2196,0.09582191,-0.14207804,0.011539482,0.011566021,0.040725298156326105,-0.1405165276814853
2197,0.77073336,-0.22153495,0.09146362,0.04518526,0.4922871949580868,-0.18849704759879243
2198,-0.52922404,-0.21133965,0.013909788,0.008122548,-0.5519925515815464,-0.19420126484116018
2199,0.011890145,-0.22997874,0.015905323,0.01557749,-0.08022378291882873,-0.2226278851708363
2200,0.27421114,0.041157305,0.012429622,0.006844806,0.2419484892585696,0.03736366725280269
2201,0.08130891,-0.18952131,0.00972388,0.012077448,0.03784989579947961,-0.181599300226075
2202,-0.09578343,0.13349947,0.011155831,0.011156071,-0.16246426726942395,0.13178032565918962
2203,-0.116886586,-0.50676703,0.008434577,0.011607795,-0.14081348629804497,-0.483814412421581
2204,-0.0045998353,0.10122498,0.011345965,0.011004504,-0.048886806778895765,0.10083846492245796
2205,0.029075239,-0.004544624,0.009237841,0.007391331,-0.0008202792533398491,0.0014354054947851684
2206,0.05053617,0.14537805,0.011926284,0.011438942,-0.024783903458999907,0.14131519983249716
2207,0.14171003,0.06563541,0.013468825,0.010246767,0.06818762553578721,0.06381189432224263
2208,-0.041400947,0.033547103,0.009143463,0.007890424,-0.07307703554712754,0.0262179188034379
2209,-0.24173363,-0.044814125,0.0144532565,0.007960069,-0.2781030954527593,-0.03748133786865522
2210,0.0992073,-0.0047135362,0.013440952,0.010699609,0.02390112671809982,0.0030303674976316967
2211,0.4312516,0.07869102,0.016475618,0.0065784496,0.41332787215874073,0.08249510287763592
2212,-0.7245343,-0.21005663,0.020534383,0.007293123,-0.7480948653997914,-0.2046275256244116
2213,0.11819461,0.22893882,0.011220431,0.012083968,0.06217557864876516,0.22086101377735337
2214,0.28355682,0.1354675,0.02182452,0.014569143,0.1649924678990604,0.130868239062863
2215,0.053611517,-0.04634796,0.010628497,0.009443759,0.006425611917703391,-0.049524803342410516
2216,0.10422957,0.5999654,0.012451287,0.02424328,0.03411429460367994,0.5653767315494862
2217,0.05852045,-0.0036248202,0.014036395,0.012124867,0.0030476326748011427,-0.005996736204822652
2218,0.03206801,-0.37256354,0.015497636,0.018536039,-0.06913107660245096,-0.3548956422622017
2219,-0.1563632,-0.49712032,0.007977357,0.0141260885,-0.19062306467751597,-0.4999307822032327
2220,0.5116384,0.0088519,0.017572239,0.0059274933,0.4971032229723208,0.008689105288167853
2221,0.061176807,-0.1716127,0.012071871,0.011747347,-0.007381160925885538,-0.1583914423482872
2222,0.068100035,-0.39656144,0.00889017,0.010121182,0.04120688009699911,-0.38919581789994284
2223,0.33262733,-0.4316061,0.010671782,0.014050311,0.3039244466338138,-0.4243469279684641
2224,0.11520373,0.37265003,0.008000182,0.009089996,0.08558321774681825,0.38218679997041305
2225,0.332034,-0.12382,0.01243186,0.0077334554,0.30780451031583883,-0.12455244387583103
2226,0.13147558,-0.23626037,0.025327168,0.02265378,-0.014120035809606059,-0.21859700329312134
2227,0.17634209,-0.030715294,0.01060526,0.008212496,0.12683923282032022,-0.03305262145850204
2228,-0.0060777585,-0.0565119,0.00994486,0.008258252,-0.04008857161731465,-0.05058184227325188
2229,-0.23504432,-0.22170627,0.011500475,0.009349588,-0.2693174933375391,-0.2202072523787528
2230,-0.13577372,0.2305395,0.009185514,0.00894316,-0.15800551381282657,0.23474511575700377
2231,0.04205832,0.014469079,0.009170985,0.007503715,0.002136161042140297,0.012771730753040939
2232,0.31667024,0.00975158,0.017500317,0.008337729,0.2629380944518209,-0.0026144851245528083
2233,-0.07786284,-0.012482048,0.00970936,0.0072312816,-0.1052578320573623,-0.010098694420116752
2234,0.1327025,-0.13637927,0.019214397,0.016080385,0.011821128628306412,-0.1467844464707085
2235,-0.049594015,0.12752543,0.007935137,0.007812724,-0.07104789622101504,0.13273054253590597
2236,0.5454947,0.37881094,0.026079584,0.019893393,0.4242896930491748,0.34477266941380713
2237,0.16128917,-0.13084921,0.0113828555,0.010018702,0.10900816793564329,-0.1289534886092496
2238,-0.43602058,-0.07177714,0.014532093,0.005810474,-0.4502235056674139,-0.07210921326980335
2239,-0.22996514,-0.87663174,0.006132998,0.015427184,-0.25793124230231473,-0.8683916112506398
2240,-0.7091635,-0.5160258,0.020779371,0.017101582,-0.7552018920783893,-0.5069174874187173
2241,0.44695505,-0.046425648,0.01789489,0.0063564396,0.38874499962126063,-0.04273138571530077
2242,0.091557726,0.07655587,0.041808914,0.036147367,-0.11491076468276039,0.07148292247560027
2243,0.40611935,0.11812244,0.01272263,0.0069871596,0.3621534749970146,0.11919255198406858
2244,0.6040285,-0.1503449,0.021673696,0.008045751,0.5862056272139755,-0.14976382917026962
2245,-0.04026619,0.07120404,0.009096802,0.009009991,-0.05565015346132345,0.06222914299454572
2246,0.047842618,-0.05657629,0.008998396,0.008189104,0.021843131877155825,-0.044324249826979835
2247,0.28378123,0.20043737,0.0111385,0.008584349,0.2545090444219306,0.20332822714334844
2248,-0.11929099,0.35901776,0.008562707,0.013670724,-0.14590807656720195,0.34577253891637333
2249,0.11154193,-0.12052021,0.013343205,0.012502975,0.037314092633864364,-0.12105602003446332
2250,-0.13103653,-0.3587263,0.007931825,0.012892391,-0.159345911545434,-0.3680354780666324
2251,0.023909356,0.09421794,0.010237297,0.008890281,-0.026513201135657877,0.08863364464449723
2252,0.40472847,-0.2534071,0.023348037,0.01939321,0.3281338707827092,-0.2293631913957067
2253,0.1311978,0.042792313,0.008936721,0.006809015,0.09610462018190784,0.03657174426762372
2254,0.09794512,-0.061528288,0.009229691,0.008654678,0.07220322424187041,-0.05896899946218257
2255,0.015348315,0.024491847,0.014441859,0.012644189,-0.044877972023953897,0.03013033840059985
2256,-0.14012578,-0.4976405,0.0073516686,0.012521881,-0.16146196694505138,-0.49253558312267604
2257,-0.0046317945,-0.23245572,0.008155328,0.008074834,-0.03456568579447878,-0.2215677146721915
2258,-0.0140475035,0.12136631,0.008149178,0.007888619,-0.04042393460082581,0.12422873656454694
2259,0.12826444,0.10191707,0.009679372,0.007956782,0.0857889643332007,0.10207055862488841
2260,0.033439633,0.007079101,0.009066442,0.007899123,-0.0009875810168555594,0.008647826071108344
2261,0.021001898,0.21062759,0.008976773,0.009678167,-0.014865975230219918,0.21971225382873566
2262,0.06882384,0.18869102,0.008278056,0.008769567,0.046965004500143834,0.19893321173758816
2263,0.01583153,0.012602027,0.015022966,0.013102532,-0.055638421452995364,0.01678970256639874
2264,0.026923941,0.0011437526,0.009347326,0.007774406,-0.013794062142810008,0.00723634437540472
2265,0.09246848,0.17848387,0.009422791,0.010457476,0.04818862976179545,0.1663546838629617
2266,0.41217345,0.58004045,0.012012981,0.016573675,0.3767434141175517,0.5774528653875749
2267,-0.24992596,0.37787348,0.008967913,0.013612885,-0.2772388664845,0.37891828962139973
2268,0.035737675,0.02434484,0.008466966,0.007733585,0.003995524672753866,0.022215089959195564
2269,0.08078169,0.02658327,0.008393085,0.0071813185,0.05925430106524139,0.03564670490685208
2270,0.24657053,-0.15394889,0.010435275,0.009720671,0.22005062134836748,-0.15369969803244046
2271,-0.18120487,0.5536728,0.008122573,0.01860393,-0.20707786299015454,0.539763365322997
2272,0.53661954,0.000321961,0.022019751,0.0073678363,0.4836937426896516,-0.0004968809826777542
2273,0.12660813,0.0039321547,0.009858575,0.0071847755,0.07607481902925886,0.00529152987921542
2274,0.108823806,0.47623485,0.010019571,0.018478107,0.05844793720757878,0.4449198815548115
2275,0.038087405,-0.43522158,0.007432134,0.010964013,0.002248014262792645,-0.4184341785670697
2276,0.21974225,-0.12138244,0.016277071,0.013198424,0.14744738719163247,-0.10923898252432045
2277,0.23177178,-0.3276801,0.022286646,0.024928244,0.16119098744750793,-0.3330892825339179
2278,0.029265694,-0.013794766,0.0108394865,0.008911232,-0.03164528357868899,-0.007102184499505145
2279,-0.0126922615,-0.03090126,0.010916725,0.009354085,-0.060729803984630695,-0.026667761622003877
2280,0.4090426,-0.31087786,0.011083916,0.01079919,0.35996796243633045,-0.2896906115540212
2281,-0.11755453,0.16937384,0.008589419,0.009017395,-0.14804743299385975,0.1777842500270528
2282,0.2494906,0.20797004,0.01237181,0.010796019,0.22305019509761254,0.2091556716749511
2283,0.028619556,-0.41453773,0.013926481,0.018752966,-0.058081997624092704,-0.40480874681773066
2284,-0.026749939,0.48335606,0.008976301,0.015406846,-0.06765931365849659,0.4792144885345169
2285,-0.27236754,0.50207794,0.010017799,0.017456247,-0.29074516438464004,0.4775443969374951
2286,0.21953629,-0.06970963,0.010622242,0.0076607172,0.17803321031792316,-0.060129606928544334
2287,0.21999867,-0.62961435,0.013968804,0.0258127,0.1432506162130298,-0.6383982363226767
2288,0.2483086,0.18475558,0.009587162,0.010725379,0.17911835082438274,0.14230329633300637
2289,0.09865649,0.035576835,0.012035713,0.009470335,0.03027270261029581,0.03105325592873162
2290,0.40953368,-0.104662694,0.015349846,0.007550514,0.3724624895147704,-0.10372414056818426
2291,0.24009219,0.061669726,0.044407666,0.030806428,0.017004538399311726,0.029696849800626455
2292,0.25742024,-0.26168543,0.016133972,0.016226951,0.18845007262005906,-0.25945961231227604
2293,0.12660773,0.15315294,0.010084361,0.0087446235,0.08234135902160249,0.15306966251834428
2294,0.04151614,-0.53868926,0.016541984,0.024592198,-0.08052647910350162,-0.5092101755766326
2295,0.053756263,0.010022706,0.008885327,0.007283452,0.0216536395879931,0.008828555221369728
2296,0.0556959,-0.0141961025,0.011530054,0.009748374,0.005662319759527786,-0.015000657821418073
2297,-0.13703187,0.17356256,0.008462237,0.008706747,-0.16198625894143717,0.17777290789006792
2298,-0.09790173,0.2405045,0.012417261,0.016619066,-0.14306272958796662,0.2406583821160362
2299,0.24654128,0.029224724,0.014947688,0.008499659,0.18904713761393777,0.026340907636760457
2300,0.13573827,-0.037644718,0.0120977815,0.009490093,0.07180681496451718,-0.02919564643335605
2301,0.509001,0.42020774,0.014687523,0.012491572,0.47746672227041326,0.4286606228830283
2302,0.22314714,-0.03498247,0.011056209,0.0076572034,0.1856731984808181,-0.025828736060018703
2303,0.10490994,-0.0925298,0.011217012,0.009620802,0.04939562984435286,-0.07920712231187964
2304,0.07112432,-0.08403512,0.010171099,0.010317744,0.02654222699011917,-0.09070677005900935
2305,-0.26857296,0.18717863,0.011645888,0.010856727,-0.2826900552708104,0.18677521304630726
2306,0.704514,-0.60932034,0.023477765,0.021638963,0.6589115099449472,-0.6248685132069682
2307,0.123035505,0.5456302,0.007787054,0.013739329,0.08667025281140614,0.5453854402552506
2308,0.18377848,0.08948867,0.008569325,0.0063674147,0.1633279895460457,0.10085007358003859
2309,0.029403884,0.02703464,0.008896195,0.0077565373,-0.007478800798749915,0.025390124492614564
2310,0.21974225,-0.12138244,0.016277071,0.013198424,0.14744738719163247,-0.10923898252432045
2311,0.10525371,0.21031122,0.007881797,0.008350589,0.07392325709326146,0.2000088252522945
2312,0.17375505,-0.2902683,0.009330674,0.011626505,0.12749787956972608,-0.27479114750579625
2313,-0.0018931837,-0.13725019,0.009714317,0.008881245,-0.03819011821719273,-0.1225245370397626
2314,-0.059923343,-0.27933943,0.016978312,0.019437311,-0.11668177504403485,-0.2492586521635503
2315,0.00038691657,0.035806097,0.008865356,0.007816899,-0.040817078052036534,0.034705193067025346
2316,0.02725701,-0.012118065,0.0079453075,0.007831721,-0.0028517644996733896,0.002085476927983099
2317,0.03195029,-0.11853597,0.009051675,0.008844084,-0.004862511855495873,-0.11807747705760636
2318,0.3493026,-0.292434,0.013543273,0.012363556,0.29779633924417814,-0.28739491126228334
2319,0.117983624,-0.37764406,0.009592121,0.015572838,0.0777944814682003,-0.37041905928790747
2320,0.13007468,-0.27218977,0.009053802,0.012832105,0.09096989738886511,-0.2691342235455165
2321,0.22816212,0.009315162,0.014097284,0.007642832,0.16832232890140134,0.011685911881386362
2322,0.006226091,0.00273694,0.009062307,0.0076190797,-0.02610436104678611,0.005356744489418614
2323,0.4057019,0.49068898,0.013073207,0.016069518,0.363508613429476,0.4913405955896299
2324,-0.11154597,-0.3134154,0.009904491,0.011838874,-0.1512901429383171,-0.30159379135731096
2325,0.08022176,0.09805622,0.016344156,0.01421705,0.02466819953908845,0.09709465011684557
2326,0.04320062,0.21863973,0.0076846136,0.009037849,0.014448169806959104,0.20216766437325534
2327,-0.10565108,0.34523398,0.0084594,0.01719643,-0.12042483514974744,0.2880305337463974
2328,0.05292964,0.06311545,0.01198954,0.010799186,-0.002303207744874991,0.05774746617028049
2329,0.38272405,-0.018403068,0.014999716,0.0067976047,0.32984722411063455,-0.01368150664618789
2330,-0.02050573,0.27297086,0.0074274,0.010429984,-0.040950889952856034,0.263430102329666
2331,-0.092419185,0.3992169,0.011750986,0.01822467,-0.1438532909284575,0.35533570173662204
2332,0.03500307,-0.051671557,0.008451481,0.0075267665,0.0013373804435975203,-0.04378280654792239
2333,-0.07741262,-0.11865551,0.008569208,0.007154758,-0.108577977347217,-0.11297373703290968
2334,0.021416247,0.08076155,0.008672267,0.007844107,-0.01877748072873048,0.07994311712175127
2335,0.04252223,0.08110274,0.010218417,0.009354806,0.001276964936507742,0.0804812600825426
2336,0.035324097,-0.07136493,0.008144686,0.007575708,0.015387128685515252,-0.06270305401551286
2337,0.18271801,0.059636123,0.009468018,0.0070469803,0.1661905023368035,0.06853730589986369
2338,0.026697274,-0.18049109,0.008066287,0.008353199,-0.008832142567350263,-0.17516687745049447
2339,-0.023814328,0.0039705625,0.009298194,0.0077367905,-0.05136470640193435,0.017255599892540427
2340,0.18143739,-0.05990673,0.009970824,0.007842877,0.14432816431827622,-0.06076678327894613
2341,0.09211227,0.022732735,0.008879299,0.007328084,0.050667610715254746,0.021924929328646623
2342,0.065291144,-0.088009484,0.009000993,0.00925948,0.03407095716011688,-0.07955939302084829
2343,0.3553254,0.41817248,0.016138664,0.018188987,0.28890844853174497,0.4185520194736148
2344,0.12890382,-0.07243513,0.009887613,0.009161113,0.09900416634253,-0.07462622741608164
2345,-0.035191238,0.04398662,0.010184196,0.00874942,-0.08626436622822246,0.050445186972505274
2346,-0.120606765,-0.09125573,0.00947534,0.006995969,-0.14784398354103293,-0.08139417669393827
2347,0.61575216,-0.52361345,0.014928898,0.011750905,0.587115028710227,-0.5278271615455739
2348,-0.1406247,-0.246524,0.009639112,0.009219243,-0.18012067171812526,-0.2408882099952107
2349,-0.0034678592,0.0065653315,0.01507581,0.0135297775,-0.05353793882274284,0.015135102564049444
2350,0.0062587825,0.49917546,0.009116767,0.016070273,-0.03303455552784257,0.4976508921779077
2351,0.23908351,0.47262013,0.014830946,0.022241205,0.1678480141821076,0.4670502033022927
2352,-0.27833906,-0.27923015,0.010243669,0.0098349685,-0.29541257110046937,-0.2659874911172912
2353,-0.27391756,0.18465371,0.021514334,0.019639656,-0.3367531863718028,0.18893554901902782
2354,0.18921858,-0.14211205,0.012822202,0.011845955,0.12538564855804962,-0.1349542505684012
2355,0.018056672,0.19031194,0.007777237,0.008003061,-0.0038093617207813485,0.1970907288908817
2356,-0.14963265,-0.11398948,0.013107683,0.010254423,-0.21137402597397412,-0.11721242374565831
2357,0.26400205,-0.09359296,0.011168444,0.0072889114,0.2375311700974156,-0.08623611781275345
2358,-0.7532174,-0.15370673,0.01975803,0.0061259563,-0.769804022868221,-0.14991527209848424
2359,0.03304482,0.02035822,0.008525122,0.0074430923,-0.000478894994851395,0.027650920800036678
2360,0.030036088,0.11600434,0.011081675,0.01053322,-0.02710514870607424,0.11697284226451027
2361,-0.36967385,-0.022258647,0.016290324,0.007075772,-0.3937064493136179,-0.022831118921208187
2362,0.17317528,0.7342987,0.010604789,0.022697102,0.13932016273280515,0.7528443126341476
2363,-0.06423131,0.061414674,0.009253314,0.007842506,-0.10395273734268043,0.06821562109178327
2364,0.145908,0.011193446,0.015790217,0.011002335,0.07097462340230049,0.008980136157826923
2365,0.041012175,0.07356706,0.010117877,0.008656571,-0.007135039160109862,0.0699695732063066
2366,-0.28052998,-0.26706454,0.014979046,0.0130871255,-0.3084751789798489,-0.26147925073378725
2367,0.028703693,-0.013949663,0.009359491,0.0075809928,-0.0002770920770982488,-0.013165970027729615
2368,0.15961216,-0.04361003,0.012308583,0.009261372,0.12206430554167418,-0.043865521455235965
2369,-0.045760706,0.14488414,0.007726017,0.00978964,-0.06867508224075358,0.13105246345395627
2370,0.1899335,-0.099261,0.011698675,0.009258393,0.15132987686725105,-0.0977265793080625
2371,-0.8559217,0.24291568,0.01750371,0.0086712185,-0.8589243418236729,0.23928621934551483
2372,0.23358692,0.04545608,0.010122835,0.006351635,0.20203408112987015,0.05409775729742137
2373,0.09767111,0.0013072481,0.022641927,0.01807531,-0.006781245218954993,0.008578154996890481
2374,-0.07544093,-0.013479509,0.009673351,0.0073394207,-0.09582855879481716,-0.013999659426337342
2375,-0.4729643,0.21741472,0.017389143,0.010792,-0.5083794811459685,0.21467705523855057
2376,-0.5119187,0.27164245,0.01911031,0.013297249,-0.5382526814590491,0.25364665349793114
2377,0.37083888,0.28727102,0.025989337,0.021048103,0.292112066706968,0.30372562972837813
2378,-0.22266658,-0.5240746,0.007816506,0.011496827,-0.23611361782659343,-0.5074159706620549
2379,0.23271702,0.0073296195,0.015917173,0.009190042,0.18435729209098412,0.006273015158760748
2380,-0.18474865,-0.25000215,0.012254415,0.01258152,-0.22483308851336217,-0.23905829251717037
2381,0.60849553,0.10277272,0.020323912,0.0073297205,0.5720475474311683,0.10048632246413006
2382,0.18735601,0.6555984,0.008903639,0.0199752,0.1482236376247535,0.6238332178835565
2383,0.0626128,-0.09563529,0.012065866,0.011250421,0.011277038504903993,-0.086534158707419
2384,0.023548676,0.055579446,0.010128381,0.008497094,-0.012073245624325346,0.05220016384239036
2385,0.35236466,0.093919754,0.0135185765,0.006763319,0.3269641539198086,0.09611649073827791
2386,0.078813404,-0.011453384,0.007935254,0.0068653547,0.051285537782223285,-0.0020750874580825708
2387,0.055328898,-0.02813889,0.009008317,0.007375562,0.02284105163727011,-0.022911384691526537
2388,0.091064215,0.030643485,0.013623361,0.010821791,0.023441088949072493,0.03561345093659099
2389,-0.037083857,-0.35534352,0.014820492,0.018099591,-0.08986469878921129,-0.29819358871715074
2390,-0.4682408,0.029026642,0.014075303,0.0064139585,-0.4890624899335812,0.03099931637054493
2391,0.7309626,0.2780593,0.020366546,0.011219186,0.6924169958314832,0.2727112294566641
2392,-0.07536594,0.014128028,0.008515665,0.007377782,-0.10476242153029731,0.01706266851348074
2393,0.14288752,0.025679369,0.01613526,0.011648598,0.05083708821625801,0.023518652596021386
2394,-0.45422667,-0.01330004,0.014783844,0.006156351,-0.4856688990965361,-0.010477739355302159
2395,0.1515815,0.371841,0.011696083,0.019927524,0.11804973808145391,0.3940126793371903
2396,-0.009781644,-0.20491588,0.0118708,0.0127576655,-0.06916449811304548,-0.19533226646323731
2397,-0.048023026,0.037097313,0.013119447,0.011673819,-0.08660871824164174,0.049902422148410494
2398,-0.113451615,-0.22199526,0.009581258,0.00972439,-0.15640872157404462,-0.2325599101385642
2399,0.76892114,-0.5265463,0.021346077,0.015424581,0.7348929211544767,-0.538621996557208
2400,0.12893626,-0.0010435889,0.016330551,0.011985617,0.03513872105456168,0.0025916325226242732
2401,0.007744976,0.31950992,0.00816928,0.011106678,-0.028107485160595812,0.32401763883006024
2402,0.009281423,0.06396678,0.011388279,0.010378059,-0.039156769558074796,0.061663528650356784
2403,0.13688934,0.20688973,0.0094322385,0.009923051,0.09118101588586358,0.19803122344468507
2404,-0.0146344565,0.013163588,0.009518087,0.008150109,-0.057193628520951174,0.015360139644354422
2405,0.44194406,0.14511187,0.01868954,0.0094789965,0.39206302266142895,0.1399428602308919
2406,0.012088127,-0.001757131,0.008127778,0.007682686,-0.006167365305475329,0.002918513190588561
2407,0.028757403,0.012337915,0.010825099,0.00903508,-0.020971054697653115,0.009316646729972306
2408,0.17038794,-0.16690037,0.008744473,0.010085157,0.1434116255893001,-0.15984434282069343
2409,0.036033414,0.015971936,0.008183824,0.007046274,0.00753433295927615,0.019499083773921008
2410,-0.07156463,-0.47012433,0.010552415,0.018739168,-0.11877878656494717,-0.4791861406974713
2411,0.020227037,-0.005281546,0.009287447,0.0075166244,-0.009751403739335522,-0.0027735343712406184
2412,-0.45649797,0.155911,0.0128149055,0.011280046,-0.4744584955217856,0.16184431123915644
2413,0.06971702,-0.1993159,0.010790901,0.013106475,0.024569844839820307,-0.18984581005988546
2414,-0.23059444,-0.07857362,0.009659066,0.0067569483,-0.2565332118120373,-0.07408365185542294
2415,-0.07357404,-0.22986974,0.010042937,0.0103120105,-0.11339480419514356,-0.2199486710933336
2416,-0.6654271,-0.040983222,0.025405737,0.007812608,-0.6986176409843959,-0.03604568405433159
2417,-0.5256767,0.6772871,0.020933598,0.029734677,-0.5926306162325464,0.6769124074649833
2418,0.15527564,-0.06135322,0.018460773,0.013528407,0.040488488215222516,-0.07249941708831846
2419,0.42462766,-0.39290395,0.027328836,0.027220711,0.36483888694410954,-0.4137888007315732
2420,0.10694652,-0.1944593,0.0082524,0.008645479,0.07583827792220069,-0.1854368805632231
2421,0.28719413,-0.256958,0.01615919,0.018701695,0.23558530676734535,-0.24428200922381
2422,0.040331632,-0.05016637,0.01051455,0.009237726,-0.008477660041090788,-0.050751549044470164
2423,0.44200048,-0.18407102,0.023071524,0.014533667,0.382425120237469,-0.17631980633157612
2424,-0.10054327,-0.17946547,0.00897831,0.00767029,-0.1338488266835711,-0.17109048855626616
2425,0.22321446,-0.2202034,0.011414088,0.013185341,0.19976797520298867,-0.20433417021566874
2426,-0.10652031,0.06390342,0.012049728,0.00950399,-0.15109946626553386,0.06607791227908141
2427,0.22606124,-0.14039177,0.010245793,0.009241352,0.19771148121469517,-0.13895856586074598
2428,0.01335926,0.001495271,0.008225798,0.007046319,-0.0018113988463316572,0.00670535505890319
2429,0.14911692,-0.15227062,0.01425278,0.012081292,0.06491308792328174,-0.13736118507557965
2430,0.33985826,-0.18723741,0.011339012,0.0103662545,0.3302138438736059,-0.18892516496326486
2431,0.058709793,-0.0055767456,0.010626726,0.009301472,0.025233610557013075,-0.0042024596633889475
2432,0.41067523,-0.4230212,0.011904256,0.011716686,0.3651580405420432,-0.41558121166887874
2433,0.025297832,0.12423696,0.007849506,0.007506186,-0.009088014070642506,0.13659725651219998
2434,0.040297262,-0.08699807,0.00860431,0.008239344,0.017926042672358544,-0.08475311498188422
2435,-0.03227543,0.15372595,0.008025962,0.008533129,-0.0585687919139738,0.1654025959930517
2436,0.024664983,0.00901588,0.00881242,0.0077442136,-0.008041022511237391,0.010672830215332435
2437,-0.37226415,-0.041653536,0.014669313,0.0065574767,-0.38744010314349797,-0.03474176493071114
2438,0.3912351,0.079917386,0.014165338,0.00663943,0.35505188862935655,0.0808067136350748
2439,-0.12330921,-0.089770116,0.008835817,0.00792453,-0.14211094250475273,-0.07618567720317602
2440,0.057364393,0.080690436,0.008820574,0.007802274,0.016981611051882377,0.08497958428535775
2441,0.6752219,-0.14135034,0.021895198,0.0078040757,0.6274521463903989,-0.13822117480295268
2442,0.26978767,0.024999656,0.01138309,0.0065849326,0.24586798541231755,0.025854718473431917
2443,-0.22105241,0.12830256,0.011653429,0.00971539,-0.25161650387983553,0.13231264622674935
2444,0.107856706,-0.06697396,0.013907555,0.012470743,0.054728025140243455,-0.0598774483115746
2445,-0.006531689,0.53680813,0.029877052,0.038708378,-0.1378690053210587,0.44761201432319087
2446,0.11948244,-0.4267826,0.0073251594,0.010740568,0.08942427104887722,-0.42375353111416597
2447,0.007688422,0.023320831,0.008432921,0.0073926435,-0.023948894313250937,0.024176448491300885
2448,0.06816132,-0.13657475,0.017303264,0.01604616,-0.021023611513887024,-0.12520944056653097
2449,0.122414716,0.023988046,0.0115945125,0.009076589,0.08052398400223254,0.025637720006698173
2450,0.023910685,-0.0048198486,0.011432002,0.009782045,-0.03412499766833265,-0.00681764335238451
2451,0.06806394,0.42449585,0.0074023153,0.010720177,0.04916507418250479,0.4217454371218357
2452,-0.178679,0.019356728,0.010830052,0.0077706156,-0.20586761665223408,0.02525967289325237
2453,0.10608349,0.08396124,0.009264534,0.0077089635,0.06093813959706019,0.087234342695602
2454,0.049691997,0.0827664,0.008135463,0.0077017397,0.02830460950704938,0.08838730284808285
2455,0.040140007,0.01216039,0.00834426,0.0071333107,0.005915284276968019,0.019210427935200027
2456,-0.011480026,-0.0082431445,0.008338587,0.0070041376,-0.044387064379121086,-0.0010884647306552005
2457,0.23820575,0.1008764,0.010248741,0.0065278253,0.20870285243003867,0.10960901623988135
2458,0.082237855,0.031045862,0.013710614,0.011045616,-0.004351235544475815,0.030253509176976893
2459,0.09907855,0.13317062,0.009906025,0.009132871,0.06204315635707836,0.13535443129240046
2460,-0.009954244,0.17885892,0.00998959,0.010809781,-0.056833814465631204,0.17321899958146364
2461,0.14009067,0.012427284,0.028656231,0.02224555,-0.02070414492334877,-0.009205817625718225
2462,0.17793901,0.21752249,0.008549823,0.007829647,0.14990407245123497,0.21757285415146568
2463,-0.8559217,0.24291568,0.01750371,0.0086712185,-0.8589243418236729,0.23928621934551483
2464,-0.29279307,-0.23083416,0.017613234,0.013597294,-0.33534383883783814,-0.20694689397668625
2465,0.17480072,0.24625188,0.008480088,0.008823888,0.14180974423556644,0.2418752489661918
2466,0.31270665,-0.035728112,0.015765924,0.007928856,0.2557860537698182,-0.04153236017462769
2467,0.2417229,-0.44373268,0.008558335,0.017935703,0.20105398166928543,-0.40261313540193033
2468,0.31932732,0.44332266,0.009053211,0.012351784,0.29131096382085264,0.43950163699701844
2469,0.12716058,-0.08805101,0.010761889,0.009591871,0.07693449401943228,-0.08391662946940823
2470,0.09092061,0.15420613,0.009377441,0.009099739,0.053169162323715644,0.15557621447788691
2471,0.030021185,0.034355555,0.025712742,0.021404805,-0.13688416263360206,0.0305717128924227
2472,0.14984648,0.18106177,0.00925733,0.011396758,0.11559009616593102,0.17832067308558902
2473,0.0011995495,-0.07174465,0.00933032,0.008055704,-0.03153586348804144,-0.06112387115457458
2474,0.020557348,0.019551188,0.008076221,0.0070787664,-0.001323891616926979,0.021343921055454778
2475,0.09033673,-0.053283185,0.01278395,0.011451097,0.03095725396552764,-0.03778083140175729
2476,0.560833,0.19164456,0.032257665,0.016403344,0.48615777087431383,0.1922291675071461
2477,-0.19639641,0.19902658,0.011353627,0.013463317,-0.23447035949809056,0.20287115257057434
2478,-0.09825274,-0.08691588,0.011220313,0.008807998,-0.14222179267624013,-0.08401713358132859
2479,0.032564234,-0.10998798,0.008665177,0.008624499,-7.055210789236348e-05,-0.09798571258300848
2480,0.52939737,-0.72957563,0.009793649,0.013989166,0.515932254331551,-0.7347653609948299
2481,0.28481868,0.073669255,0.023971366,0.013948928,0.17115524419534764,0.06618088725661661
2482,0.2244621,-0.1023487,0.009849958,0.008812954,0.1949332049975111,-0.09134432342699739
2483,0.05930046,-0.145855,0.008893478,0.009059479,0.02166552425925751,-0.14343856921579193
2484,0.6359224,0.046703197,0.016053732,0.0055981535,0.610354716171015,0.046934860659811097
2485,0.08525989,-0.1569189,0.0094099175,0.010458547,0.040243968328524046,-0.15388541251196394
2486,-0.0034255018,-0.39227927,0.008477723,0.012434945,-0.03853039655018259,-0.39786821005129297
2487,0.064243875,-0.01222184,0.011753814,0.009655418,-0.006509416090080319,-0.008560351267179559
2488,-0.15877567,-0.11255795,0.01180094,0.008647017,-0.18940101020004735,-0.1147332276987367
2489,0.024428416,0.07422193,0.008154264,0.007502893,-0.006834269899724842,0.08121746122167542
2490,0.026697274,-0.18049109,0.008066287,0.008353199,-0.008832142567350263,-0.17516687745049447
2491,0.27348727,0.6187253,0.00856649,0.014022513,0.24917120978942342,0.6298686225072749
2492,0.64666575,-0.084303,0.0236282,0.007470595,0.5888681406393641,-0.07769544632123485
2493,0.09731617,0.27676213,0.008286213,0.0108541,0.061579941565493464,0.26746838697470027
2494,-0.17343186,-0.08859761,0.013497407,0.009092227,-0.20340866790374829,-0.08397115708544656
2495,0.4606982,-0.74623466,0.0109386565,0.016448438,0.4239592288775075,-0.7485567556048047
2496,-0.51883763,-0.20796397,0.015043165,0.0066658803,-0.5411099975155892,-0.20194796531043607
2497,0.054108854,0.042078614,0.009536035,0.008088753,0.01713558229357761,0.042366403827104604
2498,0.020424047,-0.052767783,0.009342958,0.008146248,-0.015834218782237775,-0.05785424476695895
2499,-0.3562206,0.0358603,0.015698567,0.0076260613,-0.38477904600085516,0.03753354669914492
2500,-0.06523478,-0.07781812,0.0082291085,0.0073041976,-0.08959534371013217,-0.069337033384007
2501,0.00023534568,0.21242213,0.02073734,0.02138737,-0.10565193918573773,0.21232451730655902
2502,0.05943232,0.04200183,0.008572045,0.008082434,0.025271755320598124,0.04406138888117957
2503,0.21921857,-0.05950784,0.010891609,0.008533491,0.17571374278500457,-0.059891501349941915
2504,0.12757449,-0.60713303,0.006458651,0.014313162,0.09717780639426718,-0.579846520165242
2505,0.22267553,-0.3226502,0.03431579,0.034521315,0.13859199515876997,-0.3314619736678699
2506,-0.19972044,0.4110736,0.009699916,0.016903935,-0.23289254509830493,0.4030066284794392
2507,0.0062587825,0.49917546,0.009116767,0.016070273,-0.03303455552784257,0.4976508921779077
2508,0.4382202,-0.07079653,0.018500797,0.007857333,0.3969452666012675,-0.07399223858249723
2509,0.15115552,-0.040646225,0.011067174,0.008757282,0.11636675853938407,-0.05012213862372796
2510,-0.3380109,-0.7057744,0.009163071,0.015950156,-0.36551103442262517,-0.682782503914072
2511,-0.004575131,-0.070529856,0.00977429,0.008019598,-0.03675718081329309,-0.06530313232388321
2512,0.06769433,0.047501482,0.008057655,0.0070127733,0.04021983607463888,0.05401730247486756
2513,-0.009017138,0.105567746,0.0106578665,0.010289977,-0.05572520115308713,0.10259606379575484
2514,0.23194881,-0.22752023,0.009388071,0.0079159085,0.20694067174964786,-0.21617189854981358
2515,-0.10805486,0.01072923,0.009474514,0.0074939034,-0.13804452232507075,0.017570070325744255
2516,-0.065478444,-0.15717864,0.009482071,0.008275713,-0.10574845432639918,-0.1605540909937812
2517,0.039399426,0.026417233,0.010264199,0.008936967,-0.008193039656928754,0.029868761025729437
2518,0.22652902,-0.08361056,0.013299446,0.010267546,0.24041867047325274,-0.09471078935616899
2519,0.29675007,-0.055552863,0.07889512,0.06683603,0.09065714151384692,0.018535386641734097
2520,0.49115553,-0.30976263,0.014547133,0.010921986,0.4592903149489932,-0.30703035459287037
2521,0.03448221,0.066696085,0.009089241,0.008556676,0.004759049717570899,0.06247914050022488
2522,0.06966163,-0.16708058,0.007970616,0.008610934,0.04165179028410381,-0.15748969527052709
2523,0.064014375,0.031825937,0.015775666,0.013137282,-0.013744243211856525,0.033878323903557085
2524,-0.57539743,0.47107577,0.022165742,0.02068172,-0.6255291083636859,0.4579069689469725
2525,0.70194316,-0.47090974,0.013364144,0.011066488,0.6954821606205981,-0.47354509279934104
2526,0.1514131,-0.46480593,0.019090898,0.026399048,0.04714807537190055,-0.47316014454696825
2527,0.07342507,0.052333735,0.009386536,0.0081696715,0.023732746933176955,0.04799425607240139
2528,0.41612646,0.25147307,0.019277897,0.013022415,0.35411310982370814,0.2352144898776315
2529,0.016901758,0.008587382,0.007793915,0.0071409154,-0.010364393976212347,0.016194683481900382
2530,0.11477612,0.2398667,0.008360339,0.011062926,0.08222350119533774,0.2394870521898832
2531,0.3469097,-0.0934243,0.04824888,0.029941002,0.15048969004079918,-0.09718411229976075
2532,0.050136905,-0.022976972,0.008821992,0.007680697,0.013062312693029425,-0.017679862155291198
2533,0.087724835,0.02852849,0.01161631,0.00927421,0.018763330271407114,0.025315272253542305
2534,0.4900058,-0.07161098,0.035272215,0.014220228,0.36693110996149864,-0.07837906366712145
2535,-0.43161398,-0.16480786,0.032821942,0.018287446,-0.4265926486738082,-0.12803076968590568
2536,0.05939569,0.100781135,0.007880141,0.007230341,0.02565374846869998,0.08879339365700767
2537,0.21988764,0.04723072,0.01255489,0.0078491345,0.1843086046023179,0.05228717825308867
2538,0.10703005,-0.047292225,0.02121619,0.016888777,0.018709179963636472,-0.037768312999266154
2539,0.81307113,0.028551385,0.020017114,0.0058936924,0.7909154616840542,0.03182835274544396
2540,0.06988819,0.06432894,0.009583738,0.008316886,0.02977997561127433,0.06626011069038977
2541,0.012105538,-0.14001356,0.010001041,0.010049779,-0.02880049528567801,-0.10954078432606847
2542,-0.31384352,-0.12756738,0.023525506,0.01411628,-0.41257618849849514,-0.12525085242743061
2543,-0.14268722,-0.3173105,0.016636722,0.019945253,-0.2109406655108379,-0.3131523576929148
2544,0.12977761,0.014263741,0.01884456,0.013752198,0.03387896675552087,0.0033850178162087136
2545,0.2853157,0.29774117,0.01073606,0.010649988,0.26105204223197054,0.2978409304811975
2546,-0.056118384,-0.5188914,0.012449992,0.01898611,-0.09292727144372841,-0.548924250912255
2547,0.03523556,-0.0076282183,0.010086368,0.008307346,-0.009909425982913892,-0.005541256926973456
2548,0.53419054,0.20813826,0.02531624,0.013521968,0.45483883944969977,0.20704694606648444
2549,0.0054587224,-0.10203962,0.009826466,0.0087392,-0.03749203613600724,-0.09388929611173527
2550,0.11890101,-0.8309436,0.010212281,0.024160607,0.04496392764819464,-0.819315862537839
2551,-0.08703846,0.005310095,0.010647602,0.0076742815,-0.12160468998321136,0.005546529300415675
2552,-0.056994677,-0.2669299,0.039326034,0.040312022,-0.18477248108078903,-0.2304989750319452
2553,0.1763553,0.1779435,0.010487653,0.010855672,0.12857059607450652,0.16734526057117446
2554,0.058240876,-0.036086056,0.01897604,0.016214559,-0.04753355118159599,-0.02452199323701538
2555,0.18626395,-0.02087273,0.016884193,0.0108827865,0.09543707454696557,-0.018983873642682367
2556,0.021670781,0.026753455,0.008314824,0.007980371,-0.005949112545240383,0.036652894193133494
2557,0.6502446,0.10424489,0.018554509,0.006017414,0.6253092347803997,0.10405687948642073
2558,0.013057815,-0.06857051,0.010611983,0.009512544,-0.02955834105737864,-0.07040800079615148
2559,0.04992559,-0.008162447,0.008883316,0.0073894816,0.012044078537236763,-0.0068414727285678895
2560,0.08932312,-0.19801545,0.008441788,0.00884284,0.06398848510676118,-0.19007896992597786
2561,0.04758275,0.10694019,0.010671665,0.010004352,0.005360928595987701,0.10388552186339614
2562,-0.53128266,0.09936007,0.028321741,0.01246835,-0.5943142162961831,0.10328237793437046
2563,0.42274767,-0.037023894,0.017628111,0.006457292,0.37178884083199976,-0.03454327384586489
2564,0.15269856,-0.1943801,0.011565053,0.01410958,0.09946009407293,-0.1918857123361122
2565,0.049333937,0.0998155,0.018751083,0.016428325,-0.03972963227333622,0.08474304220735018
2566,0.076434076,-0.19251955,0.009993959,0.012678646,0.032108944766233945,-0.18905372115009675
2567,0.014640041,-0.0033454606,0.009671935,0.008779993,-0.032506225954669433,-0.005667371656478722
2568,-0.48961115,-0.7770115,0.01046689,0.015684955,-0.4945628233707619,-0.7434709472665949
2569,-0.21592514,0.23933086,0.00908936,0.0110269105,-0.2324491958498755,0.23076149557965728
2570,-0.16088979,0.53100234,0.008126477,0.020049272,-0.19207525118649313,0.5339580650822011
2571,0.0359643,-0.09251806,0.01574574,0.013828132,-0.06490512120606907,-0.08390739524581498
2572,-0.014408827,-0.08915424,0.010786066,0.009047478,-0.06655000038671247,-0.08158770571170437
2573,-0.023178201,0.31112346,0.024237158,0.025415903,-0.17107904989124145,0.3193977235570437
2574,0.016210588,-0.00434357,0.008996741,0.0075451103,-0.027201894556821985,-0.007389518499460766
2575,0.3013001,0.08849432,0.012834442,0.007170199,0.25846665054189105,0.08810373986071852
2576,0.31140006,0.19201195,0.015100236,0.0114391465,0.2514698743230087,0.18704116155697795
2577,-0.54678136,0.2286582,0.014435277,0.009880344,-0.5667334136010935,0.23473668614656482
2578,-0.102406494,-0.31092244,0.009264534,0.010658514,-0.14096488442096033,-0.28825533176423873
2579,0.2506939,0.15565664,0.014360894,0.010862376,0.19077768577561194,0.15577737866247443
2580,0.12479611,-0.082023606,0.015724266,0.012861331,0.03782057671205247,-0.08718043771852393
2581,0.0997884,-0.39647758,0.012141242,0.018664187,0.03710331384207138,-0.3747263022931676
2582,-0.1406247,-0.246524,0.009639112,0.009219243,-0.18012067171812526,-0.2408882099952107
2583,0.69745713,-0.023639366,0.04739587,0.013351642,0.5908085453923715,-0.02601625561247273
2584,-0.36115074,-0.37048808,0.01164471,0.009762298,-0.3814780156412594,-0.3558633434842418
2585,0.018416261,-0.0006389404,0.008409161,0.00721238,-0.009930035238781908,0.005841741700626847
2586,0.044679027,-0.022442028,0.010037155,0.008763089,0.005854199730566784,-0.01608392235369956
2587,0.28549126,-0.02891092,0.037819795,0.023217864,0.08366679404503909,-0.03229419840146343
2588,-0.15383889,0.0580631,0.015148496,0.011538335,-0.18479155127140073,0.056098133795904344
2589,0.7676679,-0.17854318,0.023979861,0.007822549,0.7242767871979486,-0.17946954785665847
2590,-0.0966562,-0.11157278,0.009667094,0.007931993,-0.12466457201720132,-0.10519423249083985
2591,-0.18275912,0.23144712,0.009876752,0.01348882,-0.19863225759383257,0.2216233317758672
2592,0.058444276,-0.033637494,0.011111032,0.009292276,-0.001181992248970145,-0.02788855338729508
2593,-0.34678555,-0.35841265,0.011019778,0.009916792,-0.3720288644188527,-0.35465051820177246
2594,0.028090563,-0.0710785,0.008335513,0.0074301763,0.0024282301819024705,-0.08293798251416551
2595,0.2684491,0.10040548,0.01252475,0.0075506656,0.22156097299602076,0.09369799055568472
2596,0.6675855,-0.5030843,0.018547138,0.014531936,0.6235683019826792,-0.5001094699241
2597,0.1390723,0.3013311,0.024499273,0.025960414,0.01205705602299399,0.2709382262108639
2598,-0.10399595,-0.0792822,0.008513893,0.0075178533,-0.14372397379061166,-0.0816377541298427
2599,0.123363234,0.1657635,0.0112838475,0.0107223075,0.05951152983932491,0.1551042034800336
2600,-0.44877917,-0.15746008,0.015138279,0.0071356767,-0.45767117963962184,-0.14293747777823348
2601,0.07300456,-0.044449843,0.010952689,0.009500297,0.027918427623724193,-0.033970708594081266
2602,-0.0135241095,-0.018127866,0.008868665,0.0074316096,-0.05366860553065441,-0.009357297240860676
2603,-0.09578343,0.13349947,0.011155831,0.011156071,-0.16246426726942395,0.13178032565918962
2604,0.07045346,0.09567092,0.008356082,0.008036612,0.044976597606822336,0.09955098889956962
2605,-0.5540172,-0.18802543,0.026079817,0.011642065,-0.618164751373913,-0.18337674072637958
2606,0.2897545,0.31333262,0.014804754,0.016157432,0.22061154552142015,0.3081828170734634
2607,0.07435565,0.17778045,0.011099714,0.011588143,0.014312737408222165,0.18454363829698145
2608,0.79236454,0.08564021,0.045628898,0.012203349,0.7265654099036181,0.0915224447247673
2609,0.2044815,-0.5261449,0.008647803,0.014408149,0.16273942232604896,-0.5090862114758974
2610,-0.017687555,0.142185,0.009162008,0.009431125,-0.058666122621947966,0.14649850849448054
2611,0.052464105,-0.010040135,0.010068901,0.009085327,-0.0028241340537322425,-0.014178540433998086
2612,0.30340764,0.23312521,0.014321883,0.0112479925,0.24397652786543247,0.21848790416293207
2613,0.02823905,-0.001402379,0.011478674,0.00955551,-0.0220582332803753,-0.0033998201268760748
2614,0.09526485,-0.25097203,0.012349205,0.014248512,0.038094071106416175,-0.23622224106387293
2615,0.36569506,-0.17174983,0.015299721,0.009441386,0.3162892187019673,-0.16442309012898562
2616,0.043306448,-0.19027874,0.010544512,0.01057299,-0.007906926507930127,-0.18611681940989966
2617,0.19271338,0.23893875,0.011706569,0.0138915125,0.16990001236219812,0.25301719401142625
2618,0.15011904,-0.6074841,0.011353863,0.024383873,0.08625141509307808,-0.5636847116034306
2619,0.07157438,0.2571814,0.018103769,0.019355828,-0.03844893756187663,0.22427363034865633
2620,0.13522734,-0.047047123,0.010339477,0.008191505,0.09014172198789609,-0.037794918818968806
2621,0.6893128,0.42861032,0.020442,0.013988843,0.6451806573198382,0.4338875358212345
2622,0.042481326,-0.017700493,0.008526421,0.0072103743,0.02021236421777315,-0.015395277846000697
2623,-0.029526014,0.045188703,0.009629313,0.007933997,-0.06034718409143644,0.05309687165687476
2624,-0.45694655,0.058422416,0.016879736,0.0073252106,-0.4710332920945484,0.056014920181498146
2625,0.4250642,0.4068072,0.015359592,0.014667041,0.3685135004462844,0.39187218441291827
2626,0.40721333,0.39547968,0.061620798,0.056012314,0.137002455097842,0.415812695569438
2627,0.51273006,-0.5329679,0.015149668,0.011658463,0.48855599573867337,-0.5258047328593878
2628,0.14008068,0.012238174,0.010260305,0.008246415,0.10127468100977403,0.01296020052832227
2629,0.4850563,0.1162028,0.02066506,0.008364194,0.4335056314601917,0.10852272489326596
2630,-0.061129496,0.17423002,0.008468501,0.0084675485,-0.10496638223814089,0.16784112581518523
2631,0.07223764,-0.037778348,0.014800523,0.0125367455,0.002764089484722859,-0.04196672404076621
2632,0.10322833,0.013735346,0.015604794,0.0121227605,-0.007331436462735741,0.005775272594693128
2633,0.3014471,-0.0673485,0.017397929,0.009808394,0.1934033866421635,-0.05365956844871846
2634,0.07240523,-0.063898094,0.008516847,0.0077869995,0.035972321408579894,-0.06055479378972971
2635,-0.18919986,0.7810837,0.006745716,0.016357506,-0.21781090156790306,0.790632521513913
2636,0.24079403,0.008562743,0.015558084,0.009212319,0.1630661693402798,0.018288233733954037
2637,-0.086424254,-0.20177057,0.010488361,0.010654053,-0.12107912996847073,-0.17700716318479656
2638,0.10036549,-0.019082136,0.039780494,0.03301404,-0.16714077450957485,0.024251333890489807
2639,-0.03198844,0.019521512,0.009528242,0.007560449,-0.05979669263903002,0.02179148087236226
2640,-0.014104642,0.06332665,0.010416989,0.009126533,-0.06471006573703357,0.06579135101197996
2641,0.06420585,-0.23005241,0.009323234,0.008678465,0.02996106909104924,-0.21603726449366134
2642,0.61348534,0.14349473,0.015817322,0.0064701885,0.5833653538311969,0.1457780294570621
2643,-0.017554225,-0.09910828,0.009240203,0.007847868,-0.053830950765843974,-0.09186530339886435
2644,0.03436628,0.04602482,0.010024056,0.009025068,-0.019593120327147728,0.037488918214863616
2645,0.032797832,-0.14982316,0.010299597,0.010391462,-0.019637766155118953,-0.15192248623782412
2646,-0.25244087,-0.2668704,0.01064088,0.009346846,-0.28059247059971965,-0.2582122285544774
2647,-0.033346172,0.038117148,0.011014354,0.00881895,-0.08681350874976594,0.04273814740421798
2648,-0.018289495,0.65124583,0.0076437993,0.014693967,-0.05060325782436497,0.6416663524567211
2649,0.06138058,-0.3796641,0.017321777,0.020851769,-0.05348043714207246,-0.3654181924801405
2650,-0.026749246,0.0772857,0.009243629,0.0085779475,-0.06107836063361618,0.07992578709352509
2651,0.059082422,-0.124870025,0.008405379,0.008209886,0.027062171433313673,-0.11989108098574543
2652,-0.1116831,0.44244152,0.0118075395,0.0195734,-0.16376214978775092,0.39391345494900915
2653,0.10771595,0.11430903,0.01906505,0.016418673,-0.009491045481017903,0.09543238934626308
2654,0.30340764,0.23312521,0.014321883,0.0112479925,0.24397652786543247,0.21848790416293207
2655,-0.23395513,0.36908048,0.009763548,0.015782181,-0.2399113243010252,0.34008584064921615
2656,-0.066600814,-0.018657953,0.009790343,0.0077631525,-0.10303287313287421,-0.01453711180389878
2657,-0.69526905,0.064402126,0.02730436,0.009267839,-0.7373233206584267,0.07321049919248881
2658,0.2514374,0.06693259,0.015674978,0.009247639,0.17733717055427134,0.06636631435182505
2659,0.27124697,0.15878141,0.034918167,0.027517123,0.12262148920754988,0.15415732936885143
2660,0.056596935,-0.06561232,0.010003754,0.00859425,0.021159718529235406,-0.05993601160457892
2661,-0.02086379,-0.0706811,0.010248624,0.008677442,-0.07014131181207293,-0.07226307543502049
2662,0.7869922,0.05499539,0.03224866,0.00888085,0.7093195405277177,0.05078521902705894
2663,0.025073033,-0.21824586,0.0082978,0.008730873,-0.0020491805967999587,-0.19998306684189834
2664,-0.1715027,0.07397013,0.010700678,0.0108347,-0.15756548672029919,0.05225012544763698
2665,-0.01323371,-0.09325748,0.008396395,0.0076437653,-0.03864447756390032,-0.0768312288935272
2666,-0.34508035,0.46057838,0.014248784,0.018788436,-0.3983269765174059,0.4540088961567552
2667,-0.11515099,-0.13176413,0.009122909,0.007462977,-0.14835907648954483,-0.12570275689215954
2668,-0.0012455448,-0.017528139,0.008972638,0.0077319806,-0.03463736982595768,-0.02086038187021259
2669,0.6290534,0.3292435,0.027404927,0.017770378,0.540382230492181,0.31838172906483897
2670,0.14796859,0.16344877,0.008480441,0.007598494,0.11186853474059678,0.16893052272731143
2671,0.1484656,-0.19895881,0.031969402,0.027171303,-0.017344792062942177,-0.20697517407236465
2672,0.0005493802,-0.1392215,0.008288814,0.00797177,-0.018613371074127968,-0.13638633977334114
2673,-0.06423131,0.061414674,0.009253314,0.007842506,-0.10395273734268043,0.06821562109178327
2674,0.47357264,-0.4992802,0.021857874,0.026531454,0.4352514835197371,-0.49938595244674017
2675,0.04187313,0.18662083,0.013949995,0.014936973,-0.04409140448950001,0.18762963385433548
2676,0.44069234,-0.06931432,0.018654205,0.0082446,0.389980022884855,-0.06942524144233074
2677,0.082204655,-0.07402257,0.0110240225,0.010315309,0.036700042204749726,-0.0675804405734797
2678,-0.06877959,-0.06324637,0.0090441145,0.0071284766,-0.1083464043130923,-0.05958038230261228
2679,-0.0046317945,-0.23245572,0.008155328,0.008074834,-0.03456568579447878,-0.2215677146721915
2680,0.048795354,-0.021684185,0.0085552605,0.007419355,0.01576356320571745,-0.021284713352345126
2681,0.045772646,0.34129664,0.010355993,0.014064475,-0.003452084109600983,0.35233026908443493
2682,0.0769845,-0.030702233,0.020041184,0.016222227,0.008558509331534521,-0.020854000436509746
2683,-0.08983676,0.04706183,0.010643711,0.009284611,-0.14820940585080097,0.053825700706109085
2684,-0.0748654,0.204243,0.008063804,0.009716442,-0.09930735234258996,0.2058408860735245
2685,0.05085009,0.0040742336,0.014294499,0.012048095,-0.01571266233874861,0.009695979751299884
2686,-0.3831421,0.008438951,0.013702501,0.0061486345,-0.3967074208616242,0.010849722710628031
2687,-0.07954101,0.12481247,0.008429493,0.009840611,-0.11471773654625086,0.12552941409700516
2688,-0.14056595,-0.07673199,0.011861848,0.008701479,-0.17916780878193006,-0.07626023469209384
2689,-0.45649797,0.155911,0.0128149055,0.011280046,-0.4744584955217856,0.16184431123915644
2690,0.031642903,-0.04360146,0.016758995,0.014730638,-0.044049367714969014,-0.041387135726430706
2691,0.2731474,-0.056366004,0.015425211,0.009312222,0.22449466670830154,-0.06100536879577341
2692,0.09421402,0.07050578,0.007864527,0.0067791184,0.06816698899421407,0.07534300829478395
2693,0.040946472,0.021471836,0.008796822,0.007426465,0.0035084729910072002,0.01861059913457985
2694,0.2427728,-0.04351623,0.015221173,0.009326891,0.1796215271594021,-0.03568362679941163
2695,-0.07284571,-0.10333864,0.008243533,0.0069495025,-0.0983262492483289,-0.09513762630658582
2696,-0.059568897,0.4864007,0.008502073,0.015901843,-0.10180139138946741,0.4999035123852456
2697,0.064120986,-0.110010825,0.018027319,0.015579764,-0.06827898126955471,-0.09642339873098439
2698,0.2505131,0.1711463,0.011108671,0.009057666,0.20864515527606195,0.16537321256738854
2699,0.89021033,-0.16450682,0.03050014,0.008453972,0.8458464579934999,-0.1593068848631734
2700,0.12660773,0.15315294,0.010084361,0.0087446235,0.08234135902160249,0.15306966251834428
2701,0.29763424,0.6601809,0.0155063225,0.027695391,0.2202475908411616,0.669308001455405
2702,-0.080471635,-0.19661747,0.009047658,0.007997916,-0.11872963072156574,-0.18298130775077143
2703,0.087324105,-0.31148958,0.04002402,0.040509496,-0.1302061543453987,-0.28663670368636324
2704,0.08854853,-0.26407906,0.008928333,0.01071462,0.0529185913574878,-0.26096279263689254
2705,0.4218042,-0.67610747,0.009689998,0.015190759,0.3866643964483441,-0.6621333174426389
2706,0.42216232,0.39401135,0.012857625,0.01079774,0.3921113707501383,0.3877009224527003
2707,0.13022766,-0.17894751,0.00847063,0.009627781,0.10733590130005055,-0.17322061661915764
2708,0.013760835,-0.011100144,0.009819384,0.008200872,-0.026921653994316404,-0.010028169144774703
2709,0.038647305,0.0058279475,0.008614001,0.0070393384,0.018725062445750527,0.0068329410166372345
2710,-0.33855224,0.17676637,0.0107703805,0.009719423,-0.35933986353355696,0.18137297479453826
2711,-0.50072587,0.12566277,0.023124995,0.011700393,-0.5040347109511557,0.12225241658301296
2712,-0.009136489,-0.05020555,0.010083182,0.008538,-0.052285916351359124,-0.049275789423595194
2713,0.06902449,-0.01941929,0.010993131,0.009426366,0.017522285544339718,-0.015269876253001826
2714,0.08007078,-0.12788436,0.00870063,0.007851747,0.053831070283500176,-0.10166501288902528
2715,-0.0012745024,-0.64572227,0.008086272,0.016575335,-0.034191199534807835,-0.6152045767641297
2716,0.18003373,0.078807734,0.027685694,0.02129855,0.048742290540529885,0.06696841239851933
2717,0.081998475,0.013585544,0.010856113,0.008926127,0.04164645892631592,0.013614556638814234
2718,-0.16762394,0.05938558,0.013086268,0.010132479,-0.21673946415249182,0.06642270963352967
2719,0.112500064,-0.33301547,0.030482566,0.031243945,-0.08948682236745932,-0.3349837058422829
2720,0.017987099,-0.4499544,0.013623832,0.01864131,-0.06176329989554071,-0.4222241086683412
2721,-0.05845929,-0.07514968,0.009177246,0.0075836787,-0.09501113616947095,-0.06920443025435058
2722,-0.107036136,-0.5851597,0.0077662356,0.012973045,-0.1423442073705876,-0.5795588264427551
2723,-0.032334425,0.0811926,0.010135107,0.009660222,-0.06859522014658126,0.0849588204185555
2724,0.045944348,0.07685876,0.009082036,0.008084979,0.004820599474397128,0.08050997386763303
2725,0.39991227,-0.73175496,0.021100061,0.03485671,0.306474552720347,-0.7289932410145943
2726,0.050188392,0.026929975,0.008209008,0.007002026,0.0212943233910643,0.03004068283864679
2727,-0.0665204,0.15516761,0.00858611,0.010903227,-0.07819652176516764,0.14676102781624825
2728,-0.073181264,0.4041046,0.007331787,0.0116383545,-0.09627028472912619,0.40372823155407145
2729,0.11308858,-0.011376073,0.018682756,0.014152555,0.024114260056145954,-0.004841083873675906
2730,0.11943964,-0.37821424,0.0076403692,0.011161262,0.08936012738850302,-0.3711097838476411
2731,-0.07394223,-0.015286976,0.008432803,0.007028261,-0.10387857029087762,-0.008800719003292311
2732,0.07568981,0.00050906,0.011598048,0.009520755,0.019496406338127235,0.003872582757614827
2733,-0.036240473,0.032645173,0.009637814,0.008540343,-0.06049839530631197,0.03597548841261328
2734,0.0769845,-0.030702233,0.020041184,0.016222227,0.008558509331534521,-0.020854000436509746
2735,0.025164172,-0.023082912,0.009913227,0.0085380515,-0.007736605848155866,-0.020614546882578178
2736,0.06474003,0.5267739,0.007565717,0.013000067,0.040296714169417824,0.5252217636237122
2737,-0.5159179,0.060629927,0.017134413,0.0073540234,-0.5230070317648009,0.06367584626803871
2738,0.08316964,-0.2173329,0.008483513,0.008738926,0.054548912645051864,-0.20761283350539242
2739,0.6071203,0.39281595,0.01550738,0.011055665,0.5813712553238591,0.39672604178398274
2740,-0.006255736,0.47723657,0.010336291,0.015994137,-0.059579934497818614,0.4520684674832704
2741,0.08325313,-0.73743427,0.006918577,0.015928527,0.04707749162207595,-0.7345739177277038
2742,0.3369829,0.15049966,0.0133947255,0.007719582,0.29412511962220245,0.14475338810253438
2743,0.07179244,-0.13298465,0.009687282,0.010535654,0.03210148264629001,-0.12762290902089043
2744,0.047579523,0.38703004,0.008868901,0.011482451,0.01585058129347653,0.3866136620794386
2745,0.024866255,0.09566955,0.008257129,0.007385105,0.002994885812238632,0.12164594947412856
2746,0.05487843,0.271516,0.00977004,0.011776032,0.005816144447126222,0.27506194256234745
2747,0.8378945,0.031484477,0.020995703,0.0066349898,0.8241731883749893,0.03468933882697039
2748,0.06884794,0.2785489,0.0077849245,0.009408678,0.04028542320587245,0.28308324270423335
2749,0.017367814,-0.10589417,0.012836327,0.011049943,-0.06433220103736563,-0.10648894313894097
2750,-0.24969359,0.14646481,0.012109913,0.011106343,-0.2821173074358734,0.1502879419757044
2751,0.41256565,0.13881275,0.020903597,0.0111403745,0.349474655113598,0.13842132924856346
2752,0.22573523,-0.120533265,0.022064181,0.015588046,0.11203734358420489,-0.11524358897085964
2753,0.1484656,-0.19895881,0.031969402,0.027171303,-0.017344792062942177,-0.20697517407236465
2754,-0.48307997,-0.56953716,0.010515729,0.011833818,-0.49673311222626926,-0.5564052101761968
2755,-0.102406494,-0.31092244,0.009264534,0.010658514,-0.14096488442096033,-0.28825533176423873
2756,-0.18789773,-0.37622577,0.015647866,0.02062253,-0.2741703890368387,-0.3783384763035266
2757,0.45739126,0.5017494,0.025352502,0.02851306,0.3520989707599378,0.5058543062259503
2758,0.17591104,0.4704381,0.010091915,0.020548245,0.13517902480432117,0.47257746990277044
2759,0.0052816686,-0.014442475,0.00846602,0.0075706113,-0.023073896173766168,-0.01619784428817225
2760,0.037047032,-0.03194338,0.010298063,0.009128164,-0.005432034823155568,-0.030515179172660292
2761,-0.3026876,-0.7631885,0.0076447455,0.015591611,-0.3273834471797387,-0.7437936860234697
2762,0.5210558,0.36402112,0.013505404,0.009257538,0.49271289055331785,0.3651596688770373
2763,0.049882695,-0.03530339,0.01396457,0.0116398465,-0.02631862549920625,-0.03391739907043235
2764,0.34335262,-0.2068671,0.026645958,0.01878209,0.2272643633032891,-0.22143265101760878
2765,0.01524017,0.006689205,0.008767162,0.007420025,-0.022998791487263123,0.017623393786717383
2766,0.05864482,-0.011447304,0.010072913,0.008678252,0.018975495861142423,-0.006565701323833495
2767,0.03497984,0.018768273,0.009364805,0.008284611,0.0022729939457922237,0.02000872649615394
2768,-0.10285332,-0.07900917,0.009331383,0.00738375,-0.13799472684017675,-0.07654823574023999
2769,-0.07836226,0.36543226,0.00980817,0.014921356,-0.11699220363109471,0.3431345897235039
2770,0.037475005,0.08941821,0.011396528,0.010670473,0.002046813358369709,0.09856357828313461
2771,-0.025306724,0.3094834,0.007934427,0.010601513,-0.06142544814354929,0.3036645714282626
2772,0.04821334,0.009592897,0.010521156,0.008941509,0.005568491528796394,0.011133654782735482
2773,-0.019051395,0.0742182,0.009933056,0.008454847,-0.05210108762662565,0.07598389315011315
2774,-0.03850276,0.098620504,0.009340005,0.008891932,-0.07309054390513349,0.10058875961632131
2775,0.08170807,-0.028613392,0.014598005,0.012205804,0.01519800652098551,-0.02391050452488936
2776,0.46403012,0.6982202,0.011973403,0.01868172,0.4522398087550352,0.7197623853803489
2777,0.03371876,0.013518347,0.010209685,0.008712922,0.0005433601324152648,0.016101522126942686
2778,-0.11179344,0.14629334,0.008902103,0.008602143,-0.1297136579283548,0.13238364482883594
2779,0.22007838,-0.041250307,0.013371436,0.008882284,0.15697956246088285,-0.036585676256141356
2780,0.45132142,0.056375474,0.023185095,0.009135176,0.36946974334313215,0.050517615983279744
2781,-0.006351068,0.41646898,0.007645101,0.0106884,-0.03152881530920262,0.4276771950535443
2782,-0.27845752,0.3450291,0.012227917,0.015321091,-0.31733701100254,0.33709528120630705
2783,0.075167075,0.01993803,0.010891136,0.00902581,0.014021634070105581,0.011300661691768488
2784,0.092426956,-0.1465984,0.011022843,0.011007114,0.03447619629483671,-0.151927985627419
2785,0.00987583,-0.09346338,0.011734846,0.010931274,-0.05316334933423461,-0.08726929560413772
2786,0.26131868,0.17918685,0.0094099175,0.009080119,0.23471702514979545,0.18580787244494754
2787,0.031691547,-0.023067348,0.008188317,0.007689354,0.009929507851621165,-0.0160806694738815
2788,0.36005795,-0.1867722,0.015467703,0.0110971695,0.3058579989530907,-0.17265206968206342
2789,0.037693955,-0.020537145,0.008694367,0.0074611525,0.012443146680888244,-0.011790325425601702
2790,0.05146862,-0.13619871,0.07471714,0.07075638,-0.3226986481682418,-0.13298269184555414
2791,-0.2846023,0.26385522,0.014364891,0.017472861,-0.30481353131951455,0.23985592986556323
2792,0.05007405,0.044953793,0.011365178,0.009821648,0.006853113286160509,0.04973926713439914
2793,-0.63901716,0.70911324,0.013433776,0.014728465,-0.6582106671873322,0.7035580765408931
2794,-0.39028484,-0.046395216,0.04677378,0.026049012,-0.4852961486232832,-0.023869591564373197
2795,0.034226585,-0.015225002,0.008687394,0.0078436285,0.009500687019417515,-0.014330057199474774
2796,-0.013190299,-0.33013535,0.008535995,0.011290624,-0.04673034250257502,-0.3083165448138286
2797,-0.22178102,-0.0037927488,0.011979881,0.0069812797,-0.24793451886233672,0.006801393941563312
2798,0.30764204,0.040434677,0.017961165,0.00890793,0.27697049812140606,0.04791173782632886
2799,-0.014279256,0.011305145,0.010101356,0.008628205,-0.055471299280230646,0.009608729695906978
2800,0.035270795,-0.015568183,0.009020605,0.0072241193,0.006544127519621171,-0.010836191162280379
2801,-0.026873734,-0.34090364,0.0077177365,0.009246155,-0.05520122865722284,-0.32784343638334207
2802,0.043847278,0.087636724,0.009215989,0.00857012,0.007126771533347437,0.08978438719372674
2803,0.66694224,-0.494165,0.021358214,0.017246133,0.6224779218373183,-0.5032567904552859
2804,0.64610696,0.15063414,0.017865734,0.0057989974,0.6351581105674492,0.15328544512711056
2805,-0.019008534,-0.23291484,0.011949491,0.012049909,-0.0668467058997197,-0.19783705395149984
2806,-0.03227543,0.15372595,0.008025962,0.008533129,-0.0585687919139738,0.1654025959930517
2807,-0.21495648,-0.027994633,0.017167695,0.0104661705,-0.3035018942497353,-0.024772854670152847
2808,-0.050373815,-0.037120976,0.008228162,0.007229367,-0.07447633711460686,-0.02738131926486933
2809,0.65221626,-0.21142705,0.014494967,0.006443418,0.6491989874353378,-0.2085047410893928
2810,0.07309635,-0.12337383,0.012641176,0.012131819,0.006779651397076313,-0.12063250938972547
2811,0.09372282,0.22775324,0.00786784,0.008021325,0.07085508363968296,0.2360016137388036
2812,0.115764566,-0.089103766,0.016787015,0.0136461295,0.030616034611049205,-0.0944989168681024
2813,0.1220902,0.25615653,0.008934359,0.011528074,0.07945466556103688,0.24784014463103266
2814,0.18196149,-0.5765336,0.007958435,0.014589093,0.14628768553054708,-0.559233719788264
2815,-0.38769093,0.46579558,0.011680294,0.021040345,-0.4128108239199084,0.4686579577026727
2816,-0.25455338,-0.011171692,0.0139135495,0.0073356787,-0.29145715805057265,-0.005902063611098464
2817,-0.23161303,-0.73108,0.009304808,0.019303773,-0.2833390231832919,-0.7328156250875835
2818,0.03245712,0.024968617,0.008569091,0.007552265,0.0014136549000731973,0.024937155982115513
2819,0.019153632,-0.04648991,0.007960799,0.007490414,-0.0027014064212276083,-0.036527261123283646
2820,0.04344291,-0.017864622,0.008785124,0.007882255,0.014122498693996283,-0.012620181859830213
2821,0.012066089,0.23292929,0.0074373404,0.008637261,-0.011218898475607895,0.2324282974721863
2822,0.06715989,0.17574711,0.008693894,0.009574132,0.027912803652207822,0.162989009080603
2823,0.104368925,0.053227507,0.008854368,0.0069074305,0.07298484536381807,0.05971226831106589
2824,0.10703005,-0.047292225,0.02121619,0.016888777,0.018709179963636472,-0.037768312999266154
2825,-0.06974694,-0.0174307,0.008738566,0.0069012977,-0.09009313863916381,-0.010393026469410573
2826,0.073364586,-0.2627821,0.009005482,0.012185504,0.04724073375308692,-0.2625440584881277
2827,0.28043753,-0.07059673,0.030737381,0.018821053,0.15599033574309323,-0.056113014452511954
2828,0.12778899,0.036573544,0.011269468,0.008445501,0.08028100832097874,0.0322255475140616
2829,0.32329464,-0.016450115,0.019396225,0.009128533,0.28680871501472,-0.018733987767544976
2830,0.07529293,-0.2392253,0.007836142,0.009343385,0.04256598780696633,-0.1910943896343209
2831,-0.3391235,-0.04830289,0.016992258,0.0084578665,-0.391675250764238,-0.04374295480914895
2832,-0.042924628,-0.023731187,0.016590878,0.013959607,-0.12399663819579652,-0.02421840514952484
2833,0.019133478,-0.037158206,0.0082004955,0.0073513365,-0.0068608546852175776,-0.029154398435498885
2834,0.7841655,0.23911132,0.057915762,0.027338486,0.6876107767189262,0.2585008312830734
2835,0.35621965,-0.1488036,0.012319531,0.008009356,0.3308962023357201,-0.15275293551749364
2836,0.013057815,-0.06857051,0.010611983,0.009512544,-0.02955834105737864,-0.07040800079615148
2837,-0.117522985,0.4008997,0.0108376,0.017593073,-0.1757171232741821,0.39375421466709704
2838,-0.014482737,0.22356373,0.009974603,0.011592105,-0.04025315632922141,0.1698203582947076
2839,0.70212746,0.077378646,0.022009606,0.007044799,0.6975963388253166,0.07958338750208706
2840,0.04264698,-0.056419343,0.01255536,0.0114683965,-0.0016826995943440442,-0.04885238539204911
2841,-0.4249475,-0.15368335,0.015180198,0.0075512864,-0.4624396916961423,-0.15033502847638822
2842,0.13693331,0.4866063,0.008213501,0.013306314,0.1059583673148907,0.49160314798466176
2843,-0.20990112,-0.45074838,0.008772834,0.013718845,-0.23253613049167024,-0.42383304824196366
2844,-0.047024954,-0.023285545,0.0107275685,0.008181684,-0.05102939841285715,-0.012292417531608412
2845,0.037183095,0.0008322438,0.009343193,0.008125031,6.1008168312363514e-05,0.0036342741076446725
2846,0.079591244,-0.10388992,0.0082740355,0.007950552,0.05320680213007351,-0.09910579257857251
2847,-0.6654271,-0.040983222,0.025405737,0.007812608,-0.6986176409843959,-0.03604568405433159
2848,0.010952447,-0.00327509,0.008231,0.0071820645,-0.02655748555539585,0.0014067113452129918
2849,0.07803093,-0.49688888,0.0069271014,0.009796757,0.05020479922946133,-0.47370631454909684
2850,0.23908351,0.47262013,0.014830946,0.022241205,0.1678480141821076,0.4670502033022927
2851,0.064120986,-0.110010825,0.018027319,0.015579764,-0.06827898126955471,-0.09642339873098439
2852,0.07941547,-0.3710847,0.014202949,0.019720323,0.014523890796147338,-0.35826083206719267
2853,-0.11832217,0.101735875,0.0094844345,0.008951808,-0.1542883658037627,0.10703623476365598
2854,-0.20860837,-0.742071,0.0069170385,0.015131236,-0.23393855266662397,-0.73548440500788
2855,0.05419034,-0.0034590373,0.009001348,0.0072354153,0.02616702373657027,0.0032608028559070854
2856,0.061901547,0.04126606,0.0086097475,0.007546182,0.029668924010800405,0.04272700408870863
2857,0.41119212,0.087908395,0.02399499,0.0099628605,0.3647459014681789,0.08901873478994345
2858,0.036127042,-0.038071945,0.008838889,0.007416848,-0.0018736497852289832,-0.033080008214420864
2859,0.035114642,-0.2643499,0.03217109,0.03199933,-0.15299833291659792,-0.2669554585246721
2860,0.048144776,0.0111945635,0.017331265,0.015025194,-0.03754600728386058,-0.004057632879872437
2861,0.49666408,0.24427253,0.016851135,0.008960668,0.45663054146399557,0.24654357988914546
2862,0.011566069,0.7086303,0.008151189,0.017570192,-0.0321773365850317,0.6921199905938202
2863,-0.026144803,0.09500609,0.008268952,0.007623817,-0.05834880440980554,0.09621836499340054
2864,0.067926645,-0.023102276,0.014746257,0.012231567,-0.0026460045672255347,-0.025354857625656684
2865,0.018959064,0.0008447012,0.00943708,0.007826555,-0.01724732930231586,0.0008018909743749245
2866,-0.06608856,0.019381166,0.0093211075,0.007849732,-0.0993404702397933,0.01879759914555064
2867,0.010938128,-0.030892558,0.009882655,0.008324187,-0.02847471678990383,-0.02461049774249582
2868,-0.36234975,0.43537283,0.015958589,0.021091677,-0.41049413820689673,0.42801637979913065
2869,0.128035,0.015558354,0.02695027,0.020699501,-0.0188763173199779,0.028497506034362977
2870,-0.0026029604,-0.051543318,0.011336654,0.010058388,-0.06033849306315707,-0.047246280227940154
2871,-0.022781868,0.12430837,0.0081174895,0.007685118,-0.05392431063987033,0.1293450301617287
2872,0.063977964,-0.006148995,0.011415268,0.00975424,0.015975282595966648,0.005019092950321323
2873,0.02202037,-0.034576543,0.008698739,0.007056515,-0.0007196531048755339,-0.02964097641224257
2874,-0.014368355,0.012690208,0.00924481,0.007943926,-0.05873620519412124,0.010661386588108304
2875,0.47490662,-0.39501226,0.012078114,0.010476469,0.44554470788171974,-0.3813289278862209
2876,0.04366367,-0.060994588,0.009456328,0.007863082,0.01485175731643991,-0.05882506809420188
2877,0.08604469,0.028544344,0.00908428,0.0077429316,0.0542025950456902,0.03399505921236938
2878,0.08019023,0.008959032,0.0102378875,0.008748763,0.015562148749455124,0.0021870202987672293
2879,0.3209126,0.5269944,0.011363645,0.015484345,0.2973466807795792,0.523302716705173
2880,0.048168026,-0.032001562,0.009437907,0.008557535,0.014021717334089513,-0.025293775092493753
2881,0.5728563,0.6528183,0.026690535,0.0342275,0.49460024746006576,0.6638991455064958
2882,0.049601182,0.009708374,0.013822317,0.011928052,-0.018431839990777174,0.010349294129488932
2883,-0.4304853,-0.26216793,0.016884308,0.010338827,-0.45654155115101425,-0.24602745839346474
2884,0.08585483,-0.4664892,0.008722729,0.015415171,0.055556689819656564,-0.4575618676505553
2885,-0.00022973632,0.026524983,0.009926564,0.008610281,-0.02773877453254171,0.020721883381014144
2886,0.017987583,0.35918698,0.012181872,0.015624755,-0.049431051425556566,0.348627234547617
2887,0.47889158,-0.32007688,0.020100657,0.01736049,0.41967868172090406,-0.3181501786287718
2888,0.10462422,-0.030059353,0.009142162,0.007841593,0.05938233584512946,-0.022825504341266963
2889,0.33930057,-0.111094885,0.011289151,0.008405806,0.31892532685198016,-0.10873438215917414
2890,0.11150083,0.17013153,0.009231581,0.008482012,0.08129756255927094,0.1653271934739023
2891,0.48966748,0.34034604,0.028270172,0.022058671,0.4386396856764172,0.37165909071029474
2892,-0.4111677,0.1606288,0.013074031,0.00937748,-0.44013150001859125,0.1643938858708555
2893,0.23194881,-0.22752023,0.009388071,0.0079159085,0.20694067174964786,-0.21617189854981358
2894,0.05354511,-0.010275074,0.014637007,0.012198385,-0.01937320082484585,-0.013459185156476025
2895,0.067241706,0.0027048578,0.009865775,0.008477751,0.026514081739932645,0.0007205828597694512
2896,-0.020314611,0.014878034,0.009748083,0.008089271,-0.05510216497983867,0.013965514321098455
2897,-0.11131662,0.05905875,0.011201099,0.010181173,-0.14307983733075086,0.05424416888208158
2898,0.15511827,0.049832024,0.0098679,0.006929498,0.09809768753762338,0.04932238458663621
2899,-0.051914085,0.24608584,0.009901305,0.012808014,-0.09043870269778785,0.2430961766407202
2900,-0.6178047,-0.4126796,0.014751661,0.00984497,-0.6303741209490528,-0.39817816964667285
2901,0.024921231,-0.035153884,0.009541112,0.00824793,0.0006635256710369736,-0.03045798500597566
2902,0.1686578,0.21105084,0.010666476,0.011983581,0.13621755581422212,0.2094723562403384
2903,0.064739704,0.010612196,0.010081648,0.008442438,0.02738395908292846,0.011435485134080403
2904,0.119199075,-0.020906668,0.010591223,0.008619862,0.09002425145562798,-0.021900334152003716
2905,-0.009994045,-0.1602155,0.008784533,0.007876525,-0.04184197241697289,-0.160767123754934
2906,0.03495186,-0.02050855,0.008673449,0.00851982,0.003425445927351721,-0.013182074064456602
2907,0.03600846,0.0036476096,0.008253228,0.0071398704,0.0038358959208738817,0.0054657557920031324
2908,0.02327988,-0.0038157934,0.00954182,0.007983914,-0.015062289922791393,-0.0018525069050383282
2909,-0.27709854,-0.6978353,0.008275809,0.014598838,-0.3082076946934678,-0.6882797937685271
2910,0.034832437,0.011607385,0.0095848,0.00795922,0.005656353863310216,0.014621236011881901
2911,-0.28693768,-0.07450644,0.013352264,0.007225539,-0.3243549274002242,-0.07465859415406598
2912,-0.5737913,-0.10951214,0.017506873,0.0058462652,-0.5920162399389218,-0.10501222380937632
2913,-0.15281112,-0.048446316,0.013350498,0.009226008,-0.20391865224498584,-0.04341938951614269
2914,-0.32251292,-0.30828118,0.011310957,0.009518162,-0.33763257794368773,-0.290887523975186
2915,-0.54536325,0.15536928,0.020149494,0.011331534,-0.5784995245695941,0.15868247838508598
2916,0.0032385294,0.019032232,0.008940502,0.007777388,-0.031909206728552277,0.025876400469051063
2917,0.07711087,0.019726932,0.008477487,0.007170472,0.04620489830273059,0.028387685311708436
2918,0.2998171,-0.36001801,0.012085297,0.017296866,0.2566105891470386,-0.34611479564657865
2919,-0.816759,-0.23879364,0.019021424,0.006220364,-0.8280019927136587,-0.23110750527724913
2920,0.07128121,-0.01834222,0.008522757,0.008115444,0.03978639373599925,-0.015488222612276299
2921,-0.0019486318,-0.04138606,0.007974283,0.007585177,-0.02423179694809698,-0.02366547539656216
2922,0.30606014,-0.6609771,0.008836999,0.01709163,0.2759880580489638,-0.6584617293646079
2923,0.12240222,0.2631457,0.010951509,0.013398506,0.06912122996590894,0.24954453531678752
2924,-0.14193769,-0.7540314,0.0061893933,0.013733684,-0.16243925850301513,-0.7278326862690513
2925,0.36181647,0.3030851,0.023279672,0.020007147,0.3329619561491168,0.3486122660833095
2926,-0.0034678592,0.0065653315,0.01507581,0.0135297775,-0.05353793882274284,0.015135102564049444
2927,0.16012748,0.004714272,0.016840002,0.011262423,0.0949954889376861,0.01184578590872163
2928,-0.4944706,0.029337585,0.019646287,0.007919134,-0.5190809401207189,0.03179502158348825
2929,0.011961108,-0.4771704,0.009062662,0.015089101,-0.04052660194771957,-0.46845382701760613
2930,-0.2127248,-0.20185035,0.009549259,0.008060116,-0.23240203049417946,-0.18983903201178817
2931,0.12511918,0.095638834,0.014263004,0.012250176,0.04824410988720081,0.09137104686969232
2932,0.29751378,0.34327477,0.021075549,0.022248212,0.1909267080996152,0.3129049164161929
2933,0.046854317,0.018954203,0.011368596,0.009302799,-0.005043008868222969,0.016727533558053367
2934,0.17379265,0.018014945,0.019126453,0.012867161,0.11587942106844597,0.00932436486539905
2935,0.010135233,-0.0028404156,0.008024307,0.0072033266,-0.013515443914946104,0.010264308680944847
2936,-0.2253275,-0.23932484,0.00976638,0.009318257,-0.23604649536964875,-0.23190181505208485
2937,0.23394682,0.114050336,0.013119094,0.008901722,0.16970901972892816,0.11152387167532629
2938,0.024896657,-0.058973245,0.008596274,0.007420761,-0.009190698913103739,-0.05371645148659418
2939,0.009407265,-0.025248393,0.008680304,0.007722045,-0.01781517809169291,-0.026824198621803186
2940,-0.0016149576,-0.016417995,0.008227926,0.0072053093,-0.02870614933733226,-0.01208973905238848
2941,-0.18905891,-0.07236485,0.017198278,0.011219634,-0.24009691143714956,-0.06422341872082896
2942,0.23552991,-0.6204392,0.0078743445,0.016570034,0.21726933336370535,-0.6286913455797077
2943,-0.38769093,0.46579558,0.011680294,0.021040345,-0.4128108239199084,0.4686579577026727
2944,0.106483504,-0.0066366503,0.014271114,0.010955819,0.0309756265542755,-0.008075211656609661
2945,0.13493438,-0.14013699,0.008803793,0.008830256,0.11074446536654106,-0.13928929472090232
2946,0.105630025,0.048818894,0.008836172,0.0070972503,0.07760694536114006,0.05594183661275426
2947,0.10009149,-0.07728917,0.008772006,0.00870425,0.06588886648199739,-0.07262673640787555
2948,-0.22506985,0.5355147,0.0076731383,0.015527271,-0.25759713352444863,0.5552784307207599
2949,-0.12170717,-0.24474424,0.009455146,0.008961138,-0.14936130761507857,-0.23451282164241702
2950,-0.14513998,-0.19705866,0.0122343935,0.012191679,-0.187334884756433,-0.19802118305186445
2951,-0.258898,0.11784964,0.009986995,0.008379625,-0.28041702631312765,0.129308253802772
2952,0.2676346,-0.2074561,0.010198947,0.009672629,0.24814765095858993,-0.20282178880290244
2953,-0.29702896,0.18874878,0.011597457,0.00978269,-0.32012016063321436,0.19676188860960395
2954,0.17387132,0.374498,0.008014965,0.009415124,0.149120043847038,0.3744511595437655
2955,-0.12450123,-0.4561103,0.008800723,0.0133313835,-0.1619215896918054,-0.45717674344679815
2956,0.50317425,-0.34963197,0.014069074,0.01357753,0.3878807639039027,-0.2709506465549091
2957,-0.8008552,0.08430015,0.018765356,0.006883424,-0.8112402217987836,0.08438623420223962
2958,0.28869328,-0.27753782,0.010588274,0.009351745,0.25385665252348294,-0.26798251480425694
2959,0.07802206,0.07204012,0.008158521,0.0071249423,0.05023121352352458,0.07232153172987935
2960,0.056520045,0.06573777,0.010393865,0.008832752,0.008185648901274033,0.06749790726234042
2961,0.044561453,0.017022178,0.009194491,0.007836623,-0.0013211329189059217,0.0073897486159408814
2962,0.047589444,0.018752195,0.01006005,0.008831411,-0.002839848362963139,0.005282632949235521
2963,0.09526485,-0.25097203,0.012349205,0.014248512,0.038094071106416175,-0.23622224106387293
2964,-0.19523497,0.21798539,0.016240476,0.019026296,-0.2708248215652196,0.2432921919545408
2965,0.028525678,-0.08228109,0.008728403,0.0074376203,-0.00887212426066832,-0.07933592146159235
2966,0.24910702,0.0044879606,0.03680653,0.023957424,0.07692132344754242,0.002414438377260038
2967,0.1378902,-0.16114506,0.010435511,0.012339659,0.08991827374542784,-0.1564137176926017
2968,-0.4722343,0.012578583,0.026462428,0.009743413,-0.5317036629654999,0.012437106840428565
2969,0.031642903,-0.04360146,0.016758995,0.014730638,-0.044049367714969014,-0.041387135726430706
2970,0.12398651,0.032181613,0.009307407,0.009712027,0.09783269952710182,0.03601821413610305
2971,0.19386397,-0.64155805,0.008023005,0.016901411,0.15437624633316982,-0.6359832901965867
2972,0.2115276,-0.19374026,0.012094839,0.014069811,0.16437926063080424,-0.18148080544224915
2973,-0.01753943,-0.63634443,0.006832625,0.013229429,-0.052291746448998234,-0.6221359286646891
2974,0.120727286,-0.028946467,0.018484177,0.013973743,0.028117974623797053,-0.03979984242667217
2975,0.24412039,-0.22893701,0.010708934,0.0106767,0.21265491196051453,-0.21498502773167166
2976,0.19942164,-0.042899802,0.009085579,0.007976347,0.16716426987724162,-0.031780540308696585
2977,-0.0149381235,0.6434829,0.009579015,0.018263241,-0.06211945314630467,0.6417791314103538
2978,0.0013415082,-0.26498026,0.010016972,0.011308013,-0.03749995282116474,-0.2619679449179933
2979,-0.017063554,-0.11124242,0.00822769,0.007243501,-0.04831494698678077,-0.11243889175599037
2980,0.61307544,-0.005661019,0.019413294,0.0055922125,0.5611773490739212,-0.005769543436608691
2981,0.0012188512,-0.29415512,0.007792968,0.008624913,-0.03133131588091943,-0.28535240920268445
2982,0.5872501,-0.4209547,0.022378506,0.015438098,0.5123644502580212,-0.4114535400992839
2983,-0.06345953,0.010516114,0.010135578,0.007913719,-0.08889586796392218,0.01118172410008878
2984,0.054471474,-0.04885891,0.015766745,0.01383115,-0.015121085982867655,-0.04708314812114805
2985,0.1496529,-0.002607138,0.022412078,0.016167171,-0.0008124513850647036,0.005890607823651655
2986,-0.1810134,-0.53012615,0.0072021973,0.016720155,-0.17778071088945147,-0.45601870792734034
2987,0.04534631,-0.030861396,0.0100786965,0.009173104,-0.0051367024045104615,-0.03838111828248537
2988,-0.058523685,0.17543171,0.0076769236,0.010057728,-0.08309855194254281,0.17035815288247644
2989,-0.35670906,0.4196263,0.01120098,0.017846202,-0.37278530246221686,0.4032292400199966
2990,0.07169403,0.004781983,0.008686921,0.0077510285,0.04107892537865685,0.010854469104120698
2991,0.2572881,-0.24495071,0.013002608,0.014738543,0.21242654563916608,-0.2383534499241705
2992,0.05701261,0.01323796,0.010879109,0.008944971,0.006179560894736875,0.013518514734377
2993,-0.7484674,-0.2227053,0.01867433,0.0062880674,-0.7553259174304198,-0.21371088989120837
2994,-0.0030242703,-0.19339192,0.007861925,0.0078003285,-0.03312259216721685,-0.1864500484021519
2995,0.117437646,0.03708695,0.02124665,0.016806884,-0.008630193701797864,0.024909781031441477
2996,-0.6027169,0.68303,0.015495642,0.01951769,-0.6383831823471544,0.6924742017009675
2997,0.08416359,0.009191251,0.009483015,0.007662064,0.04855020542501935,0.01071197598175768
2998,-0.3380109,-0.7057744,0.009163071,0.015950156,-0.36551103442262517,-0.682782503914072
2999,0.10390877,-0.018023036,0.009254259,0.0070236954,0.0701068877495094,-0.016417480349157965
3000,-0.5540172,-0.18802543,0.026079817,0.011642065,-0.618164751373913,-0.18337674072637958
3001,0.012512185,0.09563738,0.009251187,0.008409783,-0.028334548993486666,0.09589651919915805
3002,0.08444904,0.2758155,0.009864242,0.012302709,0.04319933110940525,0.2779485556380551
3003,0.37297422,0.18754826,0.014900007,0.00920717,0.3390755486299253,0.18903217034258535
3004,0.3091406,-0.18543406,0.014003483,0.010714903,0.2749078315914417,-0.1841813930783139
3005,0.026320707,0.0568358,0.008541787,0.007662797,-0.008269429330447504,0.059614659276935954
3006,0.674459,0.112872444,0.044880792,0.017233327,0.5420553898741045,0.10045276979921855
3007,-0.1382727,0.120815165,0.014053794,0.0137352245,-0.1941704639361526,0.11211450040537162
3008,0.029906604,-0.24073866,0.008319908,0.009206445,-0.005242263166557325,-0.23862291733827487
3009,0.101394564,-0.18611369,0.023664758,0.021572368,0.005722363143436407,-0.17274750562556457
3010,0.061870683,0.021059856,0.01071778,0.009155387,0.01854882890951376,0.025841271929270822
3011,-0.38011578,-0.6357702,0.010293579,0.013980167,-0.41016865721054735,-0.6082217711604307
3012,0.10111679,-0.28319317,0.009626952,0.015326258,0.06856093052188907,-0.27644768571895084
3013,0.0621174,0.029036082,0.00930292,0.0074311025,0.03434162818868106,0.030126093834237068
3014,0.11598855,0.008296239,0.0118364,0.008888219,0.06799217259559748,0.01843101043793644
3015,0.29426846,0.034992695,0.019173233,0.010110886,0.20099525192090342,0.03122390014292669
3016,0.03913677,-0.23308246,0.010345021,0.012791907,-0.008840071519852319,-0.23057888466208515
3017,0.017138492,-0.07504598,0.009150668,0.008092897,-0.01723936746339598,-0.07742011532077273
3018,-0.16513924,0.21078691,0.014077185,0.017403292,-0.2459689404577425,0.23863304058976134
3019,0.22517718,0.29976746,0.013198157,0.01557178,0.168032140594784,0.3051508718928495
3020,-0.06573367,-0.15091276,0.010934647,0.009804183,-0.10965799177119041,-0.14433708981400425
3021,0.011592796,0.060180098,0.008815611,0.0073051727,-0.01350925958705899,0.06272042638508384
3022,0.3130249,0.04597026,0.014108333,0.0067941835,0.25962313505079687,0.030338878747154574
3023,-0.40643468,0.6040272,0.017105116,0.02987886,-0.40500616851772514,0.5313711705009564
3024,0.050910775,-0.012248733,0.009682559,0.008201237,0.009442041767842909,-0.011209904312045882
3025,0.13631275,0.32278064,0.008016147,0.010619819,0.10659927970657228,0.32305807635862127
3026,0.027901657,0.02750101,0.009925384,0.008355741,-0.012152910903808612,0.027123254410310365
3027,0.13721575,0.09107501,0.011539835,0.009454718,0.09450886095448716,0.08861159030501067
3028,-0.1842152,-0.24150154,0.009892688,0.00924376,-0.2228180086589535,-0.23552993166342717
3029,-0.24700369,0.07771366,0.01609221,0.01057138,-0.29971329762932225,0.07334015371221678
3030,0.026199508,0.002378798,0.008412117,0.008114358,0.007950725593830936,0.006271037739506443
3031,0.13901858,-0.22749949,0.008998868,0.008890998,0.11009628992942681,-0.21562625097292387
3032,-0.29977292,-0.04282164,0.013393197,0.0067945425,-0.3287233273388765,-0.04335509729226141
3033,0.23310782,0.18074337,0.01688466,0.014412497,0.17307798488511847,0.16220774682007602
3034,0.22436082,0.42077667,0.009936125,0.013927104,0.19784884367089842,0.42271474493099287
3035,0.23994271,0.11553009,0.0100612305,0.0068972567,0.1986657530862769,0.11570894144111901
3036,-0.09069052,-0.09168042,0.010797741,0.008607463,-0.13314499058938278,-0.09202915698996542
3037,0.6681912,0.28312626,0.026441997,0.01514957,0.5995960955018409,0.27071895214232067
3038,0.18768127,0.22909665,0.015915764,0.016299248,0.1275065416322055,0.23530675699781764
3039,-0.004357261,0.20222175,0.009650211,0.01059999,-0.04632489796241159,0.18621435714484602
3040,0.1763553,0.1779435,0.010487653,0.010855672,0.12857059607450652,0.16734526057117446
3041,-0.034267355,0.06957935,0.0097251795,0.00830318,-0.06634184329781267,0.07517278499259217
3042,-0.4321804,-0.2174817,0.017658329,0.01020408,-0.4747033289363289,-0.21666367769196518
3043,0.015240852,-0.1056305,0.0083268825,0.007600663,-0.013627151549026858,-0.09723574086609844
3044,0.27421114,0.041157305,0.012429622,0.006844806,0.2419484892585696,0.03736366725280269
3045,-0.06127976,0.36071685,0.007915976,0.011881219,-0.08887814025149511,0.3600013631620731
3046,0.15011539,-0.08923489,0.00836755,0.007909567,0.12085599415687948,-0.07907488450235693
3047,-0.020852413,-0.14376077,0.009367876,0.008376333,-0.06096756257200546,-0.13461651531798205
3048,-0.3187129,-0.018403202,0.013571383,0.0068042898,-0.3438275073469399,-0.016901978689853162
3049,-0.0590849,0.025019035,0.011126948,0.008806361,-0.10335532245765476,0.024207864611549352
3050,-0.23576705,-0.011564829,0.01321098,0.00717682,-0.25922447123047887,-0.00974164544914212
3051,0.5065619,-0.43030947,0.013877575,0.0132821845,0.47032187704650025,-0.4196256182956878
3052,-0.050323308,-0.009149619,0.008803204,0.007367177,-0.0819696672803052,-0.007333420073196568
3053,-0.3045902,-0.07510224,0.010840547,0.006635908,-0.3289770711971491,-0.06856719244318032
3054,-0.021142172,0.013808615,0.008612348,0.0073934924,-0.05380072449742317,0.020452486164858463
3055,0.46293354,0.13028437,0.012720395,0.0063042375,0.4454388315586047,0.13024838868997013
3056,0.11487836,0.5980731,0.007834012,0.016577886,0.0810944243648846,0.5701002592317835
3057,-0.07741262,-0.11865551,0.008569208,0.007154758,-0.108577977347217,-0.11297373703290968
3058,0.15908693,0.04065585,0.008956453,0.006676681,0.12860002483753508,0.04467925595054667
3059,-0.122808784,-0.012085185,0.01714121,0.013517573,-0.20356019085322757,-0.014520088999581755
3060,0.77127194,0.33284292,0.020025408,0.0129211,0.7573561474962403,0.34284829279033335
3061,-0.013406033,0.0060247546,0.00871883,0.007533147,-0.04757535301210496,0.008474712144502567
3062,0.10192028,-0.2607383,0.009140746,0.0109580215,0.06042810962531681,-0.26087664695708407
3063,-0.061982535,-0.18200904,0.00835029,0.007954938,-0.08251000128890462,-0.1678696482111321
3064,-0.1872297,-0.22227138,0.011184005,0.011096838,-0.2146355303026306,-0.2194515283129053
3065,0.07941547,-0.3710847,0.014202949,0.019720323,0.014523890796147338,-0.35826083206719267
3066,0.28472677,0.20187372,0.011452745,0.008736314,0.23891071573938436,0.20099156126300113
3067,0.6703051,-0.21018586,0.028818399,0.011601135,0.6174486857378485,-0.1917164287452951
3068,0.41358605,-0.16844758,0.019875484,0.01087637,0.34975624970403235,-0.160776325875571
3069,0.2143517,0.059071958,0.01605913,0.010341065,0.1605358171712571,0.06913228461473762
3070,0.02826278,-0.028402418,0.009132123,0.007465586,-0.0038686647915546803,-0.027277955956382636
3071,0.0032151076,-0.028536014,0.010696079,0.009226411,-0.05064571757860782,-0.0337655814612118
3072,-0.035957634,-0.036787022,0.009535445,0.0077716922,-0.07453057688384296,-0.03449706657729796
3073,0.14181727,0.13598138,0.008907657,0.00773829,0.11091529751603349,0.14070655386145492
3074,0.18975239,0.12294168,0.011034752,0.008741841,0.1543962878166012,0.12371582765352813
3075,0.11977374,0.30910158,0.008351945,0.011531572,0.08428679507270517,0.3091311885300127
3076,-0.6195859,-0.13539729,0.020970723,0.007060556,-0.6583551601085462,-0.13286839511322499
3077,-0.052766576,0.32702336,0.01303579,0.016621009,-0.1206385502851872,0.2922139085991415
3078,0.38084108,0.0480818,0.023073157,0.009491468,0.3140724817453128,0.03912207169845551
3079,0.336998,0.029501364,0.014732044,0.006513483,0.3131184085985393,0.028688005916764216
3080,-0.0889875,-0.05344432,0.012341316,0.0097206915,-0.14239876144380226,-0.055189489168080405
3081,0.038574528,0.010263524,0.00904884,0.0073508476,0.0024404569671201974,0.016429228377966423
3082,0.011917712,0.15739915,0.008982681,0.008801143,-0.017650974125906185,0.16406398827330831
3083,0.14713986,-0.17698556,0.00892597,0.010006451,0.11534772152060753,-0.17369767563240623
3084,-0.033886325,0.014540209,0.00849959,0.0074315183,-0.06080800943169968,0.019623436003219415
3085,0.102646574,-0.4960248,0.0070103244,0.011813542,0.0704842518091788,-0.4884959616240803
3086,0.08585483,-0.4664892,0.008722729,0.015415171,0.055556689819656564,-0.4575618676505553
3087,-0.2759338,-0.02785623,0.012034298,0.0062517943,-0.2994029147025659,-0.026879009406329476
3088,0.017901298,-0.06083957,0.010406961,0.009119584,-0.024740743592558248,-0.06063752894942804
3089,-0.11994304,-0.16132645,0.010340301,0.008731919,-0.15548515882135872,-0.1545301762015242
3090,0.16992432,0.042725213,0.03248041,0.02471913,0.026764404028902806,0.05648291491583049
3091,0.388975,0.13984944,0.016101712,0.008465612,0.3789773178374799,0.15156370166490193
3092,0.43997037,0.492708,0.014042508,0.01718235,0.3983020389686597,0.4882020945128929
3093,0.30229276,0.43563625,0.024861444,0.03106487,0.23660431134696563,0.43490913354733796
3094,-0.05845929,-0.07514968,0.009177246,0.0075836787,-0.09501113616947095,-0.06920443025435058
3095,0.022008646,-0.3228888,0.009330911,0.012677629,-0.02070127220039589,-0.30922981678271855
3096,0.41067523,-0.4230212,0.011904256,0.011716686,0.3651580405420432,-0.41558121166887874
3097,0.005354554,0.07685137,0.008453962,0.007837456,-0.036277186326067086,0.08151772989950182
3098,0.032778442,-0.014936545,0.008540605,0.008713723,0.003951569995406127,-0.0032710775200513855
3099,0.49163985,0.14658815,0.016727112,0.008145452,0.4552174781264038,0.14645987017150922
3100,-0.025997411,0.080727786,0.008990006,0.008495665,-0.057666888656935714,0.08004288470870581
3101,-0.1823429,-0.8898066,0.0055203787,0.015512091,-0.20795303391800854,-0.8756112190803353
3102,-0.017554225,-0.09910828,0.009240203,0.007847868,-0.053830950765843974,-0.09186530339886435
3103,0.01095311,-0.10673787,0.009299494,0.008316451,-0.03351517595481621,-0.11017166328815048
3104,-0.22227207,-0.6732795,0.007828571,0.015703714,-0.2580487680640086,-0.6845104225221671
3105,-0.33173174,0.08238313,0.014655923,0.008734295,-0.3650702340325161,0.07596741647126198
3106,0.022423003,0.023115128,0.011261922,0.009921749,-0.02686657714373106,0.023511870191549537
3107,0.120727286,-0.028946467,0.018484177,0.013973743,0.028117974623797053,-0.03979984242667217
3108,0.23177178,-0.3276801,0.022286646,0.024928244,0.16119098744750793,-0.3330892825339179
3109,0.10399759,-0.03562978,0.008612703,0.007828113,0.07547422795019933,-0.03329837409010291
3110,0.029265694,-0.013794766,0.0108394865,0.008911232,-0.03164528357868899,-0.007102184499505145
3111,0.055011768,0.29855546,0.011368005,0.015931597,0.0021356129571964105,0.3083992982396354
3112,0.09064734,-0.07277407,0.009584327,0.009149565,0.05914681176852033,-0.07459520470936076
3113,0.009407265,-0.025248393,0.008680304,0.007722045,-0.01781517809169291,-0.026824198621803186
3114,-0.20169248,0.59325695,0.0074479897,0.014983959,-0.22171525741243855,0.5845312849273442
3115,0.57510424,-0.034551166,0.04030069,0.014085269,0.4246160415773638,-0.016342543757634182
3116,0.07472504,0.07747944,0.008298745,0.0072538652,0.04506599749419196,0.08033232008908704
3117,0.122935385,0.2287974,0.008132034,0.009150602,0.09217626538414843,0.23749704463954227
3118,0.034915533,0.0064159995,0.009496477,0.008097252,0.00035985661089017344,0.01132525479696003
3119,0.7630087,0.18706615,0.020986367,0.007360647,0.7236002611201283,0.18584427418481136
3120,0.019692032,0.066873424,0.008855195,0.008222216,-0.015223408604199986,0.06002597497118284
3121,-0.016070522,-0.10703807,0.010886891,0.009534834,-0.05726990460437655,-0.0971565952715205
3122,-0.49023616,0.09757512,0.019170426,0.009189387,-0.5030592132539718,0.09636833348182888
3123,0.34731662,-0.082565986,0.01453139,0.007252346,0.27793325729445495,-0.07079491156405704
3124,0.12661418,0.0212491,0.016356116,0.012734987,0.049000169066396475,0.02593285924063679
3125,0.048391383,-0.04689236,0.011333354,0.009581425,-0.012937637322752093,-0.04098845907161563
3126,0.055638954,-0.0032065595,0.008017803,0.0072190645,0.024442961302387253,0.0034547140294262303
3127,-0.075124964,0.07640631,0.010918729,0.009616622,-0.11247589205273914,0.08134024301844295
3128,0.027020808,0.17825912,0.008452308,0.008487233,-0.002857085949709163,0.17259095032070518
3129,-0.05771295,-0.07811506,0.011571181,0.00929807,-0.11121461302184094,-0.08940115752732322
3130,-0.08807314,0.12223868,0.008907301,0.008852576,-0.11995926825739066,0.12531072675038263
3131,0.12717098,0.07368349,0.008933059,0.0072388067,0.08766039329779222,0.07295034448096255
3132,-0.8468431,-0.2560426,0.02097609,0.0073181842,-0.8538825981930636,-0.24448701353336255
3133,-0.05221384,0.093732044,0.017095508,0.015161583,-0.12984563971645702,0.09278490638531631
3134,-0.16136469,-0.012614467,0.014852792,0.009366037,-0.1868418802252243,-0.007353669070751879
3135,0.1390723,0.3013311,0.024499273,0.025960414,0.01205705602299399,0.2709382262108639
3136,0.148535,-0.037022382,0.009851964,0.008149978,0.10845267364541541,-0.03868136990440772
3137,0.04692491,0.2966681,0.008192809,0.010311234,0.007676170501064333,0.2923720389346438
3138,0.08372902,0.089530416,0.0078117764,0.0072370525,0.05818196943333238,0.10476313392007
3139,0.5259787,-0.7597606,0.01567228,0.022934332,0.4567972116969398,-0.7460172034262318
3140,0.19430898,-0.21860667,0.009547017,0.010760485,0.15137323139786818,-0.20474857179011458
3141,0.012510823,-0.4401623,0.007157339,0.010069091,-0.017492629801144736,-0.43564921305051885
3142,0.015315488,0.018996261,0.008791505,0.007647477,-0.013706033103991329,0.027043262787050795
3143,-0.12388337,0.06111329,0.008615539,0.0075931405,-0.1441450503602184,0.06343162293231051
3144,0.49743003,0.15193716,0.04193982,0.023100827,0.35079365435995413,0.14845832715043142
3145,0.15191282,0.2592433,0.010490012,0.014827068,0.09007623577285792,0.20306036193331112
3146,-0.41755542,-0.20693427,0.02136265,0.012577475,-0.48466230233350543,-0.20835629923771998
3147,0.055759583,-0.008833443,0.010822859,0.0094415285,0.018025812827220548,-0.007154663191875028
3148,-0.23708461,-0.0374868,0.011647183,0.007254397,-0.2667533651298761,-0.030739049824137454
3149,0.92604965,0.18083471,0.047671195,0.012697039,0.8706952939356803,0.1841285215383128
3150,0.0035810587,0.007034383,0.008011297,0.0077911457,-0.01691297116570531,0.015856113399091525
3151,0.00039867172,0.12853177,0.008133217,0.007753975,-0.023839289000555923,0.1229706032554857
3152,-0.14640069,0.14231047,0.009790227,0.01040324,-0.19453749034092746,0.15057550559580624
3153,-0.4111677,0.1606288,0.013074031,0.00937748,-0.44013150001859125,0.1643938858708555
3154,-0.13704097,-0.015420505,0.024111137,0.018646616,-0.265772068935476,-0.017288622654823067
3155,-0.18433018,-0.4378463,0.009485259,0.012962804,-0.22457509531848732,-0.4355616627527517
3156,-0.6654271,-0.040983222,0.025405737,0.007812608,-0.6986176409843959,-0.03604568405433159
3157,0.022248993,0.2078248,0.008890878,0.009310111,-0.007469270938103724,0.20811040879972104
3158,-0.07954101,0.12481247,0.008429493,0.009840611,-0.11471773654625086,0.12552941409700516
3159,0.10796495,-0.016538147,0.010907881,0.00834574,0.058196016784483565,-0.009200587503140505
3160,-0.2985686,0.33066988,0.009723645,0.014383891,-0.30932075129691816,0.3198729046722869
3161,-0.2208219,0.43004674,0.008706657,0.011660736,-0.24428644422052206,0.42835980861042927
3162,0.07836519,-0.060396537,0.010359886,0.008620018,0.020961502341825044,-0.05091866858018591
3163,0.027591307,-0.03437458,0.011164672,0.010019928,-0.02002462706477315,-0.03444531205100277
3164,-0.06181991,0.01552908,0.012324242,0.010605121,-0.12808477866236773,-0.0005317840909161448
3165,-0.590025,0.10383735,0.020799339,0.009681172,-0.6354367137179637,0.11551647541562245
3166,-0.19355652,-0.23187718,0.010328739,0.00974395,-0.19924548458332736,-0.19974734767923213
3167,-0.028810177,0.14850064,0.009622819,0.01012007,-0.0595901829172583,0.13290601449803263
3168,0.107575506,-0.02272962,0.009893159,0.00818947,0.06452765323826898,-0.019512192364119357
3169,0.32352677,-0.21185623,0.02060866,0.015879635,0.21989624208140837,-0.20362755392174048
3170,0.012785183,-0.37697735,0.013016609,0.016863288,-0.054461448168470136,-0.3394545097807229
3171,-0.12146081,0.044413902,0.009628959,0.008721282,-0.16437007727807867,0.04798872764716819
3172,0.036881186,-0.27267253,0.008473704,0.01023926,0.00448131095362605,-0.258871000768217
3173,-0.06234835,0.49054027,0.0071598254,0.011771699,-0.08089794882187147,0.4810170834315818
3174,0.44433427,-0.07786992,0.020916905,0.008811102,0.3947366137112546,-0.08158705180835331
3175,0.34306565,0.42950228,0.013196627,0.01644811,0.29385678554648376,0.4234607761917137
3176,0.06904926,0.60686153,0.014153702,0.026356159,7.586418751920363e-05,0.627355021260994
3177,0.02529137,0.022646267,0.010994781,0.009797886,-0.006446662767170935,0.02248833217485735
3178,-0.049108043,0.12404253,0.00836755,0.008463339,-0.07755651640432369,0.12654222976312793
3179,-0.15699475,0.25383666,0.010678623,0.015354831,-0.1831912673977539,0.23660596277181284
3180,0.23155905,0.0010693362,0.016557693,0.009427959,0.15581865779499404,-0.0003863691537684421
3181,0.3078838,-0.19203562,0.0173677,0.013397392,0.24220571304286082,-0.18522812052688659
3182,0.037701003,0.0027484288,0.009428577,0.009008545,0.015121625192373287,0.001798945775334661
3183,0.041596394,0.0022695428,0.009244101,0.00786516,0.004497678769719474,0.005963483121176887
3184,0.053681403,0.06508888,0.00870063,0.0072914804,0.023295125154584036,0.06774763560869511
3185,-0.14749853,-0.33231032,0.009816079,0.013159707,-0.1874854213563249,-0.33089963133034306
3186,-0.015195297,-0.34244585,0.007782914,0.008464626,-0.04044146892078033,-0.32707043029279387
3187,0.51662385,0.3294041,0.030244917,0.023704948,0.43398068561857317,0.3355852983553054
3188,0.05864482,-0.011447304,0.010072913,0.008678252,0.018975495861142423,-0.006565701323833495
3189,0.26936913,-0.3700956,0.0117002055,0.02137434,0.20924430238149316,-0.3171021983173773
3190,0.46435255,-0.24393862,0.014988558,0.012350601,0.4521157234652646,-0.24786346375231044
3191,-0.124238625,-0.4355853,0.010043764,0.010933094,-0.14969349897961928,-0.4361871539111306
3192,0.054262593,-0.28500712,0.0085828,0.010300701,0.019762061583112785,-0.2852462191020752
3193,0.0141383745,0.024715237,0.010192575,0.008815202,-0.034107111582685486,0.025148552265162265
3194,-0.7770279,-0.29686838,0.03733345,0.018102763,-0.8606858479958399,-0.29565488805012374
3195,0.029378708,0.018784657,0.008152016,0.0072125676,-0.0031336482260436757,0.02289443072905786
3196,0.5931353,-0.23286764,0.037475154,0.018834664,0.45914095069129796,-0.23394274999978865
3197,-0.4927086,0.39308524,0.014544314,0.013731607,-0.513028106645117,0.3842440820492133
3198,-0.004827048,-0.03493186,0.009092312,0.0076019405,-0.039423946778521055,-0.031033007167370886
3199,0.4821461,-0.22918281,0.022354258,0.013878469,0.3906082504000554,-0.20636610081187368
3200,-0.044163458,-0.102857895,0.009262289,0.008151639,-0.08100919371047637,-0.10351933475182501
3201,0.03442548,-0.012622283,0.007850808,0.007136442,0.007423452557768333,-0.005557850842979014
3202,0.13901858,-0.22749949,0.008998868,0.008890998,0.11009628992942681,-0.21562625097292387
3203,0.049882695,-0.03530339,0.01396457,0.0116398465,-0.02631862549920625,-0.03391739907043235
3204,0.069331974,0.18878269,0.007849979,0.008244306,0.047390842627634815,0.1945955122658676
3205,-0.14513998,-0.19705866,0.0122343935,0.012191679,-0.187334884756433,-0.19802118305186445
3206,0.6031579,-0.23865747,0.03150561,0.014964807,0.4815261675280997,-0.22687210621116305
3207,0.59441286,-0.60440314,0.01393906,0.015508881,0.5795922683213003,-0.6106878670514
3208,0.026017066,-0.007822172,0.009266306,0.0076099616,-0.00547759236499029,-0.0031381667287740593
3209,0.20402198,0.06079953,0.013946821,0.009017298,0.1643188305662715,0.057317456203637575
3210,-0.29136455,-0.05865217,0.013711791,0.0068829595,-0.3442886414125954,-0.058196049823273296
3211,0.09921062,0.032624297,0.010799862,0.008411122,0.05800624427343192,0.04160477619366019
3212,0.0046810103,0.021197408,0.008071018,0.007190893,-0.024450693604157116,0.027821075250337723
3213,-0.044104107,-0.061460547,0.01038372,0.0082670385,-0.08499353750202694,-0.05351724872100907
3214,0.041238345,-0.040190622,0.008488833,0.008384137,0.014771434617875579,-0.030299993999739618
3215,0.5689878,-0.24601498,0.021518651,0.011750272,0.49083782660850345,-0.22891562332469365
3216,0.2044815,-0.5261449,0.008647803,0.014408149,0.16273942232604896,-0.5090862114758974
3217,-0.05441026,0.0057546264,0.009732971,0.008095227,-0.08684985849972351,0.006474559728311062
3218,-0.4808739,0.29132143,0.01848769,0.015236308,-0.5194407699184219,0.2858441486290413
3219,-0.2946546,-0.036192924,0.047630843,0.03146579,-0.48525010204755953,-0.051449969585389325
3220,0.39921767,0.3955487,0.018772611,0.020731311,0.3563800264096499,0.40282102314948537
3221,-0.02738896,0.23263842,0.008286921,0.009922836,-0.05842021831624788,0.23694317710729418
3222,0.094919026,0.055092596,0.009977081,0.008088901,0.05646235763475254,0.05390671620962077
3223,0.054623086,-0.028849512,0.009136139,0.008309615,0.015532065263105119,-0.02151692943530883
3224,0.088682584,0.048119366,0.016558867,0.01324469,0.012601814370708238,0.04986698144133337
3225,0.06818942,-0.1184107,0.010581315,0.010478832,0.012774542027012994,-0.11242964764099929
3226,0.21233074,-0.61620486,0.007893269,0.017493118,0.19181841946408731,-0.612734891863223
3227,0.14149304,-0.1360383,0.014106218,0.01235312,0.05757694041606662,-0.12758849505337186
3228,0.12216012,0.0275577,0.008408215,0.0068292255,0.10237484094415147,0.03606765525800743
3229,-0.8878002,-0.29811472,0.02391585,0.008922977,-0.8887963831037528,-0.28866113201102583
3230,-0.03868592,0.8253647,0.009411808,0.023466954,-0.09510994967150281,0.805468944979098
3231,0.021406036,0.20729844,0.009716561,0.010893856,-0.019890977373744057,0.21170679105439466
3232,-0.06521356,0.75913525,0.009263943,0.021811938,-0.10724284127301555,0.7440438972869845
3233,0.08645779,0.0032539284,0.013404607,0.01064503,-0.004619976103675315,-0.005169837271260693
3234,-0.03860892,0.104931965,0.009898944,0.00923297,-0.07555027765812602,0.10093676569067549
3235,-0.13821356,0.33793855,0.00893235,0.017307483,-0.1454612294229894,0.30256488708550905
3236,-0.16834022,-0.16308758,0.019589826,0.019099971,-0.21159629124971166,-0.1560131889782731
3237,0.32763392,-0.3393129,0.03587366,0.03497806,0.1359904095988319,-0.30340642597581624
3238,0.06558112,0.07369831,0.008051033,0.0070376256,0.03614048519005112,0.08143932933418796
3239,0.018028094,0.03248273,0.008306312,0.00722406,-0.018624148832596155,0.0347885009090455
3240,0.06883635,0.070357524,0.010584382,0.009053603,0.024203150867094486,0.0673037243725862
3241,-0.46570933,-0.15677412,0.019013705,0.008767012,-0.5027737415895845,-0.156324572023677
3242,0.5430987,0.3422347,0.0430935,0.033792775,0.36596925815422365,0.3038794560993641
3243,0.30764204,0.040434677,0.017961165,0.00890793,0.27697049812140606,0.04791173782632886
3244,0.03472556,0.060454123,0.01023128,0.008784767,-0.006875702742685599,0.05822924258618296
3245,0.7937969,0.30970538,0.053290453,0.028888615,0.6594685979008559,0.2956742084156256
3246,-0.21129546,0.30848056,0.01121041,0.015891768,-0.24071232092741154,0.300097394979386
3247,0.23310782,0.18074337,0.01688466,0.014412497,0.17307798488511847,0.16220774682007602
3248,0.13547312,0.45164075,0.010347382,0.018920343,0.08609463484699974,0.45049018961584314
3249,0.13542397,0.060814418,0.01236357,0.00943163,0.07059577348444131,0.05869809471219137
3250,-0.034715667,-0.21473926,0.011965273,0.011449046,-0.09956197272256294,-0.20117791972344445
3251,-0.115234174,0.5204357,0.007086202,0.01280519,-0.13946270590341017,0.5248400763942931
3252,0.071630225,0.008103712,0.013425894,0.01110689,0.008350964186090408,0.006978621835387153
3253,-0.43602994,-0.37154186,0.013972094,0.012350969,-0.46487014665395526,-0.3662094385722768
3254,0.17371951,0.07187104,0.010550764,0.007448122,0.14298096686294026,0.0749480248044739
3255,0.0051819277,0.0032761162,0.007997698,0.007051476,-0.0236581368219768,0.008896901001025585
3256,-0.020136392,0.083608784,0.00899166,0.008005102,-0.04531613263010186,0.08762302728029299
3257,0.28577885,0.2508638,0.009614672,0.008906949,0.2605155606898934,0.2506397742476814
3258,-0.08511902,-0.026438795,0.009340477,0.0074193343,-0.1201464520241546,-0.021602109508100917
3259,0.09246848,0.17848387,0.009422791,0.010457476,0.04818862976179545,0.1663546838629617
3260,-0.113583714,0.11047129,0.0097616585,0.009031243,-0.1452345518460854,0.10444449539510049
3261,0.09398253,0.118616566,0.008244715,0.007410671,0.06000984629535767,0.12525021164531863
3262,0.22342859,0.03730972,0.04372632,0.030069206,0.0055732187549955604,0.03136464318853833
3263,-0.021142172,0.013808615,0.008612348,0.0073934924,-0.05380072449742317,0.020452486164858463
3264,0.036967766,-0.023680337,0.0097303735,0.008688099,0.001255625997148363,-0.014866869758542529
3265,0.31255275,-0.33504122,0.039918415,0.039315786,0.11906023536135146,-0.3360705896539656
3266,0.028178431,0.00060795154,0.008972403,0.007946059,-0.01221972793351493,0.0011110227172227345
3267,0.033316944,-0.06774577,0.008296617,0.007535672,0.0006149681670939359,-0.059445451926388705
3268,0.35048613,0.35099718,0.012716744,0.012746276,0.3086834327308503,0.3436598777157358
3269,0.43888134,0.05164747,0.014008066,0.0060051614,0.40878866842537026,0.056922869018937186
3270,0.22342859,0.03730972,0.04372632,0.030069206,0.0055732187549955604,0.03136464318853833
3271,0.53210735,-0.27541852,0.019179195,0.01185303,0.4918262576788149,-0.27027522286785755
3272,0.7676679,-0.17854318,0.023979861,0.007822549,0.7242767871979486,-0.17946954785665847
3273,0.031081919,0.06856812,0.008573935,0.0076962016,-0.0009077083205643183,0.07030401864210144
3274,0.28623256,-0.11381099,0.017590744,0.012499914,0.2545559812820075,-0.12376274385706919
3275,-0.59589607,-0.111751564,0.019867186,0.006749241,-0.6345597557514392,-0.11371898303374413
3276,0.4648186,0.207359,0.020221693,0.011832225,0.3881231606557609,0.19633156349690586
3277,0.06429558,-0.046833523,0.008170227,0.0073150983,0.033673998302906384,-0.040411861310579764
3278,0.16871072,0.020265073,0.025639541,0.018037714,0.02853980592916769,0.01113261505686117
3279,0.07363772,-0.057388775,0.00822698,0.007505165,0.04807635992555331,-0.0501817921075804
3280,-0.11795744,0.024489716,0.009965278,0.009508471,-0.1364365030051825,0.014402016104750576
3281,-0.112406515,0.36523956,0.007848323,0.011610595,-0.1351776339733369,0.36072521546499103
3282,0.096795894,-0.044603344,0.009210793,0.008019204,0.050761931086635834,-0.04189762669053829
3283,-0.18535686,-0.015326799,0.015645051,0.010304716,-0.244348031289067,-0.015359738993794394
3284,0.0057425895,-0.0263848,0.008568026,0.007791413,-0.02304889531266034,-0.021849112220669258
3285,0.027743913,0.04824047,0.015300776,0.0130868945,-0.06307554318959503,0.03227373206719862
3286,0.020015068,-0.067887545,0.008858504,0.007443696,-0.00945025681218636,-0.06737831135374886
3287,-0.0140475035,0.12136631,0.008149178,0.007888619,-0.04042393460082581,0.12422873656454694
3288,0.2548792,0.027159087,0.013094622,0.007155813,0.21089141271008402,0.02672163043412478
3289,0.19004829,-0.19609095,0.025454314,0.021016931,0.05538260775595804,-0.19821537711711837
3290,-0.03396112,0.00091466215,0.011589565,0.009685248,-0.1026003400076382,0.00300380796155739
3291,0.007744976,0.31950992,0.00816928,0.011106678,-0.028107485160595812,0.32401763883006024
3292,0.07046956,-0.12677911,0.00897772,0.009183759,0.0329350449327375,-0.11571908914888046
3293,-0.6870922,0.5941045,0.020018864,0.018360756,-0.7093596754194659,0.5869776607424494
3294,-0.081681296,-0.18853322,0.012272666,0.011447483,-0.13817291631055956,-0.16937139572033022
3295,0.1059894,-0.07708849,0.009653634,0.009036052,0.06608549129148426,-0.07840876928275194
3296,0.037265636,-0.052772112,0.013808325,0.011745202,-0.044598508156894624,-0.05502060429352607
3297,0.05519069,-0.012760476,0.008937548,0.0071211713,0.02897133975555433,-0.007952408812753975
3298,0.023562081,-0.16861746,0.0086097475,0.008498272,-0.0134141292518485,-0.1625251685794803
3299,-0.025797155,0.014663051,0.015936416,0.013759417,-0.10471462787975941,0.016278278409845463
3300,0.22267553,-0.3226502,0.03431579,0.034521315,0.13859199515876997,-0.3314619736678699
3301,0.07347133,0.0016764468,0.016244464,0.013037955,0.0037850317535450175,0.0033303345914139798
3302,0.080938295,0.00909607,0.012280321,0.010213644,0.02008705085628281,0.014420593913704571
3303,0.038986072,0.4593289,0.011677819,0.019129291,-0.010950237451914445,0.49387701547329654
3304,0.028144319,0.019371398,0.008411526,0.00827027,0.0025062755881637886,0.022407681355836855
3305,0.056642305,-0.0030846233,0.010069138,0.008434372,0.01206764158114019,-0.0019092824546858807
3306,-0.07906067,0.060264707,0.008298627,0.0075476556,-0.11027518787073802,0.06542673824861163
3307,0.053579744,0.011006414,0.008176611,0.007047985,0.024404269751574927,0.01654524621889913
3308,0.54635537,0.19490841,0.01776022,0.00987638,0.5185843332629457,0.19321418066512386
3309,0.03642773,0.07423472,0.009821039,0.0097763585,0.011714399660610752,0.06461581077069198
3310,-0.3837491,-0.55862355,0.013397078,0.016559556,-0.4219115008171678,-0.5854811196155991
3311,-0.32946852,-0.4739119,0.015656669,0.019830896,-0.38780805331471757,-0.4663698470702082
3312,-0.0072840634,-0.025989525,0.008031639,0.0069725835,-0.03362312384204187,-0.012530151875972374
3313,-0.09780583,0.07935482,0.011495643,0.009324851,-0.13689772350810853,0.08072277608543255
3314,0.022205116,0.013906813,0.014511179,0.01258964,-0.050928720312533385,0.017175716151512057
3315,0.2550291,-0.36071077,0.009510883,0.013630521,0.2243107768432221,-0.34714389418604796
3316,0.17707174,0.01954718,0.028257657,0.020232707,0.02713860386272386,0.020897465778001275
3317,-0.56784666,0.16153885,0.029052684,0.013488979,-0.62608063683638,0.16283826480847116
3318,0.042586625,-0.0051442245,0.008923135,0.0075438125,0.0015039015145141628,0.0020907497233922786
3319,0.0335338,-0.0010104412,0.008397931,0.0073366463,0.0001507367767153803,0.003545458587877364
3320,-0.32279813,-0.14815581,0.015005587,0.008745074,-0.3659909188561576,-0.14098460479066344
3321,0.18324712,0.22219819,0.017794417,0.017310133,0.08522601126834356,0.21623199491784295
3322,-0.07512349,0.4060101,0.011601464,0.017258264,-0.131243084578956,0.3625189438816749
3323,0.14691487,0.36829394,0.008406324,0.013246052,0.1340642987812004,0.41570993561937875
3324,0.081998475,0.013585544,0.010856113,0.008926127,0.04164645892631592,0.013614556638814234
3325,0.09406932,0.023413993,0.008723793,0.0074420236,0.0566444972792001,0.0290056607958543
3326,-0.05957157,-0.010473453,0.010287562,0.008496377,-0.10251975279333715,-0.005844447504205741
3327,0.06143767,0.014225489,0.008459046,0.007648486,0.03266635232838844,0.018622370746911816
3328,-0.4197791,-0.51845366,0.01646776,0.018572165,-0.44838937131499956,-0.47748635164599534
3329,-0.15360923,0.011663101,0.008837707,0.0068003424,-0.18247366427820927,0.019946442418161844
3330,0.18167463,-0.018506292,0.014821314,0.009633793,0.15246449112131089,-0.01909692634193683
3331,0.38336253,0.101481244,0.016901657,0.007853022,0.33810953911241476,0.09757404077267855
3332,-0.3904001,-0.04424002,0.01209013,0.0065104994,-0.3914951735104859,-0.031017999711241796
3333,-0.058523685,0.17543171,0.0076769236,0.010057728,-0.08309855194254281,0.17035815288247644
3334,0.14383748,-0.097852886,0.008835581,0.008548228,0.12163069037401893,-0.09778378551340197
3335,-0.32029748,0.20113035,0.01116585,0.009902609,-0.34826539978763216,0.2071127978225992
3336,0.4382202,-0.07079653,0.018500797,0.007857333,0.3969452666012675,-0.07399223858249723
3337,0.06916064,-0.05631142,0.008322626,0.0074477643,0.036295893043872575,-0.051837701895982344
3338,-0.4561808,0.41274905,0.018115476,0.020022862,-0.5196555315171563,0.4243555095096291
3339,0.15668009,-0.20890746,0.012458584,0.016277455,0.11153412903557677,-0.20955645714863402
3340,0.030437358,0.003957062,0.00968315,0.00789993,-0.00685812745217503,0.0003945143768199687
3341,0.011557717,0.18223345,0.009447355,0.010055485,-0.02805512707737392,0.1703631762050589
3342,0.11927584,-0.006932848,0.010747854,0.008414511,0.07540911469986512,-0.01534137331354791
3343,-0.70183355,-0.049294554,0.081441134,0.029738152,-0.8236744297170111,-0.06362071149303904
3344,0.48583165,0.5910907,0.016122945,0.021311514,0.4267680286011749,0.5777606340683231
3345,0.15396912,-0.48519364,0.008534577,0.01800864,0.12348417677807796,-0.4993421724969408
3346,-0.021142172,0.013808615,0.008612348,0.0073934924,-0.05380072449742317,0.020452486164858463
3347,-0.4453947,-0.48805648,0.015087085,0.018654615,-0.48594744291491065,-0.49601044077640366
3348,0.1575838,0.1387611,0.008166324,0.007855897,0.13390914027451392,0.14443672151393533
3349,-0.009932989,-0.13945697,0.010270808,0.009557559,-0.05785996778753109,-0.1378217946787649
3350,0.36379182,0.11521771,0.015588835,0.00787703,0.37261969546630713,0.13069123064192548
3351,-0.06345953,0.010516114,0.010135578,0.007913719,-0.08889586796392218,0.01118172410008878
3352,-0.01652544,-0.18826762,0.050168496,0.048547354,-0.17908002651544727,-0.09990327062941416
3353,-0.115944095,-0.17639704,0.010718959,0.0107523715,-0.16256660126845113,-0.18524170785204352
3354,0.46889898,0.17037266,0.014096227,0.0066362945,0.43372020733184297,0.16983986190274622
3355,-0.013773914,0.11576726,0.019666508,0.018339079,-0.13271176790078987,0.11131639973338352
3356,-0.21843421,0.1267501,0.011604883,0.009214302,-0.24678393207708332,0.12522833911504608
3357,0.050910775,-0.012248733,0.009682559,0.008201237,0.009442041767842909,-0.011209904312045882
3358,0.09611474,-0.21943069,0.021008309,0.018985404,-0.04350582112264648,-0.1883924523305068
3359,-0.5865077,0.2608135,0.018035395,0.010125504,-0.6046466581951793,0.25201351146106166
3360,0.05545882,0.08993679,0.007716317,0.007040317,0.026311321401788868,0.09709546322179988
3361,0.2549875,0.10898997,0.0094059035,0.0065684854,0.2209529811922856,0.11630412401005129
3362,0.2433768,0.014083351,0.03882425,0.026177967,0.02554034348784752,0.012231102408939886
3363,0.21142982,-0.1487545,0.04561147,0.03565676,-0.0661345345226896,-0.1735601177982131
3364,0.6304198,-0.028677806,0.017435065,0.0052496935,0.6075420091087121,-0.028536383618127353
3365,-0.09446825,-0.20512047,0.013774579,0.014284081,-0.1647348603411512,-0.20579290138299108
3366,-0.01537323,0.15943572,0.009498486,0.009251546,-0.0488537805784865,0.15921256989185498
3367,-0.045849565,-0.03572485,0.008290232,0.00782782,-0.07191421249080288,-0.02673982556868959
3368,-0.18837802,-0.2182774,0.010216528,0.009353924,-0.21744330342503257,-0.20916645406392942
3369,-0.24104188,0.18749619,0.011246834,0.011161148,-0.2603767809819081,0.18273178932133055
3370,0.41352692,0.16912524,0.019388273,0.010422746,0.3785946669089194,0.1674398450252443
3371,-0.44756112,0.050515458,0.013448832,0.007834869,-0.4723321936336183,0.06078013752410413
3372,0.10925322,-0.0020472007,0.015938409,0.012249367,0.011210635899750495,-0.0029806613566315046
3373,0.072356746,0.07418501,0.009129406,0.008019521,0.0544667170048718,0.08390285863659543
3374,0.060594227,0.02107424,0.019246439,0.015810302,-0.03741842094566262,0.01921368690260234
3375,0.034297954,0.0058772108,0.008787724,0.008093099,0.011563667983200208,0.009014626148051746
3376,-0.92979527,0.20220876,0.020131735,0.009127154,-0.948966322179779,0.20687302094623605
3377,-0.16275983,-0.17610303,0.018223058,0.015711995,-0.2646658889527766,-0.18400701380651305
3378,-0.10191035,-0.27313736,0.008897258,0.009221619,-0.12431324787832523,-0.25715316227787854
3379,0.11371811,0.13497774,0.008801313,0.007893645,0.08571615134126828,0.13856264043937508
3380,0.060568828,-0.08037654,0.00883499,0.0071963817,0.03592312547987451,-0.0633576456920839
3381,0.30143124,0.24579951,0.025865745,0.02316553,0.1799456105519317,0.22685028558880496
3382,-0.013994766,-0.058976583,0.015822485,0.013834505,-0.08928658386458373,-0.05114834774221729
3383,0.023267254,-0.08679179,0.009054629,0.007832281,-0.01788730129206926,-0.0833052499912836
3384,-0.3916177,-0.5770241,0.012497556,0.014555144,-0.4138765177922828,-0.5608420385424238
3385,0.027020808,0.17825912,0.008452308,0.008487233,-0.002857085949709163,0.17259095032070518
3386,-0.042016417,0.1583671,0.014291797,0.013172376,-0.12703442816362864,0.14070450229115603
3387,-0.06845189,-0.45397422,0.01248649,0.019591384,-0.12286674748433474,-0.442545905553296
3388,0.064741254,-0.06182634,0.008265997,0.00773181,0.03445645528107471,-0.05831435851735471
3389,0.050136905,-0.022976972,0.008821992,0.007680697,0.013062312693029425,-0.017679862155291198
3390,0.07760753,-0.04442124,0.009534616,0.008405241,0.045198795242806164,-0.03685559388233705
3391,-0.48961115,-0.7770115,0.01046689,0.015684955,-0.4945628233707619,-0.7434709472665949
3392,0.035114642,-0.2643499,0.03217109,0.03199933,-0.15299833291659792,-0.2669554585246721
3393,0.10652239,0.08680461,0.0084527815,0.0072462624,0.07648742850222466,0.09005474555906132
3394,-0.47969338,-0.12552664,0.033285584,0.014709119,-0.5445482938868088,-0.11818994858315304
3395,0.007071028,-0.716419,0.010074213,0.021895371,-0.048332613019835775,-0.7048708760891661
3396,0.14519514,0.29411694,0.008364595,0.010950898,0.11803903323061683,0.2895444528884938
3397,-0.08940554,0.17558508,0.010768375,0.013010109,-0.1296746263469026,0.18034764234980072
3398,0.11000005,0.05341991,0.00969413,0.0075729038,0.05798071705979311,0.040020235613576594
3399,-0.042353727,-0.08765167,0.008985517,0.007967343,-0.06129706596239363,-0.0843387952153513
3400,-0.06416539,-0.057011813,0.008817382,0.007229562,-0.09910126621161977,-0.05167243621367876
3401,0.1675454,0.2170066,0.01005415,0.009748373,0.1188613787326403,0.20589874948497913
3402,-0.10415712,-0.15137899,0.00864993,0.008460562,-0.1000234228823026,-0.12015981711338286
3403,0.10025899,-0.34653974,0.0075149597,0.011187219,0.06659587951068717,-0.29154988979298246
3404,0.1136152,0.22367689,0.011843234,0.012940795,0.04593556875816287,0.21460544783012925
3405,0.020015068,-0.067887545,0.008858504,0.007443696,-0.00945025681218636,-0.06737831135374886
3406,-0.23601829,-0.19635268,0.01009876,0.007802392,-0.2545089194780939,-0.18176351662581414
3407,0.05354511,-0.010275074,0.014637007,0.012198385,-0.01937320082484585,-0.013459185156476025
3408,0.03480923,-0.10676826,0.011463941,0.010842955,-0.01631364919279247,-0.09588047780394435
3409,-0.004973816,0.09733101,0.009153031,0.0089077,-0.04332359320576657,0.1005807878682782
3410,0.23638715,0.06966045,0.009816669,0.0068048933,0.20676374519197777,0.07124708500014176
3411,0.13007468,-0.27218977,0.009053802,0.012832105,0.09096989738886511,-0.2691342235455165
3412,0.0069877454,0.08745156,0.008832626,0.008588951,-0.02514209174572325,0.08900433902567444
3413,0.071616046,-0.010708709,0.023542622,0.01993644,-0.03163446883899408,0.0010473126987216228
3414,-0.022398856,-0.031426303,0.008700512,0.007145651,-0.04156142747564916,-0.028429293436075802
3415,-0.12543517,0.051373005,0.009844174,0.00798597,-0.1545392373846239,0.057592526289560055
3416,-0.14795093,0.17585647,0.010286735,0.011369082,-0.17612212775696293,0.17554864723898916
3417,-0.39841282,-0.08233387,0.019104231,0.008253396,-0.42255350160019317,-0.08544873431794912
3418,0.056389816,0.02612929,0.008102472,0.0070467726,0.023706979498900296,0.02950962993290041
3419,0.024428416,0.07422193,0.008154264,0.007502893,-0.006834269899724842,0.08121746122167542
3420,-0.28257382,-0.23959577,0.01176866,0.008563683,-0.3035419252943278,-0.22327710840426684
3421,-0.15706716,-0.71620536,0.011622557,0.0242803,-0.22852704617436279,-0.6884640827288148
3422,0.071802825,-0.54581136,0.007872334,0.016179942,0.034588481490639686,-0.5397775080347039
3423,-0.248033,0.43734783,0.009052147,0.015153437,-0.2798528530390251,0.4431552544687716
3424,-0.2834955,-0.2920205,0.025750851,0.023019528,-0.4000109311560907,-0.2788817079053729
3425,0.2427728,-0.04351623,0.015221173,0.009326891,0.1796215271594021,-0.03568362679941163
3426,-0.4564271,0.14055674,0.01250191,0.008137696,-0.46637805187298526,0.13874980194927464
3427,0.15753567,0.169101,0.010704925,0.0112579465,0.13235766090184248,0.17774649943739593
3428,0.30074137,0.10659353,0.012959891,0.007691017,0.25343817955529085,0.10407769933397423
3429,0.00022684457,-0.040003628,0.00813759,0.0067933267,-0.027738389660831905,-0.03507694182113965
3430,0.022008646,-0.3228888,0.009330911,0.012677629,-0.02070127220039589,-0.30922981678271855
3431,0.014568534,-0.0037827725,0.009249652,0.00782134,-0.01759952618858974,-0.004418723981617409
3432,0.113757975,-0.00024762843,0.010326616,0.008182686,0.06143195454803603,-0.001987450866535274
3433,0.0028154538,-0.11145595,0.009522219,0.008697879,-0.029248763116046485,-0.09307326760552592
3434,-0.09140912,-0.13802993,0.008986344,0.007338961,-0.11662684461015418,-0.12805404930980838
3435,-0.19602977,-0.03149675,0.010877104,0.0068287943,-0.22715113722285046,-0.028889990607921297
3436,0.066582456,0.15717581,0.0099196,0.009608954,0.02466012211653754,0.15749957511335072
3437,0.049963392,0.12482244,0.008241404,0.007854571,0.019642066682255353,0.12123321282533814
3438,-0.12427856,-0.08816353,0.01233425,0.009417078,-0.13433629960717508,-0.06758539979408876
3439,0.65115905,-0.08068246,0.02066354,0.0068133106,0.5990359136431752,-0.08010000151118371
3440,0.12172288,-0.29136208,0.013982557,0.019489344,0.055217725580874115,-0.3009028053784765
3441,-0.015610477,-0.046318658,0.009165907,0.0077530006,-0.06434890135999785,-0.055904931684603726
3442,-0.11019632,0.24400133,0.0106921885,0.016095065,-0.1652717670002113,0.23996773041129382
3443,-0.09049422,0.6122737,0.007730985,0.015669342,-0.12530657814701796,0.6147201909753154
3444,0.07555531,0.010923292,0.012613395,0.01048745,0.01365713629625552,0.008880011823847489
3445,-0.0072212447,-0.032747686,0.010758233,0.008816847,-0.05311604436126906,-0.028095306466361367
3446,0.040829923,0.09223343,0.013247096,0.011881797,-0.044543869861239746,0.08909832607444293
3447,0.010231102,0.09133216,0.009599205,0.008803313,-0.030570279006899428,0.09658274725780684
3448,0.12528647,-0.2030338,0.012900228,0.016573856,0.07413684044695479,-0.19418996597475136
3449,-0.1586539,-0.15236294,0.009669101,0.0074201375,-0.18611222392325044,-0.1410720902721225
3450,-0.5262425,0.35385385,0.02186126,0.019045543,-0.5383884008561529,0.33349823550090435
3451,0.08089676,-0.03063082,0.011219014,0.009755991,0.03508378674864636,-0.02589067056866152
3452,-5.8762264e-05,0.35344636,0.0075355466,0.0115464255,-0.025292384673606654,0.3506406278781365
3453,-0.30039626,-0.06922879,0.011835221,0.0065524704,-0.31843501692898707,-0.060412846964999115
3454,-0.26976597,0.16919078,0.012841032,0.011302812,-0.29027446664874734,0.16110544843188532
3455,0.1306466,-0.12330859,0.011177876,0.011412264,0.07470053436660051,-0.11021817425567709
3456,0.03523556,-0.0076282183,0.010086368,0.008307346,-0.009909425982913892,-0.005541256926973456
3457,-0.022293033,-0.13049448,0.008224143,0.0077080713,-0.04668657498117141,-0.12258113975368215
3458,0.10464586,0.004857446,0.021652583,0.01682721,-0.015272720172719684,0.007704502741142625
3459,-0.6605848,-0.33637545,0.023172515,0.013436714,-0.6809363610171639,-0.3198208416700375
3460,0.33241984,-0.21028173,0.016802372,0.013997239,0.2882993142239377,-0.20585449312899198
3461,0.34176272,0.046583317,0.029883415,0.014568872,0.24051568293343428,0.05647019892763844
3462,-0.2947974,0.15174535,0.01506583,0.011805157,-0.3411161088140557,0.15443572127731395
3463,0.00023534568,0.21242213,0.02073734,0.02138737,-0.10565193918573773,0.21232451730655902
3464,0.036967766,-0.023680337,0.0097303735,0.008688099,0.001255625997148363,-0.014866869758542529
3465,-0.7682428,-0.19940236,0.027637802,0.009523678,-0.8164024581086192,-0.20243652317070537
3466,0.36690873,0.2459452,0.014060963,0.009556175,0.3318103794180836,0.24361293222914085
3467,-0.53589654,0.2549226,0.016966825,0.011786723,-0.5378922025719721,0.2487561410700892
3468,0.3034302,0.20947191,0.01353763,0.009860136,0.2736971225444483,0.20891402936126813
3469,-0.09671849,0.49795568,0.007016007,0.012629784,-0.11598674769310591,0.5106466839768509
3470,-0.11274707,0.033753544,0.014173566,0.010689058,-0.1806959543185814,0.031158370753541477
3471,-0.27391756,0.18465371,0.021514334,0.019639656,-0.3367531863718028,0.18893554901902782
3472,0.016751137,-0.0036275992,0.010112567,0.0087294085,-0.02545377329077925,-0.0015466550482777118
3473,-0.014368355,0.012690208,0.00924481,0.007943926,-0.05873620519412124,0.010661386588108304
3474,-0.2892568,0.26701832,0.010647602,0.013914075,-0.3063544701241574,0.2634418229382945
3475,0.00451899,-0.16926098,0.010187383,0.009906628,-0.03791231386736787,-0.16426845273856425
3476,-0.019051395,0.0742182,0.009933056,0.008454847,-0.05210108762662565,0.07598389315011315
3477,-0.36295474,0.26210493,0.027327908,0.025216905,-0.4278315135976638,0.2654939049203637
3478,-0.22453783,-0.114062935,0.021050684,0.014817725,-0.2946167352077415,-0.10279055141792923
3479,-0.5885248,0.19372568,0.016369836,0.00974272,-0.5793724518617706,0.1780442824318896
3480,-0.017687555,0.142185,0.009162008,0.009431125,-0.058666122621947966,0.14649850849448054
3481,-0.36344624,0.071739905,0.025026206,0.012848223,-0.37110707834185164,0.06680743715905833
3482,-0.15516277,-0.16121835,0.009945803,0.0077880356,-0.18761495868385517,-0.16211619302531183
3483,0.12761994,0.0020348271,0.0096701635,0.007524477,0.07822176434737246,0.0059849228313172175
3484,-0.63901716,0.70911324,0.013433776,0.014728465,-0.6582106671873322,0.7035580765408931
3485,0.031348005,-0.03687313,0.009161654,0.008223176,-0.005369941660944676,-0.03131607647941521
3486,-0.58433384,0.0072985133,0.022208767,0.007790576,-0.6239876891100574,0.01299245070492633
3487,-0.23194428,-0.19642681,0.010615285,0.008375254,-0.2634759452955594,-0.18961622558822874
3488,-0.15038498,0.19836535,0.009700388,0.012919991,-0.1687988527963923,0.19452917257919405
3489,0.2880308,-0.19639353,0.011140269,0.011202443,0.2598994160547982,-0.19022342843738255
3490,-0.28454423,0.6236827,0.02542596,0.040722273,-0.39792095614123,0.5741811653451772
3491,0.13020584,-0.08375133,0.016197665,0.013815794,0.07192209728093935,-0.08284603539157015
3492,0.4648186,0.207359,0.020221693,0.011832225,0.3881231606557609,0.19633156349690586
3493,-0.0014746948,0.055630058,0.008465193,0.007609071,-0.03369582731775419,0.05788815415145638
3494,-0.014830407,0.384386,0.007388234,0.010660698,-0.03163979014468807,0.3529565147710809
3495,0.35628402,-0.01740918,0.088376045,0.07173046,-0.025594091545215737,0.05184343294194891
3496,0.10202074,-0.028747618,0.017968189,0.013985673,-0.0011814118586427388,-0.031912017255175604
3497,0.08733932,0.05440396,0.0085919015,0.007219575,0.05371371109834243,0.05503556635037128
3498,0.071500845,-0.13221411,0.011124825,0.011267313,0.014302904233989291,-0.12557891052249817
3499,0.31210992,0.5954101,0.012699206,0.020125488,0.2452864251591425,0.5704632942843056
3500,0.49666408,0.24427253,0.016851135,0.008960668,0.45663054146399557,0.24654357988914546
3501,-0.08127622,-0.15460028,0.06786599,0.06373116,-0.5253206439279772,-0.11528954741262569
3502,0.043079045,0.023613855,0.00814776,0.006944781,0.01101253997762183,0.02840397532444725
3503,0.012156721,0.4293458,0.007344922,0.010863243,-0.01377830025809539,0.4300646705086564
3504,0.25536397,0.008147134,0.013738601,0.0076681077,0.20025434170904272,0.006100194878913345
3505,-0.076637484,0.015715495,0.00971904,0.00741577,-0.09713072118470917,0.015993803501531737
3506,-0.0116257295,-0.04199586,0.010954929,0.00915655,-0.0626973742931494,-0.03993148083851113
3507,0.03771361,0.014356113,0.008535639,0.006848576,0.007725641974777074,0.019342667484237443
3508,-0.09107835,0.22059849,0.008145869,0.012359151,-0.11523439996915111,0.2120919318886463
3509,0.037401523,0.020309448,0.007994387,0.007091858,0.00810528003695596,0.024408857487455
3510,0.5561125,-0.19999723,0.022758812,0.01075766,0.48938481830744573,-0.191932934019372
3511,0.14882608,0.059889756,0.010358824,0.007959302,0.09913781599634143,0.05818076165325237
3512,0.1307506,-0.11484558,0.04798598,0.040979102,-0.04950087293834197,-0.077388898662557
3513,-0.01701637,-0.11039269,0.008653832,0.008016732,-0.046417719416103086,-0.10921807629025156
3514,-0.0057837474,0.013531602,0.008877053,0.007408117,-0.036797156939696374,0.01789517854502076
3515,-0.12684812,-0.25112393,0.008969922,0.008225329,-0.1539578472309011,-0.23489896329502707
3516,-0.5956601,0.38033575,0.019439016,0.017722854,-0.6310383040956832,0.3825304795163802
3517,0.22791246,-0.2313953,0.01262399,0.012870356,0.17867709806147739,-0.22494048772263653
3518,-0.045849565,-0.03572485,0.008290232,0.00782782,-0.07191421249080288,-0.02673982556868959
3519,0.29426846,0.034992695,0.019173233,0.010110886,0.20099525192090342,0.03122390014292669
3520,0.014510121,-0.27996963,0.007949329,0.008359753,-0.016238069189835665,-0.27038752283507456
3521,0.16740325,0.079688355,0.024312207,0.018095598,0.03127926691673133,0.08451332758575587
3522,-0.25983047,-0.056948856,0.011477021,0.007021083,-0.29288192916363426,-0.05304194775244929
3523,-0.009891881,-0.0886824,0.008421928,0.0073290667,-0.032602943589423325,-0.08705777235209103
3524,0.23610769,0.14706044,0.009348152,0.008431693,0.21082878221491358,0.1552918146136335
3525,-0.05519733,-0.3232873,0.008057064,0.009517141,-0.08385597076101695,-0.29893748932088104
3526,-0.09825274,-0.08691588,0.011220313,0.008807998,-0.14222179267624013,-0.08401713358132859
3527,0.009485062,-0.014228308,0.008808639,0.0073901266,-0.026334716519527703,-0.005950026423075704
3528,0.07840647,0.011741458,0.009139919,0.0071460204,0.0479887818882173,0.017931690179448935
3529,0.11441343,-0.018176068,0.02611977,0.021368342,0.01376569380056696,-0.02765106694604482
3530,-0.0945961,0.08463023,0.011163257,0.010855254,-0.09103915322672994,0.06658179006581036
3531,-0.030939806,0.009171768,0.009519031,0.0076164887,-0.058307460221170566,0.01080013053249702
3532,0.09437794,-0.22244585,0.00981183,0.0117780715,0.05465505022426519,-0.22272479635799955
3533,-0.13589543,0.030865766,0.01091637,0.007734075,-0.15637517107042898,0.031455930755781875
3534,0.08680232,-0.04618884,0.008816438,0.007849799,0.051087107576076776,-0.043550478667606536
3535,0.0749596,-0.24747789,0.00967831,0.013066649,0.03597520914339887,-0.2385032045675606
3536,-0.4927086,0.39308524,0.014544314,0.013731607,-0.513028106645117,0.3842440820492133
3537,0.11308858,-0.011376073,0.018682756,0.014152555,0.024114260056145954,-0.004841083873675906
3538,0.37303436,-0.3512843,0.0119955465,0.010483681,0.35577467465264223,-0.3567910727068769
3539,0.036993645,0.06908478,0.008464483,0.008551317,-0.0012401459018996626,0.07265956359469293
3540,0.038062304,-0.015258023,0.008228399,0.007259734,0.008122992785081839,-0.011594324166372162
3541,-0.3340785,0.25095558,0.013511168,0.012864993,-0.36925665966622945,0.24495825364645787
3542,0.10036785,0.0013462445,0.010610331,0.008408219,0.041297642340525575,-0.007872113607146715
3543,-0.19176511,-0.34054878,0.012937769,0.01917713,-0.20658124811233686,-0.29376622623740917
3544,0.03495186,-0.02050855,0.008673449,0.00851982,0.003425445927351721,-0.013182074064456602
3545,0.051620923,0.0077003306,0.0085727535,0.0069915047,0.02398781064511526,0.008931388237775686
3546,0.028118746,-0.03494227,0.012471889,0.011235317,-0.03298599581560967,-0.038305811931350214
3547,0.034921505,-0.071052015,0.015735062,0.013850874,-0.07989907825635563,-0.06347633262858918
3548,-0.17272843,-0.15045375,0.00947416,0.008113144,-0.177966902112459,-0.1351580246302163
3549,0.10552715,0.02883301,0.012719334,0.009971347,0.04859932137522071,0.02770425548464924
3550,-0.36115283,0.092672236,0.01143542,0.008736644,-0.37761628218405213,0.09944535430969553
3551,0.12038597,0.0059070988,0.019806415,0.015116576,0.0260812367425414,0.006876169684905073
3552,-0.20169248,0.59325695,0.0074479897,0.014983959,-0.22171525741243855,0.5845312849273442
3553,-0.07836226,0.36543226,0.00980817,0.014921356,-0.11699220363109471,0.3431345897235039
3554,0.15730904,-0.012921573,0.023287592,0.016982019,0.0360906204249201,-0.009991393648533024
3555,0.14850059,0.11562806,0.008738801,0.0072709746,0.11472234433603849,0.12330456313202554
3556,-0.7248769,-0.1230128,0.019820087,0.0061308662,-0.7488212590606746,-0.11669217535173365
3557,0.5298357,-0.090584494,0.02421854,0.009167509,0.44798971061901527,-0.09114616542214585
3558,0.14254753,-0.11918091,0.008990243,0.008355609,0.12007197876155672,-0.10937095133125001
3559,-0.47098693,0.3443871,0.015452444,0.012563752,-0.4923786424209737,0.33606036013008217
3560,-0.36312616,-0.118577816,0.022900034,0.012085913,-0.4014459656222773,-0.1020223112273094
3561,0.103456765,-0.82616943,0.0071701207,0.018871773,0.06469414301225605,-0.8217636314437373
3562,0.03418862,-0.017515898,0.010674378,0.0093571395,-0.013544437760251264,-0.012902370362351654
3563,-0.31108314,0.14938672,0.013317562,0.0105993925,-0.33333246225134094,0.14515139688027928
3564,0.40170395,-0.040632077,0.012576667,0.006003904,0.3786999881867067,-0.036907583294692604
3565,0.07771666,0.108272254,0.010373691,0.009082056,0.03284985513721522,0.10549924071037055
3566,-0.15976481,-0.12225809,0.01203795,0.009048362,-0.16060658564097693,-0.1108196811925973
3567,0.08714466,0.19487852,0.0079121925,0.008103967,0.06181373431363245,0.20654881321375476
3568,-0.47943968,0.128612,0.012818318,0.008324903,-0.45762194019190694,0.11841870604889936
3569,0.045131803,4.4470653e-06,0.010466301,0.008750225,-0.012330601417092217,0.006074850255191631
3570,-0.21827433,0.09819211,0.010103834,0.009981416,-0.2438919375935704,0.10247318758744554
3571,0.27863273,0.86654234,0.00840786,0.018088356,0.25102119365443254,0.8665673435836704
3572,0.017594809,0.33084437,0.009987113,0.013539916,-0.015523923440484763,0.2923413105609995
3573,-0.0265336,0.010802387,0.009979913,0.007953493,-0.06428485420727757,0.005785363849082492
3574,0.17167357,0.124817744,0.018910887,0.014484653,0.09107608953992036,0.12387221019699594
3575,0.17315258,-0.36788505,0.008745419,0.012390666,0.15035012263935463,-0.3664397073262966
3576,0.049333937,0.0998155,0.018751083,0.016428325,-0.03972963227333622,0.08474304220735018
3577,-0.050323308,-0.009149619,0.008803204,0.007367177,-0.0819696672803052,-0.007333420073196568
3578,0.14296006,0.019538604,0.010525637,0.007955378,0.10375817443344591,0.022820967543747885
3579,0.12198302,0.00788183,0.025479995,0.019675435,0.003000473468757592,-0.004716772791376027
3580,-0.4043452,0.52837765,0.014660855,0.02253855,-0.4583846103218386,0.5345736831310487
3581,0.24175765,0.01972948,0.012324948,0.0069292593,0.2064787688323238,0.021746369117536753
3582,0.05228976,0.14133519,0.009929633,0.009509674,0.0032383777981612664,0.14008997813899907
3583,0.32996148,-0.23622225,0.014121146,0.01215535,0.2905601246890794,-0.2292731284278373
3584,-0.025515888,0.057518497,0.008465548,0.008498522,-0.04533316660295672,0.05302311598900838
3585,-0.3425482,0.17323287,0.010819557,0.010932559,-0.36369623304770554,0.17685529241256087
3586,0.12103764,0.29592913,0.008613648,0.012050394,0.08141988441931397,0.28377698463023143
3587,-0.413913,0.21008986,0.016429765,0.010383324,-0.4483854582601622,0.19930384779522478
3588,0.53184104,-0.26957658,0.024967257,0.014053099,0.47336090413498233,-0.27927599152351157
3589,-0.23841049,-0.24285579,0.010995372,0.011478135,-0.25660705095963326,-0.2252523909172144
3590,0.0992073,-0.0047135362,0.013440952,0.010699609,0.02390112671809982,0.0030303674976316967
3591,-0.15976481,-0.12225809,0.01203795,0.009048362,-0.16060658564097693,-0.1108196811925973
3592,0.4312516,0.07869102,0.016475618,0.0065784496,0.41332787215874073,0.08249510287763592
3593,-0.7248769,-0.1230128,0.019820087,0.0061308662,-0.7488212590606746,-0.11669217535173365
3594,0.07341965,-0.22094277,0.0147550665,0.016689155,-0.0038009662702120847,-0.2344629282828596
3595,0.13493438,-0.14013699,0.008803793,0.008830256,0.11074446536654106,-0.13928929472090232
3596,-0.35142815,-0.5007883,0.0093182735,0.012952255,-0.3715248082915517,-0.4919339064924343
3597,0.10302999,0.08132689,0.009547017,0.008174727,0.0786069710309476,0.0902934366606224
3598,0.62803006,-0.26504546,0.026609631,0.012976945,0.5442248755384936,-0.2536549055059023
3599,0.067926645,-0.023102276,0.014746257,0.012231567,-0.0026460045672255347,-0.025354857625656684
3600,-0.28421503,0.07272958,0.026616247,0.015512057,-0.37323307323456273,0.08619574450895119
3601,0.0050128144,-0.20553797,0.008710203,0.00846788,-0.030168966835885932,-0.1954494778081605
3602,0.06435632,0.24209854,0.0077221133,0.009178589,0.04301213018093242,0.24821248021207104
3603,0.03492544,0.12530875,0.013922484,0.0135197705,-0.03587381972349417,0.11512908161531983
3604,0.12977761,0.014263741,0.01884456,0.013752198,0.03387896675552087,0.0033850178162087136
3605,0.1983174,-0.101846576,0.009931049,0.009168988,0.17394514097793212,-0.1011838723028848
3606,0.24074875,0.2046076,0.009852791,0.0078046215,0.2154980435251236,0.20756572382415478
3607,-0.6820681,-0.4231087,0.02392411,0.017139338,-0.7115198950287017,-0.40437697201064665
3608,0.07552818,-0.015169145,0.011638936,0.009471073,0.020274256649544357,-0.012565077322599432
3609,-0.03580475,-0.090035826,0.0084034875,0.0073866397,-0.06458260798484992,-0.08258241076235699
3610,0.16062425,0.0064442,0.022451362,0.015848082,0.06120278531511536,0.01663731277408551
3611,-0.0066878595,-0.39379963,0.007412846,0.010075691,-0.035329802638379995,-0.3686377475811201
3612,-0.12590595,-0.034793235,0.011713166,0.008077151,-0.16851389639819433,-0.0359372905995653
3613,-0.061773427,0.017054178,0.017731411,0.014610382,-0.1394726813273207,0.021530199770718923
3614,-0.22873835,0.23141068,0.014424468,0.018667351,-0.2713619887603448,0.23452974597329637
3615,-0.11636658,-0.12039321,0.021769932,0.018004308,-0.26959907728225263,-0.149713682241033
3616,-0.054734334,-0.23896198,0.008299927,0.007769042,-0.08065893227541063,-0.2251916514521768
3617,0.1348307,-0.03517519,0.011515442,0.008876894,0.10194251911561959,-0.03055536459047017
3618,-0.40554827,-0.052459255,0.025014112,0.010588175,-0.4674496307061384,-0.05160101431908827
3619,-0.2962914,0.16888157,0.013065323,0.010508184,-0.3156782760584304,0.1643736588987979
3620,0.3257671,0.3781114,0.017130079,0.019058896,0.23729740273296782,0.3599115412174279
3621,-0.26609266,-0.48113984,0.0112884445,0.015859267,-0.2938618760098116,-0.4511561846789841
3622,0.1686578,0.21105084,0.010666476,0.011983581,0.13621755581422212,0.2094723562403384
3623,0.11198113,-0.04438673,0.015735766,0.012386208,0.042049089129808814,-0.043821602604773566
3624,0.047557253,-0.0050337547,0.010516555,0.008790284,-0.0025185642942524944,-0.008979509345581607
3625,0.31702697,-0.22812195,0.019895816,0.017593695,0.19854462974207351,-0.17745290634726046
3626,0.049042393,-0.02685503,0.009144409,0.007984775,0.004629356420694417,-0.012178014766061137
3627,-0.0061908844,-0.0068835625,0.00860313,0.0073501696,-0.03228188157016512,-0.002751054525804649
3628,0.011315946,-0.024213701,0.008101527,0.0070976415,-0.019151547647350477,-0.013944382310879026
3629,-0.03483838,-0.12887698,0.010415218,0.009273987,-0.08531520503320676,-0.13445858151735923
3630,-0.21022107,0.26932132,0.0097372215,0.011126849,-0.23749597450903706,0.2674726525444332
3631,0.13522734,-0.047047123,0.010339477,0.008191505,0.09014172198789609,-0.037794918818968806
3632,0.031524036,0.03253811,0.008778979,0.007822624,0.002701092970820695,0.034717972048794336
3633,0.2153426,0.2007415,0.009251541,0.008781004,0.1869766154343348,0.20013414696284426
3634,0.27121645,0.04731325,0.010518089,0.006631853,0.2551219464279654,0.052696534300688117
3635,0.059881177,0.024527542,0.010622598,0.008895289,0.027643720800146404,0.028205887578571842
3636,0.07467188,-0.0019542435,0.012586084,0.01077764,0.013822202365550287,0.005922025338623007
3637,0.13128944,-0.054549545,0.012281853,0.010054215,0.08594797169788874,-0.056258666005925446
3638,-0.21344341,0.24533556,0.011106316,0.016903676,-0.23049799282797992,0.22652374564011848
3639,0.088706434,-0.0680568,0.008242705,0.008021968,0.05321907748852275,-0.058523823287453494
3640,0.33588487,0.29118052,0.013937886,0.011080672,0.28549298551877667,0.29572265018913374
3641,0.34056127,-0.109845154,0.022160145,0.012487524,0.2965624098919145,-0.11183294932851656
3642,0.091878295,-0.54120183,0.007858733,0.010679766,0.06279759213293448,-0.5323527154177112
3643,0.5073638,-0.634241,0.028105944,0.035882443,0.41634640645111426,-0.6780868471472443
3644,0.008594926,0.34083414,0.008837826,0.011363521,-0.030216501604833943,0.33147664785495284
3645,-0.16762394,0.05938558,0.013086268,0.010132479,-0.21673946415249182,0.06642270963352967
3646,0.046851397,-0.06766654,0.007892913,0.0073147584,0.016147930279709767,-0.06157150969544942
3647,0.0032151076,-0.028536014,0.010696079,0.009226411,-0.05064571757860782,-0.0337655814612118
3648,-0.033864968,-0.029746316,0.009323234,0.0077806218,-0.06616057399748518,-0.025283913485958986
3649,-0.047003996,0.009346432,0.014335514,0.012286037,-0.10191843568633548,0.023738365785266606
3650,0.12528647,-0.2030338,0.012900228,0.016573856,0.07413684044695479,-0.19418996597475136
3651,0.48098895,-0.6676373,0.015262737,0.02160353,0.4000818116553467,-0.626162039710134
3652,0.051516637,0.051102854,0.012532166,0.010942614,0.004939277611329858,0.05220842477198179
3653,0.41126937,-0.14556184,0.025260681,0.0134622045,0.3343113140180174,-0.14797015367749894
3654,0.13772427,0.026857339,0.011615604,0.0087619135,0.09768424792487844,0.029634032771713614
3655,0.16760816,-0.277827,0.013604075,0.015109894,0.10896987779400077,-0.25741434917614936
3656,-0.42731318,0.08846057,0.016602367,0.013692355,-0.43814741456104733,0.0972734181516451
3657,0.2764579,-0.23883201,0.015848534,0.015952975,0.23295427220544407,-0.2419515818209558
3658,0.43503815,0.07633677,0.01184076,0.0061147586,0.42195389333980504,0.07713124436281245
3659,-0.12552133,0.3155566,0.008065341,0.010868569,-0.1459309582030225,0.32319778944350386
3660,0.06058936,-0.051175293,0.008576181,0.007846857,0.02439802611284425,-0.04513106773069359
3661,0.5116186,-0.3945341,0.020457651,0.01995198,0.45655156812645165,-0.37463034307630655
3662,0.24364035,-0.061558403,0.017477473,0.011172972,0.18659733643923138,-0.05977257207741818
3663,0.19324271,-0.03583584,0.015209667,0.010074841,0.13047083169676532,-0.03384429284734675
3664,0.22065423,0.6485296,0.008574882,0.017727215,0.18682688121240823,0.6551914291645954
3665,-0.05943057,-0.0385589,0.00982446,0.007589399,-0.09742527281930245,-0.03511595673944401
3666,0.28577885,0.2508638,0.009614672,0.008906949,0.2605155606898934,0.2506397742476814
3667,0.47759724,-0.08812359,0.025217908,0.0098391725,0.3188287400967386,-0.07312701132774732
3668,0.61307544,-0.005661019,0.019413294,0.0055922125,0.5611773490739212,-0.005769543436608691
3669,0.056446455,0.032675505,0.009453731,0.00809672,0.020750143546752628,0.030188434557018914
3670,0.09235205,0.0033001741,0.014629491,0.011397225,0.014376666534273688,0.0037302124544467026
3671,0.36005795,-0.1867722,0.015467703,0.0110971695,0.3058579989530907,-0.17265206968206342
3672,0.4108698,0.41750735,0.011260627,0.012235629,0.3914794183963667,0.42921891281414426
3673,0.15584621,-0.02262497,0.010746203,0.008100911,0.1092623245408693,-0.018198171268542476
3674,0.042257965,-0.56626993,0.044658165,0.059648268,-0.18050372784000457,-0.5349314052722064
3675,0.094084665,0.15994015,0.008326172,0.00822267,0.0601594083232816,0.15836496642518294
3676,-0.0019486318,-0.04138606,0.007974283,0.007585177,-0.02423179694809698,-0.02366547539656216
3677,0.23781061,-0.05504168,0.013260272,0.008669262,0.19126395449211933,-0.051732982735607655
3678,0.17396726,-0.033313487,0.012134882,0.008543788,0.11838826690257696,-0.026261471779283715
3679,-0.5209049,-0.52706176,0.014221047,0.014052559,-0.5482864972289948,-0.5061932413565721
3680,0.10880438,-0.28810716,0.008531386,0.009857279,0.07291340187696144,-0.27920750651840137
3681,-0.10805486,0.01072923,0.009474514,0.0074939034,-0.13804452232507075,0.017570070325744255
3682,0.259667,0.108857185,0.0128475055,0.008570665,0.20620620438930443,0.10931942229796736
3683,0.6112341,-0.21242902,0.015827296,0.0068623773,0.5782361228195935,-0.2096174219711118
3684,0.1078157,-0.2636508,0.011952081,0.015800657,0.061468492412271265,-0.265415628136059
3685,0.041044947,-0.037489083,0.0089526735,0.008145089,0.005369250762510595,-0.03978977009464301
3686,0.12792198,-0.13861914,0.010484823,0.0099295555,0.09950314448140526,-0.13235153388158272
3687,-0.07843981,-0.04290366,0.010914838,0.008282211,-0.11382549575453363,-0.04178792373830783
3688,0.034644682,0.07197565,0.009606762,0.008574684,-0.0076384309581905944,0.07475368231515496
3689,0.06412722,-0.15763766,0.008731239,0.00828158,0.039868440536878734,-0.14728644638951466
3690,-0.032334425,0.0811926,0.010135107,0.009660222,-0.06859522014658126,0.0849588204185555
3691,-0.05849109,-0.21617465,0.0087502645,0.008037535,-0.0951668283845449,-0.19760540703033416
3692,-0.25515014,0.7267855,0.0066214968,0.015645832,-0.27317277152897995,0.706245257645525
3693,0.094695814,0.024595536,0.0117901005,0.009167724,0.04570045594835574,0.027781866718728523
3694,-0.006351068,0.41646898,0.007645101,0.0106884,-0.03152881530920262,0.4276771950535443
3695,-0.23099776,0.006266034,0.011948784,0.0070540146,-0.2518342996680341,0.010868375219424891
3696,-0.02052746,-0.036971353,0.0083741695,0.00728984,-0.049830742790021934,-0.036000918891643835
3697,0.065291144,-0.088009484,0.009000993,0.00925948,0.03407095716011688,-0.07955939302084829
3698,-0.37077358,-0.18098465,0.01165885,0.007716211,-0.381835916830979,-0.17273116691184645
3699,0.1313205,-0.04734678,0.011207817,0.00885149,0.07908226064548245,-0.044664715427221564
3700,0.045667693,-0.021341745,0.011246598,0.010199181,-0.005897439427722969,-0.018718153198244204
3701,0.030934596,-0.020293765,0.013481176,0.011942998,-0.0348451483906738,-0.015041077017972722
3702,0.071143046,0.26547816,0.008274272,0.010108859,0.035629375986066324,0.27292972444169056
3703,0.5085317,-0.0994328,0.02282337,0.008972567,0.40107724507862585,-0.09221762773611585
3704,0.16500711,-0.82532746,0.007781376,0.019847702,0.12133922471415798,-0.8156384987604004
3705,0.023404777,-0.061704613,0.008856376,0.007200116,-0.012365751506352416,-0.05942072116259402
3706,0.09530212,0.6375731,0.008340833,0.016905725,0.05559095242624212,0.642579007561717
3707,-0.7449995,-0.11110561,0.029869065,0.008817848,-0.7423268457701205,-0.10244533606058805
3708,-0.5159179,0.060629927,0.017134413,0.0073540234,-0.5230070317648009,0.06367584626803871
3709,0.035708994,-0.022545792,0.0083327945,0.007329219,0.003003491326182399,-0.01777215937562173
3710,0.07366813,0.15400386,0.0075315246,0.0072449567,0.045480429995666476,0.1524792891450099
3711,-0.052766576,0.32702336,0.01303579,0.016621009,-0.1206385502851872,0.2922139085991415
3712,-0.034715667,-0.21473926,0.011965273,0.011449046,-0.09956197272256294,-0.20117791972344445
3713,0.41715696,-0.115545,0.02376301,0.011371688,0.2949613670162523,-0.1067174007122629
3714,-0.2265281,0.09621242,0.012418791,0.008506637,-0.26117922035426744,0.0911412198664026
3715,0.082233444,-0.051043503,0.008498763,0.007336245,0.05446479584485715,-0.04704778877449001
3716,-0.8421171,0.23019508,0.018398045,0.008331168,-0.8427244209200236,0.22649571419103828
3717,-0.056168243,0.19695708,0.008040507,0.010325918,-0.06666911155427033,0.18087520843757984
3718,-0.440875,0.4951777,0.014663676,0.021306323,-0.4080739767600624,0.41877190942692655
3719,-0.14212786,0.014887824,0.01087274,0.007819949,-0.16533606218140776,0.018731512241714477
3720,0.15792447,0.029908042,0.019483328,0.013904586,0.027699992282587755,0.020822114433835533
3721,-0.10613456,0.17859071,0.012511329,0.014756804,-0.1513754043243445,0.17777327976210322
3722,0.06948139,-0.28054574,0.008436705,0.010548322,0.03843386864320487,-0.2708651052644475
3723,-0.8522693,0.25648162,0.029332874,0.012589367,-0.8778243669900734,0.25060328178031765
3724,0.07491242,-0.004523539,0.0085215755,0.007331798,0.049233736907098306,-0.0003713859546546021
3725,0.049243495,0.27532876,0.0076605985,0.008754224,0.02086104875754804,0.28320996782070146
3726,0.027144318,-0.025348816,0.010581197,0.009454421,-0.015524241990852967,-0.02414926261852468
3727,0.32329464,-0.016450115,0.019396225,0.009128533,0.28680871501472,-0.018733987767544976
3728,0.027901657,0.02750101,0.009925384,0.008355741,-0.012152910903808612,0.027123254410310365
3729,0.17211471,-0.4781167,0.008334213,0.012866507,0.13488999253423925,-0.4704495978848628
3730,0.22142558,-0.08537329,0.011642352,0.008349874,0.16691858021996703,-0.08307643434056029
3731,0.090798065,0.19873425,0.008327828,0.008816692,0.05656292014485656,0.19564165871865438
3732,0.06883635,0.070357524,0.010584382,0.009053603,0.024203150867094486,0.0673037243725862
3733,0.12501848,0.36447895,0.013197921,0.020233313,0.08940762049687098,0.3808734341610883
3734,0.21956185,-0.07251715,0.013492702,0.009137714,0.15127195134690835,-0.06708466038065891
3735,-0.041400947,0.033547103,0.009143463,0.007890424,-0.07307703554712754,0.0262179188034379
3736,-0.0411201,0.27729863,0.008152252,0.011208665,-0.06333989508565284,0.26721245753336803
3737,0.067293555,-0.026578046,0.008504436,0.0073174033,0.03205623876017646,-0.0199688368849257
3738,0.28594288,-0.02322783,0.01040637,0.0070776735,0.25200861465777097,-0.016492629091217847
3739,0.10652461,0.022000007,0.01944837,0.015141354,-0.009549535010414547,0.018162446435001256
3740,0.007758059,0.0124923205,0.010288152,0.008398215,-0.04089830698286619,0.013138026738414818
3741,0.04856829,-0.07086714,0.008447107,0.008034572,0.012010611396534884,-0.06686778384814629
3742,0.090082474,-0.12894908,0.011450153,0.012451617,0.04852464035028144,-0.11675767284226003
3743,-0.056862384,-0.12574309,0.0090748295,0.007963131,-0.08345390340421988,-0.11108925088665506
3744,0.011991367,0.054517087,0.008440133,0.0074073025,-0.0187892163371392,0.060144048035133804
3745,0.0456606,-0.05306127,0.00973061,0.008875938,0.008426072582965693,-0.05028727879368919
3746,0.07575925,0.023901783,0.009296424,0.0076591936,0.03762663501529901,0.02099455779915091
3747,-0.580153,-0.38163882,0.016932014,0.013687459,-0.5891491477127622,-0.3653176942480908
3748,-0.17614794,-0.21810558,0.014156524,0.015523144,-0.2280899307273395,-0.23004390166781621
3749,-0.01856795,0.06866615,0.008424175,0.0076993173,-0.04939761467757034,0.07118189231693017
3750,-0.1802918,-0.28464955,0.010033377,0.009096418,-0.20244735587064072,-0.2764043400217214
3751,-0.07580426,-0.2304687,0.00923288,0.009388655,-0.10446552785246448,-0.214434122527081
3752,0.7494806,-0.25314692,0.032214034,0.013640883,0.7383540370202278,-0.2715791310624121
3753,-0.17025079,0.18484825,0.014388747,0.016825564,-0.20165493768133208,0.15779820986254495
3754,-0.09140912,-0.13802993,0.008986344,0.007338961,-0.11662684461015418,-0.12805404930980838
3755,-0.026598893,-0.052019715,0.00839805,0.0075205304,-0.052243016490414074,-0.04316436033762283
3756,0.057607308,0.022791013,0.010122835,0.008448915,0.01178908119056286,0.022065664137906695
3757,0.08058,0.09717994,0.015832338,0.014120234,-0.012831770943296919,0.0886222019085994
3758,-0.044650696,0.12684163,0.012527812,0.011188005,-0.1096338931309556,0.11522507416780765
3759,-0.1779276,-0.056464575,0.012257357,0.011988831,-0.1822988171707642,-0.04232368944867805
3760,0.036467772,-0.019417055,0.008633386,0.0076928744,0.004372248354624102,-0.01740548783760697
3761,0.5669519,0.34862137,0.02179676,0.01623536,0.5066534358275999,0.34080329647414453
3762,0.20984216,0.3961243,0.009260636,0.014161574,0.174984929516193,0.3930853965033486
3763,0.059229344,0.010080627,0.011915799,0.010441804,0.0003379019803996365,0.003916461021184977
3764,-0.08236751,0.6435103,0.007393203,0.015509328,-0.12304706135914782,0.6545136814288397
3765,0.16226357,0.2598571,0.010374871,0.011812855,0.10420188289730761,0.25293959129893
3766,0.07451918,0.03612864,0.009562956,0.008915985,0.04507061827689378,0.035754895632700866
3767,-0.0022097318,-0.0013495171,0.010797033,0.009585477,-0.03598496318222736,0.004480962045255445
3768,0.084950544,-0.03138614,0.00989257,0.008499794,0.04141542017390667,-0.03039432565552561
3769,0.09669719,-0.05519616,0.019407565,0.01569274,0.0010616626276389793,-0.05197297613603218
3770,0.22284018,-0.12450779,0.017095976,0.014325727,0.15659512393123434,-0.11238331180834478
3771,-0.25049967,-0.6680069,0.008403369,0.013931898,-0.2736168897776847,-0.6526036678632304
3772,0.031140823,0.22998604,0.0139092,0.015076391,-0.06292304769051607,0.2191550487298091
3773,0.22652902,-0.08361056,0.013299446,0.010267546,0.24041867047325274,-0.09471078935616899
3774,0.05863791,0.05803428,0.009661191,0.00872048,0.02861224642394597,0.0492388881241325
3775,0.3493026,-0.292434,0.013543273,0.012363556,0.29779633924417814,-0.28739491126228334
3776,-0.04263427,-0.08718206,0.01042383,0.008753208,-0.08238614397021497,-0.08401621686323978
3777,0.026204936,0.40659916,0.0073766364,0.010098751,-0.0004841974620203202,0.4071614743177522
3778,0.02291347,0.04783307,0.008910373,0.007890679,-0.010132395150893623,0.04878999651793002
3779,0.09084391,0.01983542,0.01029712,0.008239697,0.04073999186546369,0.018795624146958494
3780,-0.0888655,-0.017266408,0.010029012,0.00732856,-0.12249509797518249,-0.014132029159545517
3781,-0.11403133,0.30323368,0.008025253,0.010721675,-0.14098422868028193,0.2916033223306997
3782,0.1627473,0.03177873,0.008440015,0.006434423,0.13363431912212867,0.03512102586390973
3783,-0.19814473,0.5237966,0.00763895,0.015598822,-0.21175003295647948,0.5167168508335582
3784,0.04727618,0.16712752,0.007971681,0.007898405,0.011897449617155324,0.1677381579254178
3785,-0.23841049,-0.24285579,0.010995372,0.011478135,-0.25660705095963326,-0.2252523909172144
3786,-0.3855086,-0.071869485,0.012126991,0.0065589785,-0.4048802804177624,-0.06258658175290562
3787,-0.6684874,0.19340381,0.032654535,0.01549787,-0.7004519952237149,0.19450638076269597
3788,-0.17270687,0.009610212,0.009296778,0.00850217,-0.19461548283663965,0.01577500870815812
3789,-0.55949163,-0.33836243,0.017507227,0.0098895235,-0.5686108826741558,-0.31973655183761696
3790,-0.39028484,-0.046395216,0.04677378,0.026049012,-0.4852961486232832,-0.023869591564373197
3791,0.007688422,0.023320831,0.008432921,0.0073926435,-0.023948894313250937,0.024176448491300885
3792,0.25895295,-0.3933038,0.0088534225,0.01276264,0.2267008093324044,-0.38526785401430164
3793,0.54863954,-0.15858096,0.019664755,0.008677653,0.48909516942044756,-0.1600314736129861
3794,-0.4008953,0.05728502,0.01245788,0.007535504,-0.41212119240452266,0.0601751589271944
3795,0.107797414,-0.17984855,0.008916046,0.0087795975,0.07999522807496187,-0.1705920991395895
3796,-0.598594,-0.30050385,0.018244596,0.009698132,-0.6330963787356378,-0.29895524568442
3797,-0.120599136,-0.3980776,0.0102801295,0.013405703,-0.16339679812807506,-0.37269338337772623
3798,0.13756262,0.0573133,0.010769436,0.008177991,0.10029271154147006,0.049883051259021725
3799,0.6573703,-0.61742246,0.02970256,0.028584063,0.5692247433921264,-0.6451411970238162
3800,-0.112007365,-0.17828548,0.008306194,0.007370282,-0.14110197924026283,-0.17271262317251532
3801,-0.14084049,0.20870778,0.010041993,0.011845419,-0.16703600322327067,0.2040810902299097
3802,-0.076132074,0.5666343,0.009274928,0.01797966,-0.11711957372783399,0.5785369027800696
3803,-8.242624e-05,-0.013767743,0.009609241,0.007821806,-0.02054454789665405,-0.022643573967273966
3804,0.087724835,0.02852849,0.01161631,0.00927421,0.018763330271407114,0.025315272253542305
3805,0.08446242,0.025051668,0.018715048,0.014943437,-0.039765738986964366,0.013125459578622874
3806,-0.16438846,-0.10473642,0.010318594,0.008267295,-0.18931971151264976,-0.09593556257783831
3807,-0.09578343,0.13349947,0.011155831,0.011156071,-0.16246426726942395,0.13178032565918962
3808,0.10652461,0.022000007,0.01944837,0.015141354,-0.009549535010414547,0.018162446435001256
3809,0.007680509,-0.109723814,0.0087878425,0.007845073,-0.03196504102923584,-0.10611759756107896
3810,0.099383906,-0.25098336,0.008257483,0.008980722,0.07550644792326769,-0.244472249099202
3811,-0.15476245,-0.12315137,0.011352684,0.008349867,-0.19592281280508864,-0.12010496798378387
3812,0.22029345,-0.16386238,0.01089939,0.008844949,0.17994805439523634,-0.15239884893540342
3813,0.118384294,-0.021511436,0.01083418,0.008569441,0.07495175807758447,-0.02208630832005716
3814,0.006851614,-0.031745434,0.009332682,0.00769019,-0.03368881004349102,-0.03129676789448498
3815,0.0697808,0.065323524,0.018354973,0.015525664,-0.012584623025453212,0.07322709906590369
3816,0.20498247,0.46774027,0.008320499,0.0120551335,0.17624362514671363,0.46485957669563055
3817,-0.36234975,0.43537283,0.015958589,0.021091677,-0.41049413820689673,0.42801637979913065
3818,-0.21170925,-0.831086,0.0057976386,0.013686273,-0.23787172523545197,-0.8294121919040993
3819,-0.014602119,0.3052767,0.007972981,0.01081303,-0.05355492075028644,0.3124500617536337
3820,0.28549924,-0.098952584,0.013812675,0.008768566,0.2545201973913702,-0.10068527591372407
3821,0.054623086,-0.028849512,0.009136139,0.008309615,0.015532065263105119,-0.02151692943530883
3822,-0.065497965,0.24516687,0.00860431,0.01273403,-0.09120044877881589,0.24177906455006543
3823,0.29281014,0.29556257,0.017098907,0.015979717,0.2168515611472881,0.28785268752094484
3824,0.6743635,-0.20303299,0.027376393,0.010745837,0.5844184379576842,-0.1883411138452811
3825,-0.086424254,-0.20177057,0.010488361,0.010654053,-0.12107912996847073,-0.17700716318479656
3826,0.1983843,-0.2691927,0.011599462,0.013416699,0.14256580714838638,-0.2518200163869286
3827,0.014862478,0.011181018,0.009453967,0.008817338,-0.0033115589248837543,0.01785903156770863
3828,-0.12794578,-0.8644081,0.0058002467,0.015564205,-0.1582209617459984,-0.843144168645661
3829,0.07475778,-0.30311632,0.008291652,0.008693232,0.04454161711946642,-0.26870589346058377
3830,0.22283451,0.056649797,0.013434129,0.007983914,0.18480902914936953,0.062147788773134816
3831,0.13020584,-0.08375133,0.016197665,0.013815794,0.07192209728093935,-0.08284603539157015
3832,-0.39459056,-0.2538085,0.018012565,0.0122856125,-0.4483241163579987,-0.25001746691801785
3833,0.08328378,-0.039117575,0.013730487,0.011322999,-0.01739409276534437,-0.04376070573560172
3834,-0.093700066,0.11209928,0.015590829,0.014349288,-0.15648621231769153,0.1106335673741081
3835,0.09859854,0.048054896,0.008367314,0.007422345,0.06586970905231312,0.04737386618793445
3836,-0.050460882,0.2127317,0.012035359,0.013321151,-0.06273116130430859,0.18874729583527475
3837,-0.19602977,-0.03149675,0.010877104,0.0068287943,-0.22715113722285046,-0.028889990607921297
3838,0.38079304,-0.093243636,0.020793969,0.010584777,0.3355486518815305,-0.09410212799966904
3839,-0.024291238,-0.039242446,0.009663906,0.007780027,-0.06357258266340561,-0.03680449323508163
3840,0.06450261,-0.03311088,0.011929818,0.010676211,0.008901686388828945,-0.03020720669823246
3841,0.04168528,-0.0154875005,0.016649852,0.014233755,-0.05084537931950229,-0.028426164576605205
3842,0.14535113,-0.006316834,0.017425109,0.01211463,0.06001966431144027,0.00028374317587991186
3843,0.014425559,0.24647717,0.0076796454,0.008790341,-0.01351753238069408,0.25075333541114136
3844,0.10462422,-0.030059353,0.009142162,0.007841593,0.05938233584512946,-0.022825504341266963
3845,0.0427455,-0.007998035,0.00797239,0.007117972,0.019893086378350845,-0.0001328726993346922
3846,-0.12891574,-0.07656819,0.010369326,0.0073736873,-0.15706814696103982,-0.07414757248846446
3847,0.38443026,-0.058612756,0.021061307,0.009533055,0.3376653625360179,-0.05234344698500102
3848,0.13774912,0.033958077,0.010332162,0.007992779,0.09102025837213368,0.03465040703960629
3849,0.8199376,0.0729748,0.018952882,0.0066058557,0.8054604639798062,0.07078072765166074
3850,0.11948244,-0.4267826,0.0073251594,0.010740568,0.08942427104887722,-0.42375353111416597
3851,0.23234327,-0.308419,0.010333813,0.011790584,0.18631400507273596,-0.3062327902397324
3852,0.050910775,-0.012248733,0.009682559,0.008201237,0.009442041767842909,-0.011209904312045882
3853,0.051481795,0.057438,0.010533187,0.009097943,0.004468249100300177,0.038234668757600475
3854,0.22416647,0.35107863,0.0091447625,0.011879949,0.19131516643791982,0.34592086762814206
3855,0.079833984,-0.3170938,0.00931473,0.012403224,0.03891590227193477,-0.30075407092373685
3856,0.07203713,0.0053626588,0.013143097,0.010572813,-0.0021596639574383066,0.005763827758252768
3857,0.012088127,-0.001757131,0.008127778,0.007682686,-0.006167365305475329,0.002918513190588561
3858,0.45001858,0.7247426,0.013736248,0.021667847,0.4046728022358507,0.7345076178723315
3859,-0.10836958,-0.27297848,0.011558101,0.012884395,-0.1405655383854701,-0.26142158839053814
3860,0.07671062,0.022162855,0.009453849,0.008275449,0.033387603566257605,0.01715532293106219
3861,-0.51883763,-0.20796397,0.015043165,0.0066658803,-0.5411099975155892,-0.20194796531043607
3862,0.24275811,-0.31900454,0.02306791,0.024326542,0.1418616096718302,-0.34757615698242905
3863,0.06356867,0.053156123,0.007947318,0.006936302,0.034452041601781634,0.06400077938353442
3864,0.0054666945,-0.13141797,0.010049075,0.009907171,-0.03923812577448919,-0.13022917225680847
3865,-0.4944706,0.029337585,0.019646287,0.007919134,-0.5190809401207189,0.03179502158348825
3866,-0.07357404,-0.22986974,0.010042937,0.0103120105,-0.11339480419514356,-0.2199486710933336
3867,0.007171012,0.059992887,0.014423761,0.012493077,-0.06577202263971778,0.055191064730278704
3868,0.013714179,0.00015015807,0.011077549,0.009677726,-0.03039315308214661,0.005991133026633527
3869,0.043732055,0.00069438573,0.018405886,0.0156344,-0.045455833620580866,0.00418484761317874
3870,-0.00023812475,-0.046007384,0.009903311,0.008121774,-0.038384078962747634,-0.04790344033585235
3871,0.028277839,-0.042142652,0.017441038,0.015199163,-0.05187394015270628,-0.038001801261661014
3872,-0.0073916395,-0.0023562098,0.01617221,0.014182366,-0.08299072453220001,0.0037513110545687673
3873,0.6109511,0.120358326,0.045894913,0.0188579,0.4930641384938889,0.12649824256231837
3874,0.054817595,0.008651017,0.009512891,0.008148313,0.021734599006892143,0.011429874745632413
3875,0.89021033,-0.16450682,0.03050014,0.008453972,0.8458464579934999,-0.1593068848631734
3876,0.03298981,-0.17931315,0.008245661,0.008169356,0.012384322874259565,-0.16634243957448308
3877,0.33440936,-0.59052646,0.019848723,0.031332497,0.2678119886862274,-0.5987639279155075
3878,0.16727494,0.110955246,0.008985753,0.0069405306,0.13744206854940114,0.11876910340757288
3879,0.038398094,0.0759137,0.011797054,0.010484952,-0.014301141183567938,0.08870041279488493
3880,0.0805008,-0.035253115,0.009809823,0.00894449,0.05087392108571847,-0.044458511872669776
3881,-0.040714264,-0.0724897,0.009125153,0.006981039,-0.07026051803169775,-0.06960049762591251
3882,0.53899956,-0.02594272,0.021291113,0.007195411,0.47144014062360057,-0.028708972175664035
3883,-0.022102889,-0.2901925,0.007806334,0.008368406,-0.048447059737981614,-0.28614218641131167
3884,0.19241406,0.012424513,0.008833928,0.0067633577,0.1630550472446347,0.021491174515371886
3885,0.04775836,0.04577148,0.011317441,0.009588429,-0.011949078475784976,0.03708652680073992
3886,-0.025537774,-0.15153469,0.009762603,0.00884901,-0.06241546710555423,-0.15114989965883835
3887,-0.53075755,-0.15756954,0.02560294,0.010676554,-0.5692802702432297,-0.1486457880283937
3888,0.19679919,0.5247229,0.047641635,0.05689088,-0.027103857687138758,0.4836840315260118
3889,0.48504353,-0.062978216,0.015734477,0.006308414,0.46175265070135235,-0.061267889315072176
3890,-0.5284773,0.5474212,0.017646147,0.02016565,-0.571421026547341,0.5441596635336657
3891,-0.17637049,-0.30262414,0.011347144,0.014668468,-0.21337856440919822,-0.2848211749369053
3892,0.20498247,0.46774027,0.008320499,0.0120551335,0.17624362514671363,0.46485957669563055
3893,-0.535616,0.10855508,0.01838002,0.009161631,-0.5350767206892834,0.10488116769100536
3894,-0.2638169,0.29302588,0.019798348,0.023365729,-0.3550527229777517,0.3052647315400507
3895,-0.015195297,-0.34244585,0.007782914,0.008464626,-0.04044146892078033,-0.32707043029279387
3896,0.14556862,-0.07158431,0.009305873,0.0077578663,0.11572864339130456,-0.06918328346571269
3897,0.2593054,-0.062554106,0.013595255,0.008010484,0.22404611917160305,-0.06053143940123257
3898,-0.07836226,0.36543226,0.00980817,0.014921356,-0.11699220363109471,0.3431345897235039
3899,0.08325313,-0.73743427,0.006918577,0.015928527,0.04707749162207595,-0.7345739177277038
3900,0.060353942,0.36121005,0.0074965027,0.009357134,0.02467396092290805,0.3623489964475044
3901,-0.4970472,-0.38302144,0.012095546,0.008913597,-0.5196969775935828,-0.3734629410979495
3902,-0.07365355,0.028989851,0.008531858,0.00712077,-0.10290890969507095,0.03147282927658467
3903,0.04862403,-0.016910747,0.008830735,0.0078070355,0.007975937122790773,-0.013848929930975
3904,0.1514131,-0.46480593,0.019090898,0.026399048,0.04714807537190055,-0.47316014454696825
3905,0.003015228,0.01735118,0.009084752,0.0077736615,-0.031738842949319446,0.020466057388696293
3906,-0.18519863,-0.79590327,0.005916746,0.01495198,-0.21046210582609556,-0.7883397619738265
3907,0.034321006,0.012282363,0.007933361,0.0071648406,0.006140828538512784,0.015563974455329381
3908,0.034774877,-0.09571449,0.0088761095,0.0073063434,-0.002216535039804697,-0.0918410255335429
3909,0.014640041,-0.0033454606,0.009671935,0.008779993,-0.032506225954669433,-0.005667371656478722
3910,0.060866475,0.021696612,0.0077221133,0.0069795763,0.03125236824495411,0.03152065083308413
3911,-0.3976996,-0.015255504,0.019886352,0.008497621,-0.45180569597714626,-0.014049205152095212
3912,0.27674466,-0.0073161507,0.012373107,0.0067125745,0.23592944547014497,-0.00789138629300103
3913,0.70095605,-0.20099738,0.07176133,0.033735618,0.5043575608305937,-0.17178096451180894
3914,0.47955635,0.22961316,0.0131348595,0.008065488,0.46617256628830733,0.24026230936334417
3915,-0.0073355692,-0.019823119,0.00828373,0.007130498,-0.03921910388946404,-0.016996649970006866
3916,0.04024156,-0.05454745,0.010300423,0.008932025,-0.007839498442334471,-0.06331584477351648
3917,0.010086136,0.4225128,0.00977429,0.015461514,-0.030134322647402553,0.3749060779138404
3918,0.101394564,-0.18611369,0.023664758,0.021572368,0.005722363143436407,-0.17274750562556457
3919,-0.01917408,-0.19495514,0.008910728,0.008940426,-0.04814627506971763,-0.1735030198917371
3920,0.09455962,0.09654855,0.008087101,0.0074136695,0.06784595007619734,0.09728357744765373
3921,0.32818407,0.6157552,0.00988714,0.017562257,0.2972498467066243,0.6189422446748861
3922,0.029265694,-0.013794766,0.0108394865,0.008911232,-0.03164528357868899,-0.007102184499505145
3923,-0.0014746948,0.055630058,0.008465193,0.007609071,-0.03369582731775419,0.05788815415145638
3924,-0.12333898,-0.5563821,0.009843938,0.01908184,-0.15021611822458478,-0.4903026678355644
3925,0.091580115,0.18732655,0.009104363,0.010182137,0.05637346178885962,0.1959278995780802
3926,0.13042587,0.036710486,0.011526046,0.008806068,0.06684825955075853,0.03107058820792942
3927,0.30229276,0.43563625,0.024861444,0.03106487,0.23660431134696563,0.43490913354733796
3928,-0.22455919,-0.102801785,0.021471048,0.015580986,-0.30365931200216834,-0.10282815937423893
3929,0.0338728,0.035664186,0.008222487,0.007093576,0.00691139777927679,0.03660562530831907
3930,-0.02481196,0.1807737,0.009157875,0.010506054,-0.06085595959883496,0.17097947358408577
3931,0.2005362,-0.1475594,0.0099484,0.008475977,0.1710746277945386,-0.12982494196010191
3932,-0.016488323,0.13615093,0.007892322,0.008748461,-0.042357434491634684,0.1374508395849336
3933,-0.47197005,0.29500973,0.023507105,0.018783016,-0.5431556004006055,0.3043449635018168
3934,0.16811477,-0.064589046,0.012861157,0.010175695,0.10087540435447925,-0.06128061041792896
3935,0.5101651,0.2425952,0.08802929,0.065074235,0.22341675997839977,0.2965636629448099
3936,0.026437525,0.18036704,0.007809174,0.008165368,0.008462457553969323,0.17880563874103084
3937,0.31926316,-0.8034751,0.008924789,0.018134823,0.27211398055161523,-0.7903514244989651
3938,0.07309635,-0.12337383,0.012641176,0.012131819,0.006779651397076313,-0.12063250938972547
3939,0.3755253,0.32311562,0.032261588,0.028848525,0.26945894055668945,0.31826091026723
3940,0.07366813,0.15400386,0.0075315246,0.0072449567,0.045480429995666476,0.1524792891450099
3941,-0.023547463,-0.26314896,0.016074732,0.016431957,-0.10660729150368235,-0.24305038635432977
3942,0.040363982,-0.045964625,0.007939039,0.0074060615,0.010018327402608747,-0.03877413430732983
3943,-0.580153,-0.38163882,0.016932014,0.013687459,-0.5891491477127622,-0.3653176942480908
3944,0.047996074,0.07325024,0.01626194,0.013524873,-0.042236076707886414,0.06603425435272318
3945,0.22009163,-0.10172053,0.023540176,0.016232414,0.08298306235527644,-0.08895534306989698
3946,-0.058154464,0.07504887,0.0084010055,0.0077818953,-0.08546417796900502,0.08299680424325544
3947,0.04992559,-0.008162447,0.008883316,0.0073894816,0.012044078537236763,-0.0068414727285678895
3948,0.14157172,-0.6533189,0.011787393,0.02575682,0.09233122935088044,-0.6528963788911077
3949,-0.00028382475,-0.015099273,0.011042416,0.00894288,-0.055178128472611165,-0.01872862395443988
3950,0.123349,-0.087723665,0.009115112,0.0077013397,0.09800609193704404,-0.08017650538740641
3951,0.14146163,-0.41689354,0.009572638,0.01592759,0.09581107120466735,-0.4001658360646688
3952,0.2887007,0.31855583,0.011457105,0.01320789,0.27970389428454495,0.34988039513966307
3953,0.03418862,-0.017515898,0.010674378,0.0093571395,-0.013544437760251264,-0.012902370362351654
3954,-0.004534527,-0.010075846,0.009202996,0.007291791,-0.0344109861021765,-0.004934374221311703
3955,-0.36113265,0.48546517,0.010591105,0.018050952,-0.3717056112913289,0.47097284972352316
3956,-0.057640582,0.0010236418,0.008533277,0.0074686822,-0.0860721544862843,0.001900636695036245
3957,-0.08295971,0.051925674,0.008494034,0.0075398325,-0.11194256783182152,0.05143387271396365
3958,0.000587706,0.0155159375,0.008690704,0.008317405,-0.015572261754738043,0.022891184837700945
3959,0.07169403,0.004781983,0.008686921,0.0077510285,0.04107892537865685,0.010854469104120698
3960,0.29799074,0.34593183,0.010139709,0.0108018,0.27482761915135967,0.34936696702797765
3961,0.018110879,-0.0055647576,0.008793986,0.007516834,-0.0137092253574292,-0.0038169135325917102
3962,0.08824307,-0.015460671,0.010187973,0.0082618175,0.045303213163755185,-0.01418388986179297
3963,-0.14020805,0.18932395,0.010851279,0.011907748,-0.1691782366903164,0.18320461039920904
3964,0.3329862,-0.33708176,0.06288377,0.057971623,0.03676755880231434,-0.3601431898556754
3965,0.3912915,-0.4054811,0.0127429925,0.013725164,0.3887308719672854,-0.4387633759505477
3966,-0.18765773,0.081163324,0.009304691,0.0079633705,-0.21458817593736842,0.08510276572105513
3967,0.12107264,0.10592521,0.008913445,0.008244848,0.10417250941158897,0.12810689554224877
3968,0.002961148,0.011719032,0.007884634,0.0070225783,-0.028238172835185937,0.020929630252980377
3969,0.571017,0.038854353,0.022200951,0.0072880536,0.5132195661247162,0.03875087930473673
3970,-0.21092464,-0.30768183,0.009543709,0.011909199,-0.2436297721058122,-0.3056065112082268
3971,-0.0748654,0.204243,0.008063804,0.009716442,-0.09930735234258996,0.2058408860735245
3972,0.024896657,-0.058973245,0.008596274,0.007420761,-0.009190698913103739,-0.05371645148659418
3973,-0.05190275,-0.014178493,0.010149976,0.008035044,-0.08937256171643179,-0.011727023173188867
3974,0.11131189,0.15285373,0.010412859,0.01003441,0.06774614537510848,0.1406850496673871
3975,0.1675454,0.2170066,0.01005415,0.009748373,0.1188613787326403,0.20589874948497913
3976,0.13144632,-0.046198547,0.009010327,0.0075453715,0.09687543730797117,-0.03951505777950575
3977,-0.03860892,0.104931965,0.009898944,0.00923297,-0.07555027765812602,0.10093676569067549
3978,0.33815014,0.5484084,0.013624419,0.02077914,0.2846117359747911,0.5573607912013452
3979,0.83919036,0.2650268,0.028461367,0.013584595,0.8182057535676059,0.2729314573188622
3980,-0.025797155,0.014663051,0.015936416,0.013759417,-0.10471462787975941,0.016278278409845463
3981,0.27032977,0.04442779,0.0132925045,0.0075069168,0.20806321628873464,0.04310568219222864
3982,0.15890802,-0.66066474,0.0068405564,0.015279123,0.1398579369833135,-0.6805236051177025
3983,0.19874503,-0.27878544,0.010740897,0.012001373,0.1580223351722355,-0.2589323808734349
3984,-0.1398887,-0.28399932,0.008754991,0.009442428,-0.1723728033730278,-0.28511707931966546
3985,0.014416628,0.09399647,0.008884971,0.008292143,-0.02094007361649894,0.09365999361699398
3986,0.33200562,0.060979515,0.01491774,0.007245231,0.2972434000737644,0.060775133494515764
3987,0.051433295,0.018693015,0.009260753,0.0074428036,0.023618214840533086,0.0218211595527386
3988,0.34335262,-0.2068671,0.026645958,0.01878209,0.2272643633032891,-0.22143265101760878
3989,0.10487932,0.023032948,0.011991542,0.0092771575,0.04390668364614995,0.021544534898642234
3990,0.018649677,-0.10823597,0.010660814,0.009348905,-0.024667333618976356,-0.0929133815288378
3991,-0.0085071735,-0.006164492,0.015073227,0.013025432,-0.07353080785488297,-0.006386441097046445
3992,0.2897813,-0.098773025,0.015367809,0.009807613,0.23265066920892205,-0.09082418224567547
3993,0.17210124,0.4739284,0.007846194,0.0128700305,0.15013681613530971,0.4855830600403345
3994,0.09421402,0.07050578,0.007864527,0.0067791184,0.06816698899421407,0.07534300829478395
3995,-0.116036616,-0.16368057,0.009115349,0.007885917,-0.15377743904745517,-0.15682288635119462
3996,0.21855696,0.093484044,0.013015197,0.008945302,0.13805346591202627,0.0706044106762242
3997,0.13542397,0.060814418,0.01236357,0.00943163,0.07059577348444131,0.05869809471219137
3998,-0.23600009,-0.22240761,0.0371444,0.033312965,-0.3328469737525795,-0.18817279994389058
3999,0.048976973,0.39031553,0.00750715,0.009889239,0.01625961080988807,0.3913269155993187
4000,0.2115276,-0.19374026,0.012094839,0.014069811,0.16437926063080424,-0.18148080544224915
4001,0.2485335,0.053593166,0.012336724,0.007079974,0.20080070192144153,0.04200763291951774
4002,-0.45649797,0.155911,0.0128149055,0.011280046,-0.4744584955217856,0.16184431123915644
4003,-0.17180543,-0.050263546,0.009589878,0.008313881,-0.19389887633116842,-0.049815448747251474
4004,0.6346586,-0.30396163,0.018292705,0.009562332,0.5911539787061242,-0.2981177999434402
4005,0.0997884,-0.39647758,0.012141242,0.018664187,0.03710331384207138,-0.3747263022931676
4006,-0.011412824,0.6053937,0.0076268823,0.014888388,-0.04239355761433336,0.5770594970523656
4007,0.040170737,0.041026555,0.012510035,0.010646831,-0.015692685885028795,0.043679371835848815
4008,0.06033969,-0.03143394,0.0089349495,0.007869565,0.028565766667551982,-0.029895850702177814
4009,0.06858408,0.060468197,0.015541534,0.0124978945,-0.006282245310229766,0.05456935544403891
4010,0.17283253,0.41484234,0.012483428,0.020989947,0.12129792177616586,0.4092924154087649
4011,-0.46863836,-0.0993154,0.013045086,0.0079382965,-0.48283654599138254,-0.09310627260981917
4012,0.107856706,-0.06697396,0.013907555,0.012470743,0.054728025140243455,-0.0598774483115746
4013,0.0929129,0.08864706,0.022783399,0.018725643,-0.053653763160773714,0.06604955241284627
4014,0.09849184,0.0010043224,0.0156134805,0.011926861,0.010027460780556545,-0.0005437565665166746
4015,-0.102856345,-0.037075244,0.008595448,0.006923544,-0.136020634667408,-0.02927512569130194
4016,-0.10399595,-0.0792822,0.008513893,0.0075178533,-0.14372397379061166,-0.0816377541298427
4017,0.06005777,-0.061976172,0.008763854,0.008435739,0.03867086373039331,-0.0511870533279214
4018,0.021538239,-0.012273469,0.008104601,0.007138017,-0.00846442230720566,-0.007978788872072297
4019,0.011315946,-0.024213701,0.008101527,0.0070976415,-0.019151547647350477,-0.013944382310879026
4020,0.29154554,0.26920342,0.01222462,0.011411455,0.2610597708961424,0.2708654633501672
4021,0.07844103,-0.004691095,0.012290449,0.009998069,0.007611276524327823,0.0023391358327836155
4022,0.2161835,-0.48098758,0.01184665,0.022003457,0.16395403787898422,-0.4701256523669823
4023,0.28000206,-0.12150241,0.014217287,0.010406853,0.2401278019940006,-0.11672451803720027
4024,0.071500845,-0.13221411,0.011124825,0.011267313,0.014302904233989291,-0.12557891052249817
4025,0.53955823,-0.46083167,0.025646167,0.021147689,0.4192541782423837,-0.4225706047108216
4026,0.14538792,0.20241526,0.0092576835,0.010221264,0.10835024898910531,0.20914193537794956
4027,0.22448023,0.30289006,0.009172758,0.009634449,0.1951568222181521,0.3093057796442289
4028,-0.26124823,-0.7248639,0.007778774,0.015356424,-0.2814469184890707,-0.6975110547958909
4029,0.15978272,-0.33815208,0.0132668605,0.01784409,0.09375821237555466,-0.3338202538775031
4030,-0.5045943,-0.097588696,0.014680356,0.0065632947,-0.5375843915115495,-0.09125418260333401
4031,-0.69593716,-0.09447446,0.019432584,0.006006314,-0.7079270629387172,-0.0896003770400379
4032,0.34082574,-0.13998163,0.026044162,0.015283851,0.26071773552982047,-0.1370959677919667
4033,-0.29514202,0.40380105,0.010840547,0.018637875,-0.3229935989613337,0.3959218067582529
4034,0.16690223,-0.054912552,0.016101712,0.012004902,0.08694751777715964,-0.042117323517868115
4035,0.011917712,0.15739915,0.008982681,0.008801143,-0.017650974125906185,0.16406398827330831
4036,-0.052626792,-0.0029797265,0.008487769,0.008047189,-0.07986819826253264,-0.0012762683222431932
4037,-0.093700066,0.11209928,0.015590829,0.014349288,-0.15648621231769153,0.1106335673741081
4038,-0.04050785,-0.15731804,0.008885208,0.0077488036,-0.06615119209228801,-0.148395545993246
4039,-0.052881263,-0.024523757,0.01084951,0.008900374,-0.08693339164789457,-0.02875721290772686
4040,0.5381652,-0.2686867,0.03524712,0.02031767,0.4491671015012738,-0.2929674016730033
4041,-0.15465339,-0.093977444,0.010948325,0.007819998,-0.19075686427504568,-0.09264068435984063
4042,-0.31875253,0.30574238,0.013217216,0.016251853,-0.35311355710984066,0.30866208932723
4043,0.10943416,0.018836215,0.008887925,0.007299339,0.07827509525028217,0.020454166831805443
4044,0.082135096,-0.08008244,0.014486507,0.013293881,0.014550111684359355,-0.08600629797047724
4045,0.1868822,-0.2165789,0.0096504465,0.015278962,0.15674964570672115,-0.21105786765026088
4046,-0.061982535,-0.18200904,0.00835029,0.007954938,-0.08251000128890462,-0.1678696482111321
4047,0.08323447,-0.24559385,0.00796151,0.009389386,0.05288466559463442,-0.2441334100212434
4048,0.014510121,-0.27996963,0.007949329,0.008359753,-0.016238069189835665,-0.27038752283507456
4049,-0.12996458,-0.111863,0.009896819,0.0073832665,-0.16176521644592395,-0.10639811149609306
4050,-0.36802328,0.0343941,0.013878633,0.007118938,-0.3951322531203529,0.03531083023563893
4051,0.0076538217,0.019645259,0.009174765,0.007564453,-0.030408838287359533,0.019462310408339557
4052,0.22179528,-0.08902119,0.02266302,0.0148631595,0.15601762322039228,-0.08687654709483851
4053,0.28043896,-0.15609944,0.0333354,0.023731235,0.14275737980898265,-0.18944802434589952
4054,0.39524108,-0.8127359,0.007537558,0.014932352,0.3738985754993116,-0.8187371442541762
4055,-0.020852413,-0.14376077,0.009367876,0.008376333,-0.06096756257200546,-0.13461651531798205
4056,-0.015195297,-0.34244585,0.007782914,0.008464626,-0.04044146892078033,-0.32707043029279387
4057,0.08427815,-0.20201634,0.009822337,0.011773763,0.055908119090920944,-0.18729240309332953
4058,-0.36356375,-0.4156629,0.015238552,0.018825848,-0.3887803890108328,-0.3914999813747062
4059,0.26930094,-0.12698708,0.012810786,0.009211157,0.2250148490106687,-0.12170708752362663
4060,-0.049108043,0.12404253,0.00836755,0.008463339,-0.07755651640432369,0.12654222976312793
4061,-0.43877202,0.40217572,0.016707417,0.017252894,-0.48406003798456215,0.38742317678583066
4062,-0.27600458,-0.15278575,0.012222618,0.007694121,-0.3070348493574826,-0.1462727897318835
4063,-0.074722245,-0.23701774,0.009235478,0.009996553,-0.0944822636808634,-0.18954872784978272
4064,0.10572921,-0.03602489,0.01639564,0.012827015,-0.0017862365819473621,-0.03965503051915527
4065,-0.19818234,0.15917185,0.009271856,0.008721946,-0.2201109182128042,0.16296258550770915
4066,0.31912488,-0.13168153,0.017445961,0.011674672,0.33121814585555454,-0.15317502850216122
4067,0.044533506,0.016297132,0.008209954,0.0073938584,0.012014749465653705,0.02136864096731159
4068,0.41035962,-0.45764136,0.009997145,0.015388125,0.3832453987744737,-0.44553691476606905
4069,0.012785183,-0.37697735,0.013016609,0.016863288,-0.054461448168470136,-0.3394545097807229
4070,-0.04774984,0.14336693,0.008840661,0.0090513015,-0.06852041835469831,0.12379646118074375
4071,0.23506352,0.23667908,0.0126392925,0.012445051,0.18879104603039973,0.23238968232003282
4072,0.31913543,-0.054002635,0.016596505,0.009356683,0.26372238900479855,-0.051689350505329246
4073,-0.21739675,0.010427534,0.010961296,0.0076016714,-0.24027642308734384,0.018346816772993053
4074,0.007283174,-0.25054353,0.010083772,0.010230309,-0.016570013920388565,-0.24430115979885175
4075,-0.0054500387,0.06710243,0.010345965,0.009073538,-0.04549643233247688,0.07120630975518497
4076,-0.7151689,-0.23258236,0.024714917,0.010176455,-0.739401975747672,-0.22180177506130602
4077,-0.14963265,-0.11398948,0.013107683,0.010254423,-0.21137402597397412,-0.11721242374565831
4078,0.02342171,-0.0047309184,0.009805337,0.008133997,-0.015110338887845971,-0.008040156917998252
4079,0.04677945,0.08106956,0.015521699,0.013371383,-0.04577387646635556,0.07699992453189325
4080,0.013977783,-0.02563329,0.008096205,0.0071997712,-0.0153742185108239,-0.016562622075895556
4081,0.11070019,0.5069173,0.0073332065,0.011032601,0.08976016214133134,0.5102586969060733
4082,0.09426659,0.032848507,0.009636398,0.0077638654,0.06318498800763069,0.03895003974908901
4083,0.040297262,-0.08699807,0.00860431,0.008239344,0.017926042672358544,-0.08475311498188422
4084,-0.30871272,0.10736987,0.016137023,0.0114413025,-0.3338176320835372,0.10064790823695814
4085,0.13007468,-0.27218977,0.009053802,0.012832105,0.09096989738886511,-0.2691342235455165
4086,0.1072184,-0.00054267514,0.015571228,0.011689343,0.008617989695676072,-0.004072774754211813
4087,0.31628615,0.66279274,0.008750501,0.015591175,0.2893715633412207,0.6671600132728968
4088,0.37858373,-0.14840496,0.016324686,0.009227406,0.3128909580917064,-0.13490964345919082
4089,-0.7619645,0.28366247,0.018129405,0.009554285,-0.7639799632462617,0.28165193450469167
4090,0.036299434,-0.016107447,0.008551243,0.0075590936,0.0027647578448016085,-0.011138701655330329
4091,0.15954034,-0.60029405,0.007886882,0.018990023,0.12162898444002637,-0.5835089152536995
4092,0.069077216,0.30957997,0.009480064,0.014383844,0.029213642377144557,0.29720356898323863
4093,-0.61003697,-0.034494236,0.019078853,0.0064349724,-0.6256045703433158,-0.03563572194324387
4094,0.18689008,0.03442206,0.015964454,0.010077259,0.12372474260164784,0.027751955740066506
4095,0.52881926,-0.18324742,0.020497363,0.009584592,0.47111270453169085,-0.17979995773259574
4096,0.023940956,-0.07951282,0.008874102,0.007983379,-0.004459404491564734,-0.07489701176837744
4097,-0.0069313063,0.013519055,0.008702758,0.007339257,-0.024990266402575553,0.016976999040330145
4098,0.019587912,0.014436803,0.00798256,0.0071558906,-0.00030826280478859466,0.02812408412729116
4099,0.12971075,0.31668618,0.00927729,0.012209554,0.09870452176540775,0.3181560383260561
4100,0.07183921,-0.008736313,0.007847968,0.0069740163,0.044753491285769074,-0.003024474614859569
4101,0.41298735,0.43325835,0.0140592,0.013447265,0.372640713401517,0.4276486416261554
4102,-0.13996042,0.018413238,0.012606921,0.009248738,-0.18311604460956385,0.017064267029605756
4103,0.007417858,0.011485896,0.008294844,0.007954799,-0.017624834311103933,0.012946491461450996
4104,-0.11796575,-0.24288005,0.016442781,0.0158816,-0.19526487675246665,-0.22569316737348877
4105,-0.04967296,-0.36034563,0.010278831,0.013575995,-0.08882928956611345,-0.3490174468282036
4106,0.32061923,0.20057905,0.014403553,0.01253859,0.26157321363241004,0.1844998778843073
4107,-0.021417826,-0.47470862,0.022485632,0.031538088,-0.16358719130430585,-0.4396205530905674
4108,-0.11476026,-0.089996055,0.009348744,0.0073048687,-0.15137499474480992,-0.09370432330285933
4109,0.105317436,0.03649027,0.008937311,0.008050351,0.07531187394991377,0.0393901492140309
4110,-0.4155785,0.6329684,0.012051849,0.020692227,-0.45615544679168935,0.633711735777663
4111,-0.0019302801,-0.2725139,0.013110505,0.013865741,-0.09070873438330532,-0.2686638436406078
4112,-0.110302255,0.17549056,0.00838611,0.010217155,-0.1394029714076004,0.175531288781451
4113,0.18680435,-0.2771524,0.012011094,0.017381737,0.13016943842518322,-0.25324241752401133
4114,-0.4927086,0.39308524,0.014544314,0.013731607,-0.513028106645117,0.3842440820492133
4115,-0.22277285,0.05017092,0.012865041,0.008001445,-0.25090502671210774,0.048991959212154164
4116,-0.3077655,0.27844742,0.012967069,0.017114848,-0.33819708624466077,0.27114489679134474
4117,-0.010988869,0.35681957,0.0077549987,0.010136477,-0.032887887243811996,0.3481122391653865
4118,0.5274316,-0.52838635,0.012931884,0.014472466,0.48867435551629096,-0.5146461974796728
4119,0.22492774,0.088115714,0.012609041,0.007949336,0.18581901872694448,0.08909203004704219
4120,0.3602731,0.7581841,0.009393149,0.01680534,0.33776563788969965,0.7731704828614218
4121,0.12632976,-0.23239815,0.019629922,0.020375919,0.03303181101388276,-0.238918397089143
4122,-0.041141167,0.55241317,0.009800733,0.017323252,-0.08874878694687914,0.505193876333443
4123,-0.110412925,-0.12151953,0.009213037,0.0072449376,-0.1405226097342466,-0.10987400239175492
4124,0.038177606,-0.035535187,0.008295791,0.007289795,0.016065343380493747,-0.029685177322026083
4125,0.23563421,-0.08154506,0.014214703,0.010646846,0.19434678050446721,-0.08332893369664363
4126,-0.24865495,0.1169546,0.012606568,0.010628151,-0.2695992646360638,0.11437015508397955
4127,0.044778343,0.029279351,0.009130232,0.007365101,0.020216657853579276,0.03484538582937902
4128,-0.03398538,-0.07727911,0.008091949,0.0075114006,-0.06322016885332242,-0.07540228769261693
4129,0.060373448,0.0040043434,0.011922986,0.009919275,-0.007192180637041254,0.00853727633148513
4130,0.0357823,-0.046897747,0.008400296,0.0076521975,0.006544386275965703,-0.03729052982955192
4131,-0.24132259,-0.08861015,0.016925685,0.0111585455,-0.30296180449847976,-0.09819797046596851
4132,0.060353942,0.36121005,0.0074965027,0.009357134,0.02467396092290805,0.3623489964475044
4133,0.036058296,0.05312153,0.009397164,0.008168638,0.006157049851314533,0.05981050308252179
4134,0.019351456,-0.07879813,0.008610692,0.007984905,-0.014846299641828053,-0.07553621242329053
4135,-0.43594983,0.3496349,0.019285144,0.018715419,-0.4983033811278796,0.3527039658311366
4136,0.06129074,-0.08803471,0.01071094,0.009739256,0.035542837309777205,-0.07634412725420575
4137,-0.023315523,0.027762502,0.013292857,0.011950225,-0.08170372017184199,0.027672964793461072
4138,-0.43059376,-0.11024501,0.021581769,0.009222962,-0.49426024593338275,-0.10978433310593873
4139,0.20891966,-0.281871,0.01319098,0.018286075,0.166746306954665,-0.2822617056413867
4140,0.004899178,0.0873731,0.008850351,0.008063231,-0.03240277003329697,0.09227089314672461
4141,0.15658358,0.28471678,0.009102118,0.009696812,0.12603073162480136,0.28313477225307226
4142,0.13360153,0.101239495,0.010384192,0.008341976,0.08830084093421346,0.10077535106543978
4143,0.26746905,0.13108803,0.031643525,0.022035476,0.11373461448962971,0.12776018539949616
4144,-0.14528543,0.17309901,0.01563801,0.0152438665,-0.2428351507197539,0.16931947150154203
4145,-0.3340785,0.25095558,0.013511168,0.012864993,-0.36925665966622945,0.24495825364645787
4146,-0.09992271,-0.6096114,0.007676332,0.011882769,-0.12591918692089477,-0.59730995646005
4147,0.50317425,-0.34963197,0.014069074,0.01357753,0.3878807639039027,-0.2709506465549091
4148,0.333473,0.82655895,0.009149015,0.017967653,0.30153042020328136,0.8319482248860306
4149,-0.019814216,0.099250354,0.009765908,0.008618117,-0.05349810350517965,0.08870544149741141
4150,0.6068282,0.64560604,0.015104461,0.016819319,0.5752381605442615,0.6483230519531258
4151,0.0032626516,0.0032453528,0.0093864165,0.0080490885,-0.03205120423438828,0.004636667155722157
4152,0.049882695,-0.03530339,0.01396457,0.0116398465,-0.02631862549920625,-0.03391739907043235
4153,0.5653573,-0.3235441,0.034984127,0.0214543,0.4403953156504777,-0.3040017991080118
4154,0.058557227,-0.033681285,0.011203807,0.009457437,0.003396792218203503,-0.028169298671805527
4155,0.1096123,-0.12940335,0.012081882,0.01176941,0.0620010096902671,-0.1280805462731957
4156,0.286863,-0.10388686,0.017491883,0.011777827,0.24841914720492703,-0.10628913887339994
4157,-0.19029944,0.05602146,0.011656139,0.008722532,-0.21338922042550224,0.05562673426150811
4158,0.54572976,-0.26950735,0.022255167,0.012584524,0.46603648134328735,-0.25671066702283074
4159,0.07174882,-0.20654899,0.016788423,0.016982267,-0.01605628403433921,-0.18883124526424233
4160,0.036554985,0.0028290218,0.008943929,0.0071915947,0.0031598536765755515,0.0073620705509919475
4161,-0.41150013,-0.3119975,0.014800996,0.011281104,-0.4442295685704187,-0.30467042947764905
4162,0.46395,0.33207202,0.018185716,0.014057892,0.4066034374995377,0.3203658892458317
4163,0.04014747,0.017513879,0.008413891,0.007316915,0.00782144529772669,0.02182632125525676
4164,0.04394619,-0.04175122,0.012269958,0.010311776,-0.018987184614831065,-0.038592092772904575
4165,0.1069131,0.53494114,0.008210072,0.015683977,0.07220620414788921,0.5487651237086094
4166,0.3369829,0.15049966,0.0133947255,0.007719582,0.29412511962220245,0.14475338810253438
4167,0.017057216,0.07089723,0.009249888,0.0082400115,-0.020195276946635702,0.07846905419729906
4168,0.0043739327,-0.16683891,0.010216647,0.0102349175,-0.038221620922918746,-0.16230135253168218
4169,-0.028567545,-0.013704241,0.008636221,0.007157835,-0.05854069950640121,-0.009702773808815124
4170,0.6031579,-0.23865747,0.03150561,0.014964807,0.4815261675280997,-0.22687210621116305
4171,0.37687945,-0.42187133,0.014134075,0.01615361,0.3206719889972308,-0.41133919886394094
4172,-0.02375778,-0.018242285,0.014022055,0.012239025,-0.0885421040275268,-0.01274165737294657
4173,0.02015049,-0.20857728,0.007989183,0.008247527,-0.010942228230748877,-0.2013044133453249
4174,0.1807677,-0.14531648,0.009823399,0.009345045,0.15827792562788232,-0.1397555253629986
4175,0.5384923,-0.4311316,0.015921867,0.015067264,0.5145941845574428,-0.44023647404861704
4176,0.25536397,0.008147134,0.013738601,0.0076681077,0.20025434170904272,0.006100194878913345
4177,0.1911849,-0.053834356,0.009478175,0.007042604,0.1588889761055536,-0.0496074389195606
4178,0.0749356,0.031336825,0.015077924,0.01246594,0.0011636900417292956,0.03323473168043792
4179,0.2768659,-0.6454066,0.009241266,0.017824283,0.23460316711458806,-0.6328133484121946
4180,-0.52922404,-0.21133965,0.013909788,0.008122548,-0.5519925515815464,-0.19420126484116018
4181,0.09246848,0.17848387,0.009422791,0.010457476,0.04818862976179545,0.1663546838629617
4182,-0.11994304,-0.16132645,0.010340301,0.008731919,-0.15548515882135872,-0.1545301762015242
4183,-0.0818717,-0.042673446,0.011357869,0.008296062,-0.11768367202917236,-0.040930569299668804
4184,0.03606024,0.059936002,0.009620929,0.008620932,-0.014340200230336145,0.04134443974565834
4185,-0.013376504,0.020920396,0.0085316235,0.0075765825,-0.03929949716853164,0.028236059533859954
4186,0.09106114,-0.021590859,0.010625903,0.008768544,0.029508281003384294,-0.02047947709912507
4187,-0.1304696,-0.13672304,0.008990478,0.007262414,-0.16451800017443535,-0.12907108851149357
4188,0.14754707,-0.01710964,0.010223609,0.0076586436,0.09094870748026851,-0.005091740705075391
4189,0.15540354,-0.5289124,0.00914559,0.020449987,0.12176741267005288,-0.5215559560394898
4190,0.6909344,-0.21846572,0.021507567,0.008546871,0.658740592568823,-0.2214525766155441
4191,-0.015543291,0.018920936,0.009592474,0.008098345,-0.04737218244804619,0.024071493380527623
4192,-0.070517235,-0.2450884,0.008610339,0.007959011,-0.09187138624805814,-0.23389495846967884
4193,0.136971,-0.3924417,0.013256039,0.019356169,0.07003264032983043,-0.3792442612088744
4194,-0.045760706,0.14488414,0.007726017,0.00978964,-0.06867508224075358,0.13105246345395627
4195,0.10414315,-0.12926725,0.010859886,0.01156994,0.06430755253662425,-0.11934520932137056
4196,-0.20127717,-0.3731934,0.008985282,0.010761254,-0.22241759051068352,-0.37430051905323347
4197,0.29244974,0.05381585,0.00987876,0.006289164,0.25473502853391017,0.0540234222161244
4198,-0.7058478,0.42885286,0.014717595,0.010470359,-0.7249670976803169,0.4205092045368704
4199,-0.4008953,0.05728502,0.01245788,0.007535504,-0.41212119240452266,0.0601751589271944
4200,0.40120652,-0.5130844,0.015102936,0.020169206,0.3413734001201244,-0.490030862822757
4201,0.075019404,0.117428206,0.008168098,0.007535063,0.035876584558958674,0.11858176375945546
4202,0.092192575,0.07050612,0.009088179,0.010743865,0.06004922827250581,0.07463834284408709
4203,0.030217,0.19951406,0.009462114,0.01048913,0.01006720314199592,0.1935674134839124
4204,-0.56771994,0.52621996,0.041549474,0.042488217,-0.6688972796354535,0.5545859195220924
4205,0.08209008,-0.008254797,0.0090748295,0.009235454,0.0539734864489371,0.0006303389959823514
4206,0.5746891,0.50709945,0.018887492,0.01745648,0.534523526122481,0.513930296777214
4207,0.027464561,0.3548121,0.015325312,0.020148091,-0.04600391670154336,0.37784532348722344
4208,0.12982707,-0.11402897,0.009350043,0.008704974,0.09879042853591855,-0.11083617612767771
4209,0.1392475,-0.15212661,0.014880981,0.015115059,0.09355601498588972,-0.15353215549717228
4210,0.08594615,0.063624434,0.013012492,0.010829505,-0.0006104677035057256,0.05793518418046039
4211,0.04774505,0.041911185,0.016723357,0.014225458,-0.03095056730046848,0.049151564848689336
4212,-0.35474083,0.11747114,0.011999905,0.008617325,-0.3725732269411682,0.11829114633110895
4213,-0.46117198,-0.12344768,0.016578684,0.0065395935,-0.4913241784376294,-0.12815555548273394
4214,-0.010378476,-0.4683106,0.012090246,0.017451636,-0.06319327126675123,-0.4559922723965707
4215,0.0025924505,0.5615982,0.007467514,0.013533999,-0.02801123485363186,0.5447526030724565
4216,-0.26941013,-0.29155603,0.037872255,0.035800677,-0.4658234018300986,-0.27444663022056265
4217,0.1547236,0.03688556,0.00956095,0.006736316,0.11963865758926523,0.04068508335978196
4218,0.34017372,-0.23814341,0.014969416,0.014612708,0.2791983653549652,-0.22387293200334019
4219,0.025755323,0.07371586,0.013141684,0.011027999,-0.05385533738149932,0.07464401954942106
4220,0.18815681,0.07543134,0.026247513,0.019263517,0.03088894859752474,0.07333105898005768
4221,-0.050165012,-0.11160157,0.010633568,0.009015432,-0.09079621337767611,-0.11495322999313333
4222,-0.09884669,-0.005253599,0.011947606,0.008441414,-0.14082295847295842,-0.00120400807158752
4223,0.1327025,-0.13637927,0.019214397,0.016080385,0.011821128628306412,-0.1467844464707085
4224,0.052821435,-0.03474579,0.010734764,0.009653403,0.02146416934617558,-0.01659560870982029
4225,-0.15877567,-0.11255795,0.01180094,0.008647017,-0.18940101020004735,-0.1147332276987367
4226,0.02584057,-0.022294894,0.0086267665,0.0072513097,0.004521903437037586,-0.016544451309938563
4227,0.08281145,-0.3966909,0.0077894195,0.009662217,0.052598231064945114,-0.4043868039783839
4228,0.44147065,0.55008316,0.02478481,0.031751007,0.3782474302469871,0.5580864164982726
4229,-0.021347996,-0.14233154,0.009351578,0.008619667,-0.03564830288867821,-0.09539118944765929
4230,0.42274767,-0.037023894,0.017628111,0.006457292,0.37178884083199976,-0.03454327384586489
4231,0.028969834,-0.051578566,0.009807344,0.008206787,-0.008517207606849457,-0.04603994590568903
4232,0.059122723,-0.018317185,0.0116066495,0.009800941,-0.0034049909365214503,-0.012509869798361311
4233,-0.50136113,-0.3236668,0.027721059,0.0193702,-0.5664981804179186,-0.3164086922663739
4234,0.070948645,-0.14315864,0.0086018285,0.008869284,0.040518166626320413,-0.14008784525455056
4235,0.35301223,0.306615,0.07941773,0.06902419,-0.03860832709617406,0.34950303628150864
4236,0.018119901,0.17283063,0.0076562217,0.007962677,-0.0023577692592458436,0.16288592053820397
4237,-0.08423713,-0.14626026,0.009552447,0.007752895,-0.11091934225263254,-0.13844676585533655
4238,0.11786151,0.35328496,0.013358026,0.020425092,0.06603622487617644,0.3596995813746473
4239,-0.20962232,-0.010131911,0.014269469,0.009052486,-0.24657230855425136,-0.012159469352561509
4240,0.18839206,0.1051591,0.019013004,0.014271212,0.06351741417433242,0.1075345273119068
4241,0.0017249477,0.07403921,0.008678177,0.0077284737,-0.023293510345826607,0.07904569379672056
4242,0.19942164,-0.042899802,0.009085579,0.007976347,0.16716426987724162,-0.031780540308696585
4243,-0.14455502,-0.05136426,0.01252322,0.00812343,-0.18672483245809385,-0.04902817993134694
4244,-0.110412925,-0.12151953,0.009213037,0.0072449376,-0.1405226097342466,-0.10987400239175492
4245,0.034870293,0.0152162975,0.00795264,0.0069474424,0.005704167023672216,0.021992457252590022
4246,-0.11974633,0.13095406,0.00996575,0.010786254,-0.15467716119791164,0.12729964969733337
4247,-0.009287601,-0.13501497,0.0086325575,0.007920808,-0.047026280247137904,-0.12822657624994216
4248,-0.13993302,0.05493933,0.011156184,0.008438291,-0.17145959993939255,0.05537687392558487
4249,0.0996588,0.080454804,0.010454268,0.008714777,0.056518550637904306,0.07457600365680914
4250,0.025954954,0.025787964,0.0085166115,0.007763728,-0.003308927846893711,0.02701512398911874
4251,0.09436176,-0.19310078,0.012863863,0.014646238,0.04936807482944684,-0.2034889789820973
4252,-0.15939747,-0.030476123,0.010635337,0.007060955,-0.18782962684455332,-0.028028916123102685
4253,0.109633654,0.019718878,0.008122573,0.0072212364,0.08467800189575427,0.027551931741758247
4254,0.09863523,-0.034305654,0.0121388845,0.0103571955,0.047412331390291246,-0.029404732223743377
4255,0.15094747,0.2300629,0.009830007,0.012508927,0.11066910189776175,0.21716303703549372
4256,0.005638814,-0.13921417,0.009552447,0.009119851,-0.030518272505289466,-0.1422578696004138
4257,0.101111814,-0.15696485,0.01566324,0.015194739,0.013294338554872321,-0.1295201308709439
4258,0.015255785,-0.007897393,0.008438478,0.007465431,-0.00988426156319971,-0.007991610383717504
4259,0.066186346,0.032930322,0.012519804,0.013229551,0.04814591678848592,0.02464986150760543
4260,0.027020808,0.17825912,0.008452308,0.008487233,-0.002857085949709163,0.17259095032070518
4261,0.08247717,0.020027287,0.011563403,0.009661433,0.025725555060808977,0.02135209773171645
4262,0.4039433,0.5555601,0.015725441,0.019991219,0.3342361173264636,0.5416919809852304
4263,0.37687945,-0.42187133,0.014134075,0.01615361,0.3206719889972308,-0.41133919886394094
4264,0.21953629,-0.06970963,0.010622242,0.0076607172,0.17803321031792316,-0.060129606928544334
4265,-0.6164435,0.6706544,0.014400614,0.015990203,-0.6435055163332991,0.6635930783037132
4266,-0.0065042344,-0.00484679,0.009205476,0.007885964,-0.04077365648089884,-0.006326202952971869
4267,0.12660773,0.15315294,0.010084361,0.0087446235,0.08234135902160249,0.15306966251834428
4268,0.07220605,0.10759753,0.009316502,0.008073964,0.032540075831692765,0.09897480969344322
4269,0.12778899,0.036573544,0.011269468,0.008445501,0.08028100832097874,0.0322255475140616
4270,0.025681438,-0.08259775,0.009045296,0.0076048826,-0.010460852507759532,-0.0795456742484066
4271,-0.07968362,0.36970207,0.009782199,0.015118776,-0.13240356431673841,0.3611366383197834
4272,0.09106114,-0.021590859,0.010625903,0.008768544,0.029508281003384294,-0.02047947709912507
4273,0.029484347,0.02974251,0.011006219,0.009687195,-0.014827417661961903,0.02734159398120652
4274,-0.09192921,0.389707,0.012185876,0.017582668,-0.15855012049852762,0.37579918402816226
4275,0.5803048,0.3845703,0.04337446,0.034192257,0.5108323947697792,0.41202172496976175
4276,-0.0830664,-0.14788313,0.009345201,0.0077531906,-0.11391832815218472,-0.13946811515527172
4277,-0.046757042,-0.052115712,0.008797413,0.0073610493,-0.06275279708586494,-0.03874358896221098
4278,0.02424798,0.006404682,0.007859915,0.00711075,-0.008263562275060426,0.016505355598911534
4279,0.110660814,0.0035977652,0.008463775,0.006787794,0.08620024266237193,0.013930392752821845
4280,-0.043930024,0.026238076,0.011028148,0.009076266,-0.081719075324258,0.02416543032941298
4281,0.064740725,-0.17462802,0.008724501,0.009183138,0.03146494820015597,-0.16751121243473394
4282,-0.0076673743,-0.0954302,0.00987994,0.0090103345,-0.0460450233711987,-0.0909382214603623
4283,-0.4111677,0.1606288,0.013074031,0.00937748,-0.44013150001859125,0.1643938858708555
4284,-0.15383889,0.0580631,0.015148496,0.011538335,-0.18479155127140073,0.056098133795904344
4285,0.06678295,0.035314023,0.010373691,0.008578629,0.020503132777423525,0.032854131128945904
4286,-0.0019186153,0.0194005,0.008918172,0.007668875,-0.04163752972114637,0.018241394850522397
4287,0.3368472,-0.0062219584,0.013378376,0.0064441757,0.3112812002348143,-0.0019722671747073534
4288,0.42262423,0.39684635,0.013585848,0.013798842,0.3746688906803112,0.3866762305140523
4289,0.12851116,-0.21275881,0.03248653,0.028942317,-0.019154299748171615,-0.1893281653341497
4290,-0.18882556,0.083114855,0.013256154,0.009885349,-0.23323461134241055,0.08517177220472068
4291,0.07711087,0.019726932,0.008477487,0.007170472,0.04620489830273059,0.028387685311708436
4292,-0.020846006,0.024090223,0.009390078,0.008247996,-0.06032017113959991,0.035727421115851074
4293,-0.016092509,-0.23494697,0.00838351,0.008516715,-0.05233882980161204,-0.22563395898383884
4294,0.28350672,-0.09193171,0.012354032,0.009004925,0.2254392647639234,-0.07462908527436986
4295,0.17897755,-0.056603312,0.018546905,0.012696793,0.11991393560473967,-0.042576381932937536
4296,0.29545686,-0.17855476,0.011845119,0.01048217,0.2426230800340743,-0.16134474128907111
4297,0.05785329,-0.003350892,0.011292806,0.009370685,-0.003953828189574985,0.0020893752507609113
4298,-0.16650689,-0.13465327,0.010007178,0.007940984,-0.2044201544171546,-0.13234042018333456
4299,0.2249587,0.0011921702,0.01371673,0.0088420315,0.1874246627817468,-0.0043026364441522014
4300,0.09849184,0.0010043224,0.0156134805,0.011926861,0.010027460780556545,-0.0005437565665166746
4301,-0.20081826,-0.1799281,0.013695916,0.011828251,-0.25456313938698766,-0.17394417796649
4302,0.06251188,0.031593546,0.013631711,0.011407363,0.01080090531044405,0.03595474286898141
4303,0.46924418,0.56419957,0.0131726265,0.01624458,0.4372690373887222,0.5705847306376094
4304,0.7850574,-0.4930855,0.053246155,0.037596367,0.673483369632818,-0.5061951194903007
4305,0.014780447,0.41878575,0.008194937,0.0126839895,-0.0214440966517621,0.42545477124764
4306,0.06915301,0.029218841,0.01733232,0.014515899,-0.0020688661009530384,0.045907017290099765
4307,0.09681958,0.017679177,0.013365085,0.010351892,0.027824561347672406,0.020616232880343695
4308,0.06058936,-0.051175293,0.008576181,0.007846857,0.02439802611284425,-0.04513106773069359
4309,-0.2100524,0.10757618,0.009679372,0.008529298,-0.2309034555538627,0.11361061284068757
4310,0.08604469,0.028544344,0.00908428,0.0077429316,0.0542025950456902,0.03399505921236938
4311,0.043146238,0.017166406,0.009646197,0.007983098,0.005434746576951353,0.020738032397476295
4312,-0.00530374,-0.086538315,0.00916378,0.007446747,-0.03562459284844321,-0.07700159141624982
4313,0.32544404,0.44610193,0.013152509,0.018399708,0.27304366166143657,0.4496952132293069
4314,0.18060614,-0.10187486,0.009380041,0.008104978,0.15392651020723308,-0.09686131877116182
4315,-0.24868788,-0.15086856,0.0121978875,0.008253212,-0.2793976115916569,-0.1541181561147367
4316,0.11798918,-0.17576757,0.008531858,0.009209649,0.0913838006286744,-0.17476364952444776
4317,0.04380631,-0.03390763,0.008369796,0.008002294,0.017609241431699802,-0.03213778167767389
4318,-0.17769344,-0.18348144,0.01252275,0.010618759,-0.22442846215955733,-0.16670196879766638
4319,0.19902389,-0.03039309,0.010800806,0.0076901857,0.14652338530016487,-0.03258685234527873
4320,-0.091079675,-0.042783394,0.009673704,0.0072977534,-0.13111228572472736,-0.04443917329448107
4321,-0.23276915,0.070678584,0.014002895,0.0096584875,-0.26852556115256304,0.07217370728774747
4322,-0.17066778,-0.092476204,0.00999148,0.008441309,-0.18493497394659394,-0.08469903912510941
4323,0.016415093,0.04944537,0.008598993,0.00732869,-0.004007440952920379,0.05339009720433769
4324,0.40844804,-0.12614465,0.026412277,0.013203038,0.32621951429903295,-0.11960721470718294
4325,0.027090386,-0.000845165,0.011947016,0.010577016,-0.030606634007704976,0.0072088325146283695
4326,0.364178,-0.44196874,0.0110941725,0.012290266,0.3229807702062325,-0.4280421493258312
4327,0.08446242,0.025051668,0.018715048,0.014943437,-0.039765738986964366,0.013125459578622874
4328,-0.01832601,-0.005111181,0.00977606,0.008050321,-0.0505443602812781,0.0012612415764456238
4329,0.1690781,-0.6498643,0.008568026,0.021540254,0.1359215132977976,-0.6492368958546012
4330,0.100814275,-0.26068398,0.009359846,0.012011976,0.07699174797299986,-0.2876508725197997
4331,-0.854399,0.091765456,0.017549748,0.0077795764,-0.8731702549411371,0.09693850515048907
4332,-0.012665484,-0.034511596,0.008716821,0.007327569,-0.04318204384427199,-0.028826976302248637
4333,0.37537587,-0.10878923,0.047594696,0.028896954,0.2461328806328827,-0.1023352580445691
4334,0.020557348,0.019551188,0.008076221,0.0070787664,-0.001323891616926979,0.021343921055454778
4335,-0.07652117,0.11799057,0.00971904,0.010415177,-0.10909108972888767,0.11283743822504572
4336,-0.17390074,-0.26052645,0.00923973,0.009246958,-0.20667452306555414,-0.24918679633494628
4337,-0.42377925,-0.35084307,0.014261479,0.011352158,-0.4601904648661397,-0.34612005734677137
4338,0.36230063,0.021565154,0.03167505,0.016008515,0.23225924278793078,0.01936981930222677
4339,0.07604354,0.008440039,0.011425992,0.009449073,0.01827479286721552,0.008338522448561746
4340,0.48157927,0.1164135,0.016143002,0.007042221,0.44460094012203033,0.11462262600323149
4341,-0.41875213,0.49959484,0.012202597,0.017113937,-0.43598332885126423,0.4876563343889819
4342,0.014140656,-0.2792673,0.012361687,0.015370181,-0.023612995702440364,-0.2724570816700675
4343,0.14009067,0.012427284,0.028656231,0.02224555,-0.02070414492334877,-0.009205817625718225
4344,-0.0742489,0.109068215,0.008057064,0.008652661,-0.09988777576711291,0.11550160861836595
4345,0.12238638,-0.16742808,0.00932524,0.008306931,0.08396875950546988,-0.16369539160120142
4346,0.071128696,-0.002440513,0.0079100635,0.006969586,0.04353216099264303,0.005566757737577922
4347,-0.18966831,-0.23136714,0.0099135805,0.008971657,-0.21746691613658023,-0.21368296542803414
4348,-0.18905891,-0.07236485,0.017198278,0.011219634,-0.24009691143714956,-0.06422341872082896
4349,-0.25496882,-0.05765172,0.009826349,0.0072618043,-0.2800372907701628,-0.05185335507837098
4350,-0.083262,0.057500355,0.01026302,0.00958882,-0.12325781722010799,0.05773011905820318
4351,0.39715979,0.0640674,0.016655833,0.007265358,0.3709036438681608,0.06933657459860869
4352,0.11819461,0.22893882,0.011220431,0.012083968,0.06217557864876516,0.22086101377735337
4353,0.10200602,-0.11032818,0.009313549,0.008650079,0.07190288739676336,-0.10030679384688208
4354,-0.16234608,-0.09002913,0.010849039,0.0074044885,-0.19129222485170544,-0.08719429492435811
4355,0.40320012,0.3442501,0.01258479,0.011841257,0.3657998575177778,0.3305248912249868
4356,-0.08441192,0.09055597,0.009104717,0.009262324,-0.1224318643930372,0.09885146123470034
4357,0.058432862,-0.06245508,0.008770471,0.008189619,0.020728321451811114,-0.059997982531257384
4358,0.019155964,0.007022879,0.010188091,0.010244196,-0.003724008665985282,0.013897448086274054
4359,0.16857801,-0.38702816,0.011469716,0.017274363,0.12206350625433852,-0.3834467563353601
4360,0.031821802,-0.051908918,0.014413422,0.012631293,-0.04502037439514147,-0.044187923191232055
4361,0.04623585,-0.00977707,0.008399705,0.007432364,0.01225509282343346,-0.0032346964835203947
4362,0.42041427,-0.61758196,0.010287917,0.014802952,0.3887323738399082,-0.6153406468935502
4363,0.15730904,-0.012921573,0.023287592,0.016982019,0.0360906204249201,-0.009991393648533024
4364,0.49510175,0.08304663,0.015845833,0.0060238345,0.457640467836181,0.08485484959026261
4365,0.014416628,0.09399647,0.008884971,0.008292143,-0.02094007361649894,0.09365999361699398
4366,-0.008428194,0.059385203,0.008468738,0.007536031,-0.030710018066038236,0.06596229487540158
4367,0.08996657,0.06077812,0.0153907,0.013060507,0.041410363759353586,0.08153737482813542
4368,0.04380631,-0.03390763,0.008369796,0.008002294,0.017609241431699802,-0.03213778167767389
4369,0.31162202,-0.0009856569,0.019855384,0.010054819,0.20025087324099428,0.0007876733379285917
4370,0.62032175,-0.13368706,0.01764931,0.0081675,0.6034464536901,-0.13165189487353934
4371,0.14911692,-0.15227062,0.01425278,0.012081292,0.06491308792328174,-0.13736118507557965
4372,0.044415716,-0.0049123103,0.008918881,0.0073333234,0.010037341194911455,-0.004018414401047464
4373,0.15907302,0.08177577,0.011660734,0.009157451,0.10917107744480377,0.0863825108195037
4374,-0.06860958,-0.049808368,0.00861873,0.007216977,-0.08898240359451531,-0.03575151918515527
4375,-0.19349399,0.024406403,0.010741604,0.0073214406,-0.22119001934954355,0.026665557336024836
4376,0.049042393,-0.02685503,0.009144409,0.007984775,0.004629356420694417,-0.012178014766061137
4377,0.14965817,0.20672238,0.03077669,0.0276415,0.04112796291220285,0.2225262840793699
4378,0.03346482,-0.39381132,0.0077049606,0.011675733,0.003355329703189795,-0.3768915628196708
4379,-0.057560243,-0.18343727,0.0083880015,0.007454547,-0.08643381016792388,-0.171519327352836
4380,-0.113583714,0.11047129,0.0097616585,0.009031243,-0.1452345518460854,0.10444449539510049
4381,0.13586901,0.105586395,0.014206945,0.011295173,0.09162120465743823,0.1180148447224751
4382,0.33875418,-0.19505006,0.019836802,0.015607701,0.2828534612812405,-0.19691816740847526
4383,0.5263805,0.044182956,0.04986483,0.0223638,0.3880810360493922,0.04188682823991818
4384,-0.5918651,-0.3118999,0.016091153,0.008867899,-0.6110545673530087,-0.30601201367465175
4385,0.061450183,-0.095201984,0.009149133,0.008288544,0.023190802926204568,-0.0924209458793711
4386,0.29932442,0.2587449,0.010490484,0.008690127,0.267379755803217,0.25871156113848476
4387,0.014956798,-0.008603589,0.009735333,0.00895426,-0.00486315955305874,-0.0015089502350980415
4388,0.24317773,0.21487176,0.013249685,0.012025305,0.2065997364999888,0.22447891748995635
4389,-0.47794107,0.20552105,0.01810494,0.011740307,-0.49094494962662416,0.19253752087480452
4390,-0.060431294,0.020954438,0.008740929,0.007487281,-0.06984289911323845,0.019555964537541968
4391,0.1136802,-0.07571976,0.010679095,0.010948512,0.08714739813578389,-0.07144092797631701
4392,0.3561142,0.0056010773,0.019418791,0.008878439,0.2758450709047716,0.0038808150756577823
4393,0.0041599036,-0.43663916,0.014440917,0.020250747,-0.08999307301984719,-0.43035339138864986
4394,0.059914865,0.066839136,0.007868313,0.0073676473,0.030335701290089945,0.06897705067068109
4395,0.08124887,0.0804972,0.009057936,0.007718078,0.05023574123117596,0.08683526654541647
4396,0.4927542,-0.07212547,0.017266942,0.0062620644,0.4540642911299846,-0.0689595195956372
4397,0.084081575,0.04043428,0.008458573,0.007226493,0.05190768048272809,0.04529089949486481
4398,0.03404033,0.030279607,0.009441331,0.008154709,-0.0007679571797570802,0.025519562646211472
4399,0.2517308,-0.018405572,0.013148744,0.007590967,0.20495328914487684,-0.016386996862237053
4400,-0.25618643,-0.1542151,0.010995372,0.006682896,-0.28210898744643853,-0.14531799763337735
4401,0.29766726,0.2607033,0.01983458,0.017328518,0.19788327845920245,0.2523565922272956
4402,-0.20048217,-0.17072433,0.009861761,0.007699995,-0.2256463508889814,-0.1720649358331476
4403,0.105317436,0.03649027,0.008937311,0.008050351,0.07531187394991377,0.0393901492140309
4404,0.18134192,-0.24020526,0.0093584275,0.009857583,0.15456713231372426,-0.23827999643129627
4405,0.17687319,-0.03649003,0.010865902,0.008409517,0.13072409852960287,-0.034082225148730536
4406,0.044241186,-0.014532023,0.009124208,0.007997155,0.002811193620817853,-0.010008635989087982
4407,0.35078245,-0.06806099,0.01221826,0.0073423674,0.2865688776305409,-0.05473089032504812
4408,0.5709716,0.054158397,0.038881123,0.013118139,0.47263463394938887,0.06264651436344094
4409,0.215371,-0.17251799,0.011274889,0.011478039,0.17042509666046668,-0.16062485517904396
4410,0.13007468,-0.27218977,0.009053802,0.012832105,0.09096989738886511,-0.2691342235455165
4411,0.20328745,-0.21714869,0.011906142,0.015482178,0.1674054159332619,-0.2121614497447131
4412,0.54095554,-0.58112633,0.014610105,0.015164171,0.5178709832247138,-0.591887777607869
4413,0.03371876,0.013518347,0.010209685,0.008712922,0.0005433601324152648,0.016101522126942686
4414,-0.30872154,0.5219314,0.009219651,0.019488439,-0.3246874107504793,0.5218294483707638
4415,0.014228718,0.058263645,0.008170699,0.0074545234,-0.014010203712885388,0.059253969125902854
4416,0.09380497,0.036005385,0.008903166,0.007366126,0.05599538466700902,0.03674245246548903
4417,0.025810383,0.042919226,0.008320263,0.0074770553,-0.007854790861556075,0.04717092091775239
4418,0.0046810103,0.021197408,0.008071018,0.007190893,-0.024450693604157116,0.027821075250337723
4419,-0.35670906,0.4196263,0.01120098,0.017846202,-0.37278530246221686,0.4032292400199966
4420,0.049963392,0.12482244,0.008241404,0.007854571,0.019642066682255353,0.12123321282533814
4421,0.6063213,-0.28478676,0.028727127,0.014730925,0.49471779522128984,-0.27747630202179374
4422,0.35338077,0.009382709,0.013972448,0.0062111816,0.32743843771097014,0.005461623686488692
4423,-0.1260272,0.021536946,0.008684204,0.008247367,-0.15350942847308888,0.025333460231139807
4424,0.27271315,0.20013484,0.015061365,0.0127717005,0.21322577348263055,0.183996859170581
4425,0.11992513,0.0030356934,0.015748912,0.011569136,0.034492088574962,-0.008809718499599835
4426,0.070496336,-0.22977303,0.00841129,0.009276892,0.03462467760141688,-0.22523144743187964
4427,-0.005935821,-0.089057215,0.00784513,0.0071596894,-0.037633025798291746,-0.07387197050543551
4428,-0.32251292,-0.30828118,0.011310957,0.009518162,-0.33763257794368773,-0.290887523975186
4429,-0.18966831,-0.23136714,0.0099135805,0.008971657,-0.21746691613658023,-0.21368296542803414
4430,0.15094747,0.2300629,0.009830007,0.012508927,0.11066910189776175,0.21716303703549372
4431,-0.04263427,-0.08718206,0.01042383,0.008753208,-0.08238614397021497,-0.08401621686323978
4432,0.0314866,-0.2542093,0.021033758,0.02081314,-0.11807729881032789,-0.22105106484584827
4433,0.13674107,-0.033962976,0.008392138,0.007008239,0.10421671570853631,-0.02562761038879396
4434,-0.29061598,-0.20131356,0.013858764,0.009728,-0.3277656266493817,-0.19421976313599512
4435,0.08019023,0.008959032,0.0102378875,0.008748763,0.015562148749455124,0.0021870202987672293
4436,0.00048124092,0.084777884,0.008357856,0.0077083237,-0.02312207906651314,0.08949136258823519
4437,0.06429558,-0.046833523,0.008170227,0.0073150983,0.033673998302906384,-0.040411861310579764
4438,0.08107422,0.019809246,0.008381617,0.0069939042,0.044028406310590344,0.024421970478967124
4439,-0.16983034,0.040148616,0.016526505,0.0120307105,-0.2374695097581424,0.04234034081373044
4440,0.20735453,0.24752894,0.008905885,0.008729449,0.17940476413720655,0.24530217225908912
4441,0.061301015,-0.033058897,0.01108038,0.009926797,0.021628035317004666,-0.02043926086947182
4442,0.14418635,0.060517363,0.010181484,0.0073352964,0.11448114409246916,0.06288331014180618
4443,0.14792074,0.68572366,0.017985871,0.034356724,0.0599523581664586,0.6774595476659483
4444,-0.17755924,0.04249891,0.01776022,0.011402146,-0.2556906295427592,0.04658341115762855
4445,0.07946323,0.06745906,0.009717506,0.008068366,0.043122472475707274,0.06929229434561261
4446,0.13061082,0.042772107,0.016534831,0.012750271,0.055946492503735845,0.052103846554527794
4447,0.06662742,-0.0031266147,0.009840869,0.0086292215,0.01925209762291007,-0.0016063594135176892
4448,0.53539795,0.62860763,0.013866288,0.01706886,0.5077143540962308,0.6390244385596836
4449,-0.147576,0.26206392,0.008409398,0.009731142,-0.17025942783863923,0.26152897808786507
4450,0.22203977,0.14335534,0.012465533,0.009906445,0.15805844618239764,0.1142548046914013
4451,0.021565719,-0.059120104,0.016236605,0.014711232,-0.0500694260920044,-0.06315962369992073
4452,0.47490662,-0.39501226,0.012078114,0.010476469,0.44554470788171974,-0.3813289278862209
4453,-0.11688757,0.5680385,0.01034986,0.019413691,-0.1733684962766824,0.5439355974583556
4454,0.063977964,-0.006148995,0.011415268,0.00975424,0.015975282595966648,0.005019092950321323
4455,0.19149452,-0.27100295,0.017535107,0.021759594,0.13113247593699143,-0.27182309373669583
4456,-0.065497965,0.24516687,0.00860431,0.01273403,-0.09120044877881589,0.24177906455006543
4457,0.088283435,-0.022152923,0.011160545,0.009387984,0.043652176632149244,-0.01687649985253232
4458,0.13522734,-0.047047123,0.010339477,0.008191505,0.09014172198789609,-0.037794918818968806
4459,0.14894532,-0.024947107,0.010621419,0.007979541,0.10966491668037139,-0.02722354814860138
4460,0.081051424,-0.029247224,0.016809054,0.013556196,-0.024650778313511562,-0.02694060303890864
4461,0.25536397,0.008147134,0.013738601,0.0076681077,0.20025434170904272,0.006100194878913345
4462,0.06362189,0.0010441383,0.011933353,0.009815683,0.0007583180109290698,0.00014493447883179213
4463,0.03994312,0.024638556,0.008786307,0.0074095856,0.0006026669770750972,0.023656657836911153
4464,-0.2175421,-0.18654288,0.014407665,0.012384078,-0.2472586747211431,-0.17106216298384389
4465,0.13496597,-0.048860565,0.011761591,0.009311252,0.08988363898484333,-0.046277405885441186
4466,0.35347807,0.14212102,0.03472624,0.022783376,0.19286192089885199,0.15009327662020663
4467,0.09865649,0.035576835,0.012035713,0.009470335,0.03027270261029581,0.03105325592873162
4468,0.41279024,0.0417697,0.016954636,0.0073453416,0.35222826674140595,0.03531045108420954
4469,0.026532125,-0.032693338,0.010060641,0.008979395,-0.009928060863552489,-0.03186681881931078
4470,0.08022438,0.065050356,0.019631792,0.016099177,-0.010439968106869943,0.08214962419337206
4471,0.2244621,-0.1023487,0.009849958,0.008812954,0.1949332049975111,-0.09134432342699739
4472,-0.015533209,-0.07191904,0.009421018,0.007698145,-0.044078141046444,-0.07026220897720283
4473,-0.30643377,-0.0577733,0.010620593,0.006611699,-0.3282669794817278,-0.0578716764573591
4474,0.106483504,-0.0066366503,0.014271114,0.010955819,0.0309756265542755,-0.008075211656609661
4475,-0.4157846,-0.75259763,0.016661108,0.027949871,-0.4697511178445434,-0.7187316454849817
4476,-0.36312616,-0.118577816,0.022900034,0.012085913,-0.4014459656222773,-0.1020223112273094
4477,-0.08533618,0.4295687,0.010901867,0.017904548,-0.151155118652318,0.4133648894643035
4478,0.016463296,0.016299121,0.012402661,0.010372668,-0.05247215537515612,0.0176184261753325
4479,0.047049757,0.004754781,0.008868547,0.007445807,0.01497706505277412,0.007430495420077154
4480,-0.34140435,-0.7949558,0.009329375,0.017425189,-0.3757519207242218,-0.7673181859582895
4481,-0.053379003,-0.017374419,0.011656846,0.0090984525,-0.10003636438367498,-0.01033394591814312
4482,0.17620035,-0.1568469,0.009880177,0.012054985,0.11932101869506606,-0.12181040023055538
4483,0.37297422,0.18754826,0.014900007,0.00920717,0.3390755486299253,0.18903217034258535
4484,-0.26152477,-0.8658906,0.006128259,0.012745803,-0.2868145472138582,-0.8608013913777944
4485,0.054580815,0.16078812,0.00942716,0.009417454,0.016291719168274432,0.15315877079629872
4486,0.1315032,0.0042880466,0.018585403,0.013642314,0.0561454963756522,0.010078964239587753
4487,0.41973662,0.17136922,0.019952962,0.010750793,0.37144394889095234,0.1714784054577416
4488,0.60084736,0.26347494,0.021096557,0.0100678215,0.5594623815348162,0.2619394942932957
4489,0.073730975,-0.070230365,0.009154331,0.008593167,0.03380586313216472,-0.06849309961569908
4490,-0.052766576,0.32702336,0.01303579,0.016621009,-0.1206385502851872,0.2922139085991415
4491,0.08365421,-0.5051236,0.014960021,0.024805892,0.011377189547084388,-0.47602024187197217
4492,-0.18474865,-0.25000215,0.012254415,0.01258152,-0.22483308851336217,-0.23905829251717037
4493,0.18203159,0.22112988,0.010250983,0.011219826,0.14762369385488205,0.2226973061758169
4494,0.06202846,0.012324384,0.011401833,0.0095883785,0.003945150034422931,0.024898303420011793
4495,0.23552991,-0.6204392,0.0078743445,0.016570034,0.21726933336370535,-0.6286913455797077
4496,0.026439123,0.0027417755,0.008466493,0.007350879,-0.007125648093443264,0.009375404850365577
4497,0.16685353,0.20055732,0.020853981,0.019559298,0.11176905343758639,0.2056264440981157
4498,-0.4644277,0.3667913,0.025504632,0.023444578,-0.556180048327889,0.359644659339875
4499,0.09377359,0.007728341,0.034416113,0.027689027,-0.060570831527028725,0.04228485389399523
4500,-0.120599136,-0.3980776,0.0102801295,0.013405703,-0.16339679812807506,-0.37269338337772623
4501,-0.19322129,0.91846824,0.0066818907,0.016619407,-0.22358625244536023,0.9233191291882632
4502,0.41067523,-0.4230212,0.011904256,0.011716686,0.3651580405420432,-0.41558121166887874
4503,-0.0013683601,-0.004437127,0.010053087,0.008342984,-0.04102711122096431,-0.00687703978573015
4504,-0.093700066,0.11209928,0.015590829,0.014349288,-0.15648621231769153,0.1106335673741081
4505,0.048433684,0.00081784185,0.008887452,0.007035032,0.02403155023693349,0.005594660284546801
4506,0.05228976,0.14133519,0.009929633,0.009509674,0.0032383777981612664,0.14008997813899907
4507,0.25547546,-0.32461953,0.010912363,0.014138882,0.2132550298753396,-0.3257995679885946
4508,0.0083861,0.015411845,0.008415782,0.00729738,-0.023575331641131052,0.02594641654447792
4509,-0.01379499,0.51946104,0.0071006436,0.012667476,-0.025499383756035766,0.4510854409609093
4510,-0.0960899,0.16573006,0.0093629155,0.009087608,-0.12444000138661923,0.16270572148076431
4511,-0.0059856283,0.4483698,0.017958356,0.025100151,-0.08998961251787464,0.38777352916394053
4512,0.05146862,-0.13619871,0.07471714,0.07075638,-0.3226986481682418,-0.13298269184555414
4513,0.1983174,-0.101846576,0.009931049,0.009168988,0.17394514097793212,-0.1011838723028848
4514,0.067305356,-0.01486674,0.008989652,0.0073836753,0.04204400987299071,-0.011233906600902954
4515,-0.0146344565,0.013163588,0.009518087,0.008150109,-0.057193628520951174,0.015360139644354422
4516,0.2048883,-0.06619677,0.01800589,0.011992981,0.09542419871203055,-0.0619343579267303
4517,0.571017,0.038854353,0.022200951,0.0072880536,0.5132195661247162,0.03875087930473673
4518,0.03544099,-0.006496587,0.00998971,0.008891538,-0.013484340992545663,-0.0030404011348116092
4519,-0.38303137,0.10979999,0.015435542,0.008477891,-0.3912568259424644,0.10818386402023246
4520,-0.012216795,0.08044557,0.009338824,0.008567841,-0.05909709424394648,0.0821303488547834
4521,-0.30158406,-0.62450254,0.010410263,0.020683186,-0.2964323699631761,-0.5519500459658113
4522,-0.4365408,0.18218431,0.01611309,0.010638039,-0.44980014698944243,0.18048863656374486
4523,0.7096198,-0.03733522,0.026438167,0.0076776505,0.642332693095293,-0.041158977573481935
4524,0.49076414,0.50917244,0.012666368,0.011748024,0.45886527235750096,0.5112930724886738
4525,-0.034935955,0.02361545,0.011026617,0.008679603,-0.08600331297014185,0.02982569453708741
4526,0.5040028,0.20302099,0.017717358,0.00922685,0.4788239967733759,0.2053996816069224
4527,0.6746708,0.40936202,0.01744889,0.014717287,0.6504041279151421,0.4110819405092458
4528,-0.9746813,-0.042304963,0.022017067,0.0062402235,-0.9820585314657808,-0.035766495781006165
4529,0.27948186,-0.08356154,0.015313338,0.009755786,0.22756884494658247,-0.08501679799713771
4530,0.27124697,0.15878141,0.034918167,0.027517123,0.12262148920754988,0.15415732936885143
4531,0.14286926,0.19973004,0.008511882,0.007833061,0.11231072613202994,0.2098275203219845
4532,-0.18604197,0.11472724,0.009739701,0.008573067,-0.20653863416879784,0.11384901429506981
4533,-0.41305172,0.104099564,0.015999885,0.008117493,-0.43852223889808034,0.10150400857495066
4534,-0.4152071,-0.33823037,0.01446148,0.011259362,-0.454032628781495,-0.33553599765758424
4535,-0.033967733,0.11778293,0.01042749,0.009341398,-0.07843298255788868,0.1125129520356097
4536,0.024921231,-0.035153884,0.009541112,0.00824793,0.0006635256710369736,-0.03045798500597566
4537,0.047204096,-0.003521786,0.008218823,0.007067665,0.012995054007945634,0.00444285052915774
4538,0.058833785,-0.0059404606,0.009678428,0.008363721,0.015074297209270022,-0.006150672330649742
4539,0.10060767,0.06356749,0.012149839,0.009600582,0.03559236488256798,0.06131777082128203
4540,0.17146191,0.024818797,0.029536137,0.021257937,0.017176128035985623,0.027795758831224877
4541,0.077463865,-0.021589544,0.012620457,0.010279311,0.005758100324159997,-0.024794038678231947
4542,0.039890707,-0.21993221,0.0090821525,0.009659674,-0.00047523632950065774,-0.20351051931664643
4543,0.29726726,0.56839526,0.010925568,0.01738222,0.26449064080771767,0.5671221494368908
4544,0.051466685,-0.0039050402,0.0147568295,0.012166091,-0.028110622403246643,-0.01041688083403884
4545,-0.08127622,-0.15460028,0.06786599,0.06373116,-0.5253206439279772,-0.11528954741262569
4546,0.041143194,0.17603746,0.0099363625,0.009994046,-0.007210616880806443,0.19072654531728528
4547,0.41217345,0.58004045,0.012012981,0.016573675,0.3767434141175517,0.5774528653875749
4548,-0.047024954,-0.023285545,0.0107275685,0.008181684,-0.05102939841285715,-0.012292417531608412
4549,0.53884083,0.45865524,0.018669065,0.016915387,0.48956242775871084,0.4561634074723274
4550,0.0658447,0.015771061,0.010213461,0.008816469,0.022972916244758158,0.015533823192805133
4551,-0.2050721,-0.06256209,0.012238517,0.007290412,-0.2382505649267305,-0.06089553315528582
4552,0.13017854,0.04531034,0.0120749315,0.0089245085,0.09171951586986074,0.052736898363488376
4553,0.022191878,-0.056770496,0.009910039,0.008704225,-0.014727675798638038,-0.05547487351707878
4554,0.12198302,0.00788183,0.025479995,0.019675435,0.003000473468757592,-0.004716772791376027
4555,0.03194574,0.12133604,0.00871233,0.008190332,0.0012282885542366669,0.12233818262284832
4556,0.51114744,0.5221126,0.014475227,0.0144983735,0.47901335120052196,0.5175078173752475
4557,-0.00051151356,0.13939565,0.009679137,0.009986458,-0.044241931072477945,0.14370160598701942
4558,0.64666575,-0.084303,0.0236282,0.007470595,0.5888681406393641,-0.07769544632123485
4559,0.54186773,-0.09823038,0.013365319,0.0063150814,0.5180560577848006,-0.0900739446960473
4560,0.09204314,0.024086691,0.0118225,0.009304498,0.02643076179690168,0.02060624960840836
4561,0.06939315,-0.29472086,0.0084994715,0.008570485,0.04657605659425332,-0.2813226051873323
4562,0.11357103,-0.049033545,0.009998444,0.008255943,0.06829320395207236,-0.03791105252862953
4563,0.04216216,0.028567798,0.010863543,0.009083581,-0.014233181042502225,0.02545832072579944
4564,-0.05643173,-0.16406891,0.0081802765,0.0076835146,-0.07870853271321702,-0.1599539626591229
4565,0.041596394,0.0022695428,0.009244101,0.00786516,0.004497678769719474,0.005963483121176887
4566,0.01056008,-0.015465477,0.00892337,0.007511561,-0.026755661427516148,-0.010219081296899423
4567,0.1908689,-0.00859986,0.02481272,0.016613593,0.06590796183214122,-0.011849999186601323
4568,0.04623585,-0.00977707,0.008399705,0.007432364,0.01225509282343346,-0.0032346964835203947
4569,0.027934913,-0.019939572,0.008098689,0.0074541657,0.004999492887846321,-0.018068486588846917
4570,-0.21102619,0.3702694,0.008536468,0.012077234,-0.22850086561914756,0.3617886852510429
4571,0.020008758,-0.021059692,0.007991312,0.007137155,-0.005999599225801143,-0.01657616855857711
4572,0.12103764,0.29592913,0.008613648,0.012050394,0.08141988441931397,0.28377698463023143
4573,-0.22626203,-0.083026886,0.011796817,0.0075007332,-0.24716323169333587,-0.07256473115334673
4574,-0.07186796,0.6767284,0.006686628,0.015393847,-0.0958116196086849,0.6772412956822926
4575,-0.07580426,-0.2304687,0.00923288,0.009388655,-0.10446552785246448,-0.214434122527081
4576,-0.26573467,0.5482674,0.0123125855,0.025906365,-0.3297475359731469,0.5726664412488979
4577,0.056520183,0.05005289,0.009733089,0.008225028,0.022092086423993167,0.05657078689756536
4578,0.14037427,0.57985055,0.023818187,0.03668154,0.0033324593220655104,0.5628755153830732
4579,0.12977967,-0.051771164,0.009777241,0.007789438,0.09009230322864528,-0.050067934844932445
4580,-0.04427711,-0.18955894,0.013069206,0.011983178,-0.11528974193215649,-0.19015151455751006
4581,0.8199376,0.0729748,0.018952882,0.0066058557,0.8054604639798062,0.07078072765166074
4582,0.03480923,-0.10676826,0.011463941,0.010842955,-0.01631364919279247,-0.09588047780394435
4583,0.1349885,0.331084,0.040200613,0.041693483,-0.07934108315104656,0.2685363575524946
4584,0.079505414,-0.19072053,0.008896314,0.009196259,0.05327349462231653,-0.17798492877358454
4585,0.4585385,0.1205402,0.045286812,0.023467015,0.5159367805725013,0.15454666486897567
4586,-0.111851305,0.03848742,0.008744945,0.0073384396,-0.14449640662965624,0.04239670590136366
4587,-0.27043873,0.40794975,0.009901895,0.013892999,-0.2959444580424428,0.3969150952285293
4588,-0.11080827,-0.12983291,0.012485193,0.010939456,-0.15567640855827744,-0.12729763910838063
4589,0.1542343,-0.004742787,0.01033228,0.0069696154,0.10437089463760917,-0.0005090872157453392
4590,0.23201312,0.042569317,0.032563612,0.021691348,0.06009706155501407,0.043720005018771296
4591,0.035099924,-0.088109426,0.013436246,0.0114919795,-0.03882334595728836,-0.08312541018622328
4592,0.28109574,0.10136362,0.012594796,0.0071197143,0.24492373781857663,0.10721198573369882
4593,0.031809945,-0.00049066637,0.012320827,0.01084237,-0.026965713552170475,0.012916330972302097
4594,0.019899968,-0.13493904,0.008177911,0.007595461,-0.00395534750885824,-0.12904614379277402
4595,0.14037427,0.57985055,0.023818187,0.03668154,0.0033324593220655104,0.5628755153830732
4596,0.27755842,-0.21331285,0.013895562,0.014393993,0.23008751577642086,-0.20333685489016498
4597,0.5263805,0.044182956,0.04986483,0.0223638,0.3880810360493922,0.04188682823991818
4598,0.27514368,0.8427012,0.008201914,0.01771337,0.2444158787908938,0.8495169644471735
4599,0.010751676,-0.021463629,0.015424623,0.013693838,-0.06324751604956784,-0.02590565792623673
4600,0.44310868,-0.25183034,0.0146548655,0.009195189,0.38621766131200946,-0.24079510854210928
4601,-0.040078193,0.05887235,0.0122835,0.010788261,-0.10280759182943822,0.06539471236304008
4602,0.11468387,0.16325118,0.017583484,0.016128607,0.03545179224547055,0.16610164090033694
4603,0.080226205,-0.11484962,0.008102355,0.0078120665,0.04967726789548496,-0.09662465142001679
4604,0.6071203,0.39281595,0.01550738,0.011055665,0.5813712553238591,0.39672604178398274
4605,0.39716178,-0.6266296,0.010518207,0.015674772,0.36500805292988403,-0.6174752210049207
4606,0.051517442,0.0037681675,0.010679567,0.008950331,-0.0013067885943636808,0.008767585596080757
4607,0.064077884,0.050038368,0.022181364,0.01961169,-0.03070482408812861,0.059378870298220233
4608,0.22802937,0.11663616,0.011307541,0.007870757,0.17539519607961337,0.11153276996214576
4609,0.18768127,0.22909665,0.015915764,0.016299248,0.1275065416322055,0.23530675699781764
4610,0.05706927,0.0039038723,0.011184358,0.009045006,0.004186299405865811,0.005398342995689926
4611,-0.59185743,0.17495188,0.016395992,0.008381875,-0.6005931521292165,0.17300455841652532
4612,0.33934787,-0.5734101,0.010210276,0.020658674,0.30895082511235095,-0.5869221028524437
4613,0.5673987,-0.36909437,0.015729899,0.011052023,0.527454125201997,-0.36350500743724673
4614,-0.30158406,-0.62450254,0.010410263,0.020683186,-0.2964323699631761,-0.5519500459658113
4615,-0.1779276,-0.056464575,0.012257357,0.011988831,-0.1822988171707642,-0.04232368944867805
4616,0.24894233,-0.26422936,0.015428734,0.015864868,0.18267308483826297,-0.2786716754484393
4617,0.18108362,0.2701574,0.008587646,0.008997233,0.16334411217747224,0.27723063627882927
4618,0.16252775,-0.23923004,0.011345022,0.013397653,0.11491207632610474,-0.22895612099205276
4619,0.8218838,-0.21902907,0.023263717,0.007979295,0.8019576096295733,-0.22231222906169326
4620,-0.003186556,0.013327896,0.010594644,0.008997679,-0.04662433970942583,0.01773486675754301
4621,-0.23504432,-0.22170627,0.011500475,0.009349588,-0.2693174933375391,-0.2202072523787528
4622,0.05146862,-0.13619871,0.07471714,0.07075638,-0.3226986481682418,-0.13298269184555414
4623,-0.04468791,0.16348056,0.0092796525,0.0106301885,-0.08175396792109485,0.16518285242555097
4624,0.09433189,0.012282736,0.009688935,0.008123266,0.05042624506581475,0.01250228545910396
4625,0.037422713,0.0042897603,0.009401062,0.007747049,0.004193794724149383,0.0030580115413266933
4626,-0.17180543,-0.050263546,0.009589878,0.008313881,-0.19389887633116842,-0.049815448747251474
4627,0.03684091,-0.04629993,0.010179831,0.009423356,-0.015333614806700138,-0.04112808811864907
4628,-0.30184925,0.56553537,0.013245801,0.022294601,-0.3639802646463145,0.5671581237569072
4629,0.20873387,-0.09438386,0.011957147,0.01040246,0.15934711963745612,-0.08651941093649544
4630,0.7531891,-0.4781637,0.016678458,0.011446768,0.7385886670971785,-0.477925517817381
4631,-0.17213495,0.08269521,0.012625284,0.011092503,-0.20275512904049747,0.08174945568430922
4632,0.33317384,-0.12915465,0.013621832,0.008683639,0.2800886290611208,-0.12462265504531156
4633,0.109026335,-0.014049397,0.01609444,0.012310796,0.007015133239699866,-0.014466323164781547
4634,-0.11406742,-0.020785078,0.014755772,0.011053326,-0.15284413595351526,-0.02097417018693692
4635,0.27948186,-0.08356154,0.015313338,0.009755786,0.22756884494658247,-0.08501679799713771
4636,0.41067523,-0.4230212,0.011904256,0.011716686,0.3651580405420432,-0.41558121166887874
4637,0.25588888,0.16921803,0.019263629,0.014863767,0.16604762849854798,0.17896002158088017
4638,0.3117358,-0.112949155,0.014263123,0.008684236,0.25076102094685837,-0.1090030481435426
4639,-0.06465152,-0.19513005,0.009130468,0.008370016,-0.09349411723892893,-0.18889524093088716
4640,-0.06270736,0.07865449,0.009068686,0.00866981,-0.10827269967894476,0.08817661896338039
4641,0.11000005,0.05341991,0.00969413,0.0075729038,0.05798071705979311,0.040020235613576594
4642,0.374141,0.39516655,0.012133822,0.011740487,0.337501720239709,0.39191843499011536
4643,0.033439633,0.007079101,0.009066442,0.007899123,-0.0009875810168555594,0.008647826071108344
4644,0.026437525,0.18036704,0.007809174,0.008165368,0.008462457553969323,0.17880563874103084
4645,-0.008626698,0.046715595,0.008682195,0.0077553135,-0.047128030117740936,0.06001823041141686
4646,0.77752405,-0.405672,0.015525572,0.01042379,0.7737446755946153,-0.4107680445295049
4647,0.040829923,0.09223343,0.013247096,0.011881797,-0.044543869861239746,0.08909832607444293
4648,0.25466675,-0.24550638,0.0113935815,0.011719695,0.21022928172727778,-0.2533365135355485
4649,-0.22394444,0.018883571,0.011177168,0.007422513,-0.24407796993335582,0.024559210722901334
4650,0.07771455,-0.23538588,0.00844959,0.008595745,0.052570406739783776,-0.218728479358641
4651,-0.385946,0.2149818,0.012507327,0.010970504,-0.4185075307064852,0.2066295661306522
4652,0.084081575,0.04043428,0.008458573,0.007226493,0.05190768048272809,0.04529089949486481
4653,0.013686717,0.19152346,0.008509282,0.009070987,-0.016699035302286728,0.19112241721496678
4654,0.53210735,-0.27541852,0.019179195,0.01185303,0.4918262576788149,-0.27027522286785755
4655,0.8053402,0.08288481,0.029538797,0.008781255,0.7574868537909767,0.09015636852365101
4656,0.051183198,-0.034412906,0.010035148,0.009800049,0.04039528503256862,-0.03766410098590261
4657,0.13166937,-0.05421374,0.011201687,0.00909858,0.07565737650305503,-0.04980474236705363
4658,-0.043440282,0.08553969,0.009721047,0.0094708735,-0.08186470773300895,0.0881115598608562
4659,-0.12135054,-0.15843764,0.011011408,0.009410041,-0.14373241643952925,-0.13650114535089172
4660,-0.055070765,-0.066733435,0.009825641,0.007891623,-0.09863261895821282,-0.06441113497614087
4661,0.7537596,-0.25718784,0.022137638,0.008917979,0.7195929099245033,-0.25928206071461946
4662,-0.5540172,-0.18802543,0.026079817,0.011642065,-0.618164751373913,-0.18337674072637958
4663,0.045667693,-0.021341745,0.011246598,0.010199181,-0.005897439427722969,-0.018718153198244204
4664,-0.30643377,-0.0577733,0.010620593,0.006611699,-0.3282669794817278,-0.0578716764573591
4665,-0.033967733,0.11778293,0.01042749,0.009341398,-0.07843298255788868,0.1125129520356097
4666,0.08018751,-0.23161641,0.009201342,0.011969955,0.045402995400002304,-0.22412599477853332
4667,-0.0639252,-0.2617066,0.010729928,0.011302352,-0.09825634415311844,-0.24777175411541122
4668,0.06392131,0.23647487,0.010570227,0.012871155,0.010667701038651906,0.2346699873680955
4669,0.07225748,0.011758178,0.01450143,0.011572157,-0.007456742913069052,0.0009446536740023267
4670,0.15668829,-0.06046828,0.01868334,0.013718496,0.0751742835529175,-0.05353723825351461
4671,0.008074358,-0.38130242,0.017640525,0.017724691,-0.013089035650761008,-0.3755978707734655
4672,0.062600754,-0.019787416,0.009143463,0.0076108463,0.028148613784563167,-0.01593501568859234
4673,-0.014368355,0.012690208,0.00924481,0.007943926,-0.05873620519412124,0.010661386588108304
4674,0.029484347,0.02974251,0.011006219,0.009687195,-0.014827417661961903,0.02734159398120652
4675,-0.050165012,-0.11160157,0.010633568,0.009015432,-0.09079621337767611,-0.11495322999313333
4676,0.16788957,0.14427054,0.008474531,0.008268618,0.14529405708045415,0.153283750890499
4677,0.02490843,0.1808751,0.009937659,0.010652354,-0.013312454172952338,0.17223972859562936
4678,-0.42966226,0.23495422,0.013434836,0.011682157,-0.4411509893930708,0.23003228904179254
4679,0.16899605,-0.24175763,0.008850114,0.00947746,0.13273371088345198,-0.22712128635781467
4680,0.54095554,-0.58112633,0.014610105,0.015164171,0.5178709832247138,-0.591887777607869
4681,0.03512378,0.009139149,0.009302801,0.007851415,0.004212789102947531,0.018153497448708266
4682,-0.1514822,-0.011840829,0.009276464,0.0071023405,-0.17399877991829202,-0.007379404488312187
4683,0.17169577,0.06481691,0.01243704,0.008819482,0.1189203793327878,0.061153611734932174
4684,0.02567622,-0.04343702,0.008699685,0.007921714,-0.0029437370578305868,-0.05001998668627984
4685,-0.0045986422,0.4917106,0.012050788,0.018751116,-0.07757523298836687,0.48539852217628865
4686,0.16032103,-0.092168495,0.011639996,0.010809777,0.09840015972817559,-0.08243389847059747
4687,0.47931364,-0.74073833,0.009383937,0.014927555,0.45214895877066297,-0.7441164604474807
4688,0.5461979,0.25797096,0.015513012,0.00988577,0.5179334632724999,0.2574947979706389
4689,0.015687691,-0.0016956488,0.008964723,0.0076052514,-0.019823679600895264,0.003639359767236885
4690,0.103571855,0.045805573,0.010263491,0.008335782,0.05172347596419022,0.041428935207815265
4691,-0.14156793,-0.1359798,0.015761584,0.012930962,-0.19754375774573024,-0.13229688175531676
4692,0.12374181,0.1250422,0.008617076,0.008666793,0.07734560957808913,0.10307027231444876
4693,-0.13993302,0.05493933,0.011156184,0.008438291,-0.17145959993939255,0.05537687392558487
4694,-0.23958294,-0.056131072,0.015519704,0.008218644,-0.2377747670560853,-0.04500311533387812
4695,-0.31364995,-0.44213188,0.011787628,0.017133681,-0.3288404782799219,-0.42086271909704226
4696,0.02826278,-0.028402418,0.009132123,0.007465586,-0.0038686647915546803,-0.027277955956382636
4697,-0.14812104,0.022792332,0.01094809,0.008081644,-0.18582251707879657,0.027451987664917226
4698,0.04288315,-0.23000765,0.010161068,0.011308144,-9.676771156139633e-05,-0.21223477492738108
4699,0.090540506,0.19718477,0.01065763,0.011926306,0.04161593753328941,0.1919362446360062
4700,0.188461,0.15247716,0.016140891,0.013707776,0.13997143884669777,0.15362373025408643
4701,0.3329862,-0.33708176,0.06288377,0.057971623,0.03676755880231434,-0.3601431898556754
4702,0.06876773,0.12121981,0.010732876,0.010013959,0.028969928628808567,0.12791211025465976
4703,0.05863791,0.05803428,0.009661191,0.00872048,0.02861224642394597,0.0492388881241325
4704,0.028178431,0.00060795154,0.008972403,0.007946059,-0.01221972793351493,0.0011110227172227345
4705,-0.44438988,0.5941855,0.011762299,0.018545419,-0.46580935621086683,0.5932810281354471
4706,-0.046005644,-0.056575432,0.008038142,0.007270012,-0.06936846165390075,-0.0483662690856077
4707,0.0361436,-0.25282127,0.013809032,0.016630491,-0.027537393360618348,-0.2382487021549916
4708,0.026439123,0.0027417755,0.008466493,0.007350879,-0.007125648093443264,0.009375404850365577
4709,0.58547103,-0.028954707,0.024661418,0.0077164825,0.524987201663457,-0.03616604859248533
4710,0.08301318,-0.029150292,0.013153449,0.010716767,0.003444701884865411,-0.02585987207143703
4711,-0.1469284,-0.15022017,0.012967775,0.01079399,-0.18677233988495537,-0.12947353963346253
4712,-0.27107957,-0.4751488,0.01107696,0.014037256,-0.31049540264865294,-0.45664989898045205
4713,0.026558328,-0.17754543,0.010442826,0.011284636,-0.010785564109656273,-0.13425021072108184
4714,-0.013021432,0.19505343,0.0081967125,0.009413666,-0.04513001409189858,0.19772067886370562
4715,0.074899256,-0.027922802,0.014742263,0.012548802,0.00473333278916604,-0.03139028012586715
4716,0.48293072,-0.2215218,0.012590792,0.009152479,0.4600166396050673,-0.21778446654095698
4717,0.04841942,-0.0129683325,0.008752746,0.0076115984,0.01646147337596726,-0.01143358962641385
4718,0.47451222,-0.74031866,0.013421781,0.015843203,0.4670556113130309,-0.7485176187775813
4719,-0.10935545,0.13148731,0.008964487,0.008299334,-0.14499284205345028,0.1270378490406092
4720,0.68514144,0.39409125,0.066173,0.04584131,0.5046234512187336,0.3949056447474556
4721,0.16214846,0.0667989,0.01647151,0.01224013,0.06504997374542623,0.05860104874590921
4722,-0.000553492,0.007425896,0.008929751,0.007701601,-0.039895944760449116,0.009758697030009445
4723,-0.22522958,-0.28373408,0.029930735,0.028204748,-0.3305755277421838,-0.29346134045405636
4724,-0.59248775,0.35101667,0.015793031,0.011115105,-0.6117394091567885,0.3477158453991075
4725,0.05354511,-0.010275074,0.014637007,0.012198385,-0.01937320082484585,-0.013459185156476025
4726,-0.39616734,0.07025138,0.012916704,0.0065375464,-0.41205066423760983,0.07447449868234532
4727,0.12285916,-0.0059472704,0.02493284,0.019224385,0.025494292595904584,-0.0011047733283354548
4728,-0.08983676,0.04706183,0.010643711,0.009284611,-0.14820940585080097,0.053825700706109085
4729,-0.3378374,0.09075815,0.014616801,0.008639978,-0.3606497272360316,0.08934467014033824
4730,0.06403486,0.08564394,0.017475365,0.015089358,-0.024980382433247746,0.08523722195916397
4731,0.2894172,0.039389655,0.018400852,0.009009721,0.24953254051573234,0.04441003567103668
4732,0.07821095,0.004623792,0.009233471,0.0074875597,0.039893208998918635,0.010828860476307774
4733,0.13482939,-0.16547331,0.02447496,0.020712346,-0.016001530873647304,-0.170329413771397
4734,0.36915702,-0.3188998,0.026940057,0.024120718,0.23265277004530538,-0.27325817240716954
4735,0.16307978,0.04086882,0.014152176,0.00968206,0.12809599469345062,0.04624763017029027
4736,-0.004575131,-0.070529856,0.00977429,0.008019598,-0.03675718081329309,-0.06530313232388321
4737,0.2681759,0.064597346,0.014351612,0.0077726534,0.21980492249003664,0.05984511889468085
4738,0.040829923,0.09223343,0.013247096,0.011881797,-0.044543869861239746,0.08909832607444293
4739,0.14711015,-0.4068907,0.01800144,0.022823362,0.03711508484354603,-0.35583837458274853
4740,0.005210974,-0.013606102,0.008528786,0.008363252,-0.01945297624349198,-0.006654273155230276
4741,-0.61171776,0.35310948,0.0256665,0.018662242,-0.6599962411829271,0.32972369564850995
4742,-0.0098263025,0.020431496,0.011618081,0.011989244,-0.032995049560725284,0.009070317547270935
4743,0.049042393,-0.02685503,0.009144409,0.007984775,0.004629356420694417,-0.012178014766061137
4744,0.028291155,0.0036262637,0.0089246705,0.007058675,0.0020215974231067913,0.0034927604142667283
4745,0.077997416,-0.28271043,0.008213738,0.010495248,0.040633652777627934,-0.276768685662066
4746,0.16197067,-0.019702874,0.03441749,0.025552807,-0.000708785918368264,-0.009822035870100743
4747,-0.116036616,-0.16368057,0.009115349,0.007885917,-0.15377743904745517,-0.15682288635119462
4748,0.06826377,-0.038084246,0.008755228,0.008092329,0.03194852662018522,-0.03069126818458172
4749,0.089553,-0.03099319,0.012457527,0.010408985,0.016520755227853477,-0.03150541202768214
4750,0.6199598,0.43634886,0.016432695,0.013313985,0.5873041772165822,0.44311061909210864
4751,-0.05573301,-0.85310495,0.010969549,0.030723456,-0.11534790807286466,-0.8125741627946441
4752,0.07145108,0.010777249,0.008361403,0.007907455,0.049863977571374424,0.01593816395155891
4753,0.19745168,-0.13849215,0.012131583,0.010484572,0.15039320213968566,-0.13631540144426968
4754,0.12742224,-0.38212988,0.008007041,0.013509954,0.09589318403087516,-0.36121899519116263
4755,0.22745286,-0.1379044,0.015657961,0.012455776,0.1775627635918551,-0.13768792606633548
4756,0.015625479,0.056679577,0.012791367,0.011228092,-0.04342445506324175,0.06619613853264046
4757,-0.04967296,-0.36034563,0.010278831,0.013575995,-0.08882928956611345,-0.3490174468282036
4758,0.3431173,-0.08364482,0.016592987,0.008872289,0.29956796457015045,-0.08602025652417641
4759,0.49738327,-0.20067477,0.02062115,0.011528809,0.4084042439261456,-0.18658942224435354
4760,-0.030063152,0.0327654,0.011102071,0.009758166,-0.08937749838030283,0.04174966696585406
4761,-0.025128487,0.01343464,0.0083553735,0.007415266,-0.046507585904920865,0.014691063357707188
4762,-0.2524556,0.42433566,0.009769922,0.012699966,-0.2759749388219047,0.42776846825967163
4763,0.17818096,-0.3793323,0.008147642,0.014526176,0.13707413288361245,-0.3544905443774949
4764,-0.058777183,0.14228462,0.008043111,0.009337573,-0.08155000123255454,0.14229430743969068
4765,-0.34514612,-0.3197491,0.018019708,0.015759155,-0.4096527242037931,-0.3167468991950034
4766,0.040761884,0.24607648,0.010826752,0.011487126,-0.01848635028423765,0.23145960449915182
4767,-0.085133195,-0.08970288,0.009457038,0.007172932,-0.12053647990073141,-0.0844906962100068
4768,0.060204547,0.022387736,0.009821272,0.008515731,0.01173069835481894,0.020328176383802715
4769,-0.10652031,0.06390342,0.012049728,0.00950399,-0.15109946626553386,0.06607791227908141
4770,0.48038408,-0.8156287,0.011664151,0.019994177,0.44100895292370107,-0.8128756513481601
4771,-0.046792153,-0.14924932,0.008620267,0.007673996,-0.07729327878957427,-0.14165205913629775
4772,-0.0030917735,0.109358005,0.009005011,0.00900425,-0.04280668183087776,0.10882032709490828
4773,0.0026030173,0.04064831,0.009055339,0.007563592,-0.032110807739229384,0.04082783171673126
4774,0.052191734,-0.018666543,0.008138419,0.0072005284,0.012165199786977169,-0.008324751220041225
4775,-0.20738342,0.31334323,0.010205791,0.015098292,-0.2498739732541061,0.3200858642698055
4776,0.028757403,0.012337915,0.010825099,0.00903508,-0.020971054697653115,0.009316646729972306
4777,-0.09300865,-0.14064413,0.012455761,0.010845964,-0.14857301875549456,-0.1291720499987001
4778,-0.28404975,-0.07801443,0.01470479,0.0074069584,-0.2587261183067198,-0.06709402275102674
4779,-0.34048688,0.13741785,0.012846211,0.008642493,-0.35619348457578087,0.13398844880396457
4780,-0.010597456,-0.05846508,0.008602775,0.007484749,-0.04824225351825429,-0.05714962784122438
4781,-0.007271224,-0.013171346,0.008092185,0.0070329406,-0.035782158923154415,-0.011425655758477827
4782,0.44045436,0.6446401,0.010868615,0.013599351,0.42015910710390036,0.6573137532171097
4783,0.033720586,-0.21047091,0.008598047,0.008866148,-0.005718929603206027,-0.2115431349620261
4784,0.043146238,0.017166406,0.009646197,0.007983098,0.005434746576951353,0.020738032397476295
4785,0.13474958,0.057002783,0.012479777,0.009562324,0.06933268573190958,0.05625210694173386
4786,0.16500711,-0.82532746,0.007781376,0.019847702,0.12133922471415798,-0.8156384987604004
4787,0.048608467,0.30983865,0.0074400622,0.009036389,0.017753731303675184,0.31475186125256166
4788,-0.15714143,0.15322176,0.012758293,0.012973082,-0.20164673137958405,0.14574546468059862
4789,0.060883217,-0.007037089,0.008247433,0.007756742,0.0353634937743822,-0.007753118600307682
4790,0.17210124,0.4739284,0.007846194,0.0128700305,0.15013681613530971,0.4855830600403345
4791,0.6346586,-0.30396163,0.018292705,0.009562332,0.5911539787061242,-0.2981177999434402
4792,-0.6755542,0.116644435,0.018928783,0.0074079027,-0.6738514628784272,0.11635531694924536
4793,-0.49023616,0.09757512,0.019170426,0.009189387,-0.5030592132539718,0.09636833348182888
4794,0.08011094,0.02462209,0.013454477,0.010683468,0.005329182147918275,0.02151319044931327
4795,0.12716058,-0.08805101,0.010761889,0.009591871,0.07693449401943228,-0.08391662946940823
4796,0.056389816,0.02612929,0.008102472,0.0070467726,0.023706979498900296,0.02950962993290041
4797,0.03346482,-0.39381132,0.0077049606,0.011675733,0.003355329703189795,-0.3768915628196708
4798,-0.019223668,0.0697301,0.011717643,0.010888658,-0.06146418881681127,0.07189433405832968
4799,0.004648615,0.14419943,0.01004447,0.010274268,-0.0383013208506633,0.13655149646904302
4800,0.021416247,0.08076155,0.008672267,0.007844107,-0.01877748072873048,0.07994311712175127
4801,0.37672877,0.6410531,0.0167556,0.027418373,0.3119549742463356,0.6587677156100716
4802,0.008020936,-0.042287007,0.010614224,0.008948773,-0.025667344778548866,-0.028543551456427646
4803,0.054174736,-0.06931818,0.009682796,0.008695457,0.0066500100321027844,-0.06305422015210972
4804,0.0060949256,0.03797227,0.009037262,0.007790479,-0.026414451086483725,0.04454286166519745
4805,0.34663573,0.4127485,0.02033442,0.022384895,0.24632436934379684,0.37875683703306096
4806,-0.041414365,0.15628472,0.008469329,0.008585699,-0.07721201083846162,0.16180409468078974
4807,-0.12138577,-0.11400392,0.010429495,0.010513272,-0.15679197945929876,-0.10605257558154353
4808,0.11255694,-0.083727084,0.0133772,0.012617333,0.0606612055581904,-0.07449021361673286
4809,-0.04886623,-0.13123193,0.008406797,0.0072224257,-0.07111802805336537,-0.11931205904363287
4810,-0.00051151356,0.13939565,0.009679137,0.009986458,-0.044241931072477945,0.14370160598701942
4811,-0.32863483,0.34437835,0.009824225,0.012058425,-0.32656136158895666,0.32578732775226193
4812,0.088648476,0.011842034,0.011031097,0.009118682,0.026117837092520826,0.00790721531220681
4813,0.06853149,0.010413199,0.010020514,0.008404069,0.028871678192168376,0.010998392822448569
4814,-0.2101088,0.22411878,0.009469318,0.010314443,-0.24026821824673975,0.23229347220180144
4815,0.42071384,-0.6296561,0.010719785,0.015074678,0.38157728900464916,-0.6181850816289081
4816,-0.17432572,0.03815876,0.009260753,0.008557735,-0.20165640385697478,0.04633704778683625
4817,0.031435303,0.36680514,0.01132746,0.016603626,-0.0037698681698637108,0.2902673388788235
4818,0.45858884,-0.7618084,0.012036538,0.02102556,0.4269347266238262,-0.7722893407238388
4819,0.44727123,-0.16742218,0.017396055,0.009323835,0.41155174834266833,-0.15948384509276986
4820,0.045667693,-0.021341745,0.011246598,0.010199181,-0.005897439427722969,-0.018718153198244204
4821,-0.31546414,-0.6198499,0.018486755,0.029102195,-0.3804597727463573,-0.5864466688155506
4822,0.04485221,0.17955053,0.009914053,0.009340158,1.881460912945317e-05,0.17225019516427809
4823,-0.7091635,-0.5160258,0.020779371,0.017101582,-0.7552018920783893,-0.5069174874187173
4824,0.20009774,-0.24624825,0.010089671,0.01136148,0.16095161969523694,-0.23188971009812073
4825,0.29621586,-0.085938215,0.01681304,0.010560502,0.23594654394636574,-0.07718646129326309
4826,-0.521011,0.1982706,0.014101516,0.009226585,-0.5247474891627207,0.20601340995210052
4827,0.05954351,0.08587666,0.0089332955,0.0077994065,0.018105864954712815,0.09051306829084024
4828,0.20005395,-0.040566713,0.03157688,0.02250486,0.06373460855164954,-0.01686303481215772
4829,0.043224026,-0.009218135,0.00885555,0.007103588,0.01248562438278985,-0.008170176728978617
4830,0.3052665,0.45550022,0.011610892,0.016316488,0.2656420300654087,0.4557586048067405
4831,0.040170737,0.041026555,0.012510035,0.010646831,-0.015692685885028795,0.043679371835848815
4832,-0.04640863,0.025311328,0.013627477,0.012123765,-0.09758473518546394,0.024217865327564907
4833,0.053864773,-0.08813202,0.010307501,0.010622092,0.010146953748765343,-0.07732816706924642
4834,0.92718023,-0.078139625,0.02912471,0.006717561,0.8833960556896522,-0.07510501757160261
4835,0.06531594,-0.013228745,0.011708572,0.009732307,0.012928271598012407,0.003821775910972158
4836,0.14259847,0.014537803,0.009963863,0.0076589137,0.10250586789098264,0.019509265805487938
4837,0.12162856,-0.09963745,0.00886642,0.009527658,0.08884161389600331,-0.09559347634860062
4838,0.019133478,-0.037158206,0.0082004955,0.0073513365,-0.0068608546852175776,-0.029154398435498885
4839,0.023389887,-0.07619633,0.009002175,0.008376136,-0.008297223292584338,-0.06888296245480673
4840,0.04390925,-0.032413468,0.0085831545,0.0077837007,0.009204423365769075,-0.03566862722340493
4841,0.6112341,-0.21242902,0.015827296,0.0068623773,0.5782361228195935,-0.2096174219711118
4842,0.0219458,0.02186665,0.009807344,0.008381696,-0.014791381542733201,0.02023768737272914
4843,0.08573233,0.109812126,0.014257009,0.013149295,-0.004779512048953809,0.11217215433199432
4844,0.022008646,-0.3228888,0.009330911,0.012677629,-0.02070127220039589,-0.30922981678271855
4845,0.02490843,0.1808751,0.009937659,0.010652354,-0.013312454172952338,0.17223972859562936
4846,0.17283253,0.41484234,0.012483428,0.020989947,0.12129792177616586,0.4092924154087649
4847,-0.06053087,0.015821755,0.010793729,0.008737814,-0.10729241265848735,0.017818890932054715
4848,0.5279263,-0.33461866,0.016107814,0.01211972,0.5192319105364589,-0.34569425065963666
4849,0.47465536,0.40511572,0.015016626,0.013609964,0.446590231714104,0.41206241736530086
4850,0.04727618,0.16712752,0.007971681,0.007898405,0.011897449617155324,0.1677381579254178
4851,0.0046810103,0.021197408,0.008071018,0.007190893,-0.024450693604157116,0.027821075250337723
4852,0.20679319,0.30498973,0.008705476,0.009270647,0.18136972329528714,0.30461808222660935
4853,0.07700217,-0.005652548,0.008128841,0.007326727,0.046858043951818515,-0.0031224997629006952
4854,0.04856829,-0.07086714,0.008447107,0.008034572,0.012010611396534884,-0.06686778384814629
4855,0.03492544,0.12530875,0.013922484,0.0135197705,-0.03587381972349417,0.11512908161531983
4856,-0.580153,-0.38163882,0.016932014,0.013687459,-0.5891491477127622,-0.3653176942480908
4857,0.05100224,-0.1056717,0.008717411,0.008499866,0.028698085834464437,-0.08735027714868725
4858,0.113861814,0.26832408,0.015156598,0.017952265,0.023582435870635424,0.2759530343829612
4859,0.012816951,0.075525366,0.007884989,0.007242749,-0.012875410298519381,0.07830642178878452
4860,0.012823198,-0.05519869,0.0081208,0.0071658106,-0.014653953768739968,-0.03947727769366449
4861,-0.02733361,-0.2235007,0.009030527,0.009205063,-0.06070619055731728,-0.21170576112656128
4862,-0.050557803,-0.14725955,0.0106102135,0.009708019,-0.09280625646755687,-0.14415464204509412
4863,-0.051914085,0.24608584,0.009901305,0.012808014,-0.09043870269778785,0.2430961766407202
4864,0.040912323,-0.12294137,0.008452308,0.0076228552,0.01794242264065939,-0.10150562724084197
4865,-0.023306679,-0.43304092,0.010367438,0.015674127,-0.07657656501062601,-0.42431056151467783
4866,0.22267553,-0.3226502,0.03431579,0.034521315,0.13859199515876997,-0.3314619736678699
4867,0.11786151,0.35328496,0.013358026,0.020425092,0.06603622487617644,0.3596995813746473
4868,-0.38764408,0.33840904,0.025060035,0.024681512,-0.4835229783820963,0.3320459714087043
4869,0.21921857,-0.05950784,0.010891609,0.008533491,0.17571374278500457,-0.059891501349941915
4870,-0.598594,-0.30050385,0.018244596,0.009698132,-0.6330963787356378,-0.29895524568442
4871,0.27792293,-0.0066757435,0.013187919,0.0073037124,0.23187265624832604,-0.009820800887832156
4872,-0.00070463633,-0.0020137066,0.009757999,0.008080298,-0.03425687860259109,-0.010968270545145034
4873,0.0320213,0.021555014,0.016796863,0.014201413,-0.06566407796960137,0.015759718591428495
4874,0.18621759,0.044053666,0.012516511,0.008295063,0.13969880000700266,0.04243455262235378
4875,0.0006391085,-0.099389315,0.008750028,0.008027111,-0.03450752861568588,-0.09531812993762774
4876,-0.33860737,-0.14740548,0.01107696,0.006552731,-0.36656824745637523,-0.14291189828495612
4877,0.04590187,-0.22815424,0.007811658,0.007963837,0.01521954107509305,-0.2077107516550847
4878,0.21302907,0.17960645,0.008625229,0.0074451766,0.18292958868001127,0.17961510768216155
4879,0.08851933,-0.020804092,0.010249096,0.008564868,0.04520224983304926,-0.017096003333895306
4880,0.03350359,-0.07168182,0.00853635,0.0078785485,-0.0017255215009105511,-0.06288248857057656
4881,-0.06329346,0.018712386,0.008571336,0.0073075597,-0.10180693781319264,0.022991793560945946
4882,0.15506487,0.059010684,0.009621048,0.006917216,0.11100995656697514,0.05829070927963454
4883,0.14796859,0.16344877,0.008480441,0.007598494,0.11186853474059678,0.16893052272731143
4884,0.020800501,0.10940348,0.017275024,0.01482892,-0.09195520845796788,0.10491144956709177
4885,-0.074429534,0.14979056,0.01087227,0.010826765,-0.13253155929276778,0.13907065959745984
4886,0.2687211,0.09870897,0.010562794,0.0076370705,0.25167528581572146,0.11374021393687636
4887,-0.05441026,0.0057546264,0.009732971,0.008095227,-0.08684985849972351,0.006474559728311062
4888,-0.6257388,-0.29332936,0.0149803385,0.0076849037,-0.643301878231152,-0.2843634788471898
4889,0.13264398,-0.11684685,0.01065303,0.0095873065,0.08504291571183811,-0.10949710013639435
4890,-0.697355,-0.15698123,0.032318145,0.011550214,-0.734432534786897,-0.16112052930527843
4891,-0.2062263,0.031113751,0.009688463,0.007085284,-0.23308717086807312,0.035794353097330346
4892,-0.42498037,-0.31394565,0.015966684,0.011860617,-0.4478302412777463,-0.29561401254962305
4893,0.04054203,0.04268214,0.0092295725,0.008094434,-0.0013480002317526848,0.03331570680374143
4894,0.09662558,-0.06296735,0.014306369,0.011777794,0.018071196962969903,-0.05498244609399271
4895,-0.27067322,0.207515,0.011451448,0.0125655355,-0.290026637477421,0.20269499786400294
4896,-0.115234174,0.5204357,0.007086202,0.01280519,-0.13946270590341017,0.5248400763942931
4897,0.03262439,0.051805742,0.008807575,0.007988843,-0.0005489726391603893,0.04923484348441069
4898,0.22267553,-0.3226502,0.03431579,0.034521315,0.13859199515876997,-0.3314619736678699
4899,0.20482306,0.12441417,0.012229214,0.0092305895,0.14693706115500324,0.11552096500684969
4900,-0.20362854,-0.19466212,0.010346791,0.009540617,-0.23626813168972438,-0.18917564713681245
4901,0.45417482,0.016004667,0.016040593,0.0059689176,0.4126576958798956,0.02059485327007608
4902,0.031277847,0.18689981,0.011633163,0.012526154,-0.010184332679245683,0.22995371789118643
4903,0.054522593,-0.034183763,0.008051387,0.007011986,0.03276521416512388,-0.02543390239338784
4904,-0.020991568,0.03874422,0.008809466,0.007283884,-0.046001346430235936,0.04024017505431028
4905,0.21855696,0.093484044,0.013015197,0.008945302,0.13805346591202627,0.0706044106762242
4906,0.027541257,-0.031749025,0.010371685,0.008862943,-0.014643634580838965,-0.034104603871739504
4907,-0.0010443213,0.088131346,0.008279948,0.007725768,-0.030615064429400037,0.09136093163599965
4908,-0.071073316,0.0027025482,0.008664704,0.0073339934,-0.10654509173585035,0.010415065558524575
4909,0.2764579,-0.23883201,0.015848534,0.015952975,0.23295427220544407,-0.2419515818209558
4910,-0.022293033,-0.13049448,0.008224143,0.0077080713,-0.04668657498117141,-0.12258113975368215
4911,0.106451415,0.2099976,0.009233353,0.011081085,0.07407656135134225,0.2052660473423866
4912,0.051846407,-0.039089635,0.010566924,0.009463863,0.004240616639182436,-0.04272423044883293
4913,0.12184427,0.028883584,0.010989476,0.008409831,0.07308604646915574,0.02212777504378714
4914,-0.0050873007,-0.008758382,0.008266706,0.0071756323,-0.03085066955708095,-0.0026599944710294704
4915,0.012567025,0.07623167,0.009106016,0.008539166,-0.024887235265968352,0.07796507094688167
4916,0.14620112,-0.00016789977,0.011574715,0.008240038,0.10129710081220723,0.0022291858860557577
4917,0.16352715,0.31413537,0.0418774,0.04142404,-0.11003702465368984,0.392366518710424
4918,-0.05943057,-0.0385589,0.00982446,0.007589399,-0.09742527281930245,-0.03511595673944401
4919,0.3297002,0.09125674,0.013837953,0.0077176522,0.27658328564424184,0.08974823265726546
4920,0.18441845,-0.008738336,0.012362156,0.008431204,0.12768792606729334,-0.0006473799354882757
4921,0.08173378,-0.21391845,0.008490488,0.00965746,0.044563875228062946,-0.20892640858999156
4922,0.17527126,0.3258196,0.015468409,0.020330485,0.11858206738886005,0.31652538425159155
4923,-0.23221304,-0.2807141,0.009753749,0.009972385,-0.2610481337408244,-0.2743123835383317
4924,0.17277004,0.4327549,0.008934359,0.009764203,0.13922444385189717,0.43468267219748835
4925,0.22428389,-0.7577162,0.0076746764,0.018445926,0.19675566693520685,-0.7368264753022421
4926,-0.046461627,0.19089726,0.0077378456,0.009164548,-0.07995104636010325,0.19463308690759865
4927,0.043306448,-0.19027874,0.010544512,0.01057299,-0.007906926507930127,-0.18611681940989966
4928,-0.029144924,-0.0090492675,0.009561775,0.0075170235,-0.050159340652317405,-0.008885958202510992
4929,0.04692491,0.2966681,0.008192809,0.010311234,0.007676170501064333,0.2923720389346438
4930,-0.09884669,-0.005253599,0.011947606,0.008441414,-0.14082295847295842,-0.00120400807158752
4931,-0.068509914,0.28500777,0.00763327,0.010351164,-0.0903837138825164,0.28989288162921373
4932,-0.009404443,0.03142702,0.008320263,0.0072718514,-0.04065088680089157,0.03450668542844273
4933,0.31336656,0.027099565,0.023735072,0.01153085,0.2062140180675794,0.03463710919005652
4934,-0.18351135,-0.09712622,0.009922078,0.0072140982,-0.2060013563017082,-0.08485258668687727
4935,0.021080337,-0.011434265,0.008471576,0.007524942,-0.007358370728110636,-0.010845265335731935
4936,-0.526661,-0.57518584,0.01734064,0.022655541,-0.55721288047371,-0.5633444677149673
4937,0.31300598,0.12771377,0.015384831,0.009023986,0.2646480288295412,0.12781086103095862
4938,-0.16024306,0.4666996,0.008810176,0.01607691,-0.18754051305071598,0.4567773273301402
4939,0.1069131,0.53494114,0.008210072,0.015683977,0.07220620414788921,0.5487651237086094
4940,0.012567025,0.07623167,0.009106016,0.008539166,-0.024887235265968352,0.07796507094688167
4941,0.338852,0.88079375,0.012737932,0.029296553,0.29416076886962617,0.8959921869288388
4942,-0.21495648,-0.027994633,0.017167695,0.0104661705,-0.3035018942497353,-0.024772854670152847
4943,0.35621965,-0.1488036,0.012319531,0.008009356,0.3308962023357201,-0.15275293551749364
4944,0.003218491,-0.016368397,0.008686685,0.008591634,-0.022203357600854293,-0.007558396474388319
4945,-0.7449995,-0.11110561,0.029869065,0.008817848,-0.7423268457701205,-0.10244533606058805
4946,0.08005786,0.091643766,0.009169096,0.007923783,0.05463219915566691,0.08891114345740665
4947,0.27633786,-0.062592246,0.021043915,0.011945374,0.1874762311039341,-0.06048489402716259
4948,0.028525678,-0.08228109,0.008728403,0.0074376203,-0.00887212426066832,-0.07933592146159235
4949,-0.16024306,0.4666996,0.008810176,0.01607691,-0.18754051305071598,0.4567773273301402
4950,-0.0347276,0.0048625534,0.019078618,0.015131725,-0.1302787508129008,0.0033266173821587023
4951,0.044298198,-0.003366393,0.012876458,0.011278002,-0.007521603730955585,-0.0036934327636996937
4952,0.2684046,-0.311178,0.019992338,0.022118108,0.22625711370798446,-0.3326305622833988
4953,-0.055824794,0.027666576,0.012216023,0.009964167,-0.10462154529324998,0.02827556036452109
4954,0.1327025,-0.13637927,0.019214397,0.016080385,0.011821128628306412,-0.1467844464707085
4955,0.11938441,0.02143117,0.009147124,0.007492452,0.08717198370030167,0.02627890718541857
4956,0.14418635,0.060517363,0.010181484,0.0073352964,0.11448114409246916,0.06288331014180618
4957,0.5532233,-0.59603983,0.016375465,0.016511196,0.4864122460537779,-0.5831674149557446
4958,0.08772758,0.07920924,0.019843344,0.016375767,-0.00812497804551148,0.09240565656642327
4959,-0.4449631,0.1519924,0.019338582,0.011448471,-0.4919560087615327,0.1506510542152415
4960,0.2158799,0.028699785,0.013147332,0.007985212,0.16166383273297874,0.023295022621434826
4961,0.021917801,0.093835026,0.011727542,0.010284069,-0.04311276265716846,0.0898548828764886
4962,0.0025658323,-0.11349619,0.011309661,0.010050314,-0.0481161475342815,-0.10199034378375953
4963,0.011917712,0.15739915,0.008982681,0.008801143,-0.017650974125906185,0.16406398827330831
4964,0.11289294,-0.4700547,0.0072572306,0.01160345,0.0782151936508472,-0.43813736284373844
4965,0.08365421,-0.5051236,0.014960021,0.024805892,0.011377189547084388,-0.47602024187197217
4966,-0.4697612,-0.07820998,0.016969988,0.0066362754,-0.4774605989744291,-0.07342272572626386
4967,-0.08804147,0.046841152,0.008706421,0.008042156,-0.08671530026150367,0.04473202260555172
4968,-0.096544735,-0.0784215,0.011610892,0.008755903,-0.1373542902289663,-0.06819373109276856
4969,0.010938128,-0.030892558,0.009882655,0.008324187,-0.02847471678990383,-0.02461049774249582
4970,-0.55949163,-0.33836243,0.017507227,0.0098895235,-0.5686108826741558,-0.31973655183761696
4971,0.15051724,0.007835216,0.016169513,0.011362958,0.08340195392857253,0.008122762792019716
4972,0.092912935,-0.021492563,0.021154098,0.017710552,0.001954912102552004,-0.003130206464423192
4973,0.50532895,-0.17597453,0.018442633,0.008667576,0.47315728780078087,-0.17800039843187396
4974,0.15888883,-0.25832465,0.018236402,0.021708598,0.09288071578819095,-0.24974379834219781
4975,0.011540525,-0.0776301,0.008554316,0.008339133,-0.01745888290677458,-0.07244548863664643
4976,-0.0026134294,-0.017048493,0.008716821,0.0072492436,-0.034039089798431885,-0.017286188064241814
4977,-0.24411084,-0.25900024,0.012766063,0.011803086,-0.2869852017118585,-0.25540963551257706
4978,-0.63901716,0.70911324,0.013433776,0.014728465,-0.6582106671873322,0.7035580765408931
4979,0.027158458,0.03968355,0.009081681,0.0073667355,-0.000557921264926151,0.04435443737614455
4980,0.040946472,0.021471836,0.008796822,0.007426465,0.0035084729910072002,0.01861059913457985
4981,-0.4208702,0.1332847,0.013781871,0.00906709,-0.4462739357460516,0.13392058818048702
4982,0.031185528,-0.2255536,0.008680068,0.008610581,0.007564148305232599,-0.21573392587136775
4983,0.062272992,0.06298461,0.007924019,0.0070513254,0.02508431660977228,0.06810892900057909
4984,-0.06392524,0.031966627,0.009184097,0.007856499,-0.09003450446933685,0.032719405090434465
4985,0.12285916,-0.0059472704,0.02493284,0.019224385,0.025494292595904584,-0.0011047733283354548
4986,0.7121921,0.270441,0.0757102,0.041674633,0.6789156132373192,0.3400046687301997
4987,0.38931894,-0.06676902,0.016687253,0.007922949,0.3391480987628788,-0.06268854227669302
4988,0.50553524,-0.27320224,0.015028017,0.009311354,0.47188418974522056,-0.263069649390943
4989,0.43186596,-0.07246304,0.017676016,0.007108205,0.3899484794430956,-0.06832676988453619
4990,0.2427728,-0.04351623,0.015221173,0.009326891,0.1796215271594021,-0.03568362679941163
4991,0.020557348,0.019551188,0.008076221,0.0070787664,-0.001323891616926979,0.021343921055454778
4992,0.0072570224,0.0099762,0.007985045,0.0071094525,-0.015818135370348124,0.015052068046863236
4993,-0.012347944,-0.0092875445,0.009425035,0.007861709,-0.03491535708637545,0.0018357605977952119
4994,-0.1583795,0.18847424,0.0086018285,0.012398258,-0.18051787511957942,0.1811521744930995
4995,0.47454908,-0.47943494,0.01608048,0.016569203,0.4146348705040963,-0.4555791595302513
4996,0.12032077,-0.2993175,0.008825065,0.0091308635,0.09566353718731511,-0.28475746745688957
4997,-0.0074878144,0.12430487,0.010218536,0.010207368,-0.0474714153506121,0.13047073284188357
4998,0.146576,0.00109703,0.025918018,0.018995754,0.007813956780650947,0.00461248259379465
4999,0.36372346,0.27272123,0.01104041,0.008780019,0.3460649645124703,0.2878200101428949
