,e1_res_mean,e2_res_mean,e1_res_std,e2_res_std,e1_input,e2_input
0,0.17037411,-0.6715761,0.0069732717,0.015805585,0.18072651633781117,-0.6539580728323495
1,0.059140522,0.11340265,0.017469976,0.0157025,0.06084804362534251,0.14031417760970927
2,-0.5996561,0.18638033,0.047094192,0.02408906,-0.521462974011675,0.2074555027714428
3,-0.33105016,0.5090417,0.012411727,0.022829024,-0.3332839911782324,0.5317118803028608
4,-0.013501033,-0.030650325,0.009426332,0.0076054432,-0.01210057182763586,-0.009122904136179165
5,0.004206113,-0.17969182,0.014561936,0.013824289,0.013294338554872321,-0.1295201308709439
6,-0.16545382,-0.11327179,0.01229292,0.009227798,-0.14613260640641598,-0.08536828664117768
7,0.21886322,0.021504119,0.012161851,0.0076594455,0.20806321628873464,0.04310568219222864
8,-0.026318878,-0.11231368,0.0111568915,0.0101762265,-0.023471736093119512,-0.09209458448263035
9,0.23019025,0.24067718,0.00939185,0.009535231,0.22536707340490528,0.2605989087122399
10,-0.3252427,-0.7683762,0.007818045,0.015648948,-0.3273834471797387,-0.7437936860234697
11,0.049698927,-0.031536482,0.010414629,0.009405439,0.04781030613393835,-0.008931335348421015
12,0.19835795,-0.25383922,0.011877162,0.013287479,0.20058715964632615,-0.22796202789243974
13,0.08493367,0.15664071,0.01914142,0.017812846,0.10608517931921908,0.1659812427164744
14,-0.009013958,-0.22779821,0.0088872155,0.008182616,-0.007135226268637726,-0.2037496544904894
15,0.008777641,-0.003047661,0.02927302,0.02565644,0.022525517219002634,0.03407237555572164
16,0.04404558,-0.061769135,0.01240631,0.010738856,0.04292048941069181,-0.03604511236989524
17,-0.13021813,0.025010422,0.011403482,0.008800281,-0.12681116108702692,0.04095353459751258
18,-0.022848193,-0.026002292,0.011796463,0.009447714,-0.017787217338296184,-0.0017753776671153275
19,0.6171885,0.20196696,0.027712252,0.01355815,0.59697273497098,0.2149096414006471
20,0.104924425,-0.19606201,0.008310332,0.009522823,0.10733590130005055,-0.17322061661915764
21,-0.2021096,-0.2787208,0.013063559,0.014467786,-0.1994857279518877,-0.2629536753379921
22,-0.042435236,-0.08700473,0.013880278,0.011968068,-0.04117046554688204,-0.058424998972340984
23,-0.13687865,0.30781445,0.01709375,0.019896746,-0.12027936275468593,0.32032874708443343
24,0.058735993,-0.065879695,0.014526571,0.013003325,0.07196674521825772,-0.047139256026377946
25,-0.055141933,-0.01718796,0.009032537,0.0074932473,-0.04757535301210496,0.008474712144502567
26,-0.13687865,0.30781445,0.01709375,0.019896746,-0.12027936275468593,0.32032874708443343
27,-0.15859325,-0.05966898,0.011590152,0.008262338,-0.15072847004821058,-0.03687738247890936
28,-0.08010653,-0.23506969,0.0104410555,0.01125714,-0.08422258412924255,-0.22040364175453986
29,0.16500881,0.015842788,0.010361184,0.006880923,0.1646915678980185,0.03969370988414293
30,-0.03159635,0.0076923957,0.013715084,0.011845317,-0.02323401074757451,0.03299997854837002
31,-0.059495136,-0.050720833,0.011197678,0.0087284865,-0.05311604436126906,-0.028095306466361367
32,0.005865621,-0.28569835,0.010197649,0.012555202,0.010693233304328273,-0.256010150391254
33,-0.28070778,-0.13322085,0.012559597,0.00756236,-0.2955105084709234,-0.11526600012108812
34,0.111770295,0.11530477,0.008645793,0.007413558,0.11091529751603349,0.14070655386145492
35,-0.32670185,-0.09470702,0.019830724,0.010864357,-0.3353286389546945,-0.07932709423981635
36,-0.2607296,0.35474843,0.009444874,0.014081571,-0.25308485098537403,0.3812430854280602
37,0.002653292,0.57557,0.008177794,0.015126636,0.0033731460825375615,0.5753482464846449
38,0.5361358,-0.035225276,0.018800454,0.006079026,0.5590892418690052,-0.015996223290102037
39,0.1334844,0.037197277,0.008972638,0.006739208,0.126401337743935,0.05300992127540865
40,0.0998946,-0.6179947,0.0062817996,0.013732076,0.09717780639426718,-0.579846520165242
41,-0.03176799,-0.041381314,0.009303037,0.0073210387,-0.026078430696176734,-0.018327423713049528
42,0.04393757,0.26223928,0.02304275,0.02366718,0.040861078571609845,0.27423899794646595
43,-0.20153274,0.07198934,0.012590322,0.009473675,-0.18247639881641622,0.09291428944106302
44,0.068758525,0.0028441725,0.012651535,0.010626734,0.07391478105407409,0.025940098745925896
45,-0.06775017,-0.038514905,0.015964925,0.012926014,-0.05771956327186384,-0.02586761831608337
46,-0.16354278,-0.07816498,0.010040342,0.006947711,-0.16165186964330888,-0.05408770216803407
47,0.0642178,-0.24446025,0.0080997525,0.009231146,0.06876237414133655,-0.20871614712689981
48,0.19749989,-0.09062689,0.026043814,0.018431155,0.17862839438748934,-0.05703020779877479
49,0.041773826,-0.42946753,0.006913724,0.010827095,0.04185160180068553,-0.4109689351374299
50,-0.19452511,-0.17521936,0.01013487,0.008779544,-0.19642035004235825,-0.14816534257780445
51,-0.029018525,-0.067200884,0.009009618,0.007740517,-0.031006408473721613,-0.03941133670408981
52,-0.046069853,-0.31618437,0.008087336,0.010387844,-0.048668832552568805,-0.2950397173334948
53,0.15492265,-0.12715165,0.0092104385,0.009618954,0.15461882588532339,-0.10758877411970745
54,-0.0429165,-0.2678526,0.0101302685,0.011552576,-0.03817413903956859,-0.2151421104254705
55,-0.123982325,-0.59069014,0.0072626737,0.0119669745,-0.12788332386630255,-0.5576692019765436
56,0.13719922,-0.02827365,0.011473724,0.008899465,0.12768792606729334,-0.0006473799354882757
57,0.02758291,0.029248416,0.009229926,0.0076230117,0.027993762419400506,0.04686951877350557
58,-0.057573766,0.0068453467,0.010063001,0.007932275,-0.0553493132211736,0.02709621323387603
59,-0.014256576,-0.07639579,0.010110679,0.008504202,-0.014292388931326182,-0.05415683416870567
60,-0.4756871,-0.52657247,0.017486377,0.0186219,-0.44838937131499956,-0.47748635164599534
61,0.15045677,-0.0034122886,0.011735083,0.008408256,0.1460438762231775,0.017492073248805137
62,-0.06870094,0.20758289,0.008186662,0.010104463,-0.06414637177804679,0.22162716167827082
63,-0.015745923,-0.054477535,0.008479023,0.0075196754,-0.007885823983894005,-0.024171801778800864
64,0.34028062,-0.7367663,0.012756646,0.026050836,0.33387589621841945,-0.6855699979780133
65,0.18987659,0.23932314,0.07803656,0.0724359,0.22341675997839977,0.2965636629448099
66,-0.033344418,-0.21191782,0.007870087,0.0075822873,-0.03312259216721685,-0.1864500484021519
67,-0.034378223,-0.12931003,0.00947286,0.00845871,-0.03351517595481621,-0.11017166328815048
68,-0.06797093,0.0075338697,0.016718905,0.01411071,-0.05525726974206685,0.023880203200963807
69,-0.16017376,-0.3510247,0.013016962,0.015854718,-0.15536174415363802,-0.32625225894013393
70,0.024456907,0.075626045,0.007881797,0.0071973884,0.02047226110642548,0.10354631933809617
71,-0.29003057,-0.20299208,0.0301481,0.023078302,-0.29863168067243473,-0.18193594470053445
72,0.3597012,0.4930954,0.02229632,0.02938575,0.3520989707599378,0.5058543062259503
73,-0.67626286,-0.1743483,0.0164864,0.0048123067,-0.6684134291392169,-0.15030174810433616
74,0.025011344,-0.046176232,0.011831572,0.010566028,0.038290559347631634,-0.028827036927716144
75,-0.4457789,-0.48578548,0.01642308,0.01984199,-0.416457863711808,-0.44214136408401483
76,0.0699974,-0.029282372,0.015407604,0.012550904,0.08098236581817352,-0.0247335649532666
77,0.5927118,0.38008785,0.015297606,0.010897911,0.5813712553238591,0.39672604178398274
78,0.0034621204,-0.2912746,0.008365303,0.010161257,0.00448131095362605,-0.258871000768217
79,0.59282875,0.12583192,0.01541676,0.0062157586,0.5833653538311969,0.1457780294570621
80,0.23456448,-0.13122663,0.015879862,0.013508413,0.2545559812820075,-0.12376274385706919
81,-0.06701515,0.052972037,0.01842426,0.01491439,-0.04780918756053446,0.06604228216132163
82,0.018022042,-0.087735616,0.008710793,0.007403945,0.021153670087601266,-0.06585204726578496
83,0.032506205,-0.10243416,0.008725683,0.0073225736,0.03592312547987451,-0.0633576456920839
84,-0.023371775,0.00784739,0.012198949,0.010829366,-0.011709184805740574,0.030050484224429002
85,-0.12929271,-0.06305418,0.010446483,0.007467467,-0.1225170522793995,-0.03936936946157228
86,0.10075624,-0.07544785,0.014333283,0.012863345,0.08694751777715964,-0.042117323517868115
87,-0.019227158,-0.02151613,0.009849249,0.008105127,-0.01795114223372238,-0.0002717557407022519
88,0.19004594,0.13501681,0.013053087,0.010615778,0.19077768577561194,0.15577737866247443
89,-0.08066602,0.11346099,0.027228843,0.023391388,-0.07513956534357398,0.16201616076174297
90,-0.14856562,-0.15209013,0.009435426,0.0077372347,-0.14835907648954483,-0.12570275689215954
91,-0.24669148,0.2928845,0.011058804,0.014584752,-0.2498739732541061,0.3200858642698055
92,-0.25015458,0.76361775,0.006920353,0.01368716,-0.23560966350490503,0.7635218153703519
93,-0.06567143,0.083146974,0.013409194,0.012596973,-0.055244604682061625,0.10823267762737178
94,0.09997023,-0.0807067,0.00847595,0.007989645,0.11222631172471265,-0.060231451018729454
95,0.39950335,0.24806863,0.01197564,0.0075799897,0.39505400356558257,0.26813926006458777
96,0.29070616,0.2716843,0.023077233,0.020428762,0.292112066706968,0.30372562972837813
97,-0.21790649,-0.45541245,0.00987097,0.013337968,-0.22457509531848732,-0.4355616627527517
98,0.037721142,-0.05913888,0.008935186,0.0073899752,0.03530547068092013,-0.03712455891254139
99,-0.07594367,0.52603555,0.00722859,0.011744189,-0.07222006698553017,0.5485059811347502
100,0.35711175,0.4684388,0.028819326,0.035460364,0.3425246824457203,0.47579982323900893
101,0.10005517,-0.027844463,0.010574237,0.008860779,0.08026850660041084,-0.005287079121815528
102,-0.29014215,0.069294676,0.016945258,0.010267128,-0.31307107225679615,0.09317045901117586
103,0.008422092,-0.03514342,0.009374962,0.008016359,0.019073499569109174,-0.013811328212060716
104,0.06239424,-0.46650338,0.0072482363,0.0102196345,0.061299983367866163,-0.4271096234781589
105,0.7856873,-0.18138316,0.0238282,0.007970684,0.7854375270625141,-0.16573840270176937
106,0.017606404,0.015384375,0.010389971,0.008574892,0.020503132777423525,0.032854131128945904
107,-0.015156522,-0.0017445767,0.010546518,0.008894624,-0.01149745313707505,0.016092300430045295
108,0.018326638,-0.03905592,0.01551982,0.013690337,0.024617805811096013,-0.02102187435464684
109,0.064211495,-0.0867218,0.009339649,0.008550819,0.06619290961225786,-0.061928922039052085
110,-0.018998433,0.04250486,0.013094622,0.011934008,-0.01449781415021724,0.0627296354671485
111,-0.1396422,0.07072091,0.008807221,0.0075753275,-0.13889025982484762,0.09268318289110379
112,0.0006138873,-0.016858086,0.009017297,0.0070934133,0.0020215974231067913,0.0034927604142667283
113,-0.4987285,-0.32829523,0.015435893,0.010296624,-0.49222106934559423,-0.30167125672144635
114,-0.13610756,-0.08293884,0.020863319,0.016393002,-0.11228443915123391,-0.06148128615695345
115,-0.2666794,0.13432965,0.013376258,0.012092348,-0.2514283439778963,0.15303383588195307
116,0.5436487,-0.32991326,0.0155172385,0.010507457,0.5400919915403948,-0.3021689597560896
117,-0.7271569,0.07379617,0.017202612,0.0061802827,-0.7178122709980498,0.09476202720209316
118,-0.044077076,0.40660387,0.009833786,0.015639627,-0.030134322647402553,0.3749060779138404
119,-0.0012491713,0.029344544,0.008868074,0.008248359,0.012149534353846358,0.04654520837012906
120,0.07702422,-0.21143168,0.008115597,0.008380128,0.07583827792220069,-0.1854368805632231
121,0.0078976005,-0.062836155,0.008888397,0.007187234,0.006497747784740354,-0.038460334710577505
122,0.36659944,0.443299,0.014522343,0.016121717,0.36757886334278295,0.4561199575523535
123,0.029051706,-0.1615417,0.0108157825,0.010688823,0.040725298156326105,-0.1405165276814853
124,-0.009974716,0.22627485,0.007502537,0.0090731885,-0.01269072483237236,0.2550157930818281
125,0.022131067,-0.021990202,0.008693186,0.0073746825,0.021336706450481985,0.00355548326439989
126,-0.03923443,-0.018680561,0.011224557,0.009418022,-0.03784835302207206,0.003091239432487205
127,-0.3452235,0.15249279,0.01465604,0.012525625,-0.3264485078724087,0.15494696198962934
128,0.006062307,-0.011917234,0.009128815,0.007702239,0.01567325681639874,0.01357602863359982
129,-0.04220698,-0.0752234,0.03407813,0.028666833,-0.0270620195117203,-0.03426457220537273
130,0.060359903,0.14752954,0.039333485,0.034674317,0.06716907509348624,0.17373919784191807
131,-0.11725652,0.18905622,0.008106847,0.010312066,-0.11770742369466622,0.2155567229272546
132,0.025327561,-0.02261629,0.014609518,0.012767891,0.03513872105456168,0.0025916325226242732
133,0.06582205,0.043752648,0.008314587,0.0069568716,0.04862610533071191,0.04629646896740257
134,-0.0054428834,-0.099072136,0.008798832,0.007984171,-0.004459404491564734,-0.07489701176837744
135,-0.028363187,0.020072065,0.008623457,0.0073477514,-0.028229434873528626,0.044112113281110796
136,-0.038278826,-0.5164162,0.0072229085,0.014289169,-0.04735987435697551,-0.6024728679092676
137,-0.39615625,0.118969746,0.014922087,0.008578461,-0.39415968942710183,0.1339236858034187
138,0.105108544,-0.0014625499,0.008510228,0.0074134073,0.10821341744190538,0.02286847959831443
139,0.14936408,-0.023774385,0.014311539,0.010248537,0.15581865779499404,-0.0003863691537684421
140,-0.0624421,-0.3209761,0.0138483,0.016689584,-0.062256906960122836,-0.31055315203350314
141,-0.1196789,-0.08229958,0.00881183,0.0070092734,-0.11662511249485154,-0.05551178744819531
142,-0.09992047,0.47618544,0.008585991,0.016015237,-0.08620348244601714,0.49758833568736155
143,0.11638313,-0.060696587,0.01235003,0.010719159,0.12463179455526462,-0.034238084669238576
144,-0.030208983,0.011431991,0.009846181,0.007897737,-0.02505420434556428,0.03461390465699694
145,0.30313388,-0.5743134,0.008342605,0.012951545,0.3087187491602303,-0.5490994179367905
146,0.19942655,0.30532643,0.009310832,0.012047261,0.2015044211449968,0.3325137595222583
147,0.20470329,0.25253993,0.017382113,0.017869385,0.22969640834289018,0.2808585588962861
148,-0.05939451,-0.18645811,0.015080743,0.014153977,-0.036130175842480176,-0.14935322434510706
149,-0.13453904,0.11716092,0.008526185,0.0085540945,-0.13462821610449782,0.14083425284612977
150,-0.5161499,0.050202474,0.017327752,0.007995609,-0.5025574379903474,0.07657308070524076
151,-0.24649407,-0.07011726,0.010243551,0.008278053,-0.236826371125633,-0.04434954375514018
152,0.0139314085,0.105978705,0.008066287,0.007597221,0.01802016866592909,0.13172189676076274
153,0.0551755,-0.20590648,0.008663523,0.008819321,0.05327349462231653,-0.17798492877358454
154,-0.18144682,-0.07606492,0.019951444,0.013991904,-0.16459567419456234,-0.053326418766210214
155,0.052515034,-0.157651,0.01118424,0.01138927,0.06115007218099512,-0.13845300695153162
156,-0.03135833,-0.046469655,0.008798005,0.0076264367,-0.01781517809169291,-0.026824198621803186
157,-0.37729183,-0.17593665,0.015817087,0.008526393,-0.368659619143031,-0.143784214270557
158,-0.014051285,-0.0145205045,0.0106710745,0.008772642,-0.018901832714859106,-0.0007664607513538325
159,-0.040533833,0.060693853,0.015693871,0.013011619,-0.035756233464195805,0.07469567165280108
160,-0.05627071,0.06086286,0.008705003,0.007714569,-0.04532288545709813,0.08435028448198008
161,0.41274056,0.16029796,0.018230781,0.009627643,0.3896433427479378,0.16903900324157617
162,0.08658618,-0.6707157,0.011140151,0.02392531,0.09233122935088044,-0.6528963788911077
163,-0.3282441,-0.09341287,0.014030048,0.0070482506,-0.3243549274002242,-0.07465859415406598
164,0.0022138213,-0.025217928,0.008164787,0.007267506,0.010150340638789952,-0.004636597794491194
165,0.5873618,0.29392847,0.017441392,0.00990782,0.5850876849682548,0.31833656450698977
166,-0.109433055,-0.030700095,0.010943845,0.008439194,-0.10251975279333715,-0.005844447504205741
167,0.1262968,-0.041487075,0.0117875105,0.009629763,0.1289310511427843,-0.021660002877023812
168,-0.12547003,-0.13476321,0.008593555,0.007436522,-0.12562274080581348,-0.10586374686564531
169,0.78173625,0.08909742,0.037545078,0.014459067,0.7796549368522923,0.09980081319982578
170,-0.7100402,0.11242915,0.020549215,0.007727848,-0.6903618491031058,0.13517285495671433
171,0.025512997,-0.18918814,0.011688304,0.013376686,0.0175366837226983,-0.1647288872886415
172,-0.5183849,-0.04786002,0.030475514,0.010771161,-0.5162460046681523,-0.02165508725678016
173,-0.15755214,-0.058918014,0.012193648,0.008385386,-0.14662713792366525,-0.03888880111112621
174,-0.004733267,-0.08372145,0.013277682,0.012218021,-0.0006426404135975596,-0.06183374519908771
175,-0.066910475,0.041436806,0.01618617,0.013442854,-0.06514224774712513,0.06700957407276596
176,0.00052713277,0.018275931,0.008829435,0.007483142,0.001712596983828783,0.039950203338808624
177,-0.13754787,0.07026969,0.018840346,0.015071175,-0.12984563971645702,0.09278490638531631
178,-0.0455927,-0.015207135,0.02738869,0.023704592,-0.02070414492334877,-0.009205817625718225
179,-0.02256155,0.004545971,0.027640468,0.022901755,-0.008914480279355545,0.04413696475769445
180,0.018301256,-0.030684322,0.008710558,0.007719874,0.01780754598599939,-0.008461184542527507
181,-0.55691826,-0.58213186,0.017698267,0.022359017,-0.55721288047371,-0.5633444677149673
182,-0.09711544,-0.3576803,0.011170566,0.015885223,-0.08785854554407757,-0.308380545455842
183,0.5282394,0.65266657,0.025194889,0.03441952,0.5009487030903904,0.6495284448425949
184,0.055214223,0.017264672,0.009288391,0.008086781,0.057956801877343464,0.0399712195812467
185,-0.021945126,-0.043455094,0.008175902,0.007065919,-0.019151547647350477,-0.013944382310879026
186,-0.014166728,-0.011491441,0.00788428,0.0070831245,-0.010364393976212347,0.016194683481900382
187,-0.19286914,0.22867562,0.018459605,0.017877396,-0.17053521105353828,0.23298026424208063
188,0.17423598,0.13608149,0.009046359,0.007728307,0.17323595088515922,0.15836453584664428
189,-0.051737085,0.72375995,0.011189073,0.023707716,-0.044514551418928426,0.6945126918506337
190,-0.12025975,0.06639352,0.024292894,0.0197497,-0.1146388688629693,0.07324815164638483
191,-0.055120192,-0.022596836,0.012611393,0.010578516,-0.05085007193191918,-0.0014349183515419098
192,0.0022709868,-0.0550932,0.010438696,0.008984295,0.004240616639182436,-0.04272423044883293
193,-0.019256797,-0.03029827,0.008591783,0.008258568,-0.01945297624349198,-0.006654273155230276
194,0.03168568,-0.0068174982,0.008714576,0.0071917544,0.03209992795311809,0.020642779591566796
195,-0.2992506,-0.0448014,0.0123419035,0.0062343637,-0.2994029147025659,-0.026879009406329476
196,-0.64093757,-0.17959347,0.019283624,0.007391119,-0.626780891431223,-0.15075978572967114
197,-0.5506788,0.33981088,0.028527638,0.022380639,-0.5269681060585565,0.3503168201021155
198,0.25401106,0.28634343,0.016348492,0.01815244,0.2678889170699749,0.3288902095345599
199,0.002321945,0.040329807,0.010338415,0.009414965,-0.005562812644781662,0.061945009813862806
200,-0.0029411907,-0.06261002,0.009434009,0.0086756125,0.003730134643286538,-0.03497321005897458
201,-0.34139198,-0.4057089,0.031858668,0.033425316,-0.36618894372617655,-0.41519470022391874
202,0.33606964,0.13863641,0.01939108,0.011978035,0.3304170296170545,0.15522239573545815
203,-0.022634903,-0.01705356,0.008718594,0.0074936333,-0.01603475581905492,0.0044285840221982365
204,-0.1501309,0.67857003,0.0075519923,0.01885357,-0.1475492359083902,0.6972480985322678
205,0.033986665,-0.4300288,0.01622628,0.020725,0.03711508484354603,-0.35583837458274853
206,-0.23791362,0.086959936,0.0102065,0.007828862,-0.2309034555538627,0.11361061284068757
207,0.18932612,-0.06048935,0.014963543,0.010518215,0.18963403054913763,-0.027818270139254978
208,-0.12864077,0.34582213,0.01033051,0.01596785,-0.11699220363109471,0.3431345897235039
209,0.15859933,0.04343883,0.018124724,0.012788831,0.17450703713294904,0.06801807925976572
210,-0.0029382524,-0.0065044397,0.010594644,0.008840841,0.005568491528796394,0.011133654782735482
211,0.40164953,-0.19678934,0.021699477,0.013195762,0.3882450506209973,-0.17438205255561107
212,-0.10054832,-0.16351256,0.010189505,0.009291199,-0.09466397279848537,-0.1334316465996654
213,-0.1497716,-0.109068334,0.011992837,0.009070593,-0.14222179267624013,-0.08401713358132859
214,-0.034556597,-0.25219572,0.008170107,0.008271884,-0.03456568579447878,-0.2215677146721915
215,0.024456907,0.075626045,0.007881797,0.0071973884,0.02047226110642548,0.10354631933809617
216,-0.119944215,-0.068096206,0.013224274,0.009656448,-0.11844304932527185,-0.04781206871543204
217,-0.06360459,-0.03825111,0.011639996,0.008919444,-0.055178128472611165,-0.01872862395443988
218,0.12907007,-0.08471601,0.013926599,0.012195385,0.1396005465221108,-0.05936183685751475
219,-0.20804478,-0.19801131,0.023077466,0.019632632,-0.14837456218083425,-0.12611668398166084
220,0.10944529,0.036689885,0.011807302,0.009191878,0.11351515757236813,0.05378541768889717
221,0.021481503,-0.017228901,0.010970375,0.009070835,0.028067182947236397,0.005300623243488271
222,0.12689078,-0.14869247,0.008355019,0.009473847,0.12359499919421899,-0.1220333312636645
223,0.21569894,-0.7023776,0.010113275,0.023683257,0.21432998565199826,-0.679009413844575
224,-0.077647135,-0.51524305,0.0075573158,0.010623693,-0.07601298970746857,-0.4824033650779891
225,-0.06640276,0.13765995,0.008746601,0.008813589,-0.07721201083846162,0.16180409468078974
226,0.06258676,-0.005353966,0.0104253655,0.008845123,0.06742707245433296,0.015359713695512096
227,0.2373281,0.15590462,0.010268329,0.007876263,0.23710046626224388,0.1814498688871305
228,-0.13305785,-0.52744526,0.010223492,0.016073236,-0.11949015720578748,-0.49832298728239394
229,-0.030025467,0.13629416,0.011147107,0.010772651,-0.032434146468457374,0.159086719527893
230,-0.027923174,-0.5657319,0.0071799452,0.010385324,-0.03181887939015499,-0.5442124569527048
231,0.009134771,-0.054609567,0.010151862,0.008644855,0.011492431989566988,-0.024077205739954158
232,-0.021729093,0.047492906,0.009118419,0.008311045,-0.015223408604199986,0.06002597497118284
233,0.34543577,0.014277118,0.04018699,0.022809613,0.3880810360493922,0.04188682823991818
234,-0.25839725,0.2988286,0.01291741,0.015198288,-0.22470830172259157,0.2933806281982221
235,-0.0026341896,-0.012419508,0.008165141,0.007016399,-0.0012076018633701776,0.015304799788741002
236,0.5531217,-0.33049333,0.015763814,0.011531549,0.528832205721707,-0.2923227263308383
237,0.68824273,-0.54457814,0.014704556,0.013185897,0.697394039197493,-0.5305533611149332
238,0.0024700058,-0.007735,0.009072938,0.0076913675,-0.0018578915238155707,0.013775426920564812
239,-0.101242214,0.06387277,0.016673412,0.014341151,-0.09852026784562112,0.09064775209828169
240,-0.13664177,0.014379672,0.0108894855,0.0075694597,-0.1300828090626535,0.034604221832660036
241,-0.11501787,-0.38357538,0.00788298,0.010042079,-0.11896492521261516,-0.35799076955501025
242,-0.06390841,-0.26320565,0.010327914,0.011898759,-0.061108459404203425,-0.24141413565426864
243,-0.06638846,-0.016172871,0.01608001,0.01323473,-0.06411644205125422,0.007762498972575263
244,-0.011048548,0.035285346,0.0089377845,0.007425414,-0.011331534341579578,0.05383245460566303
245,-0.033041872,-0.12739418,0.010742194,0.009767668,-0.033586104169343475,-0.09918082877733399
246,0.03959575,-0.13155065,0.008783824,0.00872823,0.0434296208964693,-0.10746913570406261
247,0.22445142,0.65495455,0.014209415,0.027361345,0.2202475908411616,0.669308001455405
248,0.013230022,-0.12249207,0.013403194,0.013036663,0.020201760570227895,-0.09611529616263124
249,-0.084616005,0.052680567,0.009060299,0.008041771,-0.08608077765562795,0.08404471647646268
250,0.044580344,0.18405837,0.0080173295,0.008213365,0.053585355979205745,0.2095646157334492
251,-0.28623706,0.074833065,0.014625965,0.009631105,-0.2842091557176744,0.090638833924993
252,-0.12515019,-0.14528584,0.010456392,0.009371996,-0.0985266402574754,-0.1013656047636871
253,0.15301636,-0.12012074,0.016987216,0.013817044,0.15419842048764,-0.0901995761981828
254,0.10238285,-0.06530964,0.008848106,0.007778514,0.10822804669194445,-0.038743891385913436
255,-0.41516703,-0.3362442,0.019747628,0.01580807,-0.4096527242037931,-0.3167468991950034
256,0.022355229,-0.033995748,0.008518739,0.0074632517,0.019675352002220692,-0.015080818771161235
257,-0.21487483,-0.26088297,0.010133102,0.009516504,-0.2228180086589535,-0.23552993166342717
258,0.106477164,0.18259934,0.008818565,0.009673289,0.10835024898910531,0.20914193537794956
259,0.02229483,0.35041815,0.008955389,0.013023863,0.026960126894565218,0.3554851002615087
260,0.04462964,-0.030517228,0.0099717695,0.008615233,0.043999763659832776,-0.010725814012304373
261,0.011368668,0.4680672,0.008288342,0.012714717,0.01461725650590744,0.4834635333075756
262,-0.46116424,-0.3018508,0.047308434,0.03655303,-0.4658234018300986,-0.27444663022056265
263,-0.2523709,0.34465373,0.011360227,0.0135641275,-0.24549153076709151,0.36314198452860835
264,0.45161766,0.030613206,0.013698502,0.0055813207,0.43716934278003966,0.04978901472347503
265,-0.37641674,-0.49605888,0.011987302,0.014732394,-0.37877665561523155,-0.46735306665144405
266,-0.34499872,-0.5152159,0.010217237,0.014239888,-0.34487619784421286,-0.48986211579057864
267,-0.020353388,0.020747691,0.01246565,0.01093711,-0.015692685885028795,0.043679371835848815
268,-0.35018146,-0.5079204,0.011962095,0.015029955,-0.3530486372907558,-0.4788038232477039
269,-0.0708633,-0.07218516,0.01027647,0.008241579,-0.07550705508288741,-0.05064942366847055
270,-0.090978324,-0.024056494,0.008885916,0.008725916,-0.09488137308292724,0.008299167681803386
271,-0.08777842,-0.2575125,0.008455737,0.008072751,-0.08065893227541063,-0.2251916514521768
272,-0.025467698,-0.5012455,0.007622742,0.014119364,-0.02340973833695601,-0.4334173489284956
273,0.032506205,-0.10243416,0.008725683,0.0073225736,0.03592312547987451,-0.0633576456920839
274,0.21840043,0.21574752,0.011602643,0.010596979,0.22062455620929539,0.2399234515691791
275,0.7831867,0.14778507,0.027490407,0.009197292,0.7687349830850867,0.17273815273722756
276,-0.008186001,-0.06848685,0.008711384,0.0070010517,-0.007790456211793253,-0.04715537842938275
277,0.33436736,0.24223217,0.0114077255,0.010390151,0.3133505870695552,0.24629995483090783
278,-0.015390517,0.09580714,0.0263858,0.022439498,0.005183938810238154,0.10995663908110122
279,0.069499284,0.0065900898,0.010470549,0.008590306,0.07308604646915574,0.02212777504378714
280,0.094031975,-0.21506613,0.010174639,0.0143043585,0.10411749324459688,-0.21205936895117294
281,0.04778886,-0.058432147,0.009259337,0.008058992,0.04181265482068132,-0.03344585936300429
282,0.2133592,0.0070924973,0.0121867005,0.007423658,0.21089141271008402,0.02672163043412478
283,0.037288174,-0.033772077,0.009011981,0.007652192,0.03361526104820754,-0.011926934796959887
284,0.18746643,0.13110888,0.015067824,0.011989351,0.20871494541499244,0.1486592107073839
285,-0.036001243,0.032418318,0.009108733,0.008414086,-0.03631963860702808,0.05504953713220606
286,-0.09291471,-0.053046353,0.0085831545,0.007634981,-0.06441142040250872,-0.016712647803973784
287,-0.0676085,-0.006518432,0.009833786,0.0074623222,-0.06897784391365717,0.018247295514505282
288,-0.078970894,0.037094735,0.010935472,0.009780018,-0.06896114247748156,0.054979652716390305
289,0.7083827,-0.076768436,0.022066511,0.006040351,0.7028327785651273,-0.057259302171124606
290,-0.07903029,-0.44825023,0.010684403,0.016490279,-0.07657656501062601,-0.42431056151467783
291,-0.014767494,-0.017290346,0.0082437685,0.0071670995,-0.012005063728076333,0.007294004093634212
292,-0.3879913,0.46900636,0.011194613,0.01782725,-0.3717056112913289,0.47097284972352316
293,-0.04023168,-0.022204928,0.009963863,0.007933244,-0.03425687860259109,-0.010968270545145034
294,0.029708136,-0.027888589,0.008218112,0.0077835056,0.0353634937743822,-0.007753118600307682
295,-0.24799164,-0.077661924,0.016168106,0.011723883,-0.2315848363819198,-0.04958561143017059
296,-0.24794735,-0.22119789,0.018606815,0.016499251,-0.2581318656617445,-0.20467123468222878
297,-0.33092284,0.2991739,0.013518694,0.015926348,-0.32949350568089886,0.32089004826051715
298,0.11529738,-0.23139068,0.008172355,0.009233895,0.10930378286110012,-0.20205024820899078
299,-0.024041068,0.003546699,0.008553134,0.0074236547,-0.023527587899177055,0.028966456516509694
300,-0.059771,-0.1681153,0.009049312,0.008247133,-0.06067974133913436,-0.14480259763021938
301,0.06388077,-0.14342599,0.00962648,0.0102837775,0.06809783167287238,-0.12037782734142301
302,-0.012053536,-0.030900821,0.022264378,0.01871399,-2.3891361105768845e-05,0.0012196134796213698
303,0.10683018,0.07431418,0.014486271,0.012044565,0.11825309795711143,0.09231882444236864
304,0.049796186,-0.23090704,0.008236319,0.009180526,0.044563875228062946,-0.20892640858999156
305,-0.011288911,-0.012381905,0.020165851,0.0178887,0.006087419479723593,0.012807104187670318
306,0.08577655,0.26940536,0.00764167,0.008312533,0.08758337774382009,0.29246358757359786
307,-0.035190262,-0.053708717,0.008260439,0.00744069,-0.03654097107482967,-0.029055960392364535
308,0.11476737,0.07482855,0.01819239,0.014444856,0.1176296830344165,0.07845696275814412
309,-0.4756871,-0.52657247,0.017486377,0.0186219,-0.44838937131499956,-0.47748635164599534
310,-0.07610831,0.0019824943,0.008855195,0.00717207,-0.07387626449813878,0.028423542694282662
311,-0.082542375,0.92834365,0.0059707835,0.015931526,-0.08667559403223687,0.9228491604253314
312,-0.3054372,0.038998127,0.011116689,0.007127295,-0.3011556964423283,0.06350932379194997
313,0.5729303,0.09353353,0.039173935,0.016242364,0.5420553898741045,0.10045276979921855
314,-0.011048548,0.035285346,0.0089377845,0.007425414,-0.011331534341579578,0.05383245460566303
315,0.09583315,0.16358441,0.00802005,0.0073290425,0.09380944400137219,0.1944862723215958
316,-0.58733964,-0.35604596,0.018409865,0.010575648,-0.5686108826741558,-0.31973655183761696
317,-0.15735891,-0.12622058,0.04312798,0.03570947,-0.09849720697574019,-0.06126855713238713
318,-0.2358527,0.26944298,0.010165788,0.014339065,-0.2234310275542172,0.2797714934338724
319,-0.02677697,-0.00952574,0.010831703,0.008795643,-0.02136361391661018,0.007319741241746573
320,0.026815623,-0.07705498,0.009632618,0.009383999,0.037277226880212934,-0.054052494492643
321,-0.2636225,-0.018925622,0.013563737,0.007864952,-0.23066949031176098,-0.005931646901308433
322,0.0046351706,-0.023481391,0.009744896,0.00905987,0.00265130608717053,0.00096244869601314
323,-0.105455644,-0.34638566,0.008148706,0.009463906,-0.10421073552278402,-0.31588027139436764
324,0.012267228,-0.025405437,0.009308589,0.0075093736,0.014703039574275172,-0.00800545382417347
325,-0.030821443,0.058270376,0.012225091,0.010992784,-0.01578090492182265,0.06247948354588114
326,-0.5691592,-0.2596844,0.02037624,0.010971858,-0.5644614927454443,-0.2346148825409107
327,-0.51272285,-0.39542478,0.01226772,0.009021681,-0.5196969775935828,-0.3734629410979495
328,0.16895509,0.8312281,0.007653382,0.019203408,0.1623796386399011,0.8354862939820177
329,-0.06436673,-0.16984084,0.0099892365,0.009150982,-0.06241546710555423,-0.15114989965883835
330,-0.12124488,-0.28263673,0.011215479,0.012266947,-0.09825634415311844,-0.24777175411541122
331,0.056868754,-0.22601897,0.00769112,0.009014078,0.05577042828022433,-0.18959750859880575
332,-0.10450063,-0.018061832,0.01036508,0.0080119595,-0.08684985849972351,0.006474559728311062
333,-0.14812838,-0.068566285,0.01316086,0.009220023,-0.1188713545795627,-0.04061315875978821
334,0.4683787,-0.41782,0.018978382,0.021459565,0.45655156812645165,-0.37463034307630655
335,0.087654255,-0.19153574,0.01295895,0.014260699,0.09367879428902526,-0.16385465028251375
336,-0.056989506,-0.21590203,0.010716364,0.010609034,-0.04069166644505735,-0.18469132208468567
337,0.07535069,-0.090454616,0.014632072,0.012506489,0.08034541736671799,-0.05565388421347653
338,-0.32203677,0.030140266,0.013312504,0.0073108715,-0.3015919123339223,0.0538115712139459
339,-0.26573876,-0.28885007,0.010781348,0.010319298,-0.26298147295346513,-0.2623373393996592
340,0.66984975,0.26367173,0.019122476,0.011228332,0.6530425889290097,0.2776134323057702
341,-0.03260522,-0.026872627,0.0086213285,0.007511007,-0.030226209441385037,-0.00399610350623473
342,-0.5172093,-0.2150417,0.018199177,0.009387178,-0.5822826050733994,-0.2157948468953456
343,0.030291876,-0.15337887,0.009382284,0.009707373,0.03210148264629001,-0.12762290902089043
344,-0.009456743,-0.034739256,0.010420175,0.008704579,-0.0027278313249931106,-0.012403322195642628
345,0.24207042,-0.27853948,0.014685643,0.019689785,0.23558530676734535,-0.24428200922381
346,0.2849735,0.5436085,0.009683505,0.015970148,0.28396801465327015,0.5615169526772605
347,0.10803366,-0.053602763,0.011465826,0.009907741,0.09061924377245727,-0.025374863862766498
348,0.005173445,0.0034198975,0.008879181,0.0073641245,0.0006026669770750972,0.023656657836911153
349,0.017151657,-0.16485012,0.011760884,0.011771431,0.025574680030264932,-0.1345020250002315
350,-0.13283263,0.02731932,0.011597104,0.009486889,-0.13569421273635315,0.04684192666654831
351,0.010362696,-0.055312388,0.008928452,0.007886428,0.005369250762510595,-0.03978977009464301
352,0.0070984173,-0.002186724,0.010631916,0.009210826,0.014021634070105581,0.011300661691768488
353,0.39487475,0.04003591,0.0187216,0.007407462,0.39776475363778224,0.06249927587932907
354,0.006528512,0.09169338,0.009321935,0.008926707,0.005874829223885591,0.10219161837567314
355,-0.21510404,-0.54093075,0.0120135695,0.02142567,-0.2038375669241612,-0.5071375980065024
356,0.009158328,-0.011370399,0.008781343,0.007476598,0.011051540476748948,0.011716763319227242
357,-0.008987509,-0.035177045,0.008492853,0.0074559487,-0.00333019707459674,-0.005034437165250155
358,0.2096669,0.18899949,0.012957421,0.013802247,0.15751314969427838,0.15592055986731793
359,0.0054725115,-0.018829681,0.015253578,0.013070911,0.010428767398747232,0.0009005524014595116
360,0.28457427,-0.15894477,0.018371008,0.013177158,0.29765040909973906,-0.13443155842669308
361,-0.010584323,-0.03237062,0.008689168,0.0071783806,-0.010680855538350326,-0.007975527879124289
362,-0.0076990123,0.6566663,0.006993633,0.014474999,-0.002727015958650044,0.6596619968263147
363,-0.5963865,0.28693944,0.016032733,0.010721293,-0.6093728187824906,0.3226762226305124
364,-0.5071877,-0.01433994,0.01411033,0.0072763534,-0.49386342630207153,0.017645270469050088
365,-0.17399149,-0.17613356,0.010387613,0.007786189,-0.16880093137809346,-0.14493069574658873
366,0.15690465,-0.050479673,0.010188091,0.008024437,0.14652338530016487,-0.03258685234527873
367,0.00814029,-0.0026410567,0.014544078,0.013053179,0.024666833275867016,0.021043592549628492
368,0.016033242,0.01810921,0.009627305,0.008062346,0.01713558229357761,0.042366403827104604
369,0.19324607,0.16287708,0.011709514,0.010316122,0.18858942267773343,0.17746775976003498
370,-0.51593673,-0.34906325,0.016213734,0.01160518,-0.5329465679620454,-0.3316389746891642
371,0.4359396,0.21529791,0.013991845,0.010612885,0.41284365889306623,0.22860615989250518
372,-0.42518124,-0.14391355,0.028028982,0.01418172,-0.41257618849849514,-0.12525085242743061
373,-0.23758873,0.1749945,0.011247896,0.01275099,-0.19805605122865708,0.1556108648664496
374,0.4004225,0.31438422,0.014837288,0.014722039,0.39930280561966774,0.33047417353800657
375,-0.004505105,-0.12544897,0.009119837,0.008381049,-0.0055530372782069395,-0.09656427670960395
376,-0.016915668,-0.025473826,0.01021063,0.009151254,-0.01050367113201078,8.301863669503508e-05
377,-0.66242534,0.52132154,0.039190326,0.035720035,-0.6432875958261405,0.5359876255510466
378,-0.0013076128,-0.054434054,0.008780161,0.0075873667,-0.001821665603969354,-0.03070979540278141
379,0.23142242,-0.76629674,0.009793415,0.02509142,0.23764487277689758,-0.7642459038605232
380,-0.19193408,0.38185555,0.009226502,0.015670996,-0.17503799996190178,0.3821551421400441
381,0.008578271,-0.037517857,0.009503799,0.008029991,0.004891414790627932,-0.0133625710898047
382,0.46667412,-0.3595736,0.01378634,0.013247393,0.4692668146612228,-0.3429169781422239
383,-0.022708628,-0.031286303,0.014281455,0.012310577,-0.01937320082484585,-0.013459185156476025
384,-0.38629958,0.15090328,0.016240006,0.01049799,-0.36398556010189215,0.16548111165683857
385,0.06638754,-0.0062693963,0.009529894,0.008063578,0.0593655122160607,0.015203151310264614
386,-0.09688014,-0.03583615,0.028892407,0.022516586,-0.09185890981091645,-0.005722371942811918
387,0.017104559,-0.028720304,0.0089177005,0.0071284375,0.01248562438278985,-0.008170176728978617
388,-0.059978485,0.17164709,0.008436587,0.009610858,-0.0532070495957636,0.18841292893150835
389,-0.14179432,-0.27923816,0.016005281,0.01809707,-0.14301819155181775,-0.26722989629335614
390,-0.029983234,-0.009430402,0.010943963,0.010957947,-0.02132295418694485,0.007383228467999229
391,-0.36662766,0.747483,0.01038124,0.022780828,-0.3590383659985825,0.7593270309214547
392,-0.16008174,0.007348596,0.010330391,0.0077396627,-0.15260432548148808,0.032062234517091316
393,-0.6704844,-0.2957705,0.024949236,0.0130645605,-0.6602216550372453,-0.2742174098265887
394,-0.019400112,-0.043386817,0.008547579,0.0071574207,-0.019389785657881277,-0.01717628348934917
395,-0.03867569,-0.08637633,0.009334572,0.0074826507,-0.05028469108289014,-0.06359474135340609
396,0.057683915,-0.7686218,0.007218412,0.017578142,0.06122813994843795,-0.748758759125932
397,0.38287148,-0.36375856,0.03002641,0.027851555,0.39329818585653187,-0.3342366883549683
398,-0.18144682,-0.07606492,0.019951444,0.013991904,-0.16459567419456234,-0.053326418766210214
399,0.17908259,0.067866504,0.011774078,0.007919456,0.18581901872694448,0.08909203004704219
400,-0.16269614,-0.50837964,0.007436631,0.012618544,-0.16146196694505138,-0.49253558312267604
401,0.24207169,0.22848648,0.013938826,0.01502211,0.23740257895505135,0.24078269869355845
402,0.322702,0.14888182,0.014637714,0.0088927355,0.31847180561227645,0.1633911246641525
403,-0.0048856153,-0.031363085,0.008953853,0.0075273323,-0.007691584958126607,-0.011188156959894033
404,0.0116180405,-0.02469448,0.010174875,0.008425787,0.01206764158114019,-0.0019092824546858807
405,-0.010268802,0.19064909,0.009102945,0.009854095,-0.007469270938103724,0.20811040879972104
406,-0.004998799,0.03824143,0.007970616,0.0072151,-0.0009460941364866311,0.06240627029948252
407,0.013218939,-0.009498999,0.013676162,0.0117869405,0.0223281033323627,0.014242980511636043
408,-0.04215828,-0.2223093,0.031074656,0.02893225,-0.017344792062942177,-0.20697517407236465
409,0.39182428,0.23230149,0.01934057,0.012870427,0.3744473096506412,0.22933358121520128
410,-0.15180121,-0.08254609,0.011218308,0.0076944465,-0.13386503213750742,-0.054218760645873366
411,-0.28070778,-0.13322085,0.012559597,0.00756236,-0.2955105084709234,-0.11526600012108812
412,-0.66610193,-0.40258467,0.015986511,0.010703577,-0.6838396745917169,-0.36330793408717893
413,-0.0724227,0.37060213,0.010266913,0.01669095,-0.0661139919761428,0.3981968125064281
414,-0.28663087,-0.6954887,0.008418618,0.01622043,-0.2961993303244063,-0.695603386822563
415,0.007827561,0.010709806,0.09919284,0.09931696,0.10304421055097078,0.040058547592800434
416,-0.010361146,-0.029291485,0.010098641,0.008169963,-0.004895935130723055,-0.01012295760140433
417,0.0075824936,-0.08433923,0.008852005,0.0074325074,0.006113865895751698,-0.06248439679353757
418,-0.030978046,-0.22555318,0.008753219,0.008358969,-0.030168966835885932,-0.1954494778081605
419,-0.06460583,0.0022933027,0.017013352,0.013997331,-0.05712589710637041,0.014334740559105998
420,-0.26699758,0.07205873,0.013454007,0.007942869,-0.26117922035426744,0.0911412198664026
421,-0.21468355,0.059198737,0.011666743,0.008163545,-0.2058413391136012,0.08258901901600611
422,-0.020825427,-0.048429992,0.0170825,0.01511046,-0.006744203410313981,-0.030363478898063116
423,0.11623637,0.26583079,0.008710203,0.009383476,0.12603073162480136,0.28313477225307226
424,-0.12893535,0.28580007,0.011952436,0.017371338,-0.11477957193504816,0.29817285822349465
425,0.5511506,-0.16513205,0.02278911,0.009799278,0.5414496355720476,-0.14088765750907878
426,0.07903746,0.014142132,0.00832109,0.007168008,0.06941982233554196,0.03874661704999539
427,0.031253934,-0.26719636,0.009229099,0.011665691,0.03597520914339887,-0.2385032045675606
428,-0.22502302,0.054885954,0.013264389,0.008057476,-0.22641618715255585,0.07339586143261329
429,0.033544566,-0.06498068,0.009103299,0.00841279,0.03531616615348178,-0.05208717729690478
430,0.5352933,-0.41186556,0.044040304,0.038667466,0.5652574918056343,-0.38466299003302584
431,0.018518943,-0.017192036,0.008815729,0.008062317,0.02368862091928548,0.0021599158186346905
432,-0.18013693,-0.117181934,0.014726522,0.01128483,-0.15738149324343498,-0.09136927992336931
433,0.016527375,-0.07666548,0.0103852535,0.008819989,0.01755048792108446,-0.05145290124608303
434,-0.16041936,0.05233752,0.010939836,0.008057158,-0.1481960149104033,0.06377090323446659
435,0.38493073,-0.13866869,0.03802938,0.022926828,0.34724739353973555,-0.10838072805963946
436,0.009158328,-0.011370399,0.008781343,0.007476598,0.011051540476748948,0.011716763319227242
437,-0.3562237,0.3987239,0.01148433,0.017516552,-0.3573254232632843,0.4291711932887581
438,0.0025940281,-0.07799732,0.018095339,0.015991641,0.0010616626276389793,-0.05197297613603218
439,-0.15929677,-0.32384992,0.008283967,0.011376881,-0.15401842235947374,-0.2922968152549263
440,-0.25229192,0.4385726,0.010711057,0.014777703,-0.24656475076327336,0.4473401597791312
441,0.102709174,-0.07484547,0.010764838,0.009718702,0.10028355700424982,-0.050125575192204355
442,-0.38072616,-0.79726046,0.009732734,0.017202213,-0.3757519207242218,-0.7673181859582895
443,0.014014604,-0.086991206,0.010948679,0.009894229,0.020382935374814996,-0.06201580499421941
444,-0.13947295,-0.09067454,0.011268053,0.008140231,-0.13367297009889129,-0.07140498577262036
445,0.09571594,-0.42268538,0.011405486,0.019387953,0.10551850418263668,-0.3907818095674705
446,0.017028563,0.15398479,0.00856188,0.008812395,0.0243427307572892,0.16762754412654832
447,-0.27589756,-0.091926254,0.019454451,0.011128579,-0.24009691143714956,-0.06422341872082896
448,0.19835795,-0.25383922,0.011877162,0.013287479,0.20058715964632615,-0.22796202789243974
449,0.052589808,-0.08467896,0.02579674,0.021348212,0.048072490617794,-0.04329674755326361
450,0.1287006,-0.44001108,0.010059343,0.018632911,0.12265224345056218,-0.3798736176945197
451,0.30998242,-0.043808438,0.017973224,0.009536388,0.323284496646188,-0.014701706755256665
452,0.13405271,0.59342045,0.0076939585,0.016955456,0.13735550283103415,0.6309762462401859
453,0.5729303,0.09353353,0.039173935,0.016242364,0.5420553898741045,0.10045276979921855
454,0.7363183,0.38644755,0.028056797,0.018010559,0.7311725632673443,0.4056874303238701
455,-0.033344418,-0.21191782,0.007870087,0.0075822873,-0.03312259216721685,-0.1864500484021519
456,-0.4916224,0.029676192,0.018861754,0.0071470398,-0.42516474449237085,0.04597813349269487
457,-0.048403937,-0.07915529,0.013164156,0.011197581,-0.028397073705612057,-0.056947270622800465
458,0.44721138,-0.13134682,0.016099246,0.0076298895,0.4454959214840024,-0.10855706664495779
459,0.2720945,-0.6758447,0.0084010055,0.017395101,0.2759880580489638,-0.6584617293646079
460,-0.061921895,0.3873721,0.011945249,0.016412092,-0.05767044975419102,0.40121368093023957
461,-0.030339375,-0.40466964,0.0132030975,0.017529823,-0.03305796706996736,-0.37589566729310575
462,0.013369482,0.12010052,0.008088637,0.0078591015,0.014297550698945592,0.14001791609312172
463,-0.10781395,0.53740984,0.010050609,0.018919239,-0.08874878694687914,0.505193876333443
464,0.36156762,0.42349952,0.033054136,0.036486663,0.37817279380730806,0.441171533378627
465,-0.69511163,0.3967896,0.020014426,0.015620551,-0.6646925358686933,0.4170213055062028
466,-0.04961414,0.39462292,0.0084034875,0.014015385,-0.05520842557820982,0.47229866772157114
467,-0.083923504,0.26691782,0.009213627,0.011484632,-0.07746515241007287,0.27371664282591185
468,0.039529793,-0.07625228,0.008238449,0.0074653924,0.036295893043872575,-0.051837701895982344
469,0.011759054,-0.048180193,0.008729702,0.0077905008,0.01724151238466561,-0.027098865808345463
470,-0.0137464665,-0.016022488,0.015229159,0.012464008,-0.006472047166835316,-0.003410555864881394
471,-0.01825054,-0.10743595,0.014288978,0.012997312,-0.007033301062099787,-0.07940221269925021
472,-0.20890747,0.06191132,0.015148496,0.0109403655,-0.20733995203348587,0.08465971139394912
473,0.031773295,-0.048286885,0.0085182665,0.007265917,0.03205623876017646,-0.0199688368849257
474,0.10803366,-0.053602763,0.011465826,0.009907741,0.09061924377245727,-0.025374863862766498
475,-0.106424734,-0.13747501,0.018714698,0.016603881,-0.10991512332665711,-0.11792061935170181
476,0.097028196,0.10722361,0.016767206,0.013990735,0.09107608953992036,0.12387221019699594
477,-0.47370613,-0.12868817,0.022810314,0.009533425,-0.49426024593338275,-0.10978433310593873
478,-0.048403937,-0.07915529,0.013164156,0.011197581,-0.028397073705612057,-0.056947270622800465
479,-0.059615508,0.13762945,0.033960715,0.031941883,-0.029684535694181568,0.1272073126480818
480,0.07970293,0.22094087,0.008142676,0.010299025,0.08222350119533774,0.2394870521898832
481,0.030953553,-0.0013396004,0.009311304,0.008391479,0.033387603566257605,0.01715532293106219
482,-0.3501266,0.25939795,0.014093053,0.01623281,-0.33819708624466077,0.27114489679134474
483,-0.17204721,0.16432163,0.011109026,0.013743161,-0.17770716274648132,0.18523526515510294
484,-0.055338137,-0.1199136,0.051609058,0.047300592,0.009820221462854658,-0.025195865928372488
485,-0.005786545,-0.015810363,0.009837563,0.008024309,-0.007979523156895934,0.002562373972298496
486,-0.026327759,-0.052057788,0.010745377,0.009149635,-0.014504879592521173,-0.03727407013696388
487,0.12180169,0.016706541,0.009242802,0.0068124123,0.11963865758926523,0.04068508335978196
488,0.58738524,0.13070437,0.029830307,0.01173809,0.5832034176397222,0.14198540453161293
489,0.31063607,-0.08324232,0.015582143,0.008997972,0.31281339499794875,-0.06266959241585836
490,-0.03754002,-0.042036593,0.013815145,0.011341137,-0.02070175524133453,-0.00817199188569644
491,-0.28243607,-0.19020331,0.017596953,0.012797344,-0.2661812786390226,-0.163319339996592
492,0.07853782,-0.045971584,0.009399879,0.0075378213,0.07796803943199831,-0.029771225563194968
493,0.25401106,0.28634343,0.016348492,0.01815244,0.2678889170699749,0.3288902095345599
494,-0.0325078,-0.07572831,0.010179124,0.009270477,-0.01980706952042909,-0.050614309452059025
495,0.115323566,-0.3535728,0.007682484,0.00958738,0.11312496006212268,-0.32995917070487796
496,-0.4756871,-0.52657247,0.017486377,0.0186219,-0.44838937131499956,-0.47748635164599534
497,-0.049785037,-0.034883134,0.010427724,0.007958592,-0.05026244346193678,-0.01063870998541918
498,0.010502929,-0.03620317,0.010695724,0.009167404,0.013481883224645582,-0.016516542113263425
499,-0.093222834,-0.038066555,0.015308289,0.011879515,-0.091290064037134,-0.018622886148732296
500,-0.08896689,0.15046042,0.009377441,0.010414693,-0.08467512390052288,0.1687618290562809
501,-0.1831454,-0.00712102,0.011334061,0.0076680933,-0.16533606218140776,0.018731512241714477
502,-0.207518,0.25553104,0.01235356,0.01655474,-0.19336803326123264,0.279045049626324
503,0.39182428,0.23230149,0.01934057,0.012870427,0.3744473096506412,0.22933358121520128
504,-0.049903855,0.11788601,0.009941201,0.009536946,-0.05126935208430175,0.14004098510585808
505,-0.13525629,0.6703455,0.011523807,0.023570132,-0.13546460610978392,0.6895254732077803
506,-0.0022346308,-0.0393409,0.008610456,0.0075321686,0.004372248354624102,-0.01740548783760697
507,-0.08477777,0.0095292395,0.014082826,0.011781168,-0.08170372017184199,0.027672964793461072
508,0.53641295,0.34921345,0.016302757,0.011847865,0.5085112166974233,0.35553132644785584
509,0.094856374,0.5131488,0.014035219,0.023873828,0.10879401744850424,0.5096162160421588
510,-0.3976072,0.012090593,0.01455195,0.00676989,-0.3951322531203529,0.03531083023563893
511,-0.0050038327,-0.019146703,0.011922161,0.010489097,0.0033760601073744823,0.004109781168624523
512,0.04953783,-0.21175434,0.011605236,0.011545637,0.05249201088763886,-0.18233824369583412
513,0.07553376,-0.45712793,0.0073101306,0.012157268,0.07401878866742054,-0.4174144370894052
514,-0.033751696,-0.100452974,0.011929936,0.01066921,-0.02713838983187944,-0.07554030686745757
515,-0.21713687,0.049271412,0.010641706,0.0072741625,-0.21274650666827702,0.07607215898803228
516,0.15492265,-0.12715165,0.0092104385,0.009618954,0.15461882588532339,-0.10758877411970745
517,0.05346893,-0.7829212,0.0072275246,0.01853533,0.05070886888161211,-0.7129633046223409
518,0.2242132,-0.16802624,0.013358731,0.013344859,0.2344485938974307,-0.15792016355964636
519,0.057524465,-0.015386791,0.0089797275,0.007811231,0.05697443790060541,0.006927804850321715
520,-0.29946592,-0.6133158,0.0119057875,0.016131228,-0.2841233730878611,-0.5852538459920584
521,0.0020377184,0.07680897,0.012218851,0.011405292,0.011004756640244206,0.10520142685097728
522,-0.0676823,-0.056830004,0.012497202,0.010794579,-0.049874272366041666,-0.028113316026389893
523,0.0074283374,-0.033801764,0.009178073,0.007739582,0.002811193620817853,-0.010008635989087982
524,0.18414061,0.16005376,0.01963635,0.016736135,0.20497514406170167,0.1728734038284884
525,-0.03754002,-0.042036593,0.013815145,0.011341137,-0.02070175524133453,-0.00817199188569644
526,-0.060226068,0.6487939,0.007116267,0.014830147,-0.060033973078295624,0.6556260364183474
527,-0.67688227,0.2700909,0.017491529,0.009509792,-0.6618501788317458,0.2896399274614185
528,0.49425066,0.00856319,0.013891918,0.005399221,0.4793518213390757,0.027689669068346842
529,0.29577088,-0.13214302,0.013974916,0.009368652,0.2984253917208909,-0.1045104754269477
530,0.0554977,0.18541268,0.01518102,0.0151069965,0.06293088657807944,0.18985470930729234
531,-0.0417084,0.017117098,0.009068567,0.0077543813,-0.040817078052036534,0.034705193067025346
532,0.069868624,-0.30516803,0.0084456885,0.008686445,0.06693497932825837,-0.28165433973100973
533,0.038174454,-0.07827862,0.017029645,0.015215223,0.03550203266882842,-0.04691473385971577
534,-0.2999544,0.120129175,0.025893042,0.015982313,-0.2556295832506064,0.1334147774964574
535,-0.65934944,0.47512245,0.016288446,0.015987266,-0.6513050988501274,0.47586380752518737
536,0.0022694175,-0.38909674,0.013501641,0.018289719,0.014523890796147338,-0.35826083206719267
537,-0.16572945,-0.281578,0.008807812,0.011172181,-0.16338304451386948,-0.2477020962945544
538,0.021144338,-0.30244744,0.008361048,0.009983477,0.019762061583112785,-0.2852462191020752
539,0.37929693,-0.4662993,0.014062021,0.018286921,0.3815636661264487,-0.4430105522413322
540,-0.041926205,-0.026902825,0.026940523,0.02316903,-0.03061460520932621,-0.003781116651743602
541,0.049011264,-0.05589915,0.008369323,0.008263688,0.05233466454577363,-0.03703480149024083
542,0.08051875,0.08735088,0.008745537,0.0076109557,0.09114400034058925,0.1274000861034024
543,-0.41624913,-0.5871363,0.012917881,0.0153826075,-0.4138765177922828,-0.5608420385424238
544,-0.04619687,-0.11809648,0.010607618,0.009389252,-0.04384564758855097,-0.09675933189484878
545,-0.39285177,-0.48608285,0.016845513,0.019815143,-0.38780805331471757,-0.4663698470702082
546,-0.24322563,0.2445848,0.00948892,0.011067272,-0.23708952191387178,0.2700619833511883
547,-0.14398536,-0.20164002,0.014831064,0.015309145,-0.15328395474218892,-0.1855797085949651
548,0.02558906,0.049986407,0.008320381,0.008005197,0.028463431090111593,0.0697843711571673
549,0.07853763,0.02394637,0.012737343,0.010311741,0.08201875319265134,0.04147019167285334
550,0.37057942,0.75697607,0.009955482,0.017286468,0.3583138041791229,0.7514075949929898
551,0.004747788,0.005005325,0.023760103,0.020151198,0.011329064408249961,0.04009606218155091
552,-0.039561722,-0.005848744,0.025683926,0.020677987,-0.01345483723606851,0.035924245100629915
553,-0.12640856,0.34079185,0.0079279225,0.014518155,-0.11370188393969564,0.33742977935894636
554,-0.06870094,0.20758289,0.008186662,0.010104463,-0.06414637177804679,0.22162716167827082
555,-0.28565055,0.016313061,0.010536018,0.0069211586,-0.27831512472181774,0.04294301321174893
556,-0.026163496,-0.19964184,0.008967913,0.00843539,-0.024311878202250246,-0.18116715614252504
557,-0.15003014,0.5572685,0.007581334,0.015337375,-0.14308648172418317,0.5683046071541943
558,0.41738957,0.7252395,0.013187686,0.021940473,0.4046728022358507,0.7345076178723315
559,-0.0076990123,0.6566663,0.006993633,0.014474999,-0.002727015958650044,0.6596619968263147
560,-0.101421416,0.3412485,0.008230882,0.0125723975,-0.08887814025149511,0.3600013631620731
561,-0.04155752,-0.11605958,0.010359651,0.009035815,-0.043306186392303644,-0.0880726824695973
562,0.2868502,0.0771203,0.020503901,0.011919633,0.28066443056113544,0.08746943165046805
563,-0.54998875,0.10190943,0.014944284,0.008025339,-0.5480080784867928,0.13068299042377837
564,-0.049240507,0.16973715,0.018351464,0.016437108,-0.04405537700764119,0.16724373792614905
565,-0.01825054,-0.10743595,0.014288978,0.012997312,-0.007033301062099787,-0.07940221269925021
566,-0.26681986,-0.1308999,0.013949289,0.009031884,-0.26155734383209506,-0.10078018345734724
567,-0.007693161,-0.004143157,0.009124917,0.0075103496,-0.010938187868247648,0.01801686727346155
568,-0.26440334,-0.20197642,0.012518629,0.009304761,-0.27445284096446326,-0.19009841637176902
569,0.050492324,-0.1867787,0.007936792,0.008024762,0.05083031346704246,-0.14557236646875552
570,-0.060211055,-0.025181048,0.008659031,0.0070155556,-0.06121074437613004,-0.00014774215298954304
571,-0.43206334,0.38142157,0.012346026,0.014737617,-0.43365376534655836,0.41369376386652557
572,0.0642178,-0.24446025,0.0080997525,0.009231146,0.06876237414133655,-0.20871614712689981
573,0.095082894,0.071285374,0.009269377,0.0074160793,0.08990362869255947,0.09227671158500637
574,0.026138235,-0.05821559,0.013414253,0.012518629,0.027305628568039173,-0.03146253354795219
575,0.21128654,-0.463466,0.012093895,0.02324653,0.21596444005699103,-0.4481782083241993
576,-0.4225792,0.1770587,0.020852694,0.014083478,-0.4212883683009575,0.19979995135044698
577,0.29518127,0.25664806,0.01070351,0.009483041,0.29991719417932705,0.2841152756906763
578,0.1219531,0.1630891,0.008991424,0.010788647,0.11559009616593102,0.17832067308558902
579,-0.14344046,0.023624629,0.0095775975,0.0076284185,-0.1473157657197525,0.05132794191088928
580,0.8528329,0.3952073,0.023301799,0.012521607,0.8491178574557743,0.4150687134781135
581,0.11529738,-0.23139068,0.008172355,0.009233895,0.10930378286110012,-0.20205024820899078
582,0.16821589,-0.19215325,0.013092033,0.013229924,0.1664464793944067,-0.15773019067600014
583,0.036857612,-0.41544792,0.0075799143,0.009443872,0.03589591541348321,-0.38292005167297316
584,0.71303904,0.29915532,0.04820594,0.028168961,0.6594685979008559,0.2956742084156256
585,-0.007395997,0.17318507,0.007848087,0.00817352,-0.0038093617207813485,0.1970907288908817
586,0.084604025,-0.22212696,0.008750501,0.008883625,0.08301226832221346,-0.1941528232943724
587,-0.02326243,0.013333774,0.011233397,0.009026916,-0.014490433556026815,0.03133538991620781
588,-0.025923874,0.06324563,0.016422845,0.013639084,-0.020282406698574052,0.06836446931421933
589,0.00037092017,-0.06751337,0.0086267665,0.007562016,0.002058229764559972,-0.04190931227481397
590,-0.03318295,-0.03644889,0.008364595,0.007236988,-0.02870614933733226,-0.01208973905238848
591,0.5109124,-0.4312106,0.013993489,0.010992366,0.5213037329740622,-0.4093904450558869
592,0.38473386,-0.6098303,0.010464768,0.017368596,0.37955293243775867,-0.5813709906168083
593,0.07144015,-0.122706406,0.00900891,0.009952472,0.0687083029813031,-0.10922463175831901
594,-0.14706542,-0.14810725,0.011417389,0.009426704,-0.1436683107228197,-0.12208839899422753
595,0.24511923,0.01863911,0.016102534,0.009045683,0.27697049812140606,0.04791173782632886
596,0.48670197,0.48345628,0.012306109,0.010089133,0.47818597596567886,0.5032455291572162
597,-0.03893489,-0.31296456,0.008766454,0.011765071,-0.03926452812718759,-0.2847624248213877
598,-0.04113024,-0.08871794,0.01004589,0.008087463,-0.03675718081329309,-0.06530313232388321
599,-0.028656252,-0.01948544,0.011682179,0.009987772,-0.032351353987993006,-0.0021929087987012036
600,0.7479495,-0.12135608,0.020445038,0.0063110897,0.7319155388781748,-0.09564274495083099
601,0.005612873,-0.2435286,0.008620504,0.008681766,0.007564148305232599,-0.21573392587136775
602,0.014698921,-0.10988256,0.010224553,0.0097814305,0.020358411231310155,-0.08896503784288366
603,0.0035346658,0.032217816,0.010334521,0.009190637,0.013098055194615805,0.05293428126169304
604,0.00080388086,-0.011489247,0.012761587,0.011203558,0.008350964186090408,0.006978621835387153
605,0.041592285,0.22123134,0.007853174,0.007954861,0.03762429743396817,0.23996878709769368
606,0.13945715,-0.20156552,0.010988297,0.015718278,0.13167261834999008,-0.16248307054325417
607,-0.04900553,0.08728811,0.008856257,0.009357561,-0.0503762781013819,0.10933619581829648
608,-0.0016201367,-0.00048821513,0.010118704,0.008711121,-0.006483923747968871,0.011556268434398283
609,-0.013400262,0.026810847,0.009027339,0.007746727,-0.010132395150893623,0.04878999651793002
610,-0.15121628,0.31750813,0.01718703,0.021402469,-0.11276799951668683,0.34109284185359706
611,-0.018655129,-0.09661663,0.0105136065,0.009293944,-0.017049661464450677,-0.07693087702990867
612,-0.019468885,-0.20738247,0.009809232,0.010191207,-0.009520562933338243,-0.18160669700046547
613,-0.13272013,-0.09721493,0.016541747,0.012864556,-0.10397472781019003,-0.05516807559739868
614,-0.025723618,0.16694276,0.009579841,0.009676957,-0.02269565278146229,0.17305629302039455
615,-0.059771,-0.1681153,0.009049312,0.008247133,-0.06067974133913436,-0.14480259763021938
616,-0.062179983,-0.09562533,0.010888779,0.009004917,-0.0598331277867919,-0.07307763931766001
617,-0.14398536,-0.20164002,0.014831064,0.015309145,-0.15328395474218892,-0.1855797085949651
618,-0.013401162,-0.041269913,0.00786784,0.006830254,-0.018398724309718253,-0.008883154351563881
619,-0.06985098,-0.033390045,0.009003355,0.0071032615,-0.0713701014678721,-0.008660000919627984
620,0.12949498,-0.35987788,0.014139716,0.021772023,0.13999457978823004,-0.34376821625635495
621,0.035590217,-0.26659408,0.008891469,0.010309528,0.04648773958969613,-0.2430242457336245
622,0.104924425,-0.19606201,0.008310332,0.009522823,0.10733590130005055,-0.17322061661915764
623,-0.0029382524,-0.0065044397,0.010594644,0.008840841,0.005568491528796394,0.011133654782735482
624,0.20374773,0.06542614,0.01817717,0.011733635,0.19448310210574302,0.07933349945690325
625,-0.059874877,-0.093851455,0.010354342,0.008301123,-0.059550009073990565,-0.06972023094264387
626,0.37057942,0.75697607,0.009955482,0.017286468,0.3583138041791229,0.7514075949929898
627,-0.60441446,0.24322656,0.018419227,0.012095995,-0.5959478598726575,0.2635089023720578
628,0.5857239,-0.73777354,0.02456488,0.032164585,0.6072852556685644,-0.7500502032724613
629,-0.36698413,-0.20554209,0.012926237,0.008460348,-0.3555815116456387,-0.17673919697352972
630,-0.057079278,-0.114033036,0.010828401,0.008988232,-0.04221860756053838,-0.0803980825705564
631,0.009778354,-0.05444008,0.011485626,0.010440566,0.008901686388828945,-0.03020720669823246
632,-0.038808633,-0.019921355,0.009647495,0.0079397345,-0.03205120423438828,0.004636667155722157
633,0.056993965,-0.21416539,0.009212445,0.010343394,0.05389249572232146,-0.18263832366888572
634,-0.008475859,-0.11438479,0.008311395,0.007789406,-0.006828436111035869,-0.09415501921084224
635,0.1649964,-0.15051897,0.009463768,0.0093766935,0.16377523617734677,-0.11852755552252298
636,0.026591085,-0.03399771,0.008294962,0.007370045,0.02797540020365119,-0.01326054779719224
637,-0.54998875,0.10190943,0.014944284,0.008025339,-0.5480080784867928,0.13068299042377837
638,0.02560446,0.14790396,0.011302237,0.0113736205,0.026340857312847868,0.15951893640674245
639,0.20475115,-0.06575704,0.019965116,0.013236234,0.18459485732704836,-0.036167898719287536
640,-0.028164115,-0.042510804,0.015004061,0.011928088,-0.018733428074296586,-0.022216311145595836
641,0.0009067026,0.2743664,0.02264239,0.0239907,0.01205705602299399,0.2709382262108639
642,-0.17578043,0.101580694,0.0089530265,0.008624515,-0.17665677995374265,0.12332962935304377
643,0.017205535,-0.055254042,0.017957186,0.014842737,0.021548625655340006,-0.041952321303825035
644,0.7198797,-0.28023845,0.021309203,0.009165801,0.7195929099245033,-0.25928206071461946
645,-0.24174577,-0.025526345,0.016332427,0.009796501,-0.22334934319152938,-0.0014272064087894629
646,-0.06763846,-0.111049116,0.011225617,0.009184428,-0.06655000038671247,-0.08158770571170437
647,-0.25592157,0.32054788,0.011569884,0.01414465,-0.24035696903769027,0.32371107011655675
648,-0.20608719,0.19832015,0.009281187,0.009502356,-0.19421103458885783,0.20816760268077983
649,0.04206038,0.14588346,0.008406324,0.008087422,0.039472612380672935,0.17029509177942073
650,0.10440807,0.7981937,0.008617903,0.02170427,0.10589044715037506,0.8236600963612325
651,-0.026767608,0.018027395,0.01044896,0.009172812,-0.02407449110497449,0.04323031769184782
652,0.007057049,-0.016474709,0.009684685,0.007986949,0.010032285496165104,0.005544512351963416
653,-0.013313716,-0.021749705,0.017041478,0.015110283,0.008343051535850273,0.011829911100100444
654,0.019366749,-0.0026661018,0.010143014,0.008891815,0.022972916244758158,0.015533823192805133
655,0.010915589,-0.07363687,0.008697203,0.0077859005,0.009517040372073252,-0.05177505629005756
656,0.007563342,-0.025929041,0.008515665,0.0070484853,0.007344462905551798,-0.008309882763630533
657,0.028348152,0.050377503,0.009169922,0.007516768,0.030976303345281613,0.06821360832084125
658,-0.15343729,0.2203024,0.0136240665,0.017993571,-0.14306272958796662,0.2406583821160362
659,0.021144338,-0.30244744,0.008361048,0.009983477,0.019762061583112785,-0.2852462191020752
660,-0.0045898207,0.048262067,0.00917264,0.008370985,0.004759049717570899,0.06247914050022488
661,0.09575994,0.008474967,0.009713964,0.0079736095,0.10917233129256382,0.030026383691493626
662,0.4444957,0.15256011,0.0137638785,0.006489223,0.43372020733184297,0.16983986190274622
663,0.028820751,-0.07810941,0.008573581,0.00781469,0.03571405110045556,-0.06391049796364572
664,0.013555814,-0.065267324,0.008919235,0.0075460463,0.003253723340931251,-0.04427358632507623
665,-0.025274418,-0.008848236,0.009869907,0.007976132,-0.016822014029610786,0.009472446320329809
666,-0.24285223,0.113385074,0.009966694,0.008467708,-0.2283063935613866,0.1365685021060086
667,0.2520751,-0.11668735,0.012916704,0.009432517,0.24843860539744075,-0.09393016626678438
668,-0.19370414,-0.10920068,0.0102188885,0.008393709,-0.18493497394659394,-0.08469903912510941
669,-0.035786252,-0.035082124,0.008137,0.0076170815,-0.030648276988958053,-0.01146850936720454
670,0.65879834,-0.23854338,0.02672257,0.012014557,0.6913126601743412,-0.22754369827025211
671,0.035973497,-0.015822574,0.00861483,0.0076983343,0.038635461143760576,0.007712416463052318
672,-0.19801848,-0.15321139,0.010363544,0.008071121,-0.2044201544171546,-0.13234042018333456
673,-0.048704136,-0.008452513,0.008805449,0.008429474,-0.044215171952077637,0.01934454189298405
674,0.6183534,0.505622,0.026927408,0.02316513,0.6209494022148344,0.5310899245749467
675,-0.018849127,-0.025485002,0.012281145,0.010740646,-0.018064524280779107,-0.00017727433057376348
676,0.017722735,-0.023140606,0.0096970815,0.008601272,0.01925209762291007,-0.0016063594135176892
677,-0.054288663,-0.060281217,0.0092604,0.0071969805,-0.05700026523775782,-0.035799003518585296
678,-0.012248939,0.16949522,0.010081529,0.009934614,-0.006172523529060866,0.18013836739724828
679,-0.3320041,-0.1506477,0.01216715,0.0076607927,-0.32357586157186163,-0.12128751249796785
680,0.12451566,-0.020403303,0.013947643,0.010976349,0.13854103134795429,-0.0037350835126126265
681,0.45290396,-0.083421685,0.014965659,0.006758414,0.46175265070135235,-0.061267889315072176
682,-0.05496686,-0.2747734,0.009696255,0.011490752,-0.05078594079408102,-0.24874885881816955
683,0.02059732,0.0037843129,0.010377467,0.009143648,0.0329310818329473,0.023180104122698896
684,-0.29228878,-0.7300501,0.008031403,0.015154379,-0.2814469184890707,-0.6975110547958909
685,-0.09456037,-0.39074346,0.008008696,0.012182697,-0.0962239121931606,-0.37282688563559
686,0.060832746,-0.010161691,0.019827336,0.01666322,0.06120278531511536,0.01663731277408551
687,-0.16292061,0.015349715,0.010491191,0.0077417865,-0.148500157970336,0.03832662510317518
688,0.01830797,-0.028981842,0.009367994,0.0076423795,0.024106911409898176,-0.008717383289255696
689,-0.7782732,0.26165786,0.018496117,0.009124926,-0.7639799632462617,0.28165193450469167
690,0.09837554,-0.39750704,0.007711467,0.012637458,0.09589318403087516,-0.36121899519116263
691,0.25201473,0.36076495,0.015254519,0.019020427,0.23729740273296782,0.3599115412174279
692,-0.1598113,-0.19975987,0.013225686,0.013631369,-0.1652179230854214,-0.1939478746754429
693,-0.03845251,0.038912088,0.012947772,0.011540935,-0.028704265627983314,0.06662680474727825
694,-0.083143845,-0.014034876,0.015980998,0.01356503,-0.05353793882274284,0.015135102564049444
695,-0.041892752,0.12210889,0.010716719,0.0097783245,-0.03892355992344455,0.13657323089841172
696,-0.010460347,0.10151634,0.007995806,0.007539424,-0.009088014070642506,0.13659725651219998
697,-0.3572059,-0.37145734,0.009971296,0.009196865,-0.37001860286244054,-0.3499244576810045
698,-0.1881569,0.018120766,0.010851868,0.007475634,-0.1747165200017195,0.04148740068486525
699,-0.22381876,-0.24235791,0.011749691,0.011376004,-0.2146355303026306,-0.2194515283129053
700,-0.09920876,-0.26113293,0.008790323,0.008071042,-0.09187138624805814,-0.23389495846967884
701,0.26378736,-0.0904733,0.013830429,0.008782587,0.250998869922554,-0.06925343358264718
702,-0.0011518854,-0.024095386,0.00788771,0.007056734,0.0011335557098232111,0.0019677354472809718
703,0.031997442,-0.09433963,0.010433033,0.009618656,0.03599591445223385,-0.06170042247439585
704,0.4366879,-0.19653481,0.015493176,0.010003281,0.4205810793965196,-0.16449433325425875
705,0.20688017,0.4829486,0.017503947,0.027038436,0.20777870979883206,0.4939528363998643
706,0.12678729,0.027734995,0.009902485,0.00753396,0.12449008913085369,0.04751513620811239
707,-0.16311371,0.042952046,0.0130173145,0.009033834,-0.15109946626553386,0.06607791227908141
708,-0.33159885,-0.6342753,0.010742194,0.020571485,-0.2964323699631761,-0.5519500459658113
709,-0.11158306,-0.106792696,0.009659774,0.0072741583,-0.12053647990073141,-0.0844906962100068
710,0.029005863,0.058537476,0.0094410945,0.0091460785,0.03341343839405306,0.08046263474636647
711,-0.1440795,0.14847088,0.008917227,0.008740108,-0.14804743299385975,0.1777842500270528
712,-0.15297051,-0.5222101,0.008649339,0.011582429,-0.14081348629804497,-0.483814412421581
713,-0.00900319,-0.08039545,0.00861483,0.0074269357,-0.009190698913103739,-0.05371645148659418
714,-0.33171034,0.3076074,0.0153752025,0.017914431,-0.33974586200750795,0.334021642716673
715,-0.10683187,0.08829076,0.018783841,0.014507764,-0.09195520845796788,0.10491144956709177
716,0.016488103,-0.5150694,0.009609123,0.017014224,0.02341721851547809,-0.4737132835271819
717,-0.027467806,-0.018033404,0.02502097,0.022174845,-0.01497337680133131,0.015003087102612462
718,0.057198294,-0.8128573,0.006159537,0.0146643445,0.06372962653078064,-0.7945850661667249
719,-0.15735891,-0.12622058,0.04312798,0.03570947,-0.09849720697574019,-0.06126855713238713
720,0.51368,-0.67917705,0.011959737,0.015552141,0.5283763954775764,-0.6577434987688922
721,0.05682752,-0.0442884,0.009396101,0.0076414123,0.05583875737446646,-0.02344081020840471
722,0.057706762,-0.003545695,0.008406324,0.0071136877,0.05503557144326103,0.017023146968625506
723,0.18163757,-0.109814145,0.010831703,0.009042109,0.16691858021996703,-0.08307643434056029
724,-0.14457984,-0.35922676,0.010545927,0.011798922,-0.1432905757207646,-0.3334308849467694
725,0.24790211,-0.24456462,0.017545182,0.019058727,0.19854462974207351,-0.17745290634726046
726,0.04160964,-0.4820251,0.0083695585,0.014426778,0.055556689819656564,-0.4575618676505553
727,0.41365492,-0.3416589,0.020257207,0.01890824,0.4440082703993927,-0.3324829161740813
728,0.5183675,0.2753592,0.06149133,0.042066287,0.6789156132373192,0.3400046687301997
729,-0.46682686,0.50446534,0.030206166,0.037113417,-0.4574777482135921,0.5210624062904476
730,0.3438214,0.071328156,0.021555519,0.010047964,0.3647459014681789,0.08901873478994345
731,-0.007107153,-0.04090251,0.007818162,0.006824873,-0.008473209886159851,-0.009731982264150781
732,0.009093538,0.0083414605,0.008778033,0.007684229,0.010080377290772454,0.035737526577097674
733,0.072667904,-0.30796683,0.008200731,0.009786748,0.07291340187696144,-0.27920750651840137
734,-0.01060494,0.00060054567,0.020370284,0.01737447,0.018403912614504872,0.007544853948087932
735,-0.5691592,-0.2596844,0.02037624,0.010971858,-0.5644614927454443,-0.2346148825409107
736,-0.0065156505,-0.063126646,0.016552653,0.014668508,0.005912749746059672,-0.03864681333787904
737,0.08182705,0.23210947,0.00872202,0.010771656,0.07945466556103688,0.24784014463103266
738,0.43693733,0.59802866,0.02237874,0.031079473,0.41272645579773254,0.5987915060818636
739,0.23954536,-0.112569444,0.010799862,0.007766343,0.2375311700974156,-0.08623611781275345
740,-0.22857298,0.23886704,0.0091916565,0.0099155875,-0.21969423953341458,0.25924269336928923
741,-0.3313189,0.027727172,0.011829567,0.006448918,-0.33317236728123856,0.056898527073664225
742,0.037721142,-0.05913888,0.008935186,0.0073899752,0.03530547068092013,-0.03712455891254139
743,0.046401568,-0.047764465,0.008469921,0.00773911,0.0494402799303942,-0.02780745874551914
744,0.031996924,0.05680632,0.009339059,0.007873174,0.03237520980361779,0.08061920815621122
745,-0.2208634,-0.2087093,0.01367087,0.0110812085,-0.2138873171243939,-0.18838206697439489
746,0.00037860917,-0.03265107,0.012934591,0.010725312,0.011845318834449123,-0.007952242223116418
747,-0.024622142,-0.015756957,0.009221541,0.0074977134,-0.02610436104678611,0.005356744489418614
748,0.056024164,0.40378326,0.00991842,0.016294232,0.06068099901515427,0.39310407832654837
749,-0.2650156,0.6817757,0.008003139,0.017010594,-0.25555734240429073,0.6812503473862446
750,-0.1703936,0.060644288,0.037107754,0.027966058,-0.10442047436025664,0.07760402859603782
751,-0.00850983,-0.028189749,0.011003388,0.0091878725,-0.008608201182680126,-0.00875606044308619
752,-0.16637205,0.4220385,0.018918725,0.025399603,-0.1391169237688769,0.4062832180243932
753,-0.50857186,0.19892648,0.015388471,0.020343376,-0.555039193560591,0.22752246166392368
754,0.015107324,0.14554183,0.008025962,0.00792428,0.011897449617155324,0.1677381579254178
755,0.34067792,-0.087739065,0.015587191,0.008351048,0.3391480987628788,-0.06268854227669302
756,0.31410345,-0.49482387,0.01426418,0.020231573,0.31473293608121267,-0.457364047443025
757,0.29845157,0.5502423,0.008830971,0.010625632,0.29380913311985196,0.5631768246260239
758,0.18404527,0.2157794,0.011818259,0.011983027,0.18879104603039973,0.23238968232003282
759,0.2347687,-0.30387202,0.014195074,0.019235283,0.24247163222460566,-0.2745649901439452
760,0.013703905,-0.027874872,0.008002074,0.0071099224,0.019893086378350845,-0.0001328726993346922
761,0.11317586,-0.5434758,0.008603956,0.019340748,0.12176741267005288,-0.5215559560394898
762,0.01842442,0.03221803,0.011322392,0.00989824,0.028693354221009545,0.05247422837138729
763,0.15089531,0.10370319,0.011312256,0.008971608,0.14693706115500324,0.11552096500684969
764,-0.034808666,0.005039259,0.01556583,0.013224159,-0.024230996933341277,0.020886378543444686
765,-0.121832356,0.43157917,0.007759256,0.011846962,-0.10943230233430999,0.44511004985484065
766,0.074049555,0.014845683,0.009715027,0.00840798,0.07766629528829817,0.03339777332023865
767,-0.60742164,0.053814657,0.014250901,0.0066443426,-0.6055379516303068,0.0751245578124611
768,0.10784589,-0.20496862,0.008899504,0.009112344,0.10566307426711978,-0.17233474683453762
769,-0.20366906,-0.016327888,0.012426679,0.00714472,-0.20192488437335682,0.004548061753955597
770,0.048363745,-0.04158379,0.010374754,0.008779926,0.04681843760219919,-0.01759557889821369
771,-0.29228878,-0.7300501,0.008031403,0.015154379,-0.2814469184890707,-0.6975110547958909
772,0.1708232,-0.5553944,0.011008224,0.021200899,0.17980092650259966,-0.5401998879667255
773,-0.67626286,-0.1743483,0.0164864,0.0048123067,-0.6684134291392169,-0.15030174810433616
774,0.40727222,0.47795212,0.013496702,0.01785203,0.3983020389686597,0.4882020945128929
775,-0.008283541,-0.016659133,0.008490488,0.007274008,-0.007125648093443264,0.009375404850365577
776,-0.010565255,-0.045844212,0.008361875,0.007847849,-0.006557819341853675,-0.02290086155179388
777,-0.14728473,0.12808658,0.00866435,0.009197206,-0.14161831293007104,0.1543905286661934
778,0.14060144,-0.20876442,0.008891942,0.010438225,0.1382461358223142,-0.17954732735363788
779,0.48046923,-0.6504812,0.00923418,0.0136556905,0.4822662758813004,-0.6234167887197661
780,-0.01214828,-0.04175307,0.008522639,0.007468473,-0.015818271012840047,-0.01426066286711808
781,0.0015141186,-0.044955146,0.00912917,0.0079041235,0.004629356420694417,-0.012178014766061137
782,-0.038775913,-0.01984857,0.009893042,0.008197614,-0.03007319513385755,0.005089535743353705
783,0.1529443,-0.13122715,0.011604647,0.011305785,0.15208418679364313,-0.10479859761408114
784,-0.37133422,0.5329571,0.0105136065,0.015223273,-0.35673866362278156,0.5431168413962488
785,-0.25804362,-0.69408596,0.0071011167,0.013908414,-0.26908493615203566,-0.6790909238121182
786,0.09130731,-0.33034194,0.01641581,0.02097156,0.09452467611121797,-0.2947966126887613
787,0.00402483,-0.004810647,0.007964112,0.006954475,0.005704167023672216,0.021992457252590022
788,0.10678575,0.065080956,0.012629405,0.010018283,0.10602191822552945,0.08393255691800192
789,-0.024785962,-0.012535104,0.011660146,0.010145685,-0.02047963579363281,0.015639758002076502
790,0.13830738,-0.18227986,0.008433395,0.009379869,0.12558069043097242,-0.13849866258763716
791,0.116344795,0.10640203,0.008939322,0.0076336013,0.12238124524572762,0.12406112097639713
792,0.15411898,0.041344855,0.010144783,0.00773512,0.15185499185053097,0.06074878941262883
793,-0.6088948,-0.09659448,0.021557618,0.0066750683,-0.6302457486292603,-0.0785074960874268
794,0.00088435644,0.0008620536,0.008656312,0.007669787,0.007472996442175967,0.02265703492600187
795,0.10297923,0.09189818,0.015416643,0.013160972,0.10549879660804048,0.1050553143087465
796,-0.15993391,-0.17686811,0.010939364,0.009301587,-0.15548515882135872,-0.1545301762015242
797,-0.16365361,0.100778505,0.017462596,0.014710241,-0.1448155250862798,0.13118624511509583
798,0.10396215,-0.06548583,0.009929633,0.008418533,0.09014172198789609,-0.037794918818968806
799,0.017582156,0.29995945,0.007327764,0.009373288,0.01923781065233292,0.31569767736234366
800,0.24443235,-0.3543756,0.00929288,0.017206151,0.24461004201877506,-0.3314190080124719
801,-0.12509194,-0.06249191,0.011376727,0.008209575,-0.11382549575453363,-0.04178792373830783
802,-0.053836823,-0.108125664,0.01327086,0.012062699,-0.03173561103272632,-0.07727782840097715
803,0.14342076,0.22390714,0.021829536,0.021420494,0.14970328616636988,0.23946731408331176
804,-0.019400112,-0.043386817,0.008547579,0.0071574207,-0.019389785657881277,-0.01717628348934917
805,-0.35025573,0.26080415,0.015926441,0.015897708,-0.3183477197986339,0.26289976087377936
806,-0.012082782,-0.2284118,0.0075577903,0.0076903617,-0.009145611097508149,-0.17736424264683154
807,0.23755571,-0.72242534,0.0069512534,0.018489363,0.23785853857189712,-0.6936266977410038
808,-0.07392249,0.1317299,0.008612111,0.00907629,-0.07676252905173087,0.16296488928218755
809,-0.7782732,0.26165786,0.018496117,0.009124926,-0.7639799632462617,0.28165193450469167
810,-0.048649624,-0.06547257,0.00878926,0.007301143,-0.04948256756140622,-0.03901426631654655
811,0.10458248,-0.24443084,0.00984559,0.011813522,0.10679473140530411,-0.2105655694119613
812,0.055399932,-0.15384197,0.008349699,0.009608676,0.049431063455867445,-0.11387104233530239
813,0.4977838,0.4114374,0.0139451735,0.010260523,0.49484468405008925,0.4261953382924435
814,-0.07591588,0.01711955,0.008494862,0.007373347,-0.07758536812881985,0.037578133830711714
815,-0.009500863,0.092366904,0.008176847,0.0077766776,-0.011482950575798876,0.11882388322818567
816,0.016277052,0.0066382727,0.008966613,0.0077736448,0.02256608232520734,0.030860652368810765
817,-0.0015895856,-0.052010063,0.010062057,0.008539755,3.6443569596704516e-05,-0.034261164448342284
818,0.09375079,-0.185544,0.0082148025,0.009664555,0.08124433159678551,-0.12999779793908522
819,-0.014720287,0.015105247,0.007838271,0.007073508,-0.014086624543152376,0.04323699002108104
820,0.2849735,0.5436085,0.009683505,0.015970148,0.28396801465327015,0.5615169526772605
821,0.040942788,-0.001800322,0.010075629,0.0083247945,0.04073999186546369,0.018795624146958494
822,0.38583964,-0.09042056,0.013816907,0.0068624686,0.39085136579001156,-0.06391277073527475
823,-0.31299984,0.6248519,0.009975901,0.019385898,-0.3290592801468093,0.6684256718363079
824,-0.037831876,-0.03620252,0.024504041,0.020883124,-0.022361168430980214,-0.0017562652961135693
825,0.10375026,-0.1754064,0.0115249865,0.013067952,0.10248454912819832,-0.14624756968944957
826,0.05037441,-0.027218245,0.008332676,0.007103317,0.054369056267574795,-0.004739360289030391
827,0.04164479,0.486794,0.0071874014,0.010967928,0.037724701844088784,0.48919065841286014
828,0.111648485,-0.16625282,0.008499353,0.009292596,0.11319214263288241,-0.14055168782624733
829,0.18700744,-0.1781806,0.021822423,0.018529253,0.18738785187479487,-0.15203139233956225
830,0.05600715,0.11127026,0.007947554,0.007308811,0.05067517963980578,0.1320482411444698
831,-0.4175954,0.048952743,0.03226886,0.01482545,-0.37323307323456273,0.08619574450895119
832,-0.009413313,0.012590527,0.008245779,0.0071924604,-0.010637530778325242,0.03728639646820913
833,0.21461682,0.06652354,0.01467789,0.009409754,0.218799621081822,0.0875316793664322
834,-0.024841487,-0.07905987,0.009028756,0.00729159,-0.025048145763459723,-0.053513821563166496
835,0.14597706,0.04325822,0.009021432,0.007044644,0.15092123016188938,0.06915833876657508
836,-0.11893449,0.05871045,0.011595102,0.009639848,-0.11247589205273914,0.08134024301844295
837,0.16773875,-0.11968761,0.009474514,0.009768396,0.17394514097793212,-0.1011838723028848
838,-0.21361704,-0.4463029,0.008941802,0.017039817,-0.20886237797820073,-0.4279586745962565
839,0.10373774,-0.22776274,0.008181222,0.009262675,0.10710804583107743,-0.20293402131620855
840,-0.8258843,-0.19354609,0.02016176,0.006054309,-0.8071958369737152,-0.15809057447979405
841,0.3571239,0.090639874,0.0134340115,0.0069245384,0.35995821037034725,0.11371502914418188
842,-0.04309939,-0.31029812,0.0081907995,0.00987585,-0.03283851460590398,-0.27021225815365957
843,-0.37601426,-0.21017265,0.013652643,0.0080568325,-0.3754476389937743,-0.1923977994321307
844,-0.20013343,-0.070520386,0.012415847,0.011987688,-0.1822988171707642,-0.04232368944867805
845,-0.044843853,-0.05301699,0.016879736,0.014346808,-0.0397789842628424,-0.021431416759644405
846,0.096114635,-0.77613205,0.006205032,0.014159927,0.10289556301731521,-0.7738334637083133
847,-0.019396646,-0.028420158,0.00923477,0.008215647,-0.013900952102967342,-0.005231733158607595
848,-0.015988644,-0.15606643,0.009217997,0.008676064,-0.017218479983979663,-0.1318437203888718
849,-0.17124684,0.049195446,0.022192672,0.016608004,-0.14318970665333755,0.06350800483514135
850,-0.019092575,-0.07493555,0.013767409,0.014006305,0.0180652485312165,-0.025643819793482608
851,-0.37600243,0.22927609,0.014522343,0.011841613,-0.36925665966622945,0.24495825364645787
852,-0.18934624,-0.21487126,0.013087207,0.012460229,-0.187334884756433,-0.19802118305186445
853,-0.120221704,-0.010902912,0.01571875,0.011809744,-0.10191843568633548,0.023738365785266606
854,0.08852473,0.12194023,0.008528077,0.0077362224,0.08283487295520679,0.14149387907336916
855,-0.701068,-0.46329644,0.020699741,0.0148796905,-0.7064855023489819,-0.44799723595590774
856,-0.017168194,-0.028257936,0.009336107,0.0075181806,-0.020309298067146028,-0.010073567749118563
857,-0.014736185,-0.020122517,0.011358223,0.009740815,-0.013733986105993513,0.004901029952543454
858,0.026513396,-0.022654817,0.009967992,0.0087877,0.03297020233019657,-0.0020437648681642766
859,-0.037226096,0.00037164893,0.014209178,0.012414154,-0.022578511098422818,0.02589834961514594
860,-0.116461,0.031710796,0.0119726965,0.009594807,-0.11120021258169648,0.04606248200446832
861,0.06674821,-0.13631707,0.008085089,0.007915033,0.06981207300360039,-0.115859457165242
862,0.02556827,0.06689889,0.00909692,0.007999765,0.032132711471241894,0.07908438662095106
863,-0.44237274,-0.11122698,0.014168629,0.006245287,-0.45013346634162,-0.08940507218817895
864,0.048538893,0.062634245,0.011835341,0.010338108,0.05946344245908505,0.07370486248532883
865,-0.043044947,-0.055416405,0.009333863,0.007479047,-0.039423946778521055,-0.031033007167370886
866,-0.51357245,-0.59664524,0.01885298,0.023273602,-0.4913740808842147,-0.5616958363141771
867,0.029931825,-0.059790395,0.011606767,0.010336984,0.036759084084887914,-0.03592352105695564
868,-0.11898973,-0.39377254,0.009261225,0.012501088,-0.12247622041878245,-0.3594804117201413
869,-0.55063623,0.19106466,0.020581096,0.012708321,-0.38576454024473494,0.15640124763034205
870,-0.0768737,-0.04210905,0.011405602,0.008793442,-0.0673488354005589,-0.028833708887581834
871,-0.08609024,0.55920017,0.007895161,0.016594367,-0.07342862475172196,0.5661551218350961
872,-0.03856248,-0.03826133,0.009885959,0.007924087,-0.03792715329480027,-0.007504195525895879
873,0.009076893,-0.0031645754,0.0084010055,0.007251753,0.00782144529772669,0.02182632125525676
874,-0.42472914,0.15217382,0.013804797,0.015033231,-0.40735558813524037,0.16980736272994956
875,-0.057409592,-0.0106894085,0.011140506,0.0089116,-0.050965113339390876,0.008598575467841789
876,0.032682505,0.05217132,0.008371806,0.00737341,0.028939099798709476,0.06597574180929634
877,0.03186073,-0.069291085,0.008067706,0.007309268,0.033673998302906384,-0.040411861310579764
878,-0.03451871,0.027885698,0.009178073,0.0077490658,-0.028679313759961324,0.05771374260335478
879,-0.31299984,0.6248519,0.009975901,0.019385898,-0.3290592801468093,0.6684256718363079
880,-0.03691098,-0.033398114,0.008214211,0.00701773,-0.035782158923154415,-0.011425655758477827
881,0.0159258,0.049055636,0.022875218,0.019371552,0.03088894859752474,0.07333105898005768
882,0.20659615,-0.44882235,0.022570252,0.029547812,0.19183585057166383,-0.38543169712727465
883,-0.1860519,-0.20107764,0.013001548,0.011988312,-0.18318945368154743,-0.17249149247025022
884,0.086132385,0.0037923,0.0082088895,0.0074488483,0.09305459495920895,0.031313345689076136
885,0.047608245,0.0348247,0.009126452,0.0079803895,0.044148943310119454,0.05958463378530351
886,0.07970293,0.22094087,0.008142676,0.010299025,0.08222350119533774,0.2394870521898832
887,0.4764936,0.7899958,0.011818259,0.01948339,0.4671870780513213,0.7987482062333687
888,0.1305412,-0.021956354,0.010025944,0.0071650143,0.10437089463760917,-0.0005090872157453392
889,0.6848984,-0.241128,0.017509453,0.008824138,0.6841221739108194,-0.21512530740884192
890,-0.030985966,-0.029898584,0.014198131,0.012016058,-0.032688687548881774,-0.004150917959077824
891,-0.34727705,0.0742402,0.01485338,0.008647924,-0.35451194883377585,0.09060589043356337
892,-0.010289252,-0.017246388,0.010556072,0.009041829,-0.014439911242495121,-0.006280724667439871
893,0.014878254,-0.054153614,0.010264199,0.009051933,0.012639854303799672,-0.03308763567398423
894,-0.22534348,-0.40373284,0.0091835065,0.011757455,-0.22107725731163544,-0.3717714186228117
895,0.07857958,0.15215334,0.009056992,0.008472047,0.08129756255927094,0.1653271934739023
896,-0.17080997,0.16507491,0.012403484,0.014608094,-0.14111153955332625,0.16352383963537484
897,0.0011025318,-0.021601737,0.009026984,0.00786264,-0.0001275233123617182,0.0016363531009669554
898,0.3196018,-0.16552371,0.021745205,0.014956936,0.3343113140180174,-0.14797015367749894
899,0.059406675,-0.8342666,0.00700843,0.018409261,0.06469414301225605,-0.8217636314437373
900,-0.34714407,0.36376536,0.013996193,0.015744513,-0.32341768174698315,0.3714321910366891
901,-0.4638505,-0.1308921,0.015870476,0.0060456614,-0.45046316951629384,-0.10604924921090622
902,-0.015745923,-0.054477535,0.008479023,0.0075196754,-0.007885823983894005,-0.024171801778800864
903,0.28147277,-0.26268694,0.010525048,0.010721803,0.27504353106350743,-0.23856578503499684
904,0.07535069,-0.090454616,0.014632072,0.012506489,0.08034541736671799,-0.05565388421347653
905,-0.05740726,0.37292278,0.009181381,0.013134511,-0.04840516748341411,0.37468298130323974
906,0.30984658,-0.45901936,0.010989948,0.018392796,0.30478205531130487,-0.41958333707963613
907,-0.3307852,-0.043839417,0.026559368,0.0145435305,-0.3624211515390317,-0.023010101118438233
908,-0.039051905,0.023792684,0.01672723,0.014425112,-0.03095056730046848,0.049151564848689336
909,0.017070413,-0.073935255,0.011771018,0.010849845,0.022471678149647803,-0.04997757400243532
910,-0.03377548,-0.110007934,0.008829318,0.0075695156,-0.025946692832823616,-0.08679388895527951
911,0.054856542,0.02537492,0.010013904,0.0084070945,0.05172347596419022,0.041428935207815265
912,0.086749405,0.010938673,0.010787127,0.008625888,0.09563276914467145,0.0250669649051531
913,-0.036224827,-0.21912879,0.008446633,0.007895295,-0.04451036446166543,-0.18175545790266728
914,-0.031545583,0.060181834,0.0101738125,0.009281146,-0.029002754355363154,0.08158261639261301
915,-0.10018426,-0.18247914,0.009546545,0.008330171,-0.11610489380222867,-0.1656852631953938
916,-0.014371105,0.040418394,0.007890075,0.0071499203,-0.017470804297007907,0.06883424743568853
917,0.055779405,-0.14177383,0.008548169,0.009264963,0.057033149304838604,-0.12331290627638898
918,0.02372552,-0.0625116,0.010569874,0.009318095,0.027918427623724193,-0.033970708594081266
919,0.08957341,0.012346304,0.009102118,0.007648013,0.08670891431110937,0.028341575838014554
920,0.14936408,-0.023774385,0.014311539,0.010248537,0.15581865779499404,-0.0003863691537684421
921,0.3211035,-0.20114224,0.014532212,0.0120042935,0.3058579989530907,-0.17265206968206342
922,-0.05127628,-0.08622583,0.012624694,0.010757633,-0.04821944065283019,-0.06808210872165975
923,0.46131286,0.152801,0.01695733,0.00854356,0.4711501475314396,0.1732823383756864
924,-0.053452536,0.06414833,0.008662694,0.0074877497,-0.04734207037879161,0.08680699758225015
925,0.05205316,0.16432491,0.009110742,0.0094240885,0.05179986015230893,0.1927632166353781
926,0.6748313,-0.004325756,0.020199846,0.0055928743,0.6744039786275711,0.01591632088624107
927,0.15262079,-0.03805741,0.013260272,0.009725473,0.16676399684505622,-0.015976780159591183
928,0.2426837,0.14494112,0.009896702,0.0074014612,0.24112621024967185,0.16266564014948728
929,0.35538095,0.22704369,0.012972601,0.008349857,0.3525392127405495,0.24578844610737657
930,0.2346915,-0.21000211,0.012500028,0.016256835,0.2130939147735896,-0.16324460018158643
931,-0.7842832,-0.48910683,0.024673399,0.019002056,-0.7807688856568141,-0.4794794477270506
932,0.24790211,-0.24456462,0.017545182,0.019058727,0.19854462974207351,-0.17745290634726046
933,0.23937161,-0.22732985,0.009862824,0.009776447,0.24814765095858993,-0.20282178880290244
934,-0.040762395,0.008905224,0.010394102,0.00886538,-0.04247856708906458,0.029886647537215982
935,0.17407666,-0.1669127,0.00957689,0.00888963,0.1710746277945386,-0.12982494196010191
936,-0.08464843,-0.4176656,0.008009051,0.010996604,-0.07571305186518455,-0.37597666215676706
937,0.0726369,-0.10859177,0.010102064,0.0095626945,0.07693449401943228,-0.08391662946940823
938,0.4447192,0.33341083,0.015108455,0.010562772,0.42854827874264134,0.3445300716403548
939,-0.08696289,-0.100130126,0.010739482,0.008688724,-0.08073564198157585,-0.07490609047175516
940,-0.0041722157,0.0109600825,0.013068618,0.011568193,0.01080090531044405,0.03595474286898141
941,0.07236144,-0.39271203,0.009018123,0.0142923305,0.0777944814682003,-0.37041905928790747
942,-0.028334223,-0.049945418,0.00833965,0.008100978,-0.021683207089608372,-0.02163111075988503
943,-0.06745742,-0.07165212,0.009374016,0.007065087,-0.06699865627264918,-0.0442313041767333
944,-0.3222696,0.48073882,0.026600227,0.03477801,-0.286171255963252,0.47993448365548735
945,-0.0025237664,-0.0035182172,0.01071035,0.00881853,0.0013142321222351797,0.014482548486203544
946,-0.35812527,0.4467505,0.01315239,0.017014416,-0.3317850950380771,0.4566157282489333
947,0.24495305,0.09373213,0.011922161,0.007330232,0.26876025707388357,0.12122874916463719
948,-0.13722634,-0.14425266,0.0108034015,0.009052363,-0.13178487441487796,-0.11247326970115223
949,0.0020345827,-0.019061811,0.008629249,0.0075458647,0.0027603128312188637,0.0020665624249705298
950,0.0027737017,-0.055602953,0.012722394,0.011465971,0.019532542648133183,-0.042031022571479386
951,-0.113627926,0.106796645,0.008866892,0.009556323,-0.11471773654625086,0.12552941409700516
952,0.3107314,0.00037915912,0.013834663,0.0069182455,0.296525661143787,0.019779044353602587
953,0.04380452,-0.41211492,0.00803968,0.013331894,0.04744865253578453,-0.38278783127977706
954,0.0610071,-0.06610564,0.012178221,0.011372239,0.05837541121718063,-0.033798800330341064
955,0.16821589,-0.19215325,0.013092033,0.013229924,0.1664464793944067,-0.15773019067600014
956,0.3252157,-0.11161212,0.018955804,0.011992225,0.3355486518815305,-0.09410212799966904
957,-0.2649672,-0.26011595,0.011323924,0.01199552,-0.25660705095963326,-0.2252523909172144
958,0.07144015,-0.122706406,0.00900891,0.009952472,0.0687083029813031,-0.10922463175831901
959,-0.004864137,-0.028583132,0.0128182005,0.011477878,0.014833399927173327,-0.009031766129385966
960,-0.0069956067,-0.062189803,0.008604666,0.00796644,-0.00455067023298257,-0.035619738658962424
961,0.02479864,0.0060802167,0.01125933,0.009450899,0.02643076179690168,0.02060624960840836
962,-0.14783187,-0.45171785,0.010198121,0.011022901,-0.14969349897961928,-0.4361871539111306
963,0.1884635,-0.28475457,0.014401789,0.016771352,0.18845007262005906,-0.25945961231227604
964,-0.043801118,-0.41196907,0.00851401,0.012623757,-0.03853039655018259,-0.39786821005129297
965,-0.6933831,-0.18650678,0.019111365,0.006397863,-0.6795335340407331,-0.16218006215779254
966,-0.10318367,-0.12293588,0.008436824,0.0069888947,-0.0983262492483289,-0.09513762630658582
967,-0.032225102,-0.23337284,0.030247226,0.030287694,-0.019154299748171615,-0.1893281653341497
968,-0.08096467,0.090528436,0.009753394,0.009497336,-0.08152562501687811,0.11646306564621896
969,-0.0050176284,-0.19186628,0.009845472,0.010569057,0.0030990703251853814,-0.1536745309195036
970,0.20096245,-0.013357599,0.012550769,0.008046711,0.20025434170904272,0.006100194878913345
971,-0.025911443,0.19176911,0.00870524,0.008788824,-0.020591139845422844,0.21478810207714363
972,0.040803872,-0.026712686,0.008726748,0.007468574,0.0341845942278425,-0.005272826651154326
973,0.1581317,0.28165296,0.015599281,0.019035084,0.19599969784566504,0.3388263496308393
974,-0.08327501,-0.14656734,0.009153031,0.008058502,-0.08345390340421988,-0.11108925088665506
975,0.055557553,-0.08422656,0.01649848,0.014857192,0.0751742835529175,-0.05353723825351461
976,0.03605072,-0.2703821,0.011482797,0.014251437,0.041170736932058825,-0.2419831824120467
977,-0.3200841,-0.19455612,0.018527478,0.0127881365,-0.3098094209680309,-0.17516112664570066
978,0.124719284,0.086279996,0.010692778,0.008878805,0.1320230966163515,0.10933625076273301
979,-0.46429867,0.39158508,0.015883144,0.014286424,-0.4472844290358554,0.4040574558448941
980,0.061915062,-0.17535913,0.012947183,0.012222446,0.06491308792328174,-0.13736118507557965
981,-0.029404387,0.0370814,0.01584337,0.012714861,-0.006282245310229766,0.05456935544403891
982,-0.004934441,-0.0035358677,0.010875217,0.0088143805,-0.003853963563759853,0.00813262351133235
983,-0.23315395,-0.19024728,0.010285792,0.008201007,-0.2256463508889814,-0.1720649358331476
984,-0.18789381,0.41816702,0.012755939,0.021219289,-0.16376214978775092,0.39391345494900915
985,-0.0030922084,-0.014480093,0.012584083,0.0107472,-0.0021596639574383066,0.005763827758252768
986,-0.02338826,-0.046865627,0.009271148,0.0074633677,-0.023911371658155312,-0.0347618374848375
987,0.09862299,-0.0007069865,0.009866955,0.008497392,0.10375817443344591,0.022820967543747885
988,-0.054300334,-0.049916737,0.009832842,0.007765786,-0.06225766377160768,-0.03468638361130787
989,-0.022334147,-0.19354068,0.010468779,0.010623052,-0.010785564109656273,-0.13425021072108184
990,0.095106706,-0.014922024,0.015128653,0.011814373,0.0949954889376861,0.01184578590872163
991,-0.07661973,-0.051720876,0.009616916,0.007790732,-0.06616057399748518,-0.025283913485958986
992,-0.030189414,0.16161783,0.0096335625,0.010547387,-0.02805512707737392,0.1703631762050589
993,0.006303744,0.086138025,0.018489562,0.01605036,0.01340455772025762,0.1027375869826203
994,0.033596065,-0.041131847,0.0093864165,0.008204239,0.03640845625272302,-0.018071616088110167
995,0.11463864,0.195754,0.009370946,0.009404318,0.1188613787326403,0.20589874948497913
996,0.2813487,0.6136348,0.022910751,0.036356173,0.2712954718237003,0.6082430952627722
997,0.019382872,0.07205116,0.012944477,0.011609638,0.025580491745771244,0.08778937585311775
998,-0.31340337,0.01644434,0.01480769,0.0075898,-0.30406712907094324,0.03533805600083273
999,0.023596121,0.022869319,0.008545096,0.007861892,0.025271755320598124,0.04406138888117957
1000,-0.31758332,0.24909607,0.011232807,0.013300571,-0.3063544701241574,0.2634418229382945
1001,-0.6315848,0.28415018,0.018017834,0.010714497,-0.6142144432239988,0.29702801086473735
1002,-0.51224124,0.32285893,0.016215727,0.011798628,-0.4923786424209737,0.33606036013008217
1003,0.25628647,-0.07347761,0.014958493,0.009648296,0.26372238900479855,-0.051689350505329246
1004,-0.007923979,-0.050153553,0.008780161,0.008516875,-0.007356824018433217,-0.025574303685280565
1005,0.13464817,0.8946999,0.0072635026,0.018511122,0.14003384549560405,0.9240979542293921
1006,-0.04150571,-0.15454969,0.009922197,0.008967561,-0.03819011821719273,-0.1225245370397626
1007,-0.018087912,-0.26879838,0.010137468,0.010457637,-0.016570013920388565,-0.24430115979885175
1008,0.20299722,0.024721794,0.0135810245,0.008182598,0.2091828076771875,0.057041319121864074
1009,-0.24095663,0.1372304,0.015593293,0.014364359,-0.23303784626295457,0.1643696237239114
1010,0.17698209,-0.082021944,0.015353487,0.012619219,0.18659733643923138,-0.05977257207741818
1011,-0.23356158,-0.17043081,0.0102086235,0.008006752,-0.23106677876282639,-0.14710204218355147
1012,-0.09231466,-0.043776162,0.011384624,0.008608628,-0.08693339164789457,-0.02875721290772686
1013,-0.70244354,0.092491396,0.019250296,0.0070547997,-0.6738514628784272,0.11635531694924536
1014,-0.037108373,0.36904165,0.0074607683,0.01096687,-0.03163979014468807,0.3529565147710809
1015,0.24024893,-0.23256147,0.012816789,0.0155896805,0.23008751577642086,-0.20333685489016498
1016,-0.2175893,0.0809897,0.017150702,0.011747766,-0.20243963706800744,0.10105397285555437
1017,-0.16514798,-0.06357486,0.012245229,0.007926566,-0.12499823913825499,-0.04123638508166571
1018,0.11927092,-0.25258923,0.008120445,0.010237649,0.11749211664043402,-0.22660107655152215
1019,0.036384802,-0.05211307,0.0097215185,0.008663265,0.034576350941798874,-0.0311273648368405
1020,-0.5390203,-0.22476992,0.015398096,0.006776006,-0.5411099975155892,-0.20194796531043607
1021,0.10132091,0.35958967,0.009770748,0.014996217,0.10242532436181279,0.36288115145621125
1022,-0.07122946,0.80028933,0.0091255065,0.022627743,-0.06736502981589247,0.835410184643446
1023,-0.119944215,-0.068096206,0.013224274,0.009656448,-0.11844304932527185,-0.04781206871543204
1024,-0.01825054,-0.10743595,0.014288978,0.012997312,-0.007033301062099787,-0.07940221269925021
1025,-0.06121949,-0.065713204,0.018145563,0.014794926,-0.05187394015270628,-0.038001801261661014
1026,-0.40627846,0.6153055,0.056278415,0.05776952,-0.35838184760080555,0.625318897181315
1027,0.073743805,0.06326024,0.010728631,0.009029544,0.0722036968052302,0.07581244117744536
1028,-0.28412065,-0.024276204,0.014088939,0.0073728287,-0.2789835849025851,0.003241099172013852
1029,-0.061853096,-0.087710924,0.009770748,0.007814462,-0.06657421001989361,-0.06945431669998528
1030,0.5159395,0.18424705,0.015195462,0.008166568,0.5089624718959582,0.2039049495269165
1031,-0.33112824,0.34928334,0.012887048,0.018668072,-0.2927427991000988,0.3334266412169327
1032,0.037705928,-0.050124962,0.01229033,0.010777771,0.024756714654780118,-0.015119268739972854
1033,0.5856609,-0.4633496,0.014458191,0.013754375,0.5960978531616048,-0.45046106379475953
1034,0.51668596,0.07661608,0.01736899,0.006637779,0.4977544173858347,0.09358425885883369
1035,0.064955905,0.0847934,0.016338762,0.013837428,0.06351741417433242,0.1075345273119068
1036,-0.037888333,0.1987572,0.009247526,0.011437065,-0.029948573027922174,0.1912257526665789
1037,-0.1122324,0.47927424,0.008650877,0.018297927,-0.10438147187287644,0.4776309676160498
1038,-0.06770826,-0.025798537,0.009371773,0.0070142406,-0.07631822445274193,-0.004192252147122326
1039,0.09526768,0.21826291,0.0077369,0.008556221,0.0933864116657511,0.23611958206060296
1040,0.120374426,0.030139469,0.0094249165,0.007012902,0.09809768753762338,0.04932238458663621
1041,0.03419282,-0.07635429,0.008922898,0.009810516,0.03828120067209079,-0.05935659805312103
1042,0.02675957,-0.42343307,0.009289456,0.014458194,0.0269877007463921,-0.3822668279316791
1043,-0.22351821,-0.3607481,0.009004183,0.01066952,-0.22071953607921457,-0.33106219076574434
1044,-0.026163496,-0.19964184,0.008967913,0.00843539,-0.024311878202250246,-0.18116715614252504
1045,-0.12506978,0.3595364,0.012985782,0.018452715,-0.11438878524283788,0.36742955525628773
1046,-0.075357795,-0.09979545,0.019373426,0.016630173,-0.07005834565266944,-0.0724322715159896
1047,-0.2195989,0.19049919,0.0156278,0.016832672,-0.2459689404577425,0.23863304058976134
1048,0.09743731,0.19663942,0.0075148414,0.0076759905,0.10587435916927264,0.2354876274075081
1049,-0.0012491713,0.029344544,0.008868074,0.008248359,0.012149534353846358,0.04654520837012906
1050,0.024201825,0.027084917,0.009177955,0.00768789,0.0224456974566333,0.04588605592446673
1051,0.019460134,-0.04395284,0.085249245,0.08250599,-0.025594091545215737,0.05184343294194891
1052,0.5857239,-0.73777354,0.02456488,0.032164585,0.6072852556685644,-0.7500502032724613
1053,-0.14185047,0.11189934,0.009265125,0.008169868,-0.14499284205345028,0.1270378490406092
1054,-0.07491964,-0.013310277,0.009866718,0.0077842125,-0.07145570995476948,0.013342141020174787
1055,-0.04753727,0.2694089,0.007913494,0.011860189,-0.0449085242291226,0.29861727528068116
1056,-0.1413984,-0.10175748,0.020149143,0.015677873,-0.11240664019832312,-0.0693931989529842
1057,0.020128898,0.011627353,0.009398816,0.008122455,0.020750143546752628,0.030188434557018914
1058,-0.59783065,0.30716792,0.01773844,0.01025438,-0.5723173682458783,0.3330682219227516
1059,0.25397488,-0.10923861,0.010589099,0.009081516,0.2493055486206576,-0.08167018448737655
1060,-0.13931134,0.0043193614,0.010111033,0.0094110025,-0.1364365030051825,0.014402016104750576
1061,-0.051414773,-0.17779723,0.009729429,0.009237684,-0.054956323388595046,-0.14971486712861917
1062,0.48079258,-0.16090667,0.017956715,0.008395893,0.48711170726198455,-0.1401127791519413
1063,0.48594287,0.06853897,0.048712462,0.023181207,0.4154126116529263,0.06793777857472676
1064,-0.10407664,-0.16196957,0.011117515,0.009809393,-0.09291633716578424,-0.12329846412383683
1065,-0.045721624,-0.05588706,0.011144512,0.009290639,-0.035196977135495314,-0.041846698459515295
1066,-0.0685419,0.050777964,0.010078461,0.008196108,-0.06634184329781267,0.07517278499259217
1067,-0.32725066,0.09801149,0.022090884,0.0136713935,-0.3354857049787515,0.13036650397917462
1068,-0.08540477,-0.024303608,0.010377939,0.007650125,-0.09291640252329929,-0.003911130015853605
1069,0.09082146,0.35444337,0.007986463,0.009147288,0.08558321774681825,0.38218679997041305
1070,-0.015578851,-0.023891512,0.01495955,0.013127932,-0.010383820999501643,-0.003754462234506769
1071,-0.14455426,-0.10474268,0.017253703,0.0137707265,-0.12636029617287955,-0.07089062727846411
1072,0.14721614,-0.11285793,0.030118605,0.023677878,0.1620130490818948,-0.0902203643715842
1073,0.023307964,-0.11315822,0.009542056,0.008751224,0.017513023253451235,-0.09211393146943546
1074,0.023133732,-0.013473534,0.009744896,0.008717582,0.021106013425677052,0.006967101673307734
1075,-0.012699228,-0.03342711,0.008263869,0.00726988,-0.010635665922627616,-0.005115729537510717
1076,-0.14605702,0.007315143,0.011207346,0.008180893,-0.14749629222213032,0.029105317632381847
1077,-0.39321813,-0.052186966,0.021601485,0.009288476,-0.41622594811203506,-0.03950600145621921
1078,0.021481503,-0.017228901,0.010970375,0.009070835,0.028067182947236397,0.005300623243488271
1079,0.0572428,0.0011098674,0.009474869,0.00821612,0.06115010477520591,0.027469527877027437
1080,-0.042937156,-0.01046499,0.008762199,0.007459259,-0.04846997271998561,0.009842915244419265
1081,0.29608548,0.03105992,0.011628565,0.0062409253,0.2952606614863602,0.05399380245617827
1082,-0.17277925,-0.69430774,0.008368613,0.015573727,-0.172538696802332,-0.6791253247107164
1083,0.045714986,-0.040785536,0.009164251,0.008268247,0.039973758500746456,-0.015655052716339136
1084,-0.09743787,-0.015025177,0.008697439,0.0072609703,-0.10680658963229886,0.013507308838543087
1085,0.24337623,0.001787453,0.03223331,0.020416493,0.3176930167330103,-0.00013331279277072953
1086,-0.11038432,-0.19063188,0.010871796,0.010373794,-0.11358542163175023,-0.1713348777390132
1087,-0.011171553,-0.038786136,0.02565372,0.022759018,0.01376569380056696,-0.02765106694604482
1088,-0.19452511,-0.17521936,0.01013487,0.008779544,-0.19642035004235825,-0.14816534257780445
1089,-0.015059432,-0.24836701,0.010167322,0.010897573,-9.676771156139633e-05,-0.21223477492738108
1090,0.6941777,0.2146619,0.022042373,0.010294929,0.7142610390954894,0.23858999497534164
1091,0.08435048,-0.042137407,0.009083098,0.0076338826,0.07763213637121678,-0.015515164740751004
1092,-0.028994787,-0.014207029,0.007980787,0.007035202,-0.03315775040259739,0.007279806635810493
1093,0.16388446,-0.0717431,0.009133542,0.0074067716,0.1588889761055536,-0.0496074389195606
1094,-0.6160222,0.15417087,0.016777169,0.007837504,-0.6005931521292165,0.17300455841652532
1095,-0.1726575,-0.08846228,0.012679432,0.009470667,-0.1537758336925651,-0.05086938168154782
1096,-0.34727705,0.0742402,0.01485338,0.008647924,-0.35451194883377585,0.09060589043356337
1097,-0.15787798,-0.19130582,0.011406546,0.011454223,-0.16256660126845113,-0.18524170785204352
1098,-0.141048,0.13892184,0.0084819775,0.009606391,-0.13712213842763302,0.1633058192868607
1099,-0.05939451,-0.18645811,0.015080743,0.014153977,-0.036130175842480176,-0.14935322434510706
1100,0.0009067026,0.2743664,0.02264239,0.0239907,0.01205705602299399,0.2709382262108639
1101,-0.054300334,-0.049916737,0.009832842,0.007765786,-0.06225766377160768,-0.03468638361130787
1102,0.21755634,-0.2642662,0.010658927,0.0122545725,0.21022928172727778,-0.2533365135355485
1103,0.10792528,-0.2758031,0.018938141,0.021952784,0.10679475781394064,-0.2311820786909774
1104,-0.014331067,-0.07958262,0.022435512,0.01929374,0.005204030292271713,-0.07202378471454796
1105,0.010169823,-0.049036656,0.009490572,0.008015759,0.007072025106068582,-0.026497777760690493
1106,-0.035036944,-0.019503538,0.011014118,0.0092962915,-0.02642577052836015,0.0007450862655866988
1107,-0.059285715,0.28686717,0.008237385,0.011993518,-0.05355492075028644,0.3124500617536337
1108,0.18746643,0.13110888,0.015067824,0.011989351,0.20871494541499244,0.1486592107073839
1109,0.7875464,-0.08743169,0.021307684,0.0059735035,0.7772932057216225,-0.06695241276074855
1110,0.20981267,-0.112543754,0.014544901,0.0108235255,0.2086924508742907,-0.0822982720870537
1111,0.24889374,0.08011163,0.010400355,0.0077838167,0.25167528581572146,0.11374021393687636
1112,-0.0021573151,-0.02600848,0.023450283,0.02009658,0.025494292595904584,-0.0011047733283354548
1113,0.1018057,-0.23847188,0.027147982,0.025057599,0.0897681724328906,-0.16907772693231798
1114,-0.004067833,-0.04883507,0.010394219,0.008951191,-0.005432034823155568,-0.030515179172660292
1115,-0.066986814,0.055718075,0.011710222,0.010454017,-0.06445317623897791,0.07997844696208803
1116,0.0058628353,-0.19182897,0.011299878,0.010940728,0.019021425729749256,-0.15914674554205843
1117,-0.32393223,0.5388402,0.011802237,0.020489456,-0.31289944884910503,0.5511149505766192
1118,-0.45353568,-0.44530073,0.027655777,0.028880276,-0.3934576879458791,-0.37551064155136155
1119,-0.02981041,0.086966015,0.008930695,0.008342223,-0.025446144830165426,0.10956826526559585
1120,0.034697935,-0.059763283,0.011865971,0.010968563,0.03710594810032849,-0.03539712167004329
1121,0.087214395,-0.2376881,0.010950566,0.015027222,0.09290894359095705,-0.21141986064231638
1122,0.050904877,0.13057245,0.012286562,0.010742504,0.04507665149200166,0.14086802563850973
1123,-0.16968265,0.054549176,0.04122075,0.034288824,-0.14716272319399537,0.110913724994121
1124,-0.0393749,-0.049496062,0.008577127,0.0072456603,-0.04274817550366462,-0.02232255948258057
1125,-0.32649437,0.04001403,0.012967775,0.0072433855,-0.32001628751523004,0.05877468363186946
1126,-0.4848954,-0.18735483,0.01762635,0.008262417,-0.46823837842326055,-0.1597038048219514
1127,-0.69881606,0.055567853,0.021125618,0.0067561087,-0.6838664117066113,0.07537305686076075
1128,0.17063773,0.13135834,0.0143995555,0.012397787,0.1644347353854573,0.1462454129800721
1129,0.049687274,-0.09620636,0.012488372,0.011956576,0.056427747496326966,-0.07287875390236162
1130,0.0021683597,-0.021954186,0.009099047,0.007483151,-0.0029818006650756197,-0.007719463090813697
1131,-0.11926195,-0.1502552,0.009555045,0.0075108074,-0.12419486866159307,-0.12338249816403209
1132,0.041298006,-0.21953398,0.009459162,0.0107186325,0.055908119090920944,-0.18729240309332953
1133,0.46928716,-0.53881526,0.01185961,0.014518593,0.47610264671282754,-0.5178454305142027
1134,-0.16041936,0.05233752,0.010939836,0.008057158,-0.1481960149104033,0.06377090323446659
1135,0.2124704,-0.2691398,0.0093685845,0.012235475,0.22075681392392627,-0.25736455937059854
1136,-0.10455348,-0.23628092,0.012697912,0.0127866,-0.09956197272256294,-0.20117791972344445
1137,0.13729613,0.18990064,0.008357265,0.0074512023,0.1307042226245386,0.2114421337595747
1138,0.13305457,0.24679996,0.010964478,0.014798219,0.14093980999094086,0.26842391885621275
1139,-0.1625487,-0.08270031,0.012216259,0.008220191,-0.168022739300413,-0.060051741741361006
1140,-0.12468831,0.10434153,0.013816907,0.011480228,-0.1096338931309556,0.11522507416780765
1141,-0.12864077,0.34582213,0.01033051,0.01596785,-0.11699220363109471,0.3431345897235039
1142,0.18119274,0.070244074,0.008329011,0.006932675,0.18685569973903768,0.10081506651381138
1143,-0.4232239,0.03993579,0.012752643,0.007079546,-0.41212119240452266,0.0601751589271944
1144,-0.21352713,0.029729389,0.011464649,0.008006263,-0.21326268888453773,0.053197380639409396
1145,-0.048403937,-0.07915529,0.013164156,0.011197581,-0.028397073705612057,-0.056947270622800465
1146,0.047603726,-0.1671954,0.011122703,0.012683115,0.04814104301125277,-0.14731672192004502
1147,-0.016165946,0.3234367,0.010157646,0.014006087,-0.003452084109600983,0.35233026908443493
1148,0.7084024,0.4573447,0.017521989,0.01564802,0.6907640255530545,0.4688605138050267
1149,0.00065439614,-0.124367826,0.008307021,0.0074492744,0.001124556060427009,-0.09767323452052158
1150,0.04221169,-0.31782973,0.022464886,0.023027211,0.054096762603061,-0.2620539317442189
1151,-0.06607358,-0.05044509,0.011401715,0.009191525,-0.060729803984630695,-0.026667761622003877
1152,-0.60702527,-0.20456839,0.018499978,0.0070790295,-0.6088791468413653,-0.17770339465669083
1153,-0.07612016,0.26154906,0.010240954,0.014626147,-0.06219304518875296,0.28244980765576316
1154,-0.37854818,-0.066405,0.023816908,0.011789524,-0.34439985435769643,-0.04524991323832891
1155,0.03950528,-0.026539184,0.014055322,0.012398849,0.045804707120232484,0.0013077024759143136
1156,-0.3252427,-0.7683762,0.007818045,0.015648948,-0.3273834471797387,-0.7437936860234697
1157,0.095352635,0.0146838045,0.009892452,0.008051615,0.09102025837213368,0.03465040703960629
1158,-0.05874207,-0.04658994,0.012919528,0.010827524,-0.04512459550756396,-0.026708751426878896
1159,-0.019335635,-0.008066409,0.012915056,0.011242951,-0.0017439079441009368,0.013559290450450397
1160,0.0018528136,0.28094962,0.010995842,0.013740681,0.0021356129571964105,0.3083992982396354
1161,-0.4344408,0.7379124,0.010135815,0.01704598,-0.42363824339129386,0.756275021691586
1162,0.027049493,0.5722907,0.0064386334,0.01152243,0.020717702017539027,0.5411136141208346
1163,-0.018654,0.08946604,0.014851499,0.01335588,-0.01861262799302849,0.10690680196369426
1164,-0.009500863,0.092366904,0.008176847,0.0077766776,-0.011482950575798876,0.11882388322818567
1165,-0.26507485,0.20318916,0.010246738,0.009128658,-0.2586635762779371,0.22081388519514103
1166,-0.04029583,-0.044855595,0.013066972,0.011182032,-0.0289350988213608,-0.029574933754970098
1167,-0.34847164,-0.27518392,0.013491763,0.010606305,-0.36152299758721784,-0.2540736889468413
1168,-0.35912773,-0.2435745,0.0133345,0.009240172,-0.35990152291758776,-0.2197930507360804
1169,-0.5297371,0.28908277,0.014477577,0.009750245,-0.5244474442313153,0.3263222817842527
1170,-0.19730364,-0.21478076,0.012144421,0.0112137385,-0.1865801599568177,-0.19008457205153928
1171,0.18412472,0.10712672,0.013346619,0.01035755,0.19642673051718074,0.13401939041573846
1172,-0.0432799,-0.056160457,0.008892533,0.007222366,-0.04318204384427199,-0.028826976302248637
1173,0.026265055,0.253962,0.016896969,0.017933475,0.05016019896060333,0.2872009279612049
1174,-0.15484105,-0.21249805,0.012424678,0.01243196,-0.1482988985317566,-0.19038494827339209
1175,-0.0071143922,0.023334518,0.011692901,0.010513606,0.00510509557498785,0.050676004405430235
1176,0.09249325,0.027723335,0.00851602,0.0068568713,0.07647500717687666,0.04856321828228706
1177,0.106183745,-0.25611985,0.009217525,0.011402484,0.102548761928481,-0.21758757234319856
1178,-0.025923789,-0.0040105516,0.009983217,0.008436002,-0.021045526330716748,0.015156790721614079
1179,0.16030414,-0.20173949,0.012187053,0.013936715,0.1536606881590282,-0.15875515041281854
1180,-0.02482932,-0.055232257,0.011196382,0.009620951,-0.02002462706477315,-0.03444531205100277
1181,0.6096052,-0.18616706,0.016393764,0.007633308,0.6022981635356056,-0.16221902676310082
1182,-0.1396422,0.07072091,0.008807221,0.0075753275,-0.13889025982484762,0.09268318289110379
1183,0.020031301,-0.07679164,0.010157882,0.009219188,0.01750693634686514,-0.05648698045051808
1184,0.027994866,-0.040746193,0.009486322,0.007866069,0.034209064468930774,-0.021314419286081358
1185,-0.26681986,-0.1308999,0.013949289,0.009031884,-0.26155734383209506,-0.10078018345734724
1186,-0.04758319,-0.25485715,0.0084193265,0.008743096,-0.05233882980161204,-0.22563395898383884
1187,0.25458688,0.25264764,0.012731105,0.012775213,0.25616361759183237,0.2759841277019746
1188,-0.019672463,-0.15278536,0.008996267,0.008139623,-0.022094508478499655,-0.1282089561102929
1189,0.31933492,0.5129522,0.01258891,0.020903567,0.31564276462751917,0.5367926274236959
1190,-0.110942475,-0.009197258,0.0118903555,0.0089022005,-0.09408300140074392,0.010887515062961064
1191,0.027267836,-0.24790949,0.009221541,0.008598618,0.02996106909104924,-0.21603726449366134
1192,-0.06634061,-0.1747685,0.008955035,0.0080440575,-0.06615119209228801,-0.148395545993246
1193,-0.41018316,-0.64499,0.010611983,0.01407068,-0.41016865721054735,-0.6082217711604307
1194,-0.10400877,-0.60046846,0.009067387,0.016985843,-0.1012405664218163,-0.5671563951500532
1195,-0.66554356,0.021343283,0.021439891,0.007572277,-0.6525730491456002,0.04891049290942175
1196,-0.12543282,0.05522635,0.011864087,0.009593113,-0.11700277359370408,0.07838049960914235
1197,-0.05013127,-0.2551268,0.011202748,0.012158062,-0.03882680012327804,-0.23966685018986808
1198,0.43472064,-0.057594128,0.023959495,0.009611666,0.43537613046608803,-0.0410620395948936
1199,0.07128921,0.02057904,0.010278359,0.008726042,0.0805077062869726,0.034550532741060826
1200,-0.09295496,0.060940154,0.010871325,0.009112714,-0.10124958744381003,0.08996164635503118
1201,0.15370397,0.04044296,0.012687907,0.008844922,0.1643188305662715,0.057317456203637575
1202,-0.005408415,0.053532228,0.00839805,0.007989533,-0.001179907431064033,0.07331807110644219
1203,-0.06598824,-0.4311481,0.008698975,0.011138266,-0.06357863106828601,-0.4227221855626335
1204,-0.013378177,-0.06689372,0.010523869,0.00893324,-0.013278518620804432,-0.04820561668627969
1205,0.037134524,-0.09700212,0.011106669,0.010565193,0.03860836657678436,-0.07722117985840773
1206,0.05834989,-0.0073458487,0.013748008,0.011603023,0.07097462340230049,0.008980136157826923
1207,0.15695192,-0.29669553,0.010051789,0.01234561,0.1580223351722355,-0.2589323808734349
1208,-0.13734256,-0.27293965,0.022885237,0.02276212,-0.11807729881032789,-0.22105106484584827
1209,-0.014575405,-0.043414302,0.00879056,0.0075202016,-0.005767285576502365,-0.012327676401156822
1210,0.04431172,-0.07936441,0.009444874,0.007912904,0.05031901533853283,-0.055940814576590094
1211,0.7701563,0.025618777,0.024430405,0.006649381,0.7551387375191274,0.046151094292273855
1212,0.18054594,0.26191622,0.008741164,0.0096106315,0.1799941695051665,0.29558617913558993
1213,0.20689988,-0.13946849,0.013007668,0.012155057,0.17783111074843153,-0.10819624916886106
1214,0.044274796,-0.027447961,0.008885798,0.007411614,0.035194193969479426,-0.007059829959904163
1215,0.047608245,0.0348247,0.009126452,0.0079803895,0.044148943310119454,0.05958463378530351
1216,0.10180814,-0.1344582,0.009071168,0.00882085,0.09879042853591855,-0.11083617612767771
1217,0.030953553,-0.0013396004,0.009311304,0.008391479,0.033387603566257605,0.01715532293106219
1218,0.3254737,0.36285502,0.06436459,0.057701994,0.33773312759047186,0.3694867735651306
1219,-0.061028287,0.024787381,0.009888321,0.0077462946,-0.06034718409143644,0.05309687165687476
1220,0.24757285,-0.057556875,0.010492608,0.0071312897,0.24449449528283893,-0.03296423932387144
1221,0.26141608,0.13958989,0.00998959,0.0075546703,0.23527234891209367,0.1400940131746444
1222,-0.53905576,0.6386086,0.019195804,0.025026623,-0.515528297015983,0.6347946298349868
1223,-0.026318878,-0.11231368,0.0111568915,0.0101762265,-0.023471736093119512,-0.09209458448263035
1224,-0.11280997,-0.14578073,0.010899746,0.008969751,-0.10366769852623173,-0.11678773535704827
1225,-0.012083501,0.0061871773,0.015888426,0.014155906,0.001483319037871545,0.030741699476008574
1226,0.016496286,-0.08797475,0.007888183,0.0072476766,0.016147930279709767,-0.06157150969544942
1227,-0.021459695,0.0037165796,0.011128951,0.008948449,-0.014233181042502225,0.02545832072579944
1228,-0.24187173,0.3202787,0.011743446,0.01735294,-0.22860274123668536,0.32670504788583965
1229,0.045280345,-0.14738813,0.010809651,0.01176082,0.04852464035028144,-0.11675767284226003
1230,-0.60702527,-0.20456839,0.018499978,0.0070790295,-0.6088791468413653,-0.17770339465669083
1231,-0.69367373,-0.27324063,0.022701245,0.0094605265,-0.711279473258802,-0.2557077650555833
1232,-0.34714407,0.36376536,0.013996193,0.015744513,-0.32341768174698315,0.3714321910366891
1233,-0.71702045,-0.11619764,0.03208105,0.010152386,-0.6859055050692379,-0.08691508744369365
1234,0.113483325,-0.00559307,0.008739511,0.0067558894,0.0775259491394051,0.004388483428879168
1235,-0.7159768,-0.06346881,0.026171219,0.007845046,-0.6986176409843959,-0.03604568405433159
1236,-0.012095248,-0.027544577,0.01180306,0.009665595,0.0007583180109290698,0.00014493447883179213
1237,-0.31299984,0.6248519,0.009975901,0.019385898,-0.3290592801468093,0.6684256718363079
1238,0.17147541,-0.12078462,0.015462893,0.01324335,0.15715369028323567,-0.09695162004290914
1239,0.50435627,-0.30608195,0.0122336885,0.009497771,0.4995788929142143,-0.2849246421057282
1240,0.2882776,-0.057770275,0.013336854,0.0076270294,0.29546613709249514,-0.034499222933225694
1241,0.61817515,-0.54324055,0.01417298,0.012130448,0.6232531586809934,-0.5215266301182827
1242,0.01333084,0.043396473,0.0118305115,0.011065726,0.024229417365103624,0.06340202303215271
1243,0.06493358,-0.10486699,0.009354531,0.009415169,0.06442157241408111,-0.08400148974837922
1244,0.09372881,-0.038105555,0.01967469,0.015760863,0.10986138645126638,-0.028887013537725967
1245,0.20374773,0.06542614,0.01817717,0.011733635,0.19448310210574302,0.07933349945690325
1246,0.23749368,0.09069362,0.009994667,0.0068971426,0.2167418754192444,0.10034627183861185
1247,0.03735075,0.056377232,0.010368264,0.00881945,0.034959024619452536,0.06700737677817697
1248,0.0769313,-0.2686818,0.019828035,0.020878196,0.06447923582463014,-0.20636649883416602
1249,-0.026515588,-0.03504096,0.009426923,0.007467921,-0.025296015505205965,-0.012147961773742865
1250,0.030195523,-0.05323346,0.010052733,0.009606468,0.04039528503256862,-0.03766410098590261
1251,-0.27575976,-0.019662045,0.01259715,0.006719619,-0.2773927346821476,-0.0007504718795425016
1252,0.60791194,-0.3082967,0.027182091,0.016873067,0.6263336829087954,-0.2904418516175037
1253,0.0319125,-0.092156604,0.008348162,0.007392763,0.038037366468205554,-0.06730659018780825
1254,-0.023200393,-0.06626962,0.0106215365,0.008693026,-0.0189652324027338,-0.04242324433441844
1255,0.46613646,-0.3169785,0.028307373,0.020650035,0.4734070421336635,-0.2952973622486889
1256,0.003347335,-0.011400499,0.010277886,0.008827569,0.008347805428015193,0.01364868088962393
1257,0.45653653,-0.0650091,0.020065486,0.008042292,0.4451512997521398,-0.039550246754351946
1258,-0.5277208,-0.29507998,0.016297242,0.011169931,-0.5217519829677634,-0.2715675127196695
1259,0.15515782,0.049941428,0.009068923,0.0065487437,0.14951429937168167,0.08084855763872023
1260,0.031716324,0.05581401,0.008520628,0.0074955584,0.030509182010741452,0.08357698577737604
1261,0.2985441,0.33051127,0.014047682,0.017355805,0.2647943777836824,0.31137423450770896
1262,-0.01997753,-0.2989402,0.007984809,0.008160829,-0.016238069189835665,-0.27038752283507456
1263,0.059006568,0.07508551,0.008223316,0.0072822836,0.0599202593435952,0.10366488897165224
1264,-0.020498171,0.030182071,0.012980014,0.0111294435,-0.004344356682137504,0.05218680746316856
1265,-0.015801754,-0.0056575397,0.010015792,0.008572708,-0.015565149570359508,0.019573256631407576
1266,-0.49395177,0.035429716,0.05417888,0.024845812,-0.46072530378378757,0.05321015884205247
1267,0.08077345,-0.03698358,0.009152439,0.007172301,0.0701068877495094,-0.016417480349157965
1268,-0.11729117,-0.27671525,0.010100294,0.011182949,-0.10974750208393483,-0.24885553235380062
1269,0.8577721,-0.1850623,0.029563105,0.009105289,0.8458464579934999,-0.1593068848631734
1270,0.1252155,-0.15525766,0.009740527,0.010680503,0.12649531290841887,-0.13304958288588806
1271,-0.17890345,0.037033804,0.011922161,0.008984642,-0.1627592424795455,0.04553167586093507
1272,0.124333136,-0.006944985,0.01321745,0.009841054,0.12468562837555966,0.020071407989518734
1273,-0.16041936,0.05233752,0.010939836,0.008057158,-0.1481960149104033,0.06377090323446659
1274,-0.019664075,-0.008252674,0.008386701,0.0072584734,-0.01386365722860353,0.012146796184589593
1275,-0.057342604,-0.09010102,0.008545096,0.0072442167,-0.05993360165112078,-0.06307062080648654
1276,-0.22428758,-0.15029013,0.013816907,0.010161722,-0.20734167759269986,-0.12161043772957279
1277,0.20622797,-0.24759227,0.009079673,0.008177442,0.20694067174964786,-0.21617189854981358
1278,0.18531612,-0.28032902,0.010148914,0.010976069,0.20066331727431105,-0.28169432548417134
1279,-0.22714238,-0.19385152,0.012248879,0.010259766,-0.23571846909790636,-0.1792008384490169
1280,0.110848844,0.03569659,0.011256146,0.00913494,0.1086154275946118,0.05560541602410177
1281,-0.089272924,-0.04640597,0.009713727,0.0071380665,-0.08821998467389645,-0.028625333238879357
1282,-0.06146927,0.0056940233,0.010243669,0.008729108,-0.05645449032014481,0.03016303305288438
1283,-0.119042754,-0.10092422,0.021042982,0.018544678,-0.10554350855072141,-0.10730085157796367
1284,0.075211376,0.03638386,0.010641116,0.009311612,0.08268096006041933,0.07397934187284315
1285,0.015948124,0.37145007,0.007517917,0.009689619,0.01625961080988807,0.3913269155993187
1286,-0.14245765,-0.061521105,0.00907164,0.007127341,-0.14870735247124828,-0.041454598816631764
1287,-0.014256576,-0.07639579,0.010110679,0.008504202,-0.014292388931326182,-0.05415683416870567
1288,0.01847257,-0.018851876,0.010569756,0.009444964,0.021837120081282406,0.002250291510474461
1289,-0.2992708,0.016365469,0.014022878,0.0072952793,-0.3045287008385077,0.033464978521528285
1290,0.63140965,0.030894853,0.020543724,0.005991484,0.5565930782483698,0.0432710176432401
1291,-0.03214172,-0.03566748,0.008944638,0.00738537,-0.026334716519527703,-0.005950026423075704
1292,-0.08499921,-0.04980899,0.014536323,0.011731119,-0.08495721417113071,-0.02633400650101194
1293,0.10759634,-0.078495994,0.00870063,0.008348659,0.10510078423646763,-0.04927675015766988
1294,-0.04616145,-0.032695934,0.009759178,0.007849799,-0.041761368956136184,-0.006196624624421351
1295,0.23802955,-0.038965523,0.012625873,0.007927764,0.24287580152342803,-0.020148244347083292
1296,0.0865406,0.016692027,0.017462127,0.014904279,0.09672950854409243,0.04633819007221735
1297,0.026882602,0.10099861,0.008393675,0.007897871,0.023418976082787233,0.12031845781281586
1298,0.07702422,-0.21143168,0.008115597,0.008380128,0.07583827792220069,-0.1854368805632231
1299,0.32093662,-0.06456389,0.011598637,0.006134283,0.32870594075462467,-0.03654750596855423
1300,-0.5933478,0.029905863,0.020859933,0.007369391,-0.5851585060762872,0.05311036634472145
1301,-0.60559833,-0.07269837,0.049169257,0.017839702,-0.5533376200436123,-0.046633811794337274
1302,0.45922846,-0.54616874,0.010779107,0.013182116,0.46713052466463467,-0.5234321682784268
1303,-0.06883155,0.46169847,0.010475148,0.01743178,-0.059579934497818614,0.4520684674832704
1304,-0.048403937,-0.07915529,0.013164156,0.011197581,-0.028397073705612057,-0.056947270622800465
1305,0.45366085,0.09738007,0.015628034,0.0067558517,0.44460094012203033,0.11462262600323149
1306,-0.37941056,-0.6290453,0.03290246,0.046115298,-0.35667057126483837,-0.5856988533944764
1307,0.11954379,-0.34296435,0.024345946,0.026492184,0.1309355985655431,-0.33126961773889263
1308,-0.687926,-0.44267237,0.037016552,0.025964374,-0.7144427521903588,-0.43760823273379607
1309,0.28668657,-0.13457523,0.010479632,0.01004173,0.283646898827143,-0.09884227061784179
1310,-0.3260052,-0.5937133,0.0087419925,0.0135146035,-0.3372681001934616,-0.5707310544178255
1311,0.2242132,-0.16802624,0.013358731,0.013344859,0.2344485938974307,-0.15792016355964636
1312,-0.30005282,-0.2962347,0.011601347,0.011789121,-0.30639615425289835,-0.2787852866530342
1313,0.17594694,0.62882864,0.007961746,0.015172469,0.17594028032316103,0.6307471735438555
1314,-0.06898928,-0.1099283,0.008517793,0.007222752,-0.06458260798484992,-0.08258241076235699
1315,-0.26095414,0.0025389856,0.013025905,0.007364487,-0.2549375362263397,0.02048050117062486
1316,-0.007758888,0.032197475,0.009774879,0.008117589,-0.013926925208989116,0.044791353521616575
1317,0.0015636426,-0.49167264,0.008099989,0.012270637,0.009559552529008707,-0.4657034022973993
1318,0.20689988,-0.13946849,0.013007668,0.012155057,0.17783111074843153,-0.10819624916886106
1319,-0.0012812004,0.042221397,0.0091986265,0.007863429,0.003512596372464787,0.06144461938089598
1320,-0.035557758,-0.021515261,0.011268171,0.009439075,-0.03039315308214661,0.005991133026633527
1321,0.011851378,-0.053909242,0.00839143,0.007199846,0.009897282285885349,-0.02944080716151698
1322,-0.026325159,-0.022820711,0.008079413,0.007077528,-0.021490654519728678,0.004184723839460666
1323,-0.09920876,-0.26113293,0.008790323,0.008071042,-0.09187138624805814,-0.23389495846967884
1324,0.15684003,0.25255832,0.008471812,0.008721962,0.16334411217747224,0.27723063627882927
1325,-0.032629006,0.1980522,0.011837577,0.012257566,-0.02841422436287882,0.19675636678255615
1326,-0.0124304425,0.021874465,0.010146435,0.008496884,-0.0072902276850885205,0.047406291610902866
1327,0.2567405,-0.16843425,0.012243225,0.010240124,0.24828591305674552,-0.13969021387074
1328,-0.18815075,-0.09502057,0.0133052105,0.008422441,-0.19085930307755763,-0.06902821375263643
1329,-0.19758734,-0.5398305,0.0075920993,0.013821343,-0.21779310215164957,-0.5590631875409816
1330,0.1194384,-0.13760856,0.008900448,0.008349408,0.12007197876155672,-0.10937095133125001
1331,0.03550039,-0.19361669,0.008542378,0.008470058,0.03146494820015597,-0.16751121243473394
1332,-0.5097281,0.13329616,0.024093447,0.012486696,-0.5013778565842242,0.14824057519716272
1333,-0.460834,-0.3677825,0.014760586,0.011698098,-0.4601904648661397,-0.34612005734677137
1334,-0.12893406,-0.097377405,0.008656903,0.007664556,-0.14372397379061166,-0.0816377541298427
1335,-0.15352659,0.008352487,0.011275008,0.0081435535,-0.13789505880436903,0.03308045574411248
1336,0.65894127,-0.22047353,0.02197777,0.009833062,0.526725185238338,-0.14155865151853347
1337,0.36962062,-0.46628729,0.031681173,0.03616217,0.38820020202191674,-0.4707781337871568
1338,-0.12051332,0.11947698,0.008443442,0.009632232,-0.12159414920082204,0.14579401595301986
1339,-0.08499921,-0.04980899,0.014536323,0.011731119,-0.08495721417113071,-0.02633400650101194
1340,0.064889856,0.24537045,0.010469957,0.011846855,0.06912122996590894,0.24954453531678752
1341,-0.032901302,-0.24207169,0.011114804,0.0120866345,-0.028027882634867815,-0.22908096170792
1342,0.106439225,0.08618765,0.009864594,0.008211835,0.11085057611227472,0.09144589073102337
1343,-0.026201643,0.00850997,0.011110796,0.009541396,-0.014827417661961903,0.02734159398120652
1344,-0.0041562957,-0.031981494,0.010120592,0.008935729,-0.0028241340537322425,-0.014178540433998086
1345,0.309378,0.027873777,0.020366661,0.009503761,0.3140724817453128,0.03912207169845551
1346,-0.059301868,0.018636666,0.020543609,0.017147467,-0.03965612157981627,0.03587294864574356
1347,0.6906996,-0.13789268,0.017094102,0.0062649674,0.6914636482841806,-0.11347031992511157
1348,-0.118210874,0.20360242,0.015181137,0.017045194,-0.11198012069910628,0.2206848967423699
1349,0.02671906,0.00723192,0.01072639,0.008967272,0.03692487765743577,0.028177765247548912
1350,-0.32797056,0.2729056,0.013061206,0.014986966,-0.30939396902445454,0.2868890362159955
1351,0.025360834,-0.021338344,0.0089797275,0.007988487,0.030427958945753713,0.0027034282090918527
1352,-0.03758473,-0.005452634,0.009085815,0.007331602,-0.036797156939696374,0.01789517854502076
1353,0.33606964,0.13863641,0.01939108,0.011978035,0.3304170296170545,0.15522239573545815
1354,-0.11607382,-0.044731542,0.009587162,0.0072748587,-0.1201464520241546,-0.021602109508100917
1355,-0.013609864,-0.007279494,0.009451368,0.008881482,-0.0033115589248837543,0.01785903156770863
1356,0.19026309,0.1483899,0.010189505,0.008362145,0.18840118180930665,0.1682806454025231
1357,-0.091825664,-0.07895305,0.010684875,0.00815573,-0.08277761249735768,-0.05355792386035496
1358,0.50699604,-0.21072556,0.01666146,0.0105180945,0.49479690359039014,-0.1916874439056303
1359,-0.059786886,-0.008768299,0.009083335,0.007613585,-0.05973198671981417,0.011347406071558042
1360,0.110068984,-0.19823241,0.008515547,0.009880639,0.11534772152060753,-0.17369767563240623
1361,-0.08641644,-0.4808265,0.012551357,0.018834505,-0.06319327126675123,-0.4559922723965707
1362,0.017442845,-0.026378319,0.008717766,0.0074060415,0.016884105966307125,-0.0044364138741277565
1363,0.0064265137,0.07703859,0.008765626,0.008043993,0.0064960826702085625,0.10050336756890302
1364,-0.0147174895,-0.107015945,0.010658573,0.009843711,-0.016506039619916403,-0.08076199441717691
1365,0.26355803,0.122380346,0.016547848,0.011413286,0.24942902391647834,0.1395279769268579
1366,0.004206113,-0.17969182,0.014561936,0.013824289,0.013294338554872321,-0.1295201308709439
1367,-0.22714238,-0.19385152,0.012248879,0.010259766,-0.23571846909790636,-0.1792008384490169
1368,-0.13780706,-0.09055331,0.011398059,0.007960738,-0.1417740387757281,-0.06755464195053168
1369,-0.033685558,0.049933396,0.008496753,0.007587796,-0.024381220129043472,0.07376956539989037
1370,0.25512168,-0.27833837,0.013199685,0.014016038,0.29455341997365064,-0.2856318452554901
1371,0.3729147,-0.44582114,0.011132136,0.012559048,0.3651580405420432,-0.41558121166887874
1372,-0.17025043,-0.7616621,0.00629495,0.013724532,-0.16243925850301513,-0.7278326862690513
1373,0.0040676673,-0.07795124,0.009587989,0.00823181,-0.0036826481463408094,-0.06202923291287428
1374,0.35185897,0.73048615,0.013266742,0.025914136,0.3561833470893084,0.7529889759081742
1375,0.018817663,-0.025792457,0.008465902,0.0072527938,0.0062764389520434056,0.002893695407283701
1376,0.012506869,-0.04928423,0.009402007,0.008221236,0.014021717334089513,-0.025293775092493753
1377,0.45944864,-0.5603646,0.018241903,0.026102133,0.4537846391004823,-0.5378455262762093
1378,-0.0708633,-0.07218516,0.01027647,0.008241579,-0.07550705508288741,-0.05064942366847055
1379,0.10784589,-0.20496862,0.008899504,0.009112344,0.10566307426711978,-0.17233474683453762
1380,-0.14679646,-0.25706732,0.015120197,0.015234319,-0.13547051311246217,-0.22947260486166196
1381,0.10278143,-0.13286023,0.0085511245,0.0077678645,0.10684376250948519,-0.11111736378657133
1382,0.075211376,0.03638386,0.010641116,0.009311612,0.08268096006041933,0.07397934187284315
1383,0.5873618,0.29392847,0.017441392,0.00990782,0.5850876849682548,0.31833656450698977
1384,0.39136794,-0.16892211,0.023843912,0.013812866,0.3796514115941286,-0.14921598523797114
1385,-0.07575554,-0.05525668,0.008303829,0.007233688,-0.07447633711460686,-0.02738131926486933
1386,-0.06898928,-0.1099283,0.008517793,0.007222752,-0.06458260798484992,-0.08258241076235699
1387,0.024565842,-0.022533871,0.009037026,0.0073271557,0.02616702373657027,0.0032608028559070854
1388,0.008634595,-0.015970059,0.008124939,0.007087321,0.009387603636894119,0.012863822554704798
1389,0.12580274,0.105753325,0.011673107,0.009838971,0.12247557285808736,0.12035200206595237
1390,-0.2649017,0.0349985,0.0155636,0.008411204,-0.2528235006689778,0.053047645533317124
1391,-0.2797709,0.10082815,0.013391668,0.009687624,-0.2695992646360638,0.11437015508397955
1392,-0.006927814,-0.016365178,0.015513246,0.013448455,0.0037850317535450175,0.0033303345914139798
1393,-0.15342142,0.01615747,0.01705531,0.011843839,-0.12341960237344532,0.040105762309619895
1394,0.036111325,-0.10572797,0.008691177,0.007954039,0.03268888849454453,-0.08205779803101892
1395,0.006303744,0.086138025,0.018489562,0.01605036,0.01340455772025762,0.1027375869826203
1396,0.08617874,0.3389126,0.008393558,0.011061173,0.07508708305119481,0.34828192138947633
1397,-0.14416328,-0.0978738,0.010654563,0.007637382,-0.1474290009747236,-0.08079040103779854
1398,-0.2606622,-0.73555505,0.0068178247,0.012832357,-0.268461476064177,-0.7082945375212412
1399,-0.7983107,-0.4277089,0.017123163,0.010377088,-0.8127449364406436,-0.411899967055323
1400,-0.008427143,-0.059156597,0.014005364,0.012608225,0.002764089484722859,-0.04196672404076621
1401,-0.056169502,-0.064674415,0.017373443,0.014641976,-0.05218519948460401,-0.046538027045676035
1402,0.022405405,-0.014610724,0.008965668,0.0074153477,0.01720909047245715,0.005448191568388294
1403,0.015754472,-0.038683563,0.00866943,0.00748303,0.012443146680888244,-0.011790325425601702
1404,-0.7572723,0.44490045,0.014402143,0.010815564,-0.7524384172677775,0.46279630564871166
1405,0.29602537,-0.08652979,0.014852792,0.008915577,0.29381792554662994,-0.05962395852825318
1406,-0.005786545,-0.015810363,0.009837563,0.008024309,-0.007979523156895934,0.002562373972298496
1407,-0.0645708,-0.30612803,0.009467309,0.009464512,-0.06708527663509818,-0.2859746634352233
1408,-0.32725066,0.09801149,0.022090884,0.0136713935,-0.3354857049787515,0.13036650397917462
1409,-0.009734746,-0.059726246,0.012999195,0.011762673,-0.0015735773557384227,-0.042036242003047286
1410,-0.24248433,0.18323556,0.0131276855,0.014449412,-0.23157635224480652,0.20504493829310896
1411,-0.2102625,-0.82657474,0.0058301133,0.015293772,-0.2185142951457332,-0.8359963593585787
1412,-0.27069172,0.09443859,0.014715481,0.010291266,-0.2543910407955847,0.10477927778743239
1413,-0.74774873,-0.08984769,0.020438261,0.005612109,-0.7439013538239642,-0.06737542561755468
1414,0.02449232,-0.2726874,0.0076158796,0.008538712,0.025762661470796252,-0.2514456537820491
1415,-0.032358,0.01709368,0.009140273,0.0074874614,-0.03384569391095046,0.03856024214122553
1416,-0.013072645,0.7679454,0.00901458,0.02213758,-0.0024405319452582086,0.7798508108866591
1417,-0.013792481,-0.039614238,0.007889366,0.006947837,-0.014574360464094202,-0.012859395427415952
1418,-0.66549855,-0.15262347,0.019366995,0.0066757253,-0.6607487289304095,-0.1294337679058926
1419,0.020100582,-0.011990228,0.009925974,0.008798384,0.015562148749455124,0.0021870202987672293
1420,-0.09291471,-0.053046353,0.0085831545,0.007634981,-0.06441142040250872,-0.016712647803973784
1421,0.2327729,-0.24426296,0.018170498,0.017682027,0.249116386463924,-0.22783370198109304
1422,0.03726362,-0.02111607,0.009552919,0.007985282,0.03741009542678109,0.005748725098757066
1423,-0.11966753,0.2162242,0.010053441,0.013857786,-0.11364589737045122,0.22222885005117746
1424,0.10180814,-0.1344582,0.009071168,0.00882085,0.09879042853591855,-0.11083617612767771
1425,0.02617019,0.04364208,0.009402361,0.008543293,0.02977997561127433,0.06626011069038977
1426,-0.074295014,-0.08014051,0.016277542,0.013171681,-0.04844801905824528,-0.041862406978634095
1427,0.29952466,0.43215317,0.008896904,0.012186219,0.29131096382085264,0.43950163699701844
1428,0.027819647,0.1657213,0.0106352195,0.01007366,0.034164156642082597,0.17580506776753085
1429,0.08611747,0.0018777614,0.008875518,0.00777892,0.08717198370030167,0.02627890718541857
1430,0.05132824,-0.011150771,0.008935068,0.007406967,0.044101180867736,0.010358218700237572
1431,0.20655532,0.46251532,0.03127837,0.039964218,0.23395411530064347,0.4996170527693556
1432,-0.015854804,-0.025896143,0.010087311,0.008471469,-0.013484340992545663,-0.0030404011348116092
1433,0.17803816,0.045333706,0.022513837,0.015416119,0.20851005647084633,0.0764055273759939
1434,-0.14245765,-0.061521105,0.00907164,0.007127341,-0.14870735247124828,-0.041454598816631764
1435,0.02479864,0.0060802167,0.01125933,0.009450899,0.02643076179690168,0.02060624960840836
1436,-0.04014597,0.27710587,0.0074793454,0.00968984,-0.03425823825289149,0.30299147072266336
1437,-0.16545382,-0.11327179,0.01229292,0.009227798,-0.14613260640641598,-0.08536828664117768
1438,-0.42880043,-0.32311493,0.012738284,0.010248406,-0.4251635462215891,-0.30458255009994256
1439,-0.3015691,0.29495317,0.013333559,0.016420916,-0.28186925083981085,0.3095068266278897
1440,-0.023756167,0.04051379,0.008716585,0.0085670855,-0.02452268028730297,0.06839790411400778
1441,-0.004815049,-0.043336816,0.011386981,0.0102207055,-0.0027848650689562783,-0.01800727112140903
1442,-0.20184809,-0.12347228,0.017335718,0.012682044,-0.19366762910212623,-0.0971984921922855
1443,-0.028220415,-0.030281976,0.008259021,0.0071674213,-0.021783933936826896,-0.004418708135128916
1444,0.09201847,-0.19673002,0.008288578,0.00902701,0.0913838006286744,-0.17476364952444776
1445,0.55268985,-0.2636956,0.07379762,0.050295625,0.4922871949580868,-0.18849704759879243
1446,-0.71104133,0.24384966,0.018304177,0.00884422,-0.7095663280615156,0.26787076047579694
1447,-0.05574006,-0.00861279,0.0096601285,0.007930242,-0.05873620519412124,0.010661386588108304
1448,-0.7745565,0.17721492,0.019749027,0.009605148,-0.7793070185862625,0.20258214180637596
1449,0.09958823,0.024814598,0.008664704,0.00703717,0.09610462018190784,0.03657174426762372
1450,-0.02501248,0.018312693,0.011169269,0.009644171,-0.01735034416988416,0.03961234581792221
1451,-0.006057222,-0.07366462,0.010944787,0.009287673,0.0019438861215786748,-0.062345032782056824
1452,0.2417619,-0.11896335,0.012732987,0.009677961,0.2545201973913702,-0.10068527591372407
1453,-0.07362486,-0.063400336,0.011608062,0.009172057,-0.0626973742931494,-0.03993148083851113
1454,-0.0030493434,-0.031465136,0.008167506,0.007068706,-0.002459558486262479,-0.006585168200686065
1455,-0.012583196,0.31219962,0.007470826,0.010471417,-0.01917804771615557,0.21030100793388623
1456,0.14635156,-0.16222921,0.013695211,0.012674653,0.1775627635918551,-0.13768792606633548
1457,0.045943122,-0.25821123,0.007672191,0.009000079,0.04256598780696633,-0.1910943896343209
1458,0.1251026,0.40062046,0.011783739,0.019901086,0.12129792177616586,0.4092924154087649
1459,-0.014051285,-0.0145205045,0.0106710745,0.008772642,-0.018901832714859106,-0.0007664607513538325
1460,0.113237746,-0.6866353,0.0074975663,0.019366182,0.11873147714250247,-0.6691475838632538
1461,0.059846867,-0.071767084,0.011686185,0.0106264325,0.05838128330164884,-0.04586311450973201
1462,0.030953553,-0.0013396004,0.009311304,0.008391479,0.033387603566257605,0.01715532293106219
1463,0.0020368923,-0.102037735,0.00831506,0.0074194623,0.008731528048308124,-0.07382088554902368
1464,0.19800867,-0.9026478,0.008331021,0.021927241,0.19607141477248782,-0.8873543249618158
1465,-0.14416328,-0.0978738,0.010654563,0.007637382,-0.1474290009747236,-0.08079040103779854
1466,0.004747788,0.005005325,0.023760103,0.020151198,0.011329064408249961,0.04009606218155091
1467,-0.120713055,0.002434834,0.0153430365,0.011791713,-0.10733323096119364,0.023865736206402945
1468,0.08777631,0.41931334,0.016862623,0.02315861,0.07220803660881227,0.3905062555297605
1469,-0.3250028,-0.1354253,0.024561277,0.0143926805,-0.2946167352077415,-0.10279055141792923
1470,-0.6160222,0.15417087,0.016777169,0.007837504,-0.6005931521292165,0.17300455841652532
1471,0.52789015,-0.042091373,0.05564852,0.023825865,0.5868421010527527,-0.014481724985790263
1472,0.26849222,-0.36800176,0.010072796,0.0124070635,0.2695543113347307,-0.33676734555744303
1473,-0.1996065,0.036964126,0.009924794,0.006915372,-0.19977956900763677,0.060383359441140504
1474,0.07323497,0.13465765,0.027067928,0.023839215,0.0912499485814198,0.1519657128244797
1475,0.10183808,0.04191532,0.014516352,0.011121191,0.10204178907102894,0.05042008181980512
1476,-0.0047099455,-0.063157395,0.00890104,0.0079144165,0.0029546581185873146,-0.03180587288411744
1477,0.08902854,-0.022365406,0.00881951,0.0074612414,0.09833652706257678,0.007390857723201532
1478,-0.016231172,0.04374165,0.011932176,0.010704267,-0.002303207744874991,0.05774746617028049
1479,-0.18474962,0.2869399,0.027383123,0.027487183,-0.17107904989124145,0.3193977235570437
1480,-0.01232929,-0.028631657,0.01199378,0.010187737,-0.0009109348738264606,-0.0003039679368557298
1481,-0.47911143,0.061659098,0.03292057,0.0138695,-0.40587204808311406,0.07586046397191325
1482,0.23954536,-0.112569444,0.010799862,0.007766343,0.2375311700974156,-0.08623611781275345
1483,-0.08674228,-0.22954403,0.00847654,0.0076806694,-0.08044311543878187,-0.1997846259895862
1484,0.05268947,0.007775723,0.008302173,0.0072179292,0.05925430106524139,0.03564670490685208
1485,0.27103812,0.14989442,0.01420001,0.009781984,0.2599247718214992,0.16089978773335334
1486,-0.19801848,-0.15321139,0.010363544,0.008071121,-0.2044201544171546,-0.13234042018333456
1487,0.0831517,-0.0071147615,0.0086504035,0.0073912865,0.08017109893676323,0.01317785049197947
1488,-0.034808666,0.005039259,0.01556583,0.013224159,-0.024230996933341277,0.020886378543444686
1489,0.5513203,-0.15536012,0.053523142,0.026173813,0.5921675136357756,-0.12302595813761755
1490,0.47284707,-0.114575684,0.022434575,0.009808157,0.44798971061901527,-0.09114616542214585
1491,-0.36325812,0.0864341,0.017543657,0.010647135,-0.3338176320835372,0.10064790823695814
1492,-0.12636784,-0.04610677,0.018132217,0.0138179865,-0.12399663819579652,-0.02421840514952484
1493,-0.046729863,0.2443286,0.007963166,0.009471419,-0.04466264535517032,0.27029167165643986
1494,0.023133732,-0.013473534,0.009744896,0.008717582,0.021106013425677052,0.006967101673307734
1495,0.06380294,-0.13662434,0.019591464,0.01715001,0.08298306235527644,-0.08895534306989698
1496,-0.07960883,0.01890885,0.011392875,0.009310417,-0.0718675598149034,0.03935121632204959
1497,-0.08495572,0.05363956,0.008168572,0.0075377915,-0.0861063331174181,0.08036137089675245
1498,0.18059552,0.16176051,0.015370509,0.013786173,0.17307798488511847,0.16220774682007602
1499,-0.082542375,0.92834365,0.0059707835,0.015931526,-0.08667559403223687,0.9228491604253314
1500,-0.06113392,0.08538352,0.0126738995,0.012066838,-0.05358107740183561,0.11307123717958452
1501,0.26989856,0.8678731,0.007974401,0.016916491,0.2582847142642318,0.8709832190506409
1502,0.039769102,-0.2332359,0.008361993,0.008343415,0.03755420545765508,-0.2057274984844699
1503,0.120238125,0.21326926,0.008125176,0.009674796,0.12056021558595892,0.23184578725013166
1504,-0.29473242,0.19331777,0.013608074,0.010689588,-0.2798192691173026,0.20503951595329417
1505,-0.25374696,0.41113806,0.009165199,0.011470734,-0.24428644422052206,0.42835980861042927
1506,0.010769624,-0.10115332,0.013587728,0.012968695,0.014550111684359355,-0.08600629797047724
1507,0.032681677,-0.03653,0.0083809085,0.0072192517,0.03228511608918856,-0.011814828297919827
1508,-0.015745923,-0.054477535,0.008479023,0.0075196754,-0.007885823983894005,-0.024171801778800864
1509,0.1125281,-0.1406844,0.009216343,0.010052509,0.11402061645306795,-0.1223528074655123
1510,-0.033638623,-0.12722316,0.010886067,0.009503176,-0.024667333618976356,-0.0929133815288378
1511,0.050655033,-0.038392868,0.009523636,0.008381674,0.0537512875938755,-0.02125623872054144
1512,0.20548528,-0.0010785619,0.011556922,0.0073287645,0.2064787688323238,0.021746369117536753
1513,0.13353583,0.09968048,0.0154250935,0.01247214,0.12668936456420454,0.11399556217803275
1514,0.24850991,-0.3773645,0.011411969,0.014961762,0.250650541654766,-0.35685439276741887
1515,0.33606964,0.13863641,0.01939108,0.011978035,0.3304170296170545,0.15522239573545815
1516,0.17246105,-0.040771853,0.013446715,0.009579648,0.15235442779506145,-0.011966378275536219
1517,-0.3447777,0.13339184,0.01643809,0.011041783,-0.3411161088140557,0.15443572127731395
1518,0.05867192,0.07244304,0.007835314,0.0072529432,0.05818196943333238,0.10476313392007
1519,-0.016276035,-0.01828136,0.011368596,0.009279502,-0.010777259471004174,0.005918534789589888
1520,0.15545294,0.055898834,0.01989757,0.014523691,0.17808993244638588,0.07726541684234003
1521,0.00075657247,-0.023112163,0.010861066,0.0095967315,0.005302809468193311,-0.0016080212174309392
1522,0.24296843,0.05814451,0.011934531,0.00669501,0.20929700595760667,0.07050697200604848
1523,-0.14089692,0.124436595,0.0117320195,0.010603927,-0.13253155929276778,0.13907065959745984
1524,0.3252157,-0.11161212,0.018955804,0.011992225,0.3355486518815305,-0.09410212799966904
1525,0.4956038,0.26550356,0.023769295,0.015139776,0.48952220609637875,0.26904008541395913
1526,-0.14245765,-0.061521105,0.00907164,0.007127341,-0.14870735247124828,-0.041454598816631764
1527,0.015517224,-0.03363639,0.013144272,0.011070861,0.024327130656316615,-0.020768337470642967
1528,-0.034641452,-0.09184684,0.008970865,0.007441247,-0.04089317005925564,-0.07343713851819382
1529,0.5997525,-0.066259876,0.027845351,0.008858143,0.6176757042797063,-0.047528514258592114
1530,0.41013306,-0.77743435,0.011191196,0.022100825,0.4269347266238262,-0.7722893407238388
1531,-0.0071599423,-0.06436156,0.008927506,0.0077411784,-0.003728745630600345,-0.038895815435726566
1532,0.20329161,-0.6348248,0.0074792276,0.016627701,0.21726933336370535,-0.6286913455797077
1533,0.1516132,-0.096163176,0.016198838,0.012888165,0.15989072462709739,-0.07595796804489215
1534,0.07133824,0.7344563,0.009522219,0.021953307,0.07344890943346262,0.7402431320309013
1535,0.002960811,0.41131455,0.008782525,0.013167966,0.006629354704189674,0.4245025031122406
1536,0.05433814,0.20745516,0.010712708,0.010655319,0.06217557864876516,0.22086101377735337
1537,-0.40627006,0.035578355,0.026482284,0.011540553,-0.3841375302290627,0.054512898257785936
1538,-0.34442428,0.4513569,0.0096624885,0.01469919,-0.34400440753513956,0.4676474461699053
1539,0.045180626,-0.11390424,0.010737239,0.009550505,0.04939562984435286,-0.07920712231187964
1540,-0.41355193,-0.582166,0.010882293,0.013052022,-0.4155005481394577,-0.5582997336484081
1541,-0.12981056,0.60072386,0.00799829,0.01628666,-0.12530657814701796,0.6147201909753154
1542,-0.1497716,-0.109068334,0.011992837,0.009070593,-0.14222179267624013,-0.08401713358132859
1543,-0.06570773,-0.0067212144,0.009861526,0.007682946,-0.06919142174327507,0.012305923671927529
1544,-0.14977354,-0.08743592,0.01042513,0.007397121,-0.1402285884058148,-0.06263401477714925
1545,-0.4201556,0.08582496,0.016300995,0.008066619,-0.3912568259424644,0.10818386402023246
1546,-0.2638812,0.049840473,0.0138947405,0.008375021,-0.25842167155621454,0.060017212367374624
1547,0.23485704,0.7265214,0.0074197096,0.014869623,0.24005001271282314,0.7542499636683171
1548,0.5714347,-0.077460915,0.023082124,0.008353047,0.5730223211457546,-0.05531115557928879
1549,-0.06395574,0.123866506,0.011565053,0.012185799,-0.04831537108146226,0.1443667117688768
1550,0.44022948,-0.21848473,0.019132648,0.012613594,0.4084042439261456,-0.18658942224435354
1551,0.31642702,-0.04896295,0.012889519,0.007027529,0.3070589255798931,-0.023034060535092903
1552,-0.058234707,-0.0750834,0.008512474,0.0074065165,-0.052243016490414074,-0.04316436033762283
1553,0.05733838,0.1406878,0.008144568,0.007952762,0.0601594083232816,0.15836496642518294
1554,-0.0035440815,-0.018300913,0.010280719,0.008357143,-0.0001937317613979445,0.003671250695555191
1555,-0.083923504,0.26691782,0.009213627,0.011484632,-0.07746515241007287,0.27371664282591185
1556,-0.30409712,-0.42710698,0.010001277,0.01177139,-0.30254042521710667,-0.39736750165208523
1557,-0.025971346,-0.049115986,0.03641728,0.0304187,-0.007650461279959005,-0.012538481409011148
1558,-0.0013076128,-0.054434054,0.008780161,0.0075873667,-0.001821665603969354,-0.03070979540278141
1559,0.3907375,0.13868159,0.012288209,0.0067541273,0.39144939784341215,0.1781726039260147
1560,-0.113818645,-0.011790873,0.025488364,0.021046352,-0.10936717949891318,0.018048005821267168
1561,0.11720608,-0.05829121,0.010899863,0.008976757,0.1153354904900433,-0.03443593031966891
1562,0.021612987,0.07647431,0.012906465,0.010967729,0.02720134249065975,0.09127216949176585
1563,0.079056494,0.43572932,0.00988773,0.017052053,0.08609463484699974,0.45049018961584314
1564,0.23093493,0.29524425,0.0135889035,0.016251894,0.22061154552142015,0.3081828170734634
1565,-0.30409712,-0.42710698,0.010001277,0.01177139,-0.30254042521710667,-0.39736750165208523
1566,-0.113627926,0.106796645,0.008866892,0.009556323,-0.11471773654625086,0.12552941409700516
1567,-0.2568821,-0.19752246,0.014901066,0.011531573,-0.25456313938698766,-0.17394417796649
1568,0.09575929,0.06996195,0.008326409,0.0070472355,0.09392442125973212,0.09140707088633944
1569,-0.9267496,0.13344972,0.018459367,0.006900857,-0.9257185786269275,0.1643902845621836
1570,-0.60742164,0.053814657,0.014250901,0.0066443426,-0.6055379516303068,0.0751245578124611
1571,-0.46284628,0.15356082,0.020172276,0.011993103,-0.46602443870183735,0.18404890273307511
1572,-0.028979827,0.054793846,0.008753573,0.007551791,-0.023293510345826607,0.07904569379672056
1573,-0.10450063,-0.018061832,0.01036508,0.0080119595,-0.08684985849972351,0.006474559728311062
1574,0.29535884,-0.37725708,0.0126580065,0.01577344,0.29105480644300874,-0.3419070432447616
1575,0.00087989634,-0.06491704,0.01628739,0.014213405,0.029632023029352555,-0.047755716800116164
1576,0.40619597,0.00058173295,0.012156905,0.0065013296,0.4084691579395615,0.011664764457475845
1577,0.27003253,-0.013817997,0.011541722,0.0068411836,0.2701592036857956,0.014418842204082
1578,-0.74613255,0.18440375,0.021736221,0.008987717,-0.7572653035857176,0.2142670245562058
1579,-0.014256576,-0.07639579,0.010110679,0.008504202,-0.014292388931326182,-0.05415683416870567
1580,-0.56280035,0.028995566,0.017073944,0.006123187,-0.5805208353522585,0.050807249985315626
1581,-0.40244424,0.042205513,0.022475842,0.00968259,-0.3825847167832975,0.06752824019628567
1582,0.0865406,0.016692027,0.017462127,0.014904279,0.09672950854409243,0.04633819007221735
1583,-0.24297218,0.35311615,0.008590483,0.010935037,-0.23888668361739218,0.3643003809317397
1584,0.08435048,-0.042137407,0.009083098,0.0076338826,0.07763213637121678,-0.015515164740751004
1585,0.00052713277,0.018275931,0.008829435,0.007483142,0.001712596983828783,0.039950203338808624
1586,0.10995181,0.060388036,0.010660696,0.008554607,0.10873969791837133,0.07276960190896468
1587,-0.047916982,0.058959447,0.010034912,0.009481496,-0.04850082418353222,0.08212517278451904
1588,-0.1180176,-0.0946335,0.011074365,0.008910846,-0.10457645253599485,-0.061544139415155054
1589,0.07525274,0.9252455,0.00818749,0.023094434,0.07756559578717881,0.9325228813422076
1590,-0.09459706,-0.11440635,0.03235981,0.028381757,-0.03631708762764548,-0.08880109555270459
1591,-0.052840322,-0.065720774,0.017063163,0.0142681515,-0.044049367714969014,-0.041387135726430706
1592,0.040268015,-0.6791643,0.009489156,0.020136269,0.04930528512840496,-0.6404968458101813
1593,0.064211495,-0.0867218,0.009339649,0.008550819,0.06619290961225786,-0.061928922039052085
1594,0.052954808,0.16104136,0.008252518,0.008283083,0.0580535701327867,0.179282204375244
1595,-0.09320632,0.034954555,0.010318357,0.008817978,-0.08567976235751347,0.05325548261465567
1596,-0.025274418,-0.008848236,0.009869907,0.007976132,-0.016822014029610786,0.009472446320329809
1597,-0.11153278,-0.50636494,0.008150481,0.014830924,-0.11580982251362275,-0.49272461407525103
1598,-0.010127179,-0.10500276,0.009065143,0.0076847114,-0.010460852507759532,-0.0795456742484066
1599,-0.057952583,-0.032356508,0.010850218,0.008808843,-0.05897931383348162,-0.0213851346767854
1600,0.058595188,-0.024637803,0.007960445,0.0070162998,0.05928547093920355,0.005111327645032185
1601,0.007474059,-0.113393314,0.011801884,0.01110113,0.011277038504903993,-0.086534158707419
1602,0.4170748,-0.5134449,0.020084884,0.028023642,0.4352514835197371,-0.49938595244674017
1603,-0.16141604,-0.030270904,0.011990717,0.007371999,-0.12979275868085358,-0.0014797934229478905
1604,0.0013442091,-0.04678277,0.011837345,0.009774671,0.007346286826344937,-0.02263186750249638
1605,-0.040944956,-0.025877953,0.012854213,0.010936476,-0.029062402252069502,-0.009585319027489426
1606,-0.067810506,-0.12545666,0.009908269,0.00847722,-0.061500111765645966,-0.10044312482939108
1607,-0.38870662,0.07202903,0.011950668,0.008332083,-0.37761628218405213,0.09944535430969553
1608,-0.08979209,0.064550266,0.01507851,0.012416531,-0.06587647158773495,0.07921061379029624
1609,-0.012095261,0.34750855,0.0075611025,0.010086647,-0.009034581188855492,0.35370501787039416
1610,-0.046687428,0.25517935,0.0075729345,0.0113932965,-0.040950889952856034,0.263430102329666
1611,-0.14940518,0.043859273,0.0103793545,0.008412565,-0.12303410212353133,0.04921017152832152
1612,0.0036529112,-0.33932734,0.008264696,0.011226449,0.004717331372996983,-0.2796800790108605
1613,0.032797966,0.023499742,0.009485733,0.007742721,0.036068923517382806,0.04413094510230548
1614,-0.07924658,0.5251333,0.007278651,0.014268259,-0.08107615632612275,0.5312085059224548
1615,0.14565979,-0.076502286,0.008467084,0.008663155,0.14944674295120977,-0.05339616537681432
1616,0.107695475,-0.030172877,0.009814191,0.008034353,0.10596386197313037,-0.007644640668792684
1617,0.05037441,-0.027218245,0.008332676,0.007103317,0.054369056267574795,-0.004739360289030391
1618,-0.009906035,-0.26110858,0.007906279,0.008022619,-0.006012570990003587,-0.23189904525813937
1619,0.082502924,-0.09395517,0.0107081095,0.011126034,0.08714739813578389,-0.07144092797631701
1620,-0.4916224,0.029676192,0.018861754,0.0071470398,-0.42516474449237085,0.04597813349269487
1621,0.24142939,0.14507666,0.012392064,0.009132446,0.23893735996117155,0.15853649082092552
1622,-0.1672077,-0.21299474,0.010274818,0.008543143,-0.15007561856737425,-0.17528187549984994
1623,-0.10927581,-0.28762254,0.008873037,0.00976505,-0.09992597807813766,-0.2588224874411545
1624,-0.046729624,-0.21976355,0.012503561,0.012900676,-0.044856174080950134,-0.1975998141094997
1625,0.19039412,0.18721724,0.015227514,0.014294535,0.1881802388601844,0.2012560781319047
1626,-0.01800717,-0.03510101,0.009929397,0.007835113,-0.005702958748898201,-0.011234262873480373
1627,-0.3715812,-0.1456863,0.013018846,0.0069946577,-0.3632001950487322,-0.12423043412875369
1628,-0.0053896247,-0.30358076,0.017024254,0.019256534,0.014596324103945988,-0.28326145825715143
1629,0.608824,-0.06179636,0.019265499,0.0062426245,0.6022111657145394,-0.03923961253906289
1630,-0.6416952,0.0016355356,0.017885054,0.007216694,-0.6452319329084333,0.02605404377234121
1631,-0.028528132,0.18915144,0.009709714,0.011102396,-0.024513274264115287,0.20597533949887414
1632,0.02223013,-0.051748864,0.009488094,0.0083287265,0.02022685528734522,-0.026750741765098264
1633,0.17204389,-0.28352016,0.013689684,0.016260535,0.18267308483826297,-0.2786716754484393
1634,0.03915948,0.17217334,0.008265523,0.008045116,0.03873827157960949,0.18874959045172157
1635,0.0012066183,3.325846e-05,0.008483042,0.0074852654,0.003995524672753866,0.022215089959195564
1636,-0.026201643,0.00850997,0.011110796,0.009541396,-0.014827417661961903,0.02734159398120652
1637,-0.063544616,-0.053724803,0.01691197,0.013829497,-0.06518571206771002,-0.035979338705892414
1638,-0.3020203,0.1883297,0.01220201,0.011813843,-0.290026637477421,0.20269499786400294
1639,-0.10789876,-0.03839311,0.011479261,0.008381777,-0.10905127056697621,-0.019626994622109237
1640,0.08932207,0.49449646,0.009861408,0.018917998,0.0986030286594746,0.5080130348313069
1641,-0.0037593353,-0.04814316,0.010076691,0.008359855,-0.0012142573331060424,-0.03069262468457667
1642,0.5392947,0.37012947,0.01628223,0.0112827895,0.5292859590528617,0.3789143899570051
1643,0.035160802,-0.21170792,0.009584683,0.01125441,0.032108944766233945,-0.18905372115009675
1644,0.07694435,-0.26549688,0.008043111,0.008814946,0.07550644792326769,-0.244472249099202
1645,-0.14330833,0.13235365,0.016134791,0.013744339,-0.12703442816362864,0.14070450229115603
1646,-0.020968402,0.024194568,0.010013315,0.008343124,-0.014384538039155736,0.04303889270575818
1647,-0.1396621,-0.007090592,0.01374448,0.010213124,-0.12808477866236773,-0.0005317840909161448
1648,0.06912674,0.15231389,0.008131324,0.007911246,0.07236783372385791,0.17873254035734154
1649,-0.052597404,0.035383016,0.011427761,0.01037982,-0.040057685832306934,0.04454280231248814
1650,-0.024982166,0.029765919,0.008133334,0.007348917,-0.019346886422177693,0.03363081173935367
1651,-0.2992708,0.016365469,0.014022878,0.0072952793,-0.3045287008385077,0.033464978521528285
1652,0.013793826,-0.079659045,0.0094342455,0.007827318,0.01485175731643991,-0.05882506809420188
1653,-0.33112824,0.34928334,0.012887048,0.018668072,-0.2927427991000988,0.3334266412169327
1654,-0.46955726,-0.395269,0.013874401,0.011873076,-0.470538638792852,-0.37221634072286525
1655,-0.008180585,0.053415924,0.008272617,0.007536634,-0.006834269899724842,0.08121746122167542
1656,0.040851824,-0.013875001,0.008584573,0.007575896,0.04107892537865685,0.010854469104120698
1657,-0.053121965,0.0011217212,0.019346299,0.016076917,-0.03741842094566262,0.01921368690260234
1658,-0.302199,-0.29446065,0.010008477,0.0095217135,-0.30612280291207683,-0.2732717072674906
1659,-0.13305785,-0.52744526,0.010223492,0.016073236,-0.11949015720578748,-0.49832298728239394
1660,0.10683018,0.07431418,0.014486271,0.012044565,0.11825309795711143,0.09231882444236864
1661,-0.11153278,-0.50636494,0.008150481,0.014830924,-0.11580982251362275,-0.49272461407525103
1662,-0.05529996,-0.03279285,0.008807693,0.0071173445,-0.05854069950640121,-0.009702773808815124
1663,0.23025759,-0.37752336,0.009035254,0.01418318,0.2243107768432221,-0.34714389418604796
1664,-0.22279476,0.08412013,0.022274172,0.015023417,-0.215538690555302,0.10382576331179041
1665,0.17407666,-0.1669127,0.00957689,0.00888963,0.1710746277945386,-0.12982494196010191
1666,0.26378736,-0.0904733,0.013830429,0.008782587,0.250998869922554,-0.06925343358264718
1667,-0.42903066,-0.36446065,0.013034143,0.010497026,-0.4217096274729445,-0.3300411299715785
1668,0.48554632,0.38528785,0.014006537,0.010804032,0.48818566945703856,0.4008044619937525
1669,-0.023486078,-0.013067075,0.008087691,0.0077883885,-0.01691297116570531,0.015856113399091525
1670,0.20654504,0.12681499,0.009028993,0.0082536,0.21082878221491358,0.1552918146136335
1671,-0.057807907,-0.047205597,0.012935885,0.010581315,-0.03803911551055985,-0.022460820875654198
1672,-0.0142719485,-0.021660112,0.00887788,0.007898962,-0.007060128923472985,-0.003971103890766253
1673,-0.13725154,0.109148085,0.008611048,0.008328733,-0.13517189877594374,0.1348822535410455
1674,0.29070616,0.2716843,0.023077233,0.020428762,0.292112066706968,0.30372562972837813
1675,0.08273369,-0.09909352,0.012670604,0.011212638,0.08928361371823157,-0.07309632717778475
1676,-0.04270437,-0.031614274,0.009419838,0.0075037414,-0.04065104639858664,-0.004987288650612534
1677,-0.15232097,-0.120905004,0.009604872,0.007523762,-0.14979450508708303,-0.09806589829489683
1678,-0.049531616,-0.22724587,0.009240438,0.009770729,-0.042430849415748144,-0.18680000916407685
1679,0.030774923,0.039446183,0.0125371115,0.0107361395,0.03876967038652752,0.02314721158734827
1680,-0.25363606,0.21046796,0.011922161,0.01783667,-0.23338510424754252,0.2076645349107447
1681,-0.010487445,-0.2396775,0.008310332,0.008621834,-0.0020491805967999587,-0.19998306684189834
1682,0.14101265,0.077487946,0.01064831,0.008366931,0.13958094955941233,0.09291437350425598
1683,-0.07628501,0.17097872,0.0079164505,0.009123885,-0.07995104636010325,0.19463308690759865
1684,-0.5916666,0.52322024,0.019266667,0.019371318,-0.571421026547341,0.5441596635336657
1685,-0.005069928,0.1361275,0.011152056,0.011262698,0.0056225651657275605,0.15696876042881172
1686,-0.37302825,0.19696042,0.014340684,0.011434491,-0.3545864001648362,0.20464253226735862
1687,-0.06484809,0.017596014,0.01006005,0.008438316,-0.06049839530631197,0.03597548841261328
1688,0.23763818,0.0033199927,0.01091755,0.0066796322,0.24586798541231755,0.025854718473431917
1689,0.007152037,0.045259587,0.011972106,0.010132944,0.012029489553635394,0.04956437980414931
1690,-0.07967272,-0.017164923,0.00921339,0.0071967593,-0.08433249275960131,0.005783107666924397
1691,-0.908963,-0.04469586,0.017972054,0.0048445044,-0.9351087681058181,-0.012175050838119601
1692,-0.03039755,-0.023359526,0.010697022,0.009053566,-0.027862811162540156,-0.001649633621562197
1693,0.6135125,-0.24551895,0.01874418,0.008720264,0.5923615647608058,-0.21458217772024601
1694,-0.037745062,-0.027678803,0.01892633,0.015897995,-0.01974641701841667,-0.01302486101843284
1695,-0.23765232,0.22546229,0.012337548,0.011674337,-0.22547247484256766,0.2383434551408312
1696,0.22831547,-0.2224907,0.009515371,0.009802202,0.23057289646648393,-0.19917353063960225
1697,0.07148358,-0.04097695,0.009512064,0.008642096,0.06452765323826898,-0.019512192364119357
1698,0.27694133,0.13632175,0.010872977,0.0074367453,0.2705514841100857,0.15681666087306398
1699,-0.012316847,-0.08308337,0.010997377,0.009341206,-0.011374724882798086,-0.054964791117038204
1700,-0.020498171,0.030182071,0.012980014,0.0111294435,-0.004344356682137504,0.05218680746316856
1701,-0.067959026,0.24833103,0.0214882,0.02247152,-0.044704838227282655,0.29077836238482363
1702,0.15538965,0.38515276,0.011550322,0.018727567,0.1659913338617812,0.4121183099892404
1703,0.5869233,-0.23401703,0.015304766,0.0076141288,0.5782361228195935,-0.2096174219711118
1704,0.06638754,-0.0062693963,0.009529894,0.008063578,0.0593655122160607,0.015203151310264614
1705,0.16045348,0.26826203,0.01882865,0.020418396,0.15546107833529033,0.2796744013719082
1706,0.15924276,-0.28931153,0.008819392,0.010353552,0.16671788561570258,-0.26681947644636494
1707,0.34504962,-0.53286266,0.013698266,0.021575915,0.3413734001201244,-0.490030862822757
1708,-0.6016248,-0.3973326,0.017510625,0.014657199,-0.5891491477127622,-0.3653176942480908
1709,0.08077345,-0.03698358,0.009152439,0.007172301,0.0701068877495094,-0.016417480349157965
1710,0.50641775,-0.00081873406,0.019933097,0.006653566,0.4817348581334209,0.026114379661010902
1711,0.07478122,0.12879692,0.009567798,0.008686414,0.08234135902160249,0.15306966251834428
1712,0.014191683,-0.09166935,0.008393203,0.0076375785,0.020933962761143343,-0.06381223862879724
1713,0.512004,-0.08348578,0.040317867,0.016380534,0.5243106632035842,-0.05866506986785602
1714,0.20548528,-0.0010785619,0.011556922,0.0073287645,0.2064787688323238,0.021746369117536753
1715,-0.15976144,-0.33375755,0.010338177,0.012655245,-0.1512901429383171,-0.30159379135731096
1716,0.025610207,-0.13282152,0.009028284,0.008289278,0.019377301598645875,-0.11101812348093469
1717,-0.426954,0.2602015,0.015253811,0.012184185,-0.40571953616778594,0.2751725437326995
1718,0.03959575,-0.13155065,0.008783824,0.00872823,0.0434296208964693,-0.10746913570406261
1719,-0.4111644,-0.0708616,0.013047085,0.0059822467,-0.40265335049172496,-0.04453655658489062
1720,-0.11150323,0.06253251,0.021131106,0.017069133,-0.09039335420815472,0.09580636996436426
1721,0.09372881,-0.038105555,0.01967469,0.015760863,0.10986138645126638,-0.028887013537725967
1722,0.04211428,-0.002958239,0.008118081,0.007446396,0.04281248787263762,0.020808169984417726
1723,-0.032491192,-0.022236042,0.01497517,0.012845862,-0.02722549568100183,-0.001300068599994909
1724,-0.24498044,0.24810559,0.010409321,0.011058333,-0.23749597450903706,0.2674726525444332
1725,-0.026804466,0.03578355,0.008559989,0.007809688,-0.03042728068382502,0.06278998842893664
1726,0.046073254,-0.022940457,0.008449116,0.007488869,0.049233736907098306,-0.0003713859546546021
1727,0.034556825,0.3436573,0.008665414,0.011209714,0.03609002929916795,0.3524413973591777
1728,-0.16932076,-0.13549419,0.012256416,0.009617504,-0.17012337448847,-0.11086454745286684
1729,-0.03451871,0.027885698,0.009178073,0.0077490658,-0.028679313759961324,0.05771374260335478
1730,0.011851378,-0.053909242,0.00839143,0.007199846,0.009897282285885349,-0.02944080716151698
1731,0.113237746,-0.6866353,0.0074975663,0.019366182,0.11873147714250247,-0.6691475838632538
1732,-0.09648045,0.2546252,0.011128479,0.01591706,-0.08274278675572094,0.23497080273610138
1733,-0.2935712,-0.25681522,0.0338963,0.029100303,-0.27234741147834785,-0.2310014761068896
1734,0.060962427,-0.472354,0.0073759262,0.014055129,0.05720726666138623,-0.3944264825257027
1735,0.08805336,0.011182516,0.009351697,0.0077673425,0.09085271397343897,0.035493372689364824
1736,0.24982376,-0.010162459,0.009297841,0.0072409664,0.24781500088950906,0.014454361680317112
1737,-0.06600785,-0.042918686,0.013429778,0.011128448,-0.06972322081170687,-0.021138860413190602
1738,-0.04352302,0.07299921,0.0087853605,0.007498647,-0.05076745070190767,0.09104657194453492
1739,-0.1047135,0.3532396,0.00873561,0.013946974,-0.10248124873494317,0.36659827484608387
1740,0.031253934,-0.26719636,0.009229099,0.011665691,0.03597520914339887,-0.2385032045675606
1741,0.08618278,-0.06881556,0.0104410555,0.009109726,0.07908226064548245,-0.044664715427221564
1742,-0.5860983,0.11800528,0.018828182,0.008255275,-0.5697086377901504,0.1335197802301216
1743,-0.015801754,-0.0056575397,0.010015792,0.008572708,-0.015565149570359508,0.019573256631407576
1744,0.815305,-0.19497845,0.018584935,0.005958076,0.8199747049057047,-0.16951808238959704
1745,0.10926236,-0.38586226,0.02082444,0.024712777,0.1365467975007127,-0.3535444493745532
1746,0.6109065,-0.20459174,0.020262813,0.008429155,0.6043874663037366,-0.1840800195182999
1747,-0.015762642,0.24195543,0.008550061,0.010568634,-0.008735446405048905,0.26408404659198675
1748,-0.0764118,-0.05875344,0.02296423,0.018897783,-0.05484564582222053,-0.049285700827317584
1749,-0.34177655,-0.38242695,0.103152916,0.09288213,-0.30530341975011,-0.33572241757342597
1750,0.0011900556,-0.10303942,0.008368613,0.0077865133,-0.002346490704369112,-0.08225871455498829
1751,0.06387904,-0.17856556,0.0077651716,0.008113172,0.06445486804290328,-0.15852301319775813
1752,0.11196092,0.70159066,0.006801603,0.014476978,0.10490512486576567,0.712728644871734
1753,0.35651803,0.37200218,0.016896382,0.01690807,0.3478926589169739,0.38724363043648197
1754,0.01793854,-0.16191545,0.0077677737,0.0075434158,0.01838714878697354,-0.13405574825691202
1755,0.46641943,-0.38809097,0.011483268,0.011245215,0.4749728979207431,-0.3653394438767956
1756,-0.023314252,0.011371813,0.011837697,0.009543107,-0.01867454625388483,0.021338351578202967
1757,0.027547004,-0.024660528,0.007904385,0.0070063765,0.026593488217106647,0.0017636670772514036
1758,-0.01661748,0.012965604,0.013011196,0.011593766,0.0006785358757716,0.029101319578543373
1759,0.08916293,0.0133255785,0.008974056,0.009360991,0.09783269952710182,0.03601821413610305
1760,-0.008267451,-0.019156612,0.0094374325,0.0075546745,-0.005145169828775584,0.004284880843081871
1761,0.10758468,0.3045319,0.00779841,0.009731806,0.10659927970657228,0.32305807635862127
1762,-0.088212185,-0.32548943,0.007809174,0.009609256,-0.08264022076885169,-0.27842066016124895
1763,0.49557364,-0.35436806,0.015317681,0.01262298,0.5192319105364589,-0.34569425065963666
1764,0.018919146,0.04622283,0.025807314,0.02229205,0.021709977510969043,0.07041572601313839
1765,0.03949971,-0.02517157,0.008255712,0.0070514665,0.042320457308229455,-0.00045825681108252947
1766,-0.09283463,0.06312393,0.009485733,0.008077648,-0.08474527221118285,0.085252223142919
1767,0.036549848,-0.033798397,0.0098208,0.0084448615,0.041072391362482655,-0.01107962245393739
1768,0.6660743,-0.5241118,0.04451189,0.03936997,0.673483369632818,-0.5061951194903007
1769,0.09342177,-0.31604892,0.00861802,0.008995633,0.09566353718731511,-0.28475746745688957
1770,0.054333337,-0.055853784,0.009428459,0.00814093,0.05039804403827434,-0.03660551368624635
1771,-0.52891874,-0.02064985,0.021198567,0.0075271884,-0.5283428582599284,0.000532315094125677
1772,-0.060795173,-0.08124732,0.016822532,0.014487005,-0.0500694260920044,-0.06315962369992073
1773,0.37498552,-0.27514872,0.020279637,0.017902238,0.3897930257136791,-0.2569589627551345
1774,-0.41070312,-0.29406074,0.014272406,0.012928712,-0.3840732290531949,-0.277579436494686
1775,0.14694507,0.08229971,0.009018241,0.0069426456,0.14952188048938694,0.10837493336298162
1776,0.05135123,-0.00597334,0.009062897,0.007229074,0.0479887818882173,0.017931690179448935
1777,0.0011025318,-0.021601737,0.009026984,0.00786264,-0.0001275233123617182,0.0016363531009669554
1778,0.080653355,-0.117135264,0.009107433,0.0083979545,0.06907599846018997,-0.08873534426181195
1779,-0.09985159,-0.021045007,0.012549473,0.009497595,-0.1026003400076382,0.00300380796155739
1780,0.1018057,-0.23847188,0.027147982,0.025057599,0.0897681724328906,-0.16907772693231798
1781,0.0052345316,-0.023939535,0.011068471,0.0097342795,0.015975282595966648,0.005019092950321323
1782,-0.03776857,-0.11838154,0.008909665,0.007828599,-0.03450752861568588,-0.09531812993762774
1783,0.028348152,0.050377503,0.009169922,0.007516768,0.030976303345281613,0.06821360832084125
1784,-0.26749665,-0.21642505,0.011140269,0.008424276,-0.2634759452955594,-0.18961622558822874
1785,-0.34689146,-0.19349128,0.02212388,0.01454124,-0.33502843649165176,-0.1701605592749378
1786,0.03129633,-0.12241145,0.008291061,0.007976898,0.03848795942675428,-0.09493860339050623
1787,0.041280884,-0.2518505,0.00886902,0.010631082,0.045402995400002304,-0.22412599477853332
1788,0.22244589,0.49400446,0.010400355,0.017960228,0.2187337595628508,0.49798629695344426
1789,0.20337309,0.125389,0.020149374,0.0151113365,0.216484805581105,0.1484116503521416
1790,-0.15120637,-0.10906546,0.009110387,0.007867537,-0.14211094250475273,-0.07618567720317602
1791,-0.028994787,-0.014207029,0.007980787,0.007035202,-0.03315775040259739,0.007279806635810493
1792,-0.077925086,0.05341937,0.011015062,0.009582743,-0.08319759291959773,0.07249854925338528
1793,-0.05627071,0.06086286,0.008705003,0.007714569,-0.04532288545709813,0.08435028448198008
1794,0.50399256,0.65617836,0.02423518,0.034758076,0.49460024746006576,0.6638991455064958
1795,0.17583607,0.07434964,0.012211077,0.00873648,0.13805346591202627,0.0706044106762242
1796,0.0043088538,0.01807113,0.008526894,0.007605765,0.009724356410942108,0.03546310479144531
1797,0.1710581,-0.21112898,0.011200744,0.014966461,0.16437926063080424,-0.18148080544224915
1798,0.0074618175,-0.03006623,0.011411614,0.009630022,0.012928271598012407,0.003821775910972158
1799,-0.05119936,-0.10314522,0.0103852535,0.008829406,-0.03725657641825523,-0.07589869557678713
1800,-0.40946037,-0.091913536,0.012608452,0.0065639936,-0.4048802804177624,-0.06258658175290562
1801,0.20273553,-0.067091,0.023710623,0.016334137,0.18782409247243506,-0.036910706642454515
1802,0.055694774,0.13639462,0.009249061,0.008557417,0.053169162323715644,0.15557621447788691
1803,0.3616323,-0.22151947,0.03025255,0.021441942,0.3197345288573093,-0.17267528738745017
1804,0.5531217,-0.33049333,0.015763814,0.011531549,0.528832205721707,-0.2923227263308383
1805,0.07604324,0.2024005,0.015723914,0.015461884,0.08522601126834356,0.21623199491784295
1806,-0.7100402,0.11242915,0.020549215,0.007727848,-0.6903618491031058,0.13517285495671433
1807,0.0043076654,-0.003971615,0.008304893,0.007218113,0.0011431148717594467,0.01986215033033991
1808,-0.01734372,-0.023283966,0.013781517,0.0121888295,0.0030476326748011427,-0.005996736204822652
1809,0.5187768,-0.31327203,0.037765738,0.025617441,0.500883317446167,-0.27025855221643097
1810,0.16528352,-0.1160297,0.033881664,0.026477335,0.1586512447196437,-0.08112137550951902
1811,0.361741,0.059833363,0.013628298,0.0066411723,0.35505188862935655,0.0808067136350748
1812,0.13371424,0.051169857,0.0098976465,0.0074797967,0.14298096686294026,0.0749480248044739
1813,-0.20357774,0.27711394,0.023649622,0.026597247,-0.18464860741969374,0.3118752922321351
1814,-0.06481469,-0.03324415,0.010773681,0.0085562,-0.0635794844218292,-0.012220964427447658
1815,0.2385891,0.021640241,0.011689719,0.0068366695,0.2419484892585696,0.03736366725280269
1816,-0.02317808,0.023504578,0.010975681,0.00881545,-0.012494149809586746,0.04686345077899821
1817,-0.009773929,-0.071522646,0.008800486,0.0074046454,-0.014582011403734099,-0.04751695974237078
1818,0.02854655,0.34424496,0.007506441,0.009238575,0.02467396092290805,0.3623489964475044
1819,-0.26095414,0.0025389856,0.013025905,0.007364487,-0.2549375362263397,0.02048050117062486
1820,-0.6704844,-0.2957705,0.024949236,0.0130645605,-0.6602216550372453,-0.2742174098265887
1821,-0.07806049,0.045576453,0.018153641,0.015683975,-0.046318673899389956,0.07327652798739438
1822,-0.10777417,-0.09063103,0.011376255,0.00902286,-0.09755710705484799,-0.06213070540675519
1823,-0.027251724,-0.26382995,0.024192942,0.023292119,-0.014120035809606059,-0.21859700329312134
1824,0.04350157,-0.12449985,0.025269868,0.021910606,0.04738794017695049,-0.08881750603053971
1825,-0.06646019,0.009122214,0.010020632,0.0077775745,-0.06582440992670771,0.03289978232885922
1826,0.023824558,-0.01608216,0.009248234,0.00796931,0.023244147359525416,0.004544346942471908
1827,0.3206607,-0.16962388,0.014967537,0.009767838,0.3128909580917064,-0.13490964345919082
1828,-0.012083501,0.0061871773,0.015888426,0.014155906,0.001483319037871545,0.030741699476008574
1829,-0.029668257,-0.007907794,0.0111426255,0.008844872,-0.020971054697653115,0.009316646729972306
1830,0.006590378,0.29847488,0.010412624,0.013025771,0.0029337701499028484,0.32639842600634145
1831,-0.4858595,-0.03950303,0.02743288,0.012775274,-0.4487385296888539,-0.0064207241549140495
1832,0.1248716,0.020375706,0.008316597,0.006974201,0.12754450334870363,0.043196079628351515
1833,-0.28070778,-0.13322085,0.012559597,0.00756236,-0.2955105084709234,-0.11526600012108812
1834,-0.04054322,0.51755136,0.008169753,0.013765458,-0.03461542295844344,0.512797416195802
1835,0.03153951,-0.0031902352,0.008689995,0.007368928,0.034926401133731313,0.029212128291449063
1836,-0.017083148,0.12280666,0.011111858,0.011166139,-0.014385450389459379,0.14558496268740467
1837,0.0042819274,-0.054175302,0.010497798,0.0092606535,0.02146416934617558,-0.01659560870982029
1838,0.02372552,-0.0625116,0.010569874,0.009318095,0.027918427623724193,-0.033970708594081266
1839,-0.07277934,-0.012576849,0.04355172,0.036162257,-0.0421598386743871,0.028455011508326012
1840,-0.5081925,-0.10957572,0.025354365,0.010333858,-0.4701286299450875,-0.08483753672882183
1841,0.101297975,-0.13993776,0.011104548,0.012105818,0.1048150207315145,-0.13257087396788925
1842,-0.014285414,-0.027497642,0.008546397,0.0074991537,-0.00988426156319971,-0.007991610383717504
1843,0.38321954,-0.29845667,0.02660429,0.021108354,0.38127249389420265,-0.2726642369848844
1844,-0.051414773,-0.17779723,0.009729429,0.009237684,-0.054956323388595046,-0.14971486712861917
1845,-0.013907215,0.056985177,0.007969671,0.007319703,-0.012875410298519381,0.07830642178878452
1846,-0.24172755,0.074006855,0.01750055,0.012297686,-0.24502078034776076,0.0978167675520099
1847,0.057524465,-0.015386791,0.0089797275,0.007811231,0.05697443790060541,0.006927804850321715
1848,-0.030339375,-0.40466964,0.0132030975,0.017529823,-0.03305796706996736,-0.37589566729310575
1849,-0.042792946,-0.0222079,0.012670604,0.010234034,-0.012722190021692127,0.0018824151377102266
1850,0.10071853,0.1874673,0.009147007,0.009335337,0.09118101588586358,0.19803122344468507
1851,0.05282487,0.044523813,0.00863043,0.007814337,0.06225071312951298,0.06742161051100831
1852,-0.072594464,0.2591566,0.008434221,0.01172674,-0.06333989508565284,0.26721245753336803
1853,0.05521766,-0.0068763318,0.014905996,0.012870867,0.06430834742062562,0.007242961350014095
1854,0.5511506,-0.16513205,0.02278911,0.009799278,0.5414496355720476,-0.14088765750907878
1855,-0.0432799,-0.056160457,0.008892533,0.007222366,-0.04318204384427199,-0.028826976302248637
1856,0.0116180405,-0.02469448,0.010174875,0.008425787,0.01206764158114019,-0.0019092824546858807
1857,-0.21689056,-0.22036883,0.01119544,0.0099686915,-0.1958582400810493,-0.17846462297010648
1858,-0.22722448,0.57914305,0.0077028316,0.014977815,-0.22171525741243855,0.5845312849273442
1859,-0.27892673,0.04796116,0.01536992,0.00897194,-0.26852556115256304,0.07217370728774747
1860,0.3175949,-0.2474823,0.0122157885,0.010406922,0.3084802532238916,-0.2204721622593251
1861,0.45884204,-0.32970065,0.013799037,0.011309763,0.4592903149489932,-0.30703035459287037
1862,-0.056389496,-0.39077866,0.010447309,0.011342692,-0.06362103814948789,-0.3508903414627043
1863,-0.020221949,-0.036933385,0.01571969,0.0129519,-0.006733371706549275,-0.01753277136008189
1864,-0.1277404,-0.47034195,0.013175686,0.021437565,-0.12286674748433474,-0.442545905553296
1865,0.05564627,-0.24471852,0.008406206,0.009340695,0.04873916312948884,-0.21471911205668248
1866,-0.0154186115,-0.023076821,0.013813146,0.012093013,-0.001975346790708821,0.0003087129381030203
1867,0.33606964,0.13863641,0.01939108,0.011978035,0.3304170296170545,0.15522239573545815
1868,0.02479864,0.0060802167,0.01125933,0.009450899,0.02643076179690168,0.02060624960840836
1869,0.583814,-0.02370758,0.018868776,0.005612475,0.5611773490739212,-0.005769543436608691
1870,0.18628597,-0.0074925395,0.013124505,0.0080170855,0.16832232890140134,0.011685911881386362
1871,-0.19801848,-0.15321139,0.010363544,0.008071121,-0.2044201544171546,-0.13234042018333456
1872,-0.10094259,-0.09631908,0.009607943,0.0076239537,-0.09501113616947095,-0.06920443025435058
1873,-0.23721242,-0.06285554,0.011580843,0.00680663,-0.2274494864739148,-0.03744778330305902
1874,-0.24172755,0.074006855,0.01750055,0.012297686,-0.24502078034776076,0.0978167675520099
1875,-0.069156595,-0.089233465,0.00903431,0.0073146243,-0.07179378738649839,-0.06726644458466548
1876,0.13261695,-0.3111037,0.008816556,0.011913119,0.12749787956972608,-0.27479114750579625
1877,0.5126931,-0.08501593,0.018497054,0.0067757852,0.5371097122928147,-0.06037581341753829
1878,0.04404558,-0.061769135,0.01240631,0.010738856,0.04292048941069181,-0.03604511236989524
1879,-0.027578004,-0.048702218,0.009496242,0.007595805,-0.03368881004349102,-0.03129676789448498
1880,0.055557553,-0.08422656,0.01649848,0.014857192,0.0751742835529175,-0.05353723825351461
1881,0.592678,-0.35538423,0.0161552,0.010188888,0.5837840364323261,-0.33644400508701283
1882,0.13704655,-0.6480901,0.012741697,0.023376651,0.1432506162130298,-0.6383982363226767
1883,-0.295516,0.03354968,0.014282044,0.008553007,-0.2819142084549492,0.05701632819196192
1884,-0.1562968,0.014145768,0.01770658,0.012405909,-0.1229224543887584,0.03155031040442057
1885,0.086444005,-0.004424886,0.011062576,0.008824273,0.06920097667706136,0.01369165460047732
1886,0.06230039,0.040616035,0.00832109,0.0077862516,0.06244667667225564,0.059216191806859664
1887,0.09872621,-0.0824726,0.01047633,0.0094696125,0.09707087432263171,-0.055980197441357966
1888,-0.33596843,-0.087039284,0.016777635,0.007734004,-0.33846998224836966,-0.07036458676802573
1889,0.02479864,0.0060802167,0.01125933,0.009450899,0.02643076179690168,0.02060624960840836
1890,0.015030911,-0.038572043,0.00931532,0.008023625,0.010496071244952818,-0.010045375614030698
1891,0.0068773837,-0.14365032,0.008953972,0.008717109,0.0020625348100422186,-0.1226196411419393
1892,0.15641372,-0.051569648,0.008841015,0.0073526585,0.16439080724553437,-0.025906684003737048
1893,-0.124498576,-0.22476232,0.010618351,0.011677272,-0.12210863681595417,-0.1973275966085157
1894,0.035663947,0.0039826324,0.008493444,0.0072795404,0.0327442461726486,0.027542614669348677
1895,-0.054251034,-0.00046040956,0.012247231,0.009745816,-0.03564807871819412,0.025421022876333698
1896,0.1558888,0.16757211,0.008237031,0.0074242987,0.16262472730617153,0.19684601843496
1897,0.19749989,-0.09062689,0.026043814,0.018431155,0.17862839438748934,-0.05703020779877479
1898,0.11529738,-0.23139068,0.008172355,0.009233895,0.10930378286110012,-0.20205024820899078
1899,0.7760182,0.5784351,0.019082712,0.01629648,0.7636173346603331,0.5885909695253347
1900,0.64701414,0.581169,0.016918886,0.015160562,0.6441130975909879,0.5941813470836758
1901,0.0045983647,-0.08945043,0.008212556,0.0074806805,0.015387128685515252,-0.06270305401551286
1902,-0.55691826,-0.58213186,0.017698267,0.022359017,-0.55721288047371,-0.5633444677149673
1903,0.008777641,-0.003047661,0.02927302,0.02565644,0.022525517219002634,0.03407237555572164
1904,0.046497554,-0.00069807563,0.0082992185,0.0070446506,0.044028406310590344,0.024421970478967124
1905,0.10398126,0.10464471,0.010847741,0.009326225,0.10503112010420246,0.12227510256864942
1906,-0.58733964,-0.35604596,0.018409865,0.010575648,-0.5686108826741558,-0.31973655183761696
1907,0.091533884,-0.03237038,0.008640359,0.0072627217,0.09462705934108794,-0.006877118156000787
1908,-0.687926,-0.44267237,0.037016552,0.025964374,-0.7144427521903588,-0.43760823273379607
1909,0.34572148,-0.18658794,0.01785016,0.012046479,0.34975624970403235,-0.160776325875571
1910,-0.37112373,-0.71050125,0.009532965,0.015804205,-0.36551103442262517,-0.682782503914072
1911,0.22675632,-0.39010334,0.010209568,0.014473776,0.2366679575351737,-0.3685953269916931
1912,-0.08894446,0.47484636,0.0072684726,0.012387325,-0.08089794882187147,0.4810170834315818
1913,-0.28273478,0.2737246,0.010768139,0.016255997,-0.2661387487468617,0.279018175949125
1914,-0.37715787,0.4486476,0.013507169,0.023927055,-0.4210784372056419,0.5426390249377785
1915,-0.014497638,-0.010527969,0.009806753,0.008152044,-0.010197162734645136,0.011619857856396467
1916,-0.5129552,-0.17673168,0.019849539,0.0089147175,-0.5027737415895845,-0.156324572023677
1917,0.074086405,-0.12598312,0.010884533,0.01209264,0.08056639147060378,-0.10464443835696496
1918,-0.47284073,-0.71988595,0.009835674,0.014272074,-0.4776830615442657,-0.6941101521600945
1919,0.5764235,0.31702793,0.025763629,0.016774045,0.540382230492181,0.31838172906483897
1920,-0.20995852,0.21098141,0.010445067,0.013389311,-0.19863225759383257,0.2216233317758672
1921,0.35784566,-0.4247557,0.01199378,0.014268648,0.3887308719672854,-0.4387633759505477
1922,0.10120462,-0.09591733,0.010078461,0.009683492,0.09418897902986205,-0.0670747504492665
1923,-0.044517577,-0.051183708,0.011327578,0.009650775,-0.032966054076312555,-0.030611795404449072
1924,-0.008089475,-0.004796901,0.008017803,0.007155151,-0.012690712202130696,0.021027340964616715
1925,0.8528329,0.3952073,0.023301799,0.012521607,0.8491178574557743,0.4150687134781135
1926,-0.21103479,0.51361036,0.035260588,0.04238933,-0.1378690053210587,0.44761201432319087
1927,-0.18288259,0.05253904,0.087920874,0.081409454,-0.30968724515535745,0.2823459811607479
1928,-0.043462213,0.07085577,0.008354427,0.007592539,-0.042773231242726015,0.08824621301718705
1929,-0.091607854,-0.13149232,0.0111584235,0.009179908,-0.09079621337767611,-0.11495322999313333
1930,-0.12975176,0.48336577,0.008993078,0.018747525,-0.12308987264465002,0.47970169865769485
1931,-0.005284337,-0.011433163,0.009557053,0.008777379,0.006007120285499529,0.008445078894912462
1932,-0.089607745,-0.19701745,0.008476305,0.00805901,-0.08251000128890462,-0.1678696482111321
1933,0.04141365,-0.15031476,0.009972242,0.010579968,0.04507888271533314,-0.1322741854998436
1934,-0.16158135,0.37156817,0.008273682,0.015322827,-0.144440896205838,0.3636718146054211
1935,0.12732589,-0.06956665,0.011492226,0.010159023,0.13828083063120739,-0.05628265588849197
1936,-0.5122273,-0.19662252,0.019396693,0.008705281,-0.4811005409246133,-0.1742981887481953
1937,-0.007854968,-0.16134357,0.013407664,0.012189764,-0.010072674394798711,-0.13202853422267735
1938,-0.45394,-0.760731,0.024021294,0.03855645,-0.41534037021292286,-0.7184856437421686
1939,-0.5190901,-0.06473344,0.05527905,0.025039295,-0.4852961486232832,-0.023869591564373197
1940,0.024565842,-0.022533871,0.009037026,0.0073271557,0.02616702373657027,0.0032608028559070854
1941,0.15260024,-0.65602684,0.0076271184,0.016182,0.15437624633316982,-0.6359832901965867
1942,0.03605072,-0.2703821,0.011482797,0.014251437,0.041170736932058825,-0.2419831824120467
1943,-0.06585014,-0.06380392,0.013920839,0.011353574,-0.050914999832563625,-0.04946286984731433
1944,-0.010330658,0.054172963,0.010793967,0.0096264,-0.008721994534764299,0.0801201828619954
1945,0.18642935,0.40390584,0.009432592,0.013440923,0.19784884367089842,0.42271474493099287
1946,0.1425943,-0.45996943,0.0096138455,0.017397754,0.1410961112296462,-0.4109610144360289
1947,0.13427831,0.101220235,0.014445381,0.01205396,0.1387236510679639,0.11320039326846507
1948,-0.016712435,-0.021883793,0.010166614,0.008835942,-0.013686833784854862,0.0033981653690716954
1949,-0.020604772,0.0333132,0.010489305,0.008527017,-0.012073245624325346,0.05220016384239036
1950,-0.41023052,-0.04113622,0.017097965,0.006893559,-0.3937064493136179,-0.022831118921208187
1951,0.42795515,0.5562375,0.014707845,0.020252036,0.43672781969104807,0.5839786634155719
1952,0.09944004,0.021671258,0.010168502,0.00816659,0.09873341097106682,0.04244019413443089
1953,0.48508343,0.10769867,0.0387981,0.01901856,0.4930641384938889,0.12649824256231837
1954,-0.32422674,-0.28462696,0.016025577,0.01342692,-0.3084751789798489,-0.26147925073378725
1955,-0.030189414,0.16161783,0.0096335625,0.010547387,-0.02805512707737392,0.1703631762050589
1956,-0.47619012,-0.16124037,0.022509879,0.010263506,-0.4705284417304448,-0.13846358065213693
1957,-0.043511912,0.083347104,0.009224494,0.008404998,-0.04644275660247525,0.11012951456277127
1958,0.56635743,0.13057823,0.018502554,0.007298458,0.5615974447955799,0.15230058707263744
1959,0.07286541,0.009601145,0.009668039,0.008174376,0.07387304450300711,0.033396228923798704
1960,-0.0113492645,-0.024439357,0.008903639,0.007518771,-0.0137092253574292,-0.0038169135325917102
1961,0.17844285,-0.043539472,0.010658338,0.008090732,0.15055760005021745,-0.01752782891443469
1962,0.27754056,0.83581424,0.009773464,0.022489762,0.2693615804272029,0.8545103302832907
1963,0.15116026,-0.2373601,0.00953698,0.012632538,0.14579172092106132,-0.2154949517711146
1964,-0.027378086,0.055769533,0.009380395,0.008463531,-0.024887235265968352,0.07796507094688167
1965,-0.05529996,-0.03279285,0.008807693,0.0071173445,-0.05854069950640121,-0.009702773808815124
1966,0.2882776,-0.057770275,0.013336854,0.0076270294,0.29546613709249514,-0.034499222933225694
1967,0.07547353,0.07391296,0.012110149,0.010341082,0.09032579653361487,0.09070778051749655
1968,0.12443681,-0.36192214,0.03353773,0.035221506,0.11906023536135146,-0.3360705896539656
1969,-0.3552782,-0.25799894,0.0134937605,0.009197674,-0.3533830681963746,-0.2346303099083186
1970,0.09145351,-0.119914986,0.008617312,0.009367134,0.08884161389600331,-0.09559347634860062
1971,0.5172754,-0.12060755,0.012966599,0.0067033065,0.5180560577848006,-0.0900739446960473
1972,-0.021170553,0.06967006,0.008163249,0.007497246,-0.022390284808542483,0.10019135986980203
1973,-0.009560069,0.060184136,0.018887138,0.016554601,-0.00812497804551148,0.09240565656642327
1974,-0.20366906,-0.016327888,0.012426679,0.00714472,-0.20192488437335682,0.004548061753955597
1975,-0.45353568,-0.44530073,0.027655777,0.028880276,-0.3934576879458791,-0.37551064155136155
1976,0.26854673,-0.008533337,0.0133254435,0.007318808,0.2637958255934967,-0.0017703249498187464
1977,0.12451566,-0.020403303,0.013947643,0.010976349,0.13854103134795429,-0.0037350835126126265
1978,-0.13617557,-0.42518637,0.008893951,0.013976432,-0.12516627008057263,-0.3753574816040118
1979,-0.123760924,0.17998207,0.008916164,0.009317745,-0.11283253070262317,0.20377155909025096
1980,0.11409043,-0.5714918,0.0069812033,0.010260169,0.11400093037462729,-0.5439973411449797
1981,-0.030564487,0.2642354,0.008622748,0.011665668,-0.021997948065878188,0.26776791356084917
1982,0.0054725115,-0.018829681,0.015253578,0.013070911,0.010428767398747232,0.0009005524014595116
1983,-0.08899653,-0.0020865211,0.008481387,0.008016506,-0.08702518418896792,0.025695180617756913
1984,-0.15232623,-0.103990905,0.00910519,0.007222765,-0.1538010217024404,-0.07661708482101542
1985,0.063754275,-0.03453601,0.016525099,0.014029225,0.06844037102463779,-0.02183051007898737
1986,-0.44175497,0.22145614,0.017214682,0.014792673,-0.42126319653154826,0.2425363305566354
1987,0.03168568,-0.0068174982,0.008714576,0.0071917544,0.03209992795311809,0.020642779591566796
1988,-0.015796246,-0.10887562,0.0094904555,0.008389544,-0.014142066708204445,-0.08378178569856629
1989,-0.19466816,0.045903087,0.013864291,0.0101246685,-0.19159953353258288,0.06338040256583374
1990,0.012461325,-0.15526327,0.012909643,0.011904047,0.02012241283550228,-0.12663710351618887
1991,-0.3015724,-0.16089429,0.010962357,0.007173157,-0.2983297240943501,-0.12787763586272796
1992,-0.14261799,0.16606823,0.015779654,0.016672788,-0.11650853810742524,0.15900927881118485
1993,0.3509859,0.30464274,0.012192941,0.010949383,0.3437208390814177,0.31655293292989595
1994,0.10108064,-0.21983957,0.008316006,0.009735848,0.0974898117829703,-0.18275505692158814
1995,-0.014844421,-0.058770485,0.008028919,0.007249728,-0.013573700950495184,-0.03256271707928964
1996,-0.25541618,0.20164658,0.012282322,0.0134424465,-0.24230645706821988,0.22071573236908237
1997,-0.72622645,0.018159635,0.06039718,0.018687174,-0.7044982323934675,0.0373638968951066
1998,-0.3162095,-0.37548175,0.010303018,0.012716962,-0.31251026402400833,-0.35128314170907154
1999,0.18800518,0.331819,0.008753692,0.0116960425,0.19131516643791982,0.34592086762814206
2000,-0.19064274,0.03465621,0.011168916,0.008221173,-0.1763917498139988,0.056095365464639294
2001,-0.07566453,-0.54949987,0.016794402,0.026054332,-0.08052647910350162,-0.5092101755766326
2002,-0.008217666,-0.07095176,0.009859637,0.0081420215,-0.008517207606849457,-0.04603994590568903
2003,0.11395843,-0.1038316,0.008930695,0.00854422,0.11391161400889481,-0.08093555220861792
2004,-0.09024356,0.07295171,0.008340951,0.007926514,-0.08002625959967405,0.09731785985737014
2005,0.013361849,-0.04634933,0.00911901,0.0075088367,0.012902981092130244,-0.023595014578215036
2006,0.05600715,0.11127026,0.007947554,0.007308811,0.05067517963980578,0.1320482411444698
2007,0.00042559626,-0.040578,0.008761963,0.0084939785,0.003425445927351721,-0.013182074064456602
2008,-0.159644,-0.66405,0.0070817033,0.014906892,-0.15029735345769954,-0.6238477116241231
2009,-0.022708628,-0.031286303,0.014281455,0.012310577,-0.01937320082484585,-0.013459185156476025
2010,-0.008457551,-0.063787796,0.010309035,0.009084369,-0.0020405583992450394,-0.04855954728590049
2011,0.040851824,-0.013875001,0.008584573,0.007575896,0.04107892537865685,0.010854469104120698
2012,0.021001548,-0.018700592,0.010077046,0.008254136,0.02676679212375379,-0.0012776053680868804
2013,0.18091036,-0.062360957,0.013619363,0.010118489,0.1796215271594021,-0.03568362679941163
2014,-0.029396951,-0.091765836,0.009013162,0.008000581,-0.018886923139968443,-0.06556937698974342
2015,-0.08857234,-0.011701011,0.008667186,0.007247293,-0.09798185998611544,0.008443103194266248
2016,0.0068987054,0.096383445,0.008985517,0.008729704,0.008086466592721117,0.11944679216015372
2017,-0.105894044,0.09882431,0.0107147135,0.010164505,-0.09772274282662773,0.12216250731136072
2018,-0.05831764,-0.02561234,0.012827263,0.010149955,-0.04781569452346015,-0.0024335127554165345
2019,0.04941249,-0.17846544,0.029591922,0.026898993,0.05089243763066723,-0.13212632455201873
2020,0.07301846,-0.21996707,0.008576299,0.010553696,0.07011549419350772,-0.19016604353035807
2021,0.0052303136,0.19900876,0.011978585,0.013024094,0.020074316550771656,0.22187551149072357
2022,-0.03883864,-0.071489826,0.022342369,0.01883442,-0.03251189340291586,-0.060573639172937434
2023,-0.41987866,0.450426,0.0124638835,0.020653158,-0.4128108239199084,0.4686579577026727
2024,0.036788967,-0.08211245,0.008379845,0.007666037,0.035972321408579894,-0.06055479378972971
2025,0.021382269,-0.009522208,0.009826584,0.008489567,0.02738395908292846,0.011435485134080403
2026,-0.21713643,-0.07324802,0.017572239,0.011525948,-0.22542805046071682,-0.059401428461984956
2027,-0.0014679781,0.17144212,0.008419209,0.008433103,-0.0009811685335439765,0.1927239090613904
2028,-0.7745565,0.17721492,0.019749027,0.009605148,-0.7793070185862625,0.20258214180637596
2029,0.12405899,-0.22413981,0.008557862,0.00914497,0.12947041752380473,-0.19984341760951008
2030,-0.04329925,0.646833,0.00692651,0.01430516,-0.03354772967970238,0.608487459143833
2031,-0.041190527,-0.004318268,0.012489433,0.010730403,-0.04146554344322941,0.019058015734692377
2032,0.004486684,0.42439827,0.0073733227,0.010847162,-0.0002148018856490391,0.42987549548448467
2033,0.072757274,0.03420102,0.008738329,0.0069962586,0.07298484536381807,0.05971226831106589
2034,-0.037823766,-0.05117534,0.043300483,0.037518766,-0.02369408364170062,-0.025053357058521776
2035,-0.03808739,0.11711868,0.0147105465,0.013034767,-0.03057539733312313,0.125223117244859
2036,0.07624793,-0.26159647,0.01644454,0.016670013,0.06792077103788646,-0.20912508271125252
2037,-0.70357645,-0.10954866,0.019549614,0.005743259,-0.6982971227314785,-0.08325859467397759
2038,-0.26249826,0.30411622,0.016987216,0.01911753,-0.24756742346690763,0.3076077949872197
2039,0.04634246,0.0021546101,0.008298391,0.007917717,0.05440059787654976,0.02624467027389201
2040,0.09426199,0.15191916,0.0107614165,0.011309332,0.07999692637054985,0.1411236326220904
2041,-0.33596843,-0.087039284,0.016777635,0.007734004,-0.33846998224836966,-0.07036458676802573
2042,-0.14964226,-0.023900546,0.01275123,0.008239244,-0.14082295847295842,-0.00120400807158752
2043,0.012428431,-0.3349273,0.008334922,0.011085088,0.01519215528078108,-0.3116943063673954
2044,0.48457015,-0.021312498,0.020726599,0.0077030393,0.4836937426896516,-0.0004968809826777542
2045,-0.25031838,-0.68236953,0.008041572,0.015637984,-0.2580487680640086,-0.6845104225221671
2046,0.027745236,0.013017333,0.010081057,0.008438509,0.030639283417616795,0.027190424175450485
2047,-0.013457302,-0.008072265,0.012939887,0.011338945,0.0008569585975616044,0.010232628514777667
2048,0.009222018,-0.20744897,0.00925166,0.010049109,0.005560541352519983,-0.186160712439238
2049,0.35024542,0.16256148,0.012852802,0.0073007178,0.3376901847872355,0.1730347104367983
2050,-0.010068852,-0.15344593,0.010413332,0.010307991,-0.012013765453921977,-0.14091342553989342
2051,0.022878695,-0.011694015,0.008882608,0.007328459,0.0216536395879931,0.008828555221369728
2052,-0.009974716,0.22627485,0.007502537,0.0090731885,-0.01269072483237236,0.2550157930818281
2053,0.1820315,0.053010836,0.0119430125,0.0077602398,0.17572323613411656,0.06879010248914134
2054,-0.15203379,0.10824766,0.009904846,0.008996991,-0.15182032169053333,0.132111728928559
2055,0.77354777,-0.098365046,0.027492957,0.0075659584,0.7739624607759938,-0.07382298706376866
2056,-0.004395616,-0.028881796,0.009820565,0.008203904,-0.0024347469062704213,-0.014410035703689785
2057,0.08391421,-0.09035137,0.008619557,0.0073156264,0.07806490466644175,-0.06432039524965695
2058,-0.01762531,-0.024493955,0.008445097,0.007139173,-0.009930035238781908,0.005841741700626847
2059,-0.3780378,0.42459717,0.0135455085,0.018613838,-0.356596958269394,0.42943672557949925
2060,-0.05147664,-0.0024266997,0.008132625,0.0071653565,-0.05472255374597251,0.025635903164231106
2061,-0.019396646,-0.028420158,0.00923477,0.008215647,-0.013900952102967342,-0.005231733158607595
2062,-0.34851176,-0.03997483,0.014215995,0.0066516604,-0.3438275073469399,-0.016901978689853162
2063,-0.076990664,-0.002037936,0.031522587,0.026698422,-0.05250112108650901,0.01942388108673395
2064,-0.0036141672,0.058113754,0.010187973,0.009463442,0.001276964936507742,0.0804812600825426
2065,-0.07084409,-0.05958367,0.009910512,0.007743606,-0.06873085067759666,-0.03415430725440736
2066,0.27248108,-0.02492512,0.011377906,0.0072671315,0.2801538092636553,0.0013397050725465665
2067,0.52141213,0.01791446,0.020937685,0.0072935475,0.5132195661247162,0.03875087930473673
2068,-0.42313197,0.65240383,0.010355284,0.01760176,-0.4069138788484819,0.665337473451411
2069,-0.05574006,-0.00861279,0.0096601285,0.007930242,-0.05873620519412124,0.010661386588108304
2070,0.016527375,-0.07666548,0.0103852535,0.008819989,0.01755048792108446,-0.05145290124608303
2071,0.1708232,-0.5553944,0.011008224,0.021200899,0.17980092650259966,-0.5401998879667255
2072,0.27577573,-0.13506705,0.013876634,0.010366119,0.2707385666809968,-0.10892981108189957
2073,0.022355229,-0.033995748,0.008518739,0.0074632517,0.019675352002220692,-0.015080818771161235
2074,-0.20652889,-0.06889059,0.009382756,0.00692479,-0.2079125996828031,-0.04455514915387527
2075,0.29053044,-0.39491054,0.013826315,0.018532924,0.2831843634083637,-0.3491924139505404
2076,-0.66030663,-0.15327677,0.021574069,0.007104231,-0.6583551601085462,-0.13286839511322499
2077,0.014569527,-0.071785614,0.011547141,0.010490695,0.024280272748012154,-0.05102456900867843
2078,-0.5193293,-0.034293182,0.024467284,0.008126122,-0.3524443700112009,-0.008950790100514416
2079,-0.18013693,-0.117181934,0.014726522,0.01128483,-0.15738149324343498,-0.09136927992336931
2080,0.06652265,0.024293803,0.008694958,0.008606678,0.06218824757404891,0.05529450878817856
2081,0.009362314,-0.062059343,0.007957134,0.007401265,0.010018327402608747,-0.03877413430732983
2082,0.38054138,0.057366528,0.026152981,0.012711748,0.35895256974911127,0.07323232520966665
2083,-0.1497716,-0.109068334,0.011992837,0.009070593,-0.14222179267624013,-0.08401713358132859
2084,-0.2512744,-0.49012238,0.012659657,0.017365696,-0.24312926441514637,-0.4565172858880024
2085,-0.12322618,0.48380506,0.0072294176,0.012540462,-0.11598674769310591,0.5106466839768509
2086,-0.092356235,-0.0035830522,0.008436468,0.006976554,-0.0879569783363994,0.02189773350739869
2087,-0.083901644,0.00074239355,0.018574284,0.015283736,-0.08483759743209915,0.024143603578447366
2088,0.18582553,-0.09847123,0.011067057,0.008536555,0.18264645508723676,-0.07019336987549893
2089,0.16953099,0.113899805,0.018014438,0.0143219335,0.1649924678990604,0.130868239062863
2090,0.07964224,0.05331689,0.008184534,0.0070654326,0.07836447864616243,0.08003053556453661
2091,-0.032782033,-0.014130042,0.009127397,0.007162908,-0.03580364404330258,0.006688201936556084
2092,-6.507384e-05,-0.016943112,0.0097608315,0.008099243,0.004661651908311304,0.004312467337208077
2093,-0.18051131,-0.001613454,0.017430967,0.011899938,-0.1829633622081525,0.01708045209649935
2094,-0.14185047,0.11189934,0.009265125,0.008169868,-0.14499284205345028,0.1270378490406092
2095,0.09434008,-0.04671627,0.009596254,0.008486557,0.09540603131534642,-0.023996085638559213
2096,-0.52313715,-0.4670338,0.013192979,0.0103494935,-0.5060997243896861,-0.4322126638327495
2097,-0.057952583,-0.032356508,0.010850218,0.008808843,-0.05897931383348162,-0.0213851346767854
2098,0.1754445,-0.14112526,0.008793041,0.011481048,0.16065326803585037,-0.10098409609264522
2099,-0.6811457,-0.37713245,0.017239522,0.009038726,-0.6758290049984113,-0.35897699004900796
2100,-0.28636214,0.13741338,0.012563246,0.0095364945,-0.27198946709845584,0.15746924548758512
2101,-0.2606622,-0.73555505,0.0068178247,0.012832357,-0.268461476064177,-0.7082945375212412
2102,-0.038254026,-0.009199911,0.010680864,0.008307595,-0.04089830698286619,0.013138026738414818
2103,0.8398007,-0.37440747,0.019290404,0.009817913,0.8430183011589852,-0.3576970827434869
2104,-0.0048733694,0.00042596366,0.00919201,0.00797697,-0.0023246252579498124,0.024627953648838293
2105,-0.35317904,-0.032408744,0.016793815,0.0075771348,-0.3177309359100057,-0.008507288434532983
2106,-0.37656283,0.23652366,0.01156741,0.010919877,-0.3639103460383494,0.25096206006950156
2107,0.18153843,0.32720473,0.01130094,0.016749285,0.1866945648896254,0.35232278854959803
2108,0.187533,-0.29109553,0.009034782,0.011119404,0.18689133017740123,-0.2651141536060778
2109,-0.6963954,-0.3497813,0.044629432,0.020781057,-0.7027018728064874,-0.3125894093519245
2110,-0.4183315,0.05069703,0.013367436,0.0061185653,-0.41205066423760983,0.07447449868234532
2111,-0.21631733,0.02656833,0.009556699,0.00725665,-0.20094890813405547,0.052701966746784575
2112,0.28838634,-0.254953,0.013092151,0.013426653,0.2905601246890794,-0.2292731284278373
2113,0.04190071,0.30630702,0.0076159984,0.011007621,0.03574797830374961,0.2638822353449775
2114,-0.008267451,-0.019156612,0.0094374325,0.0075546745,-0.005145169828775584,0.004284880843081871
2115,0.41977334,-0.4966792,0.013145566,0.020018714,0.4230764936858701,-0.47661713458289195
2116,0.4654917,-0.0052841203,0.018465223,0.00636937,0.4508968010379641,0.014331695860659105
2117,0.21411927,0.2457864,0.012483193,0.014492356,0.2216413326559822,0.2651094660388118
2118,0.44833967,-0.005306569,0.015029425,0.0057308837,0.45390667050617317,0.014063247762778532
2119,0.39182845,-0.0857318,0.021606384,0.010349114,0.41474016989399115,-0.0636384531415974
2120,-0.16811262,0.15953793,0.013165096,0.014874279,-0.16957588173743995,0.1890219878641928
2121,-0.016915668,-0.025473826,0.01021063,0.009151254,-0.01050367113201078,8.301863669503508e-05
2122,0.021897405,-0.064889215,0.016602837,0.015441112,0.03486470666468766,-0.04017136039132772
2123,0.5403749,0.4990674,0.018060569,0.017066982,0.534523526122481,0.513930296777214
2124,0.2242132,-0.16802624,0.013358731,0.013344859,0.2344485938974307,-0.15792016355964636
2125,-0.2199197,-0.7793584,0.0072513125,0.016535519,-0.21221057157875076,-0.7444811559676535
2126,0.20773195,-0.14571407,0.010495676,0.010380149,0.2157683417644602,-0.1261829113678819
2127,0.12596639,-0.08120526,0.008797887,0.0075056697,0.1277148425954901,-0.05810793550053899
2128,0.2647699,0.23289469,0.009466248,0.008793446,0.2605155606898934,0.2506397742476814
2129,0.026338844,-0.066742726,0.011432121,0.010378031,0.027151624089231746,-0.037486536694299064
2130,0.0022552856,-0.028254777,0.008658795,0.0073399404,-0.0003257594971741895,-0.003131981904654023
2131,0.020100582,-0.011990228,0.009925974,0.008798384,0.015562148749455124,0.0021870202987672293
2132,0.041856155,-0.0037863487,0.015063364,0.013422729,0.05020859884290555,0.014026328114522988
2133,0.29058367,0.2886213,0.020955548,0.019931182,0.3329619561491168,0.3486122660833095
2134,0.0572428,0.0011098674,0.009474869,0.00821612,0.06115010477520591,0.027469527877027437
2135,-0.19069709,-0.5706634,0.0073213726,0.01267,-0.1954041735903764,-0.5482916042966964
2136,0.10912837,0.07323195,0.008267179,0.007367809,0.089778738621908,0.07764414960470808
2137,-0.3331855,0.244569,0.015800657,0.01635241,-0.30481353131951455,0.23985592986556323
2138,-0.34967378,-0.06617492,0.0200642,0.009673274,-0.3277479404051595,-0.03884739080603837
2139,0.34067792,-0.087739065,0.015587191,0.008351048,0.3391480987628788,-0.06268854227669302
2140,-0.014342751,-0.044952344,0.008403841,0.0073312903,-0.01579405999081751,-0.020357009610895736
2141,0.6987118,-0.5653714,0.032054603,0.02652871,0.6760954785278693,-0.5256343727556646
2142,-0.001836468,-0.05397301,0.011120111,0.010078463,0.007256944662989082,-0.03310099372252218
2143,0.43337536,0.24264935,0.01734673,0.010927969,0.4275588466526105,0.2565987821561089
2144,0.17143747,-0.13209805,0.05166294,0.043635253,0.18206874487526925,-0.1418003324464439
2145,0.10440807,0.7981937,0.008617903,0.02170427,0.10589044715037506,0.8236600963612325
2146,0.33019036,0.1662426,0.014046388,0.009003084,0.3390755486299253,0.18903217034258535
2147,-0.032716244,-0.0050695287,0.017175427,0.013939405,-0.0198082582281959,0.017395762147628138
2148,0.05089839,0.011091611,0.008150835,0.0070095765,0.040521349912382765,0.03646730659832886
2149,-0.5070993,0.12306212,0.02151632,0.0104720155,-0.4615415918868341,0.13662200139199052
2150,0.039529793,-0.07625228,0.008238449,0.0074653924,0.036295893043872575,-0.051837701895982344
2151,0.11990583,0.05293326,0.008103182,0.0070331423,0.11794325097950853,0.07586272811855917
2152,-0.10140475,0.38623893,0.0075225323,0.011707135,-0.09627028472912619,0.40372823155407145
2153,0.05528184,-0.10691835,0.012321652,0.01191179,0.06642676733799852,-0.0757388590191753
2154,-0.043650907,-0.030543685,0.009735096,0.007878829,-0.043857812089201274,-0.0043987408905807246
2155,-0.15700413,0.0425997,0.021684892,0.016022515,-0.14642866530079038,0.06167574137357285
2156,0.0063873664,0.012422747,0.011009756,0.009529492,0.009814229331782248,0.030998574447887173
2157,0.048363745,-0.04158379,0.010374754,0.008779926,0.04681843760219919,-0.01759557889821369
2158,-0.24118483,0.059860326,0.013419309,0.009066997,-0.20184782975592924,0.07810243320340703
2159,0.19004594,0.13501681,0.013053087,0.010615778,0.19077768577561194,0.15577737866247443
2160,0.0021217489,-0.02453433,0.008251928,0.0072846496,0.00547408701734823,-0.004218903898704428
2161,0.049126003,-0.02328039,0.0086902315,0.007525579,0.05118385694586693,-0.0029884095656119093
2162,0.07693465,-0.01726409,0.014392623,0.012112966,0.08340195392857253,0.008122762792019716
2163,0.16874394,-0.36674178,0.008990006,0.014136999,0.16066665320017437,-0.33012782256832124
2164,0.037643753,0.18571359,0.009074122,0.008903386,0.03634242029084819,0.20652647568984075
2165,-0.08159104,-0.096108295,0.011860551,0.009796206,-0.06784970064421345,-0.07259287386523854
2166,-0.1049788,0.039463185,0.0091475975,0.007347501,-0.10377041778536703,0.06897982648533112
2167,-0.014497638,-0.010527969,0.009806753,0.008152044,-0.010197162734645136,0.011619857856396467
2168,0.7014378,0.026435655,0.026426906,0.007412028,0.7000166459513284,0.05231377304480432
2169,0.11927092,-0.25258923,0.008120445,0.010237649,0.11749211664043402,-0.22660107655152215
2170,-0.22351821,-0.3607481,0.009004183,0.01066952,-0.22071953607921457,-0.33106219076574434
2171,0.7084024,0.4573447,0.017521989,0.01564802,0.6907640255530545,0.4688605138050267
2172,-0.1396422,0.07072091,0.008807221,0.0075753275,-0.13889025982484762,0.09268318289110379
2173,-0.06770826,-0.025798537,0.009371773,0.0070142406,-0.07631822445274193,-0.004192252147122326
2174,-0.1593565,0.03325271,0.027479159,0.019566987,-0.1443028033548299,0.06869598133172686
2175,0.017337356,-0.109404415,0.0104206465,0.009795346,0.02203187244847887,-0.0874040688492003
2176,-0.35317904,-0.032408744,0.016793815,0.0075771348,-0.3177309359100057,-0.008507288434532983
2177,0.02591671,-0.0623053,0.008446989,0.007982697,0.02268177064070207,-0.037842235223211756
2178,0.07128921,0.02057904,0.010278359,0.008726042,0.0805077062869726,0.034550532741060826
2179,0.25644824,0.5640743,0.0082194125,0.011828245,0.25511804864577425,0.5791191458125533
2180,0.14121422,0.051063165,0.01480452,0.011251552,0.142683939609075,0.07360783768312265
2181,-0.5991639,-0.17433122,0.020739326,0.007853462,-0.6183971045882277,-0.15790631714127468
2182,-0.0050038327,-0.019146703,0.011922161,0.010489097,0.0033760601073744823,0.004109781168624523
2183,0.02602531,-0.04556153,0.007989538,0.0071940552,0.026205283775667703,-0.02031355066149999
2184,-0.017374683,0.20800142,0.007973691,0.008658877,-0.017795309735528703,0.22248366915957868
2185,0.4754226,0.03190583,0.03433088,0.01292308,0.47263463394938887,0.06264651436344094
2186,-0.061451003,0.05052261,0.016853249,0.013505142,-0.042236076707886414,0.06603425435272318
2187,0.091505274,-0.47168398,0.010904344,0.021062646,0.10273966972315084,-0.4871810503607014
2188,0.16388446,-0.0717431,0.009133542,0.0074067716,0.1588889761055536,-0.0496074389195606
2189,-0.0518125,-0.028268863,0.01137555,0.008774587,-0.04812657451226337,-0.0008639791624046506
2190,-0.33171034,0.3076074,0.0153752025,0.017914431,-0.33974586200750795,0.334021642716673
2191,-0.31299984,0.6248519,0.009975901,0.019385898,-0.3290592801468093,0.6684256718363079
2192,0.3524091,0.56963646,0.010290747,0.016204791,0.3404636133889484,0.5721530838968827
2193,0.06629809,0.008886426,0.020851998,0.017248215,0.06389698165112045,0.03818859056466215
2194,0.11532525,-0.01314129,0.009651745,0.007924682,0.12261842228790777,0.008354949542140723
2195,0.25665325,-0.13646057,0.012912349,0.0105673475,0.24585287032853134,-0.11708740101435888
2196,0.029051706,-0.1615417,0.0108157825,0.010688823,0.040725298156326105,-0.1405165276814853
2197,0.55268985,-0.2636956,0.07379762,0.050295625,0.4922871949580868,-0.18849704759879243
2198,-0.5462373,-0.22734319,0.014206004,0.008223631,-0.5519925515815464,-0.19420126484116018
2199,-0.09452124,-0.25367045,0.017003627,0.016794384,-0.08022378291882873,-0.2226278851708363
2200,0.2385891,0.021640241,0.011689719,0.0068366695,0.2419484892585696,0.03736366725280269
2201,0.033971675,-0.2058531,0.009372364,0.010885981,0.03784989579947961,-0.181599300226075
2202,-0.16353504,0.10895888,0.012296336,0.010884864,-0.16246426726942395,0.13178032565918962
2203,-0.15297051,-0.5222101,0.008649339,0.011582429,-0.14081348629804497,-0.483814412421581
2204,-0.056759425,0.08148322,0.011778438,0.01133435,-0.048886806778895765,0.10083846492245796
2205,0.00032154424,-0.023242116,0.00932654,0.007393269,-0.0008202792533398491,0.0014354054947851684
2206,-0.029732503,0.12492452,0.012003203,0.011404005,-0.024783903458999907,0.14131519983249716
2207,0.06907344,0.048338674,0.012224856,0.00990713,0.06818762553578721,0.06381189432224263
2208,-0.07688372,0.012955501,0.0094362525,0.007706733,-0.07307703554712754,0.0262179188034379
2209,-0.28719288,-0.06509353,0.015424155,0.007953306,-0.2781030954527593,-0.03748133786865522
2210,0.013928015,-0.025707506,0.012597385,0.01110497,0.02390112671809982,0.0030303674976316967
2211,0.4017713,0.061812855,0.015946973,0.0064428556,0.41332787215874073,0.08249510287763592
2212,-0.7601753,-0.2285816,0.020956013,0.007522691,-0.7480948653997914,-0.2046275256244116
2213,0.05433814,0.20745516,0.010712708,0.010655319,0.06217557864876516,0.22086101377735337
2214,0.16953099,0.113899805,0.018014438,0.0143219335,0.1649924678990604,0.130868239062863
2215,0.010825796,-0.0625566,0.0103731,0.009227852,0.006425611917703391,-0.049524803342410516
2216,0.030605113,0.583856,0.0119383,0.021539286,0.03411429460367994,0.5653767315494862
2217,-0.01734372,-0.023283966,0.013781517,0.0121888295,0.0030476326748011427,-0.005996736204822652
2218,-0.08698643,-0.38809067,0.016073676,0.020154355,-0.06913107660245096,-0.3548956422622017
2219,-0.18545869,-0.5116102,0.008162186,0.014142165,-0.19062306467751597,-0.4999307822032327
2220,0.48436612,-0.010810868,0.017052965,0.0059574,0.4971032229723208,0.008689105288167853
2221,-0.0115777105,-0.19394241,0.011934059,0.011368303,-0.007381160925885538,-0.1583914423482872
2222,0.04451752,-0.41182563,0.008830735,0.010160128,0.04120688009699911,-0.38919581789994284
2223,0.30079055,-0.44779953,0.010041285,0.014791536,0.3039244466338138,-0.4243469279684641
2224,0.09082146,0.35444337,0.007986463,0.009147288,0.08558321774681825,0.38218679997041305
2225,0.3006061,-0.14569896,0.011769249,0.008698085,0.30780451031583883,-0.12455244387583103
2226,-0.027251724,-0.26382995,0.024192942,0.023292119,-0.014120035809606059,-0.21859700329312134
2227,0.13201873,-0.052463703,0.009943561,0.00860632,0.12683923282032022,-0.03305262145850204
2228,-0.040025406,-0.07276907,0.010132747,0.008187778,-0.04008857161731465,-0.05058184227325188
2229,-0.27361178,-0.24266994,0.01208365,0.009674151,-0.2693174933375391,-0.2202072523787528
2230,-0.16419637,0.21550223,0.009500256,0.008980693,-0.15800551381282657,0.23474511575700377
2231,0.0066816253,-0.008669601,0.009199334,0.0074697053,0.002136161042140297,0.012771730753040939
2232,0.2617789,-0.014391013,0.015769446,0.008743117,0.2629380944518209,-0.0026144851245528083
2233,-0.10751197,-0.033081256,0.010127909,0.007143809,-0.1052578320573623,-0.010098694420116752
2234,0.0042322627,-0.15957898,0.017841728,0.015827434,0.011821128628306412,-0.1467844464707085
2235,-0.081710964,0.10650008,0.008189263,0.0076849307,-0.07104789622101504,0.13273054253590597
2236,0.46949118,0.36670768,0.023367602,0.019151166,0.4242896930491748,0.34477266941380713
2237,0.10722532,-0.15502833,0.010589452,0.010282892,0.10900816793564329,-0.1289534886092496
2238,-0.45797598,-0.09041137,0.01486078,0.0058592344,-0.4502235056674139,-0.07210921326980335
2239,-0.2526634,-0.8778075,0.0062996875,0.015734466,-0.25793124230231473,-0.8683916112506398
2240,-0.7381934,-0.5210412,0.021147912,0.017037958,-0.7552018920783893,-0.5069174874187173
2241,0.41466057,-0.06644877,0.017359734,0.006721232,0.38874499962126063,-0.04273138571530077
2242,-0.16141534,0.050756276,0.045015164,0.03798374,-0.11491076468276039,0.07148292247560027
2243,0.37819037,0.09904406,0.01229292,0.0067729694,0.3621534749970146,0.11919255198406858
2244,0.5686681,-0.16741025,0.021076715,0.008783677,0.5862056272139755,-0.14976382917026962
2245,-0.069026396,0.052409343,0.009555164,0.00873784,-0.05565015346132345,0.06222914299454572
2246,0.011515748,-0.07666994,0.008870793,0.008116614,0.021843131877155825,-0.044324249826979835
2247,0.2489216,0.18012765,0.010647485,0.00870379,0.2545090444219306,0.20332822714334844
2248,-0.15362978,0.34004593,0.00897193,0.013584835,-0.14590807656720195,0.34577253891637333
2249,0.025170188,-0.14348803,0.01231435,0.012020867,0.037314092633864364,-0.12105602003446332
2250,-0.15961997,-0.37574485,0.008187608,0.013372392,-0.159345911545434,-0.3680354780666324
2251,-0.027707718,0.070904575,0.010610803,0.008863416,-0.026513201135657877,0.08863364464449723
2252,0.34850407,-0.2764063,0.021315621,0.020986645,0.3281338707827092,-0.2293631913957067
2253,0.09958823,0.024814598,0.008664704,0.00703717,0.09610462018190784,0.03657174426762372
2254,0.06974426,-0.0813703,0.00905073,0.008923612,0.07220322424187041,-0.05896899946218257
2255,-0.054554433,0.005289144,0.014707257,0.012523908,-0.044877972023953897,0.03013033840059985
2256,-0.16269614,-0.50837964,0.007436631,0.012618544,-0.16146196694505138,-0.49253558312267604
2257,-0.034556597,-0.25219572,0.008170107,0.008271884,-0.03456568579447878,-0.2215677146721915
2258,-0.039727412,0.10333386,0.008318371,0.007992401,-0.04042393460082581,0.12422873656454694
2259,0.08917959,0.08136677,0.009330438,0.0077471994,0.0857889643332007,0.10207055862488841
2260,-0.0091394745,-0.01404632,0.009069749,0.0078084064,-0.0009875810168555594,0.008647826071108344
2261,-0.018611804,0.1924003,0.009161536,0.010268504,-0.014865975230219918,0.21971225382873566
2262,0.044927977,0.17481706,0.008309267,0.00884773,0.046965004500143834,0.19893321173758816
2263,-0.06054032,-0.0049057277,0.015345385,0.012861141,-0.055638421452995364,0.01678970256639874
2264,-0.015830029,-0.017873228,0.0095912935,0.0075867004,-0.013794062142810008,0.00723634437540472
2265,0.05764877,0.15937811,0.009122556,0.009280372,0.04818862976179545,0.1663546838629617
2266,0.38281044,0.56967396,0.011535474,0.016912187,0.3767434141175517,0.5774528653875749
2267,-0.2778889,0.36076772,0.00941665,0.013227531,-0.2772388664845,0.37891828962139973
2268,0.0012066183,3.325846e-05,0.008483042,0.0074852654,0.003995524672753866,0.022215089959195564
2269,0.05268947,0.007775723,0.008302173,0.0072179292,0.05925430106524139,0.03564670490685208
2270,0.21792302,-0.17287649,0.009921134,0.01056663,0.22005062134836748,-0.15369969803244046
2271,-0.22448017,0.537679,0.008634449,0.018886888,-0.20707786299015454,0.539763365322997
2272,0.48457015,-0.021312498,0.020726599,0.0077030393,0.4836937426896516,-0.0004968809826777542
2273,0.09291741,-0.016204953,0.009507223,0.00762398,0.07607481902925886,0.00529152987921542
2274,0.060379215,0.457651,0.009696021,0.016247083,0.05844793720757878,0.4449198815548115
2275,0.0037814942,-0.45165914,0.007370838,0.010969091,0.002248014262792645,-0.4184341785670697
2276,0.1616687,-0.14087269,0.01460611,0.0143736685,0.14744738719163247,-0.10923898252432045
2277,0.13564835,-0.34554768,0.019155925,0.023894671,0.16119098744750793,-0.3330892825339179
2278,-0.035739295,-0.03777971,0.011243889,0.008756259,-0.03164528357868899,-0.007102184499505145
2279,-0.06607358,-0.05044509,0.011401715,0.009191525,-0.060729803984630695,-0.026667761622003877
2280,0.38462317,-0.33041173,0.0107419565,0.011081866,0.35996796243633045,-0.2896906115540212
2281,-0.1440795,0.14847088,0.008917227,0.008740108,-0.14804743299385975,0.1777842500270528
2282,0.21200661,0.18821535,0.0116724,0.0106451595,0.22305019509761254,0.2091556716749511
2283,-0.06111119,-0.43532372,0.014128315,0.019510565,-0.058081997624092704,-0.40480874681773066
2284,-0.072105266,0.46780163,0.009186932,0.016892156,-0.06765931365849659,0.4792144885345169
2285,-0.3107301,0.48251075,0.010756228,0.017341856,-0.29074516438464004,0.4775443969374951
2286,0.18546923,-0.089397356,0.01009451,0.008021688,0.17803321031792316,-0.060129606928544334
2287,0.13704655,-0.6480901,0.012741697,0.023376651,0.1432506162130298,-0.6383982363226767
2288,0.22631605,0.16939327,0.009381456,0.0109340465,0.17911835082438274,0.14230329633300637
2289,0.027245086,0.014463625,0.011394995,0.009510883,0.03027270261029581,0.03105325592873162
2290,0.37364128,-0.12640129,0.0144907385,0.008110047,0.3724624895147704,-0.10372414056818426
2291,-0.021900356,0.039425027,0.03884569,0.033792954,0.017004538399311726,0.029696849800626455
2292,0.1884635,-0.28475457,0.014401789,0.016771352,0.18845007262005906,-0.25945961231227604
2293,0.07478122,0.12879692,0.009567798,0.008686414,0.08234135902160249,0.15306966251834428
2294,-0.07566453,-0.54949987,0.016794402,0.026054332,-0.08052647910350162,-0.5092101755766326
2295,0.022878695,-0.011694015,0.008882608,0.007328459,0.0216536395879931,0.008828555221369728
2296,0.0001521525,-0.03345104,0.011281373,0.009667687,0.005662319759527786,-0.015000657821418073
2297,-0.1664155,0.1549696,0.008860984,0.008569271,-0.16198625894143717,0.17777290789006792
2298,-0.15343729,0.2203024,0.0136240665,0.017993571,-0.14306272958796662,0.2406583821160362
2299,0.18041821,0.011084001,0.013192979,0.008772411,0.18904713761393777,0.026340907636760457
2300,0.06810727,-0.06328171,0.011098182,0.009663713,0.07180681496451718,-0.02919564643335605
2301,0.48289752,0.40590304,0.0143616,0.012361344,0.47746672227041326,0.4286606228830283
2302,0.18798627,-0.05425959,0.010404248,0.008121779,0.1856731984808181,-0.025828736060018703
2303,0.045180626,-0.11390424,0.010737239,0.009550505,0.04939562984435286,-0.07920712231187964
2304,0.017499551,-0.102270335,0.009911691,0.009543755,0.02654222699011917,-0.09070677005900935
2305,-0.30345196,0.1679196,0.012471066,0.010240463,-0.2826900552708104,0.18677521304630726
2306,0.6375626,-0.6368659,0.021096906,0.02213802,0.6589115099449472,-0.6248685132069682
2307,0.09077287,0.5308068,0.007651372,0.013262134,0.08667025281140614,0.5453854402552506
2308,0.15611418,0.07101463,0.008326764,0.0063961297,0.1633279895460457,0.10085007358003859
2309,-0.006568651,0.007545351,0.008973229,0.0075431103,-0.007478800798749915,0.025390124492614564
2310,0.1616687,-0.14087269,0.01460611,0.0143736685,0.14744738719163247,-0.10923898252432045
2311,0.07740237,0.18880859,0.0077722683,0.008093804,0.07392325709326146,0.2000088252522945
2312,0.13261695,-0.3111037,0.008816556,0.011913119,0.12749787956972608,-0.27479114750579625
2313,-0.04150571,-0.15454969,0.009922197,0.008967561,-0.03819011821719273,-0.1225245370397626
2314,-0.14282605,-0.29706824,0.018409748,0.021426495,-0.11668177504403485,-0.2492586521635503
2315,-0.0417084,0.017117098,0.009068567,0.0077543813,-0.040817078052036534,0.034705193067025346
2316,-0.0016227062,-0.03254216,0.007997342,0.007845218,-0.0028517644996733896,0.002085476927983099
2317,-0.0061203376,-0.1408007,0.008997567,0.008321965,-0.004862511855495873,-0.11807747705760636
2318,0.30896243,-0.3136479,0.012642942,0.013642965,0.29779633924417814,-0.28739491126228334
2319,0.07236144,-0.39271203,0.009018123,0.0142923305,0.0777944814682003,-0.37041905928790747
2320,0.0973037,-0.29246888,0.00861022,0.012161464,0.09096989738886511,-0.2691342235455165
2321,0.18628597,-0.0074925395,0.013124505,0.0080170855,0.16832232890140134,0.011685911881386362
2322,-0.024622142,-0.015756957,0.009221541,0.0074977134,-0.02610436104678611,0.005356744489418614
2323,0.3718,0.47950292,0.012564306,0.016221378,0.363508613429476,0.4913405955896299
2324,-0.15976144,-0.33375755,0.010338177,0.012655245,-0.1512901429383171,-0.30159379135731096
2325,0.004263948,0.0775246,0.015588365,0.0137465,0.02466819953908845,0.09709465011684557
2326,0.016640253,0.19896351,0.007697272,0.0085627735,0.014448169806959104,0.20216766437325534
2327,-0.13993949,0.32692054,0.008964014,0.018017845,-0.12042483514974744,0.2880305337463974
2328,-0.016231172,0.04374165,0.011932176,0.010704267,-0.002303207744874991,0.05774746617028049
2329,0.3422697,-0.03876791,0.014104924,0.007150463,0.32984722411063455,-0.01368150664618789
2330,-0.046687428,0.25517935,0.0075729345,0.0113932965,-0.040950889952856034,0.263430102329666
2331,-0.17337152,0.3757849,0.012809021,0.020083485,-0.1438532909284575,0.35533570173662204
2332,-0.0017402149,-0.07509441,0.008395094,0.007538927,0.0013373804435975203,-0.04378280654792239
2333,-0.10695957,-0.13797441,0.008756882,0.0072849663,-0.108577977347217,-0.11297373703290968
2334,-0.015678274,0.057934556,0.0088608675,0.007758775,-0.01877748072873048,0.07994311712175127
2335,-0.0036141672,0.058113754,0.010187973,0.009463442,0.001276964936507742,0.0804812600825426
2336,0.0045983647,-0.08945043,0.008212556,0.0074806805,0.015387128685515252,-0.06270305401551286
2337,0.16081655,0.040865898,0.009321344,0.007006206,0.1661905023368035,0.06853730589986369
2338,-0.0054953056,-0.19995087,0.008067706,0.007850754,-0.008832142567350263,-0.17516687745049447
2339,-0.058024064,-0.014117711,0.009406966,0.0076803286,-0.05136470640193435,0.017255599892540427
2340,0.14117782,-0.08268002,0.0093726,0.00825139,0.14432816431827622,-0.06076678327894613
2341,0.058748245,0.00040174183,0.008739038,0.0074131065,0.050667610715254746,0.021924929328646623
2342,0.031093445,-0.10647584,0.008874573,0.008588385,0.03407095716011688,-0.07955939302084829
2343,0.29455882,0.40410745,0.014679415,0.018265728,0.28890844853174497,0.4185520194736148
2344,0.09445523,-0.089936376,0.009444166,0.00975444,0.09900416634253,-0.07462622741608164
2345,-0.075188875,0.024480902,0.010702919,0.008680731,-0.08626436622822246,0.050445186972505274
2346,-0.15210734,-0.10961818,0.009863769,0.007206433,-0.14784398354103293,-0.08139417669393827
2347,0.58101296,-0.54540324,0.014032634,0.012456364,0.587115028710227,-0.5278271615455739
2348,-0.18122913,-0.2680276,0.010035857,0.00983598,-0.18012067171812526,-0.2408882099952107
2349,-0.083143845,-0.014034876,0.015980998,0.01356503,-0.05353793882274284,0.015135102564049444
2350,-0.03981054,0.48326594,0.009114167,0.01612029,-0.03303455552784257,0.4976508921779077
2351,0.16134535,0.4582458,0.013439422,0.021498028,0.1678480141821076,0.4670502033022927
2352,-0.3047096,-0.29656756,0.010605377,0.009726429,-0.29541257110046937,-0.2659874911172912
2353,-0.35029197,0.15944481,0.02455755,0.017925348,-0.3367531863718028,0.18893554901902782
2354,0.13494913,-0.16150089,0.011679941,0.012905156,0.12538564855804962,-0.1349542505684012
2355,-0.007395997,0.17318507,0.007848087,0.00817352,-0.0038093617207813485,0.1970907288908817
2356,-0.20887685,-0.13389751,0.014543608,0.010717714,-0.21137402597397412,-0.11721242374565831
2357,0.23954536,-0.112569444,0.010799862,0.007766343,0.2375311700974156,-0.08623611781275345
2358,-0.7734277,-0.17013848,0.019853512,0.0060848054,-0.769804022868221,-0.14991527209848424
2359,-0.004297429,-0.0006409371,0.008578782,0.007270587,-0.000478894994851395,0.027650920800036678
2360,-0.023604395,0.09703528,0.011134021,0.01088788,-0.02710514870607424,0.11697284226451027
2361,-0.41023052,-0.04113622,0.017097965,0.006893559,-0.3937064493136179,-0.022831118921208187
2362,0.1258053,0.7303985,0.010210157,0.021996638,0.13932016273280515,0.7528443126341476
2363,-0.09114462,0.044067748,0.00965387,0.0077023664,-0.10395273734268043,0.06821562109178327
2364,0.05834989,-0.0073458487,0.013748008,0.011603023,0.07097462340230049,0.008980136157826923
2365,-0.007142048,0.050546333,0.010385488,0.008593789,-0.007135039160109862,0.0699695732063066
2366,-0.32422674,-0.28462696,0.016025577,0.01342692,-0.3084751789798489,-0.26147925073378725
2367,0.0017746878,-0.031125784,0.009423499,0.0075386986,-0.0002770920770982488,-0.013165970027729615
2368,0.11170004,-0.060589135,0.011411142,0.009817418,0.12206430554167418,-0.043865521455235965
2369,-0.07631692,0.12675376,0.007951457,0.010127955,-0.06867508224075358,0.13105246345395627
2370,0.14663689,-0.11839617,0.010951864,0.009795429,0.15132987686725105,-0.0977265793080625
2371,-0.86703753,0.22092222,0.017719815,0.008746866,-0.8589243418236729,0.23928621934551483
2372,0.20669334,0.025721729,0.009765908,0.006627693,0.20203408112987015,0.05409775729742137
2373,-0.014438214,-0.020211585,0.021614667,0.018777281,-0.006781245218954993,0.008578154996890481
2374,-0.111334376,-0.036372587,0.010129207,0.007161431,-0.09582855879481716,-0.013999659426337342
2375,-0.52370656,0.19507492,0.018439826,0.010258264,-0.5083794811459685,0.21467705523855057
2376,-0.57563233,0.25074425,0.020569418,0.012766222,-0.5382526814590491,0.25364665349793114
2377,0.29070616,0.2716843,0.023077233,0.020428762,0.292112066706968,0.30372562972837813
2378,-0.24153262,-0.535179,0.007889721,0.011618335,-0.23611361782659343,-0.5074159706620549
2379,0.17505214,-0.014264342,0.014196722,0.00985076,0.18435729209098412,0.006273015158760748
2380,-0.23460495,-0.26653332,0.013032848,0.012548597,-0.22483308851336217,-0.23905829251717037
2381,0.5765362,0.08250328,0.01963448,0.006957285,0.5720475474311683,0.10048632246413006
2382,0.15052189,0.64657104,0.008637285,0.019466972,0.1482236376247535,0.6238332178835565
2383,0.007474059,-0.113393314,0.011801884,0.01110113,0.011277038504903993,-0.086534158707419
2384,-0.020604772,0.0333132,0.010489305,0.008527017,-0.012073245624325346,0.05220016384239036
2385,0.31896037,0.07534307,0.012912349,0.0066034948,0.3269641539198086,0.09611649073827791
2386,0.046826508,-0.03076011,0.007924847,0.0069597955,0.051285537782223285,-0.0020750874580825708
2387,0.022007968,-0.04892925,0.008957989,0.00751085,0.02284105163727011,-0.022911384691526537
2388,0.02099588,0.007704518,0.012617633,0.011150144,0.023441088949072493,0.03561345093659099
2389,-0.110975206,-0.37255853,0.015585196,0.020205133,-0.08986469878921129,-0.29819358871715074
2390,-0.49432814,0.010842635,0.0144927325,0.0061079124,-0.4890624899335812,0.03099931637054493
2391,0.7146059,0.26309633,0.020285945,0.010744618,0.6924169958314832,0.2727112294566641
2392,-0.106573805,-0.0058277557,0.008782525,0.0072817043,-0.10476242153029731,0.01706266851348074
2393,0.042259693,0.0060152737,0.014307429,0.011975443,0.05083708821625801,0.023518652596021386
2394,-0.47804445,-0.033474743,0.015175617,0.005981739,-0.4856688990965361,-0.010477739355302159
2395,0.10932195,0.35307655,0.011116926,0.018442828,0.11804973808145391,0.3940126793371903
2396,-0.070524774,-0.2267036,0.012401953,0.012966519,-0.06916449811304548,-0.19533226646323731
2397,-0.115309596,0.018032774,0.014258184,0.011523017,-0.08660871824164174,0.049902422148410494
2398,-0.1438066,-0.23803544,0.009916414,0.010555565,-0.15640872157404462,-0.2325599101385642
2399,0.72578233,-0.5556495,0.019920476,0.015700575,0.7348929211544767,-0.538621996557208
2400,0.025327561,-0.02261629,0.014609518,0.012767891,0.03513872105456168,0.0025916325226242732
2401,-0.032074865,0.30226213,0.0082480265,0.0112787075,-0.028107485160595812,0.32401763883006024
2402,-0.056974843,0.039684154,0.011782797,0.010432959,-0.039156769558074796,0.061663528650356784
2403,0.10071853,0.1874673,0.009147007,0.009335337,0.09118101588586358,0.19803122344468507
2404,-0.05688104,-0.010062703,0.009908504,0.007990156,-0.057193628520951174,0.015360139644354422
2405,0.40525234,0.12817843,0.017980486,0.009203505,0.39206302266142895,0.1399428602308919
2406,-0.014854606,-0.021865845,0.0081398375,0.0077538956,-0.006167365305475329,0.002918513190588561
2407,-0.029668257,-0.007907794,0.0111426255,0.008844872,-0.020971054697653115,0.009316646729972306
2408,0.14449444,-0.18444395,0.008482568,0.009765279,0.1434116255893001,-0.15984434282069343
2409,0.009424707,-0.0032762373,0.00821291,0.0071672816,0.00753433295927615,0.019499083773921008
2410,-0.11961578,-0.48557433,0.010892787,0.02024466,-0.11877878656494717,-0.4791861406974713
2411,-0.010393975,-0.026135646,0.0093620885,0.007459159,-0.009751403739335522,-0.0027735343712406184
2412,-0.4819379,0.1362753,0.013397785,0.010485763,-0.4744584955217856,0.16184431123915644
2413,0.0219923,-0.21790186,0.010399173,0.01214199,0.024569844839820307,-0.18984581005988546
2414,-0.25852665,-0.09713076,0.010011191,0.0067011546,-0.2565332118120373,-0.07408365185542294
2415,-0.11766176,-0.24786896,0.010278831,0.010580952,-0.11339480419514356,-0.2199486710933336
2416,-0.7159768,-0.06346881,0.026171219,0.007845046,-0.6986176409843959,-0.03604568405433159
2417,-0.60599357,0.6480186,0.023741709,0.028177362,-0.5926306162325464,0.6769124074649833
2418,0.02940785,-0.08821927,0.016592402,0.014249539,0.040488488215222516,-0.07249941708831846
2419,0.34259525,-0.41540802,0.024422264,0.028777191,0.36483888694410954,-0.4137888007315732
2420,0.07702422,-0.21143168,0.008115597,0.008380128,0.07583827792220069,-0.1854368805632231
2421,0.24207042,-0.27853948,0.014685643,0.019689785,0.23558530676734535,-0.24428200922381
2422,-0.011337314,-0.06862418,0.010528234,0.008828095,-0.008477660041090788,-0.050751549044470164
2423,0.38759083,-0.20579176,0.0213064,0.01632199,0.382425120237469,-0.17631980633157612
2424,-0.1399286,-0.19866888,0.009305755,0.007848612,-0.1338488266835711,-0.17109048855626616
2425,0.19915988,-0.23492424,0.0112275025,0.0131356735,0.19976797520298867,-0.20433417021566874
2426,-0.16311371,0.042952046,0.0130173145,0.009033834,-0.15109946626553386,0.06607791227908141
2427,0.19223295,-0.16149253,0.00968374,0.009588769,0.19771148121469517,-0.13895856586074598
2428,-0.011950277,-0.015555427,0.008306903,0.0071157212,-0.0018113988463316572,0.00670535505890319
2429,0.061915062,-0.17535913,0.012947183,0.012222446,0.06491308792328174,-0.13736118507557965
2430,0.31130046,-0.20548908,0.010885476,0.010951664,0.3302138438736059,-0.18892516496326486
2431,0.010640331,-0.027935527,0.010376641,0.00919777,0.025233610557013075,-0.0042024596633889475
2432,0.3729147,-0.44582114,0.011132136,0.012559048,0.3651580405420432,-0.41558121166887874
2433,-0.010460347,0.10151634,0.007995806,0.007539424,-0.009088014070642506,0.13659725651219998
2434,0.011357781,-0.10706068,0.008543797,0.008264955,0.017926042672358544,-0.08475311498188422
2435,-0.05881051,0.1369543,0.008145276,0.008590886,-0.0585687919139738,0.1654025959930517
2436,-0.01495548,-0.0097495625,0.008908602,0.007567963,-0.008041022511237391,0.010672830215332435
2437,-0.40093154,-0.063048705,0.015218591,0.0065603703,-0.38744010314349797,-0.03474176493071114
2438,0.361741,0.059833363,0.013628298,0.0066411723,0.35505188862935655,0.0808067136350748
2439,-0.15120637,-0.10906546,0.009110387,0.007867537,-0.14211094250475273,-0.07618567720317602
2440,0.016832054,0.062538385,0.008789377,0.007890494,0.016981611051882377,0.08497958428535775
2441,0.640055,-0.16095133,0.021255286,0.00833955,0.6274521463903989,-0.13822117480295268
2442,0.23763818,0.0033199927,0.01091755,0.0066796322,0.24586798541231755,0.025854718473431917
2443,-0.25338718,0.10754348,0.012436923,0.008879415,-0.25161650387983553,0.13231264622674935
2444,0.043990504,-0.087400965,0.012858097,0.012394059,0.054728025140243455,-0.0598774483115746
2445,-0.21103479,0.51361036,0.035260588,0.04238933,-0.1378690053210587,0.44761201432319087
2446,0.093972296,-0.44200596,0.0071572214,0.010316914,0.08942427104887722,-0.42375353111416597
2447,-0.024046598,0.0014660126,0.008622039,0.007360611,-0.023948894313250937,0.024176448491300885
2448,-0.033281796,-0.15909222,0.017211754,0.016734902,-0.021023611513887024,-0.12520944056653097
2449,0.07011206,0.0030519096,0.0109440815,0.009257264,0.08052398400223254,0.025637720006698173
2450,-0.052077666,-0.030036442,0.011853247,0.009507515,-0.03412499766833265,-0.00681764335238451
2451,0.037342623,0.4074311,0.007339834,0.010382649,0.04916507418250479,0.4217454371218357
2452,-0.21878397,-0.0009390423,0.011679705,0.0075281793,-0.20586761665223408,0.02525967289325237
2453,0.07017786,0.065542266,0.008943221,0.007898422,0.06093813959706019,0.087234342695602
2454,0.02311831,0.06270195,0.008118199,0.0077822376,0.02830460950704938,0.08838730284808285
2455,0.009413503,-0.008604401,0.008357621,0.0071927086,0.005915284276968019,0.019210427935200027
2456,-0.044034548,-0.029361285,0.008482568,0.0069873882,-0.044387064379121086,-0.0010884647306552005
2457,0.2101004,0.082280986,0.009855623,0.0065244082,0.20870285243003867,0.10960901623988135
2458,-0.015404504,0.007744423,0.013349557,0.01109977,-0.004351235544475815,0.030253509176976893
2459,0.055764504,0.11423129,0.009415823,0.0086446125,0.06204315635707836,0.13535443129240046
2460,-0.062016904,0.15927134,0.010428316,0.011856989,-0.056833814465631204,0.17321899958146364
2461,-0.0455927,-0.015207135,0.02738869,0.023704592,-0.02070414492334877,-0.009205817625718225
2462,0.15395527,0.20036483,0.008355847,0.007620628,0.14990407245123497,0.21757285415146568
2463,-0.86703753,0.22092222,0.017719815,0.008746866,-0.8589243418236729,0.23928621934551483
2464,-0.35920113,-0.24865964,0.019338582,0.013812984,-0.33534383883783814,-0.20694689397668625
2465,0.14533563,0.22626019,0.008214684,0.00852985,0.14180974423556644,0.2418752489661918
2466,0.25855345,-0.05847431,0.014247726,0.008407896,0.2557860537698182,-0.04153236017462769
2467,0.21610448,-0.45692417,0.008216931,0.018241165,0.20105398166928543,-0.40261313540193033
2468,0.29952466,0.43215317,0.008896904,0.012186219,0.29131096382085264,0.43950163699701844
2469,0.0726369,-0.10859177,0.010102064,0.0095626945,0.07693449401943228,-0.08391662946940823
2470,0.055694774,0.13639462,0.009249061,0.008557417,0.053169162323715644,0.15557621447788691
2471,-0.15994327,0.009945973,0.027819728,0.02002048,-0.13688416263360206,0.0305717128924227
2472,0.1219531,0.1630891,0.008991424,0.010788647,0.11559009616593102,0.17832067308558902
2473,-0.04121828,-0.09320393,0.009557998,0.008086509,-0.03153586348804144,-0.06112387115457458
2474,-0.003428198,0.0024607396,0.0081293145,0.0071068536,-0.001323891616926979,0.021343921055454778
2475,0.03815762,-0.07082126,0.011958443,0.011426383,0.03095725396552764,-0.03778083140175729
2476,0.48134488,0.17320447,0.02939782,0.015917277,0.48615777087431383,0.1922291675071461
2477,-0.23592281,0.17822543,0.012344377,0.012676875,-0.23447035949809056,0.20287115257057434
2478,-0.1497716,-0.109068334,0.011992837,0.009070593,-0.14222179267624013,-0.08401713358132859
2479,0.00024422863,-0.12885886,0.00861814,0.00798136,-7.055210789236348e-05,-0.09798571258300848
2480,0.5019894,-0.7447864,0.009303509,0.014462958,0.515932254331551,-0.7347653609948299
2481,0.15706933,0.05539392,0.019662885,0.014139286,0.17115524419534764,0.06618088725661661
2482,0.19544682,-0.121361636,0.009677601,0.008848542,0.1949332049975111,-0.09134432342699739
2483,0.018194485,-0.16493067,0.008800958,0.008714711,0.02166552425925751,-0.14343856921579193
2484,0.6132394,0.027666442,0.015521817,0.005474986,0.610354716171015,0.046934860659811097
2485,0.043703437,-0.17682019,0.009029111,0.00983666,0.040243968328524046,-0.15388541251196394
2486,-0.043801118,-0.41196907,0.00851401,0.012623757,-0.03853039655018259,-0.39786821005129297
2487,-0.009627666,-0.036380146,0.011658496,0.009463758,-0.006509416090080319,-0.008560351267179559
2488,-0.21184431,-0.13247143,0.012643413,0.008683022,-0.18940101020004735,-0.1147332276987367
2489,-0.008180585,0.053415924,0.008272617,0.007536634,-0.006834269899724842,0.08121746122167542
2490,-0.0054953056,-0.19995087,0.008067706,0.007850754,-0.008832142567350263,-0.17516687745049447
2491,0.250571,0.6079648,0.008352064,0.014093844,0.24917120978942342,0.6298686225072749
2492,0.59560317,-0.10658765,0.022244092,0.00803385,0.5888681406393641,-0.07769544632123485
2493,0.06439618,0.25760782,0.008155919,0.009957687,0.061579941565493464,0.26746838697470027
2494,-0.22052632,-0.10669693,0.014732864,0.009563645,-0.20340866790374829,-0.08397115708544656
2495,0.41679484,-0.76344645,0.0101559935,0.016894208,0.4239592288775075,-0.7485567556048047
2496,-0.5390203,-0.22476992,0.015398096,0.006776006,-0.5411099975155892,-0.20194796531043607
2497,0.016033242,0.01810921,0.009627305,0.008062346,0.01713558229357761,0.042366403827104604
2498,-0.014181696,-0.07122393,0.00939681,0.0078600915,-0.015834218782237775,-0.05785424476695895
2499,-0.38745746,0.01586239,0.016395053,0.007521566,-0.38477904600085516,0.03753354669914492
2500,-0.09338862,-0.097625144,0.008372634,0.00735331,-0.08959534371013217,-0.069337033384007
2501,-0.11251019,0.19153163,0.021785561,0.021815639,-0.10565193918573773,0.21232451730655902
2502,0.023596121,0.022869319,0.008545096,0.007861892,0.025271755320598124,0.04406138888117957
2503,0.18511976,-0.080572404,0.010230453,0.00909345,0.17571374278500457,-0.059891501349941915
2504,0.0998946,-0.6179947,0.0062817996,0.013732076,0.09717780639426718,-0.579846520165242
2505,0.09800601,-0.3576318,0.030616459,0.03346062,0.13859199515876997,-0.3314619736678699
2506,-0.23991193,0.39116022,0.010351039,0.016633652,-0.23289254509830493,0.4030066284794392
2507,-0.03981054,0.48326594,0.009114167,0.01612029,-0.03303455552784257,0.4976508921779077
2508,0.39204735,-0.09369404,0.017382113,0.00845464,0.3969452666012675,-0.07399223858249723
2509,0.09779796,-0.065030105,0.010314582,0.009077957,0.11636675853938407,-0.05012213862372796
2510,-0.37112373,-0.71050125,0.009532965,0.015804205,-0.36551103442262517,-0.682782503914072
2511,-0.04113024,-0.08871794,0.01004589,0.008087463,-0.03675718081329309,-0.06530313232388321
2512,0.03694363,0.029003277,0.007971916,0.007134971,0.04021983607463888,0.05401730247486756
2513,-0.063300006,0.084033065,0.011162903,0.010695916,-0.05572520115308713,0.10259606379575484
2514,0.20622797,-0.24759227,0.009079673,0.008177442,0.20694067174964786,-0.21617189854981358
2515,-0.14797677,-0.009838619,0.010022403,0.007338098,-0.13804452232507075,0.017570070325744255
2516,-0.09931333,-0.1742447,0.009757409,0.008756981,-0.10574845432639918,-0.1605540909937812
2517,-0.009571072,0.007052212,0.0102378875,0.0089333765,-0.008193039656928754,0.029868761025729437
2518,0.18878047,-0.10421262,0.012349441,0.011422482,0.24041867047325274,-0.09471078935616899
2519,-0.0011391747,-0.08800069,0.07804074,0.07571746,0.09065714151384692,0.018535386641734097
2520,0.45884204,-0.32970065,0.013799037,0.011309763,0.4592903149489932,-0.30703035459287037
2521,-0.0045898207,0.048262067,0.00917264,0.008370985,0.004759049717570899,0.06247914050022488
2522,0.03971246,-0.1858831,0.0078173345,0.008187384,0.04165179028410381,-0.15748969527052709
2523,-0.023260584,0.01255216,0.015279527,0.013364999,-0.013744243211856525,0.033878323903557085
2524,-0.6501831,0.44428974,0.024447737,0.01929745,-0.6255291083636859,0.4579069689469725
2525,0.68477404,-0.49379122,0.012941299,0.011394297,0.6954821606205981,-0.47354509279934104
2526,0.03266224,-0.48003247,0.016776582,0.02432823,0.04714807537190055,-0.47316014454696825
2527,0.030383158,0.029519223,0.009273865,0.008263536,0.023732746933176955,0.04799425607240139
2528,0.36299938,0.23184039,0.017840087,0.01281106,0.35411310982370814,0.2352144898776315
2529,-0.014166728,-0.011491441,0.00788428,0.0070831245,-0.010364393976212347,0.016194683481900382
2530,0.07970293,0.22094087,0.008142676,0.010299025,0.08222350119533774,0.2394870521898832
2531,0.13287123,-0.114382535,0.038842715,0.031348843,0.15048969004079918,-0.09718411229976075
2532,0.01452109,-0.042860918,0.008781106,0.0075062765,0.013062312693029425,-0.017679862155291198
2533,0.013467561,0.0035746088,0.011289505,0.009209726,0.018763330271407114,0.025315272253542305
2534,0.3619794,-0.090156905,0.029054768,0.015014754,0.36693110996149864,-0.07837906366712145
2535,-0.52964455,-0.18854952,0.037309214,0.019197801,-0.4265926486738082,-0.12803076968590568
2536,0.031391297,0.08184883,0.007829872,0.0072004544,0.02565374846869998,0.08879339365700767
2537,0.17424268,0.027108505,0.011484918,0.008108191,0.1843086046023179,0.05228717825308867
2538,0.00019809091,-0.06939715,0.01986415,0.017500794,0.018709179963636472,-0.037768312999266154
2539,0.79847133,0.008216507,0.019794961,0.0055188504,0.7909154616840542,0.03182835274544396
2540,0.02617019,0.04364208,0.009402361,0.008543293,0.02977997561127433,0.06626011069038977
2541,-0.031877045,-0.1599536,0.010098287,0.009632634,-0.02880049528567801,-0.10954078432606847
2542,-0.42518124,-0.14391355,0.028028982,0.01418172,-0.41257618849849514,-0.12525085242743061
2543,-0.20575623,-0.33260927,0.017814677,0.020921884,-0.2109406655108379,-0.3131523576929148
2544,0.025775012,-0.0072737234,0.016745754,0.014464323,0.03387896675552087,0.0033850178162087136
2545,0.25930738,0.28121835,0.010365551,0.010458706,0.26105204223197054,0.2978409304811975
2546,-0.09003001,-0.5320108,0.012648708,0.020036858,-0.09292727144372841,-0.548924250912255
2547,-0.007108969,-0.028273396,0.010289686,0.008242335,-0.009909425982913892,-0.005541256926973456
2548,0.466982,0.18857032,0.023268258,0.013022192,0.45483883944969977,0.20704694606648444
2549,-0.039395154,-0.11930656,0.010039633,0.00884382,-0.03749203613600724,-0.09388929611173527
2550,0.04660885,-0.83943677,0.0097979,0.024880378,0.04496392764819464,-0.819315862537839
2551,-0.1268699,-0.0155958915,0.011321094,0.007566865,-0.12160468998321136,0.005546529300415675
2552,-0.26383653,-0.29142287,0.047694836,0.04535687,-0.18477248108078903,-0.2304989750319452
2553,0.14011465,0.15588051,0.009947929,0.010371586,0.12857059607450652,0.16734526057117446
2554,-0.072815195,-0.05688735,0.019566212,0.016607491,-0.04753355118159599,-0.02452199323701538
2555,0.097177565,-0.042865984,0.014503545,0.01172326,0.09543707454696557,-0.018983873642682367
2556,-0.009874385,0.0108368015,0.0084581,0.008036247,-0.005949112545240383,0.036652894193133494
2557,0.6301334,0.08568057,0.018294694,0.0058555026,0.6253092347803997,0.10405687948642073
2558,-0.038048983,-0.08715342,0.010738892,0.009347463,-0.02955834105737864,-0.07040800079615148
2559,0.016166871,-0.028876185,0.00888249,0.0073257103,0.012044078537236763,-0.0068414727285678895
2560,0.0686502,-0.21565637,0.008355965,0.00880422,0.06398848510676118,-0.19007896992597786
2561,-0.0026267213,0.085691735,0.010510186,0.010188916,0.005360928595987701,0.10388552186339614
2562,-0.58817285,0.07710913,0.03030413,0.011591076,-0.5943142162961831,0.10328237793437046
2563,0.3872879,-0.054767318,0.01700011,0.0069775186,0.37178884083199976,-0.03454327384586489
2564,0.10626435,-0.21583837,0.010723324,0.014010355,0.09946009407293,-0.1918857123361122
2565,-0.060179695,0.084566295,0.018908547,0.016574182,-0.03972963227333622,0.08474304220735018
2566,0.035160802,-0.21170792,0.009584683,0.01125441,0.032108944766233945,-0.18905372115009675
2567,-0.0325305,-0.02395507,0.009943206,0.008568598,-0.032506225954669433,-0.005667371656478722
2568,-0.51453066,-0.7775565,0.010798919,0.015364116,-0.4945628233707619,-0.7434709472665949
2569,-0.24766634,0.2185776,0.009651509,0.010482927,-0.2324491958498755,0.23076149557965728
2570,-0.19520257,0.5171119,0.008531858,0.02073675,-0.19207525118649313,0.5339580650822011
2571,-0.07242286,-0.11723424,0.016566604,0.013446144,-0.06490512120606907,-0.08390739524581498
2572,-0.06763846,-0.111049116,0.011225617,0.009184428,-0.06655000038671247,-0.08158770571170437
2573,-0.18474962,0.2869399,0.027383123,0.027487183,-0.17107904989124145,0.3193977235570437
2574,-0.027198453,-0.024048746,0.009222839,0.007472301,-0.027201894556821985,-0.007389518499460766
2575,0.26407927,0.06813411,0.012099786,0.0071827844,0.25846665054189105,0.08810373986071852
2576,0.26039872,0.17267846,0.014034163,0.011041793,0.2514698743230087,0.18704116155697795
2577,-0.5693885,0.20752746,0.014978459,0.009425495,-0.5667334136010935,0.23473668614656482
2578,-0.1463971,-0.3296463,0.009614436,0.011314525,-0.14096488442096033,-0.28825533176423873
2579,0.19004594,0.13501681,0.013053087,0.010615778,0.19077768577561194,0.15577737866247443
2580,0.019195514,-0.10995389,0.014310835,0.013345177,0.03782057671205247,-0.08718043771852393
2581,0.025129048,-0.41799828,0.011283612,0.016750652,0.03710331384207138,-0.3747263022931676
2582,-0.18122913,-0.2680276,0.010035857,0.00983598,-0.18012067171812526,-0.2408882099952107
2583,0.5980449,-0.045790285,0.041468613,0.013677675,0.5908085453923715,-0.02601625561247273
2584,-0.3831419,-0.38829568,0.012070341,0.009895483,-0.3814780156412594,-0.3558633434842418
2585,-0.01762531,-0.024493955,0.008445097,0.007139173,-0.009930035238781908,0.005841741700626847
2586,0.0071979393,-0.03795279,0.010046008,0.008421943,0.005854199730566784,-0.01608392235369956
2587,0.08584344,-0.046421427,0.03098116,0.025317606,0.08366679404503909,-0.03229419840146343
2588,-0.21067064,0.03963992,0.016747745,0.0110418545,-0.18479155127140073,0.056098133795904344
2589,0.7293894,-0.20027626,0.023101345,0.008162636,0.7242767871979486,-0.17946954785665847
2590,-0.13149226,-0.12679853,0.010067368,0.008115523,-0.12466457201720132,-0.10519423249083985
2591,-0.20995852,0.21098141,0.010445067,0.013389311,-0.19863225759383257,0.2216233317758672
2592,-0.0072984123,-0.055533394,0.011149582,0.009104607,-0.001181992248970145,-0.02788855338729508
2593,-0.3681563,-0.37325183,0.011263927,0.010094329,-0.3720288644188527,-0.35465051820177246
2594,0.00053051533,-0.08934084,0.008340833,0.007421218,0.0024282301819024705,-0.08293798251416551
2595,0.2268881,0.07771727,0.011752401,0.007264112,0.22156097299602076,0.09369799055568472
2596,0.62566733,-0.5253055,0.017350128,0.014702826,0.6235683019826792,-0.5001094699241
2597,0.0009067026,0.2743664,0.02264239,0.0239907,0.01205705602299399,0.2709382262108639
2598,-0.12893406,-0.097377405,0.008656903,0.007664556,-0.14372397379061166,-0.0816377541298427
2599,0.05664914,0.14457726,0.010653738,0.0099239135,0.05951152983932491,0.1551042034800336
2600,-0.47365305,-0.17730415,0.0154705215,0.0073389607,-0.45767117963962184,-0.14293747777823348
2601,0.02372552,-0.0625116,0.010569874,0.009318095,0.027918427623724193,-0.033970708594081266
2602,-0.04864277,-0.039091367,0.009091959,0.007406898,-0.05366860553065441,-0.009357297240860676
2603,-0.16353504,0.10895888,0.012296336,0.010884864,-0.16246426726942395,0.13178032565918962
2604,0.0409121,0.07617523,0.008386937,0.008158573,0.044976597606822336,0.09955098889956962
2605,-0.6242764,-0.20921072,0.027733233,0.012241729,-0.618164751373913,-0.18337674072637958
2606,0.23093493,0.29524425,0.0135889035,0.016251894,0.22061154552142015,0.3081828170734634
2607,0.013974549,0.16287404,0.010668716,0.010711093,0.014312737408222165,0.18454363829698145
2608,0.7097006,0.065784544,0.04127188,0.012190204,0.7265654099036181,0.0915224447247673
2609,0.16731782,-0.54280823,0.008168453,0.014323072,0.16273942232604896,-0.5090862114758974
2610,-0.061096877,0.124185115,0.009517143,0.009462821,-0.058666122621947966,0.14649850849448054
2611,-0.0041562957,-0.031981494,0.010120592,0.008935729,-0.0028241340537322425,-0.014178540433998086
2612,0.25322005,0.21119064,0.013255919,0.011211483,0.24397652786543247,0.21848790416293207
2613,-0.02781089,-0.020968396,0.011627506,0.009253375,-0.0220582332803753,-0.0033998201268760748
2614,0.026462413,-0.2692704,0.011575068,0.012983409,0.038094071106416175,-0.23622224106387293
2615,0.32651109,-0.19302158,0.014304489,0.010625852,0.3162892187019673,-0.16442309012898562
2616,-0.019818665,-0.20883316,0.010567515,0.010440134,-0.007906926507930127,-0.18611681940989966
2617,0.15430222,0.21848023,0.011087924,0.013246911,0.16990001236219812,0.25301719401142625
2618,0.083999716,-0.62313867,0.010533659,0.021764312,0.08625141509307808,-0.5636847116034306
2619,-0.047912657,0.23420897,0.017570717,0.018662754,-0.03844893756187663,0.22427363034865633
2620,0.10396215,-0.06548583,0.009929633,0.008418533,0.09014172198789609,-0.037794918818968806
2621,0.6618663,0.4181426,0.019939408,0.013158115,0.6451806573198382,0.4338875358212345
2622,0.01744958,-0.03441849,0.008531858,0.007292692,0.02021236421777315,-0.015395277846000697
2623,-0.061028287,0.024787381,0.009888321,0.0077462946,-0.06034718409143644,0.05309687165687476
2624,-0.48835397,0.037466325,0.017525384,0.007008018,-0.4710332920945484,0.056014920181498146
2625,0.38669288,0.39052063,0.01462479,0.015011155,0.3685135004462844,0.39187218441291827
2626,0.114830784,0.3916567,0.052736823,0.053866632,0.137002455097842,0.415812695569438
2627,0.48033625,-0.5526638,0.014218815,0.011863359,0.48855599573867337,-0.5258047328593878
2628,0.09630578,-0.008290471,0.009642064,0.008463128,0.10127468100977403,0.01296020052832227
2629,0.4341334,0.0968391,0.019415516,0.00811135,0.4335056314601917,0.10852272489326596
2630,-0.102440245,0.15433635,0.008900803,0.008563317,-0.10496638223814089,0.16784112581518523
2631,-0.008427143,-0.059156597,0.014005364,0.012608225,0.002764089484722859,-0.04196672404076621
2632,-0.013016103,-0.00739015,0.015113035,0.01266274,-0.007331436462735741,0.005775272594693128
2633,0.24360715,-0.08371122,0.015740814,0.010752258,0.1934033866421635,-0.05365956844871846
2634,0.036788967,-0.08211245,0.008379845,0.007666037,0.035972321408579894,-0.06055479378972971
2635,-0.21705176,0.76871264,0.007015533,0.016645135,-0.21781090156790306,0.790632521513913
2636,0.16967614,-0.011784279,0.013712026,0.009617155,0.1630661693402798,0.018288233733954037
2637,-0.13679321,-0.21951695,0.0111426255,0.011633665,-0.12107912996847073,-0.17700716318479656
2638,-0.09155413,-0.052442014,0.039516967,0.034448955,-0.16714077450957485,0.024251333890489807
2639,-0.061453544,0.0014658263,0.009801558,0.007430646,-0.05979669263903002,0.02179148087236226
2640,-0.06860916,0.04121854,0.010958231,0.009145994,-0.06471006573703357,0.06579135101197996
2641,0.027267836,-0.24790949,0.009221541,0.008598618,0.02996106909104924,-0.21603726449366134
2642,0.59282875,0.12583192,0.01541676,0.0062157586,0.5833653538311969,0.1457780294570621
2643,-0.064684995,-0.1210564,0.009578542,0.007948587,-0.053830950765843974,-0.09186530339886435
2644,-0.016129732,0.02429951,0.010167676,0.009170946,-0.019593120327147728,0.037488918214863616
2645,-0.019118637,-0.16846754,0.010346083,0.010046062,-0.019637766155118953,-0.15192248623782412
2646,-0.2790419,-0.2862879,0.011166321,0.009550363,-0.28059247059971965,-0.2582122285544774
2647,-0.0925715,0.0178397,0.011771604,0.008702215,-0.08681350874976594,0.04273814740421798
2648,-0.058436647,0.6389323,0.00775973,0.014762939,-0.05060325782436497,0.6416663524567211
2649,-0.06151299,-0.3975738,0.01738352,0.021544449,-0.05348043714207246,-0.3654181924801405
2650,-0.06478198,0.05968325,0.009591176,0.008309818,-0.06107836063361618,0.07992578709352509
2651,0.025858793,-0.14310667,0.008326645,0.008190759,0.027062171433313673,-0.11989108098574543
2652,-0.18789381,0.41816702,0.012755939,0.021219289,-0.16376214978775092,0.39391345494900915
2653,-0.0070826444,0.09592707,0.017703302,0.015905954,-0.009491045481017903,0.09543238934626308
2654,0.25322005,0.21119064,0.013255919,0.011211483,0.24397652786543247,0.21848790416293207
2655,-0.26744226,0.34953925,0.010425601,0.015745468,-0.2399113243010252,0.34008584064921615
2656,-0.1125164,-0.039940827,0.010376758,0.0076923743,-0.10303287313287421,-0.01453711180389878
2657,-0.7490122,0.04245565,0.028373538,0.00882358,-0.7373233206584267,0.07321049919248881
2658,0.18656035,0.049169563,0.013997957,0.009162615,0.17733717055427134,0.06636631435182505
2659,0.09221038,0.14476942,0.029476179,0.026372328,0.12262148920754988,0.15415732936885143
2660,0.020066245,-0.08429919,0.009983808,0.008507092,0.021159718529235406,-0.05993601160457892
2661,-0.06652805,-0.089385316,0.010599007,0.008596755,-0.07014131181207293,-0.07226307543502049
2662,0.7352443,0.033175454,0.030478286,0.008789887,0.7093195405277177,0.05078521902705894
2663,-0.010487445,-0.2396775,0.008310332,0.008621834,-0.0020491805967999587,-0.19998306684189834
2664,-0.20043407,0.055831775,0.011362348,0.0099917315,-0.15756548672029919,0.05225012544763698
2665,-0.04527161,-0.11252157,0.008519566,0.007537586,-0.03864447756390032,-0.0768312288935272
2666,-0.41007876,0.43848708,0.015913183,0.017495228,-0.3983269765174059,0.4540088961567552
2667,-0.14856562,-0.15209013,0.009435426,0.0077372347,-0.14835907648954483,-0.12570275689215954
2668,-0.044132642,-0.038830288,0.0092405565,0.0076061008,-0.03463736982595768,-0.02086038187021259
2669,0.5764235,0.31702793,0.025763629,0.016774045,0.540382230492181,0.31838172906483897
2670,0.11797315,0.14291078,0.008248616,0.007336701,0.11186853474059678,0.16893052272731143
2671,-0.04215828,-0.2223093,0.031074656,0.02893225,-0.017344792062942177,-0.20697517407236465
2672,-0.022642802,-0.1584217,0.008316951,0.00798193,-0.018613371074127968,-0.13638633977334114
2673,-0.09114462,0.044067748,0.00965387,0.0077023664,-0.10395273734268043,0.06821562109178327
2674,0.4170748,-0.5134449,0.020084884,0.028023642,0.4352514835197371,-0.49938595244674017
2675,-0.055767547,0.16344559,0.014286273,0.014071963,-0.04409140448950001,0.18762963385433548
2676,0.3913226,-0.089824006,0.017459549,0.0087486515,0.389980022884855,-0.06942524144233074
2677,0.030051596,-0.09247846,0.010517145,0.009941354,0.036700042204749726,-0.0675804405734797
2678,-0.09865412,-0.082662426,0.009300675,0.0071098465,-0.1083464043130923,-0.05958038230261228
2679,-0.034556597,-0.25219572,0.008170107,0.008271884,-0.03456568579447878,-0.2215677146721915
2680,0.012143828,-0.04127426,0.008506918,0.007295037,0.01576356320571745,-0.021284713352345126
2681,-0.016165946,0.3234367,0.010157646,0.014006087,-0.003452084109600983,0.35233026908443493
2682,-0.033753682,-0.05136831,0.01980887,0.016455779,0.008558509331534521,-0.020854000436509746
2683,-0.14706327,0.024527512,0.011448973,0.009059346,-0.14820940585080097,0.053825700706109085
2684,-0.10787861,0.1852985,0.008388711,0.0096400045,-0.09930735234258996,0.2058408860735245
2685,-0.022926968,-0.015060813,0.013983498,0.012075243,-0.01571266233874861,0.009695979751299884
2686,-0.40792263,-0.009691321,0.014135248,0.005920458,-0.3967074208616242,0.010849722710628031
2687,-0.113627926,0.106796645,0.008866892,0.009556323,-0.11471773654625086,0.12552941409700516
2688,-0.20083879,-0.09753802,0.012610334,0.008576373,-0.17916780878193006,-0.07626023469209384
2689,-0.4819379,0.1362753,0.013397785,0.010485763,-0.4744584955217856,0.16184431123915644
2690,-0.052840322,-0.065720774,0.017063163,0.0142681515,-0.044049367714969014,-0.041387135726430706
2691,0.21393241,-0.07529766,0.013906024,0.010207525,0.22449466670830154,-0.06100536879577341
2692,0.0626039,0.05119428,0.007842883,0.0068771704,0.06816698899421407,0.07534300829478395
2693,0.00315496,0.0007855883,0.008886743,0.007326358,0.0035084729910072002,0.01861059913457985
2694,0.18091036,-0.062360957,0.013619363,0.010118489,0.1796215271594021,-0.03568362679941163
2695,-0.10318367,-0.12293588,0.008436824,0.0069888947,-0.0983262492483289,-0.09513762630658582
2696,-0.10533106,0.4710487,0.008757827,0.017491983,-0.10180139138946741,0.4999035123852456
2697,-0.08324739,-0.13878423,0.018919777,0.016064655,-0.06827898126955471,-0.09642339873098439
2698,0.21425276,0.14975077,0.010561498,0.009096662,0.20864515527606195,0.16537321256738854
2699,0.8577721,-0.1850623,0.029563105,0.009105289,0.8458464579934999,-0.1593068848631734
2700,0.07478122,0.12879692,0.009567798,0.008686414,0.08234135902160249,0.15306966251834428
2701,0.22445142,0.65495455,0.014209415,0.027361345,0.2202475908411616,0.669308001455405
2702,-0.122697026,-0.21563292,0.009382756,0.008188463,-0.11872963072156574,-0.18298130775077143
2703,-0.1728649,-0.34667435,0.043359958,0.04561519,-0.1302061543453987,-0.28663670368636324
2704,0.048029967,-0.2838909,0.008592375,0.010313589,0.0529185913574878,-0.26096279263689254
2705,0.3821945,-0.6917267,0.009101881,0.01625042,0.3866643964483441,-0.6621333174426389
2706,0.3923141,0.37773684,0.012415966,0.010975316,0.3921113707501383,0.3877009224527003
2707,0.104924425,-0.19606201,0.008310332,0.009522823,0.10733590130005055,-0.17322061661915764
2708,-0.023560375,-0.02975902,0.010033024,0.008114316,-0.026921653994316404,-0.010028169144774703
2709,0.014301296,-0.01360225,0.008671677,0.007052142,0.018725062445750527,0.0068329410166372345
2710,-0.364837,0.1556901,0.01128868,0.009502787,-0.35933986353355696,0.18137297479453826
2711,-0.56191945,0.10453599,0.024785973,0.011094769,-0.5040347109511557,0.12225241658301296
2712,-0.05574503,-0.07087428,0.010419584,0.008485604,-0.052285916351359124,-0.049275789423595194
2713,0.02193879,-0.039807767,0.010547344,0.009546833,0.017522285544339718,-0.015269876253001826
2714,0.05933479,-0.14569187,0.0085677905,0.007857376,0.053831070283500176,-0.10166501288902528
2715,-0.047558844,-0.6610004,0.008052925,0.016512161,-0.034191199534807835,-0.6152045767641297
2716,0.022144485,0.055848807,0.02448543,0.0218818,0.048742290540529885,0.06696841239851933
2717,0.037309326,-0.008457721,0.010328622,0.009377331,0.04164645892631592,0.013614556638814234
2718,-0.2178075,0.03990098,0.01440461,0.009450706,-0.21673946415249182,0.06642270963352967
2719,-0.11537983,-0.36256802,0.03102138,0.03546244,-0.08948682236745932,-0.3349837058422829
2720,-0.07155132,-0.46797666,0.013960339,0.020158732,-0.06176329989554071,-0.4222241086683412
2721,-0.10094259,-0.09631908,0.009607943,0.0076239537,-0.09501113616947095,-0.06920443025435058
2722,-0.13714083,-0.5982933,0.007891849,0.01309512,-0.1423442073705876,-0.5795588264427551
2723,-0.07403809,0.06041701,0.010651967,0.00990074,-0.06859522014658126,0.0849588204185555
2724,0.005309573,0.05539394,0.0091357855,0.008160899,0.004820599474397128,0.08050997386763303
2725,0.2948724,-0.762732,0.018531458,0.03475995,0.306474552720347,-0.7289932410145943
2726,0.021539807,0.0059734723,0.008204988,0.007148244,0.0212943233910643,0.03004068283864679
2727,-0.094125904,0.13829292,0.008974056,0.010895695,-0.07819652176516764,0.14676102781624825
2728,-0.10140475,0.38623893,0.0075225323,0.011707135,-0.09627028472912619,0.40372823155407145
2729,0.023265915,-0.029913854,0.017038902,0.014830961,0.024114260056145954,-0.004841083873675906
2730,0.094558954,-0.39607483,0.007355928,0.0106449565,0.08936012738850302,-0.3711097838476411
2731,-0.102784015,-0.035742186,0.0086023025,0.0069487793,-0.10387857029087762,-0.008800719003292311
2732,0.016434375,-0.016064424,0.011092876,0.009745255,0.019496406338127235,0.003872582757614827
2733,-0.06484809,0.017596014,0.01006005,0.008438316,-0.06049839530631197,0.03597548841261328
2734,-0.033753682,-0.05136831,0.01980887,0.016455779,0.008558509331534521,-0.020854000436509746
2735,-0.007426346,-0.039449222,0.010024998,0.008346854,-0.007736605848155866,-0.020614546882578178
2736,0.03345144,0.5119432,0.007534009,0.012402801,0.040296714169417824,0.5252217636237122
2737,-0.543334,0.03925567,0.01757915,0.0069976496,-0.5230070317648009,0.06367584626803871
2738,0.055530418,-0.23334882,0.008250153,0.008440605,0.054548912645051864,-0.20761283350539242
2739,0.5927118,0.38008785,0.015297606,0.010897911,0.5813712553238591,0.39672604178398274
2740,-0.06883155,0.46169847,0.010475148,0.01743178,-0.059579934497818614,0.4520684674832704
2741,0.04418696,-0.7487295,0.006740506,0.01599846,0.04707749162207595,-0.7345739177277038
2742,0.30259162,0.13132718,0.012735696,0.007583005,0.29412511962220245,0.14475338810253438
2743,0.030291876,-0.15337887,0.009382284,0.009707373,0.03210148264629001,-0.12762290902089043
2744,0.008494876,0.37099212,0.00894452,0.011152817,0.01585058129347653,0.3866136620794386
2745,0.003273685,0.07988927,0.008276044,0.0073921457,0.002994885812238632,0.12164594947412856
2746,0.0058177975,0.25327697,0.009760124,0.011137422,0.005816144447126222,0.27506194256234745
2747,0.82404435,0.011095217,0.020790465,0.0063925823,0.8241731883749893,0.03468933882697039
2748,0.037251875,0.25884625,0.0077222316,0.008923336,0.04028542320587245,0.28308324270423335
2749,-0.060062535,-0.1303808,0.013369436,0.0110042095,-0.06433220103736563,-0.10648894313894097
2750,-0.29168764,0.12660576,0.013203686,0.010763969,-0.2821173074358734,0.1502879419757044
2751,0.34357095,0.11606491,0.018790625,0.010677625,0.349474655113598,0.13842132924856346
2752,0.09179645,-0.14968106,0.018451996,0.016607864,0.11203734358420489,-0.11524358897085964
2753,-0.04215828,-0.2223093,0.031074656,0.02893225,-0.017344792062942177,-0.20697517407236465
2754,-0.49147558,-0.57561797,0.010603844,0.011710438,-0.49673311222626926,-0.5564052101761968
2755,-0.1463971,-0.3296463,0.009614436,0.011314525,-0.14096488442096033,-0.28825533176423873
2756,-0.2713524,-0.39295846,0.017460722,0.021817185,-0.2741703890368387,-0.3783384763035266
2757,0.3597012,0.4930954,0.02229632,0.02938575,0.3520989707599378,0.5058543062259503
2758,0.12956567,0.45558843,0.009576299,0.020146409,0.13517902480432117,0.47257746990277044
2759,-0.02080011,-0.032223865,0.008531031,0.007646075,-0.023073896173766168,-0.01619784428817225
2760,-0.004067833,-0.04883507,0.010394219,0.008951191,-0.005432034823155568,-0.030515179172660292
2761,-0.3252427,-0.7683762,0.007818045,0.015648948,-0.3273834471797387,-0.7437936860234697
2762,0.5040064,0.35028225,0.013229215,0.009151749,0.49271289055331785,0.3651596688770373
2763,-0.041005317,-0.059394673,0.014246199,0.011082129,-0.02631862549920625,-0.03391739907043235
2764,0.21624435,-0.23565793,0.022022666,0.020376693,0.2272643633032891,-0.22143265101760878
2765,-0.022874465,-0.011532382,0.008912028,0.0074592642,-0.022998791487263123,0.017623393786717383
2766,0.014978806,-0.031209685,0.009880531,0.008463946,0.018975495861142423,-0.006565701323833495
2767,-0.0072331396,-0.0019899393,0.00944015,0.008082457,0.0022729939457922237,0.02000872649615394
2768,-0.13822304,-0.09811574,0.009671108,0.007418701,-0.13799472684017675,-0.07654823574023999
2769,-0.12864077,0.34582213,0.01033051,0.01596785,-0.11699220363109471,0.3431345897235039
2770,-0.022319734,0.072147205,0.011432356,0.010631426,0.002046813358369709,0.09856357828313461
2771,-0.060337484,0.28809768,0.008241641,0.011437053,-0.06142544814354929,0.3036645714282626
2772,-0.0029382524,-0.0065044397,0.010594644,0.008840841,0.005568491528796394,0.011133654782735482
2773,-0.06409425,0.050202183,0.010339477,0.0083734505,-0.05210108762662565,0.07598389315011315
2774,-0.07120906,0.07675839,0.009832487,0.00878682,-0.07309054390513349,0.10058875961632131
2775,0.015659105,-0.048607882,0.01375518,0.012572645,0.01519800652098551,-0.02391050452488936
2776,0.45138052,0.6930884,0.011768542,0.018622035,0.4522398087550352,0.7197623853803489
2777,-0.0037845322,-0.00051275734,0.010347972,0.008545187,0.0005433601324152648,0.016101522126942686
2778,-0.14014123,0.12455729,0.00911523,0.008514122,-0.1297136579283548,0.13238364482883594
2779,0.16538736,-0.061845757,0.012147719,0.009396979,0.15697956246088285,-0.036585676256141356
2780,0.37681147,0.034260802,0.020631196,0.009207551,0.36946974334313215,0.050517615983279744
2781,-0.038367566,0.39798954,0.0076977443,0.010613554,-0.03152881530920262,0.4276771950535443
2782,-0.3320287,0.32382467,0.013418958,0.014419812,-0.31733701100254,0.33709528120630705
2783,0.0070984173,-0.002186724,0.010631916,0.009210826,0.014021634070105581,0.011300661691768488
2784,0.03630861,-0.16590764,0.010550173,0.010405822,0.03447619629483671,-0.151927985627419
2785,-0.053211488,-0.11283264,0.01206292,0.010571049,-0.05316334933423461,-0.08726929560413772
2786,0.23908423,0.16274583,0.00927788,0.008817103,0.23471702514979545,0.18580787244494754
2787,0.00522795,-0.04227107,0.008224734,0.007700134,0.009929507851621165,-0.0160806694738815
2788,0.3211035,-0.20114224,0.014532212,0.0120042935,0.3058579989530907,-0.17265206968206342
2789,0.015754472,-0.038683563,0.00866943,0.00748303,0.012443146680888244,-0.011790325425601702
2790,-0.3674115,-0.16351247,0.09027066,0.07139722,-0.3226986481682418,-0.13298269184555414
2791,-0.3331855,0.244569,0.015800657,0.01635241,-0.30481353131951455,0.23985592986556323
2792,0.0011556861,0.024774127,0.011110207,0.010069479,0.006853113286160509,0.04973926713439914
2793,-0.6730903,0.6868147,0.014061079,0.014484649,-0.6582106671873322,0.7035580765408931
2794,-0.5190901,-0.06473344,0.05527905,0.025039295,-0.4852961486232832,-0.023869591564373197
2795,0.005172104,-0.03289731,0.008815139,0.007927706,0.009500687019417515,-0.014330057199474774
2796,-0.048419297,-0.34689105,0.0085952105,0.0118175745,-0.04673034250257502,-0.3083165448138286
2797,-0.25513658,-0.022120304,0.012516746,0.0067725917,-0.24793451886233672,0.006801393941563312
2798,0.24511923,0.01863911,0.016102534,0.009045683,0.27697049812140606,0.04791173782632886
2799,-0.05905904,-0.00947071,0.010524694,0.008458499,-0.055471299280230646,0.009608729695906978
2800,0.008075461,-0.0342571,0.009080619,0.007251752,0.006544127519621171,-0.010836191162280379
2801,-0.05767046,-0.3584797,0.007777828,0.010037114,-0.05520122865722284,-0.32784343638334207
2802,-0.003171206,0.06539216,0.009260991,0.008716145,0.007126771533347437,0.08978438719372674
2803,0.6069508,-0.5139227,0.019671068,0.017690262,0.6224779218373183,-0.5032567904552859
2804,0.6256737,0.13315165,0.017538855,0.005765252,0.6351581105674492,0.15328544512711056
2805,-0.07736233,-0.2515118,0.012473184,0.013308778,-0.0668467058997197,-0.19783705395149984
2806,-0.05881051,0.1369543,0.008145276,0.008590886,-0.0585687919139738,0.1654025959930517
2807,-0.29972792,-0.04943101,0.01988308,0.010535801,-0.3035018942497353,-0.024772854670152847
2808,-0.07575554,-0.05525668,0.008303829,0.007233688,-0.07447633711460686,-0.02738131926486933
2809,0.63360846,-0.23316559,0.014137954,0.0067555117,0.6491989874353378,-0.2085047410893928
2810,-0.010670174,-0.14389914,0.012366868,0.011543384,0.006779651397076313,-0.12063250938972547
2811,0.0680718,0.20978633,0.007786936,0.0078019006,0.07085508363968296,0.2360016137388036
2812,0.017009571,-0.11165937,0.01597771,0.013476787,0.030616034611049205,-0.0944989168681024
2813,0.08182705,0.23210947,0.00872202,0.010771656,0.07945466556103688,0.24784014463103266
2814,0.14984275,-0.5882325,0.0076487684,0.014230506,0.14628768553054708,-0.559233719788264
2815,-0.41987866,0.450426,0.0124638835,0.020653158,-0.4128108239199084,0.4686579577026727
2816,-0.28597942,-0.0301501,0.01466626,0.007122264,-0.29145715805057265,-0.005902063611098464
2817,-0.27484417,-0.73549265,0.009649501,0.01913232,-0.2833390231832919,-0.7328156250875835
2818,-0.0037560672,0.0038454672,0.008624403,0.007361184,0.0014136549000731973,0.024937155982115513
2819,-0.006917331,-0.06625774,0.008012363,0.007493016,-0.0027014064212276083,-0.036527261123283646
2820,0.007925037,-0.038114496,0.0087820515,0.0076421103,0.014122498693996283,-0.012620181859830213
2821,-0.01657958,0.21500137,0.0075143683,0.00882143,-0.011218898475607895,0.2324282974721863
2822,0.030844416,0.15521106,0.008518384,0.008748053,0.027912803652207822,0.162989009080603
2823,0.072757274,0.03420102,0.008738329,0.0069962586,0.07298484536381807,0.05971226831106589
2824,0.00019809091,-0.06939715,0.01986415,0.017500794,0.018709179963636472,-0.037768312999266154
2825,-0.102420606,-0.041382357,0.0090461215,0.0068390993,-0.09009313863916381,-0.010393026469410573
2826,0.040328123,-0.27899212,0.008707603,0.011170151,0.04724073375308692,-0.2625440584881277
2827,0.15932965,-0.09475225,0.026284322,0.01994042,0.15599033574309323,-0.056113014452511954
2828,0.08315544,0.018025056,0.010588156,0.008702651,0.08028100832097874,0.0322255475140616
2829,0.2646159,-0.036001187,0.017261786,0.009812743,0.28680871501472,-0.018733987767544976
2830,0.045943122,-0.25821123,0.007672191,0.009000079,0.04256598780696633,-0.1910943896343209
2831,-0.4027779,-0.070223935,0.018834965,0.0083832275,-0.391675250764238,-0.04374295480914895
2832,-0.12636784,-0.04610677,0.018132217,0.0138179865,-0.12399663819579652,-0.02421840514952484
2833,-0.0041712816,-0.053504772,0.008233956,0.007370571,-0.0068608546852175776,-0.029154398435498885
2834,0.6743047,0.22912133,0.050443396,0.026948445,0.6876107767189262,0.2585008312830734
2835,0.327286,-0.1711114,0.011791869,0.00881477,0.3308962023357201,-0.15275293551749364
2836,-0.038048983,-0.08715342,0.010738892,0.009347463,-0.02955834105737864,-0.07040800079615148
2837,-0.18193913,0.3835647,0.01167193,0.018364128,-0.1757171232741821,0.39375421466709704
2838,-0.054074485,0.20559722,0.010260778,0.012581819,-0.04025315632922141,0.1698203582947076
2839,0.67927134,0.058144093,0.021658998,0.0066474793,0.6975963388253166,0.07958338750208706
2840,-0.020881008,-0.07600657,0.012509211,0.0111250905,-0.0016826995943440442,-0.04885238539204911
2841,-0.452288,-0.17287265,0.015548576,0.007870448,-0.4624396916961423,-0.15033502847638822
2842,0.1001586,0.47253364,0.007983626,0.012470126,0.1059583673148907,0.49160314798466176
2843,-0.23714806,-0.46595475,0.009027102,0.01365408,-0.23253613049167024,-0.42383304824196366
2844,-0.0872465,-0.043068945,0.011282198,0.008114064,-0.05102939841285715,-0.012292417531608412
2845,-0.0027543106,-0.021455742,0.009377796,0.00785163,6.1008168312363514e-05,0.0036342741076446725
2846,0.0478341,-0.12384456,0.008264696,0.007694098,0.05320680213007351,-0.09910579257857251
2847,-0.7159768,-0.06346881,0.026171219,0.007845046,-0.6986176409843959,-0.03604568405433159
2848,-0.019620713,-0.02239611,0.00831979,0.007168617,-0.02655748555539585,0.0014067113452129918
2849,0.054194663,-0.51177514,0.00678704,0.009675501,0.05020479922946133,-0.47370631454909684
2850,0.16134535,0.4582458,0.013439422,0.021498028,0.1678480141821076,0.4670502033022927
2851,-0.08324739,-0.13878423,0.018919777,0.016064655,-0.06827898126955471,-0.09642339873098439
2852,0.0022694175,-0.38909674,0.013501641,0.018289719,0.014523890796147338,-0.35826083206719267
2853,-0.15229866,0.080774024,0.010072088,0.008519388,-0.1542883658037627,0.10703623476365598
2854,-0.2368318,-0.7474214,0.007090581,0.015138465,-0.23393855266662397,-0.73548440500788
2855,0.024565842,-0.022533871,0.009037026,0.0073271557,0.02616702373657027,0.0032608028559070854
2856,0.02278835,0.022278458,0.008545215,0.007488154,0.029668924010800405,0.04272700408870863
2857,0.3438214,0.071328156,0.021555519,0.010047964,0.3647459014681789,0.08901873478994345
2858,-0.0021428461,-0.05884988,0.008933532,0.0074373083,-0.0018736497852289832,-0.033080008214420864
2859,-0.19765918,-0.292459,0.036780443,0.03735931,-0.15299833291659792,-0.2669554585246721
2860,-0.053211384,-0.008711577,0.017523626,0.015108699,-0.03754600728386058,-0.004057632879872437
2861,0.4658595,0.22592486,0.016086228,0.008530031,0.45663054146399557,0.24654357988914546
2862,-0.034155313,0.6973808,0.008204515,0.017314723,-0.0321773365850317,0.6921199905938202
2863,-0.062565655,0.07521246,0.008542497,0.0074749626,-0.05834880440980554,0.09621836499340054
2864,-0.0023172875,-0.042158686,0.014110684,0.012465735,-0.0026460045672255347,-0.025354857625656684
2865,-0.014753886,-0.018680595,0.009592947,0.007753624,-0.01724732930231586,0.0008018909743749245
2866,-0.11040872,-0.00085769687,0.009837327,0.0078044385,-0.0993404702397933,0.01879759914555064
2867,-0.030591179,-0.051759146,0.010080938,0.008253544,-0.02847471678990383,-0.02461049774249582
2868,-0.43376654,0.41631073,0.017924165,0.019948738,-0.41049413820689673,0.42801637979913065
2869,-0.00706562,-0.0016957233,0.024858188,0.021474043,-0.0188763173199779,0.028497506034362977
2870,-0.05808486,-0.07069803,0.011739206,0.009700833,-0.06033849306315707,-0.047246280227940154
2871,-0.05673662,0.105925836,0.008315651,0.0076379986,-0.05392431063987033,0.1293450301617287
2872,0.0052345316,-0.023939535,0.011068471,0.0097342795,0.015975282595966648,0.005019092950321323
2873,-0.00015999703,-0.050021227,0.008713039,0.007060628,-0.0007196531048755339,-0.02964097641224257
2874,-0.05574006,-0.00861279,0.0096601285,0.007930242,-0.05873620519412124,0.010661386588108304
2875,0.44300103,-0.41265136,0.011511788,0.0111176,0.44554470788171974,-0.3813289278862209
2876,0.013793826,-0.079659045,0.0094342455,0.007827318,0.01485175731643991,-0.05882506809420188
2877,0.050884984,0.008270792,0.0089074215,0.007846657,0.0542025950456902,0.03399505921236938
2878,0.020100582,-0.011990228,0.009925974,0.008798384,0.015562148749455124,0.0021870202987672293
2879,0.283776,0.51266736,0.010785711,0.015214196,0.2973466807795792,0.523302716705173
2880,0.012506869,-0.04928423,0.009402007,0.008221236,0.014021717334089513,-0.025293775092493753
2881,0.50399256,0.65617836,0.02423518,0.034758076,0.49460024746006576,0.6638991455064958
2882,-0.022933545,-0.010003534,0.013517871,0.011887513,-0.018431839990777174,0.010349294129488932
2883,-0.47556794,-0.27895373,0.017863626,0.010492195,-0.45654155115101425,-0.24602745839346474
2884,0.04160964,-0.4820251,0.0083695585,0.014426778,0.055556689819656564,-0.4575618676505553
2885,-0.03719086,0.009861506,0.010253934,0.008541398,-0.02773877453254171,0.020721883381014144
2886,-0.06570973,0.33968657,0.012392417,0.016293107,-0.049431051425556566,0.348627234547617
2887,0.41622886,-0.33586964,0.01844907,0.019009233,0.41967868172090406,-0.3181501786287718
2888,0.067905866,-0.048189566,0.008870556,0.00824277,0.05938233584512946,-0.022825504341266963
2889,0.31297588,-0.12882888,0.01091142,0.00892219,0.31892532685198016,-0.10873438215917414
2890,0.07857958,0.15215334,0.009056992,0.008472047,0.08129756255927094,0.1653271934739023
2891,0.4236645,0.32632273,0.025938345,0.021507122,0.4386396856764172,0.37165909071029474
2892,-0.4346149,0.14264794,0.013531395,0.008698823,-0.44013150001859125,0.1643938858708555
2893,0.20622797,-0.24759227,0.009079673,0.008177442,0.20694067174964786,-0.21617189854981358
2894,-0.022708628,-0.031286303,0.014281455,0.012310577,-0.01937320082484585,-0.013459185156476025
2895,0.017942946,-0.015968718,0.009678782,0.008341544,0.026514081739932645,0.0007205828597694512
2896,-0.059860326,-0.0053822557,0.010031726,0.00790318,-0.05510216497983867,0.013965514321098455
2897,-0.16085123,0.038686454,0.012232983,0.009558431,-0.14307983733075086,0.05424416888208158
2898,0.120374426,0.030139469,0.0094249165,0.007012902,0.09809768753762338,0.04932238458663621
2899,-0.10089326,0.22860771,0.010393158,0.014077379,-0.09043870269778785,0.2430961766407202
2900,-0.63342166,-0.42451814,0.01484598,0.010018702,-0.6303741209490528,-0.39817816964667285
2901,-0.009377418,-0.053091303,0.009590585,0.007944785,0.0006635256710369736,-0.03045798500597566
2902,0.1319821,0.1905703,0.010086604,0.011198274,0.13621755581422212,0.2094723562403384
2903,0.021382269,-0.009522208,0.009826584,0.008489567,0.02738395908292846,0.011435485134080403
2904,0.08546397,-0.040883686,0.010067132,0.009106392,0.09002425145562798,-0.021900334152003716
2905,-0.04131627,-0.17701238,0.008888516,0.008105594,-0.04184197241697289,-0.160767123754934
2906,0.00042559626,-0.040578,0.008761963,0.0084939785,0.003425445927351721,-0.013182074064456602
2907,0.0021062386,-0.017986462,0.00836424,0.007123204,0.0038358959208738817,0.0054657557920031324
2908,-0.007814392,-0.020941317,0.009672879,0.007832492,-0.015062289922791393,-0.0018525069050383282
2909,-0.30206615,-0.70502496,0.008570153,0.014966398,-0.3082076946934678,-0.6882797937685271
2910,0.004441744,-0.007747599,0.009710777,0.007907141,0.005656353863310216,0.014621236011881901
2911,-0.3282441,-0.09341287,0.014030048,0.0070482506,-0.3243549274002242,-0.07465859415406598
2912,-0.5960904,-0.13039574,0.017886925,0.005838269,-0.5920162399389218,-0.10501222380937632
2913,-0.22208984,-0.07044569,0.014819316,0.009499125,-0.20391865224498584,-0.04341938951614269
2914,-0.3542577,-0.3234302,0.011683357,0.009537107,-0.33763257794368773,-0.290887523975186
2915,-0.59261125,0.13718735,0.021392401,0.010784247,-0.5784995245695941,0.15868247838508598
2916,-0.038192797,-0.0017419243,0.009106607,0.0077016912,-0.031909206728552277,0.025876400469051063
2917,0.04528456,-0.0003928179,0.008377126,0.00732649,0.04620489830273059,0.028387685311708436
2918,0.26631373,-0.3789133,0.011241058,0.018175334,0.2566105891470386,-0.34611479564657865
2919,-0.83059496,-0.2544073,0.019019438,0.0062198243,-0.8280019927136587,-0.23110750527724913
2920,0.04237147,-0.0374842,0.008419801,0.008071311,0.03978639373599925,-0.015488222612276299
2921,-0.028619125,-0.058618367,0.008064514,0.0075807637,-0.02423179694809698,-0.02366547539656216
2922,0.2720945,-0.6758447,0.0084010055,0.017395101,0.2759880580489638,-0.6584617293646079
2923,0.064889856,0.24537045,0.010469957,0.011846855,0.06912122996590894,0.24954453531678752
2924,-0.17025043,-0.7616621,0.00629495,0.013724532,-0.16243925850301513,-0.7278326862690513
2925,0.29058367,0.2886213,0.020955548,0.019931182,0.3329619561491168,0.3486122660833095
2926,-0.083143845,-0.014034876,0.015980998,0.01356503,-0.05353793882274284,0.015135102564049444
2927,0.095106706,-0.014922024,0.015128653,0.011814373,0.0949954889376861,0.01184578590872163
2928,-0.54470754,0.0077945283,0.020741543,0.0075922273,-0.5190809401207189,0.03179502158348825
2929,-0.03638793,-0.48845997,0.009047186,0.015859427,-0.04052660194771957,-0.46845382701760613
2930,-0.23887794,-0.21949717,0.009825287,0.008087719,-0.23240203049417946,-0.18983903201178817
2931,0.04186473,0.07274073,0.0129045835,0.011110913,0.04824410988720081,0.09137104686969232
2932,0.18686007,0.32137713,0.017935053,0.020628624,0.1909267080996152,0.3129049164161929
2933,-0.011290193,-0.003549316,0.011411731,0.009173772,-0.005043008868222969,0.016727533558053367
2934,0.08615032,-0.0049299905,0.016613388,0.013300968,0.11587942106844597,0.00932436486539905
2935,-0.014971886,-0.020107642,0.008069125,0.0072500575,-0.013515443914946104,0.010264308680944847
2936,-0.24613886,-0.25352973,0.009890564,0.009343049,-0.23604649536964875,-0.23190181505208485
2937,0.17821811,0.09199508,0.012020636,0.008738218,0.16970901972892816,0.11152387167532629
2938,-0.00900319,-0.08039545,0.00861483,0.0074269357,-0.009190698913103739,-0.05371645148659418
2939,-0.03135833,-0.046469655,0.008798005,0.0076264367,-0.01781517809169291,-0.026824198621803186
2940,-0.03318295,-0.03644889,0.008364595,0.007236988,-0.02870614933733226,-0.01208973905238848
2941,-0.27589756,-0.091926254,0.019454451,0.011128579,-0.24009691143714956,-0.06422341872082896
2942,0.20329161,-0.6348248,0.0074792276,0.016627701,0.21726933336370535,-0.6286913455797077
2943,-0.41987866,0.450426,0.0124638835,0.020653158,-0.4128108239199084,0.4686579577026727
2944,0.016573716,-0.027463205,0.013098974,0.011550926,0.0309756265542755,-0.008075211656609661
2945,0.10782566,-0.1605617,0.008535521,0.008888006,0.11074446536654106,-0.13928929472090232
2946,0.07538864,0.02803915,0.008672031,0.007283094,0.07760694536114006,0.05594183661275426
2947,0.062376164,-0.095992826,0.0085316235,0.008772231,0.06588886648199739,-0.07262673640787555
2948,-0.25563598,0.5182228,0.008068534,0.01539139,-0.25759713352444863,0.5552784307207599
2949,-0.15439676,-0.26116106,0.009715498,0.009102039,-0.14936130761507857,-0.23451282164241702
2950,-0.18934624,-0.21487126,0.013087207,0.012460229,-0.187334884756433,-0.19802118305186445
2951,-0.28661773,0.09720405,0.010495439,0.008146149,-0.28041702631312765,0.129308253802772
2952,0.23937161,-0.22732985,0.009862824,0.009776447,0.24814765095858993,-0.20282178880290244
2953,-0.33660737,0.16828716,0.012439866,0.009486447,-0.32012016063321436,0.19676188860960395
2954,0.15056518,0.35847604,0.007894569,0.0091231065,0.149120043847038,0.3744511595437655
2955,-0.16652504,-0.47286993,0.009168033,0.013928681,-0.1619215896918054,-0.45717674344679815
2956,0.4783563,-0.364569,0.013575734,0.014521424,0.3878807639039027,-0.2709506465549091
2957,-0.8162912,0.06247268,0.018891936,0.006472874,-0.8112402217987836,0.08438623420223962
2958,0.25795645,-0.29741117,0.009978851,0.009714072,0.25385665252348294,-0.26798251480425694
2959,0.047959898,0.051790647,0.008095141,0.007174574,0.05023121352352458,0.07232153172987935
2960,0.007107438,0.044258483,0.010304434,0.008856614,0.008185648901274033,0.06749790726234042
2961,0.010612011,-0.0023688832,0.009192838,0.007819386,-0.0013211329189059217,0.0073897486159408814
2962,-0.0076145013,-0.00468962,0.010190805,0.008732977,-0.002839848362963139,0.005282632949235521
2963,0.026462413,-0.2692704,0.011575068,0.012983409,0.038094071106416175,-0.23622224106387293
2964,-0.26266623,0.1982859,0.018427188,0.018702075,-0.2708248215652196,0.2432921919545408
2965,-0.0075524426,-0.10257768,0.008696258,0.00739472,-0.00887212426066832,-0.07933592146159235
2966,0.05133885,-0.026338339,0.032013744,0.026201893,0.07692132344754242,0.002414438377260038
2967,0.09945548,-0.18239686,0.009802151,0.012472347,0.08991827374542784,-0.1564137176926017
2968,-0.5491475,-0.006881834,0.029025242,0.009620492,-0.5317036629654999,0.012437106840428565
2969,-0.052840322,-0.065720774,0.017063163,0.0142681515,-0.044049367714969014,-0.041387135726430706
2970,0.08916293,0.0133255785,0.008974056,0.009360991,0.09783269952710182,0.03601821413610305
2971,0.15260024,-0.65602684,0.0076271184,0.016182,0.15437624633316982,-0.6359832901965867
2972,0.1710581,-0.21112898,0.011200744,0.014966461,0.16437926063080424,-0.18148080544224915
2973,-0.04998342,-0.64943767,0.006858198,0.013616631,-0.052291746448998234,-0.6221359286646891
2974,0.025428735,-0.049423765,0.016768143,0.014785593,0.028117974623797053,-0.03979984242667217
2975,0.20725513,-0.2508239,0.010177706,0.010806604,0.21265491196051453,-0.21498502773167166
2976,0.1689115,-0.055819757,0.009048485,0.007987428,0.16716426987724162,-0.031780540308696585
2977,-0.069070876,0.6330496,0.009699916,0.018642303,-0.06211945314630467,0.6417791314103538
2978,-0.047449708,-0.28496975,0.010139709,0.011780723,-0.03749995282116474,-0.2619679449179933
2979,-0.044137,-0.12989813,0.008320026,0.0073277066,-0.04831494698678077,-0.11243889175599037
2980,0.583814,-0.02370758,0.018868776,0.005612475,0.5611773490739212,-0.005769543436608691
2981,-0.03515862,-0.31548846,0.007854002,0.008976282,-0.03133131588091943,-0.28535240920268445
2982,0.5228718,-0.4438689,0.020391071,0.016864032,0.5123644502580212,-0.4114535400992839
2983,-0.09652896,-0.008610317,0.0104724355,0.0076405993,-0.08889586796392218,0.01118172410008878
2984,-0.020035155,-0.06886644,0.015350903,0.013429497,-0.015121085982867655,-0.04708314812114805
2985,-0.014474023,-0.02729493,0.020363858,0.01694092,-0.0008124513850647036,0.005890607823651655
2986,-0.200742,-0.54082906,0.0073146275,0.016851274,-0.17778071088945147,-0.45601870792734034
2987,-0.009381482,-0.050845854,0.01017157,0.008969583,-0.0051367024045104615,-0.03838111828248537
2988,-0.08868658,0.15547365,0.007898355,0.010121323,-0.08309855194254281,0.17035815288247644
2989,-0.3907711,0.3983481,0.012062684,0.017188178,-0.37278530246221686,0.4032292400199966
2990,0.040851824,-0.013875001,0.008584573,0.007575896,0.04107892537865685,0.010854469104120698
2991,0.21806626,-0.26369745,0.011976346,0.01564904,0.21242654563916608,-0.2383534499241705
2992,-0.0006053508,-0.0060074786,0.010897622,0.008882836,0.006179560894736875,0.013518514734377
2993,-0.76694506,-0.23973107,0.018796358,0.006659107,-0.7553259174304198,-0.21371088989120837
2994,-0.033344418,-0.21191782,0.007870087,0.0075822873,-0.03312259216721685,-0.1864500484021519
2995,-0.040217564,0.014899231,0.020406026,0.017189547,-0.008630193701797864,0.024909781031441477
2996,-0.6482661,0.6583148,0.016432695,0.018761268,-0.6383831823471544,0.6924742017009675
2997,0.04729269,-0.013489314,0.009341658,0.0076879133,0.04855020542501935,0.01071197598175768
2998,-0.37112373,-0.71050125,0.009532965,0.015804205,-0.36551103442262517,-0.682782503914072
2999,0.08077345,-0.03698358,0.009152439,0.007172301,0.0701068877495094,-0.016417480349157965
3000,-0.6242764,-0.20921072,0.027733233,0.012241729,-0.618164751373913,-0.18337674072637958
3001,-0.030163553,0.0732999,0.009527297,0.008425679,-0.028334548993486666,0.09589651919915805
3002,0.040319677,0.25987217,0.009694957,0.0106805265,0.04319933110940525,0.2779485556380551
3003,0.33019036,0.1662426,0.014046388,0.009003084,0.3390755486299253,0.18903217034258535
3004,0.26592213,-0.20449123,0.012936121,0.011679527,0.2749078315914417,-0.1841813930783139
3005,-0.008122273,0.03379625,0.008655604,0.007509343,-0.008269429330447504,0.059614659276935954
3006,0.5729303,0.09353353,0.039173935,0.016242364,0.5420553898741045,0.10045276979921855
3007,-0.20872451,0.09877905,0.016103005,0.012983492,-0.1941704639361526,0.11211450040537162
3008,-0.0066568186,-0.26194513,0.00828846,0.008966394,-0.005242263166557325,-0.23862291733827487
3009,-0.009904303,-0.20934787,0.022122014,0.02163034,0.005722363143436407,-0.17274750562556457
3010,0.010629822,0.002506568,0.010612338,0.009291249,0.01854882890951376,0.025841271929270822
3011,-0.41018316,-0.64499,0.010611983,0.01407068,-0.41016865721054735,-0.6082217711604307
3012,0.061702847,-0.30278334,0.009151023,0.013754395,0.06856093052188907,-0.27644768571895084
3013,0.03433183,0.011825777,0.009296542,0.00745022,0.03434162818868106,0.030126093834237068
3014,0.054985255,-0.0118285725,0.011005275,0.009311318,0.06799217259559748,0.01843101043793644
3015,0.20908801,0.012934814,0.016562972,0.010338581,0.20099525192090342,0.03122390014292669
3016,-0.010526035,-0.25019798,0.0102355275,0.011707035,-0.008840071519852319,-0.23057888466208515
3017,-0.015124869,-0.095220014,0.009200515,0.007765079,-0.01723936746339598,-0.07742011532077273
3018,-0.2195989,0.19049919,0.0156278,0.016832672,-0.2459689404577425,0.23863304058976134
3019,0.16456182,0.28128678,0.0122157885,0.015188745,0.168032140594784,0.3051508718928495
3020,-0.11518506,-0.166292,0.011533236,0.010582877,-0.10965799177119041,-0.14433708981400425
3021,-0.015718007,0.03901153,0.008965905,0.0074569616,-0.01350925958705899,0.06272042638508384
3022,0.28366774,0.029783353,0.013502582,0.006765388,0.25962313505079687,0.030338878747154574
3023,-0.4714199,0.58736956,0.019042827,0.029147021,-0.40500616851772514,0.5313711705009564
3024,0.010274313,-0.035014883,0.009746312,0.008173629,0.009442041767842909,-0.011209904312045882
3025,0.10758468,0.3045319,0.00779841,0.009731806,0.10659927970657228,0.32305807635862127
3026,-0.01496719,0.008524365,0.0101738125,0.0083674,-0.012152910903808612,0.027123254410310365
3027,0.09223157,0.07107714,0.010754341,0.008888546,0.09450886095448716,0.08861159030501067
3028,-0.21487483,-0.26088297,0.010133102,0.009516504,-0.2228180086589535,-0.23552993166342717
3029,-0.30443454,0.058904864,0.017771581,0.009974665,-0.29971329762932225,0.07334015371221678
3030,-0.00033665402,-0.017291233,0.00843966,0.008159503,0.007950725593830936,0.006271037739506443
3031,0.10953491,-0.24692926,0.008682431,0.00882306,0.11009628992942681,-0.21562625097292387
3032,-0.3338562,-0.06308482,0.013966333,0.0067210197,-0.3287233273388765,-0.04335509729226141
3033,0.18059552,0.16176051,0.015370509,0.013786173,0.17307798488511847,0.16220774682007602
3034,0.18642935,0.40390584,0.009432592,0.013440923,0.19784884367089842,0.42271474493099287
3035,0.21057358,0.096118495,0.009712901,0.0067642895,0.1986657530862769,0.11570894144111901
3036,-0.13982666,-0.11055321,0.0114648845,0.008677015,-0.13314499058938278,-0.09202915698996542
3037,0.61610293,0.267099,0.024899583,0.013975829,0.5995960955018409,0.27071895214232067
3038,0.12198748,0.21023622,0.0143296365,0.015239154,0.1275065416322055,0.23530675699781764
3039,-0.0601006,0.18071803,0.010106194,0.011205311,-0.04632489796241159,0.18621435714484602
3040,0.14011465,0.15588051,0.009947929,0.010371586,0.12857059607450652,0.16734526057117446
3041,-0.0685419,0.050777964,0.010078461,0.008196108,-0.06634184329781267,0.07517278499259217
3042,-0.4696266,-0.2353715,0.018544562,0.0106510455,-0.4747033289363289,-0.21666367769196518
3043,-0.01700639,-0.1234029,0.008437415,0.0076548755,-0.013627151549026858,-0.09723574086609844
3044,0.2385891,0.021640241,0.011689719,0.0068366695,0.2419484892585696,0.03736366725280269
3045,-0.101421416,0.3412485,0.008230882,0.0125723975,-0.08887814025149511,0.3600013631620731
3046,0.11914691,-0.108764276,0.008096795,0.008006431,0.12085599415687948,-0.07907488450235693
3047,-0.06668876,-0.16497156,0.009593537,0.008258815,-0.06096756257200546,-0.13461651531798205
3048,-0.34851176,-0.03997483,0.014215995,0.0066516604,-0.3438275073469399,-0.016901978689853162
3049,-0.11238496,0.009556479,0.011851952,0.008630578,-0.10335532245765476,0.024207864611549352
3050,-0.27593768,-0.031289607,0.013947761,0.007016772,-0.25922447123047887,-0.00974164544914212
3051,0.47695905,-0.44896376,0.013135448,0.013828562,0.47032187704650025,-0.4196256182956878
3052,-0.08515932,-0.030687667,0.009094439,0.007334915,-0.0819696672803052,-0.007333420073196568
3053,-0.33247223,-0.09507479,0.011294574,0.0066672205,-0.3289770711971491,-0.06856719244318032
3054,-0.05578147,-0.004863628,0.008858622,0.0072354306,-0.05380072449742317,0.020452486164858463
3055,0.4395039,0.1125334,0.012332602,0.0063226335,0.4454388315586047,0.13024838868997013
3056,0.07638137,0.5857559,0.0076436806,0.015544562,0.0810944243648846,0.5701002592317835
3057,-0.10695957,-0.13797441,0.008756882,0.0072849663,-0.108577977347217,-0.11297373703290968
3058,0.12464839,0.021252133,0.008607974,0.0070993025,0.12860002483753508,0.04467925595054667
3059,-0.20627062,-0.032634933,0.019638337,0.013546557,-0.20356019085322757,-0.014520088999581755
3060,0.75844574,0.31875706,0.019910077,0.012665706,0.7573561474962403,0.34284829279033335
3061,-0.055141933,-0.01718796,0.009032537,0.0074932473,-0.04757535301210496,0.008474712144502567
3062,0.06264938,-0.28188726,0.008756291,0.010562015,0.06042810962531681,-0.26087664695708407
3063,-0.089607745,-0.19701745,0.008476305,0.00805901,-0.08251000128890462,-0.1678696482111321
3064,-0.22381876,-0.24235791,0.011749691,0.011376004,-0.2146355303026306,-0.2194515283129053
3065,0.0022694175,-0.38909674,0.013501641,0.018289719,0.014523890796147338,-0.35826083206719267
3066,0.24462722,0.18087205,0.010808118,0.008874353,0.23891071573938436,0.20099156126300113
3067,0.62326074,-0.23064695,0.027235689,0.012695179,0.6174486857378485,-0.1917164287452951
3068,0.34572148,-0.18658794,0.01785016,0.012046479,0.34975624970403235,-0.160776325875571
3069,0.1334351,0.035292715,0.014066722,0.0104732765,0.1605358171712571,0.06913228461473762
3070,-0.00443981,-0.048188634,0.009202524,0.0073987218,-0.0038686647915546803,-0.027277955956382636
3071,-0.055569254,-0.04858474,0.01119544,0.00917986,-0.05064571757860782,-0.0337655814612118
3072,-0.08094331,-0.060413398,0.009911928,0.007972462,-0.07453057688384296,-0.03449706657729796
3073,0.111770295,0.11530477,0.008645793,0.007413558,0.11091529751603349,0.14070655386145492
3074,0.1551598,0.10161525,0.010470312,0.008509561,0.1543962878166012,0.12371582765352813
3075,0.08082698,0.28922325,0.008053753,0.010763015,0.08428679507270517,0.3091311885300127
3076,-0.66030663,-0.15327677,0.021574069,0.007104231,-0.6583551601085462,-0.13286839511322499
3077,-0.14641248,0.30013946,0.014322001,0.018574148,-0.1206385502851872,0.2922139085991415
3078,0.309378,0.027873777,0.020366661,0.009503761,0.3140724817453128,0.03912207169845551
3079,0.30682775,0.011014937,0.013985496,0.006734595,0.3131184085985393,0.028688005916764216
3080,-0.14434552,-0.07319444,0.013501171,0.010026617,-0.14239876144380226,-0.055189489168080405
3081,0.008853767,-0.008343377,0.009105661,0.007310869,0.0024404569671201974,0.016429228377966423
3082,-0.020597659,0.13920134,0.009218115,0.009151354,-0.017650974125906185,0.16406398827330831
3083,0.110068984,-0.19823241,0.008515547,0.009880639,0.11534772152060753,-0.17369767563240623
3084,-0.068982124,-0.0044989595,0.008775788,0.0072568203,-0.06080800943169968,0.019623436003219415
3085,0.0772104,-0.5100789,0.006831913,0.011363872,0.0704842518091788,-0.4884959616240803
3086,0.04160964,-0.4820251,0.0083695585,0.014426778,0.055556689819656564,-0.4575618676505553
3087,-0.2992506,-0.0448014,0.0123419035,0.0062343637,-0.2994029147025659,-0.026879009406329476
3088,-0.033063747,-0.079745285,0.010576949,0.009048207,-0.024740743592558248,-0.06063752894942804
3089,-0.15993391,-0.17686811,0.010939364,0.009301587,-0.15548515882135872,-0.1545301762015242
3090,0.02243518,0.023286361,0.029040642,0.025754003,0.026764404028902806,0.05648291491583049
3091,0.35618934,0.12139877,0.015341982,0.008034716,0.3789773178374799,0.15156370166490193
3092,0.40727222,0.47795212,0.013496702,0.01785203,0.3983020389686597,0.4882020945128929
3093,0.19074981,0.42101365,0.02157302,0.02821347,0.23660431134696563,0.43490913354733796
3094,-0.10094259,-0.09631908,0.009607943,0.0076239537,-0.09501113616947095,-0.06920443025435058
3095,-0.02916205,-0.33966237,0.009368466,0.012097334,-0.02070127220039589,-0.30922981678271855
3096,0.3729147,-0.44582114,0.011132136,0.012559048,0.3651580405420432,-0.41558121166887874
3097,-0.024913926,0.056022808,0.008643431,0.007917214,-0.036277186326067086,0.08151772989950182
3098,-0.00048771454,-0.032924704,0.008584691,0.0085952785,0.003951569995406127,-0.0032710775200513855
3099,0.46309054,0.12742196,0.01617843,0.0077636386,0.4552174781264038,0.14645987017150922
3100,-0.05921454,0.06370826,0.009399998,0.008556991,-0.057666888656935714,0.08004288470870581
3101,-0.20496653,-0.89230865,0.005613677,0.015508364,-0.20795303391800854,-0.8756112190803353
3102,-0.064684995,-0.1210564,0.009578542,0.007948587,-0.053830950765843974,-0.09186530339886435
3103,-0.034378223,-0.12931003,0.00947286,0.00845871,-0.03351517595481621,-0.11017166328815048
3104,-0.25031838,-0.68236953,0.008041572,0.015637984,-0.2580487680640086,-0.6845104225221671
3105,-0.37515664,0.05916962,0.015544821,0.00817501,-0.3650702340325161,0.07596741647126198
3106,-0.02854288,0.0023753112,0.011343609,0.009812,-0.02686657714373106,0.023511870191549537
3107,0.025428735,-0.049423765,0.016768143,0.014785593,0.028117974623797053,-0.03979984242667217
3108,0.13564835,-0.34554768,0.019155925,0.023894671,0.16119098744750793,-0.3330892825339179
3109,0.075239316,-0.055560254,0.008429849,0.007834472,0.07547422795019933,-0.03329837409010291
3110,-0.035739295,-0.03777971,0.011243889,0.008756259,-0.03164528357868899,-0.007102184499505145
3111,0.0018528136,0.28094962,0.010995842,0.013740681,0.0021356129571964105,0.3083992982396354
3112,0.050543595,-0.09296219,0.009245872,0.00911014,0.05914681176852033,-0.07459520470936076
3113,-0.03135833,-0.046469655,0.008798005,0.0076264367,-0.01781517809169291,-0.026824198621803186
3114,-0.22722448,0.57914305,0.0077028316,0.014977815,-0.22171525741243855,0.5845312849273442
3115,0.43923473,-0.06046045,0.033492774,0.014879358,0.4246160415773638,-0.016342543757634182
3116,0.041185584,0.059098974,0.008232064,0.0074320235,0.04506599749419196,0.08033232008908704
3117,0.09157427,0.20903817,0.007950866,0.008475003,0.09217626538414843,0.23749704463954227
3118,0.0001703077,-0.009999231,0.009562129,0.007914589,0.00035985661089017344,0.01132525479696003
3119,0.74253273,0.17155935,0.02072239,0.007145304,0.7236002611201283,0.18584427418481136
3120,-0.021729093,0.047492906,0.009118419,0.008311045,-0.015223408604199986,0.06002597497118284
3121,-0.07286729,-0.12742634,0.011416329,0.009960297,-0.05726990460437655,-0.0971565952715205
3122,-0.53042316,0.07962795,0.019868823,0.008501172,-0.5030592132539718,0.09636833348182888
3123,0.3173543,-0.099672616,0.013802446,0.007884289,0.27793325729445495,-0.07079491156405704
3124,0.03937614,0.00059742015,0.015140041,0.013504945,0.049000169066396475,0.02593285924063679
3125,-0.02283492,-0.06804724,0.011473724,0.00935503,-0.012937637322752093,-0.04098845907161563
3126,0.02415746,-0.023932613,0.007953703,0.007149879,0.024442961302387253,0.0034547140294262303
3127,-0.11893449,0.05871045,0.011595102,0.009639848,-0.11247589205273914,0.08134024301844295
3128,-0.001963872,0.15894383,0.00858339,0.008884475,-0.002857085949709163,0.17259095032070518
3129,-0.12448567,-0.10318812,0.012613985,0.009797191,-0.11121461302184094,-0.08940115752732322
3130,-0.1280916,0.10140246,0.009400943,0.008716575,-0.11995926825739066,0.12531072675038263
3131,0.09078926,0.052337147,0.008572163,0.0072981934,0.08766039329779222,0.07295034448096255
3132,-0.8621999,-0.27121753,0.021005394,0.007527806,-0.8538825981930636,-0.24448701353336255
3133,-0.13754787,0.07026969,0.018840346,0.015071175,-0.12984563971645702,0.09278490638531631
3134,-0.22835125,-0.03347651,0.016594397,0.009202903,-0.1868418802252243,-0.007353669070751879
3135,0.0009067026,0.2743664,0.02264239,0.0239907,0.01205705602299399,0.2709382262108639
3136,0.10033691,-0.058953755,0.009291581,0.008447908,0.10845267364541541,-0.03868136990440772
3137,0.0061738403,0.2766866,0.008152252,0.0100031635,0.007676170501064333,0.2923720389346438
3138,0.05867192,0.07244304,0.007835314,0.0072529432,0.05818196943333238,0.10476313392007
3139,0.45917803,-0.7777466,0.014156524,0.023234634,0.4567972116969398,-0.7460172034262318
3140,0.15987825,-0.23673958,0.009022968,0.010894471,0.15137323139786818,-0.20474857179011458
3141,-0.012442239,-0.45521754,0.0070889243,0.010238054,-0.017492629801144736,-0.43564921305051885
3142,-0.013507685,0.0004507741,0.00892916,0.0076572713,-0.013706033103991329,0.027043262787050795
3143,-0.14955778,0.040643938,0.008809584,0.007483094,-0.1441450503602184,0.06343162293231051
3144,0.34862804,0.12900564,0.03414956,0.02156948,0.35079365435995413,0.14845832715043142
3145,0.117683455,0.24102624,0.010048602,0.013830419,0.09007623577285792,0.20306036193331112
3146,-0.47341317,-0.22709586,0.022857854,0.012774729,-0.48466230233350543,-0.20835629923771998
3147,0.0053180936,-0.029961865,0.010600896,0.009237482,0.018025812827220548,-0.007154663191875028
3148,-0.2669837,-0.05621183,0.012100139,0.007005705,-0.2667533651298761,-0.030739049824137454
3149,0.8676557,0.16666827,0.04438737,0.012692521,0.8706952939356803,0.1841285215383128
3150,-0.023486078,-0.013067075,0.008087691,0.0077883885,-0.01691297116570531,0.015856113399091525
3151,-0.021439718,0.110982195,0.008296617,0.007858242,-0.023839289000555923,0.1229706032554857
3152,-0.18645516,0.12042532,0.010449195,0.009996634,-0.19453749034092746,0.15057550559580624
3153,-0.4346149,0.14264794,0.013531395,0.008698823,-0.44013150001859125,0.1643938858708555
3154,-0.28717244,-0.049908828,0.029209,0.018261055,-0.265772068935476,-0.017288622654823067
3155,-0.21790649,-0.45541245,0.00987097,0.013337968,-0.22457509531848732,-0.4355616627527517
3156,-0.7159768,-0.06346881,0.026171219,0.007845046,-0.6986176409843959,-0.03604568405433159
3157,-0.010268802,0.19064909,0.009102945,0.009854095,-0.007469270938103724,0.20811040879972104
3158,-0.113627926,0.106796645,0.008866892,0.009556323,-0.11471773654625086,0.12552941409700516
3159,0.066120595,-0.03748598,0.010353399,0.00863968,0.058196016784483565,-0.009200587503140505
3160,-0.32667136,0.30964878,0.01017641,0.0144996215,-0.30932075129691816,0.3198729046722869
3161,-0.25374696,0.41113806,0.009165199,0.011470734,-0.24428644422052206,0.42835980861042927
3162,0.02539521,-0.07976679,0.010283315,0.008796129,0.020961502341825044,-0.05091866858018591
3163,-0.02482932,-0.055232257,0.011196382,0.009620951,-0.02002462706477315,-0.03444531205100277
3164,-0.1396621,-0.007090592,0.01374448,0.010213124,-0.12808477866236773,-0.0005317840909161448
3165,-0.6283754,0.0834186,0.021905813,0.009285076,-0.6354367137179637,0.11551647541562245
3166,-0.2200834,-0.24900454,0.01054923,0.010149839,-0.19924548458332736,-0.19974734767923213
3167,-0.07081023,0.13140413,0.010112567,0.010531081,-0.0595901829172583,0.13290601449803263
3168,0.07148358,-0.04097695,0.009512064,0.008642096,0.06452765323826898,-0.019512192364119357
3169,0.22795044,-0.23282471,0.01763631,0.017342908,0.21989624208140837,-0.20362755392174048
3170,-0.0641772,-0.39267257,0.013256506,0.017555483,-0.054461448168470136,-0.3394545097807229
3171,-0.16358607,0.025158308,0.010351983,0.008377424,-0.16437007727807867,0.04798872764716819
3172,0.0034621204,-0.2912746,0.008365303,0.010161257,0.00448131095362605,-0.258871000768217
3173,-0.08894446,0.47484636,0.0072684726,0.012387325,-0.08089794882187147,0.4810170834315818
3174,0.3960349,-0.100672446,0.019607127,0.009401905,0.3947366137112546,-0.08158705180835331
3175,0.30320105,0.41501248,0.012497319,0.016368369,0.29385678554648376,0.4234607761917137
3176,-0.010623984,0.59175086,0.013643823,0.0242256,7.586418751920363e-05,0.627355021260994
3177,-0.018497935,0.004751838,0.011001856,0.009859401,-0.006446662767170935,0.02248833217485735
3178,-0.07944979,0.10168376,0.008699685,0.008294176,-0.07755651640432369,0.12654222976312793
3179,-0.194818,0.23383746,0.011374724,0.014884288,-0.1831912673977539,0.23660596277181284
3180,0.14936408,-0.023774385,0.014311539,0.010248537,0.15581865779499404,-0.0003863691537684421
3181,0.24604759,-0.21529892,0.015551159,0.01477502,0.24220571304286082,-0.18522812052688659
3182,0.011615701,-0.01446546,0.009537688,0.0092584,0.015121625192373287,0.001798945775334661
3183,0.0068900106,-0.01837504,0.009303274,0.007819747,0.004497678769719474,0.005963483121176887
3184,0.028416805,0.04782579,0.008727339,0.0072206995,0.023295125154584036,0.06774763560869511
3185,-0.18490277,-0.3486144,0.010205555,0.013760396,-0.1874854213563249,-0.33089963133034306
3186,-0.036925726,-0.35883895,0.0077587836,0.008531006,-0.04044146892078033,-0.32707043029279387
3187,0.4203744,0.32036936,0.026474737,0.023019375,0.43398068561857317,0.3355852983553054
3188,0.014978806,-0.031209685,0.009880531,0.008463946,0.018975495861142423,-0.006565701323833495
3189,0.23244013,-0.38498878,0.010858001,0.022012623,0.20924430238149316,-0.3171021983173773
3190,0.44308928,-0.2635293,0.014481456,0.013106816,0.4521157234652646,-0.24786346375231044
3191,-0.14783187,-0.45171785,0.010198121,0.011022901,-0.14969349897961928,-0.4361871539111306
3192,0.021144338,-0.30244744,0.008361048,0.009983477,0.019762061583112785,-0.2852462191020752
3193,-0.034860592,0.006964377,0.0105022825,0.00867504,-0.034107111582685486,0.025148552265162265
3194,-0.8334304,-0.30794373,0.0385022,0.0181935,-0.8606858479958399,-0.29565488805012374
3195,-0.003269277,0.00083899405,0.0082051065,0.007303834,-0.0031336482260436757,0.02289443072905786
3196,0.48404175,-0.2655991,0.031719282,0.02031734,0.45914095069129796,-0.23394274999978865
3197,-0.5261081,0.37054646,0.0152248135,0.012909599,-0.513028106645117,0.3842440820492133
3198,-0.043044947,-0.055416405,0.009333863,0.007479047,-0.039423946778521055,-0.031033007167370886
3199,0.42867577,-0.24694258,0.020794317,0.015122533,0.3906082504000554,-0.20636610081187368
3200,-0.0916268,-0.1251943,0.009537453,0.007997934,-0.08100919371047637,-0.10351933475182501
3201,0.0054761176,-0.030274898,0.007893978,0.007067264,0.007423452557768333,-0.005557850842979014
3202,0.10953491,-0.24692926,0.008682431,0.00882306,0.11009628992942681,-0.21562625097292387
3203,-0.041005317,-0.059394673,0.014246199,0.011082129,-0.02631862549920625,-0.03391739907043235
3204,0.03674455,0.1692288,0.007783387,0.007841863,0.047390842627634815,0.1945955122658676
3205,-0.18934624,-0.21487126,0.013087207,0.012460229,-0.187334884756433,-0.19802118305186445
3206,0.51991665,-0.2684181,0.028195303,0.01625654,0.4815261675280997,-0.22687210621116305
3207,0.5615527,-0.62017506,0.013157448,0.016100086,0.5795922683213003,-0.6106878670514
3208,-0.008324126,-0.027466685,0.0093600815,0.0075541874,-0.00547759236499029,-0.0031381667287740593
3209,0.15370397,0.04044296,0.012687907,0.008844922,0.1643188305662715,0.057317456203637575
3210,-0.3277824,-0.07719725,0.014299905,0.006706205,-0.3442886414125954,-0.058196049823273296
3211,0.05412274,0.013895064,0.010253226,0.008523493,0.05800624427343192,0.04160477619366019
3212,-0.02693718,0.0008278107,0.008157693,0.0071707354,-0.024450693604157116,0.027821075250337723
3213,-0.08596671,-0.0797456,0.010876985,0.008238795,-0.08499353750202694,-0.05351724872100907
3214,0.016297366,-0.05787442,0.008524057,0.008361401,0.014771434617875579,-0.030299993999739618
3215,0.51781166,-0.26661584,0.020107549,0.012781005,0.49083782660850345,-0.22891562332469365
3216,0.16731782,-0.54280823,0.008168453,0.014323072,0.16273942232604896,-0.5090862114758974
3217,-0.10450063,-0.018061832,0.01036508,0.0080119595,-0.08684985849972351,0.006474559728311062
3218,-0.53645015,0.272625,0.019827804,0.01408844,-0.5194407699184219,0.2858441486290413
3219,-0.527189,-0.07080094,0.06202703,0.030484771,-0.48525010204755953,-0.051449969585389325
3220,0.34708673,0.3809735,0.017393358,0.020979235,0.3563800264096499,0.40282102314948537
3221,-0.06831756,0.21026087,0.008648276,0.010443781,-0.05842021831624788,0.23694317710729418
3222,0.04525596,0.035537995,0.0096472595,0.008165752,0.05646235763475254,0.05390671620962077
3223,0.020770645,-0.047911353,0.009120901,0.008049753,0.015532065263105119,-0.02151692943530883
3224,0.0020233565,0.029286273,0.015614068,0.013568113,0.012601814370708238,0.04986698144133337
3225,0.01590157,-0.13775334,0.010169211,0.01000247,0.012774542027012994,-0.11242964764099929
3226,0.1823184,-0.63105637,0.0075639416,0.017478067,0.19181841946408731,-0.612734891863223
3227,0.05638553,-0.15815356,0.012607037,0.012264096,0.05757694041606662,-0.12758849505337186
3228,0.09478695,0.009804695,0.00825039,0.006931043,0.10237484094415147,0.03606765525800743
3229,-0.90869904,-0.3095768,0.024041895,0.008985637,-0.8887963831037528,-0.28866113201102583
3230,-0.10698162,0.81578565,0.009593774,0.023287622,-0.09510994967150281,0.805468944979098
3231,-0.026989318,0.18778604,0.0097892815,0.011088087,-0.019890977373744057,0.21170679105439466
3232,-0.11992979,0.7511902,0.009484668,0.022264607,-0.10724284127301555,0.7440438972869845
3233,-0.005433859,-0.019483648,0.012895992,0.010692921,-0.004619976103675315,-0.005169837271260693
3234,-0.085121095,0.08404049,0.010386315,0.00906064,-0.07555027765812602,0.10093676569067549
3235,-0.16703801,0.3213955,0.009454202,0.017439002,-0.1454612294229894,0.30256488708550905
3236,-0.19494177,-0.1798167,0.019903999,0.020106398,-0.21159629124971166,-0.1560131889782731
3237,0.13429828,-0.3837937,0.029734379,0.03405813,0.1359904095988319,-0.30340642597581624
3238,0.036559027,0.05362457,0.008013665,0.007071127,0.03614048519005112,0.08143932933418796
3239,-0.019544113,0.011668338,0.008455263,0.0072335205,-0.018624148832596155,0.0347885009090455
3240,0.016043076,0.047638938,0.010494731,0.009026384,0.024203150867094486,0.0673037243725862
3241,-0.5129552,-0.17673168,0.019849539,0.0089147175,-0.5027737415895845,-0.156324572023677
3242,0.4004847,0.33444571,0.03557022,0.03184551,0.36596925815422365,0.3038794560993641
3243,0.24511923,0.01863911,0.016102534,0.009045683,0.27697049812140606,0.04791173782632886
3244,-0.014744543,0.03596674,0.010482699,0.008752748,-0.006875702742685599,0.05822924258618296
3245,0.71303904,0.29915532,0.04820594,0.028168961,0.6594685979008559,0.2956742084156256
3246,-0.25004315,0.28858265,0.012097194,0.015325666,-0.24071232092741154,0.300097394979386
3247,0.18059552,0.16176051,0.015370509,0.013786173,0.17307798488511847,0.16220774682007602
3248,0.079056494,0.43572932,0.00988773,0.017052053,0.08609463484699974,0.45049018961584314
3249,0.0614585,0.039582774,0.011361405,0.009445434,0.07059577348444131,0.05869809471219137
3250,-0.10455348,-0.23628092,0.012697912,0.0127866,-0.09956197272256294,-0.20117791972344445
3251,-0.14003266,0.50257415,0.007264923,0.013305656,-0.13946270590341017,0.5248400763942931
3252,0.00080388086,-0.011489247,0.012761587,0.011203558,0.008350964186090408,0.006978621835387153
3253,-0.465513,-0.38894427,0.014410131,0.01243083,-0.46487014665395526,-0.3662094385722768
3254,0.13371424,0.051169857,0.0098976465,0.0074797967,0.14298096686294026,0.0749480248044739
3255,-0.025405169,-0.017625794,0.00803826,0.0070923953,-0.0236581368219768,0.008896901001025585
3256,-0.049700852,0.060508884,0.00921351,0.007842799,-0.04531613263010186,0.08762302728029299
3257,0.2647699,0.23289469,0.009466248,0.008793446,0.2605155606898934,0.2506397742476814
3258,-0.11607382,-0.044731542,0.009587162,0.0072748587,-0.1201464520241546,-0.021602109508100917
3259,0.05764877,0.15937811,0.009122556,0.009280372,0.04818862976179545,0.1663546838629617
3260,-0.15012039,0.088914715,0.010416045,0.008787667,-0.1452345518460854,0.10444449539510049
3261,0.0615477,0.09830778,0.008086035,0.0073500043,0.06000984629535767,0.12525021164531863
3262,-0.0017434335,0.013939521,0.03839219,0.03268237,0.0055732187549955604,0.03136464318853833
3263,-0.05578147,-0.004863628,0.008858622,0.0072354306,-0.05380072449742317,0.020452486164858463
3264,0.002109461,-0.045010656,0.0097082965,0.008409344,0.001255625997148363,-0.014866869758542529
3265,0.12443681,-0.36192214,0.03353773,0.035221506,0.11906023536135146,-0.3360705896539656
3266,-0.014646668,-0.021082073,0.009076365,0.0077241445,-0.01221972793351493,0.0011110227172227345
3267,0.002903354,-0.0875996,0.008283612,0.0074882945,0.0006149681670939359,-0.059445451926388705
3268,0.3152043,0.3353674,0.012172097,0.012819043,0.3086834327308503,0.3436598777157358
3269,0.4071985,0.031406052,0.013340382,0.005936539,0.40878866842537026,0.056922869018937186
3270,-0.0017434335,0.013939521,0.03839219,0.03268237,0.0055732187549955604,0.03136464318853833
3271,0.48771435,-0.2920483,0.018264616,0.013156611,0.4918262576788149,-0.27027522286785755
3272,0.7293894,-0.20027626,0.023101345,0.008162636,0.7242767871979486,-0.17946954785665847
3273,-0.007874144,0.04559333,0.008716939,0.007589077,-0.0009077083205643183,0.07030401864210144
3274,0.23456448,-0.13122663,0.015879862,0.013508413,0.2545559812820075,-0.12376274385706919
3275,-0.6356107,-0.12998646,0.020516748,0.0068451744,-0.6345597557514392,-0.11371898303374413
3276,0.40757042,0.18750122,0.018587979,0.011372136,0.3881231606557609,0.19633156349690586
3277,0.03186073,-0.069291085,0.008067706,0.007309268,0.033673998302906384,-0.040411861310579764
3278,0.034250602,0.00018468406,0.022958055,0.018778719,0.02853980592916769,0.01113261505686117
3279,0.042660706,-0.078729935,0.008104009,0.0075150286,0.04807635992555331,-0.0501817921075804
3280,-0.13931134,0.0043193614,0.010111033,0.0094110025,-0.1364365030051825,0.014402016104750576
3281,-0.14448479,0.34474346,0.008137118,0.0113631515,-0.1351776339733369,0.36072521546499103
3282,0.05551768,-0.06450912,0.008877999,0.008172517,0.050761931086635834,-0.04189762669053829
3283,-0.24717028,-0.034907095,0.01766758,0.01018472,-0.244348031289067,-0.015359738993794394
3284,-0.029187415,-0.046445318,0.008651467,0.0075741247,-0.02304889531266034,-0.021849112220669258
3285,-0.09227815,0.019953698,0.01646858,0.012842183,-0.06307554318959503,0.03227373206719862
3286,-0.0085620005,-0.08492489,0.008887452,0.0072897226,-0.00945025681218636,-0.06737831135374886
3287,-0.039727412,0.10333386,0.008318371,0.007992401,-0.04042393460082581,0.12422873656454694
3288,0.2133592,0.0070924973,0.0121867005,0.007423658,0.21089141271008402,0.02672163043412478
3289,0.04629494,-0.22786266,0.022904579,0.020750664,0.05538260775595804,-0.19821537711711837
3290,-0.09985159,-0.021045007,0.012549473,0.009497595,-0.1026003400076382,0.00300380796155739
3291,-0.032074865,0.30226213,0.0082480265,0.0112787075,-0.028107485160595812,0.32401763883006024
3292,0.0359233,-0.14538202,0.008790442,0.008452859,0.0329350449327375,-0.11571908914888046
3293,-0.74210465,0.5644535,0.0214973,0.017524231,-0.7093596754194659,0.5869776607424494
3294,-0.1553332,-0.21053892,0.013370729,0.01210066,-0.13817291631055956,-0.16937139572033022
3295,0.06748896,-0.09772348,0.009250951,0.009188195,0.06608549129148426,-0.07840876928275194
3296,-0.05445998,-0.07541845,0.014333986,0.011197475,-0.044598508156894624,-0.05502060429352607
3297,0.031076834,-0.03023681,0.008940621,0.0071618147,0.02897133975555433,-0.007952408812753975
3298,-0.008949583,-0.18790135,0.0085390685,0.008112452,-0.0134141292518485,-0.1625251685794803
3299,-0.11502057,-0.004640647,0.01735704,0.01329187,-0.10471462787975941,0.016278278409845463
3300,0.09800601,-0.3576318,0.030616459,0.03346062,0.13859199515876997,-0.3314619736678699
3301,-0.006927814,-0.016365178,0.015513246,0.013448455,0.0037850317535450175,0.0033303345914139798
3302,0.017300975,-0.008273267,0.011758173,0.010361161,0.02008705085628281,0.014420593913704571
3303,-0.018623482,0.4476558,0.011522866,0.01803705,-0.010950237451914445,0.49387701547329654
3304,0.0019609635,-0.00014634524,0.008463775,0.008229863,0.0025062755881637886,0.022407681355836855
3305,0.0116180405,-0.02469448,0.010174875,0.008425787,0.01206764158114019,-0.0019092824546858807
3306,-0.11428742,0.039249733,0.008573817,0.007429464,-0.11027518787073802,0.06542673824861163
3307,0.025423653,-0.010531888,0.008143622,0.0070997905,0.024404269751574927,0.01654524621889913
3308,0.52223265,0.17713554,0.017437294,0.009446585,0.5185843332629457,0.19321418066512386
3309,0.009159043,0.05907143,0.009918302,0.010035026,0.011714399660610752,0.06461581077069198
3310,-0.39522833,-0.5643375,0.013652054,0.016990084,-0.4219115008171678,-0.5854811196155991
3311,-0.39285177,-0.48608285,0.016845513,0.019815143,-0.38780805331471757,-0.4663698470702082
3312,-0.033096075,-0.046225235,0.008075865,0.0069928723,-0.03362312384204187,-0.012530151875972374
3313,-0.14810646,0.058098212,0.012311053,0.009105994,-0.13689772350810853,0.08072277608543255
3314,-0.057764627,-0.0063657174,0.014915629,0.012470933,-0.050928720312533385,0.017175716151512057
3315,0.23025759,-0.37752336,0.009035254,0.01418318,0.2243107768432221,-0.34714389418604796
3316,0.013658768,0.001913934,0.025179196,0.021771349,0.02713860386272386,0.020897465778001275
3317,-0.65272427,0.13722888,0.032111056,0.0124533465,-0.62608063683638,0.16283826480847116
3318,0.0047860076,-0.026002757,0.008894542,0.0075195916,0.0015039015145141628,0.0020907497233922786
3319,-0.00012160791,-0.021763593,0.008445452,0.0073546246,0.0001507367767153803,0.003545458587877364
3320,-0.37880737,-0.1719116,0.016131977,0.008863113,-0.3659909188561576,-0.14098460479066344
3321,0.07604324,0.2024005,0.015723914,0.015461884,0.08522601126834356,0.21623199491784295
3322,-0.15791921,0.38209647,0.012548531,0.019466437,-0.131243084578956,0.3625189438816749
3323,0.11592213,0.34911907,0.0081457505,0.012770954,0.1340642987812004,0.41570993561937875
3324,0.037309326,-0.008457721,0.010328622,0.009377331,0.04164645892631592,0.013614556638814234
3325,0.056197558,0.005124404,0.008536704,0.0075410763,0.0566444972792001,0.0290056607958543
3326,-0.109433055,-0.030700095,0.010943845,0.008439194,-0.10251975279333715,-0.005844447504205741
3327,0.031709183,-0.004852035,0.008411054,0.007589495,0.03266635232838844,0.018622370746911816
3328,-0.4756871,-0.52657247,0.017486377,0.0186219,-0.44838937131499956,-0.47748635164599534
3329,-0.18611594,-0.009366379,0.00922036,0.0067165573,-0.18247366427820927,0.019946442418161844
3330,0.13501383,-0.036064073,0.013557739,0.010345427,0.15246449112131089,-0.01909692634193683
3331,0.33041608,0.080706194,0.015614655,0.007735851,0.33810953911241476,0.09757404077267855
3332,-0.4164137,-0.06369941,0.012521808,0.006428465,-0.3914951735104859,-0.031017999711241796
3333,-0.08868658,0.15547365,0.007898355,0.010121323,-0.08309855194254281,0.17035815288247644
3334,0.11624794,-0.11734127,0.008617548,0.008586125,0.12163069037401893,-0.09778378551340197
3335,-0.3575737,0.17902948,0.011961742,0.009541144,-0.34826539978763216,0.2071127978225992
3336,0.39204735,-0.09369404,0.017382113,0.00845464,0.3969452666012675,-0.07399223858249723
3337,0.039529793,-0.07625228,0.008238449,0.0074653924,0.036295893043872575,-0.051837701895982344
3338,-0.52231014,0.3951424,0.01988647,0.019481245,-0.5196555315171563,0.4243555095096291
3339,0.10470012,-0.229012,0.0115033025,0.015721135,0.11153412903557677,-0.20955645714863402
3340,-0.009073924,-0.016747564,0.0098220995,0.007833114,-0.00685812745217503,0.0003945143768199687
3341,-0.030189414,0.16161783,0.0096335625,0.010547387,-0.02805512707737392,0.1703631762050589
3342,0.062077444,-0.031231314,0.010185023,0.008689697,0.07540911469986512,-0.01534137331354791
3343,-0.84460735,-0.06646575,0.09286985,0.02791229,-0.8236744297170111,-0.06362071149303904
3344,0.44871157,0.58363247,0.015354425,0.021305118,0.4267680286011749,0.5777606340683231
3345,0.11855965,-0.49787366,0.008104601,0.016956069,0.12348417677807796,-0.4993421724969408
3346,-0.05578147,-0.004863628,0.008858622,0.0072354306,-0.05380072449742317,0.020452486164858463
3347,-0.4759614,-0.49946606,0.015628504,0.018742243,-0.48594744291491065,-0.49601044077640366
3348,0.13187768,0.12046096,0.008098689,0.007877678,0.13390914027451392,0.14443672151393533
3349,-0.06493099,-0.15849045,0.010602782,0.009653765,-0.05785996778753109,-0.1378217946787649
3350,0.33261806,0.09704062,0.014975053,0.00767002,0.37261969546630713,0.13069123064192548
3351,-0.09652896,-0.008610317,0.0104724355,0.0076405993,-0.08889586796392218,0.01118172410008878
3352,-0.31483912,-0.21811906,0.063157655,0.051317215,-0.17908002651544727,-0.09990327062941416
3353,-0.15787798,-0.19130582,0.011406546,0.011454223,-0.16256660126845113,-0.18524170785204352
3354,0.4444957,0.15256011,0.0137638785,0.006489223,0.43372020733184297,0.16983986190274622
3355,-0.15128721,0.09112499,0.022239543,0.01789629,-0.13271176790078987,0.11131639973338352
3356,-0.25676107,0.10416353,0.01231129,0.008731331,-0.24678393207708332,0.12522833911504608
3357,0.010274313,-0.035014883,0.009746312,0.008173629,0.009442041767842909,-0.011209904312045882
3358,-0.046241734,-0.24814725,0.020817786,0.019783944,-0.04350582112264648,-0.1883924523305068
3359,-0.63327354,0.23671135,0.01882549,0.009697839,-0.6046466581951793,0.25201351146106166
3360,0.023677818,0.07079357,0.007760676,0.007128762,0.026311321401788868,0.09709546322179988
3361,0.22347611,0.08822979,0.009092667,0.0063769445,0.2209529811922856,0.11630412401005129
3362,0.0039053452,-0.009558746,0.033173844,0.028391222,0.02554034348784752,0.012231102408939886
3363,-0.06877624,-0.19224194,0.041854307,0.03962297,-0.0661345345226896,-0.1735601177982131
3364,0.6113417,-0.04858277,0.017182458,0.0054584835,0.6075420091087121,-0.028536383618127353
3365,-0.15420835,-0.22091962,0.014965659,0.016244488,-0.1647348603411512,-0.20579290138299108
3366,-0.05356867,0.14077887,0.0098864315,0.00958807,-0.0488537805784865,0.15921256989185498
3367,-0.07217609,-0.053563558,0.0084594,0.0077836444,-0.07191421249080288,-0.02673982556868959
3368,-0.21930537,-0.23667529,0.010518561,0.009807685,-0.21744330342503257,-0.20916645406392942
3369,-0.2690818,0.16707972,0.011560928,0.011324768,-0.2603767809819081,0.18273178932133055
3370,0.3586889,0.15138406,0.01788529,0.01029594,0.3785946669089194,0.1674398450252443
3371,-0.47387174,0.029521346,0.01411809,0.0077647828,-0.4723321936336183,0.06078013752410413
3372,0.0049577695,-0.01821376,0.0147227645,0.012873939,0.011210635899750495,-0.0029806613566315046
3373,0.038283747,0.05255449,0.008988943,0.007842288,0.0544667170048718,0.08390285863659543
3374,-0.053121965,0.0011217212,0.019346299,0.016076917,-0.03741842094566262,0.01921368690260234
3375,0.0070379903,-0.010156856,0.008863348,0.008171398,0.011563667983200208,0.009014626148051746
3376,-0.94270366,0.18090382,0.020328699,0.008838005,-0.948966322179779,0.20687302094623605
3377,-0.27703956,-0.19668573,0.021420524,0.016335912,-0.2646658889527766,-0.18400701380651305
3378,-0.13127606,-0.2878279,0.009150668,0.009651487,-0.12431324787832523,-0.25715316227787854
3379,0.08427867,0.11770299,0.0086010005,0.007698468,0.08571615134126828,0.13856264043937508
3380,0.032506205,-0.10243416,0.008725683,0.0073225736,0.03592312547987451,-0.0633576456920839
3381,0.17544875,0.22233236,0.021387735,0.02121564,0.1799456105519317,0.22685028558880496
3382,-0.09466173,-0.081539884,0.016852543,0.013802862,-0.08928658386458373,-0.05114834774221729
3383,-0.013172643,-0.1080715,0.009087352,0.0076341657,-0.01788730129206926,-0.0833052499912836
3384,-0.41624913,-0.5871363,0.012917881,0.0153826075,-0.4138765177922828,-0.5608420385424238
3385,-0.001963872,0.15894383,0.00858339,0.008884475,-0.002857085949709163,0.17259095032070518
3386,-0.14330833,0.13235365,0.016134791,0.013744339,-0.12703442816362864,0.14070450229115603
3387,-0.1277404,-0.47034195,0.013175686,0.021437565,-0.12286674748433474,-0.442545905553296
3388,0.029834561,-0.08200526,0.008143503,0.007818693,0.03445645528107471,-0.05831435851735471
3389,0.01452109,-0.042860918,0.008781106,0.0075062765,0.013062312693029425,-0.017679862155291198
3390,0.037751954,-0.064505324,0.009306936,0.008307419,0.045198795242806164,-0.03685559388233705
3391,-0.51453066,-0.7775565,0.010798919,0.015364116,-0.4945628233707619,-0.7434709472665949
3392,-0.19765918,-0.292459,0.036780443,0.03735931,-0.15299833291659792,-0.2669554585246721
3393,0.08263038,0.07174807,0.0083231,0.0071624154,0.07648742850222466,0.09005474555906132
3394,-0.56191105,-0.1473091,0.03670139,0.015241857,-0.5445482938868088,-0.11818994858315304
3395,-0.054921284,-0.72844225,0.010079641,0.023061791,-0.048332613019835775,-0.7048708760891661
3396,0.11840376,0.27613622,0.008183587,0.01054693,0.11803903323061683,0.2895444528884938
3397,-0.14140776,0.15342632,0.011754286,0.013371902,-0.1296746263469026,0.18034764234980072
3398,0.07421106,0.03471417,0.009357482,0.00751717,0.05798071705979311,0.040020235613576594
3399,-0.07506779,-0.10668761,0.00921906,0.008187651,-0.06129706596239363,-0.0843387952153513
3400,-0.09721118,-0.07568595,0.009063843,0.007231992,-0.09910126621161977,-0.05167243621367876
3401,0.11463864,0.195754,0.009370946,0.009404318,0.1188613787326403,0.20589874948497913
3402,-0.12576374,-0.1662057,0.008783942,0.0088668065,-0.1000234228823026,-0.12015981711338286
3403,0.076210454,-0.36143064,0.0073598335,0.010400456,0.06659587951068717,-0.29154988979298246
3404,0.043006055,0.20258978,0.011162196,0.011194105,0.04593556875816287,0.21460544783012925
3405,-0.0085620005,-0.08492489,0.008887452,0.0072897226,-0.00945025681218636,-0.06737831135374886
3406,-0.2638125,-0.21373284,0.010455919,0.007894513,-0.2545089194780939,-0.18176351662581414
3407,-0.022708628,-0.031286303,0.014281455,0.012310577,-0.01937320082484585,-0.013459185156476025
3408,-0.028874435,-0.12755921,0.011586028,0.010686765,-0.01631364919279247,-0.09588047780394435
3409,-0.041918144,0.07816596,0.009526471,0.009395227,-0.04332359320576657,0.1005807878682782
3410,0.21557854,0.05110129,0.009684921,0.0068515404,0.20676374519197777,0.07124708500014176
3411,0.0973037,-0.29246888,0.00861022,0.012161464,0.09096989738886511,-0.2691342235455165
3412,-0.03221131,0.06803678,0.0091181835,0.00847707,-0.02514209174572325,0.08900433902567444
3413,-0.05069279,-0.030800335,0.02369549,0.020423269,-0.03163446883899408,0.0010473126987216228
3414,-0.046279795,-0.04834128,0.008786897,0.0070547652,-0.04156142747564916,-0.028429293436075802
3415,-0.15909575,0.03165675,0.010299242,0.007884997,-0.1545392373846239,0.057592526289560055
3416,-0.180567,0.1571331,0.010823448,0.010679781,-0.17612212775696293,0.17554864723898916
3417,-0.44608623,-0.1063752,0.020108484,0.008435714,-0.42255350160019317,-0.08544873431794912
3418,0.020612665,0.004495538,0.0080363685,0.007015463,0.023706979498900296,0.02950962993290041
3419,-0.008180585,0.053415924,0.008272617,0.007536634,-0.006834269899724842,0.08121746122167542
3420,-0.31518173,-0.25723064,0.012132997,0.008741648,-0.3035419252943278,-0.22327710840426684
3421,-0.22955367,-0.72395605,0.012316234,0.024191063,-0.22852704617436279,-0.6884640827288148
3422,0.031505227,-0.56466395,0.0076650945,0.014989617,0.034588481490639686,-0.5397775080347039
3423,-0.27106482,0.42343995,0.009238313,0.015282857,-0.2798528530390251,0.4431552544687716
3424,-0.41253698,-0.31341732,0.030633336,0.024898605,-0.4000109311560907,-0.2788817079053729
3425,0.18091036,-0.062360957,0.013619363,0.010118489,0.1796215271594021,-0.03568362679941163
3426,-0.47821292,0.12090356,0.012804196,0.007620037,-0.46637805187298526,0.13874980194927464
3427,0.12408197,0.15157628,0.010271397,0.010573187,0.13235766090184248,0.17774649943739593
3428,0.26451617,0.08747807,0.012318942,0.007815054,0.25343817955529085,0.10407769933397423
3429,-0.02950358,-0.05974199,0.008214565,0.0067996755,-0.027738389660831905,-0.03507694182113965
3430,-0.02916205,-0.33966237,0.009368466,0.012097334,-0.02070127220039589,-0.30922981678271855
3431,-0.017686922,-0.022983104,0.009416885,0.0076471944,-0.01759952618858974,-0.004418723981617409
3432,0.06420323,-0.020612545,0.010073859,0.0083086835,0.06143195454803603,-0.001987450866535274
3433,-0.03291553,-0.12915778,0.009693658,0.00866047,-0.029248763116046485,-0.09307326760552592
3434,-0.11871791,-0.15482125,0.009197681,0.0075235576,-0.11662684461015418,-0.12805404930980838
3435,-0.2267968,-0.051942497,0.011436481,0.006795404,-0.22715113722285046,-0.028889990607921297
3436,0.016795605,0.13391194,0.009688109,0.009274924,0.02466012211653754,0.15749957511335072
3437,0.02687455,0.109010026,0.008277347,0.007574652,0.019642066682255353,0.12123321282533814
3438,-0.1707523,-0.10533181,0.013380257,0.009912535,-0.13433629960717508,-0.06758539979408876
3439,0.61662984,-0.10148334,0.02000613,0.0071540535,0.5990359136431752,-0.08010000151118371
3440,0.059380047,-0.31013516,0.012874808,0.017808758,0.055217725580874115,-0.3009028053784765
3441,-0.056626096,-0.06922179,0.0094601065,0.0077589154,-0.06434890135999785,-0.055904931684603726
3442,-0.1644147,0.2259593,0.011690899,0.016584072,-0.1652717670002113,0.23996773041129382
3443,-0.12981056,0.60072386,0.00799829,0.01628666,-0.12530657814701796,0.6147201909753154
3444,0.008370046,-0.00908655,0.012101905,0.01056349,0.01365713629625552,0.008880011823847489
3445,-0.059495136,-0.050720833,0.011197678,0.0087284865,-0.05311604436126906,-0.028095306466361367
3446,-0.05938708,0.06790079,0.013643705,0.01191807,-0.044543869861239746,0.08909832607444293
3447,-0.037728272,0.06985522,0.009999151,0.009122262,-0.030570279006899428,0.09658274725780684
3448,0.07300308,-0.22319892,0.011903551,0.015727615,0.07413684044695479,-0.19418996597475136
3449,-0.18606843,-0.17166223,0.009973069,0.007912355,-0.18611222392325044,-0.1410720902721225
3450,-0.5909401,0.3329281,0.023576735,0.01790579,-0.5383884008561529,0.33349823550090435
3451,0.03346037,-0.05117937,0.010700678,0.010070704,0.03508378674864636,-0.02589067056866152
3452,-0.027256884,0.33507895,0.0076635564,0.012446496,-0.025292384673606654,0.3506406278781365
3453,-0.33309096,-0.09162318,0.012431742,0.0066460697,-0.31843501692898707,-0.060412846964999115
3454,-0.30317652,0.15203258,0.013631593,0.010698331,-0.29027446664874734,0.16110544843188532
3455,0.08428092,-0.14181307,0.01038372,0.011102859,0.07470053436660051,-0.11021817425567709
3456,-0.007108969,-0.028273396,0.010289686,0.008242335,-0.009909425982913892,-0.005541256926973456
3457,-0.04720867,-0.14655042,0.008292244,0.0077236635,-0.04668657498117141,-0.12258113975368215
3458,-0.006779577,-0.013951731,0.020357668,0.017560642,-0.015272720172719684,0.007704502741142625
3459,-0.70628047,-0.3525873,0.023966478,0.014079229,-0.6809363610171639,-0.3198208416700375
3460,0.2811776,-0.23100767,0.015120785,0.015091675,0.2882993142239377,-0.20585449312899198
3461,0.2494422,0.02670687,0.025458848,0.014753722,0.24051568293343428,0.05647019892763844
3462,-0.3447777,0.13339184,0.01643809,0.011041783,-0.3411161088140557,0.15443572127731395
3463,-0.11251019,0.19153163,0.021785561,0.021815639,-0.10565193918573773,0.21232451730655902
3464,0.002109461,-0.045010656,0.0097082965,0.008409344,0.001255625997148363,-0.014866869758542529
3465,-0.80820143,-0.21759027,0.028151613,0.00982204,-0.8164024581086192,-0.20243652317070537
3466,0.33463913,0.22740765,0.013466946,0.009385296,0.3318103794180836,0.24361293222914085
3467,-0.5717439,0.23395094,0.017776733,0.010836944,-0.5378922025719721,0.2487561410700892
3468,0.26398236,0.18822245,0.012738284,0.009663123,0.2736971225444483,0.20891402936126813
3469,-0.12322618,0.48380506,0.0072294176,0.012540462,-0.11598674769310591,0.5106466839768509
3470,-0.19904603,0.0094236275,0.01622945,0.010195739,-0.1806959543185814,0.031158370753541477
3471,-0.35029197,0.15944481,0.02455755,0.017925348,-0.3367531863718028,0.18893554901902782
3472,-0.028503995,-0.024096154,0.010239539,0.008432656,-0.02545377329077925,-0.0015466550482777118
3473,-0.05574006,-0.00861279,0.0096601285,0.007930242,-0.05873620519412124,0.010661386588108304
3474,-0.31758332,0.24909607,0.011232807,0.013300571,-0.3063544701241574,0.2634418229382945
3475,-0.045042627,-0.18834937,0.010365669,0.01004366,-0.03791231386736787,-0.16426845273856425
3476,-0.06409425,0.050202183,0.010339477,0.0083734505,-0.05210108762662565,0.07598389315011315
3477,-0.4628573,0.2373193,0.032320566,0.02351778,-0.4278315135976638,0.2654939049203637
3478,-0.3250028,-0.1354253,0.024561277,0.0143926805,-0.2946167352077415,-0.10279055141792923
3479,-0.611213,0.1724847,0.01680671,0.0092459675,-0.5793724518617706,0.1780442824318896
3480,-0.061096877,0.124185115,0.009517143,0.009462821,-0.058666122621947966,0.14649850849448054
3481,-0.44218677,0.047908477,0.028227061,0.011923084,-0.37110707834185164,0.06680743715905833
3482,-0.19516544,-0.18376169,0.010350449,0.007912549,-0.18761495868385517,-0.16211619302531183
3483,0.08635,-0.016857088,0.009230991,0.007983862,0.07822176434737246,0.0059849228313172175
3484,-0.6730903,0.6868147,0.014061079,0.014484649,-0.6582106671873322,0.7035580765408931
3485,-0.0021368624,-0.05679167,0.009185987,0.007905302,-0.005369941660944676,-0.03131607647941521
3486,-0.63298833,-0.013783903,0.023107752,0.007523225,-0.6239876891100574,0.01299245070492633
3487,-0.26749665,-0.21642505,0.011140269,0.008424276,-0.2634759452955594,-0.18961622558822874
3488,-0.18193167,0.18305194,0.010300069,0.012607278,-0.1687988527963923,0.19452917257919405
3489,0.25957814,-0.21438935,0.010578248,0.0120706735,0.2598994160547982,-0.19022342843738255
3490,-0.4438398,0.5831616,0.031232616,0.0404938,-0.39792095614123,0.5741811653451772
3491,0.057420652,-0.104364544,0.014565697,0.014153593,0.07192209728093935,-0.08284603539157015
3492,0.40757042,0.18750122,0.018587979,0.011372136,0.3881231606557609,0.19633156349690586
3493,-0.03757014,0.034594215,0.008654777,0.007406287,-0.03369582731775419,0.05788815415145638
3494,-0.037108373,0.36904165,0.0074607683,0.01096687,-0.03163979014468807,0.3529565147710809
3495,0.019460134,-0.04395284,0.085249245,0.08250599,-0.025594091545215737,0.05184343294194891
3496,-0.013641169,-0.049094126,0.017548576,0.014321799,-0.0011814118586427388,-0.031912017255175604
3497,0.053117946,0.034506716,0.008447816,0.007382435,0.05371371109834243,0.05503556635037128
3498,0.008111706,-0.15334821,0.010765898,0.010484629,0.014302904233989291,-0.12557891052249817
3499,0.25473583,0.58931184,0.0117727835,0.020641243,0.2452864251591425,0.5704632942843056
3500,0.4658595,0.22592486,0.016086228,0.008530031,0.45663054146399557,0.24654357988914546
3501,-0.4581989,-0.16814114,0.089865394,0.06455612,-0.5253206439279772,-0.11528954741262569
3502,0.012226025,0.002212233,0.008156746,0.0070012,0.01101253997762183,0.02840397532444725
3503,-0.016614832,0.4120731,0.0073636197,0.010965483,-0.01377830025809539,0.4300646705086564
3504,0.20096245,-0.013357599,0.012550769,0.008046711,0.20025434170904272,0.006100194878913345
3505,-0.10723831,-0.0045774514,0.010141125,0.0071720676,-0.09713072118470917,0.015993803501531737
3506,-0.07362486,-0.063400336,0.011608062,0.009172057,-0.0626973742931494,-0.03993148083851113
3507,0.007268124,-0.006832429,0.008540369,0.006891444,0.007725641974777074,0.019342667484237443
3508,-0.11890873,0.20566252,0.008376417,0.012264139,-0.11523439996915111,0.2120919318886463
3509,0.008740805,0.0017422726,0.008014255,0.0070892293,0.00810528003695596,0.024408857487455
3510,0.4967203,-0.22185546,0.021042982,0.011801615,0.48938481830744573,-0.191932934019372
3511,0.100436114,0.03712067,0.009691651,0.007982792,0.09913781599634143,0.05818076165325237
3512,-0.0796867,-0.15186203,0.047230773,0.043535918,-0.04950087293834197,-0.077388898662557
3513,-0.04676222,-0.13085487,0.008763854,0.0080406675,-0.046417719416103086,-0.10921807629025156
3514,-0.03758473,-0.005452634,0.009085815,0.007331602,-0.036797156939696374,0.01789517854502076
3515,-0.1522155,-0.26742572,0.009037026,0.008517943,-0.1539578472309011,-0.23489896329502707
3516,-0.63739175,0.3562773,0.020646024,0.016400894,-0.6310383040956832,0.3825304795163802
3517,0.17873892,-0.2491096,0.011628802,0.013705589,0.17867709806147739,-0.22494048772263653
3518,-0.07217609,-0.053563558,0.0084594,0.0077836444,-0.07191421249080288,-0.02673982556868959
3519,0.20908801,0.012934814,0.016562972,0.010338581,0.20099525192090342,0.03122390014292669
3520,-0.01997753,-0.2989402,0.007984809,0.008160829,-0.016238069189835665,-0.27038752283507456
3521,0.015833242,0.061155513,0.021752436,0.018371198,0.03127926691673133,0.08451332758575587
3522,-0.29423434,-0.077533364,0.012119806,0.006986939,-0.29288192916363426,-0.05304194775244929
3523,-0.041037995,-0.10970578,0.008484342,0.0071748085,-0.032602943589423325,-0.08705777235209103
3524,0.20654504,0.12681499,0.009028993,0.0082536,0.21082878221491358,0.1552918146136335
3525,-0.0835384,-0.33962357,0.008124112,0.01027856,-0.08385597076101695,-0.29893748932088104
3526,-0.1497716,-0.109068334,0.011992837,0.009070593,-0.14222179267624013,-0.08401713358132859
3527,-0.03214172,-0.03566748,0.008944638,0.00738537,-0.026334716519527703,-0.005950026423075704
3528,0.05135123,-0.00597334,0.009062897,0.007229074,0.0479887818882173,0.017931690179448935
3529,-0.011171553,-0.038786136,0.02565372,0.022759018,0.01376569380056696,-0.02765106694604482
3530,-0.12731217,0.06849125,0.011847476,0.010426785,-0.09103915322672994,0.06658179006581036
3531,-0.057450727,-0.009694108,0.009740881,0.007496348,-0.058307460221170566,0.01080013053249702
3532,0.04932149,-0.24023145,0.009312131,0.011000391,0.05465505022426519,-0.22272479635799955
3533,-0.16171755,0.01190704,0.011376255,0.007305019,-0.15637517107042898,0.031455930755781875
3534,0.050093524,-0.06531776,0.008643667,0.007934467,0.051087107576076776,-0.043550478667606536
3535,0.031253934,-0.26719636,0.009229099,0.011665691,0.03597520914339887,-0.2385032045675606
3536,-0.5261081,0.37054646,0.0152248135,0.012909599,-0.513028106645117,0.3842440820492133
3537,0.023265915,-0.029913854,0.017038902,0.014830961,0.024114260056145954,-0.004841083873675906
3538,0.34563392,-0.37365782,0.011372367,0.011116596,0.35577467465264223,-0.3567910727068769
3539,0.0022881594,0.04839845,0.00853044,0.008535039,-0.0012401459018996626,0.07265956359469293
3540,0.004387934,-0.03456065,0.0082429405,0.007254302,0.008122992785081839,-0.011594324166372162
3541,-0.37600243,0.22927609,0.014522343,0.011841613,-0.36925665966622945,0.24495825364645787
3542,0.04917179,-0.019571707,0.010109499,0.008662597,0.041297642340525575,-0.007872113607146715
3543,-0.23866357,-0.35566962,0.013800212,0.020068074,-0.20658124811233686,-0.29376622623740917
3544,0.00042559626,-0.040578,0.008761963,0.0084939785,0.003425445927351721,-0.013182074064456602
3545,0.027910825,-0.008409598,0.008572871,0.007057859,0.02398781064511526,0.008931388237775686
3546,-0.049326364,-0.054041706,0.012837502,0.010807536,-0.03298599581560967,-0.038305811931350214
3547,-0.082060635,-0.09600599,0.016887238,0.013566497,-0.07989907825635563,-0.06347633262858918
3548,-0.19685195,-0.16909768,0.009681852,0.008209682,-0.177966902112459,-0.1351580246302163
3549,0.04380987,0.007396213,0.011849948,0.01036149,0.04859932137522071,0.02770425548464924
3550,-0.38870662,0.07202903,0.011950668,0.008332083,-0.37761628218405213,0.09944535430969553
3551,0.008405611,-0.014360719,0.01811009,0.01579132,0.0260812367425414,0.006876169684905073
3552,-0.22722448,0.57914305,0.0077028316,0.014977815,-0.22171525741243855,0.5845312849273442
3553,-0.12864077,0.34582213,0.01033051,0.01596785,-0.11699220363109471,0.3431345897235039
3554,0.007679652,-0.042056102,0.020860054,0.018344218,0.0360906204249201,-0.009991393648533024
3555,0.111917615,0.09581183,0.008436942,0.0072695613,0.11472234433603849,0.12330456313202554
3556,-0.748654,-0.14046164,0.019928891,0.0061340705,-0.7488212590606746,-0.11669217535173365
3557,0.47284707,-0.114575684,0.022434575,0.009808157,0.44798971061901527,-0.09114616542214585
3558,0.1194384,-0.13760856,0.008900448,0.008349408,0.12007197876155672,-0.10937095133125001
3559,-0.51224124,0.32285893,0.016215727,0.011798628,-0.4923786424209737,0.33606036013008217
3560,-0.44981986,-0.1375755,0.026126502,0.012247121,-0.4014459656222773,-0.1020223112273094
3561,0.059406675,-0.8342666,0.00700843,0.018409261,0.06469414301225605,-0.8217636314437373
3562,-0.014661659,-0.036015343,0.010635927,0.009007827,-0.013544437760251264,-0.012902370362351654
3563,-0.3409289,0.13162997,0.014023701,0.0100091975,-0.33333246225134094,0.14515139688027928
3564,0.37761572,-0.05864411,0.0122638345,0.006194828,0.3786999881867067,-0.036907583294692604
3565,0.038156092,0.092425846,0.01014797,0.008933878,0.03284985513721522,0.10549924071037055
3566,-0.1965333,-0.13859747,0.012647415,0.009492735,-0.16060658564097693,-0.1108196811925973
3567,0.06001981,0.17785037,0.007970499,0.008101336,0.06181373431363245,0.20654881321375476
3568,-0.5004433,0.10668312,0.0131943915,0.007682246,-0.45762194019190694,0.11841870604889936
3569,-0.011016937,-0.02297894,0.010704335,0.008651767,-0.012330601417092217,0.006074850255191631
3570,-0.24927594,0.079076976,0.010433151,0.009722522,-0.2438919375935704,0.10247318758744554
3571,0.25915477,0.8673446,0.008198367,0.018119387,0.25102119365443254,0.8665673435836704
3572,-0.02349543,0.31413168,0.010052379,0.013129116,-0.015523923440484763,0.2923413105609995
3573,-0.07010641,-0.009399601,0.010474205,0.007789497,-0.06428485420727757,0.005785363849082492
3574,0.097028196,0.10722361,0.016767206,0.013990735,0.09107608953992036,0.12387221019699594
3575,0.14428002,-0.38308018,0.008483042,0.012344823,0.15035012263935463,-0.3664397073262966
3576,-0.060179695,0.084566295,0.018908547,0.016574182,-0.03972963227333622,0.08474304220735018
3577,-0.08515932,-0.030687667,0.009094439,0.007334915,-0.0819696672803052,-0.007333420073196568
3578,0.09862299,-0.0007069865,0.009866955,0.008497392,0.10375817443344591,0.022820967543747885
3579,-0.023181997,-0.010663294,0.024077972,0.02050067,0.003000473468757592,-0.004716772791376027
3580,-0.45937493,0.5110169,0.016057253,0.021467436,-0.4583846103218386,0.5345736831310487
3581,0.20548528,-0.0010785619,0.011556922,0.0073287645,0.2064787688323238,0.021746369117536753
3582,0.004455928,0.12055264,0.0098136,0.009416797,0.0032383777981612664,0.14008997813899907
3583,0.28838634,-0.254953,0.013092151,0.013426653,0.2905601246890794,-0.2292731284278373
3584,-0.053456746,0.038043164,0.008553961,0.0085051,-0.04533316660295672,0.05302311598900838
3585,-0.36722022,0.15328738,0.011303062,0.010917178,-0.36369623304770554,0.17685529241256087
3586,0.08140752,0.27661347,0.0084076235,0.011506908,0.08141988441931397,0.28377698463023143
3587,-0.460824,0.18778384,0.01738387,0.009795608,-0.4483854582601622,0.19930384779522478
3588,0.4472014,-0.29258883,0.022230685,0.015466751,0.47336090413498233,-0.27927599152351157
3589,-0.2649672,-0.26011595,0.011323924,0.01199552,-0.25660705095963326,-0.2252523909172144
3590,0.013928015,-0.025707506,0.012597385,0.01110497,0.02390112671809982,0.0030303674976316967
3591,-0.1965333,-0.13859747,0.012647415,0.009492735,-0.16060658564097693,-0.1108196811925973
3592,0.4017713,0.061812855,0.015946973,0.0064428556,0.41332787215874073,0.08249510287763592
3593,-0.748654,-0.14046164,0.019928891,0.0061340705,-0.7488212590606746,-0.11669217535173365
3594,-0.010200728,-0.24031469,0.013940824,0.014825177,-0.0038009662702120847,-0.2344629282828596
3595,0.10782566,-0.1605617,0.008535521,0.008888006,0.11074446536654106,-0.13928929472090232
3596,-0.36886603,-0.5134951,0.00947782,0.012792678,-0.3715248082915517,-0.4919339064924343
3597,0.07202229,0.06559321,0.009353586,0.007804546,0.0786069710309476,0.0902934366606224
3598,0.5518129,-0.28761777,0.024208764,0.014268426,0.5442248755384936,-0.2536549055059023
3599,-0.0023172875,-0.042158686,0.014110684,0.012465735,-0.0026460045672255347,-0.025354857625656684
3600,-0.4175954,0.048952743,0.03226886,0.01482545,-0.37323307323456273,0.08619574450895119
3601,-0.030978046,-0.22555318,0.008753219,0.008358969,-0.030168966835885932,-0.1954494778081605
3602,0.03638184,0.2233125,0.0076988093,0.008509872,0.04301213018093242,0.24821248021207104
3603,-0.06215691,0.10113686,0.014287919,0.013272051,-0.03587381972349417,0.11512908161531983
3604,0.025775012,-0.0072737234,0.016745754,0.014464323,0.03387896675552087,0.0033850178162087136
3605,0.16773875,-0.11968761,0.009474514,0.009768396,0.17394514097793212,-0.1011838723028848
3606,0.21407636,0.18600875,0.009598733,0.0076779723,0.2154980435251236,0.20756572382415478
3607,-0.7073443,-0.4385417,0.024163969,0.017530808,-0.7115198950287017,-0.40437697201064665
3608,0.011824293,-0.031971257,0.011173867,0.009440789,0.020274256649544357,-0.012565077322599432
3609,-0.06898928,-0.1099283,0.008517793,0.007222752,-0.06458260798484992,-0.08258241076235699
3610,0.060832746,-0.010161691,0.019827336,0.01666322,0.06120278531511536,0.01663731277408551
3611,-0.036841728,-0.40960085,0.00747982,0.010944626,-0.035329802638379995,-0.3686377475811201
3612,-0.17389986,-0.057327487,0.012274667,0.007990552,-0.16851389639819433,-0.0359372905995653
3613,-0.142473,-0.0056061083,0.019565044,0.014216872,-0.1394726813273207,0.021530199770718923
3614,-0.2754486,0.21248367,0.016005635,0.017561026,-0.2713619887603448,0.23452974597329637
3615,-0.25774518,-0.14878367,0.025831359,0.018702585,-0.26959907728225263,-0.149713682241033
3616,-0.08777842,-0.2575125,0.008455737,0.008072751,-0.08065893227541063,-0.2251916514521768
3617,0.098031744,-0.051918536,0.010747854,0.009503598,0.10194251911561959,-0.03055536459047017
3618,-0.46675354,-0.07304234,0.027172694,0.010709214,-0.4674496307061384,-0.05160101431908827
3619,-0.3390618,0.14602283,0.014139364,0.009666933,-0.3156782760584304,0.1643736588987979
3620,0.25201473,0.36076495,0.015254519,0.019020427,0.23729740273296782,0.3599115412174279
3621,-0.30744433,-0.49320126,0.011860198,0.015797595,-0.2938618760098116,-0.4511561846789841
3622,0.1319821,0.1905703,0.010086604,0.011198274,0.13621755581422212,0.2094723562403384
3623,0.032561716,-0.064780675,0.014219637,0.013017647,0.042049089129808814,-0.043821602604773566
3624,-0.005755548,-0.023629442,0.010658573,0.008536768,-0.0025185642942524944,-0.008979509345581607
3625,0.24790211,-0.24456462,0.017545182,0.019058727,0.19854462974207351,-0.17745290634726046
3626,0.0015141186,-0.044955146,0.00912917,0.0079041235,0.004629356420694417,-0.012178014766061137
3627,-0.042451646,-0.025463931,0.008781106,0.0072876536,-0.03228188157016512,-0.002751054525804649
3628,-0.021945126,-0.043455094,0.008175902,0.007065919,-0.019151547647350477,-0.013944382310879026
3629,-0.0788122,-0.14752272,0.010813072,0.009524313,-0.08531520503320676,-0.13445858151735923
3630,-0.24498044,0.24810559,0.010409321,0.011058333,-0.23749597450903706,0.2674726525444332
3631,0.10396215,-0.06548583,0.009929633,0.008418533,0.09014172198789609,-0.037794918818968806
3632,-0.012142273,0.011534876,0.008848815,0.007642665,0.002701092970820695,0.034717972048794336
3633,0.1843088,0.17918563,0.008919827,0.008472595,0.1869766154343348,0.20013414696284426
3634,0.24879114,0.029105745,0.010347027,0.0065967785,0.2551219464279654,0.052696534300688117
3635,0.015675196,0.0036472818,0.010317058,0.009135101,0.027643720800146404,0.028205887578571842
3636,0.0051268195,-0.017984387,0.012384175,0.011124946,0.013822202365550287,0.005922025338623007
3637,0.0838393,-0.073623806,0.011275126,0.010535072,0.08594797169788874,-0.056258666005925446
3638,-0.24732114,0.22735369,0.011975522,0.016218789,-0.23049799282797992,0.22652374564011848
3639,0.06158397,-0.08689108,0.008106492,0.008054603,0.05321907748852275,-0.058523823287453494
3640,0.2887831,0.2740456,0.013114739,0.011304914,0.28549298551877667,0.29572265018913374
3641,0.27170312,-0.12848689,0.01954318,0.013963601,0.2965624098919145,-0.11183294932851656
3642,0.06453049,-0.555962,0.007800538,0.010609122,0.06279759213293448,-0.5323527154177112
3643,0.38944858,-0.6596421,0.023647292,0.03766508,0.41634640645111426,-0.6780868471472443
3644,-0.03222151,0.32451838,0.00901328,0.012381231,-0.030216501604833943,0.33147664785495284
3645,-0.2178075,0.03990098,0.01440461,0.009450706,-0.21673946415249182,0.06642270963352967
3646,0.016496286,-0.08797475,0.007888183,0.0072476766,0.016147930279709767,-0.06157150969544942
3647,-0.055569254,-0.04858474,0.01119544,0.00917986,-0.05064571757860782,-0.0337655814612118
3648,-0.07661973,-0.051720876,0.009616916,0.007790732,-0.06616057399748518,-0.025283913485958986
3649,-0.120221704,-0.010902912,0.01571875,0.011809744,-0.10191843568633548,0.023738365785266606
3650,0.07300308,-0.22319892,0.011903551,0.015727615,0.07413684044695479,-0.19418996597475136
3651,0.422036,-0.68606496,0.0137964515,0.022509571,0.4000818116553467,-0.626162039710134
3652,-0.008951049,0.030078948,0.012208252,0.01113447,0.004939277611329858,0.05220842477198179
3653,0.3196018,-0.16552371,0.021745205,0.014956936,0.3343113140180174,-0.14797015367749894
3654,0.08394949,0.0066391965,0.010702919,0.009140462,0.09768424792487844,0.029634032771713614
3655,0.09638986,-0.29978582,0.012495438,0.014581569,0.10896987779400077,-0.25741434917614936
3656,-0.44492477,0.06853796,0.017063163,0.013895237,-0.43814741456104733,0.0972734181516451
3657,0.2210744,-0.26115966,0.014359133,0.017415252,0.23295427220544407,-0.2419515818209558
3658,0.41179946,0.058589555,0.011514498,0.006242752,0.42195389333980504,0.07713124436281245
3659,-0.15024552,0.29589438,0.0083138775,0.0105899675,-0.1459309582030225,0.32319778944350386
3660,0.023415528,-0.070050254,0.008482214,0.007698087,0.02439802611284425,-0.04513106773069359
3661,0.4683787,-0.41782,0.018978382,0.021459565,0.45655156812645165,-0.37463034307630655
3662,0.17698209,-0.082021944,0.015353487,0.012619219,0.18659733643923138,-0.05977257207741818
3663,0.14144772,-0.055372186,0.013684629,0.010867221,0.13047083169676532,-0.03384429284734675
3664,0.18887888,0.6388816,0.008296972,0.0175692,0.18682688121240823,0.6551914291645954
3665,-0.092915,-0.058271103,0.01021464,0.0075140777,-0.09742527281930245,-0.03511595673944401
3666,0.2647699,0.23289469,0.009466248,0.008793446,0.2605155606898934,0.2506397742476814
3667,0.41935247,-0.10772109,0.023426643,0.011096764,0.3188287400967386,-0.07312701132774732
3668,0.583814,-0.02370758,0.018868776,0.005612475,0.5611773490739212,-0.005769543436608691
3669,0.020128898,0.011627353,0.009398816,0.008122455,0.020750143546752628,0.030188434557018914
3670,0.0035449439,-0.015721258,0.013450126,0.011907837,0.014376666534273688,0.0037302124544467026
3671,0.3211035,-0.20114224,0.014532212,0.0120042935,0.3058579989530907,-0.17265206968206342
3672,0.39773208,0.40687364,0.011122584,0.012022431,0.3914794183963667,0.42921891281414426
3673,0.107045785,-0.044346966,0.0099877035,0.008455164,0.1092623245408693,-0.018198171268542476
3674,-0.1996925,-0.56913334,0.048148114,0.062199425,-0.18050372784000457,-0.5349314052722064
3675,0.05733838,0.1406878,0.008144568,0.007952762,0.0601594083232816,0.15836496642518294
3676,-0.028619125,-0.058618367,0.008064514,0.0075807637,-0.02423179694809698,-0.02366547539656216
3677,0.19924952,-0.07464225,0.0122612445,0.009615954,0.19126395449211933,-0.051732982735607655
3678,0.12018765,-0.054036714,0.011082383,0.009222401,0.11838826690257696,-0.026261471779283715
3679,-0.55070895,-0.53614485,0.014645467,0.013999624,-0.5482864972289948,-0.5061932413565721
3680,0.072667904,-0.30796683,0.008200731,0.009786748,0.07291340187696144,-0.27920750651840137
3681,-0.14797677,-0.009838619,0.010022403,0.007338098,-0.13804452232507075,0.017570070325744255
3682,0.20780848,0.08980576,0.011900605,0.008328226,0.20620620438930443,0.10931942229796736
3683,0.5869233,-0.23401703,0.015304766,0.0076141288,0.5782361228195935,-0.2096174219711118
3684,0.047715783,-0.2817961,0.011402069,0.014858061,0.061468492412271265,-0.265415628136059
3685,0.010362696,-0.055312388,0.008928452,0.007886428,0.005369250762510595,-0.03978977009464301
3686,0.08465389,-0.15684824,0.009908622,0.009927507,0.09950314448140526,-0.13235153388158272
3687,-0.12509194,-0.06249191,0.011376727,0.008209575,-0.11382549575453363,-0.04178792373830783
3688,-0.019033277,0.0500834,0.00977854,0.008628932,-0.0076384309581905944,0.07475368231515496
3689,0.032517243,-0.17639902,0.008617194,0.008231313,0.039868440536878734,-0.14728644638951466
3690,-0.07403809,0.06041701,0.010651967,0.00990074,-0.06859522014658126,0.0849588204185555
3691,-0.09314078,-0.23761228,0.008877053,0.008167673,-0.0951668283845449,-0.19760540703033416
3692,-0.28464866,0.71068215,0.006951845,0.015273291,-0.27317277152897995,0.706245257645525
3693,0.042749096,0.004890195,0.011099479,0.009519745,0.04570045594835574,0.027781866718728523
3694,-0.038367566,0.39798954,0.0076977443,0.010613554,-0.03152881530920262,0.4276771950535443
3695,-0.26168716,-0.013544069,0.0124308,0.0068182787,-0.2518342996680341,0.010868375219424891
3696,-0.05026615,-0.054506473,0.008507037,0.0071095517,-0.049830742790021934,-0.036000918891643835
3697,0.031093445,-0.10647584,0.008874573,0.008588385,0.03407095716011688,-0.07955939302084829
3698,-0.39321053,-0.20141083,0.01212122,0.007847982,-0.381835916830979,-0.17273116691184645
3699,0.08618278,-0.06881556,0.0104410555,0.009109726,0.07908226064548245,-0.044664715427221564
3700,-0.01308044,-0.03838787,0.011278071,0.010013898,-0.005897439427722969,-0.018718153198244204
3701,-0.03847202,-0.038545445,0.013484116,0.011519442,-0.0348451483906738,-0.015041077017972722
3702,0.03141698,0.24856599,0.008115007,0.009573401,0.035629375986066324,0.27292972444169056
3703,0.4495039,-0.12061449,0.021154681,0.01004943,0.40107724507862585,-0.09221762773611585
3704,0.11260757,-0.8340826,0.007419355,0.019411515,0.12133922471415798,-0.8156384987604004
3705,-0.005859529,-0.08212268,0.008909193,0.0072178137,-0.012365751506352416,-0.05942072116259402
3706,0.054011405,0.62884796,0.008232655,0.015749298,0.05559095242624212,0.642579007561717
3707,-0.78223944,-0.12610114,0.030061465,0.00884361,-0.7423268457701205,-0.10244533606058805
3708,-0.543334,0.03925567,0.01757915,0.0069976496,-0.5230070317648009,0.06367584626803871
3709,2.9657967e-06,-0.04226743,0.008352064,0.007373595,0.003003491326182399,-0.01777215937562173
3710,0.044530056,0.13449794,0.0075984886,0.007193776,0.045480429995666476,0.1524792891450099
3711,-0.14641248,0.30013946,0.014322001,0.018574148,-0.1206385502851872,0.2922139085991415
3712,-0.10455348,-0.23628092,0.012697912,0.0127866,-0.09956197272256294,-0.20117791972344445
3713,0.3214071,-0.13784674,0.020542672,0.012797258,0.2949613670162523,-0.1067174007122629
3714,-0.26699758,0.07205873,0.013454007,0.007942869,-0.26117922035426744,0.0911412198664026
3715,0.056544848,-0.068018146,0.008367196,0.007486813,0.05446479584485715,-0.04704778877449001
3716,-0.8554776,0.2039548,0.018739853,0.007889694,-0.8427244209200236,0.22649571419103828
3717,-0.07863946,0.18199076,0.008236912,0.010522688,-0.06666911155427033,0.18087520843757984
3718,-0.48603064,0.47959033,0.015829874,0.020865185,-0.4080739767600624,0.41877190942692655
3719,-0.1831454,-0.00712102,0.011334061,0.0076680933,-0.16533606218140776,0.018731512241714477
3720,0.032517187,0.005470111,0.01734064,0.014579318,0.027699992282587755,0.020822114433835533
3721,-0.15671758,0.16025409,0.013668047,0.015498073,-0.1513754043243445,0.17777327976210322
3722,0.03468979,-0.29812983,0.008216694,0.009924492,0.03843386864320487,-0.2708651052644475
3723,-0.89329666,0.22624451,0.03045886,0.011166773,-0.8778243669900734,0.25060328178031765
3724,0.046073254,-0.022940457,0.008449116,0.007488869,0.049233736907098306,-0.0003713859546546021
3725,0.015304156,0.25663954,0.007699282,0.008761901,0.02086104875754804,0.28320996782070146
3726,-0.013177689,-0.042395853,0.010656332,0.009232118,-0.015524241990852967,-0.02414926261852468
3727,0.2646159,-0.036001187,0.017261786,0.009812743,0.28680871501472,-0.018733987767544976
3728,-0.01496719,0.008524365,0.0101738125,0.0083674,-0.012152910903808612,0.027123254410310365
3729,0.13642424,-0.49480295,0.00802206,0.0127828745,0.13488999253423925,-0.4704495978848628
3730,0.18163757,-0.109814145,0.010831703,0.009042109,0.16691858021996703,-0.08307643434056029
3731,0.05413532,0.17914562,0.008142676,0.008387348,0.05656292014485656,0.19564165871865438
3732,0.016043076,0.047638938,0.010494731,0.009026384,0.024203150867094486,0.0673037243725862
3733,0.07020753,0.35218334,0.012298219,0.017960267,0.08940762049687098,0.3808734341610883
3734,0.16046865,-0.09488407,0.012216966,0.009667995,0.15127195134690835,-0.06708466038065891
3735,-0.07688372,0.012955501,0.0094362525,0.007706733,-0.07307703554712754,0.0262179188034379
3736,-0.072594464,0.2591566,0.008434221,0.01172674,-0.06333989508565284,0.26721245753336803
3737,0.031773295,-0.048286885,0.0085182665,0.007265917,0.03205623876017646,-0.0199688368849257
3738,0.2539199,-0.04365422,0.009905907,0.0076816482,0.25200861465777097,-0.016492629091217847
3739,-0.025642741,-0.0036420384,0.018495297,0.015639624,-0.009549535010414547,0.018162446435001256
3740,-0.038254026,-0.009199911,0.010680864,0.008307595,-0.04089830698286619,0.013138026738414818
3741,0.01466177,-0.08912415,0.008383627,0.007813484,0.012010611396534884,-0.06686778384814629
3742,0.045280345,-0.14738813,0.010809651,0.01176082,0.04852464035028144,-0.11675767284226003
3743,-0.08327501,-0.14656734,0.009153031,0.008058502,-0.08345390340421988,-0.11108925088665506
3744,-0.025318403,0.0338602,0.008524057,0.007379631,-0.0187892163371392,0.060144048035133804
3745,-0.003896806,-0.07729214,0.009763784,0.008552316,0.008426072582965693,-0.05028727879368919
3746,0.03857539,0.0023992052,0.009138029,0.0077811624,0.03762663501529901,0.02099455779915091
3747,-0.6016248,-0.3973326,0.017510625,0.014657199,-0.5891491477127622,-0.3653176942480908
3748,-0.22521162,-0.23718724,0.015281168,0.015441468,-0.2280899307273395,-0.23004390166781621
3749,-0.04706921,0.04714007,0.008703586,0.007748571,-0.04939761467757034,0.07118189231693017
3750,-0.20914488,-0.30070293,0.0103958715,0.009255125,-0.20244735587064072,-0.2764043400217214
3751,-0.114030704,-0.24758786,0.009505216,0.00997404,-0.10446552785246448,-0.214434122527081
3752,0.68919086,-0.27972293,0.029649442,0.014036267,0.7383540370202278,-0.2715791310624121
3753,-0.24026655,0.16525412,0.016574698,0.01625799,-0.20165493768133208,0.15779820986254495
3754,-0.11871791,-0.15482125,0.009197681,0.0075235576,-0.11662684461015418,-0.12805404930980838
3755,-0.058234707,-0.0750834,0.008512474,0.0074065165,-0.052243016490414074,-0.04316436033762283
3756,0.008673497,0.0022330722,0.0102406,0.008396891,0.01178908119056286,0.022065664137906695
3757,-0.034711488,0.07367446,0.015361587,0.013460771,-0.012831770943296919,0.0886222019085994
3758,-0.12468831,0.10434153,0.013816907,0.011480228,-0.1096338931309556,0.11522507416780765
3759,-0.20013343,-0.070520386,0.012415847,0.011987688,-0.1822988171707642,-0.04232368944867805
3760,-0.0022346308,-0.0393409,0.008610456,0.0075321686,0.004372248354624102,-0.01740548783760697
3761,0.5358583,0.33619937,0.020997455,0.015688173,0.5066534358275999,0.34080329647414453
3762,0.18236525,0.37933165,0.009001348,0.013645445,0.174984929516193,0.3930853965033486
3763,-0.010032497,-0.003274926,0.011722003,0.010347151,0.0003379019803996365,0.003916461021184977
3764,-0.12526149,0.6282445,0.0075942287,0.016360627,-0.12304706135914782,0.6545136814288397
3765,0.11096354,0.24224652,0.009743242,0.011166045,0.10420188289730761,0.25293959129893
3766,0.026716352,0.012588455,0.0094135795,0.008721421,0.04507061827689378,0.035754895632700866
3767,-0.05336857,-0.023466483,0.0112433,0.009371685,-0.03598496318222736,0.004480962045255445
3768,0.03780333,-0.05202075,0.0095639005,0.008338943,0.04141542017390667,-0.03039432565552561
3769,0.0025940281,-0.07799732,0.018095339,0.015991641,0.0010616626276389793,-0.05197297613603218
3770,0.16711189,-0.1444996,0.015210371,0.015469333,0.15659512393123434,-0.11238331180834478
3771,-0.2723898,-0.67387563,0.008623103,0.014045636,-0.2736168897776847,-0.6526036678632304
3772,-0.06991306,0.20964879,0.014313538,0.015230458,-0.06292304769051607,0.2191550487298091
3773,0.18878047,-0.10421262,0.012349441,0.011422482,0.24041867047325274,-0.09471078935616899
3774,0.009200271,0.038446717,0.009571457,0.008607427,0.02861224642394597,0.0492388881241325
3775,0.30896243,-0.3136479,0.012642942,0.013642965,0.29779633924417814,-0.28739491126228334
3776,-0.08834545,-0.106775664,0.010800335,0.008795363,-0.08238614397021497,-0.08401621686323978
3777,-0.002849517,0.386209,0.007399593,0.010067181,-0.0004841974620203202,0.4071614743177522
3778,-0.013400262,0.026810847,0.009027339,0.007746727,-0.010132395150893623,0.04878999651793002
3779,0.040942788,-0.001800322,0.010075629,0.0083247945,0.04073999186546369,0.018795624146958494
3780,-0.12138593,-0.037173793,0.010507234,0.0072359787,-0.12249509797518249,-0.014132029159545517
3781,-0.14345865,0.2830596,0.008286805,0.011051671,-0.14098422868028193,0.2916033223306997
3782,0.13519344,0.012711435,0.008227926,0.006655462,0.13363431912212867,0.03512102586390973
3783,-0.22534747,0.507861,0.0079226,0.015597901,-0.21175003295647948,0.5167168508335582
3784,0.015107324,0.14554183,0.008025962,0.00792428,0.011897449617155324,0.1677381579254178
3785,-0.2649672,-0.26011595,0.011323924,0.01199552,-0.25660705095963326,-0.2252523909172144
3786,-0.40946037,-0.091913536,0.012608452,0.0065639936,-0.4048802804177624,-0.06258658175290562
3787,-0.7328626,0.16971546,0.03511465,0.013639643,-0.7004519952237149,0.19450638076269597
3788,-0.1987084,-0.0075301463,0.00954796,0.008444521,-0.19461548283663965,0.01577500870815812
3789,-0.58733964,-0.35604596,0.018409865,0.010575648,-0.5686108826741558,-0.31973655183761696
3790,-0.5190901,-0.06473344,0.05527905,0.025039295,-0.4852961486232832,-0.023869591564373197
3791,-0.024046598,0.0014660126,0.008622039,0.007360611,-0.023948894313250937,0.024176448491300885
3792,0.22905158,-0.41066778,0.0084456885,0.012753097,0.2267008093324044,-0.38526785401430164
3793,0.49992937,-0.1808547,0.01864496,0.009371065,0.48909516942044756,-0.1600314736129861
3794,-0.4232239,0.03993579,0.012752643,0.007079546,-0.41212119240452266,0.0601751589271944
3795,0.078391775,-0.1979675,0.008909546,0.008711182,0.07999522807496187,-0.1705920991395895
3796,-0.6308112,-0.31579497,0.018589616,0.009496797,-0.6330963787356378,-0.29895524568442
3797,-0.17719643,-0.41434452,0.010751155,0.013645766,-0.16339679812807506,-0.37269338337772623
3798,0.10269424,0.040542465,0.010293579,0.008010085,0.10029271154147006,0.049883051259021725
3799,0.55630434,-0.64559263,0.025331933,0.029856972,0.5692247433921264,-0.6451411970238162
3800,-0.1389573,-0.19748992,0.0084719295,0.0076976395,-0.14110197924026283,-0.17271262317251532
3801,-0.17656823,0.18730748,0.010600306,0.011239639,-0.16703600322327067,0.2040810902299097
3802,-0.12163487,0.55396336,0.00961786,0.019172892,-0.11711957372783399,0.5785369027800696
3803,-0.031739343,-0.032519676,0.009823988,0.007710382,-0.02054454789665405,-0.022643573967273966
3804,0.013467561,0.0035746088,0.011289505,0.009209726,0.018763330271407114,0.025315272253542305
3805,-0.051643863,0.0026037423,0.018497169,0.015194702,-0.039765738986964366,0.013125459578622874
3806,-0.1972178,-0.12529856,0.010700443,0.008393285,-0.18931971151264976,-0.09593556257783831
3807,-0.16353504,0.10895888,0.012296336,0.010884864,-0.16246426726942395,0.13178032565918962
3808,-0.025642741,-0.0036420384,0.018495297,0.015639624,-0.009549535010414547,0.018162446435001256
3809,-0.031262252,-0.12971412,0.008917227,0.007809121,-0.03196504102923584,-0.10611759756107896
3810,0.07694435,-0.26549688,0.008043111,0.008814946,0.07550644792326769,-0.244472249099202
3811,-0.19634452,-0.14053005,0.011794932,0.0083603235,-0.19592281280508864,-0.12010496798378387
3812,0.18223159,-0.1844395,0.010254288,0.009387362,0.17994805439523634,-0.15239884893540342
3813,0.079023086,-0.042647406,0.010206852,0.009046894,0.07495175807758447,-0.02208630832005716
3814,-0.027578004,-0.048702218,0.009496242,0.007595805,-0.03368881004349102,-0.03129676789448498
3815,-0.022718985,0.04559137,0.017793832,0.015650688,-0.012584623025453212,0.07322709906590369
3816,0.18082337,0.45398775,0.008156393,0.011828295,0.17624362514671363,0.46485957669563055
3817,-0.43376654,0.41631073,0.017924165,0.019948738,-0.41049413820689673,0.42801637979913065
3818,-0.2321589,-0.8339194,0.005926818,0.013727392,-0.23787172523545197,-0.8294121919040993
3819,-0.059285715,0.28686717,0.008237385,0.011993518,-0.05355492075028644,0.3124500617536337
3820,0.2417619,-0.11896335,0.012732987,0.009677961,0.2545201973913702,-0.10068527591372407
3821,0.020770645,-0.047911353,0.009120901,0.008049753,0.015532065263105119,-0.02151692943530883
3822,-0.1011266,0.22408572,0.009168978,0.01316843,-0.09120044877881589,0.24177906455006543
3823,0.2152583,0.27636686,0.015210139,0.016046895,0.2168515611472881,0.28785268752094484
3824,0.61803365,-0.2244567,0.025815794,0.0116607705,0.5844184379576842,-0.1883411138452811
3825,-0.13679321,-0.21951695,0.0111426255,0.011633665,-0.12107912996847073,-0.17700716318479656
3826,0.15109627,-0.2893478,0.010847858,0.013774507,0.14256580714838638,-0.2518200163869286
3827,-0.013609864,-0.007279494,0.009451368,0.008881482,-0.0033115589248837543,0.01785903156770863
3828,-0.15985557,-0.8664807,0.0059212497,0.015677983,-0.1582209617459984,-0.843144168645661
3829,0.046930842,-0.31718394,0.0082291085,0.008746095,0.04454161711946642,-0.26870589346058377
3830,0.18034883,0.03948465,0.012392652,0.008001126,0.18480902914936953,0.062147788773134816
3831,0.057420652,-0.104364544,0.014565697,0.014153593,0.07192209728093935,-0.08284603539157015
3832,-0.4463176,-0.26977512,0.019366877,0.012784949,-0.4483241163579987,-0.25001746691801785
3833,-0.016504513,-0.063145965,0.013375789,0.011154155,-0.01739409276534437,-0.04376070573560172
3834,-0.17111367,0.08944486,0.017459666,0.014130906,-0.15648621231769153,0.1106335673741081
3835,0.075836144,0.03159327,0.008355729,0.00749986,0.06586970905231312,0.04737386618793445
3836,-0.078186214,0.19065972,0.012161851,0.01342797,-0.06273116130430859,0.18874729583527475
3837,-0.2267968,-0.051942497,0.011436481,0.006795404,-0.22715113722285046,-0.028889990607921297
3838,0.3252157,-0.11161212,0.018955804,0.011992225,0.3355486518815305,-0.09410212799966904
3839,-0.0579928,-0.05746167,0.009984162,0.007627823,-0.06357258266340561,-0.03680449323508163
3840,0.009778354,-0.05444008,0.011485626,0.010440566,0.008901686388828945,-0.03020720669823246
3841,-0.07332653,-0.04102524,0.017207652,0.014369994,-0.05084537931950229,-0.028426164576605205
3842,0.059721734,-0.02782236,0.015341746,0.01283066,0.06001966431144027,0.00028374317587991186
3843,-0.018253103,0.22816655,0.0077712038,0.009037706,-0.01351753238069408,0.25075333541114136
3844,0.067905866,-0.048189566,0.008870556,0.00824277,0.05938233584512946,-0.022825504341266963
3845,0.013703905,-0.027874872,0.008002074,0.0071099224,0.019893086378350845,-0.0001328726993346922
3846,-0.15704645,-0.09353056,0.010651497,0.0074571064,-0.15706814696103982,-0.07414757248846446
3847,0.32057983,-0.08081712,0.018761028,0.010650926,0.3376653625360179,-0.05234344698500102
3848,0.095352635,0.0146838045,0.009892452,0.008051615,0.09102025837213368,0.03465040703960629
3849,0.80794597,0.054670475,0.018773545,0.006095596,0.8054604639798062,0.07078072765166074
3850,0.093972296,-0.44200596,0.0071572214,0.010316914,0.08942427104887722,-0.42375353111416597
3851,0.19956332,-0.3268851,0.009735687,0.012229962,0.18631400507273596,-0.3062327902397324
3852,0.010274313,-0.035014883,0.009746312,0.008173629,0.009442041767842909,-0.011209904312045882
3853,0.00070330454,0.037107132,0.010417814,0.009252902,0.004468249100300177,0.038234668757600475
3854,0.18800518,0.331819,0.008753692,0.0116960425,0.19131516643791982,0.34592086762814206
3855,0.031023145,-0.3325616,0.008942394,0.011822469,0.03891590227193477,-0.30075407092373685
3856,-0.0030922084,-0.014480093,0.012584083,0.0107472,-0.0021596639574383066,0.005763827758252768
3857,-0.014854606,-0.021865845,0.0081398375,0.0077538956,-0.006167365305475329,0.002918513190588561
3858,0.41738957,0.7252395,0.013187686,0.021940473,0.4046728022358507,0.7345076178723315
3859,-0.16799217,-0.29381853,0.012243225,0.013546215,-0.1405655383854701,-0.26142158839053814
3860,0.030953553,-0.0013396004,0.009311304,0.008391479,0.033387603566257605,0.01715532293106219
3861,-0.5390203,-0.22476992,0.015398096,0.006776006,-0.5411099975155892,-0.20194796531043607
3862,0.10599473,-0.34980783,0.019369097,0.022599077,0.1418616096718302,-0.34757615698242905
3863,0.032581437,0.03194181,0.007899301,0.007065431,0.034452041601781634,0.06400077938353442
3864,-0.036731195,-0.15213154,0.010210511,0.009357238,-0.03923812577448919,-0.13022917225680847
3865,-0.54470754,0.0077945283,0.020741543,0.0075922273,-0.5190809401207189,0.03179502158348825
3866,-0.11766176,-0.24786896,0.010278831,0.010580952,-0.11339480419514356,-0.2199486710933336
3867,-0.071109146,0.039977513,0.015056669,0.0125667015,-0.06577202263971778,0.055191064730278704
3868,-0.035557758,-0.021515261,0.011268171,0.009439075,-0.03039315308214661,0.005991133026633527
3869,-0.050164238,-0.019858092,0.018678308,0.015727095,-0.045455833620580866,0.00418484761317874
3870,-0.040094595,-0.06311309,0.010189035,0.008105954,-0.038384078962747634,-0.04790344033585235
3871,-0.06121949,-0.065713204,0.018145563,0.014794926,-0.05187394015270628,-0.038001801261661014
3872,-0.089390606,-0.022812918,0.017110039,0.0138058895,-0.08299072453220001,0.0037513110545687673
3873,0.48508343,0.10769867,0.0387981,0.01901856,0.4930641384938889,0.12649824256231837
3874,0.019276066,-0.011943803,0.00945066,0.008186919,0.021734599006892143,0.011429874745632413
3875,0.8577721,-0.1850623,0.029563105,0.009105289,0.8458464579934999,-0.1593068848631734
3876,0.0109880455,-0.19770524,0.008154264,0.008181595,0.012384322874259565,-0.16634243957448308
3877,0.22694254,-0.6211224,0.017273972,0.031060643,0.2678119886862274,-0.5987639279155075
3878,0.13997631,0.09260327,0.008699212,0.006878624,0.13744206854940114,0.11876910340757288
3879,-0.018051475,0.05554892,0.011808011,0.010927575,-0.014301141183567938,0.08870041279488493
3880,0.03463531,-0.052226435,0.009585154,0.008510302,0.05087392108571847,-0.044458511872669776
3881,-0.06477682,-0.09138898,0.009249061,0.0069910316,-0.07026051803169775,-0.06960049762591251
3882,0.4932629,-0.04775441,0.02019354,0.0074702525,0.47144014062360057,-0.028708972175664035
3883,-0.047711376,-0.3068599,0.00784241,0.008832303,-0.048447059737981614,-0.28614218641131167
3884,0.16202077,-0.007866153,0.008534931,0.0071661025,0.1630550472446347,0.021491174515371886
3885,-0.01201367,0.023518376,0.01125933,0.009639948,-0.011949078475784976,0.03708652680073992
3886,-0.06436673,-0.16984084,0.0099892365,0.009150982,-0.06241546710555423,-0.15114989965883835
3887,-0.57954997,-0.17894362,0.026558554,0.01102146,-0.5692802702432297,-0.1486457880283937
3888,-0.069633864,0.5050062,0.047461357,0.052462384,-0.027103857687138758,0.4836840315260118
3889,0.45290396,-0.083421685,0.014965659,0.006758414,0.46175265070135235,-0.061267889315072176
3890,-0.5916666,0.52322024,0.019266667,0.019371318,-0.571421026547341,0.5441596635336657
3891,-0.2146212,-0.32304525,0.011886115,0.015452208,-0.21337856440919822,-0.2848211749369053
3892,0.18082337,0.45398775,0.008156393,0.011828295,0.17624362514671363,0.46485957669563055
3893,-0.5761029,0.08782882,0.019194165,0.00856371,-0.5350767206892834,0.10488116769100536
3894,-0.35729784,0.27335688,0.023272451,0.022403248,-0.3550527229777517,0.3052647315400507
3895,-0.036925726,-0.35883895,0.0077587836,0.008531006,-0.04044146892078033,-0.32707043029279387
3896,0.107976556,-0.093944296,0.008977483,0.007880324,0.11572864339130456,-0.06918328346571269
3897,0.2244885,-0.08291558,0.012793015,0.008676844,0.22404611917160305,-0.06053143940123257
3898,-0.12864077,0.34582213,0.01033051,0.01596785,-0.11699220363109471,0.3431345897235039
3899,0.04418696,-0.7487295,0.006740506,0.01599846,0.04707749162207595,-0.7345739177277038
3900,0.02854655,0.34424496,0.007506441,0.009238575,0.02467396092290805,0.3623489964475044
3901,-0.51272285,-0.39542478,0.01226772,0.009021681,-0.5196969775935828,-0.3734629410979495
3902,-0.10449896,0.009076542,0.008792451,0.0070161424,-0.10290890969507095,0.03147282927658467
3903,0.008893929,-0.036594406,0.008773424,0.007610685,0.007975937122790773,-0.013848929930975
3904,0.03266224,-0.48003247,0.016776582,0.02432823,0.04714807537190055,-0.47316014454696825
3905,-0.034470573,-0.004163594,0.009338233,0.007656324,-0.031738842949319446,0.020466057388696293
3906,-0.20612325,-0.7995181,0.0060228035,0.0151245445,-0.21046210582609556,-0.7883397619738265
3907,0.0040710685,-0.0077666426,0.007950629,0.0071201916,0.006140828538512784,0.015563974455329381
3908,0.003701761,-0.11692556,0.008895014,0.007362813,-0.002216535039804697,-0.0918410255335429
3909,-0.0325305,-0.02395507,0.009943206,0.008568598,-0.032506225954669433,-0.005667371656478722
3910,0.031605303,0.003884717,0.0077465996,0.00693792,0.03125236824495411,0.03152065083308413
3911,-0.45538622,-0.03749796,0.021594133,0.008438188,-0.45180569597714626,-0.014049205152095212
3912,0.24412312,-0.027306996,0.011670159,0.0072577377,0.23592944547014497,-0.00789138629300103
3913,0.5026331,-0.23697844,0.056553107,0.037448682,0.5043575608305937,-0.17178096451180894
3914,0.46313506,0.21305898,0.012903524,0.007768195,0.46617256628830733,0.24026230936334417
3915,-0.03668009,-0.040130153,0.008400059,0.007128517,-0.03921910388946404,-0.016996649970006866
3916,-0.00870114,-0.07275706,0.010397757,0.008846866,-0.007839498442334471,-0.06331584477351648
3917,-0.044077076,0.40660387,0.009833786,0.015639627,-0.030134322647402553,0.3749060779138404
3918,-0.009904303,-0.20934787,0.022122014,0.02163034,0.005722363143436407,-0.17274750562556457
3919,-0.055260427,-0.2111139,0.009035844,0.009282804,-0.04814627506971763,-0.1735030198917371
3920,0.070736974,0.08102968,0.008116189,0.00747281,0.06784595007619734,0.09728357744765373
3921,0.29988092,0.6045677,0.009527061,0.017729975,0.2972498467066243,0.6189422446748861
3922,-0.035739295,-0.03777971,0.011243889,0.008756259,-0.03164528357868899,-0.007102184499505145
3923,-0.03757014,0.034594215,0.008654777,0.007406287,-0.03369582731775419,0.05788815415145638
3924,-0.17498787,-0.5697501,0.010221132,0.019635271,-0.15021611822458478,-0.4903026678355644
3925,0.052356496,0.16655031,0.008767636,0.008990774,0.05637346178885962,0.1959278995780802
3926,0.064581424,0.015040598,0.010777927,0.008962673,0.06684825955075853,0.03107058820792942
3927,0.19074981,0.42101365,0.02157302,0.02821347,0.23660431134696563,0.43490913354733796
3928,-0.336418,-0.12609145,0.025464078,0.014807961,-0.30365931200216834,-0.10282815937423893
3929,0.006179333,0.016753934,0.008196831,0.0071134316,0.00691139777927679,0.03660562530831907
3930,-0.074116364,0.15939234,0.009600858,0.011082611,-0.06085595959883496,0.17097947358408577
3931,0.17407666,-0.1669127,0.00957689,0.00888963,0.1710746277945386,-0.12982494196010191
3932,-0.04711432,0.11537571,0.008142794,0.009345293,-0.042357434491634684,0.1374508395849336
3933,-0.53042585,0.27595666,0.025503585,0.017771564,-0.5431556004006055,0.3043449635018168
3934,0.10335316,-0.087154694,0.0116354,0.0105059035,0.10087540435447925,-0.06128061041792896
3935,0.18987659,0.23932314,0.07803656,0.0724359,0.22341675997839977,0.2965636629448099
3936,-0.0041408944,0.16053154,0.007946609,0.008217643,0.008462457553969323,0.17880563874103084
3937,0.27132174,-0.8133352,0.00838481,0.01871396,0.27211398055161523,-0.7903514244989651
3938,-0.010670174,-0.14389914,0.012366868,0.011543384,0.006779651397076313,-0.12063250938972547
3939,0.27337116,0.3077945,0.027890569,0.027634908,0.26945894055668945,0.31826091026723
3940,0.044530056,0.13449794,0.0075984886,0.007193776,0.045480429995666476,0.1524792891450099
3941,-0.13469112,-0.28522155,0.017656103,0.018720703,-0.10660729150368235,-0.24305038635432977
3942,0.009362314,-0.062059343,0.007957134,0.007401265,0.010018327402608747,-0.03877413430732983
3943,-0.6016248,-0.3973326,0.017510625,0.014657199,-0.5891491477127622,-0.3653176942480908
3944,-0.061451003,0.05052261,0.016853249,0.013505142,-0.042236076707886414,0.06603425435272318
3945,0.06380294,-0.13662434,0.019591464,0.01715001,0.08298306235527644,-0.08895534306989698
3946,-0.0899791,0.05665174,0.00873431,0.0075625973,-0.08546417796900502,0.08299680424325544
3947,0.016166871,-0.028876185,0.00888249,0.0073257103,0.012044078537236763,-0.0068414727285678895
3948,0.08658618,-0.6707157,0.011140151,0.02392531,0.09233122935088044,-0.6528963788911077
3949,-0.06360459,-0.03825111,0.011639996,0.008919444,-0.055178128472611165,-0.01872862395443988
3950,0.09887475,-0.10632698,0.0089641325,0.007873919,0.09800609193704404,-0.08017650538740641
3951,0.0916855,-0.43359274,0.008951019,0.014752636,0.09581107120466735,-0.4001658360646688
3952,0.25617653,0.30156654,0.010912952,0.013081216,0.27970389428454495,0.34988039513966307
3953,-0.014661659,-0.036015343,0.010635927,0.009007827,-0.013544437760251264,-0.012902370362351654
3954,-0.032632757,-0.029811673,0.009344964,0.007230626,-0.0344109861021765,-0.004934374221311703
3955,-0.3879913,0.46900636,0.011194613,0.01782725,-0.3717056112913289,0.47097284972352316
3956,-0.0852265,-0.017733388,0.008761963,0.007137025,-0.0860721544862843,0.001900636695036245
3957,-0.111704335,0.031719275,0.008722729,0.007487899,-0.11194256783182152,0.05143387271396365
3958,-0.02053452,-0.001301379,0.008770707,0.008285051,-0.015572261754738043,0.022891184837700945
3959,0.040851824,-0.013875001,0.008584573,0.007575896,0.04107892537865685,0.010854469104120698
3960,0.2700119,0.32931352,0.009804865,0.010815062,0.27482761915135967,0.34936696702797765
3961,-0.0113492645,-0.024439357,0.008903639,0.007518771,-0.0137092253574292,-0.0038169135325917102
3962,0.045306526,-0.03377325,0.009865303,0.008354228,0.045303213163755185,-0.01418388986179297
3963,-0.18132591,0.1690655,0.011534768,0.011448171,-0.1691782366903164,0.18320461039920904
3964,0.010280296,-0.3956386,0.05590692,0.0608572,0.03676755880231434,-0.3601431898556754
3965,0.35784566,-0.4247557,0.01199378,0.014268648,0.3887308719672854,-0.4387633759505477
3966,-0.21527416,0.060354076,0.009664968,0.007607318,-0.21458817593736842,0.08510276572105513
3967,0.09701187,0.0901175,0.008713985,0.007933629,0.10417250941158897,0.12810689554224877
3968,-0.025213253,-0.008506858,0.007963284,0.0070476704,-0.028238172835185937,0.020929630252980377
3969,0.52141213,0.01791446,0.020937685,0.0072935475,0.5132195661247162,0.03875087930473673
3970,-0.23851338,-0.32498977,0.009767561,0.012061113,-0.2436297721058122,-0.3056065112082268
3971,-0.10787861,0.1852985,0.008388711,0.0096400045,-0.09930735234258996,0.2058408860735245
3972,-0.00900319,-0.08039545,0.00861483,0.0074269357,-0.009190698913103739,-0.05371645148659418
3973,-0.093359545,-0.03307213,0.010529059,0.0078076925,-0.08937256171643179,-0.011727023173188867
3974,0.067538835,0.13646612,0.010067368,0.00921784,0.06774614537510848,0.1406850496673871
3975,0.11463864,0.195754,0.009370946,0.009404318,0.1188613787326403,0.20589874948497913
3976,0.09845416,-0.0663465,0.008679831,0.007668767,0.09687543730797117,-0.03951505777950575
3977,-0.085121095,0.08404049,0.010386315,0.00906064,-0.07555027765812602,0.10093676569067549
3978,0.2859137,0.5401858,0.012736637,0.021250691,0.2846117359747911,0.5573607912013452
3979,0.81393325,0.25039226,0.027728712,0.013729421,0.8182057535676059,0.2729314573188622
3980,-0.11502057,-0.004640647,0.01735704,0.01329187,-0.10471462787975941,0.016278278409845463
3981,0.21886322,0.021504119,0.012161851,0.0076594455,0.20806321628873464,0.04310568219222864
3982,0.13065027,-0.67025095,0.0066531156,0.014469641,0.1398579369833135,-0.6805236051177025
3983,0.15695192,-0.29669553,0.010051789,0.01234561,0.1580223351722355,-0.2589323808734349
3984,-0.16894133,-0.30181265,0.008960705,0.009900254,-0.1723728033730278,-0.28511707931966546
3985,-0.020983465,0.073216625,0.009072821,0.008419235,-0.02094007361649894,0.09365999361699398
3986,0.30039257,0.04237313,0.014237385,0.007302691,0.2972434000737644,0.060775133494515764
3987,0.023517411,-0.00038948748,0.009299731,0.0074611683,0.023618214840533086,0.0218211595527386
3988,0.21624435,-0.23565793,0.022022666,0.020376693,0.2272643633032891,-0.22143265101760878
3989,0.048126347,0.0030343449,0.011211236,0.009673349,0.04390668364614995,0.021544534898642234
3990,-0.033638623,-0.12722316,0.010886067,0.009503176,-0.024667333618976356,-0.0929133815288378
3991,-0.08377771,-0.027816556,0.015885495,0.012602884,-0.07353080785488297,-0.006386441097046445
3992,0.24709548,-0.11429937,0.014339038,0.01069558,0.23265066920892205,-0.09082418224567547
3993,0.14956158,0.46010828,0.0077122943,0.012534723,0.15013681613530971,0.4855830600403345
3994,0.0626039,0.05119428,0.007842883,0.0068771704,0.06816698899421407,0.07534300829478395
3995,-0.14855811,-0.18118404,0.009446881,0.008495276,-0.15377743904745517,-0.15682288635119462
3996,0.17583607,0.07434964,0.012211077,0.00873648,0.13805346591202627,0.0706044106762242
3997,0.0614585,0.039582774,0.011361405,0.009445434,0.07059577348444131,0.05869809471219137
3998,-0.36169267,-0.24365214,0.04308436,0.033598635,-0.3328469737525795,-0.18817279994389058
3999,0.015948124,0.37145007,0.007517917,0.009689619,0.01625961080988807,0.3913269155993187
4000,0.1710581,-0.21112898,0.011200744,0.014966461,0.16437926063080424,-0.18148080544224915
4001,0.21404712,0.03246385,0.011679705,0.0071643097,0.20080070192144153,0.04200763291951774
4002,-0.4819379,0.1362753,0.013397785,0.010485763,-0.4744584955217856,0.16184431123915644
4003,-0.19747026,-0.070726454,0.00989257,0.008445071,-0.19389887633116842,-0.049815448747251474
4004,0.59988654,-0.32782385,0.017447952,0.010355768,0.5911539787061242,-0.2981177999434402
4005,0.025129048,-0.41799828,0.011283612,0.016750652,0.03710331384207138,-0.3747263022931676
4006,-0.053662352,0.5911391,0.007761622,0.015247823,-0.04239355761433336,0.5770594970523656
4007,-0.020353388,0.020747691,0.01246565,0.01093711,-0.015692685885028795,0.043679371835848815
4008,0.019901529,-0.053298965,0.008776143,0.0078682145,0.028565766667551982,-0.029895850702177814
4009,-0.029404387,0.0370814,0.01584337,0.012714861,-0.006282245310229766,0.05456935544403891
4010,0.1251026,0.40062046,0.011783739,0.019901086,0.12129792177616586,0.4092924154087649
4011,-0.49257421,-0.11978216,0.013490232,0.007845942,-0.48283654599138254,-0.09310627260981917
4012,0.043990504,-0.087400965,0.012858097,0.012394059,0.054728025140243455,-0.0598774483115746
4013,-0.062342256,0.06830988,0.022414297,0.01881923,-0.053653763160773714,0.06604955241284627
4014,0.0021353518,-0.021025069,0.014951916,0.012471566,0.010027460780556545,-0.0005437565665166746
4015,-0.13081057,-0.055930935,0.008815611,0.006877578,-0.136020634667408,-0.02927512569130194
4016,-0.12893406,-0.097377405,0.008656903,0.007664556,-0.14372397379061166,-0.0816377541298427
4017,0.03512481,-0.07966363,0.008735847,0.008496656,0.03867086373039331,-0.0511870533279214
4018,-0.014774894,-0.03285835,0.0081789745,0.00709954,-0.00846442230720566,-0.007978788872072297
4019,-0.021945126,-0.043455094,0.008175902,0.007065919,-0.019151547647350477,-0.013944382310879026
4020,0.25674054,0.2515383,0.0116044115,0.011326016,0.2610597708961424,0.2708654633501672
4021,0.012967886,-0.021133639,0.011690545,0.010134669,0.007611276524327823,0.0023391358327836155
4022,0.15904142,-0.4926728,0.0109475,0.021457478,0.16395403787898422,-0.4701256523669823
4023,0.24098329,-0.14280637,0.013141566,0.011509125,0.2401278019940006,-0.11672451803720027
4024,0.008111706,-0.15334821,0.010765898,0.010484629,0.014302904233989291,-0.12557891052249817
4025,0.44450587,-0.48950925,0.022119451,0.023681613,0.4192541782423837,-0.4225706047108216
4026,0.106477164,0.18259934,0.008818565,0.009673289,0.10835024898910531,0.20914193537794956
4027,0.20032276,0.28519002,0.008911674,0.009455914,0.1951568222181521,0.3093057796442289
4028,-0.29228878,-0.7300501,0.008031403,0.015154379,-0.2814469184890707,-0.6975110547958909
4029,0.08720603,-0.35699517,0.012078938,0.016515777,0.09375821237555466,-0.3338202538775031
4030,-0.52751553,-0.114018865,0.0152769415,0.0065725525,-0.5375843915115495,-0.09125418260333401
4031,-0.7208489,-0.1142829,0.019617414,0.005954469,-0.7079270629387172,-0.0896003770400379
4032,0.24288478,-0.16473502,0.022451825,0.016811097,0.26071773552982047,-0.1370959677919667
4033,-0.3323624,0.38440138,0.011719292,0.018682033,-0.3229935989613337,0.3959218067582529
4034,0.10075624,-0.07544785,0.014333283,0.012863345,0.08694751777715964,-0.042117323517868115
4035,-0.020597659,0.13920134,0.009218115,0.009151354,-0.017650974125906185,0.16406398827330831
4036,-0.07299155,-0.019177303,0.00862003,0.007956108,-0.07986819826253264,-0.0012762683222431932
4037,-0.17111367,0.08944486,0.017459666,0.014130906,-0.15648621231769153,0.1106335673741081
4038,-0.06634061,-0.1747685,0.008955035,0.0080440575,-0.06615119209228801,-0.148395545993246
4039,-0.09231466,-0.043776162,0.011384624,0.008608628,-0.08693339164789457,-0.02875721290772686
4040,0.40552133,-0.29772413,0.029173108,0.022224586,0.4491671015012738,-0.2929674016730033
4041,-0.19217892,-0.112256266,0.011572595,0.008063435,-0.19075686427504568,-0.09264068435984063
4042,-0.37055942,0.28854674,0.014578854,0.015271745,-0.35311355710984066,0.30866208932723
4043,0.07011813,-0.00291475,0.008597219,0.0075155445,0.07827509525028217,0.020454166831805443
4044,0.010769624,-0.10115332,0.013587728,0.012968695,0.014550111684359355,-0.08600629797047724
4045,0.15912743,-0.23195258,0.009177484,0.015336508,0.15674964570672115,-0.21105786765026088
4046,-0.089607745,-0.19701745,0.008476305,0.00805901,-0.08251000128890462,-0.1678696482111321
4047,0.050304405,-0.26738933,0.00774175,0.008856418,0.05288466559463442,-0.2441334100212434
4048,-0.01997753,-0.2989402,0.007984809,0.008160829,-0.016238069189835665,-0.27038752283507456
4049,-0.16073407,-0.1304692,0.010243669,0.0077096825,-0.16176521644592395,-0.10639811149609306
4050,-0.3976072,0.012090593,0.01455195,0.00676989,-0.3951322531203529,0.03531083023563893
4051,-0.028014306,-0.00057067815,0.009413933,0.007463806,-0.030408838287359533,0.019462310408339557
4052,0.11208896,-0.10827206,0.019250063,0.016078707,0.15601762322039228,-0.08687654709483851
4053,0.12239184,-0.18590744,0.027704941,0.024056796,0.14275737980898265,-0.18944802434589952
4054,0.36692944,-0.8256546,0.0071689384,0.015166211,0.3738985754993116,-0.8187371442541762
4055,-0.06668876,-0.16497156,0.009593537,0.008258815,-0.06096756257200546,-0.13461651531798205
4056,-0.036925726,-0.35883895,0.0077587836,0.008531006,-0.04044146892078033,-0.32707043029279387
4057,0.041298006,-0.21953398,0.009459162,0.0107186325,0.055908119090920944,-0.18729240309332953
4058,-0.4042857,-0.4282176,0.015999533,0.018490164,-0.3887803890108328,-0.3914999813747062
4059,0.22888939,-0.1494523,0.011939478,0.010003205,0.2250148490106687,-0.12170708752362663
4060,-0.07944979,0.10168376,0.008699685,0.008294176,-0.07755651640432369,0.12654222976312793
4061,-0.5037983,0.38579476,0.01832887,0.016740164,-0.48406003798456215,0.38742317678583066
4062,-0.30711654,-0.1731101,0.012662716,0.008273779,-0.3070348493574826,-0.1462727897318835
4063,-0.11082934,-0.25483423,0.009524463,0.010696642,-0.0944822636808634,-0.18954872784978272
4064,-0.004338267,-0.060144126,0.015412652,0.013156602,-0.0017862365819473621,-0.03965503051915527
4065,-0.22594596,0.13797933,0.009646669,0.0083924625,-0.2201109182128042,0.16296258550770915
4066,0.26962703,-0.15189973,0.015968444,0.013005066,0.33121814585555454,-0.15317502850216122
4067,0.0066431467,-0.0034565711,0.008176139,0.007444182,0.012014749465653705,0.02136864096731159
4068,0.38475943,-0.47273493,0.009623646,0.01568749,0.3832453987744737,-0.44553691476606905
4069,-0.0641772,-0.39267257,0.013256506,0.017555483,-0.054461448168470136,-0.3394545097807229
4070,-0.08186233,0.12196808,0.009176656,0.0091641545,-0.06852041835469831,0.12379646118074375
4071,0.18404527,0.2157794,0.011818259,0.011983027,0.18879104603039973,0.23238968232003282
4072,0.25628647,-0.07347761,0.014958493,0.009648296,0.26372238900479855,-0.051689350505329246
4073,-0.24744652,-0.0122519815,0.011392167,0.007557677,-0.24027642308734384,0.018346816772993053
4074,-0.018087912,-0.26879838,0.010137468,0.010457637,-0.016570013920388565,-0.24430115979885175
4075,-0.05036518,0.04866969,0.010762362,0.009168869,-0.04549643233247688,0.07120630975518497
4076,-0.7405845,-0.25195527,0.025031436,0.011019683,-0.739401975747672,-0.22180177506130602
4077,-0.20887685,-0.13389751,0.014543608,0.010717714,-0.21137402597397412,-0.11721242374565831
4078,-0.013818841,-0.024141543,0.010008947,0.0080828825,-0.015110338887845971,-0.008040156917998252
4079,-0.06482877,0.056941267,0.015793381,0.013071842,-0.04577387646635556,0.07699992453189325
4080,-0.0136349425,-0.044726882,0.008136408,0.0071469513,-0.0153742185108239,-0.016562622075895556
4081,0.083888754,0.4927674,0.0072259856,0.010659462,0.08976016214133134,0.5102586969060733
4082,0.060141053,0.0125505915,0.009384056,0.008121128,0.06318498800763069,0.03895003974908901
4083,0.011357781,-0.10706068,0.008543797,0.008264955,0.017926042672358544,-0.08475311498188422
4084,-0.36325812,0.0864341,0.017543657,0.010647135,-0.3338176320835372,0.10064790823695814
4085,0.0973037,-0.29246888,0.00861022,0.012161464,0.09096989738886511,-0.2691342235455165
4086,0.0056004995,-0.0235155,0.014594831,0.012197499,0.008617989695676072,-0.004072774754211813
4087,0.29771134,0.65632087,0.008520511,0.015528905,0.2893715633412207,0.6671600132728968
4088,0.3206607,-0.16962388,0.014967537,0.009767838,0.3128909580917064,-0.13490964345919082
4089,-0.7782732,0.26165786,0.018496117,0.009124926,-0.7639799632462617,0.28165193450469167
4090,0.0006328379,-0.037894346,0.008558098,0.007493944,0.0027647578448016085,-0.011138701655330329
4091,0.12268553,-0.6159119,0.0075020627,0.018129066,0.12162898444002637,-0.5835089152536995
4092,0.025879689,0.2886338,0.009147479,0.012446006,0.029213642377144557,0.29720356898323863
4093,-0.6437435,-0.053645916,0.019521557,0.0062454185,-0.6256045703433158,-0.03563572194324387
4094,0.13162623,0.015577092,0.014320705,0.010290265,0.12372474260164784,0.027751955740066506
4095,0.4759107,-0.20287812,0.019205157,0.0104886,0.47111270453169085,-0.17979995773259574
4096,-0.0054428834,-0.099072136,0.008798832,0.007984171,-0.004459404491564734,-0.07489701176837744
4097,-0.03160829,-0.0061732912,0.008826482,0.0072627626,-0.024990266402575553,0.016976999040330145
4098,-0.0060454863,-0.0027249986,0.008039088,0.00719403,-0.00030826280478859466,0.02812408412729116
4099,0.090768866,0.2987374,0.009037853,0.011006295,0.09870452176540775,0.3181560383260561
4100,0.04274115,-0.027819112,0.007836023,0.0070284912,0.044753491285769074,-0.003024474614859569
4101,0.3717289,0.41941476,0.0133517925,0.01398281,0.372640713401517,0.4276486416261554
4102,-0.18405572,-0.00070490036,0.0136537,0.008927447,-0.18311604460956385,0.017064267029605756
4103,-0.021138538,-0.0049301023,0.008319316,0.007789786,-0.017624834311103933,0.012946491461450996
4104,-0.22044526,-0.26768327,0.018459955,0.017600775,-0.19526487675246665,-0.22569316737348877
4105,-0.101600066,-0.3776194,0.010763186,0.015199188,-0.08882928956611345,-0.3490174468282036
4106,0.2835276,0.18182999,0.01370744,0.012454516,0.26157321363241004,0.1844998778843073
4107,-0.1912813,-0.49330264,0.025577147,0.03501753,-0.16358719130430585,-0.4396205530905674
4108,-0.14769328,-0.110308655,0.009584092,0.0073999744,-0.15137499474480992,-0.09370432330285933
4109,0.07710803,0.022317484,0.008994614,0.008181595,0.07531187394991377,0.0393901492140309
4110,-0.46479696,0.61454964,0.013100621,0.019829229,-0.45615544679168935,0.633711735777663
4111,-0.09103489,-0.30228925,0.013840423,0.01544338,-0.09070873438330532,-0.2686638436406078
4112,-0.14177454,0.15275022,0.008760663,0.009890207,-0.1394029714076004,0.175531288781451
4113,0.1356824,-0.29306465,0.010962946,0.017292894,0.13016943842518322,-0.25324241752401133
4114,-0.5261081,0.37054646,0.0152248135,0.012909599,-0.513028106645117,0.3842440820492133
4115,-0.2603473,0.02995012,0.013541862,0.0075288564,-0.25090502671210774,0.048991959212154164
4116,-0.3501266,0.25939795,0.014093053,0.01623281,-0.33819708624466077,0.27114489679134474
4117,-0.04056968,0.33711475,0.007824786,0.010300124,-0.032887887243811996,0.3481122391653865
4118,0.4990549,-0.5475296,0.012237457,0.014972795,0.48867435551629096,-0.5146461974796728
4119,0.17908259,0.067866504,0.011774078,0.007919456,0.18581901872694448,0.08909203004704219
4120,0.34534872,0.75673664,0.009173348,0.016740793,0.33776563788969965,0.7731704828614218
4121,0.030241478,-0.25293222,0.017516129,0.018727088,0.03303181101388276,-0.238918397089143
4122,-0.10781395,0.53740984,0.010050609,0.018919239,-0.08874878694687914,0.505193876333443
4123,-0.1406025,-0.14163259,0.009510647,0.007629441,-0.1405226097342466,-0.10987400239175492
4124,0.010518961,-0.05348792,0.008278528,0.007393856,0.016065343380493747,-0.029685177322026083
4125,0.18971534,-0.102149464,0.012960362,0.011502994,0.19434678050446721,-0.08332893369664363
4126,-0.2797709,0.10082815,0.013391668,0.009687624,-0.2695992646360638,0.11437015508397955
4127,0.017035253,0.01072701,0.009171104,0.0074910866,0.020216657853579276,0.03484538582937902
4128,-0.062359564,-0.09597001,0.008226744,0.007669367,-0.06322016885332242,-0.07540228769261693
4129,-0.020931792,-0.020215765,0.011821086,0.009776273,-0.007192180637041254,0.00853727633148513
4130,0.0009705541,-0.06625858,0.008384219,0.0074905907,0.006544386275965703,-0.03729052982955192
4131,-0.30675486,-0.10712621,0.018970542,0.011321667,-0.30296180449847976,-0.09819797046596851
4132,0.02854655,0.34424496,0.007506441,0.009238575,0.02467396092290805,0.3623489964475044
4133,-0.0053351647,0.033915117,0.009357718,0.008041146,0.006157049851314533,0.05981050308252179
4134,-0.008803744,-0.09871311,0.008629485,0.007881978,-0.014846299641828053,-0.07553621242329053
4135,-0.5030899,0.33466995,0.021203002,0.017829813,-0.4983033811278796,0.3527039658311366
4136,0.03681559,-0.10745868,0.010681217,0.009915509,0.035542837309777205,-0.07634412725420575
4137,-0.08477777,0.0095292395,0.014082826,0.011781168,-0.08170372017184199,0.027672964793461072
4138,-0.47370613,-0.12868817,0.022810314,0.009533425,-0.49426024593338275,-0.10978433310593873
4139,0.15613167,-0.3006298,0.0121138,0.018650131,0.166746306954665,-0.2822617056413867
4140,-0.037911706,0.06552627,0.009039625,0.0078922,-0.03240277003329697,0.09227089314672461
4141,0.11623637,0.26583079,0.008710203,0.009383476,0.12603073162480136,0.28313477225307226
4142,0.08487929,0.080541335,0.009729074,0.008204508,0.08830084093421346,0.10077535106543978
4143,0.116836324,0.10481197,0.027218865,0.0218167,0.11373461448962971,0.12776018539949616
4144,-0.2553981,0.14944986,0.0186755,0.0143659925,-0.2428351507197539,0.16931947150154203
4145,-0.37600243,0.22927609,0.014522343,0.011841613,-0.36925665966622945,0.24495825364645787
4146,-0.12568852,-0.6212851,0.007812839,0.012087142,-0.12591918692089477,-0.59730995646005
4147,0.4783563,-0.364569,0.013575734,0.014521424,0.3878807639039027,-0.2709506465549091
4148,0.31121284,0.82362396,0.008884971,0.01786857,0.30153042020328136,0.8319482248860306
4149,-0.060582146,0.07610605,0.010142659,0.008565149,-0.05349810350517965,0.08870544149741141
4150,0.58781856,0.6420898,0.014725817,0.016872663,0.5752381605442615,0.6483230519531258
4151,-0.038808633,-0.019921355,0.009647495,0.0079397345,-0.03205120423438828,0.004636667155722157
4152,-0.041005317,-0.059394673,0.014246199,0.011082129,-0.02631862549920625,-0.03391739907043235
4153,0.45230433,-0.34791046,0.029619813,0.023956263,0.4403953156504777,-0.3040017991080118
4154,0.0022383002,-0.05404765,0.011104666,0.009177336,0.003396792218203503,-0.028169298671805527
4155,0.05380943,-0.15052895,0.011247542,0.01147148,0.0620010096902671,-0.1280805462731957
4156,0.22894739,-0.12196442,0.015628621,0.012743232,0.24841914720492703,-0.10628913887339994
4157,-0.23061505,0.036693193,0.012261479,0.008132417,-0.21338922042550224,0.05562673426150811
4158,0.47992826,-0.29084098,0.020389205,0.013964276,0.46603648134328735,-0.25671066702283074
4159,-0.044240005,-0.22962216,0.016862623,0.01731022,-0.01605628403433921,-0.18883124526424233
4160,0.007420192,-0.018307358,0.008996859,0.0072415164,0.0031598536765755515,0.0073620705509919475
4161,-0.45103738,-0.3283883,0.015505618,0.011660109,-0.4442295685704187,-0.30467042947764905
4162,0.41568303,0.3157766,0.017066795,0.014015216,0.4066034374995377,0.3203658892458317
4163,0.009076893,-0.0031645754,0.0084010055,0.007251753,0.00782144529772669,0.02182632125525676
4164,-0.038314957,-0.06495906,0.012530285,0.010000943,-0.018987184614831065,-0.038592092772904575
4165,0.072698295,0.5197185,0.008008224,0.014615456,0.07220620414788921,0.5487651237086094
4166,0.30259162,0.13132718,0.012735696,0.007583005,0.29412511962220245,0.14475338810253438
4167,-0.020372223,0.05149508,0.009465185,0.008192767,-0.020195276946635702,0.07846905419729906
4168,-0.047904648,-0.18621702,0.0105456915,0.0102162,-0.038221620922918746,-0.16230135253168218
4169,-0.05529996,-0.03279285,0.008807693,0.0071173445,-0.05854069950640121,-0.009702773808815124
4170,0.51991665,-0.2684181,0.028195303,0.01625654,0.4815261675280997,-0.22687210621116305
4171,0.3271855,-0.44406688,0.012978014,0.017622393,0.3206719889972308,-0.41133919886394094
4172,-0.09794201,-0.038739286,0.015071819,0.0119904345,-0.0885421040275268,-0.01274165737294657
4173,-0.0078010964,-0.22706175,0.007944716,0.008026215,-0.010942228230748877,-0.2013044133453249
4174,0.15522535,-0.16269672,0.009784325,0.009301613,0.15827792562788232,-0.1397555253629986
4175,0.49613422,-0.44693673,0.01495086,0.016191132,0.5145941845574428,-0.44023647404861704
4176,0.20096245,-0.013357599,0.012550769,0.008046711,0.20025434170904272,0.006100194878913345
4177,0.16388446,-0.0717431,0.009133542,0.0074067716,0.1588889761055536,-0.0496074389195606
4178,0.0009952127,0.011337849,0.014265474,0.012714952,0.0011636900417292956,0.03323473168043792
4179,0.23586309,-0.6612146,0.008648631,0.017901648,0.23460316711458806,-0.6328133484121946
4180,-0.5462373,-0.22734319,0.014206004,0.008223631,-0.5519925515815464,-0.19420126484116018
4181,0.05764877,0.15937811,0.009122556,0.009280372,0.04818862976179545,0.1663546838629617
4182,-0.15993391,-0.17686811,0.010939364,0.009301587,-0.15548515882135872,-0.1545301762015242
4183,-0.12914269,-0.064026065,0.011959621,0.00827164,-0.11768367202917236,-0.040930569299668804
4184,-0.01210583,0.03710165,0.009771339,0.008693225,-0.014340200230336145,0.04134443974565834
4185,-0.046814665,-0.0034794295,0.008605257,0.0074071367,-0.03929949716853164,0.028236059533859954
4186,0.033293556,-0.04440842,0.010396461,0.00875215,0.029508281003384294,-0.02047947709912507
4187,-0.16063504,-0.15605937,0.0092487065,0.007556909,-0.16451800017443535,-0.12907108851149357
4188,0.11615203,-0.03443485,0.0097724,0.008302532,0.09094870748026851,-0.005091740705075391
4189,0.11317586,-0.5434758,0.008603956,0.019340748,0.12176741267005288,-0.5215559560394898
4190,0.65935373,-0.2390992,0.020714803,0.0092657115,0.658740592568823,-0.2214525766155441
4191,-0.04180322,0.0034190854,0.009874746,0.008041524,-0.04737218244804619,0.024071493380527623
4192,-0.09920876,-0.26113293,0.008790323,0.008071042,-0.09187138624805814,-0.23389495846967884
4193,0.05644098,-0.41745347,0.012086712,0.017526072,0.07003264032983043,-0.3792442612088744
4194,-0.07631692,0.12675376,0.007951457,0.010127955,-0.06867508224075358,0.13105246345395627
4195,0.05751802,-0.14670742,0.010213461,0.010905892,0.06430755253662425,-0.11934520932137056
4196,-0.22112443,-0.38643247,0.009110387,0.011081188,-0.22241759051068352,-0.37430051905323347
4197,0.26130453,0.035334364,0.00947156,0.0063018724,0.25473502853391017,0.0540234222161244
4198,-0.7316756,0.40487003,0.015105872,0.009746705,-0.7249670976803169,0.4205092045368704
4199,-0.4232239,0.03993579,0.012752643,0.007079546,-0.41212119240452266,0.0601751589271944
4200,0.34504962,-0.53286266,0.013698266,0.021575915,0.3413734001201244,-0.490030862822757
4201,0.03714184,0.09723379,0.008105546,0.0077069495,0.035876584558958674,0.11858176375945546
4202,0.057544418,0.054039948,0.008801431,0.010494789,0.06004922827250581,0.07463834284408709
4203,-0.014966253,0.1803427,0.009446764,0.0104248,0.01006720314199592,0.1935674134839124
4204,-0.683668,0.4846655,0.048757993,0.038516402,-0.6688972796354535,0.5545859195220924
4205,0.060840786,-0.025116771,0.0090916045,0.009166703,0.0539734864489371,0.0006303389959823514
4206,0.5403749,0.4990674,0.018060569,0.017066982,0.534523526122481,0.513930296777214
4207,-0.06447693,0.3318347,0.015469818,0.02068471,-0.04600391670154336,0.37784532348722344
4208,0.10180814,-0.1344582,0.009071168,0.00882085,0.09879042853591855,-0.11083617612767771
4209,0.067008264,-0.172188,0.013329677,0.014616586,0.09355601498588972,-0.15353215549717228
4210,-0.00056681456,0.042509068,0.012401953,0.010579367,-0.0006104677035057256,0.05793518418046039
4211,-0.039051905,0.023792684,0.01672723,0.014425112,-0.03095056730046848,0.049151564848689336
4212,-0.37951857,0.0961658,0.012507327,0.0079521425,-0.3725732269411682,0.11829114633110895
4213,-0.49841177,-0.14235729,0.017045232,0.0066314735,-0.4913241784376294,-0.12815555548273394
4214,-0.08641644,-0.4808265,0.012551357,0.018834505,-0.06319327126675123,-0.4559922723965707
4215,-0.031570397,0.5474987,0.007558618,0.013824099,-0.02801123485363186,0.5447526030724565
4216,-0.46116424,-0.3018508,0.047308434,0.03655303,-0.4658234018300986,-0.27444663022056265
4217,0.12180169,0.016706541,0.009242802,0.0068124123,0.11963865758926523,0.04068508335978196
4218,0.30048972,-0.25658733,0.014034163,0.01564933,0.2791983653549652,-0.22387293200334019
4219,-0.065114975,0.0508972,0.013925542,0.0108124735,-0.05385533738149932,0.07464401954942106
4220,0.0159258,0.049055636,0.022875218,0.019371552,0.03088894859752474,0.07333105898005768
4221,-0.091607854,-0.13149232,0.0111584235,0.009179908,-0.09079621337767611,-0.11495322999313333
4222,-0.14964226,-0.023900546,0.01275123,0.008239244,-0.14082295847295842,-0.00120400807158752
4223,0.0042322627,-0.15957898,0.017841728,0.015827434,0.011821128628306412,-0.1467844464707085
4224,0.0042819274,-0.054175302,0.010497798,0.0092606535,0.02146416934617558,-0.01659560870982029
4225,-0.21184431,-0.13247143,0.012643413,0.008683022,-0.18940101020004735,-0.1147332276987367
4226,0.001408678,-0.04309091,0.0086985035,0.0072409385,0.004521903437037586,-0.016544451309938563
4227,0.056032475,-0.41508502,0.007690528,0.009543776,0.052598231064945114,-0.4043868039783839
4228,0.34545144,0.53995824,0.02178871,0.031411782,0.3782474302469871,0.5580864164982726
4229,-0.05541385,-0.1562193,0.009564491,0.008931896,-0.03564830288867821,-0.09539118944765929
4230,0.3872879,-0.054767318,0.01700011,0.0069775186,0.37178884083199976,-0.03454327384586489
4231,-0.008217666,-0.07095176,0.009859637,0.0081420215,-0.008517207606849457,-0.04603994590568903
4232,-0.0062098685,-0.036664017,0.011344551,0.009592625,-0.0034049909365214503,-0.012509869798361311
4233,-0.5839071,-0.34409717,0.030327838,0.019794999,-0.5664981804179186,-0.3164086922663739
4234,0.035478104,-0.16283828,0.008433867,0.008669541,0.040518166626320413,-0.14008784525455056
4235,-0.084041044,0.29313275,0.07482467,0.07180787,-0.03860832709617406,0.34950303628150864
4236,-0.008770723,0.15621135,0.0077083902,0.008152206,-0.0023577692592458436,0.16288592053820397
4237,-0.110216096,-0.16579178,0.009671581,0.007833316,-0.11091934225263254,-0.13844676585533655
4238,0.06351751,0.3384987,0.012495438,0.017854538,0.06603622487617644,0.3596995813746473
4239,-0.26184025,-0.02798929,0.015741987,0.008931868,-0.24657230855425136,-0.012159469352561509
4240,0.064955905,0.0847934,0.016338762,0.013837428,0.06351741417433242,0.1075345273119068
4241,-0.028979827,0.054793846,0.008753573,0.007551791,-0.023293510345826607,0.07904569379672056
4242,0.1689115,-0.055819757,0.009048485,0.007987428,0.16716426987724162,-0.031780540308696585
4243,-0.18717246,-0.067710705,0.013371436,0.008189336,-0.18672483245809385,-0.04902817993134694
4244,-0.1406025,-0.14163259,0.009510647,0.007629441,-0.1405226097342466,-0.10987400239175492
4245,0.00402483,-0.004810647,0.007964112,0.006954475,0.005704167023672216,0.021992457252590022
4246,-0.16697836,0.11084871,0.010781702,0.010290784,-0.15467716119791164,0.12729964969733337
4247,-0.04432666,-0.15193425,0.008808875,0.008022443,-0.047026280247137904,-0.12822657624994216
4248,-0.17899622,0.03516368,0.011922986,0.007881091,-0.17145959993939255,0.05537687392558487
4249,0.05732727,0.06257303,0.010070671,0.008458029,0.056518550637904306,0.07457600365680914
4250,-0.010355204,0.003991767,0.008588355,0.0076242196,-0.003308927846893711,0.02701512398911874
4251,0.038771257,-0.21341601,0.0119974315,0.013681122,0.04936807482944684,-0.2034889789820973
4252,-0.19161132,-0.049933262,0.01120157,0.0070785503,-0.18782962684455332,-0.028028916123102685
4253,0.07868633,-0.0005568201,0.00811477,0.0073280963,0.08467800189575427,0.027551931741758247
4254,0.043886892,-0.05588273,0.011393817,0.010561415,0.047412331390291246,-0.029404732223743377
4255,0.11329366,0.20527247,0.009378741,0.011661065,0.11066910189776175,0.21716303703549372
4256,-0.028142136,-0.15399581,0.00968374,0.009074943,-0.030518272505289466,-0.1422578696004138
4257,0.004206113,-0.17969182,0.014561936,0.013824289,0.013294338554872321,-0.1295201308709439
4258,-0.014285414,-0.027497642,0.008546397,0.0074991537,-0.00988426156319971,-0.007991610383717504
4259,0.036179543,0.011357076,0.012575373,0.013336459,0.04814591678848592,0.02464986150760543
4260,-0.001963872,0.15894383,0.00858339,0.008884475,-0.002857085949709163,0.17259095032070518
4261,0.014763184,0.0039030975,0.011148285,0.00975461,0.025725555060808977,0.02135209773171645
4262,0.3512314,0.54599667,0.014671427,0.020021297,0.3342361173264636,0.5416919809852304
4263,0.3271855,-0.44406688,0.012978014,0.017622393,0.3206719889972308,-0.41133919886394094
4264,0.18546923,-0.089397356,0.01009451,0.008021688,0.17803321031792316,-0.060129606928544334
4265,-0.657375,0.6476904,0.015096242,0.01564403,-0.6435055163332991,0.6635930783037132
4266,-0.048084546,-0.024451852,0.009378622,0.007626556,-0.04077365648089884,-0.006326202952971869
4267,0.07478122,0.12879692,0.009567798,0.008686414,0.08234135902160249,0.15306966251834428
4268,0.035047825,0.08458975,0.009333863,0.008040168,0.032540075831692765,0.09897480969344322
4269,0.08315544,0.018025056,0.010588156,0.008702651,0.08028100832097874,0.0322255475140616
4270,-0.010127179,-0.10500276,0.009065143,0.0076847114,-0.010460852507759532,-0.0795456742484066
4271,-0.14124572,0.3528202,0.010426663,0.016470695,-0.13240356431673841,0.3611366383197834
4272,0.033293556,-0.04440842,0.010396461,0.00875215,0.029508281003384294,-0.02047947709912507
4273,-0.026201643,0.00850997,0.011110796,0.009541396,-0.014827417661961903,0.02734159398120652
4274,-0.17684932,0.3667512,0.013288388,0.019538205,-0.15855012049852762,0.37579918402816226
4275,0.48179334,0.37262094,0.03792999,0.033057854,0.5108323947697792,0.41202172496976175
4276,-0.115676984,-0.16804521,0.009583147,0.007878489,-0.11391832815218472,-0.13946811515527172
4277,-0.07624008,-0.07208204,0.009048013,0.0072038257,-0.06275279708586494,-0.03874358896221098
4278,-0.0059099454,-0.014379726,0.007880968,0.006993107,-0.008263562275060426,0.016505355598911534
4279,0.082025826,-0.014677406,0.008375588,0.00692207,0.08620024266237193,0.013930392752821845
4280,-0.0950619,0.0076861745,0.0116964355,0.008939861,-0.081719075324258,0.02416543032941298
4281,0.03550039,-0.19361669,0.008542378,0.008470058,0.03146494820015597,-0.16751121243473394
4282,-0.044265915,-0.11610205,0.0100874305,0.008739834,-0.0460450233711987,-0.0909382214603623
4283,-0.4346149,0.14264794,0.013531395,0.008698823,-0.44013150001859125,0.1643938858708555
4284,-0.21067064,0.03963992,0.016747745,0.0110418545,-0.18479155127140073,0.056098133795904344
4285,0.017606404,0.015384375,0.010389971,0.008574892,0.020503132777423525,0.032854131128945904
4286,-0.039498433,-0.0023337984,0.009140273,0.0075234007,-0.04163752972114637,0.018241394850522397
4287,0.3016926,-0.024832323,0.012504739,0.006816438,0.3112812002348143,-0.0019722671747073534
4288,0.39154303,0.38277572,0.0131185055,0.014086463,0.3746688906803112,0.3866762305140523
4289,-0.032225102,-0.23337284,0.030247226,0.030287694,-0.019154299748171615,-0.1893281653341497
4290,-0.23877497,0.06438752,0.01427793,0.008941765,-0.23323461134241055,0.08517177220472068
4291,0.04528456,-0.0003928179,0.008377126,0.00732649,0.04620489830273059,0.028387685311708436
4292,-0.068651155,0.005153588,0.009730964,0.008222487,-0.06032017113959991,0.035727421115851074
4293,-0.04758319,-0.25485715,0.0084193265,0.008743096,-0.05233882980161204,-0.22563395898383884
4294,0.25357702,-0.10958749,0.011715523,0.010043861,0.2254392647639234,-0.07462908527436986
4295,0.112052016,-0.077228114,0.016511496,0.013615607,0.11991393560473967,-0.042576381932937536
4296,0.2586235,-0.19768634,0.0111522935,0.011914176,0.2426230800340743,-0.16134474128907111
4297,-0.009698754,-0.027296498,0.0113462005,0.009165482,-0.003953828189574985,0.0020893752507609113
4298,-0.19801848,-0.15321139,0.010363544,0.008071121,-0.2044201544171546,-0.13234042018333456
4299,0.16978128,-0.018278707,0.012445871,0.009511231,0.1874246627817468,-0.0043026364441522014
4300,0.0021353518,-0.021025069,0.014951916,0.012471566,0.010027460780556545,-0.0005437565665166746
4301,-0.2568821,-0.19752246,0.014901066,0.011531573,-0.25456313938698766,-0.17394417796649
4302,-0.0041722157,0.0109600825,0.013068618,0.011568193,0.01080090531044405,0.03595474286898141
4303,0.44453105,0.5570257,0.012729221,0.016315803,0.4372690373887222,0.5705847306376094
4304,0.6660743,-0.5241118,0.04451189,0.03936997,0.673483369632818,-0.5061951194903007
4305,-0.022973366,0.40282524,0.008231709,0.012655223,-0.0214440966517621,0.42545477124764
4306,-0.011172382,0.012378543,0.016749853,0.01479285,-0.0020688661009530384,0.045907017290099765
4307,0.028537001,-0.0032140398,0.0124379825,0.010589373,0.027824561347672406,0.020616232880343695
4308,0.023415528,-0.070050254,0.008482214,0.007698087,0.02439802611284425,-0.04513106773069359
4309,-0.23791362,0.086959936,0.0102065,0.007828862,-0.2309034555538627,0.11361061284068757
4310,0.050884984,0.008270792,0.0089074215,0.007846657,0.0542025950456902,0.03399505921236938
4311,0.005941898,-0.0050725723,0.009804038,0.007966437,0.005434746576951353,0.020738032397476295
4312,-0.031567276,-0.10631917,0.009230519,0.0075874147,-0.03562459284844321,-0.07700159141624982
4313,0.27582952,0.42954475,0.012367102,0.01875507,0.27304366166143657,0.4496952132293069
4314,0.15209372,-0.12128612,0.009058291,0.008430835,0.15392651020723308,-0.09686131877116182
4315,-0.2748707,-0.170134,0.012529812,0.008458243,-0.2793976115916569,-0.1541181561147367
4316,0.09201847,-0.19673002,0.008288578,0.00902701,0.0913838006286744,-0.17476364952444776
4317,0.010737514,-0.05337783,0.0083331475,0.007691583,0.017609241431699802,-0.03213778167767389
4318,-0.23237659,-0.20178485,0.013509051,0.011071584,-0.22442846215955733,-0.16670196879766638
4319,0.15690465,-0.050479673,0.010188091,0.008024437,0.14652338530016487,-0.03258685234527873
4320,-0.13197891,-0.06621588,0.010225969,0.0072882753,-0.13111228572472736,-0.04443917329448107
4321,-0.27892673,0.04796116,0.01536992,0.00897194,-0.26852556115256304,0.07217370728774747
4322,-0.19370414,-0.10920068,0.0102188885,0.008393709,-0.18493497394659394,-0.08469903912510941
4323,-0.012063621,0.027175508,0.008727575,0.007295595,-0.004007440952920379,0.05339009720433769
4324,0.3234411,-0.14916506,0.02311078,0.0146982875,0.32621951429903295,-0.11960721470718294
4325,-0.030250825,-0.01942544,0.011947606,0.010328988,-0.030606634007704976,0.0072088325146283695
4326,0.32822645,-0.4610494,0.0103825405,0.0130496565,0.3229807702062325,-0.4280421493258312
4327,-0.051643863,0.0026037423,0.018497169,0.015194702,-0.039765738986964366,0.013125459578622874
4328,-0.060339376,-0.02371528,0.010086957,0.0078068525,-0.0505443602812781,0.0012612415764456238
4329,0.12512767,-0.66384095,0.008209126,0.020640302,0.1359215132977976,-0.6492368958546012
4330,0.05277246,-0.2781387,0.008906712,0.011235325,0.07699174797299986,-0.2876508725197997
4331,-0.8654307,0.07065568,0.017782236,0.0071736877,-0.8731702549411371,0.09693850515048907
4332,-0.0432799,-0.056160457,0.008892533,0.007222366,-0.04318204384427199,-0.028826976302248637
4333,0.23184137,-0.14429723,0.040147938,0.03087026,0.2461328806328827,-0.1023352580445691
4334,-0.003428198,0.0024607396,0.0081293145,0.0071068536,-0.001323891616926979,0.021343921055454778
4335,-0.11450794,0.10156358,0.010333813,0.010073272,-0.10909108972888767,0.11283743822504572
4336,-0.20883097,-0.280549,0.009654107,0.01004361,-0.20667452306555414,-0.24918679633494628
4337,-0.460834,-0.3677825,0.014760586,0.011698098,-0.4601904648661397,-0.34612005734677137
4338,0.21183202,-0.0026378082,0.02553415,0.016720328,0.23225924278793078,0.01936981930222677
4339,0.01151179,-0.01079384,0.010984289,0.009712324,0.01827479286721552,0.008338522448561746
4340,0.45366085,0.09738007,0.015628034,0.0067558517,0.44460094012203033,0.11462262600323149
4341,-0.45452368,0.48129025,0.013029317,0.016744176,-0.43598332885126423,0.4876563343889819
4342,-0.039988898,-0.2945364,0.012471301,0.014645273,-0.023612995702440364,-0.2724570816700675
4343,-0.0455927,-0.015207135,0.02738869,0.023704592,-0.02070414492334877,-0.009205817625718225
4344,-0.10058132,0.08970344,0.008281012,0.008552215,-0.09988777576711291,0.11550160861836595
4345,0.08606596,-0.18651219,0.009013989,0.0085196365,0.08396875950546988,-0.16369539160120142
4346,0.04015273,-0.021322213,0.007937974,0.0070327045,0.04353216099264303,0.005566757737577922
4347,-0.22181283,-0.2507663,0.010266324,0.009658366,-0.21746691613658023,-0.21368296542803414
4348,-0.27589756,-0.091926254,0.019454451,0.011128579,-0.24009691143714956,-0.06422341872082896
4349,-0.27705324,-0.07547718,0.010060524,0.0072581237,-0.2800372907701628,-0.05185335507837098
4350,-0.12509379,0.035820343,0.010941487,0.0091196215,-0.12325781722010799,0.05773011905820318
4351,0.364829,0.045891106,0.015900044,0.007125132,0.3709036438681608,0.06933657459860869
4352,0.05433814,0.20745516,0.010712708,0.010655319,0.06217557864876516,0.22086101377735337
4353,0.074284546,-0.1264388,0.009378859,0.008624226,0.07190288739676336,-0.10030679384688208
4354,-0.19822867,-0.111667074,0.0113920495,0.0075461934,-0.19129222485170544,-0.08719429492435811
4355,0.3799429,0.32978046,0.0122815,0.011637463,0.3657998575177778,0.3305248912249868
4356,-0.12468819,0.072555445,0.009688935,0.008986342,-0.1224318643930372,0.09885146123470034
4357,0.01901861,-0.086008094,0.008612111,0.007992132,0.020728321451811114,-0.059997982531257384
4358,-0.011834044,-0.013370925,0.010322015,0.010273438,-0.003724008665985282,0.013897448086274054
4359,0.11387676,-0.40662247,0.010732052,0.017776743,0.12206350625433852,-0.3834467563353601
4360,-0.072407186,-0.0761742,0.014919974,0.012141547,-0.04502037439514147,-0.044187923191232055
4361,0.010331452,-0.029955164,0.00839143,0.00742619,0.01225509282343346,-0.0032346964835203947
4362,0.38409454,-0.636082,0.009660245,0.015568101,0.3887323738399082,-0.6153406468935502
4363,0.007679652,-0.042056102,0.020860054,0.018344218,0.0360906204249201,-0.009991393648533024
4364,0.46521726,0.06363353,0.01520098,0.0059015155,0.457640467836181,0.08485484959026261
4365,-0.020983465,0.073216625,0.009072821,0.008419235,-0.02094007361649894,0.09365999361699398
4366,-0.03086403,0.041695073,0.008564126,0.0075085214,-0.030710018066038236,0.06596229487540158
4367,0.013755135,0.042173155,0.01451024,0.013179452,0.041410363759353586,0.08153737482813542
4368,0.010737514,-0.05337783,0.0083331475,0.007691583,0.017609241431699802,-0.03213778167767389
4369,0.21598823,-0.023175802,0.016796863,0.01050018,0.20025087324099428,0.0007876733379285917
4370,0.5997722,-0.15605414,0.016787952,0.00807685,0.6034464536901,-0.13165189487353934
4371,0.061915062,-0.17535913,0.012947183,0.012222446,0.06491308792328174,-0.13736118507557965
4372,0.012397058,-0.028228968,0.008899976,0.007401214,0.010037341194911455,-0.004018414401047464
4373,0.120923884,0.063959315,0.010994781,0.008725977,0.10917107744480377,0.0863825108195037
4374,-0.10079195,-0.071448505,0.008761371,0.007198997,-0.08898240359451531,-0.03575151918515527
4375,-0.23220107,0.0033398485,0.011504953,0.007137669,-0.22119001934954355,0.026665557336024836
4376,0.0015141186,-0.044955146,0.00912917,0.0079041235,0.004629356420694417,-0.012178014766061137
4377,0.021092415,0.18185154,0.028209444,0.026997916,0.04112796291220285,0.2225262840793699
4378,0.0017110142,-0.4093207,0.007628302,0.011647196,0.003355329703189795,-0.3768915628196708
4379,-0.08470337,-0.20125861,0.00852453,0.007749641,-0.08643381016792388,-0.171519327352836
4380,-0.15012039,0.088914715,0.010416045,0.008787667,-0.1452345518460854,0.10444449539510049
4381,0.08300139,0.08655466,0.012932825,0.010700032,0.09162120465743823,0.1180148447224751
4382,0.27891767,-0.2153988,0.01768749,0.016813299,0.2828534612812405,-0.19691816740847526
4383,0.34543577,0.014277118,0.04018699,0.022809613,0.3880810360493922,0.04188682823991818
4384,-0.60764074,-0.32756752,0.016174205,0.009341675,-0.6110545673530087,-0.30601201367465175
4385,0.017986916,-0.116605945,0.008998277,0.008223065,0.023190802926204568,-0.0924209458793711
4386,0.27326447,0.23954913,0.010140063,0.008387696,0.267379755803217,0.25871156113848476
4387,-0.009939097,-0.024214156,0.009751151,0.00896109,-0.00486315955305874,-0.0015089502350980415
4388,0.1955973,0.19372296,0.012356507,0.0116348155,0.2065997364999888,0.22447891748995635
4389,-0.52810824,0.18641946,0.01901113,0.010932298,-0.49094494962662416,0.19253752087480452
4390,-0.084508285,0.003360807,0.008950663,0.0073216935,-0.06984289911323845,0.019555964537541968
4391,0.082502924,-0.09395517,0.0107081095,0.011126034,0.08714739813578389,-0.07144092797631701
4392,0.28056553,-0.016249407,0.017036559,0.009205931,0.2758450709047716,0.0038808150756577823
4393,-0.10687521,-0.45385545,0.015198868,0.022120552,-0.08999307301984719,-0.43035339138864986
4394,0.031755883,0.04622849,0.007896581,0.007329668,0.030335701290089945,0.06897705067068109
4395,0.04281397,0.059454948,0.00890553,0.0077314777,0.05023574123117596,0.08683526654541647
4396,0.45407578,-0.09158147,0.016345095,0.006524826,0.4540642911299846,-0.0689595195956372
4397,0.05304771,0.02147729,0.008366842,0.0073334593,0.05190768048272809,0.04529089949486481
4398,-0.0051919487,0.011619634,0.009559295,0.007948104,-0.0007679571797570802,0.025519562646211472
4399,0.20923994,-0.041152023,0.012210371,0.008001571,0.20495328914487684,-0.016386996862237053
4400,-0.28962493,-0.17401578,0.01132687,0.006621496,-0.28210898744643853,-0.14531799763337735
4401,0.2014789,0.24117959,0.017002337,0.016810054,0.19788327845920245,0.2523565922272956
4402,-0.23315395,-0.19024728,0.010285792,0.008201007,-0.2256463508889814,-0.1720649358331476
4403,0.07710803,0.022317484,0.008994614,0.008181595,0.07531187394991377,0.0393901492140309
4404,0.1539874,-0.26012176,0.008979609,0.009630725,0.15456713231372426,-0.23827999643129627
4405,0.141951,-0.056536995,0.0102042565,0.008856739,0.13072409852960287,-0.034082225148730536
4406,0.0074283374,-0.033801764,0.009178073,0.007739582,0.002811193620817853,-0.010008635989087982
4407,0.32867423,-0.083984986,0.011895774,0.007595724,0.2865688776305409,-0.05473089032504812
4408,0.4754226,0.03190583,0.03433088,0.01292308,0.47263463394938887,0.06264651436344094
4409,0.18063842,-0.18953457,0.010523278,0.012430486,0.17042509666046668,-0.16062485517904396
4410,0.0973037,-0.29246888,0.00861022,0.012161464,0.09096989738886511,-0.2691342235455165
4411,0.1642088,-0.23369369,0.010995372,0.016304007,0.1674054159332619,-0.2121614497447131
4412,0.498524,-0.59889525,0.013650761,0.016082082,0.5178709832247138,-0.591887777607869
4413,-0.0037845322,-0.00051275734,0.010347972,0.008545187,0.0005433601324152648,0.016101522126942686
4414,-0.33382243,0.50327754,0.00972211,0.019420568,-0.3246874107504793,0.5218294483707638
4415,-0.016651716,0.0391559,0.008278528,0.007342813,-0.014010203712885388,0.059253969125902854
4416,0.06124295,0.014142103,0.008755109,0.0074964957,0.05599538466700902,0.03674245246548903
4417,-0.011690877,0.020995967,0.0084185,0.0074269017,-0.007854790861556075,0.04717092091775239
4418,-0.02693718,0.0008278107,0.008157693,0.0071707354,-0.024450693604157116,0.027821075250337723
4419,-0.3907711,0.3983481,0.012062684,0.017188178,-0.37278530246221686,0.4032292400199966
4420,0.02687455,0.109010026,0.008277347,0.007574652,0.019642066682255353,0.12123321282533814
4421,0.5196742,-0.31077507,0.025331585,0.016221074,0.49471779522128984,-0.27747630202179374
4422,0.31984186,-0.0076761106,0.013193921,0.006310501,0.32743843771097014,0.005461623686488692
4423,-0.15008187,0.00455097,0.008895251,0.008110459,-0.15350942847308888,0.025333460231139807
4424,0.22987647,0.18246123,0.014049209,0.012710761,0.21322577348263055,0.183996859170581
4425,0.024685122,-0.017542794,0.014574273,0.012219321,0.034492088574962,-0.008809718499599835
4426,0.03464659,-0.24790215,0.008262567,0.008791221,0.03462467760141688,-0.22523144743187964
4427,-0.037030824,-0.111124516,0.007904385,0.007092027,-0.037633025798291746,-0.07387197050543551
4428,-0.3542577,-0.3234302,0.011683357,0.009537107,-0.33763257794368773,-0.290887523975186
4429,-0.22181283,-0.2507663,0.010266324,0.009658366,-0.21746691613658023,-0.21368296542803414
4430,0.11329366,0.20527247,0.009378741,0.011661065,0.11066910189776175,0.21716303703549372
4431,-0.08834545,-0.106775664,0.010800335,0.008795363,-0.08238614397021497,-0.08401621686323978
4432,-0.13734256,-0.27293965,0.022885237,0.02276212,-0.11807729881032789,-0.22105106484584827
4433,0.10708377,-0.052035414,0.0082639875,0.007077135,0.10421671570853631,-0.02562761038879396
4434,-0.32562238,-0.22061513,0.014527042,0.009954563,-0.3277656266493817,-0.19421976313599512
4435,0.020100582,-0.011990228,0.009925974,0.008798384,0.015562148749455124,0.0021870202987672293
4436,-0.033679817,0.063942835,0.008521694,0.0076545076,-0.02312207906651314,0.08949136258823519
4437,0.03186073,-0.069291085,0.008067706,0.007309268,0.033673998302906384,-0.040411861310579764
4438,0.046497554,-0.00069807563,0.0082992185,0.0070446506,0.044028406310590344,0.024421970478967124
4439,-0.2372909,0.018916398,0.018789575,0.011191722,-0.2374695097581424,0.04234034081373044
4440,0.17719555,0.22689787,0.008588,0.008372735,0.17940476413720655,0.24530217225908912
4441,0.004122416,-0.050428353,0.010871561,0.00955217,0.021628035317004666,-0.02043926086947182
4442,0.11223282,0.039133422,0.009705345,0.0074051716,0.11448114409246916,0.06288331014180618
4443,0.054246716,0.67796713,0.016982999,0.03160858,0.0599523581664586,0.6774595476659483
4444,-0.2776989,0.018269785,0.02030008,0.010703568,-0.2556906295427592,0.04658341115762855
4445,0.042432822,0.04755816,0.0094706165,0.0082538305,0.043122472475707274,0.06929229434561261
4446,0.040429343,0.021233045,0.014935476,0.01303849,0.055946492503735845,0.052103846554527794
4447,0.017722735,-0.023140606,0.0096970815,0.008601272,0.01925209762291007,-0.0016063594135176892
4448,0.5122717,0.6226423,0.013486586,0.016840098,0.5077143540962308,0.6390244385596836
4449,-0.17616138,0.24076463,0.008727221,0.009639068,-0.17025942783863923,0.26152897808786507
4450,0.18559313,0.123841256,0.011827449,0.009716363,0.15805844618239764,0.1142548046914013
4451,-0.060795173,-0.08124732,0.016822532,0.014487005,-0.0500694260920044,-0.06315962369992073
4452,0.44300103,-0.41265136,0.011511788,0.0111176,0.44554470788171974,-0.3813289278862209
4453,-0.18385431,0.5494224,0.01096224,0.02047001,-0.1733684962766824,0.5439355974583556
4454,0.0052345316,-0.023939535,0.011068471,0.0097342795,0.015975282595966648,0.005019092950321323
4455,0.12645969,-0.2926772,0.01558496,0.021520302,0.13113247593699143,-0.27182309373669583
4456,-0.1011266,0.22408572,0.009168978,0.01316843,-0.09120044877881589,0.24177906455006543
4457,0.04287441,-0.042280875,0.010597475,0.009962069,0.043652176632149244,-0.01687649985253232
4458,0.10396215,-0.06548583,0.009929633,0.008418533,0.09014172198789609,-0.037794918818968806
4459,0.113457955,-0.042099446,0.010067722,0.008415626,0.10966491668037139,-0.02722354814860138
4460,-0.028754495,-0.052996762,0.016919589,0.013697448,-0.024650778313511562,-0.02694060303890864
4461,0.20096245,-0.013357599,0.012550769,0.008046711,0.20025434170904272,0.006100194878913345
4462,-0.012095248,-0.027544577,0.01180306,0.009665595,0.0007583180109290698,0.00014493447883179213
4463,0.005173445,0.0034198975,0.008879181,0.0073641245,0.0006026669770750972,0.023656657836911153
4464,-0.26658934,-0.20150179,0.015623927,0.012103091,-0.2472586747211431,-0.17106216298384389
4465,0.08877557,-0.06516822,0.011074601,0.009595535,0.08988363898484333,-0.046277405885441186
4466,0.17765708,0.118761,0.028678127,0.02211814,0.19286192089885199,0.15009327662020663
4467,0.027245086,0.014463625,0.011394995,0.009510883,0.03027270261029581,0.03105325592873162
4468,0.35981107,0.019305974,0.015757242,0.007491975,0.35222826674140595,0.03531045108420954
4469,-0.014493607,-0.051106904,0.010196587,0.008675734,-0.009928060863552489,-0.03186681881931078
4470,-0.015701115,0.049571745,0.019002594,0.016537018,-0.010439968106869943,0.08214962419337206
4471,0.19544682,-0.121361636,0.009677601,0.008848542,0.1949332049975111,-0.09134432342699739
4472,-0.047592957,-0.09274805,0.009564609,0.007681713,-0.044078141046444,-0.07026220897720283
4473,-0.32913655,-0.07803639,0.010834297,0.0065978263,-0.3282669794817278,-0.0578716764573591
4474,0.016573716,-0.027463205,0.013098974,0.011550926,0.0309756265542755,-0.008075211656609661
4475,-0.48019817,-0.75059104,0.017744763,0.028255185,-0.4697511178445434,-0.7187316454849817
4476,-0.44981986,-0.1375755,0.026126502,0.012247121,-0.4014459656222773,-0.1020223112273094
4477,-0.15596838,0.411825,0.011630336,0.019706713,-0.151155118652318,0.4133648894643035
4478,-0.07152291,-0.0095988745,0.013158979,0.010161773,-0.05247215537515612,0.0176184261753325
4479,0.008588444,-0.016922556,0.008904467,0.007453862,0.01497706505277412,0.007430495420077154
4480,-0.38072616,-0.79726046,0.009732734,0.017202213,-0.3757519207242218,-0.7673181859582895
4481,-0.124024734,-0.03772306,0.012720512,0.009032924,-0.10003636438367498,-0.01033394591814312
4482,0.1464761,-0.17648236,0.009380986,0.012514479,0.11932101869506606,-0.12181040023055538
4483,0.33019036,0.1662426,0.014046388,0.009003084,0.3390755486299253,0.18903217034258535
4484,-0.2774642,-0.86439466,0.0062069274,0.012876112,-0.2868145472138582,-0.8608013913777944
4485,0.008475125,0.13755946,0.009235242,0.009295539,0.016291719168274432,0.15315877079629872
4486,0.051835403,-0.014262696,0.016719373,0.01434222,0.0561454963756522,0.010078964239587753
4487,0.37579787,0.15287438,0.018618047,0.01029834,0.37144394889095234,0.1714784054577416
4488,0.5593277,0.24559745,0.02014774,0.009961385,0.5594623815348162,0.2619394942932957
4489,0.031202765,-0.08968387,0.008992487,0.008349422,0.03380586313216472,-0.06849309961569908
4490,-0.14641248,0.30013946,0.014322001,0.018574148,-0.1206385502851872,0.2922139085991415
4491,0.013962666,-0.51838857,0.014159111,0.0229321,0.011377189547084388,-0.47602024187197217
4492,-0.23460495,-0.26653332,0.013032848,0.012548597,-0.22483308851336217,-0.23905829251717037
4493,0.1479835,0.20028561,0.009740645,0.010780329,0.14762369385488205,0.2226973061758169
4494,0.00085428404,-0.0054709995,0.011111739,0.009538201,0.003945150034422931,0.024898303420011793
4495,0.20329161,-0.6348248,0.0074792276,0.016627701,0.21726933336370535,-0.6286913455797077
4496,-0.008283541,-0.016659133,0.008490488,0.007274008,-0.007125648093443264,0.009375404850365577
4497,0.07653922,0.18226522,0.018533913,0.018579599,0.11176905343758639,0.2056264440981157
4498,-0.568927,0.33562705,0.029617732,0.021904597,-0.556180048327889,0.359644659339875
4499,-0.07220147,-0.019513719,0.034755945,0.0285523,-0.060570831527028725,0.04228485389399523
4500,-0.17719643,-0.41434452,0.010751155,0.013645766,-0.16339679812807506,-0.37269338337772623
4501,-0.22769238,0.9101851,0.006884837,0.016844472,-0.22358625244536023,0.9233191291882632
4502,0.3729147,-0.44582114,0.011132136,0.012559048,0.3651580405420432,-0.41558121166887874
4503,-0.04557467,-0.024236687,0.01036685,0.008224138,-0.04102711122096431,-0.00687703978573015
4504,-0.17111367,0.08944486,0.017459666,0.014130906,-0.15648621231769153,0.1106335673741081
4505,0.02508975,-0.017292038,0.008924434,0.0070791473,0.02403155023693349,0.005594660284546801
4506,0.004455928,0.12055264,0.0098136,0.009416797,0.0032383777981612664,0.14008997813899907
4507,0.21472873,-0.34575102,0.010167676,0.015160009,0.2132550298753396,-0.3257995679885946
4508,-0.029594418,-0.0058506215,0.008515311,0.0072172326,-0.023575331641131052,0.02594641654447792
4509,-0.038448837,0.5022667,0.007144083,0.012948498,-0.025499383756035766,0.4510854409609093
4510,-0.14013483,0.14776085,0.0098604625,0.008916865,-0.12444000138661923,0.16270572148076431
4511,-0.10923298,0.43006104,0.018555561,0.0271364,-0.08998961251787464,0.38777352916394053
4512,-0.3674115,-0.16351247,0.09027066,0.07139722,-0.3226986481682418,-0.13298269184555414
4513,0.16773875,-0.11968761,0.009474514,0.009768396,0.17394514097793212,-0.1011838723028848
4514,0.039893888,-0.035645813,0.008936013,0.007480764,0.04204400987299071,-0.011233906600902954
4515,-0.05688104,-0.010062703,0.009908504,0.007990156,-0.057193628520951174,0.015360139644354422
4516,0.09451697,-0.09392098,0.015409365,0.012976102,0.09542419871203055,-0.0619343579267303
4517,0.52141213,0.01791446,0.020937685,0.0072935475,0.5132195661247162,0.03875087930473673
4518,-0.015854804,-0.025896143,0.010087311,0.008471469,-0.013484340992545663,-0.0030404011348116092
4519,-0.4201556,0.08582496,0.016300995,0.008066619,-0.3912568259424644,0.10818386402023246
4520,-0.05647628,0.060761306,0.009744777,0.0086008785,-0.05909709424394648,0.0821303488547834
4521,-0.33159885,-0.6342753,0.010742194,0.020571485,-0.2964323699631761,-0.5519500459658113
4522,-0.4797215,0.16005033,0.017144375,0.009899521,-0.44980014698944243,0.18048863656374486
4523,0.6592081,-0.06017311,0.025340533,0.007877118,0.642332693095293,-0.041158977573481935
4524,0.47113198,0.49768913,0.012353444,0.011975781,0.45886527235750096,0.5112930724886738
4525,-0.09514524,0.0021759039,0.01179293,0.008484185,-0.08600331297014185,0.02982569453708741
4526,0.47756767,0.18830182,0.017219486,0.008831779,0.4788239967733759,0.2053996816069224
4527,0.66289496,0.39797723,0.017285455,0.014825697,0.6504041279151421,0.4110819405092458
4528,-0.98914325,-0.060259648,0.022182293,0.006168087,-0.9820585314657808,-0.035766495781006165
4529,0.22948106,-0.10732967,0.013860762,0.010734866,0.22756884494658247,-0.08501679799713771
4530,0.09221038,0.14476942,0.029476179,0.026372328,0.12262148920754988,0.15415732936885143
4531,0.10508543,0.17832144,0.008155565,0.007600259,0.11231072613202994,0.2098275203219845
4532,-0.21089785,0.091961764,0.010053324,0.008334874,-0.20653863416879784,0.11384901429506981
4533,-0.4566395,0.08150123,0.016817845,0.0076204604,-0.43852223889808034,0.10150400857495066
4534,-0.4508887,-0.35452598,0.0149716465,0.011354848,-0.454032628781495,-0.33553599765758424
4535,-0.088053614,0.095461026,0.011076134,0.009464994,-0.07843298255788868,0.1125129520356097
4536,-0.009377418,-0.053091303,0.009590585,0.007944785,0.0006635256710369736,-0.03045798500597566
4537,0.011917582,-0.023681574,0.008176966,0.0070601944,0.012995054007945634,0.00444285052915774
4538,0.017091814,-0.023180455,0.009652219,0.00807319,0.015074297209270022,-0.006150672330649742
4539,0.04074563,0.042317294,0.011619022,0.009610262,0.03559236488256798,0.06131777082128203
4540,0.0021377471,9.577628e-05,0.027091363,0.022333294,0.017176128035985623,0.027795758831224877
4541,-0.00016852887,-0.041842002,0.012026761,0.010176252,0.005758100324159997,-0.024794038678231947
4542,-0.0011803131,-0.23916794,0.009007727,0.00965853,-0.00047523632950065774,-0.20351051931664643
4543,0.25254017,0.56051517,0.010355639,0.01786502,0.26449064080771767,0.5671221494368908
4544,-0.044292875,-0.032191403,0.015309815,0.011795041,-0.028110622403246643,-0.01041688083403884
4545,-0.4581989,-0.16814114,0.089865394,0.06455612,-0.5253206439279772,-0.11528954741262569
4546,-0.003489098,0.15610263,0.009895049,0.010216889,-0.007210616880806443,0.19072654531728528
4547,0.38281044,0.56967396,0.011535474,0.016912187,0.3767434141175517,0.5774528653875749
4548,-0.0872465,-0.043068945,0.011282198,0.008114064,-0.05102939841285715,-0.012292417531608412
4549,0.49786565,0.44411832,0.017848639,0.016735863,0.48956242775871084,0.4561634074723274
4550,0.019366749,-0.0026661018,0.010143014,0.008891815,0.022972916244758158,0.015533823192805133
4551,-0.24003588,-0.08062282,0.012866923,0.0074405964,-0.2382505649267305,-0.06089553315528582
4552,0.0809126,0.027406946,0.01114239,0.009013951,0.09171951586986074,0.052736898363488376
4553,-0.017312882,-0.073905356,0.009896937,0.008385476,-0.014727675798638038,-0.05547487351707878
4554,-0.023181997,-0.010663294,0.024077972,0.02050067,0.003000473468757592,-0.004716772791376027
4555,-0.0016413941,0.10083376,0.008811594,0.008513899,0.0012282885542366669,0.12233818262284832
4556,0.48273012,0.5126317,0.014036278,0.014660016,0.47901335120052196,0.5175078173752475
4557,-0.043148194,0.11574142,0.010031726,0.010620371,-0.044241931072477945,0.14370160598701942
4558,0.59560317,-0.10658765,0.022244092,0.00803385,0.5888681406393641,-0.07769544632123485
4559,0.5172754,-0.12060755,0.012966599,0.0067033065,0.5180560577848006,-0.0900739446960473
4560,0.02479864,0.0060802167,0.01125933,0.009450899,0.02643076179690168,0.02060624960840836
4561,0.043676615,-0.3134132,0.008400413,0.008633202,0.04657605659425332,-0.2813226051873323
4562,0.075160846,-0.069300584,0.009581494,0.008641385,0.06829320395207236,-0.03791105252862953
4563,-0.021459695,0.0037165796,0.011128951,0.008948449,-0.014233181042502225,0.02545832072579944
4564,-0.07815485,-0.18098944,0.008249562,0.007798305,-0.07870853271321702,-0.1599539626591229
4565,0.0068900106,-0.01837504,0.009303274,0.007819747,0.004497678769719474,0.005963483121176887
4566,-0.032636132,-0.036842138,0.009100229,0.007443559,-0.026755661427516148,-0.010219081296899423
4567,0.05788614,-0.030500133,0.021710092,0.01750376,0.06590796183214122,-0.011849999186601323
4568,0.010331452,-0.029955164,0.00839143,0.00742619,0.01225509282343346,-0.0032346964835203947
4569,0.002263729,-0.03725385,0.008108265,0.0074880407,0.004999492887846321,-0.018068486588846917
4570,-0.24237119,0.34984523,0.008938021,0.012021001,-0.22850086561914756,0.3617886852510429
4571,-0.012259405,-0.042329907,0.00813901,0.007116727,-0.005999599225801143,-0.01657616855857711
4572,0.08140752,0.27661347,0.0084076235,0.011506908,0.08141988441931397,0.28377698463023143
4573,-0.26750797,-0.10251034,0.012563365,0.007475971,-0.24716323169333587,-0.07256473115334673
4574,-0.0977498,0.66239405,0.0068072863,0.0156808,-0.0958116196086849,0.6772412956822926
4575,-0.114030704,-0.24758786,0.009505216,0.00997404,-0.10446552785246448,-0.214434122527081
4576,-0.31787384,0.5318978,0.013509402,0.025349312,-0.3297475359731469,0.5726664412488979
4577,0.018986786,0.029829815,0.009744896,0.008296745,0.022092086423993167,0.05657078689756536
4578,-0.009794587,0.57550627,0.022107208,0.03360578,0.0033324593220655104,0.5628755153830732
4579,0.08667803,-0.07335395,0.009268668,0.0080073485,0.09009230322864528,-0.050067934844932445
4580,-0.12933469,-0.20898426,0.014226573,0.013426129,-0.11528974193215649,-0.19015151455751006
4581,0.80794597,0.054670475,0.018773545,0.006095596,0.8054604639798062,0.07078072765166074
4582,-0.028874435,-0.12755921,0.011586028,0.010686765,-0.01631364919279247,-0.09588047780394435
4583,-0.11681027,0.30429593,0.040616214,0.040440213,-0.07934108315104656,0.2685363575524946
4584,0.0551755,-0.20590648,0.008663523,0.008819321,0.05327349462231653,-0.17798492877358454
4585,0.34983173,0.09799703,0.038503237,0.022584327,0.5159367805725013,0.15454666486897567
4586,-0.13532059,0.021235824,0.008956924,0.007183953,-0.14449640662965624,0.04239670590136366
4587,-0.30584502,0.39059943,0.010518561,0.013642783,-0.2959444580424428,0.3969150952285293
4588,-0.16299982,-0.15063992,0.013630653,0.011844862,-0.15567640855827744,-0.12729763910838063
4589,0.1305412,-0.021956354,0.010025944,0.0071650143,0.10437089463760917,-0.0005090872157453392
4590,0.058353614,0.015527311,0.028600281,0.02340113,0.06009706155501407,0.043720005018771296
4591,-0.052376825,-0.114184976,0.013950112,0.01110887,-0.03882334595728836,-0.08312541018622328
4592,0.24493992,0.0814892,0.0118478285,0.007050401,0.24492373781857663,0.10721198573369882
4593,-0.03599505,-0.023937214,0.01245788,0.010692216,-0.026965713552170475,0.012916330972302097
4594,-0.0047703492,-0.15424262,0.008129905,0.0075866254,-0.00395534750885824,-0.12904614379277402
4595,-0.009794587,0.57550627,0.022107208,0.03360578,0.0033324593220655104,0.5628755153830732
4596,0.24024893,-0.23256147,0.012816789,0.0155896805,0.23008751577642086,-0.20333685489016498
4597,0.34543577,0.014277118,0.04018699,0.022809613,0.3880810360493922,0.04188682823991818
4598,0.24982445,0.8407912,0.0079461355,0.017636815,0.2444158787908938,0.8495169644471735
4599,-0.07294311,-0.039330013,0.016077429,0.013269941,-0.06324751604956784,-0.02590565792623673
4600,0.4022892,-0.27233484,0.01372202,0.0097296825,0.38621766131200946,-0.24079510854210928
4601,-0.0955182,0.03989377,0.0131038,0.010739541,-0.10280759182943822,0.06539471236304008
4602,0.028075246,0.14112446,0.016181244,0.014876779,0.03545179224547055,0.16610164090033694
4603,0.05106054,-0.13520601,0.007962574,0.0076950733,0.04967726789548496,-0.09662465142001679
4604,0.5927118,0.38008785,0.015297606,0.010897911,0.5813712553238591,0.39672604178398274
4605,0.35724178,-0.6417404,0.009864477,0.017071756,0.36500805292988403,-0.6174752210049207
4606,-0.0043818555,-0.013325767,0.010692422,0.0087201465,-0.0013067885943636808,0.008767585596080757
4607,-0.047281392,0.025741443,0.022582373,0.019929154,-0.03070482408812861,0.059378870298220233
4608,0.18256809,0.09585308,0.0105343675,0.007686104,0.17539519607961337,0.11153276996214576
4609,0.12198748,0.21023622,0.0143296365,0.015239154,0.1275065416322055,0.23530675699781764
4610,-0.005255358,-0.017641034,0.011141447,0.008946224,0.004186299405865811,0.005398342995689926
4611,-0.6160222,0.15417087,0.016777169,0.007837504,-0.6005931521292165,0.17300455841652532
4612,0.3004299,-0.58484036,0.0095291855,0.020947177,0.30895082511235095,-0.5869221028524437
4613,0.5316939,-0.38792348,0.014947925,0.011501297,0.527454125201997,-0.36350500743724673
4614,-0.33159885,-0.6342753,0.010742194,0.020571485,-0.2964323699631761,-0.5519500459658113
4615,-0.20013343,-0.070520386,0.012415847,0.011987688,-0.1822988171707642,-0.04232368944867805
4616,0.17204389,-0.28352016,0.013689684,0.016260535,0.18267308483826297,-0.2786716754484393
4617,0.15684003,0.25255832,0.008471812,0.008721962,0.16334411217747224,0.27723063627882927
4618,0.11164042,-0.25785303,0.010589572,0.01327104,0.11491207632610474,-0.22895612099205276
4619,0.8052932,-0.2414377,0.022890246,0.008179198,0.8019576096295733,-0.22231222906169326
4620,-0.051903337,-0.0075839097,0.011041117,0.008925103,-0.04662433970942583,0.01773486675754301
4621,-0.27361178,-0.24266994,0.01208365,0.009674151,-0.2693174933375391,-0.2202072523787528
4622,-0.3674115,-0.16351247,0.09027066,0.07139722,-0.3226986481682418,-0.13298269184555414
4623,-0.0803909,0.14172901,0.009844174,0.011173362,-0.08175396792109485,0.16518285242555097
4624,0.047911976,-0.009724394,0.009389369,0.008140874,0.05042624506581475,0.01250228545910396
4625,0.0037541133,-0.018632978,0.009478292,0.007715874,0.004193794724149383,0.0030580115413266933
4626,-0.19747026,-0.070726454,0.00989257,0.008445071,-0.19389887633116842,-0.049815448747251474
4627,-0.022197396,-0.06730292,0.010250158,0.009322689,-0.015333614806700138,-0.04112808811864907
4628,-0.37213066,0.54680365,0.014801934,0.021389427,-0.3639802646463145,0.5671581237569072
4629,0.17285137,-0.11265253,0.011171744,0.011604343,0.15934711963745612,-0.08651941093649544
4630,0.72555435,-0.49889654,0.015989209,0.011844749,0.7385886670971785,-0.477925517817381
4631,-0.21833426,0.06461213,0.013829605,0.010426486,-0.20275512904049747,0.08174945568430922
4632,0.29111648,-0.15148818,0.012734989,0.009490971,0.2800886290611208,-0.12462265504531156
4633,0.0041416255,-0.036988165,0.015344326,0.012880609,0.007015133239699866,-0.014466323164781547
4634,-0.18715653,-0.041907623,0.016787834,0.011013329,-0.15284413595351526,-0.02097417018693692
4635,0.22948106,-0.10732967,0.013860762,0.010734866,0.22756884494658247,-0.08501679799713771
4636,0.3729147,-0.44582114,0.011132136,0.012559048,0.3651580405420432,-0.41558121166887874
4637,0.16591175,0.15074354,0.016531901,0.014624993,0.16604762849854798,0.17896002158088017
4638,0.2710345,-0.13328871,0.013314501,0.009949166,0.25076102094685837,-0.1090030481435426
4639,-0.0919435,-0.21293367,0.009220478,0.008662565,-0.09349411723892893,-0.18889524093088716
4640,-0.091152266,0.05840066,0.009447117,0.008472568,-0.10827269967894476,0.08817661896338039
4641,0.07421106,0.03471417,0.009357482,0.00751717,0.05798071705979311,0.040020235613576594
4642,0.34318408,0.38082173,0.0116930185,0.0117479805,0.337501720239709,0.39191843499011536
4643,-0.0091394745,-0.01404632,0.009069749,0.0078084064,-0.0009875810168555594,0.008647826071108344
4644,-0.0041408944,0.16053154,0.007946609,0.008217643,0.008462457553969323,0.17880563874103084
4645,-0.03316174,0.02977705,0.008869375,0.0078018187,-0.047128030117740936,0.06001823041141686
4646,0.7595359,-0.42742166,0.015211664,0.010759902,0.7737446755946153,-0.4107680445295049
4647,-0.05938708,0.06790079,0.013643705,0.01191807,-0.044543869861239746,0.08909832607444293
4648,0.21755634,-0.2642662,0.010658927,0.0122545725,0.21022928172727778,-0.2533365135355485
4649,-0.24897985,-0.000395366,0.0115550365,0.007151546,-0.24407796993335582,0.024559210722901334
4650,0.054413624,-0.25305155,0.008245306,0.008427241,0.052570406739783776,-0.218728479358641
4651,-0.41646114,0.19548957,0.01318051,0.010502026,-0.4185075307064852,0.2066295661306522
4652,0.05304771,0.02147729,0.008366842,0.0073334593,0.05190768048272809,0.04529089949486481
4653,-0.02426099,0.1701751,0.008700984,0.009515566,-0.016699035302286728,0.19112241721496678
4654,0.48771435,-0.2920483,0.018264616,0.013156611,0.4918262576788149,-0.27027522286785755
4655,0.768435,0.06411799,0.028559618,0.00856563,0.7574868537909767,0.09015636852365101
4656,0.030195523,-0.05323346,0.010052733,0.009606468,0.04039528503256862,-0.03766410098590261
4657,0.07202909,-0.07362609,0.0103604775,0.009277729,0.07565737650305503,-0.04980474236705363
4658,-0.08194478,0.06436923,0.010264318,0.009498391,-0.08186470773300895,0.0881115598608562
4659,-0.16748886,-0.17763695,0.011725185,0.010134834,-0.14373241643952925,-0.13650114535089172
4660,-0.09993384,-0.0895906,0.010208034,0.008008142,-0.09863261895821282,-0.06441113497614087
4661,0.7198797,-0.28023845,0.021309203,0.009165801,0.7195929099245033,-0.25928206071461946
4662,-0.6242764,-0.20921072,0.027733233,0.012241729,-0.618164751373913,-0.18337674072637958
4663,-0.01308044,-0.03838787,0.011278071,0.010013898,-0.005897439427722969,-0.018718153198244204
4664,-0.32913655,-0.07803639,0.010834297,0.0065978263,-0.3282669794817278,-0.0578716764573591
4665,-0.088053614,0.095461026,0.011076134,0.009464994,-0.07843298255788868,0.1125129520356097
4666,0.041280884,-0.2518505,0.00886902,0.010631082,0.045402995400002304,-0.22412599477853332
4667,-0.12124488,-0.28263673,0.011215479,0.012266947,-0.09825634415311844,-0.24777175411541122
4668,0.0016743462,0.2196838,0.010207443,0.011529249,0.010667701038651906,0.2346699873680955
4669,-0.018281702,-0.014262789,0.014527512,0.011740899,-0.007456742913069052,0.0009446536740023267
4670,0.055557553,-0.08422656,0.01649848,0.014857192,0.0751742835529175,-0.05353723825351461
4671,-0.020122781,-0.3983109,0.017486142,0.017939113,-0.013089035650761008,-0.3755978707734655
4672,0.03354295,-0.038974434,0.0091123935,0.007671712,0.028148613784563167,-0.01593501568859234
4673,-0.05574006,-0.00861279,0.0096601285,0.007930242,-0.05873620519412124,0.010661386588108304
4674,-0.026201643,0.00850997,0.011110796,0.009541396,-0.014827417661961903,0.02734159398120652
4675,-0.091607854,-0.13149232,0.0111584235,0.009179908,-0.09079621337767611,-0.11495322999313333
4676,0.13885437,0.12648302,0.008392493,0.008362944,0.14529405708045415,0.153283750890499
4677,-0.020677082,0.15783095,0.010034205,0.010845255,-0.013312454172952338,0.17223972859562936
4678,-0.46134323,0.21682316,0.014182734,0.010964252,-0.4411509893930708,0.23003228904179254
4679,0.14215215,-0.25864273,0.00866234,0.009198712,0.13273371088345198,-0.22712128635781467
4680,0.498524,-0.59889525,0.013650761,0.016082082,0.5178709832247138,-0.591887777607869
4681,-0.0057724896,-0.009505817,0.009384174,0.007918348,0.004212789102947531,0.018153497448708266
4682,-0.17656247,-0.030239284,0.009448416,0.0069560977,-0.17399877991829202,-0.007379404488312187
4683,0.117371015,0.04431337,0.011385214,0.008798153,0.1189203793327878,0.061153611734932174
4684,-0.007972639,-0.064639874,0.008722729,0.0076521654,-0.0029437370578305868,-0.05001998668627984
4685,-0.09203045,0.47331345,0.012313762,0.02021211,-0.07757523298836687,0.48539852217628865
4686,0.11350087,-0.11219798,0.010775688,0.011717505,0.09840015972817559,-0.08243389847059747
4687,0.4489277,-0.75529236,0.008921362,0.015234491,0.45214895877066297,-0.7441164604474807
4688,0.5253575,0.240504,0.015183132,0.009525177,0.5179334632724999,0.2574947979706389
4689,-0.015941113,-0.020666912,0.009097394,0.0074819997,-0.019823679600895264,0.003639359767236885
4690,0.054856542,0.02537492,0.010013904,0.0084070945,0.05172347596419022,0.041428935207815265
4691,-0.21971034,-0.15638986,0.017577043,0.013412857,-0.19754375774573024,-0.13229688175531676
4692,0.09781833,0.10764863,0.008397814,0.0082246335,0.07734560957808913,0.10307027231444876
4693,-0.17899622,0.03516368,0.011922986,0.007881091,-0.17145959993939255,0.05537687392558487
4694,-0.2847561,-0.073897935,0.016749738,0.00825836,-0.2377747670560853,-0.04500311533387812
4695,-0.3420936,-0.45715946,0.012175041,0.017205218,-0.3288404782799219,-0.42086271909704226
4696,-0.00443981,-0.048188634,0.009202524,0.0073987218,-0.0038686647915546803,-0.027277955956382636
4697,-0.19010039,0.003865256,0.011816373,0.0077252896,-0.18582251707879657,0.027451987664917226
4698,-0.015059432,-0.24836701,0.010167322,0.010897573,-9.676771156139633e-05,-0.21223477492738108
4699,0.03701621,0.17617825,0.010040342,0.01078073,0.04161593753328941,0.1919362446360062
4700,0.11772958,0.1342533,0.014271701,0.013264026,0.13997143884669777,0.15362373025408643
4701,0.010280296,-0.3956386,0.05590692,0.0608572,0.03676755880231434,-0.3601431898556754
4702,0.014379194,0.1025642,0.010404365,0.00991743,0.028969928628808567,0.12791211025465976
4703,0.009200271,0.038446717,0.009571457,0.008607427,0.02861224642394597,0.0492388881241325
4704,-0.014646668,-0.021082073,0.009076365,0.0077241445,-0.01221972793351493,0.0011110227172227345
4705,-0.4824915,0.5788718,0.012535227,0.018125834,-0.46580935621086683,0.5932810281354471
4706,-0.0739241,-0.075863875,0.008197894,0.007268077,-0.06936846165390075,-0.0483662690856077
4707,-0.038927503,-0.2762965,0.013876047,0.015521777,-0.027537393360618348,-0.2382487021549916
4708,-0.008283541,-0.016659133,0.008490488,0.007274008,-0.007125648093443264,0.009375404850365577
4709,0.52669835,-0.05174819,0.02307374,0.008090602,0.524987201663457,-0.03616604859248533
4710,-0.0036052815,-0.052794807,0.012732753,0.010681117,0.003444701884865411,-0.02585987207143703
4711,-0.21818651,-0.17092088,0.014402848,0.011306381,-0.18677233988495537,-0.12947353963346253
4712,-0.31716302,-0.48909384,0.011698792,0.014044509,-0.31049540264865294,-0.45664989898045205
4713,-0.022334147,-0.19354068,0.010468779,0.010623052,-0.010785564109656273,-0.13425021072108184
4714,-0.047192723,0.17439333,0.00849959,0.010173864,-0.04513001409189858,0.19772067886370562
4715,0.007781791,-0.048011824,0.013878399,0.012695706,0.00473333278916604,-0.03139028012586715
4716,0.46217626,-0.24080625,0.012251706,0.0096981125,0.4600166396050673,-0.21778446654095698
4717,0.013882738,-0.032100834,0.008725803,0.007397987,0.01646147337596726,-0.01143358962641385
4718,0.4528766,-0.7580858,0.013044614,0.016105546,0.4670556113130309,-0.7485176187775813
4719,-0.14185047,0.11189934,0.009265125,0.008169868,-0.14499284205345028,0.1270378490406092
4720,0.52147895,0.39296487,0.05443507,0.044723697,0.5046234512187336,0.3949056447474556
4721,0.053112492,0.040765703,0.014494616,0.012058013,0.06504997374542623,0.05860104874590921
4722,-0.03492778,-0.015227043,0.009102473,0.00766259,-0.039895944760449116,0.009758697030009445
4723,-0.3488011,-0.29966283,0.034661528,0.029871525,-0.3305755277421838,-0.29346134045405636
4724,-0.6222606,0.3315444,0.016332544,0.009966266,-0.6117394091567885,0.3477158453991075
4725,-0.022708628,-0.031286303,0.014281455,0.012310577,-0.01937320082484585,-0.013459185156476025
4726,-0.4183315,0.05069703,0.013367436,0.0061185653,-0.41205066423760983,0.07447449868234532
4727,-0.0021573151,-0.02600848,0.023450283,0.02009658,0.025494292595904584,-0.0011047733283354548
4728,-0.14706327,0.024527512,0.011448973,0.009059346,-0.14820940585080097,0.053825700706109085
4729,-0.37429887,0.07236132,0.015390934,0.008055752,-0.3606497272360316,0.08934467014033824
4730,-0.033358183,0.065044,0.017224992,0.015159922,-0.024980382433247746,0.08523722195916397
4731,0.23591956,0.022343498,0.016598731,0.009046529,0.24953254051573234,0.04441003567103668
4732,0.04335774,-0.01550419,0.009169568,0.007602763,0.039893208998918635,0.010828860476307774
4733,-0.03292293,-0.19234957,0.022513023,0.021169385,-0.016001530873647304,-0.170329413771397
4734,0.26459292,-0.33976802,0.022816723,0.025249837,0.23265277004530538,-0.27325817240716954
4735,0.11634922,0.024504453,0.013004607,0.009625476,0.12809599469345062,0.04624763017029027
4736,-0.04113024,-0.08871794,0.01004589,0.008087463,-0.03675718081329309,-0.06530313232388321
4737,0.22425501,0.043560572,0.013392373,0.007769578,0.21980492249003664,0.05984511889468085
4738,-0.05938708,0.06790079,0.013643705,0.01191807,-0.044543869861239746,0.08909832607444293
4739,0.033986665,-0.4300288,0.01622628,0.020725,0.03711508484354603,-0.35583837458274853
4740,-0.019256797,-0.03029827,0.008591783,0.008258568,-0.01945297624349198,-0.006654273155230276
4741,-0.6851604,0.3260987,0.028051121,0.017889349,-0.6599962411829271,0.32972369564850995
4742,-0.03981955,0.0014287299,0.011699383,0.012023618,-0.032995049560725284,0.009070317547270935
4743,0.0015141186,-0.044955146,0.00912917,0.0079041235,0.004629356420694417,-0.012178014766061137
4744,0.0006138873,-0.016858086,0.009017297,0.0070934133,0.0020215974231067913,0.0034927604142667283
4745,0.0437491,-0.3041176,0.007926858,0.00970769,0.040633652777627934,-0.276768685662066
4746,-0.042588536,-0.055065595,0.0329133,0.027063735,-0.000708785918368264,-0.009822035870100743
4747,-0.14855811,-0.18118404,0.009446881,0.008495276,-0.15377743904745517,-0.15682288635119462
4748,0.038311195,-0.059124008,0.008688222,0.008184266,0.03194852662018522,-0.03069126818458172
4749,0.010703739,-0.052170113,0.011834045,0.010336365,0.016520755227853477,-0.03150541202768214
4750,0.6042315,0.42690793,0.016176548,0.013157667,0.5873041772165822,0.44311061909210864
4751,-0.11861783,-0.85896575,0.010998791,0.031090355,-0.11534790807286466,-0.8125741627946441
4752,0.04709202,-0.0064118886,0.008369796,0.008077189,0.049863977571374424,0.01593816395155891
4753,0.15341039,-0.15913811,0.011268406,0.011319302,0.15039320213968566,-0.13631540144426968
4754,0.09837554,-0.39750704,0.007711467,0.012637458,0.09589318403087516,-0.36121899519116263
4755,0.14635156,-0.16222921,0.013695211,0.012674653,0.1775627635918551,-0.13768792606633548
4756,-0.04769228,0.035172503,0.01312239,0.011460827,-0.04342445506324175,0.06619613853264046
4757,-0.101600066,-0.3776194,0.010763186,0.015199188,-0.08882928956611345,-0.3490174468282036
4758,0.29638967,-0.10485472,0.01527518,0.009683908,0.29956796457015045,-0.08602025652417641
4759,0.44022948,-0.21848473,0.019132648,0.012613594,0.4084042439261456,-0.18658942224435354
4760,-0.10162799,0.011244497,0.01195479,0.009803255,-0.08937749838030283,0.04174966696585406
4761,-0.05463877,-0.0062862495,0.008557744,0.0074428264,-0.046507585904920865,0.014691063357707188
4762,-0.29103726,0.40530732,0.010363073,0.012631138,-0.2759749388219047,0.42776846825967163
4763,0.14781077,-0.39424622,0.007875054,0.013727857,0.13707413288361245,-0.3544905443774949
4764,-0.08696963,0.12143843,0.008310332,0.009111114,-0.08155000123255454,0.14229430743969068
4765,-0.41516703,-0.3362442,0.019747628,0.01580807,-0.4096527242037931,-0.3167468991950034
4766,-0.026157148,0.22738153,0.0109045785,0.011456038,-0.01848635028423765,0.23145960449915182
4767,-0.11158306,-0.106792696,0.009659774,0.0072741583,-0.12053647990073141,-0.0844906962100068
4768,0.010865467,0.00062530395,0.009813954,0.008540887,0.01173069835481894,0.020328176383802715
4769,-0.16311371,0.042952046,0.0130173145,0.009033834,-0.15109946626553386,0.06607791227908141
4770,0.42929947,-0.83089304,0.010783705,0.020440923,0.44100895292370107,-0.8128756513481601
4771,-0.08275899,-0.17027101,0.008874573,0.0076636756,-0.07729327878957427,-0.14165205913629775
4772,-0.047833033,0.08820622,0.0094322385,0.009622661,-0.04280668183087776,0.10882032709490828
4773,-0.031214736,0.01917994,0.009287094,0.007480103,-0.032110807739229384,0.04082783171673126
4774,0.023860611,-0.035239667,0.008117963,0.0072545772,0.012165199786977169,-0.008324751220041225
4775,-0.24669148,0.2928845,0.011058804,0.014584752,-0.2498739732541061,0.3200858642698055
4776,-0.029668257,-0.007907794,0.0111426255,0.008844872,-0.020971054697653115,0.009316646729972306
4777,-0.15511277,-0.16112565,0.013413665,0.011211487,-0.14857301875549456,-0.1291720499987001
4778,-0.3223496,-0.09810391,0.015653737,0.0074814777,-0.2587261183067198,-0.06709402275102674
4779,-0.37357682,0.11349226,0.013650292,0.0082773175,-0.35619348457578087,0.13398844880396457
4780,-0.04578746,-0.07826305,0.008816911,0.007342752,-0.04824225351825429,-0.05714962784122438
4781,-0.03691098,-0.033398114,0.008214211,0.00701773,-0.035782158923154415,-0.011425655758477827
4782,0.4230377,0.64044875,0.010585796,0.0134545285,0.42015910710390036,0.6573137532171097
4783,0.0014414643,-0.22759956,0.0085316235,0.009014025,-0.005718929603206027,-0.2115431349620261
4784,0.005941898,-0.0050725723,0.009804038,0.007966437,0.005434746576951353,0.020738032397476295
4785,0.068232186,0.035115167,0.011442021,0.009510189,0.06933268573190958,0.05625210694173386
4786,0.11260757,-0.8340826,0.007419355,0.019411515,0.12133922471415798,-0.8156384987604004
4787,0.017423678,0.2917301,0.007456509,0.00892234,0.017753731303675184,0.31475186125256166
4788,-0.22558187,0.13239087,0.014541962,0.01239639,-0.20164673137958405,0.14574546468059862
4789,0.029708136,-0.027888589,0.008218112,0.0077835056,0.0353634937743822,-0.007753118600307682
4790,0.14956158,0.46010828,0.0077122943,0.012534723,0.15013681613530971,0.4855830600403345
4791,0.59988654,-0.32782385,0.017447952,0.010355768,0.5911539787061242,-0.2981177999434402
4792,-0.70244354,0.092491396,0.019250296,0.0070547997,-0.6738514628784272,0.11635531694924536
4793,-0.53042316,0.07962795,0.019868823,0.008501172,-0.5030592132539718,0.09636833348182888
4794,-0.0049327943,-0.0011598626,0.013293564,0.010673325,0.005329182147918275,0.02151319044931327
4795,0.0726369,-0.10859177,0.010102064,0.0095626945,0.07693449401943228,-0.08391662946940823
4796,0.020612665,0.004495538,0.0080363685,0.007015463,0.023706979498900296,0.02950962993290041
4797,0.0017110142,-0.4093207,0.007628302,0.011647196,0.003355329703189795,-0.3768915628196708
4798,-0.07817766,0.050629586,0.012439395,0.011108171,-0.06146418881681127,0.07189433405832968
4799,-0.039003786,0.12358653,0.010364606,0.01090187,-0.0383013208506633,0.13655149646904302
4800,-0.015678274,0.057934556,0.0088608675,0.007758775,-0.01877748072873048,0.07994311712175127
4801,0.3114965,0.6379739,0.015435776,0.027507948,0.3119549742463356,0.6587677156100716
4802,-0.042501487,-0.058708936,0.01091696,0.008680908,-0.025667344778548866,-0.028543551456427646
4803,0.0074751726,-0.08908407,0.009564609,0.008370246,0.0066500100321027844,-0.06305422015210972
4804,-0.029857665,0.015342853,0.009273747,0.007659717,-0.026414451086483725,0.04454286166519745
4805,0.2618146,0.39343596,0.01791023,0.022268094,0.24632436934379684,0.37875683703306096
4806,-0.06640276,0.13765995,0.008746601,0.008813589,-0.07721201083846162,0.16180409468078974
4807,-0.1481603,-0.13270864,0.010454151,0.010329583,-0.15679197945929876,-0.10605257558154353
4808,0.05651335,-0.10299628,0.012325537,0.012541229,0.0606612055581904,-0.07449021361673286
4809,-0.07671058,-0.1514545,0.00852855,0.0072590564,-0.07111802805336537,-0.11931205904363287
4810,-0.043148194,0.11574142,0.010031726,0.010620371,-0.044241931072477945,0.14370160598701942
4811,-0.3551088,0.32426685,0.010327206,0.011742615,-0.32656136158895666,0.32578732775226193
4812,0.016347319,-0.013082565,0.010652794,0.009267789,0.026117837092520826,0.00790721531220681
4813,0.027462065,-0.0044223526,0.009812657,0.008561061,0.028871678192168376,0.010998392822448569
4814,-0.24068117,0.2055535,0.0100711435,0.009979477,-0.24026821824673975,0.23229347220180144
4815,0.38205248,-0.6492678,0.010011309,0.015941476,0.38157728900464916,-0.6181850816289081
4816,-0.19539702,0.020059034,0.009463532,0.008316484,-0.20165640385697478,0.04633704778683625
4817,-0.02198455,0.3527851,0.011240115,0.015081964,-0.0037698681698637108,0.2902673388788235
4818,0.41013306,-0.77743435,0.011191196,0.022100825,0.4269347266238262,-0.7722893407238388
4819,0.40499407,-0.18716809,0.016077193,0.010086225,0.41155174834266833,-0.15948384509276986
4820,-0.01308044,-0.03838787,0.011278071,0.010013898,-0.005897439427722969,-0.018718153198244204
4821,-0.39707854,-0.6328825,0.020127762,0.029209882,-0.3804597727463573,-0.5864466688155506
4822,0.00044793217,0.15875661,0.010079405,0.009325866,1.881460912945317e-05,0.17225019516427809
4823,-0.7381934,-0.5210412,0.021147912,0.017037958,-0.7552018920783893,-0.5069174874187173
4824,0.16808705,-0.26400343,0.009558587,0.011998108,0.16095161969523694,-0.23188971009812073
4825,0.24913223,-0.10616601,0.0153691,0.011526115,0.23594654394636574,-0.07718646129326309
4826,-0.5445067,0.17631802,0.014701031,0.008963485,-0.5247474891627207,0.20601340995210052
4827,0.01923598,0.06699014,0.008915218,0.007841072,0.018105864954712815,0.09051306829084024
4828,0.06465339,-0.06135297,0.027713874,0.023492852,0.06373460855164954,-0.01686303481215772
4829,0.017104559,-0.028720304,0.0089177005,0.0071284375,0.01248562438278985,-0.008170176728978617
4830,0.268757,0.4424012,0.011125297,0.01634191,0.2656420300654087,0.4557586048067405
4831,-0.020353388,0.020747691,0.01246565,0.01093711,-0.015692685885028795,0.043679371835848815
4832,-0.11889125,0.006052575,0.014699858,0.012020517,-0.09758473518546394,0.024217865327564907
4833,0.010436133,-0.10647751,0.010083535,0.009894283,0.010146953748765343,-0.07732816706924642
4834,0.89989233,-0.100636385,0.028308066,0.0069289184,0.8833960556896522,-0.07510501757160261
4835,0.0074618175,-0.03006623,0.011411614,0.009630022,0.012928271598012407,0.003821775910972158
4836,0.10367676,-0.0051620537,0.0094322385,0.008029539,0.10250586789098264,0.019509265805487938
4837,0.09145351,-0.119914986,0.008617312,0.009367134,0.08884161389600331,-0.09559347634860062
4838,-0.0041712816,-0.053504772,0.008233956,0.007370571,-0.0068608546852175776,-0.029154398435498885
4839,-0.0046736994,-0.09454418,0.009060653,0.0079786135,-0.008297223292584338,-0.06888296245480673
4840,0.011710446,-0.05147415,0.00853966,0.0077579673,0.009204423365769075,-0.03566862722340493
4841,0.5869233,-0.23401703,0.015304766,0.0076141288,0.5782361228195935,-0.2096174219711118
4842,-0.019069385,8.331146e-05,0.0098948125,0.008146202,-0.014791381542733201,0.02023768737272914
4843,-0.01119188,0.0856294,0.013598899,0.011835086,-0.004779512048953809,0.11217215433199432
4844,-0.02916205,-0.33966237,0.009368466,0.012097334,-0.02070127220039589,-0.30922981678271855
4845,-0.020677082,0.15783095,0.010034205,0.010845255,-0.013312454172952338,0.17223972859562936
4846,0.1251026,0.40062046,0.011783739,0.019901086,0.12129792177616586,0.4092924154087649
4847,-0.11251616,-0.0006281743,0.011491165,0.008479966,-0.10729241265848735,0.017818890932054715
4848,0.49557364,-0.35436806,0.015317681,0.01262298,0.5192319105364589,-0.34569425065963666
4849,0.44565126,0.39121798,0.014613982,0.013788389,0.446590231714104,0.41206241736530086
4850,0.015107324,0.14554183,0.008025962,0.00792428,0.011897449617155324,0.1677381579254178
4851,-0.02693718,0.0008278107,0.008157693,0.0071707354,-0.024450693604157116,0.027821075250337723
4852,0.17691551,0.28430063,0.008416018,0.009051101,0.18136972329528714,0.30461808222660935
4853,0.043062784,-0.026251413,0.008043111,0.00728765,0.046858043951818515,-0.0031224997629006952
4854,0.01466177,-0.08912415,0.008383627,0.007813484,0.012010611396534884,-0.06686778384814629
4855,-0.06215691,0.10113686,0.014287919,0.013272051,-0.03587381972349417,0.11512908161531983
4856,-0.6016248,-0.3973326,0.017510625,0.014657199,-0.5891491477127622,-0.3653176942480908
4857,0.029719468,-0.11941562,0.008672385,0.008540708,0.028698085834464437,-0.08735027714868725
4858,0.016640553,0.2494837,0.014185201,0.016489644,0.023582435870635424,0.2759530343829612
4859,-0.013907215,0.056985177,0.007969671,0.007319703,-0.012875410298519381,0.07830642178878452
4860,-0.015256487,-0.07316465,0.008148352,0.0071514975,-0.014653953768739968,-0.03947727769366449
4861,-0.062935404,-0.24273193,0.009147124,0.009615409,-0.06070619055731728,-0.21170576112656128
4862,-0.097365215,-0.16875495,0.011181175,0.010161011,-0.09280625646755687,-0.14415464204509412
4863,-0.10089326,0.22860771,0.010393158,0.014077379,-0.09043870269778785,0.2430961766407202
4864,0.02052436,-0.14038303,0.008393321,0.007720455,0.01794242264065939,-0.10150562724084197
4865,-0.07903029,-0.44825023,0.010684403,0.016490279,-0.07657656501062601,-0.42431056151467783
4866,0.09800601,-0.3576318,0.030616459,0.03346062,0.13859199515876997,-0.3314619736678699
4867,0.06351751,0.3384987,0.012495438,0.017854538,0.06603622487617644,0.3596995813746473
4868,-0.5019252,0.31268892,0.030072682,0.02385191,-0.4835229783820963,0.3320459714087043
4869,0.18511976,-0.080572404,0.010230453,0.00909345,0.17571374278500457,-0.059891501349941915
4870,-0.6308112,-0.31579497,0.018589616,0.009496797,-0.6330963787356378,-0.29895524568442
4871,0.22987233,-0.028603867,0.012151959,0.007929782,0.23187265624832604,-0.009820800887832156
4872,-0.04023168,-0.022204928,0.009963863,0.007933244,-0.03425687860259109,-0.010968270545145034
4873,-0.098505065,-0.009292089,0.018066306,0.013988206,-0.06566407796960137,0.015759718591428495
4874,0.1329476,0.022932857,0.011373662,0.008444196,0.13969880000700266,0.04243455262235378
4875,-0.03776857,-0.11838154,0.008909665,0.007828599,-0.03450752861568588,-0.09531812993762774
4876,-0.36092713,-0.1669778,0.0113584595,0.0063948804,-0.36656824745637523,-0.14291189828495612
4877,0.013448555,-0.24773723,0.0077060247,0.007816745,0.01521954107509305,-0.2077107516550847
4878,0.18780032,0.15982068,0.008498998,0.007411929,0.18292958868001127,0.17961510768216155
4879,0.04506215,-0.040768083,0.009812774,0.008591294,0.04520224983304926,-0.017096003333895306
4880,0.0017520324,-0.09032329,0.008512474,0.0076877405,-0.0017255215009105511,-0.06288248857057656
4881,-0.09352194,-0.0009796405,0.008837944,0.0071136924,-0.10180693781319264,0.022991793560945946
4882,0.11854734,0.03943613,0.009165433,0.0069755786,0.11100995656697514,0.05829070927963454
4883,0.11797315,0.14291078,0.008248616,0.007336701,0.11186853474059678,0.16893052272731143
4884,-0.10683187,0.08829076,0.018783841,0.014507764,-0.09195520845796788,0.10491144956709177
4885,-0.14089692,0.124436595,0.0117320195,0.010603927,-0.13253155929276778,0.13907065959745984
4886,0.24889374,0.08011163,0.010400355,0.0077838167,0.25167528581572146,0.11374021393687636
4887,-0.10450063,-0.018061832,0.01036508,0.0080119595,-0.08684985849972351,0.006474559728311062
4888,-0.6396195,-0.30825508,0.015139101,0.007797455,-0.643301878231152,-0.2843634788471898
4889,0.088347346,-0.14008975,0.010113747,0.009694484,0.08504291571183811,-0.10949710013639435
4890,-0.7372582,-0.17581633,0.032912496,0.011495604,-0.734432534786897,-0.16112052930527843
4891,-0.23570356,0.010234437,0.010224906,0.00686975,-0.23308717086807312,0.035794353097330346
4892,-0.46538043,-0.32937872,0.016728284,0.012184235,-0.4478302412777463,-0.29561401254962305
4893,-0.0023043589,0.023906834,0.0093296105,0.008021204,-0.0013480002317526848,0.03331570680374143
4894,0.0022140448,-0.08913673,0.013485059,0.011753106,0.018071196962969903,-0.05498244609399271
4895,-0.3020203,0.1883297,0.01220201,0.011813843,-0.290026637477421,0.20269499786400294
4896,-0.14003266,0.50257415,0.007264923,0.013305656,-0.13946270590341017,0.5248400763942931
4897,-0.005668456,0.030611083,0.0088767,0.00778783,-0.0005489726391603893,0.04923484348441069
4898,0.09800601,-0.3576318,0.030616459,0.03346062,0.13859199515876997,-0.3314619736678699
4899,0.15089531,0.10370319,0.011312256,0.008971608,0.14693706115500324,0.11552096500684969
4900,-0.23094708,-0.21192244,0.010588274,0.009934672,-0.23626813168972438,-0.18917564713681245
4901,0.4167952,-0.0045561614,0.015136988,0.0059988704,0.4126576958798956,0.02059485327007608
4902,-0.020593436,0.16461203,0.011559867,0.012184507,-0.010184332679245683,0.22995371789118643
4903,0.029888842,-0.05228836,0.0080088135,0.007030818,0.03276521416512388,-0.02543390239338784
4904,-0.04788292,0.018654235,0.008981854,0.007216548,-0.046001346430235936,0.04024017505431028
4905,0.17583607,0.07434964,0.012211077,0.00873648,0.13805346591202627,0.0706044106762242
4906,-0.01938809,-0.049524702,0.010526228,0.008575112,-0.014643634580838965,-0.034104603871739504
4907,-0.03581305,0.06774878,0.008474885,0.007524673,-0.030615064429400037,0.09136093163599965
4908,-0.107180074,-0.016554065,0.009014698,0.0072872383,-0.10654509173585035,0.010415065558524575
4909,0.2210744,-0.26115966,0.014359133,0.017415252,0.23295427220544407,-0.2419515818209558
4910,-0.04720867,-0.14655042,0.008292244,0.0077236635,-0.04668657498117141,-0.12258113975368215
4911,0.0694885,0.19116619,0.008943221,0.009790515,0.07407656135134225,0.2052660473423866
4912,0.0022709868,-0.0550932,0.010438696,0.008984295,0.004240616639182436,-0.04272423044883293
4913,0.069499284,0.0065900898,0.010470549,0.008590306,0.07308604646915574,0.02212777504378714
4914,-0.032486644,-0.029039465,0.00835029,0.007116854,-0.03085066955708095,-0.0026599944710294704
4915,-0.027378086,0.055769533,0.009380395,0.008463531,-0.024887235265968352,0.07796507094688167
4916,0.10119397,-0.020420104,0.010720374,0.00878849,0.10129710081220723,0.0022291858860557577
4917,-0.11501103,0.29820627,0.042107847,0.040238805,-0.11003702465368984,0.392366518710424
4918,-0.092915,-0.058271103,0.01021464,0.0075140777,-0.09742527281930245,-0.03511595673944401
4919,0.2891353,0.07186058,0.013038262,0.007805147,0.27658328564424184,0.08974823265726546
4920,0.13719922,-0.02827365,0.011473724,0.008899465,0.12768792606729334,-0.0006473799354882757
4921,0.049796186,-0.23090704,0.008236319,0.009180526,0.044563875228062946,-0.20892640858999156
4922,0.11853471,0.31189245,0.014247022,0.019260637,0.11858206738886005,0.31652538425159155
4923,-0.2622687,-0.2981783,0.010057337,0.010117129,-0.2610481337408244,-0.2743123835383317
4924,0.14238764,0.4172217,0.008934713,0.009536296,0.13922444385189717,0.43468267219748835
4925,0.19041786,-0.76917756,0.007382789,0.017644096,0.19675566693520685,-0.7368264753022421
4926,-0.07628501,0.17097872,0.0079164505,0.009123885,-0.07995104636010325,0.19463308690759865
4927,-0.019818665,-0.20883316,0.010567515,0.010440134,-0.007906926507930127,-0.18611681940989966
4928,-0.05541029,-0.02609948,0.009829182,0.0074411137,-0.050159340652317405,-0.008885958202510992
4929,0.0061738403,0.2766866,0.008152252,0.0100031635,0.007676170501064333,0.2923720389346438
4930,-0.14964226,-0.023900546,0.01275123,0.008239244,-0.14082295847295842,-0.00120400807158752
4931,-0.09528127,0.26743916,0.0077846884,0.010451486,-0.0903837138825164,0.28989288162921373
4932,-0.042010795,0.0097277975,0.008548406,0.0072399243,-0.04065088680089157,0.03450668542844273
4933,0.23508345,0.00842215,0.020872893,0.011895538,0.2062140180675794,0.03463710919005652
4934,-0.21238635,-0.114778675,0.010361184,0.007705178,-0.2060013563017082,-0.08485258668687727
4935,-0.0139527,-0.032444604,0.008525593,0.0073786885,-0.007358370728110636,-0.010845265335731935
4936,-0.55691826,-0.58213186,0.017698267,0.022359017,-0.55721288047371,-0.5633444677149673
4937,0.2620749,0.10831524,0.01415288,0.008798284,0.2646480288295412,0.12781086103095862
4938,-0.19622704,0.44767118,0.009308943,0.01602057,-0.18754051305071598,0.4567773273301402
4939,0.072698295,0.5197185,0.008008224,0.014615456,0.07220620414788921,0.5487651237086094
4940,-0.027378086,0.055769533,0.009380395,0.008463531,-0.024887235265968352,0.07796507094688167
4941,0.2937078,0.8830632,0.012105321,0.02945138,0.29416076886962617,0.8959921869288388
4942,-0.29972792,-0.04943101,0.01988308,0.010535801,-0.3035018942497353,-0.024772854670152847
4943,0.327286,-0.1711114,0.011791869,0.00881477,0.3308962023357201,-0.15275293551749364
4944,-0.019256227,-0.034441635,0.008707484,0.008578895,-0.022203357600854293,-0.007558396474388319
4945,-0.78223944,-0.12610114,0.030061465,0.00884361,-0.7423268457701205,-0.10244533606058805
4946,0.052906398,0.07617833,0.0090871155,0.0076577337,0.05463219915566691,0.08891114345740665
4947,0.17214783,-0.08835738,0.017991258,0.013132369,0.1874762311039341,-0.06048489402716259
4948,-0.0075524426,-0.10257768,0.008696258,0.00739472,-0.00887212426066832,-0.07933592146159235
4949,-0.19622704,0.44767118,0.009308943,0.01602057,-0.18754051305071598,0.4567773273301402
4950,-0.16516776,-0.025809549,0.02156392,0.01446527,-0.1302787508129008,0.0033266173821587023
4951,-0.012670338,-0.021878727,0.012576196,0.011147378,-0.007521603730955585,-0.0036934327636996937
4952,0.19011153,-0.32997563,0.017618505,0.022806088,0.22625711370798446,-0.3326305622833988
4953,-0.122177124,0.006488255,0.013455065,0.009714207,-0.10462154529324998,0.02827556036452109
4954,0.0042322627,-0.15957898,0.017841728,0.015827434,0.011821128628306412,-0.1467844464707085
4955,0.08611747,0.0018777614,0.008875518,0.00777892,0.08717198370030167,0.02627890718541857
4956,0.11223282,0.039133422,0.009705345,0.0074051716,0.11448114409246916,0.06288331014180618
4957,0.49355388,-0.6173587,0.014794063,0.017181644,0.4864122460537779,-0.5831674149557446
4958,-0.009560069,0.060184136,0.018887138,0.016554601,-0.00812497804551148,0.09240565656642327
4959,-0.5060338,0.12773074,0.020859465,0.010809575,-0.4919560087615327,0.1506510542152415
4960,0.15885316,0.008349492,0.011901429,0.008302452,0.16166383273297874,0.023295022621434826
4961,-0.05691062,0.07118568,0.012205542,0.010204559,-0.04311276265716846,0.0898548828764886
4962,-0.06487836,-0.13596947,0.011801649,0.010506279,-0.0481161475342815,-0.10199034378375953
4963,-0.020597659,0.13920134,0.009218115,0.009151354,-0.017650974125906185,0.16406398827330831
4964,0.085999876,-0.48431462,0.007067854,0.010888976,0.0782151936508472,-0.43813736284373844
4965,0.013962666,-0.51838857,0.014159111,0.0229321,0.011377189547084388,-0.47602024187197217
4966,-0.50377786,-0.0975629,0.017427098,0.0065168017,-0.4774605989744291,-0.07342272572626386
4967,-0.111033015,0.028490774,0.008874337,0.007896238,-0.08671530026150367,0.04473202260555172
4968,-0.14820682,-0.09858587,0.012333191,0.009038979,-0.1373542902289663,-0.06819373109276856
4969,-0.030591179,-0.051759146,0.010080938,0.008253544,-0.02847471678990383,-0.02461049774249582
4970,-0.58733964,-0.35604596,0.018409865,0.010575648,-0.5686108826741558,-0.31973655183761696
4971,0.07693465,-0.01726409,0.014392623,0.012112966,0.08340195392857253,0.008122762792019716
4972,-0.04974982,-0.041910328,0.020736171,0.018555874,0.001954912102552004,-0.003130206464423192
4973,0.47100046,-0.19485497,0.017632676,0.009415274,0.47315728780078087,-0.17800039843187396
4974,0.08368352,-0.27898586,0.016125642,0.020077625,0.09288071578819095,-0.24974379834219781
4975,-0.020216562,-0.09554078,0.00863114,0.008169073,-0.01745888290677458,-0.07244548863664643
4976,-0.034144063,-0.03600002,0.008864766,0.0071974965,-0.034039089798431885,-0.017286188064241814
4977,-0.29059288,-0.2759775,0.013491763,0.01149792,-0.2869852017118585,-0.25540963551257706
4978,-0.6730903,0.6868147,0.014061079,0.014484649,-0.6582106671873322,0.7035580765408931
4979,-0.002385017,0.020071976,0.009205004,0.0074743554,-0.000557921264926151,0.04435443737614455
4980,0.00315496,0.0007855883,0.008886743,0.007326358,0.0035084729910072002,0.01861059913457985
4981,-0.44530153,0.11329632,0.014355021,0.008502649,-0.4462739357460516,0.13392058818048702
4982,0.005612873,-0.2435286,0.008620504,0.008681766,0.007564148305232599,-0.21573392587136775
4983,0.03242567,0.04270795,0.007904978,0.0071215504,0.02508431660977228,0.06810892900057909
4984,-0.090142116,0.013328268,0.009500492,0.007825251,-0.09003450446933685,0.032719405090434465
4985,-0.0021573151,-0.02600848,0.023450283,0.02009658,0.025494292595904584,-0.0011047733283354548
4986,0.5183675,0.2753592,0.06149133,0.042066287,0.6789156132373192,0.3400046687301997
4987,0.34067792,-0.087739065,0.015587191,0.008351048,0.3391480987628788,-0.06268854227669302
4988,0.47474885,-0.29179245,0.014216229,0.009863877,0.47188418974522056,-0.263069649390943
4989,0.39751476,-0.09338816,0.016727349,0.0078008375,0.3899484794430956,-0.06832676988453619
4990,0.18091036,-0.062360957,0.013619363,0.010118489,0.1796215271594021,-0.03568362679941163
4991,-0.003428198,0.0024607396,0.0081293145,0.0071068536,-0.001323891616926979,0.021343921055454778
4992,-0.020841122,-0.009661541,0.008071137,0.007106641,-0.015818135370348124,0.015052068046863236
4993,-0.042720478,-0.029187128,0.009461642,0.007785055,-0.03491535708637545,0.0018357605977952119
4994,-0.1833684,0.17152171,0.008877172,0.011199084,-0.18051787511957942,0.1811521744930995
4995,0.42272633,-0.49663043,0.014874051,0.017786985,0.4146348705040963,-0.4555791595302513
4996,0.09342177,-0.31604892,0.00861802,0.008995633,0.09566353718731511,-0.28475746745688957
4997,-0.06315043,0.102083154,0.010742075,0.010330559,-0.0474714153506121,0.13047073284188357
4998,-0.005284851,-0.025524668,0.024113927,0.0198107,0.007813956780650947,0.00461248259379465
4999,0.3402803,0.25444767,0.010750331,0.008943678,0.3460649645124703,0.2878200101428949
