,e1_res_mean,e2_res_mean,e1_res_std,e2_res_std,e1_input,e2_input
0,0.19757326,-0.64497274,0.0019176737,0.003010993,-0.19398495122508477,-0.6522742643945904
1,0.075335264,0.12031969,0.0048022754,0.0057666413,-0.059128624905946704,0.14032947848690508
2,-0.47026742,0.19757625,0.031599514,0.012464373,0.48657878559783035,0.21229084655916786
3,-0.30588698,0.5169119,0.004677578,0.0066466406,0.33367451927054065,0.5316336345154755
4,0.007913531,-0.009906182,0.001567567,0.0017650545,0.010735566403984936,-0.009122904172221396
5,0.022540804,-0.116991326,0.0047800895,0.010997834,0.01205251631145268,-0.12952202756331932
6,-0.1258172,-0.08512753,0.0030760071,0.002233655,0.16026977848317134,-0.08515772875872393
7,0.21248855,0.040440027,0.007900957,0.0025781584,-0.22287576124947678,0.0429681950254577
8,-0.004750504,-0.08943739,0.0024888625,0.0035385648,-0.016474300042647126,-0.09210534954328767
9,0.24415825,0.25788283,0.0033575094,0.003263722,-0.21409297490728416,0.2612729796324253
10,-0.30636057,-0.74406713,0.0020859,0.0034665593,0.3381981257126254,-0.7407845735768496
11,0.0617311,-0.0079139825,0.003975492,0.0028978009,-0.0454157435755677,-0.00893228076971114
12,0.21472389,-0.22228543,0.0020886362,0.0019207223,-0.1660926998484303,-0.22941068765727635
13,0.11123525,0.14868756,0.003082306,0.0028563149,-0.1151109958393064,0.16581389231356378
14,0.011968468,-0.19502793,0.0015739944,0.0037688024,0.022871362646078364,-0.20370081530660655
15,0.03966339,0.027005116,0.0064988015,0.0069399686,0.005068332397240529,0.03407684004492664
16,0.060239743,-0.035824697,0.0018856669,0.0017683558,-0.04242261776058352,-0.03604598124295677
17,-0.10581874,0.039302517,0.0060813385,0.0027386614,0.13128443774854975,0.04092891944086169
18,-0.0031695878,-0.0027810615,0.003030132,0.0033841233,0.018528799526074283,-0.0017753513542543846
19,0.582397,0.20362179,0.015539304,0.0059076077,-0.5867294313360186,0.21690520798276733
20,0.12571055,-0.16907918,0.0023256987,0.0021454766,-0.1388540743501199,-0.17256386686766478
21,-0.17102332,-0.24879396,0.005473905,0.0069161006,0.2083574964495393,-0.2624536448506692
22,-0.019508671,-0.0566712,0.0033520446,0.0037887697,0.09009414236302504,-0.05823133960838734
23,-0.09401539,0.3010145,0.001990964,0.00323401,0.13776516989393828,0.3196112581361168
24,0.0879734,-0.04504698,0.0018870946,0.0017381932,-0.06327406550937582,-0.047165083774125954
25,-0.02652425,0.007538615,0.0023488908,0.0020581959,0.050317706095435046,0.008473566112729081
26,-0.09401539,0.3010145,0.001990964,0.00323401,0.13776516989393828,0.3196112581361168
27,-0.122555636,-0.03609911,0.0044111637,0.0025387702,0.16089754849280347,-0.03681332438380293
28,-0.061555445,-0.21189162,0.002179519,0.004604217,0.03512278104023765,-0.22106317573429118
29,0.18236361,0.038644444,0.0046769846,0.0020324548,-0.1828161365290007,0.039512802817050205
30,-0.003213345,0.029172787,0.0036984386,0.0044737887,-0.026335638046065812,0.032998981457348066
31,-0.030539125,-0.025948273,0.0029657139,0.0034547928,0.056404788505658096,-0.028089541868605582
32,0.031969592,-0.24829486,0.001548404,0.0043650507,-0.05677251536912779,-0.2556079170009189
33,-0.25663465,-0.105450846,0.010467599,0.0046071988,0.31838645630984364,-0.11443098917196723
34,0.12867475,0.13651545,0.0022639704,0.002128147,-0.14272731395296034,0.14012801269114736
35,-0.28485978,-0.072554685,0.009451014,0.0028590187,0.25421533130865465,-0.08156665367888392
36,-0.23122917,0.3843088,0.00282034,0.0034652273,0.24616428675993443,0.3819549650426194
37,0.02353257,0.55848545,0.0016166035,0.005834182,-0.011428224040339796,0.575313817256019
38,0.5516139,-0.017191758,0.018470371,0.0021930807,-0.5733489855436549,-0.015724263141960668
39,0.144373,0.052591637,0.008957042,0.0037712364,-0.1217223062511441,0.05304137895690413
40,0.116871804,-0.57142407,0.002118733,0.0050335857,-0.11271577665274847,-0.5789001855980144
41,-0.00933013,-0.019439982,0.0017413266,0.0020245037,0.028625980960007555,-0.01832610251210222
42,0.053188853,0.24254002,0.0025426103,0.004426505,-0.03194456131720981,0.2743290851135689
43,-0.16149938,0.091678105,0.0020750745,0.0014087707,0.2095030912272126,0.09240654786163176
44,0.08865041,0.023961322,0.0039312015,0.002784416,0.07189480595589176,0.025940405564714417
45,-0.040013798,-0.021094592,0.004564138,0.004250694,0.024859301811791475,-0.02588636678844717
46,-0.13840489,-0.053719997,0.0017972564,0.0014456337,0.16621682157551404,-0.054045355686142216
47,0.08547526,-0.20259596,0.0016596871,0.0024337135,-0.07244184888567373,-0.2086618163479693
48,0.17771596,-0.052609943,0.0031494503,0.0023965247,-0.18447456291573927,-0.05696821747931389
49,0.059208024,-0.40501815,0.0015422145,0.007244789,-0.03982667367043585,-0.41100318489805127
50,-0.17286734,-0.14480217,0.0033181827,0.0024417627,0.19422010062025488,-0.1482327786576026
51,-0.009782276,-0.03909795,0.0017523939,0.001967184,0.009956801653407244,-0.03943254463024618
52,-0.029753573,-0.28429478,0.0031148684,0.013901653,0.10232571489590545,-0.2937940038479965
53,0.17191853,-0.10622936,0.002012379,0.0015625203,-0.18193046163380433,-0.10705300421308196
54,-0.0207421,-0.22592902,0.0025824434,0.012358563,0.021043325106441513,-0.21524876370791723
55,-0.10594657,-0.55405813,0.0017093142,0.003500996,0.13509508724307537,-0.5571302241269764
56,0.14574233,-0.00030876894,0.0020130929,0.0015421467,-0.12185982889978902,-0.0006494210926347787
57,0.04651145,0.045626577,0.0017270462,0.0017488996,-1.0716123594589577e-05,0.04688751366388753
58,-0.031233601,0.02480243,0.002049854,0.0019255325,-0.04496943935856809,0.02710419713346894
59,0.0074768597,-0.05598206,0.0018531833,0.0022975465,-0.04099203342834515,-0.054122304221428365
60,-0.41204843,-0.45726934,0.0030281115,0.0031592762,0.44464046605137786,-0.47849587826593043
61,0.15828545,0.015876247,0.0048078513,0.0020493974,-0.13234347589976753,0.01752159703376007
62,-0.04327138,0.22738768,0.0015611396,0.0030258866,0.04295815311795337,0.2218767625140106
63,0.012971559,-0.023148032,0.0016556407,0.0016345843,-0.016060343362876598,-0.024170651614186772
64,0.3443986,-0.6672048,0.004349564,0.0070986007,-0.3532040136456569,-0.6804268621221017
65,0.15193057,0.17380641,0.008204752,0.009483352,-0.227503558421443,0.2962763761169005
66,-0.012874021,-0.18205678,0.0011079105,0.002713083,0.025995451604840174,-0.18649004197413288
67,-0.016361922,-0.10355539,0.0015597112,0.0035002448,0.03730533287389591,-0.11015693129913598
68,-0.030807931,0.020619346,0.0048211394,0.005339877,0.02306470842641322,0.023894324774257042
69,-0.12930188,-0.31236178,0.0025292926,0.004249069,0.15641776201437715,-0.3261977087062
70,0.038953148,0.10063221,0.001526741,0.0024602113,0.014576921695952254,0.10355712134539816
71,-0.24213435,-0.155291,0.013185214,0.009447527,0.2891764583088947,-0.18248753281391397
72,0.34412804,0.46660537,0.0028124945,0.0031402127,-0.3453173012673598,0.5072199441482784
73,-0.6545054,-0.15478884,0.004634149,0.002124415,0.663498539070839,-0.15119074647773229
74,0.06663414,-0.029482754,0.0041551255,0.003911753,-0.09514697679580665,-0.02873864330850515
75,-0.39253053,-0.4396412,0.032438636,0.034784976,0.3818608933145669,-0.4492313367348697
76,0.08591054,-0.02141315,0.0044566193,0.0032938882,-0.07558378813699254,-0.02474455886588498
77,0.5926356,0.3886915,0.0023160654,0.0020421986,-0.5793252869640556,0.39743653753705827
78,0.02160668,-0.25390175,0.0014906746,0.0068733017,0.015689288632023846,-0.25884166477646203
79,0.5888158,0.14245872,0.0035129024,0.0017417419,-0.5837581805951112,0.145730545030541
80,0.25750074,-0.11779368,0.006780764,0.003308355,-0.3149970005048333,-0.12128026405402932
81,-0.021846488,0.05778786,0.003148737,0.003590371,0.049617771871779175,0.06603673490005407
82,0.040079214,-0.06455954,0.0014918651,0.0016695242,-0.020586453751038493,-0.065852828190022
83,0.054812007,-0.062239345,0.0015315021,0.0015182282,-0.03764602485190596,-0.06335359806142835
84,0.008156099,0.026577504,0.0029950705,0.0040525943,-0.013709198722723486,0.03005009011205353
85,-0.098861985,-0.03585015,0.0037375137,0.0021264048,0.12898056679079312,-0.03933737283108175
86,0.114726484,-0.046455827,0.0059352326,0.0038337777,-0.08116634070963155,-0.04213780135451673
87,0.00071693305,0.0013596507,0.0047870893,0.006308181,-0.028130108240005572,-0.0002712209803367114
88,0.20163336,0.1479109,0.0041015833,0.0032755083,-0.18319310743168124,0.15600221016166316
89,-0.04518672,0.14461075,0.0054639457,0.008548714,-0.03843327579402142,0.1623686523708277
90,-0.122394286,-0.12128478,0.0025367837,0.0021919864,0.17068838746696013,-0.12523703197564096
91,-0.21386255,0.2982236,0.005989862,0.0072592846,0.2565129005381268,0.3195082735450285
92,-0.21073098,0.75217444,0.0018173667,0.0031591651,0.21557786518016323,0.7671634358042634
93,-0.029765423,0.10111752,0.0029938822,0.0047887885,0.005692843558586068,0.10841069087400196
94,0.12970999,-0.058627654,0.0022639704,0.0015423085,-0.07936188212613075,-0.060401616778571324
95,0.41017142,0.26460668,0.0028271158,0.0022457293,-0.39531441513245097,0.2681065506750803
96,0.27986765,0.26340213,0.010282252,0.008517429,-0.28087178028043364,0.3047755499265934
97,-0.1992526,-0.42298615,0.0029231615,0.0053795166,0.22408419690831957,-0.4356123560940933
98,0.05754336,-0.03548651,0.0017885696,0.0017645687,-0.04973890074770414,-0.03710658103386068
99,-0.04981018,0.5401445,0.0013799679,0.0029783954,0.02018260174163625,0.5498337388522688
100,0.3254251,0.42809466,0.0045859725,0.004831798,-0.3450775088289877,0.47532593436852394
101,0.1016225,-0.0062484536,0.0062354794,0.0024486857,-0.07013914773277034,-0.005291796802700579
102,-0.23763435,0.07441624,0.027744135,0.008734604,0.30740131889875333,0.09334304933154212
103,0.037240725,-0.013471583,0.0018355724,0.0021600754,-0.017808367477876324,-0.01381161660408917
104,0.0798278,-0.4198028,0.0015923234,0.003163522,-0.029238931343528438,-0.42773396635645955
105,0.7693333,-0.16056609,0.0070835976,0.0024895084,-0.7809944212485976,-0.16724176570500615
106,0.039995596,0.032017794,0.0016924152,0.0016602942,-0.015369450321044864,0.03285710114486572
107,0.0060244994,0.011527063,0.0041360115,0.0051267683,0.025727538987290032,0.016089082369750797
108,0.03331177,-0.0141050145,0.0052507506,0.005594866,-0.021071618597725432,-0.021023285795790124
109,0.083654,-0.059686948,0.0018278379,0.0016590218,-0.058433295038926344,-0.06195284034658965
110,0.004535132,0.055286605,0.0027121583,0.003544485,0.0005923773152459199,0.06273607963076637
111,-0.113396935,0.08802788,0.0030395214,0.0022958282,0.09420905852842078,0.0932425623284715
112,0.02099409,0.0020432007,0.0016684941,0.0017238855,0.011097889357310061,0.0034928395116813667
113,-0.46881258,-0.29975018,0.0032622186,0.0023420649,0.44420575075809,-0.30992019399231313
114,-0.08354713,-0.057549436,0.002802271,0.0024083413,0.12718380962550485,-0.061395687280845296
115,-0.22498213,0.14805374,0.0039439076,0.0023495655,0.27829367846018904,0.15171025271268462
116,0.54680264,-0.29608265,0.003336124,0.0019719251,-0.5330549563401518,-0.30377145758039703
117,-0.6979642,0.09325624,0.0052244244,0.0016635206,0.72214582109361,0.09416282489811421
118,-0.01877762,0.39862743,0.004814614,0.03502269,0.05874478551988703,0.3744196667118699
119,0.032300714,0.043427646,0.0018055863,0.0017253482,-0.009719497993695161,0.046546416229707226
120,0.092934415,-0.17854637,0.0019114866,0.002389517,-0.058551994104721894,-0.1856533089480034
121,0.025598772,-0.0407687,0.0017270462,0.0022146136,0.019640853435219385,-0.03845235843989586
122,0.37575832,0.44232687,0.00429069,0.004204378,-0.30414796086935164,0.4671466063249448
123,0.05261953,-0.12348381,0.0026371374,0.0055929986,-0.047571831217840865,-0.14047497716995722
124,0.008518108,0.24728641,0.0011361317,0.0025338295,0.009685039146560302,0.25502427543250383
125,0.040124267,0.0030773412,0.0014018723,0.0015594184,-0.008985823796586372,0.003554481488893424
126,-0.017444253,0.0024044495,0.0024524739,0.002816059,-0.02634956366002313,0.0030913076310067926
127,-0.30701387,0.15335172,0.020129632,0.008880309,0.335020936730282,0.15445155337686844
128,0.03363394,0.012347585,0.0019626475,0.0020425417,-0.03830897243286846,0.013573019147123597
129,-0.0031403294,-0.03114719,0.0026982485,0.0032296733,0.03829851849793905,-0.03425303256731635
130,0.06346334,0.11942054,0.006179679,0.009620776,-0.03268568152185978,0.1740218806584183
131,-0.094319284,0.2082825,0.0021654826,0.00277232,0.12628424757027076,0.21533019840041204
132,0.04867049,0.0020063873,0.0028649175,0.0026954897,0.023364752925900817,0.0025934864272796378
133,0.06867373,0.047626268,0.00227301,0.0019833888,-0.04125298173372405,0.04631124585564417
134,0.016256519,-0.07196597,0.001401396,0.0015582222,-0.0021115641319560566,-0.07489750830553403
135,-0.008918448,0.043065067,0.0016113666,0.0019675517,-0.0066813855770423486,0.04412578239688903
136,-0.01723177,-0.45527926,0.0044007194,0.039322626,0.048375828523202026,-0.6024436606416994
137,-0.3708141,0.132271,0.00211112,0.0013794439,0.3960963035564471,0.13380284889872504
138,0.12558554,0.022199756,0.0019163649,0.0014634393,-0.0672351285919845,0.022960180805107245
139,0.16289355,-0.0025738124,0.0074399435,0.0023814638,-0.14021218392148885,-0.0004039233012684391
140,-0.03212041,-0.27651566,0.0033001222,0.010000174,-0.023455827291135736,-0.3110721541475768
141,-0.09203856,-0.054412924,0.00283936,0.001832111,0.12496533339571428,-0.05545535641362187
142,-0.064627506,0.48513344,0.0016777769,0.0051182704,0.09634294359498288,0.49711199842795273
143,0.13759507,-0.03285154,0.0043051713,0.0026545813,-0.09675466686044605,-0.03433091905916425
144,-0.0033835536,0.032158393,0.0016455246,0.0021591636,0.01880662219872611,0.03461769624641288
145,0.32351115,-0.5349025,0.0023064315,0.0027604145,-0.31140463962196496,-0.5485939889310837
146,0.21348064,0.32023844,0.0054139113,0.0072964444,-0.20419662310913145,0.33232615492449297
147,0.22266038,0.2523999,0.004080212,0.0039757034,-0.23402195281608973,0.2805610786613572
148,-0.012725166,-0.13982163,0.0018271238,0.0024855586,0.03852818606339005,-0.14933951047925756
149,-0.109564245,0.13714807,0.0019856102,0.0018024336,0.13351535607345102,0.14085490739968987
150,-0.4796435,0.0748989,0.0022946568,0.0014335911,0.501357289234449,0.07663332372650745
151,-0.2114714,-0.043681007,0.0028495826,0.0018107096,0.22588990118772317,-0.044474058214838734
152,0.037478626,0.12809134,0.0012717494,0.0017636912,0.02455970473885235,0.131703957714824
153,0.07595134,-0.18672705,0.004330335,0.008796485,-0.04426839075635628,-0.17806105468217268
154,-0.13667145,-0.048349317,0.0055879527,0.002900286,0.17592325545393225,-0.053228137937184374
155,0.078093976,-0.12859868,0.0025957606,0.0030414746,-0.02093294558466184,-0.1386760347459161
156,0.001843133,-0.025325874,0.001760129,0.0019576107,0.02648160631502063,-0.026819077499657114
157,-0.34193835,-0.14183772,0.005236046,0.0023766803,0.3395133397552683,-0.145465162962834
158,0.0027995715,-0.0005239268,0.0020524713,0.0025924577,0.01208005749475022,-0.0007673128196233579
159,-0.014676659,0.0671753,0.0022538605,0.0022986508,0.03820995218928689,0.07468892515623021
160,-0.024504445,0.08213684,0.0015447141,0.0017590869,0.012293639521631953,0.08442697570353172
161,0.39402837,0.16035332,0.020199146,0.008778423,-0.3969777682763004,0.1684722459161652
162,0.10984512,-0.6346175,0.0029844928,0.007903657,-0.05396534479495333,-0.6547238215399923
163,-0.2998946,-0.073708266,0.0018609175,0.0013789614,0.3248877028667941,-0.0746441265079535
164,0.029574677,-0.0045746136,0.0015741134,0.0018970849,0.014789435503910726,-0.004636406011978987
165,0.5920808,0.3122664,0.0036499794,0.0024248448,-0.5843459381559959,0.3185483595595823
166,-0.07573673,-0.006147137,0.002636543,0.0019097488,0.07317150008472895,-0.005852414470513788
167,0.14385565,-0.019765006,0.0037592475,0.0021769486,-0.09611428108671151,-0.021751961992119262
168,-0.101232,-0.10148693,0.0026817226,0.0021286684,0.15811453208260026,-0.10541535915118509
169,0.76220083,0.09292299,0.0043388815,0.0019924676,-0.7799745372560016,0.09973753078052813
170,-0.6700836,0.13221039,0.0024324956,0.0014767859,0.6905179864322882,0.13514499048782025
171,0.038603,-0.15826127,0.0023281965,0.0050202953,-0.1038974937971774,-0.16399579986018542
172,-0.4717525,-0.018027117,0.011747806,0.002849817,0.5007967747938495,-0.021954954787830626
173,-0.12643245,-0.040246285,0.0035730095,0.0019928776,0.13548166563394226,-0.03895576058102212
174,0.017423369,-0.056992617,0.0020957738,0.003707571,-6.278268476017541e-05,-0.06183375789467003
175,-0.03988091,0.06435623,0.0019644324,0.002218215,0.08112613314811382,0.06693334857997445
176,0.018950745,0.035837103,0.0019693105,0.0026236924,0.01988347958688954,0.03994235750979854
177,-0.098141804,0.08654117,0.00542814,0.004443798,0.14243850938186514,0.09261031095369944
178,0.0021717781,-0.009966083,0.0021148075,0.0022167566,0.005522146622181015,-0.009208214908043326
179,0.0068519833,0.03771271,0.0068574874,0.007041518,0.10292799503502087,0.0439733111563632
180,0.035954054,-0.010616081,0.0033794895,0.0028999944,-0.015454439833725398,-0.008461546698470442
181,-0.5425036,-0.56652015,0.00329133,0.0036163866,0.5770045233729572,-0.5540997444525124
182,-0.066336885,-0.30152246,0.0024967107,0.0067095966,0.0540316125168427,-0.3091701295491389
183,0.49037847,0.60808486,0.0035781174,0.0040716254,-0.49655883515392907,0.6514239369321237
184,0.07503818,0.036120743,0.002658658,0.0022782735,-0.0706839633417702,0.0399331205232704
185,0.0015822658,-0.013566414,0.0014803188,0.0018500013,0.02430293731428838,-0.013942437428117337
186,0.009334185,0.01593302,0.0013583014,0.0016788382,0.037364918795842486,0.01618622720117647
187,-0.14200991,0.2162738,0.0023358082,0.0026965814,0.16304077107990927,0.23327905946989574
188,0.19238448,0.15454374,0.004376863,0.0037767407,-0.15959615665264598,0.15873996306667032
189,-0.019944433,0.66682345,0.0016329088,0.003375541,0.04386453254481412,0.6945326875575334
190,-0.0804887,0.06595125,0.0026499783,0.0024440868,0.11562733871924422,0.0732402032261561
191,-0.021985538,-0.00046627235,0.005279566,0.0063155713,-0.001997863419445943,-0.001438659349614103
192,0.017634623,-0.03297879,0.0037414331,0.0050146244,0.006827335721812076,-0.04272371163856402
193,0.003271834,-0.0047208834,0.0019823976,0.0028755968,0.01937685354152219,-0.00665427619125062
194,0.052610517,0.02129559,0.0016088674,0.0017056663,-0.03904732242405759,0.02063657878174088
195,-0.27562854,-0.02611641,0.0041881274,0.0015975133,0.30622544877634233,-0.02682040219689979
196,-0.60328174,-0.1500054,0.003594153,0.0018949603,0.6219383408353146,-0.15153026579304818
197,-0.47879842,0.33275804,0.0038814473,0.0028590926,0.5258119887661769,0.35061629770947783
198,0.2684014,0.30833125,0.007366223,0.007195873,-0.246621444597004,0.33079981667310215
199,0.015219615,0.056561645,0.0018310507,0.0026587227,0.040370342283775174,0.0618985098011898
200,0.022198994,-0.036047842,0.0021287256,0.0021997942,-0.013073765566284735,-0.03497026529757616
201,-0.2908692,-0.35450408,0.0049791513,0.0060150516,0.37789310641662427,-0.4131356564787304
202,0.3320462,0.14693736,0.0028052432,0.0017173658,-0.32947675987747255,0.15527783338187912
203,0.0033096457,0.0023377817,0.0016363603,0.0019225855,0.001202727059211829,0.0044284104777782335
204,-0.12464593,0.68377787,0.0024449823,0.01109647,0.19639032895962333,0.6912552441511568
205,0.048666444,-0.34143767,0.0034704928,0.011945364,0.008443020653893598,-0.3560713195766866
206,-0.2067226,0.11030235,0.0041027702,0.0022035954,0.2443410519661597,0.11325687337119208
207,0.19940098,-0.027511036,0.0019580077,0.0015018245,-0.18496096919949254,-0.02784297329277998
208,-0.093914665,0.33325735,0.0020591333,0.0033286305,0.12512337308688215,0.3427915165446792
209,0.18624501,0.062462334,0.009640175,0.004125212,-0.18135994300768335,0.06792329641873653
210,0.020950891,0.008890947,0.0025685315,0.0028916388,0.0044609245511409885,0.011133702556346279
211,0.38074768,-0.16215001,0.0028451849,0.0018034026,-0.3882351283849024,-0.1743828485263621
212,-0.073112324,-0.12599663,0.0049997903,0.0071008326,0.16319015482224827,-0.13214623386922927
213,-0.11795499,-0.08198079,0.0025297683,0.0020383454,0.08255737518932026,-0.08450970543754892
214,-0.014545689,-0.21723928,0.0012103128,0.0029008752,0.06144146975408965,-0.22127761450029584
215,0.038953148,0.10063221,0.001526741,0.0024602113,0.014576921695952254,0.10355712134539816
216,-0.09509124,-0.04572881,0.0041032447,0.0026614682,0.12401567571292575,-0.04777830797803308
217,-0.033775397,-0.018111976,0.0018917351,0.0016399968,0.03704703125044264,-0.018748012926546685
218,0.13876726,-0.056534287,0.011643886,0.005576686,-0.135118277949323,-0.05940092428601325
219,-0.13684286,-0.13913573,0.0065027103,0.0064593325,0.16050208129248872,-0.12586162217220695
220,0.1278631,0.051563125,0.004519993,0.0026286114,-0.009095848483597338,0.05394381959410277
221,0.045147654,0.006038999,0.0015922047,0.001545296,-0.01607178887801063,0.005302727811828297
222,0.14341505,-0.12329764,0.0041097743,0.0036011995,-0.10333354147242474,-0.12231776033221041
223,0.23626597,-0.6740487,0.002963455,0.005687894,-0.20221127546433054,-0.6808176020741311
224,-0.054994818,-0.47474447,0.0015968464,0.0030074557,0.09637499629910425,-0.4815554300910608
225,-0.055547867,0.15935032,0.002003694,0.002695613,0.07188079203172641,0.16186831738588464
226,0.0832026,0.015766209,0.0026480758,0.002131288,-0.08456002813856177,0.015333231734511094
227,0.25092483,0.1796225,0.0024610362,0.0018301313,-0.23741401841924573,0.18143556590734294
228,-0.095359184,-0.48054647,0.001573161,0.003089829,0.12143557289136371,-0.4982043306929209
229,-0.01374158,0.16794161,0.002967972,0.006232269,0.04626510790857867,0.15899979743109105
230,-0.011671734,-0.5350463,0.0014352037,0.005848988,0.04619723785582994,-0.5439095893590996
231,0.027579542,-0.023117142,0.0022967977,0.0029466273,0.02305250905906043,-0.024074013377649344
232,-0.0038418388,0.059461962,0.0031015582,0.0047947,0.03603982747665831,0.06000349167018935
233,0.3318781,0.034447793,0.007820527,0.0031393531,-0.39801270834626473,0.04169958535095189
234,-0.21035531,0.29619634,0.0055331825,0.008966606,0.21721082015442572,0.2939012478350042
235,0.01359357,0.011203384,0.0016881308,0.0020361838,0.012757336703071344,0.015304492663250957
236,0.5327282,-0.28436998,0.015713235,0.008569975,-0.5221308613137574,-0.2937617435080898
237,0.70220256,-0.5191813,0.0027817052,0.0022267625,-0.6915920161119783,-0.5347049925358184
238,0.016720496,0.013829125,0.001495317,0.0018236999,-0.020100558360743332,0.013773583926399905
239,-0.06296736,0.07678736,0.0048589837,0.0052626044,-0.004731082242965283,0.09111357421278703
240,-0.110446304,0.03249493,0.0024448633,0.0018076322,0.13023372790372278,0.03460354820671179
241,-0.0973078,-0.35316834,0.0014885319,0.0018989475,0.11717903755441202,-0.358067497807771
242,-0.03739793,-0.22476558,0.0035450945,0.012895296,0.04978263424927867,-0.2415660908974588
243,-0.03832682,0.012689778,0.0050099916,0.0051012216,-0.008869524211641545,0.007746559261603223
244,0.008301699,0.05232575,0.0016436202,0.0021900295,0.05740690881907539,0.053798918406875416
245,-0.013307652,-0.09510426,0.0022349486,0.0035003487,0.0023464896326522056,-0.09923159748700486
246,0.062116235,-0.106356196,0.0026925416,0.0045992085,-0.04142863372231168,-0.10747865810147635
247,0.22910608,0.6368008,0.0021557284,0.0032008016,-0.21598264712889167,0.6699620440170806
248,0.029430304,-0.07613814,0.012377698,0.022838986,0.043515758335496216,-0.09604917860215426
249,-0.06180513,0.08042053,0.0015774458,0.001693873,0.11463150360650581,0.08383586005570931
250,0.07522118,0.20539583,0.0016715882,0.002226844,-0.05648137020839549,0.20953133830614304
251,-0.25768617,0.088259995,0.005079972,0.0020902029,0.3826422935612065,0.08697480100417408
252,-0.0963876,-0.11023852,0.011327224,0.012308465,0.13041978678273183,-0.10096882867020082
253,0.16860875,-0.08884347,0.0024307116,0.002016825,-0.16117291869277786,-0.09009307435879962
254,0.1256421,-0.036789138,0.0022507678,0.0015909849,-0.0877548264090429,-0.03883151702159822
255,-0.35547695,-0.29028744,0.008299691,0.0070287967,0.45001477199216566,-0.3100575980190998
256,0.03784153,-0.016013077,0.0026015867,0.0036936963,-0.017834753212004055,-0.015081534687322925
257,-0.20020665,-0.23287421,0.0044135367,0.0045065926,0.22686334344190467,-0.2352986918642369
258,0.123013645,0.19922617,0.0030863467,0.0036828928,-0.09928052515577115,0.20934202545461986
259,0.04757613,0.35232857,0.002681366,0.012546895,-0.008453600503433035,0.3556020315365015
260,0.059090815,-0.012032064,0.0043665366,0.0035335012,-0.02753079830256154,-0.01073463043480267
261,0.03646402,0.47844866,0.0013785394,0.0038157746,0.011384576944971952,0.4834837176667984
262,-0.3600718,-0.23301761,0.008258193,0.006749194,0.4561446729724493,-0.276002569946853
263,-0.2198138,0.35142964,0.0028061937,0.0035888203,0.23438330354229572,0.3641646609249078
264,0.44290283,0.04718973,0.0044778627,0.0017620575,-0.44080023837631715,0.049693138685961195
265,-0.35302845,-0.4615919,0.003642378,0.004475078,0.31620242564687184,-0.478881859330708
266,-0.32556707,-0.49257556,0.003276715,0.0037795617,0.37372942461116687,-0.48405538656084196
267,0.0024194093,0.04557197,0.0033570349,0.0041930065,-0.004515781012734223,0.04368355021682984
268,-0.32803,-0.47140148,0.0026233457,0.0029205184,0.35550489314405703,-0.47832779878259296
269,-0.047075734,-0.04674657,0.004420421,0.0048932205,0.13148699332741795,-0.050447592984780604
270,-0.073077366,0.008298343,0.0025316707,0.0019619386,-0.02716704162042591,0.008306015341380738
271,-0.05816475,-0.21668728,0.0015976796,0.0025354212,0.0896665094954212,-0.22501861199123296
272,-0.0063756397,-0.44609967,0.0042070034,0.02985732,0.025624329976739867,-0.43339399728278233
273,0.054812007,-0.062239345,0.0015315021,0.0015182282,-0.03764602485190596,-0.06335359806142835
274,0.23503564,0.23157819,0.0019788283,0.0018125002,-0.21894843703668812,0.24001525416881822
275,0.7638314,0.16634715,0.0064546242,0.0028400226,-0.7861982236035099,0.1670837956112879
276,0.0125602195,-0.04896905,0.0026588954,0.0034122297,-0.020515534702623267,-0.04714654224550473
277,0.3403386,0.25429347,0.008134634,0.006180261,-0.30936762193487616,0.24664953416866944
278,0.021936886,0.098375894,0.0025323841,0.002643138,0.004628320952820384,0.10995693607769365
279,0.09199673,0.020972019,0.002515142,0.001741599,-0.028212928630050312,0.022168010246342705
280,0.11470232,-0.19732276,0.003869335,0.0077314093,-0.10403906059482372,-0.21206111887529436
281,0.05981893,-0.032184865,0.0021930793,0.0021007985,-0.041841997364203035,-0.033445813906257275
282,0.23094384,0.027000004,0.011921808,0.0025986915,-0.2114064874578237,0.026719203715011415
283,0.05224577,-0.011173794,0.0020548506,0.0017066504,-0.027598980417420035,-0.011929669220622155
284,0.2193975,0.14214937,0.005870764,0.003556647,-0.24169443756575135,0.1474274054949417
285,-0.015202223,0.051428966,0.0031070248,0.0038825504,0.10146843206841513,0.054775628501352
286,-0.047003645,-0.018562349,0.0025484369,0.0020141108,0.06754379635882551,-0.016708734596406344
287,-0.047287937,0.018612979,0.0020040506,0.0017346881,0.07236280038677165,0.018242438838321058
288,-0.053927355,0.056020375,0.0049824724,0.005360766,0.08348871408273005,0.054913411101913424
289,0.69744337,-0.05590839,0.0048842514,0.0019321822,-0.6862605436361658,-0.05834393755257661
290,-0.057171732,-0.43045256,0.0018791226,0.0068453765,0.06887500078767926,-0.42454843011952115
291,0.0074738497,0.0073575657,0.0020615126,0.0027471203,0.019906893298595595,0.0072933794688963376
292,-0.35738042,0.48235187,0.0054344237,0.0065831738,0.37782804817034865,0.46972016539295375
293,-0.012169047,-0.0098876525,0.001485199,0.0017058643,-0.012286459234773209,-0.010973056385329114
294,0.053647477,-0.0085955355,0.0018929251,0.0015304962,-0.02690531014365483,-0.007755152899787688
295,-0.19322169,-0.045914657,0.0053676697,0.0025898544,0.23314877793929037,-0.04956524564107555
296,-0.21798287,-0.18424524,0.008566609,0.0069934283,0.15137815828543713,-0.2095258356920898
297,-0.30117366,0.31060883,0.0053832023,0.0050082025,0.3282383966241853,0.32103848419318615
298,0.12465723,-0.19564106,0.005204145,0.007643794,-0.09973082894905241,-0.20225263962102707
299,-0.0032478413,0.027303794,0.0015991079,0.0019835676,-0.024023257448017712,0.028966091350623512
300,-0.03875916,-0.13971585,0.0013784203,0.0023037852,0.03494711488243278,-0.144948460966383
301,0.08098438,-0.10974653,0.0040152683,0.0069211773,-0.061188134254681344,-0.12043271436235173
302,0.021562539,-0.0011414533,0.0026605597,0.0028286886,0.0007573639461904084,0.0012196133504222236
303,0.118191764,0.08324552,0.0069441483,0.005876857,-0.1018305995520661,0.09249055327764821
304,0.063980855,-0.20446119,0.0017081242,0.0035084896,-0.08495830394343437,-0.2083540924827359
305,0.027727507,0.01332336,0.0051691597,0.0051397914,0.024977839409543616,0.012804474880617091
306,0.10676523,0.28728926,0.0022312615,0.0038019817,-0.0955214990512133,0.2922438530171737
307,-0.013149238,-0.027544023,0.002122659,0.0027287211,0.05806503476372032,-0.029019318788314746
308,0.11668916,0.06777675,0.007641552,0.00586186,-0.08678422028730642,0.0786902124256409
309,-0.41204843,-0.45726934,0.0030281115,0.0031592762,0.44464046605137786,-0.47849587826593043
310,-0.05059217,0.026244028,0.0022673006,0.0017468362,-0.0497339817333326,0.028457284954067342
311,-0.065144315,0.92702645,0.0024975433,0.0047384724,0.06983191850900744,0.9240728677251293
312,-0.2773228,0.06259523,0.002277173,0.0013142783,0.2795729974692742,0.06400825837749491
313,0.5064049,0.091359355,0.005494178,0.0025361788,-0.5441688229274192,0.10029097091437869
314,0.008301699,0.05232575,0.0016436202,0.0021900295,0.05740690881907539,0.053798918406875416
315,0.11324897,0.18889308,0.002292635,0.0029488844,0.012809565521517248,0.1953168710394845
316,-0.5459547,-0.31677625,0.0041761384,0.0032674791,0.570451488821968,-0.3192413429655826
317,-0.063400306,-0.04881842,0.003801764,0.0039478256,0.11542444122061256,-0.06115191416425199
318,-0.20147201,0.2748169,0.0022581425,0.002112957,0.23900773454304058,0.2787058883047905
319,-0.004193618,0.00456666,0.0026437957,0.0033495976,0.02236121501980755,0.0073195410546693955
320,0.060251117,-0.052510597,0.002927322,0.00411899,-0.0223365675789673,-0.05407517508454694
321,-0.2064362,-0.0038444865,0.0040074317,0.0019270459,0.23454436829364386,-0.005928110275232953
322,0.021545894,0.0006692166,0.0024458147,0.0025008298,-0.0185143445788959,0.0009625195114099558
323,-0.0828868,-0.31697756,0.0014672249,0.0020613612,0.10070269100986287,-0.31599494681453844
324,0.03413283,-0.0071462113,0.0015769697,0.0018482693,-0.06137075656017323,-0.007962422833597785
325,0.005882078,0.07177118,0.0027654187,0.0044369395,-0.006584882339323437,0.062486027077862466
326,-0.53667176,-0.23156549,0.0040778383,0.0020520154,0.5730826475022162,-0.23294049025412725
327,-0.50011307,-0.37594792,0.002489576,0.001874551,0.5191431882265407,-0.3736104589041946
328,0.18122594,0.8298848,0.0028329405,0.007305204,-0.13748836241943513,0.8386700787173709
329,-0.03649688,-0.13066402,0.00284994,0.0059604766,0.061686602497098446,-0.15115697026888963
330,-0.07163034,-0.23296429,0.0021395506,0.0028880262,0.06569927975179791,-0.2484353889813981
331,0.07266304,-0.19484799,0.0027763552,0.0076323855,-0.01450551572446149,-0.18986936988006206
332,-0.063102305,0.0054107886,0.0021829684,0.0017496897,0.02556188515636691,0.0064990400575880595
333,-0.11302823,-0.04261605,0.0122161405,0.005772485,0.1497979728028852,-0.04043893606871029
334,0.46060672,-0.36311764,0.008309267,0.0062431023,-0.4444119683847194,-0.37709999738528577
335,0.10451503,-0.14813857,0.0038023577,0.0061217695,-0.10156605605921493,-0.1637317648885399
336,-0.019320864,-0.17896594,0.0012568667,0.0019944087,0.05445171891705597,-0.18458069276798802
337,0.09791505,-0.05532269,0.0050302744,0.0034081996,-0.0890755958820211,-0.05561376841784232
338,-0.2814087,0.05302267,0.0027677962,0.0014162596,0.3292371418466278,0.05322979962645005
339,-0.23913795,-0.25834918,0.0030443938,0.0027721117,0.2537189828218123,-0.2630084419170987
340,0.66365933,0.2740613,0.0072755734,0.0033269988,-0.6466721615752217,0.2795867935237989
341,-0.008537292,-0.0033643264,0.0019045854,0.0018782382,-0.028903288073829327,-0.00399636130132182
342,-0.4667522,-0.17853259,0.0387981,0.015047193,0.5344053671315919,-0.22424619778586707
343,0.048151605,-0.12293675,0.0016405259,0.0029142634,-0.06715300689576231,-0.1273625379878738
344,0.0143393995,-0.013495432,0.0024637713,0.0033078522,0.05164067546328123,-0.012372347162419896
345,0.25386876,-0.24103838,0.010607264,0.010379294,-0.25214408558811235,-0.24324709189360233
346,0.3003298,0.5501941,0.0023425876,0.003105624,-0.30327099644214106,0.5579771510745761
347,0.1142596,-0.029471232,0.007119108,0.003752302,-0.07815536645301625,-0.025401846776315972
348,0.020592451,0.022392197,0.0015500701,0.0018244704,-0.0001884365522952587,0.02365666060004366
349,0.04109764,-0.12317379,0.002172501,0.00458856,-0.013736694329877893,-0.13453353591788525
350,-0.106969535,0.0434316,0.0054150964,0.0029613157,0.0789648050960144,0.047165438078287006
351,0.025072418,-0.03659612,0.0021528737,0.0028412763,-0.014256924596110072,-0.03978742026054915
352,0.031947456,0.010047147,0.002610029,0.0027177096,-0.021125877029519513,0.01129940854755852
353,0.3997108,0.058209635,0.00448083,0.0017422428,-0.36852175725894576,0.06368670915794394
354,0.027989738,0.09709737,0.003257466,0.007650828,-0.03983426423336961,0.10213019818186594
355,-0.19009255,-0.5132651,0.008292361,0.02228864,0.20434973178143961,-0.5070823412480266
356,0.029675752,0.013060553,0.0014437744,0.001713598,0.004665751571109156,0.011717104898885802
357,0.016482338,-0.004926147,0.0014690105,0.0015399517,0.016628861905748697,-0.005033774699009838
358,0.20553342,0.18536979,0.03817156,0.032019228,-0.15610753054380272,0.15595531946789712
359,0.028826796,0.0010126474,0.004043526,0.004474968,-0.05275600071366089,0.000888802375295923
360,0.29827687,-0.12499397,0.00548007,0.0026391917,-0.30927036942371916,-0.1338737114104287
361,0.010308818,-0.0066176895,0.0014273471,0.0017474251,0.023126403110362244,-0.00797428026889149
362,0.017782506,0.66154605,0.0014929363,0.0067644687,-0.023132471916148114,0.6594875265540181
363,-0.5826287,0.3145825,0.0041812425,0.002615565,0.5945428296213735,0.3271834225270278
364,-0.47406524,0.017217359,0.003467285,0.0014887502,0.4599769461397275,0.017914648227642195
365,-0.14514515,-0.14341623,0.0015925616,0.0015625336,0.18837025556700218,-0.14439687719968464
366,0.16555086,-0.031614836,0.0016893208,0.0013347497,-0.14409240572644394,-0.03259915459353894
367,0.045304228,0.018615512,0.003899259,0.0041273218,-0.01881615160412758,0.021044619982399433
368,0.03650005,0.040418345,0.0015778028,0.0016867444,-0.008998612434617127,0.042370592035029846
369,0.20003103,0.1703949,0.0046473206,0.0038627447,-0.18048068413011217,0.17774005052355288
370,-0.5070012,-0.33151558,0.0045240275,0.0031816738,0.611850914185619,-0.30993720168561334
371,0.42665213,0.22227733,0.0215001,0.014061267,-0.40813051286567553,0.22913153342318912
372,-0.3287417,-0.10345107,0.012355563,0.004286313,0.4287815158626855,-0.12420800283340934
373,-0.1964557,0.17621444,0.00670889,0.006316704,0.17547100758549292,0.15638450145165242
374,0.4064564,0.31860456,0.005991166,0.005037023,-0.38652030482962435,0.33243770402413897
375,0.013542355,-0.09349274,0.0014692486,0.0024235311,-0.013427354527757295,-0.09656152510566632
376,0.008007714,0.00035710062,0.0025166883,0.0023690907,0.010210835815568033,8.302368398042234e-05
377,-0.5755757,0.49342352,0.0054431967,0.0037438304,0.6417504919963922,0.5368904009764117
378,0.01777684,-0.03240199,0.0016150563,0.0019644424,0.005343005978861634,-0.03070954253081159
379,0.24929132,-0.7385352,0.0028588546,0.0046543963,-0.21549594352777424,-0.7683007313744378
380,-0.15662408,0.38823816,0.004266119,0.008589542,0.1864545687244202,0.38134025925904774
381,0.024048999,-0.013763526,0.0015047205,0.0018993928,0.030866456386389726,-0.013355593805551876
382,0.4791076,-0.33531323,0.009330674,0.0058002435,-0.473530424331448,-0.3420293371724526
383,0.0018587122,-0.013888022,0.003539274,0.004419864,0.026372428691862643,-0.0134590148436401
384,-0.3375887,0.16140608,0.0023503178,0.0014516211,0.3667281938105154,0.16529186414793484
385,0.07843664,0.017624935,0.0046749674,0.002342225,-0.030484449386554608,0.015225976315200795
386,-0.05785625,-0.0054911524,0.0029678526,0.0028587067,0.09669032232106856,-0.005719940350200266
387,0.03266313,-0.006956117,0.0017291883,0.0018607316,-0.015390300773687079,-0.008170035509056877
388,-0.032614205,0.18532123,0.0014716291,0.0025441847,0.1487625654534287,0.18688249151896383
389,-0.10799737,-0.23694472,0.0067403875,0.013139378,0.1805239227315638,-0.26558377830267876
390,0.0017522881,0.009451317,0.0038084143,0.0042088814,0.03310499646464365,0.007380928178737263
391,-0.3282535,0.7435371,0.003940345,0.007276242,0.35093286383084865,0.7618288375446526
392,-0.13010725,0.031905446,0.0022563583,0.0016184362,0.13511158832326478,0.03212078911140912
393,-0.61731255,-0.26507968,0.003688818,0.0022982098,0.6476939790799667,-0.27825603881064004
394,0.0016245702,-0.017599503,0.0016266009,0.0020732326,0.024560114348252126,-0.017173823921754296
395,-0.030065019,-0.061598286,0.0017629848,0.0021782368,-0.040568292130155136,-0.0636160694138065
396,0.0794496,-0.7334966,0.0019903688,0.005461189,-0.05590622540247901,-0.7489932422660169
397,0.38163677,-0.31338874,0.005172836,0.003909419,-0.3753211906726738,-0.3370095863701469
398,-0.13667145,-0.048349317,0.0055879527,0.002900286,0.17592325545393225,-0.053228137937184374
399,0.1977958,0.08432821,0.0037303877,0.002235369,-0.14892953609063625,0.08961270909007182
400,-0.13918547,-0.48135653,0.004335914,0.017094225,0.15812702057107975,-0.49280736981778506
401,0.23880306,0.22676946,0.008042637,0.008798612,-0.23535172926772974,0.240905929595932
402,0.3324366,0.15967515,0.0049398877,0.002978663,-0.3100309347617728,0.1638723483484034
403,0.009816171,-0.01082973,0.0025096722,0.003058122,0.011865710299288226,-0.01118774894708912
404,0.034177527,-0.0017495473,0.0014938884,0.0015528667,-0.009278486961522925,-0.001909277555749694
405,0.010124997,0.2024424,0.0017852376,0.0045697414,0.014382014816228259,0.20809464280043172
406,0.01757317,0.05930182,0.0018769809,0.0035338963,0.03746428003448267,0.062365896626736715
407,0.039785787,0.013132019,0.0017389465,0.0016476121,-0.02372427743788573,0.01424252386047507
408,0.002305952,-0.16818,0.004275141,0.00581375,0.018950604742563028,-0.20696913990725732
409,0.36281654,0.21206799,0.0050015696,0.0031962425,-0.3687927075550731,0.22989446813037495
410,-0.12861966,-0.0536937,0.017280417,0.0072832713,0.08541153087201452,-0.05445795927738763
411,-0.25663465,-0.105450846,0.010467599,0.0046071988,0.31838645630984364,-0.11443098917196723
412,-0.6652226,-0.3658119,0.0047883946,0.0035586092,0.6713297875581583,-0.36908032649621636
413,-0.040683664,0.37193796,0.0018354536,0.0064624646,0.05760443072535856,0.3984029401218201
414,-0.27259758,-0.68925506,0.0028689587,0.0046475,0.28648568982886674,-0.6977446496411867
415,0.066072874,0.018256035,0.008965078,0.011959853,-0.12784595432997167,0.03999435852029267
416,0.014692158,-0.0075619537,0.002157156,0.0028337536,0.018255767339246224,-0.010120386083152421
417,0.024491936,-0.062316556,0.0014499647,0.0016265017,-0.0036193934439724715,-0.06248516710418766
418,-0.011411636,-0.1948752,0.0012888935,0.0034107745,0.031056179340685146,-0.19544410262130366
419,-0.030353274,0.018370762,0.008225207,0.00859856,-0.015954908376808775,0.014381950098200752
420,-0.23537855,0.08735644,0.0029588193,0.0015248242,0.295609415543975,0.09022930626037741
421,-0.18138455,0.0797357,0.002995784,0.0018142095,0.22357975893019616,0.08228351254088997
422,0.013723441,-0.02474159,0.0037145917,0.0049400246,-0.014956364090426062,-0.03036203949131733
423,0.13923153,0.2687863,0.0020414074,0.0026224751,-0.11835805734458502,0.283404242111385
424,-0.087661326,0.27567044,0.0020479504,0.003373137,0.13559702436049365,0.29738819765428565
425,0.5370548,-0.13465667,0.005976354,0.0020541558,-0.5387015199603756,-0.14118768365625378
426,0.09620735,0.04178888,0.0041887215,0.0024108973,-0.04625335349425896,0.03878976293970471
427,0.05398058,-0.22767304,0.0015991079,0.004894499,-0.0798084172993312,-0.2379006453087466
428,-0.20218675,0.0704098,0.0019895362,0.0015266886,0.24185512156486189,0.07313614388795112
429,0.044298768,-0.03993706,0.0053936364,0.0071936813,-0.01788659718462836,-0.05210694110692635
430,0.49599895,-0.32646576,0.0077677737,0.005482394,-0.5575271668380984,-0.38710121310595963
431,0.043018803,0.002699187,0.0018706745,0.0016603209,-0.00033266914959322974,0.0021596406608044173
432,-0.13276196,-0.08843689,0.0030908624,0.0021014703,0.17384826757424054,-0.09111079507699746
433,0.038062613,-0.05055423,0.0015380484,0.0016624,-0.01384406977170864,-0.05145592297073574
434,-0.13264845,0.06306409,0.004353599,0.0023834077,0.1522790078890239,0.06372908554824494
435,0.3246232,-0.09267755,0.004953648,0.002668938,-0.3414728979461512,-0.10862362358611491
436,0.029675752,0.013060553,0.0014437744,0.001713598,0.004665751571109156,0.011717104898885802
437,-0.33100852,0.4212899,0.0036605508,0.003781523,0.33637377048963285,0.432724791686219
438,0.022268113,-0.046104707,0.004175307,0.004978284,0.05918018108482166,-0.05190586893237224
439,-0.1311391,-0.2828752,0.002038433,0.0034322436,0.15492857332001933,-0.2922547811534144
440,-0.22481222,0.44299904,0.0016363603,0.0018298033,0.2471972196941648,0.4472659434809848
441,0.11844292,-0.045421388,0.0062786015,0.0034188756,-0.11947926936620379,-0.05005343155873614
442,-0.34857497,-0.75397235,0.0021050528,0.0029619378,0.3705286843445309,-0.7690533567612237
443,0.03604078,-0.053146522,0.002471144,0.003216455,-0.008829165928997275,-0.062025347576272746
444,-0.110951506,-0.072352685,0.0015836352,0.0014982588,0.12400244357815829,-0.07149932739221818
445,0.119570054,-0.37048706,0.0020315328,0.0039043413,-0.11212761746259013,-0.3904975717541427
446,0.043433838,0.17262918,0.0019020869,0.0032760282,0.04733207849405379,0.16749233804453337
447,-0.21312836,-0.06224222,0.0088744555,0.0038161704,0.2453013587512604,-0.06413818929416612
448,0.21472389,-0.22228543,0.0020886362,0.0019207223,-0.1660926998484303,-0.22941068765727635
449,0.06022262,-0.038267504,0.0026706657,0.0027277272,-0.050463912489220726,-0.04329221232062133
450,0.14472137,-0.38883075,0.003624205,0.010624967,-0.13040620454979024,-0.3794990822916227
451,0.31954253,-0.013880702,0.005296168,0.0018065453,-0.3074506310456475,-0.014775992249908327
452,0.14803123,0.5894602,0.004634149,0.019850962,-0.1263816860894362,0.6319045794237381
453,0.5064049,0.091359355,0.005494178,0.0025361788,-0.5441688229274192,0.10029097091437869
454,0.7236749,0.38819,0.0039282334,0.0029249457,-0.7315719513469017,0.40543258255134235
455,-0.012874021,-0.18205678,0.0011079105,0.002713083,0.025995451604840174,-0.18649004197413288
456,-0.44398332,0.047263388,0.030270357,0.0043600956,0.45490939617447623,0.04527542606135081
457,-0.009076885,-0.057649095,0.002049616,0.0024579864,0.029382275863820285,-0.05694539550299638
458,0.4537662,-0.10439599,0.00324796,0.0015434007,-0.4453128913536429,-0.10856826941489735
459,0.28782678,-0.6392272,0.0022526714,0.0032008465,-0.26132817327809954,-0.6612548680949185
460,-0.034336716,0.38123605,0.0017676259,0.0047555626,0.06395650534295444,0.4010602634583806
461,-0.009729351,-0.35377204,0.0016540935,0.0035719427,0.02763760867259193,-0.3759574357421006
462,0.032540217,0.14521419,0.0022744373,0.009616794,2.3833099482315916e-05,0.14003186935734752
463,-0.06810892,0.4977584,0.0017341864,0.0064804684,0.08484126031325952,0.5053672754957722
464,0.34337768,0.38282004,0.0056991423,0.0053182654,-0.3857341291765429,0.4396962517031298
465,-0.6410487,0.4093616,0.002795376,0.0022560311,0.6457918087425739,0.42625958134354563
466,-0.025370043,0.3809426,0.006255619,0.038863875,0.08531389127120721,0.47132460901006945
467,-0.055909112,0.27023146,0.0013533013,0.0017891965,0.07489667707420959,0.2737699625593339
468,0.054771166,-0.05220347,0.0022699179,0.0029000263,-0.05077468335166408,-0.05179812567909593
469,0.033264603,-0.022286886,0.003453386,0.004507482,-0.01152357561348216,-0.027101771377392263
470,0.014251956,-0.0041719135,0.0017855946,0.0018376064,0.009267870724232432,-0.003410483058993684
471,0.013929495,-0.07165918,0.0023781473,0.004939123,-0.014879840475690445,-0.07939608968635699
472,-0.17615557,0.07948326,0.0049895896,0.0025096314,0.20865359751392382,0.08463500238293732
473,0.04976225,-0.018854456,0.0016840845,0.0016860056,-0.0404821757797704,-0.019966425881110327
474,0.1142596,-0.029471232,0.007119108,0.003752302,-0.07815536645301625,-0.025401846776315972
475,-0.07523563,-0.09968514,0.0053833215,0.0066686636,0.0338967425516428,-0.11859657719359684
476,0.10493085,0.1158896,0.0062690056,0.0062958375,-0.1730731189805698,0.12225319235142043
477,-0.45604986,-0.10867854,0.006728546,0.0026712394,0.41017258712405047,-0.11506308203960493
478,-0.009076885,-0.057649095,0.002049616,0.0024579864,0.029382275863820285,-0.05694539550299638
479,0.004486055,0.104688965,0.009910039,0.0107436385,0.0738468080853191,0.12692878224524454
480,0.098248534,0.23337312,0.0020825693,0.0037401295,-0.05880909867224478,0.23988432090357195
481,0.05339822,0.015472775,0.001843188,0.0015991702,-0.03484983983993633,0.01715470644037354
482,-0.31338868,0.26702264,0.0047463947,0.0034970369,0.26589719058215544,0.27744077780504994
483,-0.14869773,0.17445219,0.01121041,0.012119363,0.18024013527491484,0.18514333646879935
484,0.031045359,-0.01747077,0.012487783,0.011832793,0.07567151449624308,-0.025150744155511353
485,0.011139111,0.0017577017,0.0017795259,0.0018660162,-0.008125984523726879,0.0025623738348975627
486,0.0050851637,-0.034423057,0.0022197235,0.002802317,-0.04105521524908026,-0.03723389212181155
487,0.13907649,0.039245572,0.0025910048,0.0016577205,-0.11714594947553096,0.04070260358643132
488,0.5584929,0.13030653,0.009215044,0.0032282956,-0.5815775812948041,0.14219006224073982
489,0.338024,-0.06305917,0.008508101,0.002293584,-0.301784865078098,-0.0628915608410744
490,0.00026032422,-0.008499427,0.0015778028,0.0016070936,0.03235272168074583,-0.00816808006074677
491,-0.2382724,-0.15822645,0.002854932,0.0020148237,0.28349378477040194,-0.16250419971764185
492,0.096241154,-0.03130338,0.002264803,0.0019014825,-0.08118004853625296,-0.029763188681530498
493,0.2684014,0.30833125,0.007366223,0.007195873,-0.246621444597004,0.33079981667310215
494,-0.0012605479,-0.05051555,0.0022604023,0.0021971161,0.01108364074216822,-0.05062140362181458
495,0.13014086,-0.32047668,0.0016637336,0.0022038638,-0.11725080533803763,-0.32980027909741627
496,-0.41204843,-0.45726934,0.0030281115,0.0031592762,0.44464046605137786,-0.47849587826593043
497,-0.02818428,-0.010464849,0.0015918476,0.0015856826,0.0637432422413637,-0.010629900608256772
498,0.024949536,-0.0104581695,0.0044226763,0.005329705,0.003703096408894005,-0.01651790259364689
499,-0.058084674,-0.016488446,0.016058896,0.013747914,0.13023050055637533,-0.018561951374748323
500,-0.061243117,0.15717375,0.0020613936,0.0031585314,0.08831010037297266,0.1687094533012945
501,-0.14340086,0.017511463,0.0016515944,0.0013229443,0.1727975605604036,0.018705613708791657
502,-0.15925139,0.25760317,0.003094547,0.0034617744,0.22269151462647419,0.27729260422026986
503,0.36281654,0.21206799,0.0050015696,0.0031962425,-0.3687927075550731,0.22989446813037495
504,-0.030992545,0.14028198,0.0012486513,0.0017928769,0.07686689939158664,0.13980101610811077
505,-0.10811993,0.65642434,0.0018765051,0.0037750374,0.1381429284491069,0.6892680218954352
506,0.022912376,-0.018008413,0.0016740876,0.0016528419,-0.04602088544854659,-0.017389426438138372
507,-0.055558097,0.026215145,0.0036951138,0.003413974,0.06012742654017045,0.02772420473237613
508,0.5292925,0.35408974,0.0065907063,0.0050080046,-0.5157202922924611,0.35376449653935754
509,0.121485695,0.4862859,0.0018193896,0.0031091678,-0.11179618428885882,0.5094463122295423
510,-0.36708927,0.034724887,0.0035983105,0.0013661147,0.3601034162432133,0.036085575412469754
511,0.021052152,0.0017413216,0.0020950602,0.0027055242,-0.0027925953445513897,0.0041097875321549435
512,0.06939224,-0.17280273,0.0015969655,0.0017969802,-0.050036302776177564,-0.1823612066161976
513,0.09192533,-0.4080538,0.0013998485,0.002659461,-0.08247542056559648,-0.4171398834841516
514,-0.005841757,-0.064429425,0.003029538,0.0044274246,-0.026991471515694913,-0.07554060289847007
515,-0.18770543,0.07417944,0.0018665099,0.0012718668,0.1433348040720635,0.0769102707460363
516,0.17191853,-0.10622936,0.002012379,0.0015625203,-0.18193046163380433,-0.10705300421308196
517,0.0695286,-0.71974725,0.004501361,0.024379145,-0.07393965063972996,-0.7119242429241425
518,0.23132496,-0.14529355,0.0138836885,0.008994491,-0.21949943111563996,-0.1584958228155269
519,0.071874365,0.0058549475,0.0026951577,0.0017269381,-0.0263848531032494,0.0069290985783741115
520,-0.25986397,-0.57316446,0.0023874235,0.0043526697,0.2881724705231164,-0.5845182973350226
521,0.030736588,0.09837071,0.0032808739,0.0046984167,0.06284649458423032,0.10501614331054604
522,-0.026984967,-0.02976933,0.0023249856,0.002335854,0.06459155056376599,-0.028084195931394152
523,0.023700826,-0.009189324,0.0018928059,0.0021872434,-0.008875000872248845,-0.01000847967470609
524,0.2049095,0.16178349,0.007966595,0.0070797447,-0.18154092840870567,0.17366072406782393
525,0.00026032422,-0.008499427,0.0015778028,0.0016070936,0.03235272168074583,-0.00816808006074677
526,-0.03829564,0.6527194,0.0019619337,0.010103551,0.05316404563453399,0.6558815009341911
527,-0.6397264,0.29247078,0.004072377,0.002259118,0.6651476569644668,0.2884882923497128
528,0.4868286,0.0290279,0.0026643644,0.0015006455,-0.44971067585801605,0.02811460895791129
529,0.30235013,-0.09851782,0.0050581475,0.0020586401,-0.2758708641414428,-0.105143219636324
530,0.07547219,0.17873025,0.0018026114,0.0019757182,-0.042301238248804454,0.19006166657121534
531,-0.021827027,0.036903437,0.0021959338,0.0026205885,0.00919262474271093,0.03473604700716373
532,0.08487983,-0.27202767,0.0016013692,0.003456939,-0.06997490475845058,-0.281595250895795
533,0.05266207,-0.045909125,0.004132332,0.0048823343,-0.031249607589998053,-0.046923845976306784
534,-0.21362875,0.12060019,0.0033595297,0.0023783308,0.2656797685712836,0.1330429748241397
535,-0.622041,0.4838802,0.0060383272,0.0048801536,0.6513431821257171,0.4758432982441743
536,0.03438855,-0.3543282,0.0016933673,0.0056587188,-0.034419682490901105,-0.3580828824513195
537,-0.13942443,-0.23967019,0.0022822872,0.0028982928,0.16694339159198998,-0.24755106951575578
538,0.03893296,-0.27927932,0.0015911334,0.0035091247,-0.024542968004606952,-0.2852160743499986
539,0.39053035,-0.42600155,0.0038357277,0.0035248215,-0.3427676706481041,-0.4502701489844239
540,-0.0036100214,-0.0017058942,0.005729724,0.007019135,0.03647103819143311,-0.0037815836952351913
541,0.070575684,-0.035183128,0.0014519881,0.0013702228,-0.10558236562637162,-0.036864870527432606
542,0.10278271,0.116300374,0.004491155,0.0051664277,-0.03652268088510668,0.1277998218740781
543,-0.3838961,-0.5475728,0.005426598,0.007875,0.4109848018327797,-0.5616444324047556
544,-0.024276845,-0.08937212,0.0021807086,0.0050582658,0.03965813929246271,-0.09677603351078976
545,-0.35221276,-0.45101148,0.0030461766,0.0033622389,0.36581514017516426,-0.47089769429773654
546,-0.21524596,0.26594844,0.0023545993,0.0020565488,0.2704923005388405,0.26769744579072297
547,-0.11735651,-0.16425982,0.0078684315,0.011168796,0.16793739456170187,-0.18515856639273404
548,0.047951832,0.06701466,0.0016836084,0.0017106251,-0.025030014815078265,0.06978941950796604
549,0.09355666,0.03981404,0.002472571,0.0017938579,-0.07488882566535976,0.04149372462597799
550,0.3710926,0.7370576,0.0019957228,0.002819101,-0.3474509661353538,0.7547049217393634
551,0.026971474,0.03398059,0.006525095,0.007010578,0.01828475881873727,0.04009145647629328
552,0.0065045813,0.031563144,0.002613239,0.0027667654,0.010185334698347027,0.035925372597598364
553,-0.09123676,0.3299351,0.0017391845,0.0030714637,0.11445797098183026,0.3374005337005978
554,-0.04327138,0.22738768,0.0015611396,0.0030258866,0.04295815311795337,0.2218767625140106
555,-0.25367817,0.042646877,0.0032577037,0.0013684249,0.27944708580369004,0.04292694951150331
556,-0.005266837,-0.17333324,0.0018160577,0.006539354,0.03924458482446868,-0.1810868265859107
557,-0.11999868,0.5642113,0.0019275489,0.003169799,0.1445322954483972,0.5681841039686827
558,0.4186813,0.7188638,0.0026602033,0.003423909,-0.3964693846088051,0.7373822937978679
559,0.017782506,0.66154605,0.0014929363,0.0067644687,-0.023132471916148114,0.6594875265540181
560,-0.06542629,0.35271236,0.0016108907,0.0029335113,0.06702156017553736,0.36061269360386816
561,-0.020635158,-0.081574716,0.0020907777,0.0029246877,0.03178389071704762,-0.08811116981563905
562,0.28010395,0.08132621,0.0027154873,0.0016963764,-0.2643460742190543,0.08792599458380262
563,-0.5242207,0.12834466,0.0032058957,0.0015729151,0.5537188139488768,0.13010052102673175
564,-0.020143285,0.14888908,0.0027612578,0.0044646137,0.03262085201568821,0.16731757869281286
565,0.013929495,-0.07165918,0.0023781473,0.004939123,-0.014879840475690445,-0.07939608968635699
566,-0.23883851,-0.09993801,0.0029173372,0.001652458,0.2689510734277508,-0.1005685303882003
567,0.0066308314,0.017191818,0.0015643534,0.0016430721,0.01919993550317013,0.01801475978873155
568,-0.25006163,-0.18748528,0.0044443947,0.0033128634,0.28642438710082146,-0.18942508921243717
569,0.069987774,-0.14398263,0.0017227619,0.0023958425,-0.023421685338602293,-0.14573090655152243
570,-0.03963822,-0.0010904317,0.001679681,0.0014538658,-0.004351135713658022,-0.00015495598477788242
571,-0.40398538,0.40904084,0.0048063095,0.004383588,0.4662973547261825,0.40614600714859195
572,0.08547526,-0.20259596,0.0016596871,0.0024337135,-0.07244184888567373,-0.2086618163479693
573,0.10810571,0.08979341,0.0023512691,0.0020700044,-0.04147465475327147,0.09258263814618876
574,0.04667301,-0.028456181,0.0036460601,0.0041258396,-0.02894731451553533,-0.031461898175785964
575,0.22751056,-0.42942265,0.005558671,0.009993399,-0.19244879213491067,-0.450424541483623
576,-0.3727747,0.18389015,0.005674488,0.003205143,0.3997462801292382,0.2019004182466015
577,0.31292143,0.27703395,0.0030915756,0.00241939,-0.3374327403627783,0.2804344739124908
578,0.13466123,0.17864515,0.003858885,0.0048606885,-0.13657072061930914,0.17782687848034562
579,-0.12621784,0.049328946,0.0022000973,0.0015680419,0.14715610788819924,0.051329173431274584
580,0.845153,0.4019129,0.0032124312,0.0027452968,-0.8519681378528746,0.41145424827256133
581,0.12465723,-0.19564106,0.005204145,0.007643794,-0.09973082894905241,-0.20225263962102707
582,0.18516912,-0.15539254,0.0027433066,0.0022738066,-0.12907926953366833,-0.1586270741153323
583,0.054009818,-0.36552593,0.0016507612,0.007891714,-0.02901277948956936,-0.38300581295295677
584,0.62188,0.2744301,0.005683378,0.0034787795,-0.6512607608828445,0.29846601593815814
585,0.015243632,0.18854381,0.0017640558,0.008946222,0.0014906594419295187,0.19709192812536375
586,0.10232948,-0.19150722,0.0019066082,0.0020647612,-0.09717715052571553,-0.19390541894628288
587,0.00081478525,0.031488437,0.0028241444,0.0041799494,0.012037053114950966,0.031336425978663034
588,0.0015127519,0.06421933,0.002302031,0.0027754053,0.017122559949990856,0.0683683197042473
589,0.021467984,-0.043374266,0.0019361156,0.0019163054,0.0020481052239188177,-0.04190931316763328
590,-0.009542077,-0.012073668,0.0017462056,0.0022751587,-0.008166670122007502,-0.012094873925662834
591,0.52941734,-0.39656377,0.0027353412,0.0019712234,-0.5743090671731956,-0.3925180104725518
592,0.3918499,-0.5659479,0.0035051806,0.0038939507,-0.37768817648409914,-0.5818516778756534
593,0.08697921,-0.10596907,0.0025792331,0.0025455859,-0.06872985004768413,-0.10922446824378006
594,-0.11375004,-0.11690042,0.0033916081,0.003279236,0.24181212514943104,-0.12023167427138094
595,0.27914673,0.043586913,0.0028941587,0.0016009152,-0.3144616944804072,0.04741123353719065
596,0.4880542,0.49097392,0.003178921,0.0030047395,-0.4837701841677186,0.501495399318679
597,-0.01960446,-0.2825053,0.0019487274,0.009420033,0.041314795783709904,-0.28473882599857425
598,-0.020609051,-0.06306648,0.003248079,0.0049278927,0.07364830979278583,-0.06516779626610028
599,-0.011436648,-0.003507657,0.0030383323,0.0035665361,-0.0005164138575437738,-0.0021967174687483287
600,0.73110914,-0.094161615,0.0027485373,0.0018041835,-0.7360659619703368,-0.09503245392097528
601,0.027589675,-0.21075207,0.0013419915,0.0031599042,-0.045339236816070785,-0.21552272292979416
602,0.038458887,-0.08325188,0.002046166,0.0032195053,0.007925596392168343,-0.08897359524176235
603,0.031556018,0.04849495,0.0022246004,0.0026959127,-0.030370852789624835,0.05291305691025283
604,0.025004,0.00584355,0.004044001,0.0049006897,0.004628841641615994,0.006978623960157415
605,0.058795087,0.23769926,0.0014810329,0.0029483964,-0.04254044515824177,0.23992152954998158
606,0.14960225,-0.16648686,0.0050783115,0.0064278273,0.009566549159330508,-0.16378816865813264
607,-0.028014757,0.10651871,0.0020641298,0.0020491758,0.05078239630167779,0.10933394306461568
608,0.011742071,0.009948706,0.0027877681,0.0032407397,-0.011984130252207393,0.011555875898068455
609,0.00975565,0.046530005,0.0015757796,0.001968896,0.038078150293169334,0.04876951720999769
610,-0.082265325,0.30757484,0.0025718615,0.005927754,0.12889547593778464,0.34042454693403185
611,0.0033137957,-0.0702995,0.0018898315,0.002905673,0.052735610836577594,-0.07683939150981185
612,0.00814112,-0.16318552,0.0019641947,0.0098675955,0.001787820879531567,-0.18161463642664913
613,-0.09279382,-0.06846661,0.008310095,0.0073553678,0.08081528519679763,-0.055309321003950404
614,-0.0034716194,0.17182432,0.0013091329,0.0025295017,0.022827873569173786,0.17305576058407454
615,-0.03875916,-0.13971585,0.0013784203,0.0023037852,0.03494711488243278,-0.144948460966383
616,-0.03839193,-0.074467815,0.001855801,0.0019121494,0.07962753546949225,-0.07295739608496307
617,-0.11735651,-0.16425982,0.0078684315,0.011168796,0.16793739456170187,-0.18515856639273404
618,0.0023564035,-0.008660125,0.0011867376,0.0014291469,0.013286082057883557,-0.008884305724095447
619,-0.051050156,-0.007057423,0.0018762671,0.0017221998,0.02909107610902138,-0.008656885186105455
620,0.15438375,-0.32776052,0.003880497,0.0065670954,-0.042399949569634256,-0.3468619222083867
621,0.06371153,-0.22931291,0.00168944,0.003828431,-0.053167914886361516,-0.24294372868859812
622,0.12571055,-0.16907918,0.0023256987,0.0021454766,-0.1388540743501199,-0.17256386686766478
623,0.020950891,0.008890947,0.0025685315,0.0028916388,0.0044609245511409885,0.011133702556346279
624,0.19724388,0.06958301,0.03231226,0.0109794475,-0.26447285170671125,0.07807594086936973
625,-0.04192117,-0.07020284,0.0023922995,0.002668514,0.03086521605912363,-0.06979122137691365
626,0.3710926,0.7370576,0.0019957228,0.002819101,-0.3474509661353538,0.7547049217393634
627,-0.57404315,0.2619733,0.006468126,0.0028587482,0.5953421552466036,0.26365564607228925
628,0.5698007,-0.6827528,0.0041065696,0.0044575552,-0.606311044487592,-0.7507523365178135
629,-0.3322059,-0.17230771,0.002246605,0.0015135896,0.36371296995017904,-0.17617033251381534
630,-0.02797012,-0.08073695,0.0027616147,0.0038960138,0.05126623744547584,-0.08036358007536293
631,0.028603427,-0.030266065,0.0025625865,0.0033431542,-0.05000682319984342,-0.030173758709119276
632,-0.010324537,0.0050025303,0.0027332013,0.0034694402,-0.045655054963382964,0.004639421688772006
633,0.07259467,-0.18318093,0.0020901829,0.0033309166,-0.006457060168851527,-0.18289209156949554
634,0.014305227,-0.09216996,0.0013412773,0.0016043305,0.03981600829231221,-0.09409237346804372
635,0.17946184,-0.11559355,0.0026171627,0.0019195967,-0.19546881548649941,-0.11785576076524337
636,0.045342114,-0.012299256,0.002531195,0.0019691838,-0.03385960870147978,-0.01325869250501998
637,-0.5242207,0.12834466,0.0032058957,0.0015729151,0.5537188139488768,0.13010052102673175
638,0.049174964,0.1581773,0.0033367174,0.007985291,-0.028520185089768564,0.1595098621282235
639,0.20251542,-0.037921336,0.0068802196,0.0023311703,-0.2074971344158268,-0.03597194732807675
640,0.003891998,-0.020920103,0.0017692919,0.0017997057,0.0317998934056694,-0.022209494701785876
641,0.026149534,0.27267203,0.0036407146,0.009767887,0.0189497386071697,0.270907509178014
642,-0.15212727,0.119832836,0.0031230683,0.0022491117,0.14450743448368353,0.12400156110172886
643,0.038591728,-0.038198728,0.0017945194,0.0019327726,-0.0054029915557043595,-0.041960879875619875
644,0.71401846,-0.25002152,0.0035099327,0.0018893771,-0.7119690653918725,-0.26221087638956797
645,-0.19153185,-0.0014265833,0.0085311495,0.002675249,0.2955510942948185,-0.0014105025167310875
646,-0.04381102,-0.08133828,0.001548761,0.0016036329,0.07681155555796619,-0.08152648149245996
647,-0.2171187,0.317633,0.0016990795,0.0016590251,0.22262155407928436,0.3251060542118671
648,-0.18203025,0.22030751,0.004976897,0.0053165997,0.16249344896940793,0.20943821984993272
649,0.05868041,0.16584383,0.0016782527,0.0028107741,-0.020273934734366828,0.17039395500880822
650,0.12359977,0.79990005,0.001845806,0.003141366,-0.10404704628393469,0.8238212472752471
651,-0.0051821684,0.0415474,0.002113142,0.0027302543,0.025608973861627107,0.04322917698744013
652,0.029328503,0.004224224,0.001774409,0.0019200281,0.01392095146844984,0.005544331702308915
653,0.027895607,0.01169767,0.0017851187,0.001843883,-0.0050466353747611725,0.011830029917102872
654,0.03978174,0.014528295,0.0023096425,0.0023726872,-0.015747513891302065,0.015536349097489709
655,0.026644971,-0.04732986,0.0020472368,0.0027633803,0.023373693231972824,-0.05176372110092317
656,0.026227728,-0.009490611,0.0015363821,0.0016394268,-0.014429071735543792,-0.008309330997743348
657,0.049233362,0.06669291,0.0020694835,0.0022034275,-0.02294995933514142,0.06822793949074996
658,-0.12058845,0.23156738,0.0046207407,0.0067231054,0.2720861547119091,0.23400952610270448
659,0.03893296,-0.27927932,0.0015911334,0.0035091247,-0.024542968004606952,-0.2852160743499986
660,0.022931948,0.059979245,0.0017277602,0.0021174292,-0.019731141628469406,0.06246887812986007
661,0.12296878,0.026822207,0.0034788086,0.0017404645,-0.09770396394232658,0.030063919086020505
662,0.4485369,0.16851205,0.0021956963,0.0017298611,-0.43527749184476117,0.16969773783862233
663,0.04917474,-0.051769625,0.0034551676,0.0040215533,-0.027497864740786162,-0.06392499474223234
664,0.023748584,-0.041992325,0.0015374533,0.002086,0.018238164007523143,-0.044266227254516385
665,-0.0010961434,0.009555029,0.0020124977,0.002555392,0.012881480336873743,0.009472974785899866
666,-0.20000756,0.13059787,0.0032471288,0.0020024646,0.2163176784291584,0.13695136426553162
667,0.2533225,-0.08992666,0.008757709,0.0032107811,-0.2728566816006619,-0.09325100484287312
668,-0.16638444,-0.08451424,0.0027251171,0.0021214641,0.19041725957224945,-0.0846088867470388
669,-0.011555894,-0.011940027,0.002504797,0.0019818959,0.03734092351322341,-0.011465628052647822
670,0.6932776,-0.21935691,0.019810855,0.0061946935,-0.7006173523034278,-0.22472090615451418
671,0.057580326,0.008975675,0.0015455472,0.0014639214,0.04962141304058448,0.007705322530605965
672,-0.18286039,-0.13214405,0.0029356421,0.0023794286,0.20967883718620772,-0.13218750942989782
673,-0.02269851,0.017816527,0.0018813835,0.0019046253,0.05669557278378278,0.019332973522826914
674,0.5957493,0.494912,0.008451008,0.0068861335,-0.6200449066079867,0.531576946213026
675,0.005422742,-0.0039161295,0.010147144,0.014180106,0.053129963529691314,-0.00018587860494525516
676,0.03653457,-0.0010259767,0.0019520588,0.0017639707,-0.0007696041895137296,-0.001607096578681906
677,-0.034068465,-0.035489555,0.0017993983,0.0017062814,0.04074924166211247,-0.03582493339637364
678,0.01115057,0.17297786,0.0015611396,0.0037715319,0.010566583459722398,0.18013165871929293
679,-0.30224776,-0.12288399,0.0037073465,0.0017957641,0.3129580515203851,-0.12176276951792503
680,0.14775728,-0.004051974,0.0050878,0.0023982048,-0.21289263059083413,-0.003977310854100953
681,0.4675708,-0.05935314,0.0026711414,0.0015409082,-0.46309582635898106,-0.061215508599504136
682,-0.03460623,-0.24619062,0.0024830361,0.010192379,0.08192667832687056,-0.24822608067877272
683,0.052024256,0.0218449,0.002122778,0.0020578597,-0.028262273564696728,0.02318243436095582
684,-0.25736848,-0.68958217,0.0018391425,0.0026609073,0.2800909291995253,-0.6977993146364999
685,-0.07438808,-0.36480248,0.0016043446,0.004771281,0.09670617741908784,-0.37280937666370473
686,0.07769392,0.015996031,0.0054043075,0.0048152725,-0.05406853051448567,0.016642832809409404
687,-0.12999007,0.037185352,0.003509101,0.0016341815,0.1620852204906553,0.03825050721714491
688,0.040642485,-0.007735761,0.001618984,0.001581669,0.006554484472997854,-0.008719803050240338
689,-0.747354,0.28314912,0.0025490313,0.001963064,0.7651952515412758,0.281032673832696
690,0.1149498,-0.35720447,0.0059182863,0.022025704,-0.09254582417744257,-0.36133444686275695
691,0.24379168,0.34124705,0.006683549,0.009137161,-0.2426276325198356,0.35942048010487293
692,-0.1286408,-0.17198317,0.0044695553,0.0049009705,0.15019871422647776,-0.19440841302604225
693,-0.008732683,0.061194774,0.0027469918,0.003415948,-0.03623166495064276,0.06661564084607235
694,-0.029659454,0.011518676,0.003589164,0.003646096,0.0008260959885461933,0.01514200165176463
695,-0.02175641,0.13336217,0.0018073712,0.0032096296,0.05379368310969574,0.13648040115461588
696,0.009526365,0.13410518,0.0018715075,0.0049478034,0.01994769498845045,0.13657516830166186
697,-0.3495355,-0.3499379,0.00842382,0.0074945977,0.3778790952359664,-0.3487318919127961
698,-0.15328583,0.04010496,0.0019145801,0.0013477448,0.1815935072583152,0.04143828950874424
699,-0.19538102,-0.21810703,0.003783594,0.0032882981,0.15034277634305243,-0.22223872482719856
700,-0.06999895,-0.2274532,0.001619222,0.0024524438,0.08665531000239429,-0.2340026424413759
701,0.26709488,-0.06973063,0.007278651,0.0022671067,-0.2335160668849556,-0.06957315319027328
702,0.020585533,0.0021529254,0.002729278,0.003052641,-0.0107261451676357,0.001967536670900215
703,0.052038845,-0.05785668,0.002449977,0.00291792,-0.03799241218268543,-0.06169502783501158
704,0.42576078,-0.16035496,0.00644349,0.0027562713,-0.419175116384566,-0.16461688093988566
705,0.20292078,0.4460735,0.014818377,0.032479312,-0.19251977411533805,0.4955458212329857
706,0.1403614,0.046429623,0.0028312767,0.0018116898,-0.11717996777647423,0.04755891332491676
707,-0.1266288,0.06426043,0.001894353,0.0015143164,0.1514501688241579,0.06607432645448619
708,-0.29481632,-0.57805234,0.0147561245,0.029604832,0.31704537508462266,-0.5481364463864605
709,-0.09864381,-0.08318239,0.0019171977,0.0017370438,0.12180566428326793,-0.08447750974080753
710,0.059396446,0.082206555,0.00302003,0.0038382004,-0.03212716096953622,0.08046609834723925
711,-0.12713602,0.17924948,0.0016538557,0.0016151618,0.15446607053822117,0.177608427702965
712,-0.11830218,-0.47672597,0.0014682963,0.0025451062,0.14705594251023021,-0.48337040539697423
713,0.010653668,-0.053197946,0.0013993722,0.0018203415,0.05308872969122085,-0.05364120500919927
714,-0.30796334,0.31998748,0.00545043,0.005033229,0.3405487883549724,0.3339175916762087
715,-0.06306469,0.09805669,0.0026480758,0.0025640912,0.08774834223724848,0.10495094570346758
716,0.042075735,-0.45963326,0.0013760393,0.003987844,-0.028445273831173106,-0.4736519525249505
717,0.013270103,0.01143928,0.0060988744,0.006082775,0.0314007778386993,0.014998586599229787
718,0.08289613,-0.78489953,0.0016798001,0.002567611,-0.061224874695458356,-0.79470988515375
719,-0.063400306,-0.04881842,0.003801764,0.0039478256,0.11542444122061256,-0.06115191416425199
720,0.5406432,-0.64722234,0.0031785646,0.003068475,-0.5439040454751933,-0.650215663134178
721,0.07409732,-0.022024238,0.0019545574,0.0017793516,-0.0684989555402811,-0.023422889876202706
722,0.07652785,0.017908668,0.002940515,0.001707098,-0.05929500563147526,0.01701912799197828
723,0.18055321,-0.08009643,0.0028675324,0.0016057547,-0.16122176183831,-0.08315214785735943
724,-0.121354334,-0.32501683,0.0019546764,0.0031795932,0.14740515428186843,-0.33322712051827524
725,0.25559157,-0.21050204,0.025880264,0.018139908,-0.21971297023659908,-0.1766249755679324
726,0.071887515,-0.44206458,0.0017415645,0.0070741726,-0.043762861995832625,-0.4578332565309744
727,0.42701414,-0.3076696,0.01193783,0.008834182,-0.41792262330014174,-0.3371284714897753
728,0.5467627,0.26695997,0.014712779,0.008805836,-0.6797133893105617,0.3396658986512972
729,-0.40924963,0.49211353,0.009225437,0.010520098,0.4361286691398963,0.5272608530279506
730,0.35960135,0.08527775,0.01041628,0.003488962,-0.402055230108182,0.08725756262074519
731,0.011649624,-0.009735869,0.0015278123,0.0019660732,-0.007732859792532068,-0.00973208135947018
732,0.029880144,0.032570295,0.0017126467,0.0017078702,-0.03550831929019665,0.035715457878454746
733,0.09100481,-0.2737823,0.0015322163,0.0017930499,-0.07072415538679987,-0.2792516767865938
734,0.030373864,0.0037574107,0.004274666,0.0049571795,-0.014714605963684844,0.007544949636108906
735,-0.53667176,-0.23156549,0.0040778383,0.0020520154,0.5730826475022162,-0.23294049025412725
736,0.019412518,-0.034570724,0.0073933215,0.009966822,0.05995851328577028,-0.03858309642042306
737,0.097623,0.2456731,0.0016690892,0.0024444722,-0.08055061464444312,0.2478182522780421
738,0.40420207,0.55863655,0.0031451718,0.0035619442,-0.413071880069012,0.598688502150082
739,0.24998482,-0.08238601,0.0044517536,0.0020276671,-0.21518017379299587,-0.08671063850971299
740,-0.19772641,0.25518706,0.0017852376,0.0016299372,0.18613807214912462,0.2610819094887939
741,-0.30999815,0.055319272,0.0019971505,0.0013285126,0.33784868881590985,0.05680057001054823
742,0.05754336,-0.03548651,0.0017885696,0.0017645687,-0.04973890074770414,-0.03710658103386068
743,0.06686357,-0.027468057,0.0022222216,0.0017208073,0.0004560108644490649,-0.027846974959114295
744,0.050829023,0.07713959,0.001502102,0.0016829798,-0.023583280733080317,0.08063884318824105
745,-0.18779331,-0.18568209,0.0042479574,0.004446481,0.19589754460242506,-0.18902600584833604
746,0.03075596,-0.007984905,0.0015462615,0.0016761785,-0.008488721629487238,-0.007952526002078
747,-0.005050606,0.007604381,0.0022518386,0.0029736105,-0.027231092444530428,0.005356625324316657
748,0.082986765,0.40673375,0.0024395122,0.008514586,-0.05732704137816757,0.39318309330630913
749,-0.23418696,0.6768084,0.0017941624,0.0027666076,0.2491007441350818,0.6824331868846175
750,-0.06170515,0.062518425,0.0036733781,0.0035722535,0.08673272163852168,0.07771439561576256
751,0.010081098,-0.010863585,0.0028836983,0.0035987408,0.009883296805692209,-0.008755955923402036
752,-0.1089554,0.37555894,0.001955271,0.0036929,0.1268063355304078,0.40696821011179735
753,-0.45312753,0.19708593,0.020700907,0.008319914,0.5567056391873162,0.22721820828473802
754,0.028442148,0.15699427,0.0018636541,0.004553907,-0.02547701968351965,0.16769549198877123
755,0.35390243,-0.06291252,0.003793807,0.0016026315,-0.3592950647808194,-0.062113501849170694
756,0.31871107,-0.436327,0.0020554455,0.0021634083,-0.31488807220306003,-0.4573393078904129
757,0.31106803,0.54998225,0.0050851903,0.0074219336,-0.3438512216035388,0.5533569331786348
758,0.20415895,0.22742473,0.0029392082,0.0029068463,-0.17751233767340727,0.2328811774694569
759,0.2522671,-0.26249924,0.004124378,0.003784354,-0.26099210395632205,-0.2730953172718345
760,0.038361393,-0.0015461688,0.0018567529,0.0017655286,-0.037453766107902124,-0.00013174142023245154
761,0.1385504,-0.5104227,0.0020975582,0.0052716816,-0.11190328600543711,-0.5221702600259774
762,0.04851745,0.050814867,0.0014891273,0.001565099,0.017337082955226815,0.052486966125826255
763,0.16281036,0.11150311,0.001727641,0.0014581615,-0.13148079222668993,0.11576779282094506
764,-0.002001091,0.02021777,0.0033571534,0.0040358626,-0.02109027534464938,0.02088625297813664
765,-0.08627766,0.4371499,0.0012822264,0.002255217,0.08757964857621944,0.446072818676866
766,0.09260708,0.030738397,0.0035398677,0.002102927,-0.09004150205813295,0.03336741845341936
767,-0.5897727,0.07749798,0.005758882,0.0019453693,0.5767663238001113,0.07688679027496431
768,0.12679924,-0.1680337,0.0016370745,0.0015509253,-0.09227130153333758,-0.1725686239539613
769,-0.1753896,0.00399377,0.011883641,0.0026316405,0.21768475423365025,0.00453155368178455
770,0.06669085,-0.017164754,0.0014946028,0.0014689221,-0.060071688015002525,-0.017585426451012836
771,-0.25736848,-0.68958217,0.0018391425,0.0026609073,0.2800909291995253,-0.6977993146364999
772,0.19227351,-0.5212621,0.0023695843,0.0038988462,-0.18923195736837556,-0.5392208304723821
773,-0.6545054,-0.15478884,0.004634149,0.002124415,0.663498539070839,-0.15119074647773229
774,0.41892424,0.486032,0.009490337,0.011474464,-0.3797445430416686,0.4923709825449655
775,0.012753443,0.0078364145,0.0013890153,0.0014155438,0.058619555826768914,0.009390730015559389
776,0.013377228,-0.023345383,0.0015591163,0.0017051428,0.01194725070877086,-0.022899674907771145
777,-0.11495301,0.14704573,0.0059672287,0.0059670424,0.13669637269022145,0.15449898834119608
778,0.15505123,-0.1731181,0.0021032684,0.002012471,-0.13286300173065801,-0.17967739637580687
779,0.49523237,-0.6108828,0.004843205,0.0054784203,-0.47202422255230897,-0.627363137005294
780,0.0035550455,-0.013864415,0.0014275851,0.0015808822,0.009836267136806989,-0.014261399270697948
781,0.021687925,-0.010991687,0.0026672182,0.0029193065,-0.008326975840578493,-0.012177777048111132
782,-0.009205892,0.003517991,0.0018277192,0.002242074,0.017357589692521432,0.00508953178903892
783,0.17382415,-0.10696385,0.005195962,0.0031411832,-0.17446954854195942,-0.10437378272361017
784,-0.335373,0.54161495,0.0019030385,0.002054111,0.35023006865063255,0.54455262158167
785,-0.24601461,-0.6797125,0.0022109216,0.0043636546,0.26750381024095876,-0.679400078689752
786,0.10432137,-0.2686059,0.0036439218,0.008032,-0.09758340449973937,-0.29470992158550785
787,0.025128826,0.022077253,0.0015150761,0.0017150491,-0.02641157699140555,0.021988390963037802
788,0.10925286,0.07301341,0.008200021,0.0063405256,-0.10508641974707332,0.08394133349029707
789,-0.0019154837,0.016143536,0.0026214432,0.003125233,-0.0008851858207087743,0.01564126522566805
790,0.15362203,-0.15190803,0.008655604,0.009687618,-0.10749393348320505,-0.13879687245336697
791,0.13694526,0.11931398,0.0021942689,0.0018521793,-0.10198382842475702,0.12431769350589014
792,0.16734086,0.05659947,0.002218653,0.0016195658,-0.16402734133723557,0.06063466331897044
793,-0.55812824,-0.07283075,0.03181583,0.005256036,0.619383936901163,-0.07945031699817595
794,0.026739202,0.021477154,0.0016217212,0.0016034718,0.003112999667873024,0.022657428814631907
795,0.12265016,0.10240244,0.0031016772,0.002523166,-0.09422649417734323,0.10516686731874642
796,-0.1302665,-0.14754425,0.003907453,0.003622887,0.15075633716141046,-0.154652042831076
797,-0.11009049,0.11434582,0.0047132922,0.004158283,0.16973865403063415,0.13080476012475228
798,0.11258789,-0.041102912,0.0048419004,0.0024730987,-0.11303665743932621,-0.037690990944159515
799,0.038109712,0.30882546,0.0012091221,0.002937295,-0.0031581045028194533,0.31575431573019763
800,0.25362128,-0.31666866,0.003794876,0.004352939,-0.25238483503659204,-0.3307408583757444
801,-0.09615914,-0.04132146,0.002950737,0.0020740833,0.12306812476409071,-0.04174646005684455
802,-0.010808467,-0.07278579,0.002218653,0.0034459676,0.03524099170080277,-0.07726850336601537
803,0.15546933,0.22111456,0.00263904,0.003065583,-0.15757583851294785,0.23916874195377683
804,0.0016245702,-0.017599503,0.0016266009,0.0020732326,0.024560114348252126,-0.017173823921754296
805,-0.29648316,0.2541325,0.011615134,0.009417193,0.32861037168292545,0.26194730223059326
806,0.010267162,-0.18761016,0.0018242681,0.009186057,-0.013996032037352543,-0.17735414953501932
807,0.25434992,-0.67737216,0.0029615536,0.0048962506,-0.23688373059381387,-0.6937968273610421
808,-0.05378468,0.16563196,0.0020178517,0.0024839733,0.07918974067228093,0.1629339979526361
809,-0.747354,0.28314912,0.0025490313,0.001963064,0.7651952515412758,0.281032673832696
810,-0.030550137,-0.039646793,0.0020660332,0.0022305518,0.046725630740430804,-0.03901973393168916
811,0.12056515,-0.20115812,0.002196291,0.002595896,-0.10669433182462207,-0.21056792207254763
812,0.06991421,-0.12436663,0.0024565174,0.0045659044,-0.034592646996725186,-0.1139443846021425
813,0.49895343,0.41219977,0.002841381,0.0027010753,-0.4984900978192503,0.42517218588216743
814,-0.055326562,0.035258923,0.0018465198,0.0015427029,0.08070800913440597,0.037569052348282
815,0.009300821,0.11096905,0.0021432384,0.004435513,0.047610897231818335,0.1186916930918572
816,0.041890703,0.030493533,0.002404549,0.0023676178,-0.011944609569233535,0.030865682567696257
817,0.013273207,-0.031265605,0.003432358,0.0050155334,0.024123418492323568,-0.03425143673973304
818,0.1016229,-0.13463345,0.0046708146,0.0067621856,-0.07180600960669686,-0.1300914859640908
819,0.0060540447,0.042253606,0.0015134098,0.0024175514,0.00698813680124349,0.04323981808824997
820,0.3003298,0.5501941,0.0023425876,0.003105624,-0.30327099644214106,0.5579771510745761
821,0.05995471,0.01765052,0.0017219288,0.0015793489,-0.04369860800845496,0.01879326453546309
822,0.40241626,-0.0605592,0.0031683447,0.0014955056,-0.37234398067261104,-0.06438953998395071
823,-0.2890155,0.63273287,0.0022182958,0.0029663588,0.3470609137269041,0.6638493746508388
824,0.0016501555,0.0011654602,0.0056722355,0.006127489,-0.0933994507682022,-0.0017481607593395508
825,0.1073457,-0.1347185,0.0074305953,0.010987247,-0.10375380546108773,-0.14622828874181235
826,0.072005905,-0.004424462,0.003669221,0.0019043421,-0.06457795728645209,-0.004735205068744665
827,0.05739342,0.4738175,0.0015125766,0.004654199,-0.049308858717921185,0.48894235770184136
828,0.1286687,-0.13580899,0.0021560853,0.0019948357,-0.11797154321893562,-0.14047017645170518
829,0.18408176,-0.13815439,0.012330719,0.009997031,-0.1745477931136349,-0.15236407327497983
830,0.0749781,0.14603038,0.0041838544,0.009454853,-0.0496170448725868,0.13205513109561481
831,-0.31746942,0.07820152,0.006878798,0.0027144768,0.3751623097174722,0.08612153366183112
832,0.007816591,0.03453367,0.0016352893,0.0024228145,0.07149523091624324,0.03717300423241895
833,0.2191893,0.07933062,0.009594835,0.003703294,-0.21745151346146604,0.0875575406033823
834,-0.004773467,-0.0514702,0.0014862703,0.0016739185,0.011448044598292038,-0.053526696915139636
835,0.16923328,0.06693307,0.003633113,0.0024770985,-0.11864168837986648,0.06947023688210174
836,-0.09061363,0.07916004,0.003131268,0.0022703812,0.15233261264181733,0.08087725339924227
837,0.18807256,-0.09740364,0.0034776202,0.0020448267,-0.17733929288179642,-0.10112591055478413
838,-0.19363733,-0.43068025,0.0057304353,0.011853852,0.23660567490262,-0.4251748124743788
839,0.12458577,-0.19531186,0.002480063,0.0033438052,-0.11167661225464352,-0.20282648093282282
840,-0.7846431,-0.15912895,0.0028313955,0.0019957952,0.8079236266394695,-0.1578266218664442
841,0.36927712,0.11024967,0.0066910093,0.0027140253,-0.3508525724618355,0.11412604771296916
842,-0.014718308,-0.2677981,0.0016996746,0.007990128,0.03946621487335194,-0.27014697112577585
843,-0.35062268,-0.19106476,0.0026172814,0.0018408383,0.40474016697921517,-0.18963181140126792
844,-0.15434071,-0.03477175,0.0065583754,0.005867248,0.185959667498071,-0.04229347283631812
845,-0.016109906,-0.017526852,0.00525834,0.00617329,-0.030459061556244477,-0.021436553163635366
846,0.11874378,-0.74157256,0.0023890885,0.013225188,-0.09379794522920543,-0.7745323745684909
847,0.0040889094,-0.0053956974,0.0017044349,0.0018990578,0.035350620550436244,-0.0052285087523512115
848,0.00390716,-0.12961155,0.001982755,0.0021716643,0.010324882215553836,-0.13185661151680086
849,-0.1176027,0.06229208,0.0036128021,0.0025244667,0.10954567190866167,0.06373789082897073
850,0.03560803,-0.025107147,0.0019927486,0.0017905779,0.00034350907485821564,-0.025647962083624333
851,-0.34352267,0.23940594,0.005724983,0.0038610515,0.3723679606454652,0.24463080042316812
852,-0.15565106,-0.1807869,0.0114135,0.0125859305,0.21047248446729977,-0.1970933188295656
853,-0.06878534,0.011993243,0.016624292,0.010913124,0.10259937881609289,0.023739008827264013
854,0.09995839,0.13570596,0.002314757,0.0023771771,-0.039887293129031234,0.14186123461788122
855,-0.67142546,-0.44031617,0.0055131475,0.004097703,0.7073070897738081,-0.44747463021761613
856,0.000538365,-0.011114137,0.0026875485,0.003519338,-0.004932579740923094,-0.010074181907951979
857,0.006731392,0.002719814,0.0024166792,0.0030462367,-0.06671326190999005,0.00488811992022432
858,0.05067384,-0.002120981,0.0022197235,0.0021334826,-0.04451527270236315,-0.0020520397339351343
859,0.00038833264,0.025839444,0.003063766,0.0037140113,-0.0017297825272688267,0.02590250858086885
860,-0.08397053,0.042955685,0.00610077,0.003766075,0.10819879065249384,0.04607958212156147
861,0.088205546,-0.11404281,0.0018717455,0.0017849451,-0.06302048306239301,-0.1159107297048755
862,0.041670308,0.07362393,0.0069324295,0.010032807,0.010553338111703536,0.07911765802174259
863,-0.42444053,-0.08824069,0.002211754,0.0013754163,0.5044825636817936,-0.08613120541365529
864,0.078213185,0.073074535,0.0015091246,0.0014995857,-0.01166731922865414,0.07383184341029916
865,-0.016449772,-0.029385047,0.0014305612,0.0017026588,-0.048202761963106404,-0.031025857282190834
866,-0.45721373,-0.5469646,0.003974304,0.0041231755,0.49162192259153686,-0.5616056428500751
867,0.051329326,-0.035403732,0.0030146816,0.0028990628,-0.021543725913305847,-0.03593704679783887
868,-0.09739243,-0.34538126,0.0019381385,0.0028621028,0.11703156587193862,-0.3597203278558144
869,-0.49953565,0.20200388,0.059019472,0.022175977,0.3891806811501904,0.15616974650777266
870,-0.047137693,-0.028851071,0.0019389712,0.0016417096,0.07078721440727553,-0.028825614277714826
871,-0.05260193,0.56185895,0.0021220641,0.012523419,0.07466196224401932,0.5661033735938085
872,-0.014421835,-0.012031557,0.00208709,0.0026791848,-0.04780471107719587,-0.0075005448943692415
873,0.027329057,0.022162994,0.0014406794,0.0014707451,-0.0029732245062590937,0.021826837430878553
874,-0.3765939,0.17042698,0.0072249207,0.0044612805,0.39882108549054096,0.17049279429170838
875,-0.0314318,0.008082127,0.0020066681,0.001732153,0.0038810389586808906,0.008603491369857993
876,0.049228135,0.06744019,0.0025107425,0.0035045878,-0.028257383957904492,0.06597697009846593
877,0.0527176,-0.038398597,0.0014507978,0.0013702178,-0.04933704359340068,-0.0403831964666257
878,-0.009509458,0.05694796,0.0016433822,0.0022121135,0.017122624585570973,0.05772839362269865
879,-0.2890155,0.63273287,0.0022182958,0.0029663588,0.3470609137269041,0.6638493746508388
880,-0.0142375445,-0.012025194,0.0014178238,0.0015029649,-0.0015375427359597001,-0.011427473694540185
881,0.044578217,0.058299333,0.003193894,0.0037296538,-0.03218520512882789,0.07332782096879528
882,0.20947562,-0.37767786,0.0050809206,0.008968418,-0.22004930102437428,-0.38304976980965755
883,-0.15277745,-0.1613646,0.0047433097,0.0044574356,0.169913966880164,-0.17295009521660398
884,0.11075608,0.030177658,0.003564219,0.0019072364,-0.0873310397449219,0.03132920803731687
885,0.062160425,0.05581687,0.002156204,0.002074294,-0.0006303995249688111,0.059620071612474096
886,0.098248534,0.23337312,0.0020825693,0.0037401295,-0.05880909867224478,0.23988432090357195
887,0.48146066,0.783934,0.003417864,0.0048606754,-0.4776690354296348,0.7936765251872817
888,0.14187646,0.00059319835,0.009207839,0.0033628885,-0.16923492470163368,-0.0005403306187549986
889,0.6997995,-0.21256708,0.008864056,0.0030821962,-0.6845064807610337,-0.21502139001198242
890,-0.010452273,0.0011223609,0.004289622,0.0044994503,-0.02794292521032221,-0.004151395510259476
891,-0.3341826,0.08983528,0.004090779,0.0016632028,0.3589132149082124,0.09044551176894766
892,0.0057284245,-0.006516123,0.0016540935,0.0015320256,0.014802329618842688,-0.006280690113643099
893,0.029395815,-0.030781915,0.0023610217,0.0028483656,-0.005780933130721844,-0.033089123008854714
894,-0.19672762,-0.36375472,0.0017408506,0.002116457,0.24288634169621331,-0.3697614292796908
895,0.09647338,0.15905203,0.00189352,0.0020279977,-0.04897982440122029,0.16566617697178712
896,-0.1338354,0.16989188,0.016899196,0.018709192,0.12122048664985627,0.1639225207127364
897,0.018462881,0.0013479794,0.0017433495,0.0018974412,0.001802153280888692,0.0016363518484926877
898,0.30792123,-0.12986533,0.011776671,0.004951956,-0.29145501537907925,-0.15003388627698958
899,0.08192256,-0.79571456,0.0018381905,0.0050680405,-0.057068100030789194,-0.8221461714425214
900,-0.29873452,0.36466956,0.0017423978,0.0016273881,0.3268260637821812,0.3709723152800371
901,-0.42759928,-0.107014425,0.0029938822,0.0016544656,0.45056250689838373,-0.1060431819330174
902,0.012971559,-0.023148032,0.0016556407,0.0016345843,-0.016060343362876598,-0.024170651614186772
903,0.2866067,-0.2305618,0.00233783,0.0018699631,-0.26420803701532586,-0.23931467359575662
904,0.09791505,-0.05532269,0.0050302744,0.0034081996,-0.0890755958820211,-0.05561376841784232
905,-0.026728593,0.36677593,0.0013936581,0.0022849338,0.05140623837776896,0.37462680759748224
906,0.3202943,-0.41281983,0.0063359365,0.007968372,-0.27794302842018037,-0.42322387264155903
907,-0.2661058,-0.013395982,0.013062265,0.0037039977,0.3032262816463169,-0.023856092581040746
908,-0.006173781,0.043568492,0.004123309,0.0050707636,0.03143035046000165,0.049150946772541206
909,0.037832685,-0.049743667,0.004041508,0.005578479,0.017006768240470083,-0.04998109360048459
910,-0.005216523,-0.08168997,0.001340682,0.0019708595,0.05088893648441158,-0.0867025676450193
911,0.07159884,0.040008288,0.0016360033,0.0015456742,-0.032634116564597165,0.04145920075291213
912,0.10867624,0.025669051,0.0057491623,0.0027079764,-0.09554682949735221,0.025067172880784066
913,-0.025263302,-0.18292212,0.0014760334,0.0016544547,0.049817944149015046,-0.1817096073427419
914,-0.009078278,0.074801475,0.0020424782,0.0029711768,0.07998578402409968,0.08149433186339275
915,-0.09423804,-0.16497767,0.0025637757,0.0027323829,0.023733804583236935,-0.16659293265094538
916,0.0031674365,0.06727316,0.001216147,0.0017942269,-0.012973027724659239,0.06883923772417981
917,0.07489786,-0.120293066,0.0018103461,0.0023028944,-0.03448589166410422,-0.12343818164854803
918,0.03551296,-0.037389245,0.006265689,0.0079129515,0.031322367159004265,-0.03396796412444356
919,0.099535756,0.025536152,0.006739321,0.0028937396,-0.06665460021267344,0.02836165885192556
920,0.16289355,-0.0025738124,0.0074399435,0.0023814638,-0.14021218392148885,-0.0004039233012684391
921,0.32009697,-0.16980392,0.006877969,0.0032528555,-0.3101070318748275,-0.17239345743986026
922,-0.021549698,-0.0588571,0.0033169945,0.003934146,0.048547544938418175,-0.06808093527502047
923,0.47248837,0.16441132,0.0050940854,0.0023487413,-0.46921485965071086,0.17348650644249317
924,-0.025793664,0.08353887,0.0014973405,0.0017075157,0.017962600982431274,0.08689279308091528
925,0.06696071,0.17728496,0.003922415,0.0102476375,-0.07400991908012505,0.19248692779086282
926,0.6819335,0.016154053,0.0056203147,0.0018238057,-0.6742799172718852,0.015918712275280036
927,0.169509,-0.017087912,0.008644495,0.002588808,-0.07235758770891954,-0.016160262748416112
928,0.25634244,0.1577312,0.001960863,0.0015652714,-0.24477280871532997,0.16251282079453203
929,0.35842118,0.2338586,0.0035630316,0.0022937604,-0.32801076271625906,0.24815149545796836
930,0.24197285,-0.17434902,0.007837679,0.0055931183,-0.2050485452842649,-0.1635383066580148
931,-0.74039185,-0.4670671,0.0038823977,0.0030184505,0.771047413076865,-0.4886060036451559
932,0.25559157,-0.21050204,0.025880264,0.018139908,-0.21971297023659908,-0.1766249755679324
933,0.26218197,-0.19838105,0.0024377282,0.0019522244,-0.2522081401954905,-0.20260676912283956
934,-0.017875604,0.030375747,0.0024049059,0.0029043637,0.009937525486426688,0.029901545315311317
935,0.19399954,-0.13178946,0.0027320124,0.0017790764,-0.1611297396967548,-0.13004519145230378
936,-0.053871322,-0.37641034,0.0013712774,0.0021673064,0.069272795994973,-0.37615452776629893
937,0.092969716,-0.08087543,0.004369266,0.0039076367,-0.07143526653694454,-0.08395130921522387
938,0.43813625,0.33491176,0.0043131243,0.0031906697,-0.4211290545857915,0.34585725784200544
939,-0.06374616,-0.07167995,0.0032380975,0.0033754015,0.10979804051292878,-0.0747329086872478
940,0.026123669,0.03215042,0.005972205,0.007126412,-0.029099969938479592,0.03594365456614952
941,0.09339436,-0.3569618,0.0019957228,0.006031233,-0.07835494007371573,-0.3704027415076247
942,-0.0012726178,-0.02136031,0.0014461552,0.0019232866,-0.034518636253111676,-0.021625808596168233
943,-0.046873443,-0.046527278,0.0019235038,0.0018514518,0.0561378466354642,-0.044263536777229634
944,-0.23095031,0.4250563,0.0031388742,0.004436546,0.2933032162859157,0.47884507385665864
945,0.016765378,0.014625562,0.0030993002,0.0040527363,-0.0010472790248513112,0.014482553061383026
946,-0.30582768,0.45005307,0.0018641301,0.0019388632,0.33659141803237613,0.4557898869237797
947,0.25525635,0.1085677,0.012769828,0.005434641,-0.27054546616125386,0.1211642729724841
948,-0.106578685,-0.10975748,0.0025925501,0.0023966138,0.12819195767366967,-0.11252436739979431
949,0.020309713,0.0020361152,0.0038904722,0.004312173,0.014733396808419437,0.002066833382896265
950,0.03567086,-0.037548617,0.0042320504,0.0053559784,-0.03201347308728427,-0.04201735126792824
951,-0.09835985,0.12660988,0.004359296,0.004325094,0.11942293417940505,0.12546060292728692
952,0.30503255,0.019925287,0.003624086,0.0015761501,-0.309869742847402,0.01969163601742768
953,0.06534796,-0.37059322,0.0018912591,0.0062966347,-0.03402350960925324,-0.38299222497532814
954,0.07738316,-0.039674904,0.0065393066,0.006187103,-0.0012950245739408001,-0.03385202145683891
955,0.18516912,-0.15539254,0.0027433066,0.0022738066,-0.12907926953366833,-0.1586270741153323
956,0.33862582,-0.09128985,0.0075043114,0.002643,-0.29341750755712576,-0.09517750603873636
957,-0.23818687,-0.22951005,0.009493762,0.008510775,0.21637789315916914,-0.22763234398644142
958,0.08697921,-0.10596907,0.0025792331,0.0025455859,-0.06872985004768413,-0.10922446824378006
959,0.03318994,-0.0067913663,0.002637732,0.0032368088,-0.03510626092398727,-0.009030405945749383
960,0.014748299,-0.033424858,0.0017452537,0.001991614,0.005682020846810277,-0.03561953759621249
961,0.042384863,0.019820882,0.003261031,0.0035208366,-0.025479333994071422,0.020606745437970437
962,-0.12609334,-0.43404615,0.002821529,0.007097438,0.11031134216481092,-0.43851281670275183
963,0.1996476,-0.24970157,0.0021967667,0.0022578628,-0.18953563297774267,-0.2594043384284434
964,-0.016171876,-0.39027405,0.0013618728,0.0038662283,0.042702645968181796,-0.39780084434969537
965,-0.6566074,-0.16536665,0.0034994788,0.0018526732,0.6847439879061616,-0.16106058198052642
966,-0.07485183,-0.090909235,0.0040014954,0.0045048264,0.13395568666210586,-0.09472863939352051
967,0.0033240812,-0.1574975,0.005866735,0.008273719,0.07597819226249819,-0.1887894856230965
968,-0.05807818,0.10967751,0.0020845917,0.0023978471,0.012894045153941235,0.11681282288546922
969,0.022482831,-0.14555517,0.0024967107,0.006254152,0.031056638675255932,-0.15361057445290505
970,0.20820937,0.0055346917,0.0035270385,0.0016471089,-0.22572740097207025,0.0060650423902714285
971,0.00075211097,0.20887165,0.0014484172,0.0028975513,0.013826510267956112,0.2148127511134145
972,0.052481327,-0.0046614055,0.0021558474,0.0017654563,-0.027195947214396464,-0.005274139397281733
973,0.19666082,0.30391878,0.007812013,0.011882274,-0.21459001495843205,0.3374627543266854
974,-0.06258753,-0.11151945,0.0022067584,0.002244257,0.08712511425202348,-0.11105423097974888
975,0.09302272,-0.052936073,0.0021264656,0.001986457,-0.0754777852619468,-0.0535358210850319
976,0.05779123,-0.22258148,0.00190173,0.0053977007,-0.041524561541792376,-0.24197946596809133
977,-0.28383383,-0.17118628,0.0035048246,0.0022896742,0.31204153951347724,-0.17502738401289344
978,0.15080206,0.10740443,0.0017853567,0.0016127304,-0.09603357589451587,0.1097969942939317
979,-0.42000335,0.39989784,0.0023565025,0.0019879544,0.44821054450091913,0.4038479030318528
980,0.08108013,-0.13042188,0.0016455246,0.0017793392,-0.06239744632980901,-0.13738306895605504
981,0.012447574,0.050546803,0.0018179616,0.0018900075,-0.00012949095798944,0.054570312930782044
982,0.016668841,0.008925719,0.0018418793,0.0018058056,0.006791664555226606,0.008132484254653403
983,-0.20242135,-0.17003064,0.0028983192,0.002114373,0.22145215038142363,-0.17223489250461868
984,-0.14180863,0.38430837,0.0026496216,0.0064517036,0.15616186218989372,0.39440632941169335
985,0.013463442,0.0051282085,0.0045254515,0.005634433,0.0018648959090050413,0.0057638284883241115
986,-0.0057140877,-0.032701362,0.002265041,0.0029897965,0.052607392108845547,-0.03472477249810817
987,0.10999159,0.01994325,0.00598133,0.0026407535,-0.08490094189694855,0.022882976324596738
988,-0.040586628,-0.03309698,0.002149543,0.0018922226,0.03460901120298058,-0.034726122339255684
989,0.0029206173,-0.146592,0.003963737,0.014458717,0.006744067937933625,-0.13425495896826636
990,0.10910127,0.011710012,0.0048670503,0.0034470158,0.06585226598708425,0.011872316710137032
991,-0.042801727,-0.023216331,0.0022332834,0.0019439353,0.06092948854797657,-0.02529304437942138
992,-0.0077439984,0.16959354,0.0025038456,0.0070763654,-0.03172444412194771,0.17034614054456843
993,0.029614452,0.09080043,0.0053431243,0.007340801,0.009093699021852532,0.1027421312007025
994,0.05201006,-0.016584726,0.002468409,0.0024949487,-0.037741840639716764,-0.018070771035646867
995,0.13265416,0.19403005,0.002578044,0.0027465862,-0.10868752821694497,0.2061369635438318
996,0.26407114,0.55253893,0.003274576,0.0044955523,-0.263666534628986,0.6095782841431021
997,0.038529918,0.07319982,0.0036256306,0.0056413305,0.04211619478703044,0.0877461824090802
998,-0.28143018,0.03367876,0.0020919673,0.0014035736,0.3048561598763193,0.0353287316917546
999,0.045120135,0.045359943,0.0018077281,0.0017368048,0.06370279398955084,0.04395111540386402
1000,-0.28487507,0.26408893,0.0030900307,0.0024533984,0.30715140457942647,0.2633706015068872
1001,-0.59356534,0.2953377,0.0025980198,0.0017505701,0.6093892753505251,0.29843916802539383
1002,-0.46906444,0.33306813,0.0024523553,0.0018716875,0.4531615043293079,0.3442741567110339
1003,0.2732589,-0.0493027,0.003803308,0.0015797328,-0.257047808744104,-0.051789228303991804
1004,0.01072798,-0.024796078,0.0018391425,0.002399763,0.0014743768293315664,-0.025575105039016256
1005,0.16112243,0.9112973,0.0023098807,0.0041961973,-0.09219924237790605,0.9293160843892107
1006,-0.01735105,-0.114312924,0.0026083642,0.0056883246,0.019755920588051708,-0.12258637177145303
1007,0.005618398,-0.23940273,0.0019450393,0.0055451826,0.02083347335625844,-0.24428137500895547
1008,0.21575722,0.05468834,0.005174378,0.0024186042,-0.19992345283095725,0.0571507187860015
1009,-0.20049892,0.15641521,0.0054081017,0.0035311503,0.23237024914641013,0.1643927887534312
1010,0.1797421,-0.055502687,0.014492616,0.005154586,-0.24076411221263286,-0.05885334388075811
1011,-0.20757474,-0.14658587,0.005104997,0.004467426,0.2678958750844775,-0.1456884999930139
1012,-0.06055591,-0.025099946,0.0061841803,0.0041784616,0.09180904239760691,-0.028747469943030127
1013,-0.64994407,0.11452795,0.0023013174,0.0015383855,0.6743394618528963,0.11628514040604641
1014,-0.009660476,0.3730978,0.0022168688,0.012582387,0.00037695351919326555,0.3531354736003602
1015,0.24792026,-0.20148711,0.013307091,0.01078171,-0.2209095979961,-0.20376747245849464
1016,-0.1738377,0.097911224,0.002110406,0.0015797024,0.2535328256371106,0.09965728349701186
1017,-0.11634457,-0.034138147,0.0074044447,0.003514686,0.05198981486563221,-0.04134697898381793
1018,0.13344464,-0.21894105,0.002355075,0.002988921,-0.10149450795284634,-0.22697383674264499
1019,0.05275723,-0.029326694,0.0019196963,0.002171725,-0.06287872069367845,-0.031087501863563512
1020,-0.51975965,-0.20169838,0.0055041364,0.0025712843,0.5091054464266493,-0.2064579201564572
1021,0.120147705,0.35767457,0.0024754251,0.0043396633,-0.10132276406056732,0.362923041240063
1022,-0.0439086,0.8042103,0.0021118335,0.008824666,0.06768855155225695,0.8353918323025876
1023,-0.09509124,-0.04572881,0.0041032447,0.0026614682,0.12401567571292575,-0.04777830797803308
1024,0.013929495,-0.07165918,0.0023781473,0.004939123,-0.014879840475690445,-0.07939608968635699
1025,-0.025564447,-0.03310266,0.009800025,0.013672301,0.09029994306368982,-0.037897157675500025
1026,-0.28654596,0.52759737,0.0066778646,0.010133204,0.35946723000153846,0.625039217727377
1027,0.0822669,0.07041753,0.006146623,0.0053588147,-0.08627582826481485,0.07572583141878553
1028,-0.24394402,0.0019113849,0.0065348065,0.0017784411,0.27541826084394794,0.0032327371593132907
1029,-0.04677998,-0.06622086,0.0023047663,0.0029169132,0.04572657543066125,-0.06953125347240735
1030,0.5240158,0.20184074,0.0062586986,0.0028119518,-0.47490465934486426,0.2082836400435823
1031,-0.28629693,0.34277913,0.02124665,0.022882799,0.31405957784909655,0.33105300737192717
1032,0.051429868,-0.024354417,0.006221618,0.006122229,-0.034558840446076176,-0.015113868017588091
1033,0.5961486,-0.43432903,0.005098474,0.003652908,-0.597967664467963,-0.4496795780791945
1034,0.51051927,0.09224351,0.0034750067,0.0017637976,-0.4854323192830222,0.09431348870497053
1035,0.07539961,0.094200395,0.0028336542,0.002609898,-0.06832357969510036,0.10750000196284308
1036,-0.017666157,0.19979529,0.004940362,0.020134076,0.059233366888576604,0.19096284221144583
1037,-0.08306829,0.47612044,0.0021715492,0.0096172625,0.12242391873068167,0.4766410624880082
1038,-0.05422302,-0.0036536027,0.002098629,0.0018311293,0.025612075965136764,-0.0042052800051524996
1039,0.111825645,0.2310247,0.002019874,0.002980615,-0.08818232833656996,0.236229365308987
1040,0.1303456,0.05185702,0.010010011,0.0040165754,-0.12270087761449028,0.0491997467379502
1041,0.05607524,-0.056752272,0.0020268934,0.0020360514,-0.032556090396835935,-0.05936861714475375
1042,0.045044445,-0.37024888,0.0018176045,0.0069933455,-0.03170705439483077,-0.38221380508797376
1043,-0.19714536,-0.32524955,0.0017921396,0.0020494796,0.2419634129532066,-0.32937850632383203
1044,-0.005266837,-0.17333324,0.0018160577,0.006539354,0.03924458482446868,-0.1810868265859107
1045,-0.08974603,0.35179272,0.0016349318,0.0024226296,0.11787473676308481,0.36727969977994707
1046,-0.04149571,-0.06025546,0.0047104447,0.005443948,0.018711585668538235,-0.07257888849641211
1047,-0.18371372,0.19155414,0.02595124,0.02524911,0.30353078724709776,0.23440905232774217
1048,0.11582224,0.21231003,0.0052455324,0.009038685,-0.09414348127809845,0.23576622745190298
1049,0.032300714,0.043427646,0.0018055863,0.0017253482,-0.009719497993695161,0.046546416229707226
1050,0.040571235,0.042960983,0.0019577695,0.002019636,-0.030613192174310744,0.04587873031881466
1051,0.00904223,0.032534994,0.009284378,0.009996142,0.0500958598979459,0.051806318562224424
1052,0.5698007,-0.6827528,0.0041065696,0.0044575552,-0.606311044487592,-0.7507523365178135
1053,-0.12512778,0.12506287,0.002610742,0.0022722944,0.15038469187339976,0.12693375316313443
1054,-0.048502415,0.012253156,0.0020542555,0.0018897097,-0.03817500256090459,0.01334679661220723
1055,-0.025406983,0.2870594,0.001679086,0.0073455726,0.052823059181161425,0.29850175339986135
1056,-0.08589926,-0.06547497,0.0019477755,0.0022065889,0.12451281614527976,-0.06929524260195978
1057,0.03936021,0.029745689,0.0016470719,0.0019806647,0.07320142032460059,0.030118638572139398
1058,-0.547598,0.32978368,0.0029471715,0.0020166642,0.5698214805138724,0.33376317008530004
1059,0.26085404,-0.07860911,0.0041678282,0.0020075059,-0.2510520137960697,-0.08163132590545003
1060,-0.10592303,0.013698466,0.004404636,0.0042300546,0.13766736372085447,0.014399573597023289
1061,-0.03352144,-0.14512087,0.0016933673,0.0030993293,0.06458877405990898,-0.14962943155147312
1062,0.4909086,-0.13542673,0.004956969,0.0019629686,-0.48737424956125425,-0.14008963211356648
1063,0.42047286,0.06484412,0.018149894,0.0044051646,-0.4138447233572296,0.06799548816483568
1064,-0.07248013,-0.12366439,0.001557926,0.0015815411,0.08389776096582943,-0.12339635945757939
1065,-0.013938143,-0.037627954,0.002492549,0.0030764577,0.07185272045517613,-0.0417587401951697
1066,-0.04550316,0.07253262,0.0019699056,0.0018831275,0.11925962411645731,0.07485826785008669
1067,-0.2919772,0.123622514,0.009554337,0.0038809206,0.35134764890566306,0.12958616587938462
1068,-0.06582503,-0.0023910124,0.0057663484,0.0030690988,0.08845842569394971,-0.0039080110068599435
1069,0.10538123,0.36825264,0.0019702625,0.0046292543,-0.07663609728936807,0.382466521069244
1070,0.010001038,-0.0027664937,0.005854172,0.0075385096,-0.0021696080480542645,-0.0037548452254022847
1071,-0.101038024,-0.070176624,0.0026533073,0.0021853282,0.13938737764702494,-0.07076821944207398
1072,0.15334862,-0.07477221,0.005135122,0.0035756545,-0.16154711660153367,-0.09022716480135785
1073,0.036249436,-0.08983674,0.0013697298,0.0015035149,-0.012168569002079606,-0.09212103590354376
1074,0.040151123,0.0074099507,0.0018103461,0.0015980972,-0.04331072074698296,0.006961177856632806
1075,0.009401412,-0.005522253,0.001450441,0.0015225498,-0.0012833577942588069,-0.005116028109397419
1076,-0.12446703,0.028928956,0.0042002364,0.0020822207,0.09318041235802829,0.02932453625574804
1077,-0.3625559,-0.035233054,0.007452368,0.0021757889,0.4193591530985785,-0.039465762181081665
1078,0.045147654,0.006038999,0.0015922047,0.001545296,-0.01607178887801063,0.005302727811828297
1079,0.077030286,0.026141485,0.0021194469,0.0016288599,-0.02270073772756115,0.027505637762000195
1080,-0.025625482,0.0088672545,0.0019334981,0.001777961,-0.01521883288825833,0.009857419543391012
1081,0.30898732,0.051940884,0.0035827495,0.0017103556,-0.24210281285845545,0.05510374693679435
1082,-0.14787678,-0.65796864,0.0019413509,0.0049131555,0.19130415512856558,-0.6767282261597071
1083,0.058372583,-0.012840996,0.0040957653,0.0035026981,-0.001319549625239116,-0.015661515807637173
1084,-0.06541219,0.008891946,0.0045868033,0.0022357898,0.08807101280323723,0.01354350778068097
1085,0.2691769,0.0034969691,0.015902624,0.004878984,-0.31385460032223217,-0.00010724892963099111
1086,-0.08936479,-0.16527836,0.0027752854,0.0033185617,-0.010644634658474464,-0.1723051008504932
1087,0.038685452,-0.021065785,0.008694486,0.007677157,-0.02895123535505299,-0.02764923121862983
1088,-0.17286734,-0.14480217,0.0033181827,0.0024417627,0.19422010062025488,-0.1482327786576026
1089,0.019434944,-0.19096687,0.0017197867,0.0048214123,0.0025901888089313757,-0.21223405909231974
1090,0.70002186,0.22703691,0.014624085,0.005670184,-0.7185653796152602,0.23702708141523424
1091,0.09497024,-0.014352681,0.0023473445,0.0016201729,-0.06545635066540055,-0.015526151586196815
1092,-0.013139761,0.0072250795,0.0017331154,0.002260494,0.02518664038687689,0.007281083712332481
1093,0.17445754,-0.0485044,0.0025479607,0.0014434543,-0.11642246874315919,-0.04995694000654304
1094,-0.5809157,0.17191708,0.002650573,0.0015961861,0.5997619019358592,0.17314143891823092
1095,-0.13087296,-0.050880153,0.0030339356,0.0017615067,0.15446095921513533,-0.05086306725723461
1096,-0.3341826,0.08983528,0.004090779,0.0016632028,0.3589132149082124,0.09044551176894766
1097,-0.12193738,-0.15446499,0.0058131646,0.0069876616,0.14398120357343913,-0.185809456153767
1098,-0.11412294,0.15850359,0.002968923,0.0031431867,0.12710390507550587,0.16353432189031697
1099,-0.012725166,-0.13982163,0.0018271238,0.0024855586,0.03852818606339005,-0.14933951047925756
1100,0.026149534,0.27267203,0.0036407146,0.009767887,0.0189497386071697,0.270907509178014
1101,-0.040586628,-0.03309698,0.002149543,0.0018922226,0.03460901120298058,-0.034726122339255684
1102,0.22322664,-0.2458158,0.0022762213,0.002047953,-0.20092823571776466,-0.25385120473018313
1103,0.11264465,-0.21311921,0.009449951,0.015840584,-0.0863400923701737,-0.23164483303394268
1104,0.021744214,-0.06587008,0.0022626622,0.0025534045,0.03015351683972781,-0.07199650258488537
1105,0.026441664,-0.025711657,0.0020756696,0.002606563,0.047374730706973366,-0.02647703553414212
1106,-0.005628354,-0.00025135477,0.0015307878,0.0014839303,0.028576732919436146,0.0007448123887324361
1107,-0.03126129,0.29202053,0.0016099386,0.0039855153,0.040172877277337586,0.3126450047851055
1108,0.2193975,0.14214937,0.005870764,0.003556647,-0.24169443756575135,0.1474274054949417
1109,0.77526736,-0.06814573,0.0022673006,0.0016764782,-0.7808667014112314,-0.06649580079656171
1110,0.2178695,-0.078671865,0.0027433066,0.0016467404,-0.18585502916109478,-0.08269559583452973
1111,0.27136907,0.11651019,0.0037705302,0.002363233,-0.25109797087369595,0.11375784116043604
1112,0.043789607,-0.00017446384,0.003458494,0.0042128474,-0.04053417612459511,-0.0011076245243078942
1113,0.11968149,-0.19042413,0.0058608092,0.009832059,-0.15815590089319445,-0.16750767274326298
1114,0.014684909,-0.031422425,0.0014832946,0.0016886657,-0.0025036536220952883,-0.03051544862445801
1115,-0.042587366,0.07369618,0.002633214,0.0029970687,0.05983231413062007,0.07999798342114539
1116,0.0372301,-0.1543127,0.0015469756,0.0021416147,-0.034202194149707,-0.1590846705303854
1117,-0.28677064,0.54396784,0.003029419,0.0039140796,0.2741436315213844,0.5580809598146564
1118,-0.36688069,-0.3711581,0.012538054,0.012591018,0.3877848683502291,-0.3764828544772431
1119,-0.0053268364,0.103594296,0.0013687776,0.0023503536,0.046771434272372826,0.10948533014644249
1120,0.041970342,-0.029235644,0.007884634,0.008615643,-0.03033091956759503,-0.035404707208957276
1121,0.11048943,-0.20103836,0.0029478846,0.004529958,-0.14025268695191373,-0.21026935699881047
1122,0.058085866,0.13451582,0.00250337,0.0037560677,-0.044633842944016934,0.14087083847754134
1123,-0.0820442,0.09352077,0.012200008,0.010520123,0.1597105877422151,0.1107028766035151
1124,-0.02188915,-0.022683011,0.0017275221,0.0018698755,0.019872795966017688,-0.022343983006287954
1125,-0.30482984,0.059281364,0.0044184034,0.0016992743,0.31349481253866834,0.05893448553933337
1126,-0.44182542,-0.15991306,0.0022367325,0.0015148481,0.4640869589965513,-0.16009867222855007
1127,-0.67011774,0.07523317,0.006346479,0.0017044237,0.6884016163660011,0.07492815571533945
1128,0.1773257,0.14172058,0.0023076206,0.0017876566,-0.15220513729949,0.14654138223117594
1129,0.066297345,-0.06582032,0.0035589926,0.0045198263,-0.04155305701462135,-0.07294572106371429
1130,0.016160712,-0.007522652,0.001908869,0.0025638712,0.004119582718737801,-0.007719450242611306
1131,-0.100735575,-0.121611044,0.0017394226,0.0019019557,0.10546519597509178,-0.12363182816864125
1132,0.074053705,-0.18897843,0.001680276,0.0025864812,-0.06714944806362765,-0.18716134564664572
1133,0.48096344,-0.4995201,0.003686087,0.0032304195,-0.4787893289355072,-0.5169869638810684
1134,-0.13264845,0.06306409,0.004353599,0.0023834077,0.1522790078890239,0.06372908554824494
1135,0.23605944,-0.25210708,0.003724093,0.0032465833,-0.21874031071227223,-0.25748260253886596
1136,-0.07647966,-0.1957856,0.0021107628,0.0026946764,0.09503599253601569,-0.2012662808077047
1137,0.14770481,0.20821694,0.0020412887,0.0021958174,-0.2009381578871697,0.20878392619117675
1138,0.13804671,0.23541257,0.0129210595,0.02577174,-0.10388437717703503,0.26964704520244737
1139,-0.1406236,-0.056592513,0.003490688,0.002000526,0.1738889451626853,-0.05997488219324064
1140,-0.08178744,0.10480029,0.003406221,0.0042624515,0.10849100250555026,0.11524002122339976
1141,-0.093914665,0.33325735,0.0020591333,0.0033286305,0.12512337308688215,0.3427915165446792
1142,0.20180792,0.09745707,0.002335927,0.0017073288,-0.18367605230299264,0.10087660860324334
1143,-0.3928675,0.061099857,0.012229449,0.0026954722,0.4206073817373263,0.05991383324513743
1144,-0.18581733,0.050039772,0.004640438,0.0018250378,0.20886455710121607,0.05324803184932085
1145,-0.009076885,-0.057649095,0.002049616,0.0024579864,0.029382275863820285,-0.05694539550299638
1146,0.06273801,-0.14279558,0.0022874018,0.0038076972,-0.09765677415088972,-0.14685778189482188
1147,0.016458653,0.31766734,0.0020299866,0.00599323,-0.01113678510836826,0.35231059366384243
1148,0.7078543,0.462784,0.006552453,0.0045221327,-0.6732228642987508,0.47956267457907187
1149,0.020815767,-0.095782004,0.0012155517,0.001492881,0.043817413775469494,-0.09758075197196156
1150,0.07049155,-0.23771046,0.002196291,0.003082833,-0.05992849342869261,-0.26196674345834237
1151,-0.039187014,-0.026514554,0.0014500836,0.0015781105,0.035930629544808725,-0.026693966063050138
1152,-0.58673865,-0.18104365,0.003988909,0.0020350383,0.5710684530322084,-0.18464321138293546
1153,-0.0385281,0.26950538,0.0019427786,0.0053803353,-0.014069240791759328,0.2829655984811106
1154,-0.3124688,-0.043444946,0.011469246,0.0036440673,0.34509427511510105,-0.04523756702379312
1155,0.063703164,-0.000121468795,0.0016937243,0.0015625762,-0.05730085499923771,0.0013060436141504282
1156,-0.30636057,-0.74406713,0.0020859,0.0034665593,0.3381981257126254,-0.7407845735768496
1157,0.109553404,0.032742847,0.0019244555,0.0015376323,-0.07689858533232104,0.03469102981472871
1158,-0.030136794,-0.025613265,0.0049320585,0.006620173,0.018833847716575265,-0.02672338583089381
1159,0.0061063627,0.01236391,0.008214093,0.010081039,0.06917949009580157,0.013522260975982867
1160,0.02013427,0.2647881,0.0062579876,0.027518101,-0.0834830528846811,0.30732294638055757
1161,-0.39865264,0.7520273,0.0019092257,0.002335812,0.4261689959907422,0.7552830091414457
1162,0.043739077,0.57268494,0.0028046484,0.022723103,-0.04131887629919224,0.5407658320417889
1163,0.001179562,0.100254804,0.00564592,0.008225633,0.0016332775401241882,0.10692547545422079
1164,0.009300821,0.11096905,0.0021432384,0.004435513,0.047610897231818335,0.1186916930918572
1165,-0.22777186,0.21160574,0.002314757,0.0016626787,0.23966321579409958,0.22196079366519003
1166,-0.0060627228,-0.023536386,0.0033794895,0.003948044,-0.007247639632510741,-0.029583813394173427
1167,-0.3365254,-0.25050053,0.005485287,0.0036702084,0.26393089776755624,-0.26196539943700825
1168,-0.3353158,-0.21956398,0.004955308,0.0029150927,0.31077361037985823,-0.22387594544897613
1169,-0.51067054,0.32755342,0.0034878368,0.0031033026,0.525278401119151,0.3261248597760344
1170,-0.16383941,-0.18600103,0.003941889,0.003619696,0.1353736768021829,-0.19170548348449565
1171,0.20230104,0.1242071,0.0058054607,0.004197311,-0.1653539903719548,0.1347773178356418
1172,-0.021575686,-0.02778917,0.001986562,0.0023465157,0.010631516458206713,-0.028856675240583003
1173,0.059534997,0.24549718,0.0025063427,0.0053130137,-0.054862975829952275,0.2871307151959842
1174,-0.12659521,-0.1857911,0.0031975773,0.0031224834,0.09958616369556711,-0.19147277679963115
1175,0.02185309,0.048598167,0.0024907652,0.0035105464,-0.01370294541282556,0.050671865591730696
1176,0.09766792,0.04515602,0.0062922244,0.0032741895,-0.060915492674851135,0.04860090088419495
1177,0.12233157,-0.21280368,0.0034562368,0.00626966,-0.0980112756803912,-0.21768510341361585
1178,-0.003692194,0.012647977,0.002606224,0.0033482893,0.003127403988557309,0.015157018077741218
1179,0.16482617,-0.15214323,0.0033399255,0.0028259065,-0.11167906567549135,-0.15968009988953208
1180,0.0010808492,-0.033201385,0.0023919428,0.0030535257,-0.0023698405876233035,-0.03444874356688649
1181,0.6032525,-0.15799734,0.0024374905,0.001520451,-0.5751793039818354,-0.16632207024052148
1182,-0.113396935,0.08802788,0.0030395214,0.0022958282,0.09420905852842078,0.0932425623284715
1183,0.034936152,-0.054528445,0.0020376004,0.0028393713,0.0844641505861911,-0.05632900003351766
1184,0.051201902,-0.021783734,0.0015725659,0.0015042876,-0.02931597300885993,-0.0213178445873466
1185,-0.23883851,-0.09993801,0.0029173372,0.001652458,0.2689510734277508,-0.1005685303882003
1186,-0.032888964,-0.22437932,0.0013721108,0.0027127962,0.10690652998612024,-0.22471698032175041
1187,0.2671289,0.26726764,0.0043852897,0.0038541595,-0.27451880005506435,0.27449480001622584
1188,-0.0026567644,-0.12450529,0.0014232998,0.0024157306,-0.0837498285612557,-0.12789506742791365
1189,0.32544503,0.5212932,0.004257572,0.005597339,-0.3417712857542643,0.5316353902348346
1190,-0.077744596,0.014301216,0.008073856,0.0036510157,0.06136199448840691,0.010927717724767106
1191,0.04908008,-0.21085669,0.0016749207,0.0030908145,-0.024971336603007932,-0.21606675625043098
1192,-0.046337478,-0.14664279,0.0016113666,0.0022256759,0.0518001538635094,-0.1485232969542623
1193,-0.38681403,-0.6032405,0.002207234,0.0025715171,0.40665490826026307,-0.6092687717175324
1194,-0.07722478,-0.54983896,0.0017168116,0.0044514975,0.09445554025116833,-0.5675371151635883
1195,-0.6155813,0.047189545,0.018831575,0.0024112628,0.6356493153806249,0.049872908651061705
1196,-0.092591815,0.07622884,0.0016912251,0.0015532053,0.09921622135290237,0.07856572647686268
1197,-0.017222516,-0.21374358,0.0018698416,0.006451834,0.05558285170442792,-0.23947533723669745
1198,0.4218776,-0.03801636,0.014051088,0.0022206819,-0.43853355936334504,-0.04099486241473385
1199,0.09748098,0.033202384,0.003964924,0.0023679486,-0.09553927397715833,0.03450571905192418
1200,-0.07581329,0.08424216,0.0026040839,0.0021810653,0.08734749435078365,0.09007350450613806
1201,0.16864556,0.05201315,0.0057412204,0.0025262383,-0.22182784730910893,0.05687788089021788
1202,0.017737024,0.077852696,0.0020981533,0.0025990307,0.012912483446475227,0.07331101489211056
1203,-0.042134248,-0.4046748,0.001921838,0.008864712,0.03241322864265133,-0.4233584908577069
1204,0.006456756,-0.04353483,0.0020889933,0.0028628807,-0.021644955035488765,-0.04819957636906306
1205,0.052709714,-0.06865242,0.002952758,0.0037145356,0.0031751290805075464,-0.07726875653447625
1206,0.0767623,0.007908663,0.005213039,0.0032833978,-0.053311021328840275,0.008986120134004613
1207,0.17436919,-0.25319576,0.0019419456,0.0019067961,-0.14772272202130318,-0.25935143089428797
1208,-0.08371882,-0.19827245,0.0023863532,0.0030892787,0.11854752891953803,-0.22103859208253082
1209,0.018356249,-0.008326026,0.0019492033,0.0023369542,-0.0315439391724245,-0.012327143747385833
1210,0.06815001,-0.055048127,0.0018408082,0.0017758538,-0.037212357084790454,-0.055970305830850206
1211,0.75034285,0.044445276,0.0025877943,0.0017809636,-0.7565411270584855,0.046038068685094566
1212,0.19908509,0.2927583,0.0026198975,0.0033452543,-0.16584087322973032,0.296332298703314
1213,0.20805033,-0.1093489,0.019482626,0.010868289,-0.1231794087345681,-0.10896071073190118
1214,0.05491375,-0.007231744,0.0019478946,0.0016917197,-0.01998853225120511,-0.007058923152830503
1215,0.062160425,0.05581687,0.002156204,0.002074294,-0.0006303995249688111,0.059620071612474096
1216,0.11860273,-0.10916018,0.002046642,0.0016433211,-0.09185814978229079,-0.11090955010010231
1217,0.05339822,0.015472775,0.001843188,0.0015991702,-0.03484983983993633,0.01715470644037354
1218,0.27776587,0.2818028,0.008540369,0.009515084,-0.32913412440361545,0.3706770462914605
1219,-0.040246136,0.05089288,0.0018938769,0.0017601423,0.06589302682684754,0.05307884330687504
1220,0.2566288,-0.030810961,0.0025781628,0.00148236,-0.29515944544836664,-0.032486267709869496
1221,0.25812346,0.14481859,0.014840226,0.009985561,-0.2196454252119568,0.1406354689911591
1222,-0.47065786,0.6079248,0.003344678,0.0037875928,0.5378264094281087,0.6245332220842466
1223,-0.004750504,-0.08943739,0.0024888625,0.0035385648,-0.016474300042647126,-0.09210534954328767
1224,-0.07968716,-0.11160499,0.0026146658,0.0028927329,0.11921284076146776,-0.11657696314293699
1225,0.023112826,0.029809425,0.0038182712,0.004408527,-0.034819763654544915,0.03072481875423848
1226,0.037388615,-0.05963172,0.0012965131,0.0016040594,0.000224490856034816,-0.06157938792593246
1227,0.0055602873,0.023939257,0.0014667488,0.0014710036,-0.003837952007470018,0.02546035292833357
1228,-0.20722552,0.3223658,0.004258997,0.00681011,0.22165877911475146,0.32724655801600316
1229,0.06412114,-0.12213461,0.0038700474,0.0077760345,0.01326894338642221,-0.11687587826427706
1230,-0.58673865,-0.18104365,0.003988909,0.0020350383,0.5710684530322084,-0.18464321138293546
1231,-0.6798441,-0.25208962,0.020620918,0.0075341454,0.6802232627218029,-0.2670180352009327
1232,-0.29873452,0.36466956,0.0017423978,0.0016273881,0.3268260637821812,0.3709723152800371
1233,-0.6482655,-0.083374485,0.0037954694,0.0019788996,0.6879750758889587,-0.08668250076412337
1234,0.10805728,0.006751029,0.0046480326,0.0021751965,-0.06214033735586853,0.004398703552341862
1235,-0.6582425,-0.03587421,0.0036518795,0.0017272682,0.6978976247867932,-0.036081646421298734
1236,0.018663794,-0.0015800317,0.0017809537,0.0017635229,-0.0005872026297683644,0.0001449344767386671
1237,-0.2890155,0.63273287,0.0022182958,0.0029663588,0.3470609137269041,0.6638493746508388
1238,0.15722677,-0.08754983,0.014308132,0.008610439,-0.16891137733128936,-0.09675836308919009
1239,0.5140115,-0.2785176,0.0093211075,0.0043839184,-0.5083404389403863,-0.28328112899999214
1240,0.30424175,-0.034815595,0.012521454,0.0021697045,-0.2774168901664354,-0.03471144120953422
1241,0.6285307,-0.50483894,0.0024392742,0.002060392,-0.6065936078013291,-0.5302042402043177
1242,0.041779798,0.06338569,0.0030966857,0.0028879147,-0.019984821013266593,0.06340800418242001
1243,0.08116599,-0.08011983,0.00218618,0.0020683627,-0.044702619526218235,-0.08408162418113561
1244,0.097796865,-0.019791739,0.008459164,0.0054763053,-0.05101381597388369,-0.02899464430079128
1245,0.19724388,0.06958301,0.03231226,0.0109794475,-0.26447285170671125,0.07807594086936973
1246,0.23104617,0.09887297,0.0033387374,0.0020272816,-0.21853902479177234,0.10030387786754169
1247,0.051620938,0.06448304,0.0026701903,0.0031577528,-0.04318697517345908,0.0669864568149984
1248,0.07708326,-0.2024299,0.008649102,0.019487245,-0.0761879622151207,-0.20619094123494391
1249,-0.007172308,-0.012971597,0.0016166035,0.0016189021,0.026418417728038324,-0.012147565858490582
1250,0.06064426,-0.035050258,0.0028662246,0.0033743943,-0.04003817283409298,-0.0376646456657537
1251,-0.25317904,-0.0030502696,0.0043399497,0.0016742443,0.3254553253930766,-0.0007102016518779641
1252,0.61722004,-0.27664727,0.00751567,0.0037314345,-0.602336476606499,-0.2971688802396357
1253,0.054562274,-0.06435735,0.0022108026,0.002016297,-0.02527796913779923,-0.06733410520699844
1254,-0.0023068776,-0.042441584,0.0021295585,0.0030989724,0.02010477084837281,-0.04242231279955679
1255,0.44859508,-0.2701888,0.004264101,0.0026535692,-0.4731229134387472,-0.29534856699676326
1256,0.028492905,0.014685484,0.0020261793,0.002644561,-0.02545928841141151,0.013643772162222156
1257,0.44538727,-0.037507463,0.0089377845,0.0017812361,-0.4587308030709346,-0.039283648149362124
1258,-0.49534217,-0.26971605,0.02035171,0.010596743,0.4994910697710483,-0.2757557391688148
1259,0.16734639,0.07876275,0.0020883984,0.0015028219,-0.18943612595738565,0.08023128737779782
1260,0.04870082,0.078758486,0.0017603668,0.0023755126,-0.02292291841661863,0.08359334894640116
1261,0.28361827,0.31053683,0.019984864,0.021714982,-0.2632332355294411,0.3115117035192375
1262,0.002257728,-0.26263654,0.0014086575,0.0035148708,0.015165057095343899,-0.270392020039456
1263,0.07847215,0.099831745,0.0013585394,0.0013932124,0.006098008359445245,0.10385673984244231
1264,0.016046606,0.04874379,0.0018673429,0.0023367275,0.016191094899188914,0.05218017892300272
1265,0.004999132,0.018675378,0.0020531851,0.002482637,0.029415764514960224,0.01957550952154258
1266,-0.33489937,0.038645666,0.0102757625,0.0037948887,0.46181122863008606,0.05317426521203736
1267,0.09120658,-0.015088381,0.0038166086,0.0028229174,-0.09287248548016408,-0.016417385724167097
1268,-0.08881428,-0.2456548,0.0022163934,0.004309677,0.10386294860131844,-0.2490172791611562
1269,0.8291098,-0.15178953,0.0035169413,0.0020528454,-0.8397480621998294,-0.1623734208436206
1270,0.14203544,-0.13026944,0.0016006551,0.0013918312,-0.12411656572941562,-0.13309024214126133
1271,-0.15706424,0.046006676,0.00810389,0.0029638165,0.17472632931654675,0.0454473739964926
1272,0.14078386,0.019205505,0.0047606323,0.0025110675,-0.0927173202846649,0.020173477394303273
1273,-0.13264845,0.06306409,0.004353599,0.0023834077,0.1522790078890239,0.06372908554824494
1274,0.003917166,0.0143876355,0.0014879369,0.0018520826,-0.0015726024114393739,0.012147731859388706
1275,-0.0413221,-0.063421704,0.0020307002,0.0024061222,0.07046834364941537,-0.06302701219926911
1276,-0.18111856,-0.118291385,0.0027129906,0.0019817566,0.18872618668462193,-0.12210797662123365
1277,0.22705129,-0.2160445,0.00219641,0.001988748,-0.18099491030420886,-0.21732308944662823
1278,0.19542293,-0.24652089,0.008893478,0.012058962,-0.17162273306026976,-0.28327834752118614
1279,-0.20642953,-0.17191266,0.003786563,0.002539992,0.2116196155593137,-0.18024309913408812
1280,0.12089082,0.050164796,0.0028832231,0.0019779499,-0.11194143402276097,0.05558375618850219
1281,-0.063940704,-0.028133893,0.0018500894,0.0014967717,0.051695614744481075,-0.028688528845590124
1282,-0.036581375,0.025512192,0.0051175696,0.005748411,-0.03718128050112509,0.030197186378306737
1283,-0.07053508,-0.09585892,0.00535012,0.006038035,0.07937505090499394,-0.10759316516522413
1284,0.09694462,0.06874103,0.0023525776,0.0019062028,-0.07475153165503279,0.07402403155765758
1285,0.03622111,0.37685555,0.0014574641,0.0041188337,0.025224126715007587,0.39125438586339917
1286,-0.1190716,-0.03715809,0.0066106017,0.0025217405,0.1456419817977726,-0.041472833771322375
1287,0.0074768597,-0.05598206,0.0018531833,0.0022975465,-0.04099203342834515,-0.054122304221428365
1288,0.041043483,0.0030498374,0.0045067007,0.004396368,-0.05182772957917735,0.0022428030236058298
1289,-0.27480033,0.0341219,0.0045599854,0.0016691255,0.2910031806475175,0.03360198494754425
1290,0.6219822,0.048132963,0.029501876,0.0033606198,-0.5691022326637895,0.042755439905968126
1291,-0.003430589,-0.00569913,0.0016518321,0.001790737,-0.027039918641463444,-0.0059500079443351546
1292,-0.05061188,-0.021371135,0.004975711,0.0044828714,0.10881745309855266,-0.026274208170777507
1293,0.12664165,-0.05119658,0.0029299369,0.001762281,-0.08688242683576883,-0.04936898941292881
1294,-0.022582669,-0.008551637,0.0036960638,0.004407656,-0.07352127663312018,-0.006202256559709042
1295,0.25550696,-0.019200394,0.0027645864,0.0014835999,-0.19096743965812898,-0.020439308462719182
1296,0.10652119,0.040484592,0.0065374128,0.0038355764,-0.08355066843720046,0.046404032903445185
1297,0.04297581,0.12126448,0.0019862049,0.0041277455,-0.02223216589954929,0.12032183128301872
1298,0.092934415,-0.17854637,0.0019114866,0.002389517,-0.058551994104721894,-0.1856533089480034
1299,0.33597207,-0.036042,0.00481497,0.0016963908,-0.3107504132217411,-0.036769709945790166
1300,-0.55714357,0.051250894,0.010611746,0.0021397783,0.5845718722812212,0.05313806904007852
1301,-0.4664934,-0.044397708,0.006701074,0.0033131056,0.536468828639996,-0.04725726310945683
1302,0.47855017,-0.5136797,0.004252587,0.0037152183,-0.40100793475020663,-0.5424326433345802
1303,-0.038946964,0.44087148,0.0019230277,0.010309588,0.07933378772773368,0.4514455196845198
1304,-0.009076885,-0.057649095,0.002049616,0.0024579864,0.029382275863820285,-0.05694539550299638
1305,0.45487007,0.111694604,0.0028086903,0.0017655737,-0.4497062192963379,0.11430060731768919
1306,-0.28830138,-0.5138486,0.0061699636,0.010315734,0.2823446185356231,-0.6015260535063248
1307,0.13177992,-0.28915206,0.0040634726,0.008243627,-0.1557933754318099,-0.3300581690099101
1308,-0.6615133,-0.41624442,0.012966246,0.010238663,0.6684316270313887,-0.4654257812281251
1309,0.2961912,-0.094749115,0.005761845,0.0023988567,-0.27226835948011324,-0.09916376597691007
1310,-0.3191871,-0.57564956,0.0042402414,0.0069135735,0.3359380263956199,-0.5710195351190103
1311,0.23132496,-0.14529355,0.0138836885,0.008994491,-0.21949943111563996,-0.1584958228155269
1312,-0.2756042,-0.26830402,0.0041618925,0.0035089413,0.3158945791795195,-0.2778690822055558
1313,0.19730516,0.62653655,0.002181898,0.0043258998,-0.18328333665913032,0.6298873056143214
1314,-0.04292323,-0.0801192,0.0015991079,0.0018434379,0.05867235103174954,-0.08261385403887045
1315,-0.23374392,0.019094242,0.0038401217,0.0016563407,0.2367692840841793,0.020529013276244974
1316,0.0153348455,0.050897468,0.0038154207,0.006157511,-0.053130200918629675,0.044740048448276525
1317,0.02399746,-0.43910602,0.0020405746,0.02469618,0.004175032981906656,-0.4657206029037866
1318,0.20805033,-0.1093489,0.019482626,0.010868289,-0.1231794087345681,-0.10896071073190118
1319,0.022669956,0.05987715,0.0014422272,0.0020723038,0.03888392949482748,0.06139258443260126
1320,-0.009371354,0.0031467844,0.006652642,0.009174399,-0.029166593377560286,0.005991155788064734
1321,0.028597735,-0.029826472,0.0016038687,0.0016002008,-0.0019036722429783943,-0.029442201663648537
1322,-0.002768851,0.0048787724,0.0016288623,0.0024167285,0.03794817483676476,0.004183883731516249
1323,-0.06999895,-0.2274532,0.001619222,0.0024524438,0.08665531000239429,-0.2340026424413759
1324,0.17020437,0.25389108,0.0050940854,0.006491308,-0.15717712044591983,0.27751305709535457
1325,-0.00974933,0.20454611,0.002649027,0.008086191,0.028908212827579716,0.19675368346175467
1326,0.011231639,0.042655747,0.0019427786,0.0027972143,-0.005171575829697595,0.04740683224289257
1327,0.26099262,-0.13660392,0.0020014336,0.0015059328,-0.24179684786406527,-0.13993230554823174
1328,-0.1642884,-0.06672474,0.0047208853,0.002636683,0.21238976180869132,-0.06870934675063449
1329,-0.17308907,-0.4891981,0.0053747837,0.01575147,0.19273730190018318,-0.5620414772952378
1330,0.13795933,-0.104950614,0.0031456472,0.002393233,-0.1217752006465669,-0.10934739620979234
1331,0.04926801,-0.16817944,0.0016217212,0.0042126807,-0.02985972403577472,-0.1675194932930292
1332,-0.46860197,0.1470366,0.0071120067,0.0024333124,0.46521134440960116,0.15157184657293749
1333,-0.43425724,-0.34021053,0.0033695097,0.0027963964,0.4632034638513508,-0.3455077161653531
1334,-0.114525914,-0.075309105,0.006292343,0.0040123505,0.12102888858355293,-0.08188274059071818
1335,-0.115343384,0.03183106,0.0020696025,0.0014035465,0.14272456791781557,0.03305609851704684
1336,0.63275003,-0.1833444,0.044267062,0.011518843,-0.4900028460093511,-0.14577662827175877
1337,0.3608365,-0.40979567,0.0047434284,0.0054214117,-0.381078629210155,-0.4723027670324903
1338,-0.0968587,0.13926211,0.0028680079,0.0034759964,0.10178710192580151,0.14612354182696666
1339,-0.05061188,-0.021371135,0.004975711,0.0044828714,0.10881745309855266,-0.026274208170777507
1340,0.08807249,0.24612427,0.0020061925,0.0027826978,-0.08440679673308947,0.24925064712287667
1341,-0.0058873883,-0.22383834,0.0014801997,0.0036460357,0.001839499513419587,-0.2291715454732453
1342,0.12700449,0.09650452,0.0071799452,0.0057846257,-0.033264973172384214,0.09195140805466143
1343,0.006347173,0.027010074,0.0022740806,0.0030141654,-0.02580124663032389,0.027337929036229936
1344,0.01602918,-0.01485561,0.0017220478,0.0018463612,-0.00338704025539007,-0.01417850976919978
1345,0.3116403,0.038173433,0.014128667,0.003010599,-0.2810444282578813,0.0395158797667053
1346,-0.022708192,0.029478377,0.0094455825,0.011035743,0.01609443081543621,0.03588686326211771
1347,0.6868441,-0.10899795,0.006564888,0.0020706065,-0.6901100338612491,-0.11367394029425218
1348,-0.083528206,0.20800905,0.0035358288,0.005971074,-0.0034730828426883602,0.2219071128527941
1349,0.051534146,0.025212197,0.0020794764,0.0018961064,-0.015873015969171504,0.028188342062236447
1350,-0.28149113,0.28025326,0.0036818113,0.003123233,0.26188727206313706,0.2908430184060248
1351,0.0473609,0.0021320488,0.0017817867,0.0017889935,-0.05376627243411397,0.0026972632162581642
1352,-0.017389446,0.01799064,0.001439013,0.001707954,0.006883918012657016,0.01791048031305002
1353,0.3320462,0.14693736,0.0028052432,0.0017173658,-0.32947675987747255,0.15527783338187912
1354,-0.097528994,-0.022207307,0.0017661978,0.0015234883,0.1291999313956921,-0.02157723071181418
1355,0.01717624,0.020076396,0.0023909914,0.0022284372,0.004768787487767951,0.01785895253474608
1356,0.20382869,0.16332705,0.0032581792,0.0025340065,-0.2983334070209074,0.16319690415015833
1357,-0.060462102,-0.05077982,0.0021970046,0.0018276585,0.22105681819035491,-0.05221779186148093
1358,0.49860343,-0.18400078,0.008724855,0.0033789226,-0.49093011430256245,-0.19217453351312924
1359,-0.039617777,0.011924958,0.0015491182,0.0014028253,0.06241190218345029,0.011345502338114261
1360,0.12981133,-0.1683179,0.002638564,0.0028751488,-0.043603523695818,-0.17472760610875251
1361,-0.042127788,-0.43253663,0.0015435239,0.0028623634,0.06348380621911917,-0.4559838476575253
1362,0.037065566,-0.0044645015,0.0016242205,0.0016064077,0.0390678738587203,-0.004434139574975699
1363,0.027399369,0.09833586,0.0016976516,0.0027697682,-0.05833459922448263,0.10034946697214385
1364,0.006635514,-0.082402915,0.0024311875,0.0034255604,-0.10473195791365536,-0.08032564394228828
1365,0.25012806,0.12798211,0.010991834,0.005998716,-0.2584378707105369,0.13919194750009045
1366,0.022540804,-0.116991326,0.0047800895,0.010997834,0.01205251631145268,-0.12952202756331932
1367,-0.20642953,-0.17191266,0.003786563,0.002539992,0.2116196155593137,-0.18024309913408812
1368,-0.1165255,-0.06354582,0.0032279976,0.0019513889,0.12709385869206263,-0.06766684001063245
1369,-0.002797707,0.071228005,0.0015190041,0.0018378386,0.013553487556018378,0.07378471156217686
1370,0.2574651,-0.2074524,0.019753352,0.011613229,-0.28053938633073794,-0.28691272004879387
1371,0.37962213,-0.40564248,0.002031295,0.001822589,-0.36747825323924727,-0.4151731345071871
1372,-0.13968618,-0.721515,0.0018791226,0.0031384116,0.16822722143756466,-0.7271172559835732
1373,0.012579382,-0.056599233,0.0036481977,0.0060428176,-0.0052100300327723725,-0.06202886637032992
1374,0.36136347,0.7234819,0.0024632956,0.003482321,-0.3441407011726552,0.7566129909076694
1375,0.0236726,0.0017435233,0.0024700738,0.0021431036,-0.004271402204008721,0.002893738355369189
1376,0.032657474,-0.023413526,0.0020297486,0.0025740394,0.014983875033192946,-0.025293602340272427
1377,0.45691448,-0.5183168,0.0049231616,0.004941133,-0.5387390911052462,-0.508268473133433
1378,-0.047075734,-0.04674657,0.004420421,0.0048932205,0.13148699332741795,-0.050447592984780604
1379,0.12679924,-0.1680337,0.0016370745,0.0015509253,-0.09227130153333758,-0.1725686239539613
1380,-0.1064901,-0.21179976,0.0024442691,0.002735265,0.14838085229211068,-0.22904755982879602
1381,0.123906516,-0.10731032,0.0021195658,0.0017247947,-0.08094124775438066,-0.1113955549008217
1382,0.09694462,0.06874103,0.0023525776,0.0019062028,-0.07475153165503279,0.07402403155765758
1383,0.5920808,0.3122664,0.0036499794,0.0024248448,-0.5843459381559959,0.3185483595595823
1384,0.36856806,-0.13618521,0.0030377388,0.0018318355,-0.36859627673529166,-0.14992181485924413
1385,-0.05285364,-0.027610788,0.0014525834,0.0013576287,0.09492111518177226,-0.027332423038587805
1386,-0.04292323,-0.0801192,0.0015991079,0.0018434379,0.05867235103174954,-0.08261385403887045
1387,0.045961455,0.0025980081,0.0020514005,0.0019226155,-0.04170683494682878,0.003258410916343032
1388,0.028877296,0.01282282,0.0013006801,0.0014701278,0.05893175712560422,0.012819009272275448
1389,0.13312645,0.11231143,0.010571878,0.008367721,-0.16439335638186395,0.11965805713695775
1390,-0.23474522,0.05314243,0.0056567066,0.0019639772,0.25546576873151705,0.05300859104680601
1391,-0.24881236,0.11548435,0.0055860556,0.0026308168,0.2914878586275994,0.11356573760995699
1392,0.024864122,-0.0003576671,0.0020761455,0.0023121089,-1.2051673844951809e-05,0.003330405734899587
1393,-0.0947725,0.03737683,0.0018560389,0.0015492464,0.12796246153515117,0.04008085319397862
1394,0.051257107,-0.07869803,0.0022712261,0.0032226923,0.017752588155467455,-0.08208970249648215
1395,0.029614452,0.09080043,0.0053431243,0.007340801,0.009093699021852532,0.1027421312007025
1396,0.09148511,0.3364926,0.00141211,0.0024627757,-0.07084199841397676,0.34839084556455213
1397,-0.12413253,-0.07894962,0.002986751,0.0021339217,0.20189951147299423,-0.0800361028493044
1398,-0.24441387,-0.70600706,0.0019095828,0.0026958648,0.27250346143093235,-0.7074589846077795
1399,-0.798187,-0.4159574,0.0029521638,0.0025370454,0.8178874387497499,-0.4067577417149866
1400,0.020917814,-0.03337116,0.0038109086,0.0046333084,-0.010892324555648735,-0.04196428036241502
1401,-0.026475828,-0.03924491,0.004664525,0.0052943034,-0.03730971656097349,-0.046561800815038
1402,0.03660076,0.005011132,0.0017789309,0.0019742497,0.004115871190653822,0.005448795449678097
1403,0.03414865,-0.011460932,0.0016193409,0.0019241945,0.00388762056055339,-0.011790751952228078
1404,-0.73830485,0.46368882,0.002985563,0.0024275414,0.7542274635397351,0.4613569845395736
1405,0.30696937,-0.0578318,0.0024352307,0.001522256,-0.29834883370397525,-0.0595388302245849
1406,0.011139111,0.0017577017,0.0017795259,0.0018660162,-0.008125984523726879,0.0025623738348975627
1407,-0.047601923,-0.2830049,0.0019926296,0.0027961987,0.10055322153287923,-0.2851946055515025
1408,-0.2919772,0.123622514,0.009554337,0.0038809206,0.35134764890566306,0.12958616587938462
1409,0.015741616,-0.036621295,0.0023680383,0.0029187086,-0.009814529928334871,-0.04203427990126676
1410,-0.19907902,0.19369598,0.0056104753,0.0047800797,0.16928199384450435,0.20753450985394847
1411,-0.19741328,-0.8258235,0.0030107596,0.008800028,0.1724361235684924,-0.8438670288386904
1412,-0.234856,0.10091185,0.016671542,0.007885799,0.25747391921506463,0.10469217507832193
1413,-0.7200184,-0.068031766,0.0032979837,0.0018580651,0.759154568324257,-0.06537833476589515
1414,0.045303516,-0.24719997,0.0014513931,0.0044118143,-0.022035446589546516,-0.25146798710573376
1415,-0.010769947,0.035952684,0.0015666148,0.0017463755,0.09373751475571689,0.038407756481428725
1416,0.018431269,0.7497106,0.0017071721,0.008426979,0.04376147307983348,0.7791072808234303
1417,0.0060299197,-0.011123547,0.0012226956,0.0017071442,-0.036524358075040855,-0.01285218215494496
1418,-0.64554405,-0.12995748,0.0069005825,0.002332853,0.6648934837610692,-0.12880101763782265
1419,0.033506304,0.001350047,0.0029094925,0.0027347282,-0.012770430917781303,0.0021870819505365943
1420,-0.047003645,-0.018562349,0.0025484369,0.0020141108,0.06754379635882551,-0.016708734596406344
1421,0.23145549,-0.19662662,0.0076977443,0.0066912635,-0.2975247568379828,-0.22460811020527102
1422,0.05469328,0.0036884155,0.0029489547,0.0025497023,0.01531292916102377,0.005746498446356652
1423,-0.0928539,0.22947684,0.003677654,0.008641998,0.026364958458590937,0.22364540233349978
1424,0.11860273,-0.10916018,0.002046642,0.0016433211,-0.09185814978229079,-0.11090955010010231
1425,0.043679204,0.057123233,0.0030613893,0.0042620064,-0.03298520676444404,0.06625465123378482
1426,-0.025140464,-0.039147455,0.0022581425,0.0022963618,0.020172241231866297,-0.04190524870771287
1427,0.31058744,0.433454,0.0029699923,0.0037085998,-0.2978399113109767,0.4385852212394079
1428,0.0500952,0.17090958,0.0016207692,0.0020824324,-0.025662802737074653,0.1758501173037678
1429,0.100871466,0.026159747,0.008857912,0.0048823343,-0.09824108533198583,0.0262495950261192
1430,0.064695306,0.009111723,0.0020641298,0.0018052182,0.026951941578391987,0.010360206262421155
1431,0.21642454,0.4277699,0.0054127257,0.008159603,-0.23829776666404892,0.49907911801073696
1432,0.007105545,-0.0047470685,0.0030153948,0.0042397333,-0.018844830305746123,-0.003040083880403152
1433,0.18923919,0.061529454,0.018620858,0.007403228,-0.20915917360958192,0.07639481214239062
1434,-0.1190716,-0.03715809,0.0066106017,0.0025217405,0.1456419817977726,-0.041472833771322375
1435,0.042384863,0.019820882,0.003261031,0.0035208366,-0.025479333994071422,0.020606745437970437
1436,-0.013054761,0.29672775,0.0013847298,0.002956369,0.03883235901646161,0.30294145942902884
1437,-0.1258172,-0.08512753,0.0030760071,0.002233655,0.16026977848317134,-0.08515772875872393
1438,-0.40325865,-0.3017385,0.002660679,0.0022526218,0.4290080325364621,-0.3039688088502125
1439,-0.2552014,0.29796222,0.0038582915,0.003694378,0.28672699624870757,0.3090375589077511
1440,0.00042929593,0.06913015,0.0028217668,0.003721337,0.027390932984066488,0.06839288468935407
1441,0.018296015,-0.017034976,0.0027435443,0.0033007509,0.006979612272722628,-0.018007205660378285
1442,-0.1618435,-0.09298039,0.0021119525,0.0017977913,0.190220676603762,-0.09726175418292123
1443,-0.0028722947,-0.0050711352,0.001499483,0.0017459927,0.02205918358719896,-0.0044186522092322334
1444,0.109125346,-0.17130448,0.0018536592,0.0019632408,-0.08884553027562955,-0.17480347970754861
1445,0.39138195,-0.14640886,0.0101781795,0.006041732,-0.4898142235033787,-0.18879781023335843
1446,-0.68934906,0.2676497,0.002622632,0.0016949736,0.7175521318057609,0.2648041975232587
1447,-0.032149862,0.007947216,0.003533691,0.0032765148,0.014079931748340085,0.010683701598375828
1448,-0.7566402,0.19956595,0.010790901,0.0032409362,0.7831301472099578,0.20101887046254713
1449,0.116900206,0.03817239,0.0030407098,0.0018724956,-0.06970482891786581,0.036686003224181925
1450,0.0027007693,0.036297757,0.0024451013,0.0031479404,-0.005587866870911744,0.039614823337955477
1451,0.020839758,-0.055097025,0.002311189,0.003247011,0.016354548061392866,-0.06233690333497537
1452,0.25577596,-0.09406644,0.0047022575,0.0020343205,-0.26870744947082703,-0.1003668524114905
1453,-0.041305564,-0.04048183,0.0014955548,0.001484297,0.06679138564649206,-0.03992078208072789
1454,0.01779151,-0.005903067,0.0014613923,0.0016464632,0.028585993612214096,-0.006580219263062742
1455,-0.00064526964,0.30937755,0.0055049667,0.044940934,-0.022146520947260627,0.21028785630254915
1456,0.18889354,-0.1320322,0.0018349777,0.0016087501,-0.17766661727219918,-0.13768531998910946
1457,0.061334543,-0.20431449,0.0022600454,0.0064275432,-0.013257206143265605,-0.19125436916241423
1458,0.14213608,0.4007542,0.0038015263,0.00935068,-0.19053067767336893,0.40494685675284015
1459,0.0027995715,-0.0005239268,0.0020524713,0.0025924577,0.01208005749475022,-0.0007673128196233579
1460,0.13641986,-0.6549186,0.004036165,0.016595518,-0.10248730898168296,-0.6703510613684557
1461,0.07053276,-0.042176116,0.0037250435,0.0032986475,-0.06462149838894723,-0.045841915865286825
1462,0.05339822,0.015472775,0.001843188,0.0015991702,-0.03484983983993633,0.01715470644037354
1463,0.02780272,-0.07509866,0.0022119922,0.0031083804,-0.007669613834583044,-0.07382155450325054
1464,0.208987,-0.8611588,0.0022775298,0.0035782754,-0.2016022761950512,-0.8863387262006907
1465,-0.12413253,-0.07894962,0.002986751,0.0021339217,0.20189951147299423,-0.0800361028493044
1466,0.026971474,0.03398059,0.006525095,0.007010578,0.01828475881873727,0.04009145647629328
1467,-0.08001704,0.020122735,0.0074785175,0.004016583,0.13190624495448272,0.023780190407094625
1468,0.09189724,0.3948945,0.00310346,0.01219665,-0.07869817335906515,0.3903151651418414
1469,-0.268635,-0.10272829,0.007662137,0.0033424818,0.27665763203209637,-0.10336248322387526
1470,-0.5809157,0.17191708,0.002650573,0.0015961861,0.5997619019358592,0.17314143891823092
1471,0.55638695,-0.00619589,0.022241062,0.0043386747,-0.5875884134996421,-0.014461788578842227
1472,0.28267792,-0.3289165,0.0020638919,0.001998043,-0.29867845383010055,-0.3336326830057069
1473,-0.17667566,0.060400963,0.001659806,0.0012760739,0.20206734354289416,0.06036691803815125
1474,0.09685942,0.13038297,0.0042249286,0.0052666822,-0.09131722790826535,0.15196470763428793
1475,0.107350364,0.04424735,0.0060303872,0.0042003975,-0.0977405070954816,0.050440530144785896
1476,0.022232465,-0.03037286,0.0016492138,0.0020965345,0.018505503428966973,-0.03180085310575748
1477,0.10926156,0.0049949866,0.0037514095,0.0017355983,-0.037110904946044194,0.007417250721103508
1478,0.017481595,0.058355156,0.0028065508,0.004278894,-0.03311489301811767,0.057709951755379414
1479,-0.13379437,0.2802218,0.0031729792,0.0038790635,0.1740014382723288,0.3192322703831355
1480,0.016930193,-0.0005386119,0.0018411651,0.0018793005,0.030848703200340152,-0.0003052736317313933
1481,-0.3601347,0.06731143,0.0043690293,0.002116385,0.4188539267166752,0.07535387125208427
1482,0.24998482,-0.08238601,0.0044517536,0.0020276671,-0.21518017379299587,-0.08671063850971299
1483,-0.05782651,-0.19320372,0.0017153835,0.0024960884,0.136179990773928,-0.19864138283228977
1484,0.07021184,0.030244341,0.0038667226,0.002416975,-0.08103952573451005,0.03558472953923543
1485,0.2624191,0.15146539,0.006379765,0.004136549,-0.2605579220867606,0.16087127519010813
1486,-0.18286039,-0.13214405,0.0029356421,0.0023794286,0.20967883718620772,-0.13218750942989782
1487,0.10423967,0.01475518,0.0035937969,0.0017954417,-0.1253371873815076,0.013097733861229104
1488,-0.002001091,0.02021777,0.0033571534,0.0040358626,-0.02109027534464938,0.02088625297813664
1489,0.5069297,-0.10415963,0.0100266505,0.003507672,-0.5902766010763992,-0.12323673937987903
1490,0.45367795,-0.087549366,0.005366484,0.0018060134,-0.4331596556777666,-0.09187952516173063
1491,-0.3134662,0.100984864,0.0035955783,0.0017567386,0.31893164140431557,0.10122849054597026
1492,-0.09638596,-0.019338764,0.005996735,0.0040481663,0.052275796723995696,-0.02439407461204983
1493,-0.023033008,0.2616355,0.0013493727,0.0022865552,0.07689922317298979,0.269785474077612
1494,0.040151123,0.0074099507,0.0018103461,0.0015980972,-0.04331072074698296,0.006961177856632806
1495,0.09222031,-0.08158291,0.002329505,0.0024927158,-0.06420931874880863,-0.0890823397252761
1496,-0.046508517,0.036032353,0.002740334,0.0028544054,0.08512445688415105,0.039300252688016464
1497,-0.06231738,0.07624308,0.001954914,0.001923081,0.045736971872328926,0.08055466201176462
1498,0.18111534,0.15947184,0.020386517,0.018814193,-0.1650158482564354,0.16248343837414445
1499,-0.065144315,0.92702645,0.0024975433,0.0047384724,0.06983191850900744,0.9240728677251293
1500,-0.028469466,0.10046496,0.0052448204,0.0087510105,-0.005214558205807063,0.11322702741396225
1501,0.2741196,0.85630715,0.0017810728,0.002595372,-0.25646086574989296,0.8714207893970016
1502,0.05788734,-0.20254792,0.0015118623,0.0017439818,-0.028332954484939256,-0.20579010946530418
1503,0.13915917,0.22952929,0.0031091643,0.004160573,-0.11145115234698398,0.2320886233378968
1504,-0.2569355,0.20086144,0.002200573,0.0016018769,0.2945547383314785,0.20408658114870884
1505,-0.22088657,0.42239234,0.0020676989,0.0023931016,0.2538699814511121,0.427272688550182
1506,0.033786815,-0.07766047,0.0030096897,0.004293099,-0.0912458313178076,-0.08565724144056715
1507,0.05125115,-0.010500016,0.0014049674,0.0013174237,-0.010753323005008565,-0.011814533234304907
1508,0.012971559,-0.023148032,0.0016556407,0.0016345843,-0.016060343362876598,-0.024170651614186772
1509,0.12833959,-0.117152914,0.0020812606,0.0018249205,-0.13349812331436786,-0.12205986821751691
1510,-0.009243033,-0.09729199,0.002141097,0.0033970745,0.037929250756355004,-0.0928711881356131
1511,0.07245972,-0.021072252,0.0025131206,0.001961979,-0.03152584217179445,-0.021262355780386658
1512,0.22011675,0.020619353,0.0033869743,0.0015124851,-0.17081421650261142,0.021810931421293967
1513,0.14752048,0.11098153,0.011063047,0.009753105,-0.17859323904289878,0.11306057510377311
1514,0.2609794,-0.34136754,0.0026542584,0.002847992,-0.26445814436369236,-0.3554757347009265
1515,0.3320462,0.14693736,0.0028052432,0.0017173658,-0.32947675987747255,0.15527783338187912
1516,0.16360624,-0.013182813,0.008766926,0.0027179217,-0.1693436929736941,-0.011918520958926669
1517,-0.31445625,0.14885335,0.0092816595,0.004502335,0.35891385597389835,0.1534132016400246
1518,0.07512573,0.10026521,0.0022172257,0.0026961684,-0.06521831552204824,0.10471710717657189
1519,0.009700418,0.0049167406,0.0018962566,0.0020644416,-0.011079248836226787,0.005918523012347429
1520,0.17933623,0.06958781,0.0032168275,0.0021281305,-0.15509212362191985,0.0775816669113453
1521,0.019107904,-0.0011029636,0.0030306077,0.0039819754,0.006962065660393747,-0.0016079791639801817
1522,0.23863007,0.07140795,0.013655112,0.004018385,-0.18145429173338024,0.07086070705035168
1523,-0.10607104,0.13243039,0.002515499,0.0025068095,0.11730130138996749,0.1393374251984049
1524,0.33862582,-0.09128985,0.0075043114,0.002643,-0.29341750755712576,-0.09517750603873636
1525,0.4810656,0.25448188,0.0026329758,0.0019431813,-0.49129857512306174,0.26873380937014957
1526,-0.1190716,-0.03715809,0.0066106017,0.0025217405,0.1456419817977726,-0.041472833771322375
1527,0.0388631,-0.02007362,0.0024011002,0.0025519284,0.007344994358650564,-0.020774676783735777
1528,-0.019313931,-0.0693448,0.0019392091,0.0026603644,0.08106299555391927,-0.07327876642052557
1529,0.5804921,-0.04128469,0.006833808,0.0019772782,-0.6165369799246123,-0.04758858212822106
1530,0.43727514,-0.750488,0.0030265667,0.003860618,-0.41347315841048354,-0.7776363455956835
1531,0.014190138,-0.03555869,0.0019883465,0.002415061,0.03653296720437299,-0.03887754593585424
1532,0.23424922,-0.61721855,0.002229834,0.0037725645,-0.21074032551789043,-0.6296080108797732
1533,0.16424647,-0.07027946,0.004539099,0.0025496788,-0.152332648433014,-0.07605225970341611
1534,0.09103464,0.7076766,0.001962053,0.0056533255,-0.07022061754741965,0.740415672583368
1535,0.024115961,0.42452714,0.0026739947,0.018091626,0.013288027838875217,0.424474313779249
1536,0.077164754,0.21295562,0.0015154332,0.0017920184,-0.05754243224857378,0.22092241971326987
1537,-0.32970372,0.04805934,0.016907046,0.0035066148,0.4019104873058385,0.054066721604704805
1538,-0.32259545,0.464185,0.0033380247,0.0041344846,0.3454638065905635,0.4673809444006795
1539,0.06515293,-0.074705295,0.0021299154,0.0022456697,-0.04850621676266997,-0.07921065578980732
1540,-0.39125052,-0.5528515,0.0026099095,0.0032935697,0.40714818730457786,-0.5606136303566597
1541,-0.101073556,0.6009814,0.001704197,0.003682767,0.12867578230315935,0.6144532698259491
1542,-0.11795499,-0.08198079,0.0025297683,0.0020383454,0.08255737518932026,-0.08450970543754892
1543,-0.04718602,0.01059228,0.0020468798,0.0019206526,0.03398443748885096,0.01235215877062654
1544,-0.1226413,-0.06517177,0.00259148,0.0019096081,0.16237644142688468,-0.062421903974153356
1545,-0.36125612,0.10608984,0.0028157039,0.001416282,0.40682326181960543,0.10736292943192632
1546,-0.23434983,0.061319623,0.01012248,0.0032683867,0.25174487626769604,0.060150428146734713
1547,0.25266573,0.7301337,0.0020573488,0.003948078,-0.24880533120815043,0.7525327829977526
1548,0.56584454,-0.05180757,0.0028398354,0.0016301704,-0.5599825293430274,-0.05594729887998904
1549,-0.027507871,0.1406938,0.0030794535,0.005634828,0.009292334896928229,0.14453876467025306
1550,0.4275567,-0.1862025,0.013732369,0.0062688207,-0.40859033827672625,-0.18657292713588794
1551,0.32187814,-0.022069545,0.0021953394,0.0015888162,-0.3065888231084854,-0.023037699017451417
1552,-0.030915905,-0.04187595,0.0018544921,0.0017219549,0.06695238027839763,-0.04312949273140468
1553,0.078906685,0.1534598,0.0018672238,0.0023715948,0.0002563710693640104,0.15864668618687833
1554,0.01824724,0.003272025,0.0018540162,0.0021130457,0.003089606437618323,0.0036712229053819647
1555,-0.055909112,0.27023146,0.0013533013,0.0017891965,0.07489667707420959,0.2737699625593339
1556,-0.27406505,-0.3828914,0.003557686,0.0049933614,0.30934326192166844,-0.3964518294602362
1557,0.011896403,-0.012068804,0.003394697,0.003554967,0.024942243262912295,-0.012534358497395677
1558,0.01777684,-0.03240199,0.0016150563,0.0019644424,0.005343005978861634,-0.03070954253081159
1559,0.40072224,0.1747255,0.0033851925,0.001953886,-0.40935516596458205,0.17674249988271604
1560,-0.055525657,0.013304379,0.008047485,0.0064320425,0.055854746828653185,0.01817174842357768
1561,0.13275434,-0.03219444,0.0028481565,0.0015916395,-0.16473796644506675,-0.034275115465263885
1562,0.045759533,0.0882674,0.001656831,0.0019810067,-0.030456956177030207,0.09126361310833189
1563,0.10048891,0.4308665,0.0023063126,0.008093754,-0.07521372881547966,0.45088397397540825
1564,0.23015109,0.29778448,0.00540573,0.0067012166,-0.22654555440417787,0.30775090466563887
1565,-0.27406505,-0.3828914,0.003557686,0.0049933614,0.30934326192166844,-0.3964518294602362
1566,-0.09835985,0.12660988,0.004359296,0.004325094,0.11942293417940505,0.12546060292728692
1567,-0.22610246,-0.17034228,0.0022491026,0.001811083,0.2608700600266783,-0.17363741220905715
1568,0.11001856,0.09151951,0.0015470946,0.0014617478,-0.0714789542844026,0.09157493046139102
1569,-0.91321445,0.16470923,0.002462701,0.0023916773,0.9254707777623846,0.16465678571600545
1570,-0.5897727,0.07749798,0.005758882,0.0019453693,0.5767663238001113,0.07688679027496431
1571,-0.43418863,0.17923376,0.004506582,0.002054037,0.44507799514389645,0.18641670277186279
1572,-0.0033162674,0.076181754,0.0014930553,0.0016210901,0.0778686711894183,0.07880295360780798
1573,-0.063102305,0.0054107886,0.0021829684,0.0017496897,0.02556188515636691,0.0064990400575880595
1574,0.29712906,-0.32571527,0.0082526365,0.009353969,-0.2947590837065042,-0.3415004077788275
1575,0.043056488,-0.03851491,0.0031551544,0.0034681766,-0.03698563386045669,-0.04774188356436626
1576,0.41150275,0.010448543,0.0061628553,0.0018636773,-0.40928828284176405,0.01166057449698404
1577,0.2801137,0.013950577,0.004326062,0.0017284831,-0.2618574767388027,0.014459071248344392
1578,-0.7318622,0.21273346,0.0043681986,0.0021428515,0.7437672176094706,0.21919808234762092
1579,0.0074768597,-0.05598206,0.0018531833,0.0022975465,-0.04099203342834515,-0.054122304221428365
1580,-0.54853094,0.048393384,0.008996859,0.0018756853,0.578369904871296,0.05090786958646884
1581,-0.3452091,0.06552798,0.007879904,0.0023357088,0.3482342817647465,0.06836558188689035
1582,0.10652119,0.040484592,0.0065374128,0.0038355764,-0.08355066843720046,0.046404032903445185
1583,-0.21423699,0.36130717,0.0019760923,0.0020312245,0.2413923409018693,0.3640679191432265
1584,0.09497024,-0.014352681,0.0023473445,0.0016201729,-0.06545635066540055,-0.015526151586196815
1585,0.018950745,0.035837103,0.0019693105,0.0026236924,0.01988347958688954,0.03994235750979854
1586,0.12319235,0.06860665,0.0034617016,0.0025612926,-0.10273473422855041,0.07281642241472114
1587,-0.024898805,0.07627738,0.001955866,0.0026076229,-0.0047402872622130466,0.08223202513287424
1588,-0.07841593,-0.061965853,0.0027940685,0.0023224482,0.05815007433063293,-0.061765315088556934
1589,0.09686929,0.90824413,0.0017300212,0.003049475,-0.07122910712902913,0.932965171554274
1590,-0.013953923,-0.08073156,0.0022066394,0.0030382758,0.02527174405827047,-0.08883078049404049
1591,-0.02296007,-0.03810421,0.0057552066,0.007497462,-0.013902852474719831,-0.04141812861943954
1592,0.067639485,-0.6244021,0.0020638919,0.004622729,0.005759254880620739,-0.6412742781442823
1593,0.083654,-0.059686948,0.0018278379,0.0016590218,-0.058433295038926344,-0.06195284034658965
1594,0.078665644,0.1741776,0.0017381135,0.0020754237,-0.09553496711889188,0.1787532267354672
1595,-0.05993335,0.049059216,0.004210802,0.0034392693,0.07358558178675341,0.05331254385254941
1596,-0.0010961434,0.009555029,0.0020124977,0.002555392,0.012881480336873743,0.009472974785899866
1597,-0.093531534,-0.4827678,0.0021896297,0.00598417,0.12152304872997258,-0.49237916263248754
1598,0.010137231,-0.0799429,0.0015037683,0.0015752485,0.010603185777803933,-0.07954555484594335
1599,-0.03497175,-0.016020464,0.00569772,0.005941833,0.04003675106054603,-0.021396497969518563
1600,0.07994722,0.0045353454,0.0024657927,0.0015045576,-0.00415444275093987,0.005105996159870564
1601,0.03346602,-0.08645921,0.0024515227,0.0026115528,0.021963916067504932,-0.08652187220013312
1602,0.43833855,-0.48412114,0.018458664,0.01937946,-0.4588819101639928,-0.49279741081839723
1603,-0.12586199,-0.004848482,0.01403957,0.0037228353,0.1439308548794045,-0.0014644461436682495
1604,0.026693642,-0.021087086,0.0015025777,0.0015882566,-0.0107331790454578,-0.022631327852223708
1605,-0.011297516,-0.0014432968,0.007927804,0.01045289,0.09001934340954049,-0.009651331736358642
1606,-0.04411727,-0.10146729,0.003906978,0.0061169793,0.06713516209861407,-0.10040503920393219
1607,-0.3516523,0.0990051,0.0036596004,0.0015650353,0.3869606497034619,0.09901329263742231
1608,-0.04258737,0.07494945,0.0018925678,0.0020821798,0.07139781379877073,0.07918024031804596
1609,0.014748444,0.34911612,0.0017492996,0.003803805,0.009554952345355798,0.35370332237230556
1610,-0.02125312,0.25547808,0.001502221,0.0048122504,0.05626699292230191,0.26323588333645614
1611,-0.11815193,0.055123985,0.01112223,0.0051858807,0.11863318107395014,0.0492354279728647
1612,0.020591415,-0.28780964,0.0048658643,0.028454734,0.027820044043453472,-0.27957489605178587
1613,0.04752867,0.040964402,0.005130734,0.005165009,0.031483163242439285,0.044136455398724
1614,-0.05979986,0.52592605,0.00180749,0.005429866,0.08361203790257016,0.5310968909821472
1615,0.15732709,-0.048760444,0.0047037997,0.002128938,-0.12276955628864922,-0.05358929205324407
1616,0.12524724,-0.006851407,0.0028229554,0.0016715435,-0.09962880619813935,-0.0076408765291593045
1617,0.072005905,-0.004424462,0.003669221,0.0019043421,-0.06457795728645209,-0.004735205068744665
1618,0.012627316,-0.22365423,0.001170901,0.0029188504,-0.0059204580040586085,-0.2318991669118056
1619,0.0980866,-0.056487452,0.0059259892,0.005937806,-0.061822681969177715,-0.07158461739732079
1620,-0.44398332,0.047263388,0.030270357,0.0043600956,0.45490939617447623,0.04527542606135081
1621,0.25194734,0.153428,0.0020348642,0.0016394234,-0.2359636841383028,0.1586517965249106
1622,-0.12558112,-0.16456234,0.002373747,0.002162097,0.1800896826374038,-0.1743905911497894
1623,-0.07601725,-0.25169104,0.002227812,0.0040060533,0.08962448127460357,-0.25907315536227077
1624,-0.016431045,-0.16519947,0.0056853932,0.012204854,0.06774868233792292,-0.1973474801408573
1625,0.19752662,0.1886621,0.011087453,0.010551578,-0.1894801212196027,0.20121044574656452
1626,0.011418705,-0.009392077,0.0032087476,0.0043700724,-0.0023507852249017593,-0.011234375955627145
1627,-0.34633684,-0.123034045,0.010262312,0.0039049145,0.3583966206255772,-0.12448290324551795
1628,0.030537233,-0.25391236,0.002012974,0.0037101617,-0.0010174329865893896,-0.2832914925107695
1629,0.60516185,-0.037806645,0.0032866958,0.0015754577,-0.6388346760316376,-0.03796504375985969
1630,-0.5926597,0.020592878,0.021852627,0.0021541263,0.6461724330110694,0.026023945385403598
1631,-0.0018328195,0.19777088,0.0020124977,0.0045262817,0.03052349660028407,0.20594058460868142
1632,0.03981725,-0.025031107,0.0021327704,0.0022287597,0.020175157987883063,-0.026750785034914792
1633,0.18803084,-0.25516286,0.00457019,0.005848852,-0.17844647986576714,-0.2788905848248206
1634,0.058122255,0.1871222,0.0018429501,0.0034860407,-0.025850710392915928,0.18882773395743713
1635,0.024306655,0.021772223,0.0023083345,0.0023828861,0.02979525727021582,0.022207690570860417
1636,0.006347173,0.027010074,0.0022740806,0.0030141654,-0.02580124663032389,0.027337929036229936
1637,-0.03968747,-0.034691498,0.0050685853,0.0050845835,-0.002932210159191355,-0.036043034245529064
1638,-0.2667005,0.2011694,0.002689451,0.0017113403,0.32812347428076155,0.2000188409397662
1639,-0.08510427,-0.021201475,0.0064174323,0.003341639,0.10259808836842471,-0.01964891533607509
1640,0.11458831,0.49033278,0.0025334544,0.007202695,-0.08597257346935566,0.5086292971100405
1641,0.017691188,-0.027846059,0.0018642489,0.0026010908,-0.02722925133498683,-0.030685095690891003
1642,0.5371895,0.36618608,0.0023373545,0.0020907095,-0.5321997166012258,0.3781009725200249
1643,0.049339414,-0.18119337,0.001765008,0.0035372225,0.01595425604932073,-0.18913024618425428
1644,0.09406257,-0.24061358,0.0017003886,0.0026267578,-0.06680891911652174,-0.24462353993128835
1645,-0.09945746,0.1303636,0.0034325959,0.0043267272,0.1201691502397837,0.140824490065805
1646,0.005520896,0.040196218,0.0018703175,0.0027702085,-0.009593590714137661,0.04304137456633851
1647,-0.10211951,-0.0027038697,0.0018124878,0.0014061478,0.14190666042954123,-0.0005315183764814543
1648,0.08798967,0.16937998,0.0023562645,0.0028138955,-0.10876472714022542,0.17813817491162912
1649,-0.023084622,0.051452022,0.0037702925,0.0045661465,-0.006211024084802219,0.04458023222845613
1650,-0.003294251,0.04261963,0.0019705005,0.0030869201,0.00433198493623365,0.033637388608441454
1651,-0.27480033,0.0341219,0.0045599854,0.0016691255,0.2910031806475175,0.03360198494754425
1652,0.035116892,-0.057762958,0.0022684906,0.0028984344,-0.03393427384289472,-0.05880071082870096
1653,-0.28629693,0.34277913,0.02124665,0.022882799,0.31405957784909655,0.33105300737192717
1654,-0.4523256,-0.37268287,0.0056540985,0.004354209,0.4555207748728537,-0.37552026517060155
1655,0.013773152,0.07497586,0.002036173,0.003933022,-0.03412758648829107,0.081175234496209
1656,0.059794806,0.010081103,0.0017158595,0.0015087166,-0.05692727428382482,0.010852908008025028
1657,-0.022731252,0.020469574,0.0082702525,0.008918452,0.006877743402309682,0.01922571771162296
1658,-0.28196457,-0.27120492,0.0036187407,0.0029018703,0.3079590400624023,-0.27310023958428625
1659,-0.095359184,-0.48054647,0.001573161,0.003089829,0.12143557289136371,-0.4982043306929209
1660,0.118191764,0.08324552,0.0069441483,0.005876857,-0.1018305995520661,0.09249055327764821
1661,-0.093531534,-0.4827678,0.0021896297,0.00598417,0.12152304872997258,-0.49237916263248754
1662,-0.038924966,-0.00978932,0.001826172,0.0014790271,0.05959004513899284,-0.009702181409042514
1663,0.23946162,-0.3416595,0.0038358467,0.004902626,-0.2258667477922357,-0.3470148984709473
1664,-0.17788166,0.093033195,0.0027002697,0.0019912093,0.23995402049088993,0.10328328047843921
1665,0.19399954,-0.13178946,0.0027320124,0.0017790764,-0.1611297396967548,-0.13004519145230378
1666,0.26709488,-0.06973063,0.007278651,0.0022671067,-0.2335160668849556,-0.06957315319027328
1667,-0.39361063,-0.32395175,0.0021971236,0.0017153809,0.4677162205799744,-0.321624464218854
1668,0.4959202,0.39007315,0.0027247604,0.0025807787,-0.4867423744179721,0.4011721356248077
1669,0.0033758888,0.013960188,0.0014074673,0.0016606291,-0.011404007368894992,0.01585681401262277
1670,0.22289656,0.14790489,0.0046596606,0.0035924134,-0.21329873429373128,0.15520822678318816
1671,-0.016895227,-0.021119429,0.0013838965,0.0014724146,0.03113227044409786,-0.022466882812113394
1672,0.012548179,-0.0040536765,0.0018509224,0.0016633061,0.00902075429531854,-0.003971067933821589
1673,-0.11168611,0.13102348,0.002523823,0.0024633855,0.1588817535924283,0.13441827842031723
1674,0.27986765,0.26340213,0.010282252,0.008517429,-0.28087178028043364,0.3047755499265934
1675,0.10388784,-0.06814753,0.0022863313,0.0018411491,-0.048940913592398494,-0.07329207098342552
1676,-0.018768266,-0.005918177,0.0015348347,0.0016981614,-0.09612800431617746,-0.004928185182571343
1677,-0.12548962,-0.09467156,0.0017147885,0.0013922999,0.18544998161373824,-0.09749239026189943
1678,-0.021415219,-0.17810763,0.001809751,0.005606143,0.03487887432449669,-0.1868547576804035
1679,0.03949712,0.04729915,0.0122116655,0.013723047,0.03883925544091787,0.023147125299256305
1680,-0.20593853,0.1992843,0.0076262914,0.007284073,0.23229424322476222,0.20771987040842949
1681,0.017948758,-0.20238017,0.0018387852,0.007255883,0.0010410821016269567,-0.19998337396694096
1682,0.15610817,0.0891727,0.002608483,0.0018090339,-0.1464245982061171,0.09282052376974191
1683,-0.056366924,0.18774478,0.0013635396,0.0019009925,0.051181733888623265,0.19500522734685471
1684,-0.53779095,0.5321171,0.0027128716,0.0025252688,0.5718397173221809,0.5439665691572727
1685,0.024971765,0.1465148,0.002441058,0.0054094926,-0.0018277033189702497,0.15697096147306575
1686,-0.32578775,0.20002063,0.007832947,0.00439751,0.3652420735108823,0.20372923231547851
1687,-0.043256946,0.033527393,0.007541582,0.0061772107,0.09596031044804955,0.03587342166283831
1688,0.25394446,0.02437867,0.0037204113,0.0016934728,-0.24372059858312317,0.025869106813856114
1689,0.022843178,0.051154383,0.003957681,0.006078692,0.012212601795571033,0.04956427553401018
1690,-0.05812937,0.004791869,0.0025550956,0.0017156433,0.09353263627052759,0.005779407928143582
1691,-0.91161555,-0.017217385,0.005268538,0.0028596343,0.9394024089972483,-0.011633928405283604
1692,-0.007491811,-0.001443049,0.002867651,0.003965809,-0.021259609960011732,-0.001649301056964948
1693,0.59037685,-0.20514734,0.0022480325,0.0015624356,-0.5876759595278813,-0.21549467146492116
1694,0.0032861317,-0.007638582,0.0055567743,0.0063111996,-0.018697563926114904,-0.01302501582667918
1695,-0.20326924,0.23624566,0.0018299798,0.001662921,0.23021302442874492,0.23807113883177242
1696,0.24257068,-0.19234876,0.0026594899,0.0019282226,-0.19542919823938273,-0.20068272269140272
1697,0.079065464,-0.016412845,0.00741332,0.00441803,-0.05118417821726835,-0.019524025432020708
1698,0.2841765,0.15176025,0.0022018815,0.0015676013,-0.2852235638759159,0.15605957671737722
1699,0.0076518217,-0.053179804,0.0017415645,0.0016575461,0.012806021552662602,-0.054963847597973105
1700,0.016046606,0.04874379,0.0018673429,0.0023367275,0.016191094899188914,0.05218017892300272
1701,-0.016215079,0.24594526,0.002318682,0.004657728,0.028058383763499447,0.2909630808133265
1702,0.16829774,0.37292692,0.0080621485,0.017042175,-0.10004145226870842,0.4157104471572643
1703,0.586709,-0.20454541,0.0037099598,0.0019310075,-0.5836975885760826,-0.20862789046108068
1704,0.07843664,0.017624935,0.0046749674,0.002342225,-0.030484449386554608,0.015225976315200795
1705,0.1651014,0.26204273,0.0029428925,0.0031378607,-0.14987545527561308,0.2799194330962466
1706,0.18404335,-0.26425102,0.0020216587,0.0020319638,-0.16520625964624797,-0.2668884233741939
1707,0.3425962,-0.4610205,0.004967526,0.006175709,-0.33835588055100513,-0.4905907801928115
1708,-0.56829685,-0.36153042,0.003670884,0.0027609689,0.6335963972226738,-0.3505310020182308
1709,0.09120658,-0.015088381,0.0038166086,0.0028229174,-0.09287248548016408,-0.016417385724167097
1710,0.5021797,0.023287265,0.019578489,0.0025646847,-0.45395889324572436,0.026333408328048532
1711,0.09907966,0.14744511,0.0035265635,0.005161219,-0.07515946229392112,0.1531574540186903
1712,0.038860448,-0.061986342,0.0019522967,0.0018825536,-0.017376966362217233,-0.06381643361005632
1713,0.454728,-0.04828579,0.019905636,0.0039056607,-0.5089820755723841,-0.0592803295897652
1714,0.22011675,0.020619353,0.0033869743,0.0015124851,-0.17081421650261142,0.021810931421293967
1715,-0.12539683,-0.28961918,0.0040935096,0.0067289886,0.14183169404304236,-0.30202477568740654
1716,0.038421955,-0.11159616,0.0020050025,0.003873561,-0.020030773054157597,-0.11101669050923979
1717,-0.37818387,0.2696441,0.00282878,0.0019026715,0.43221496611573906,0.2714789238235132
1718,0.062116235,-0.106356196,0.0026925416,0.0045992085,-0.04142863372231168,-0.10747865810147635
1719,-0.38049957,-0.044781126,0.0019138661,0.0013446518,0.40702734097616516,-0.04444093050144717
1720,-0.062966555,0.08501498,0.0057835346,0.00588666,-0.07508333706586726,0.09594207418013946
1721,0.097796865,-0.019791739,0.008459164,0.0054763053,-0.05101381597388369,-0.02899464430079128
1722,0.061116412,0.019216811,0.0016243397,0.0014347136,-0.046768780300249786,0.02080269927142564
1723,-0.007767587,0.0011489725,0.004022867,0.0046567405,0.0008290556151685016,-0.0012982840123443634
1724,-0.21296497,0.26082233,0.0027499641,0.0029863154,0.24833080320928969,0.2667207774924505
1725,-0.010332844,0.059408266,0.0020730523,0.003189451,0.017699697488204314,0.0628090040513358
1726,0.067384854,-0.00043626328,0.0024018136,0.0018264632,-0.03911992842054073,-0.0003737528893977064
1727,0.05456097,0.34364924,0.0014846039,0.0041777124,-0.022771627155752365,0.35257898563307466
1728,-0.13279171,-0.09462956,0.019508695,0.013607999,0.15390144421415308,-0.111172720657817
1729,-0.009509458,0.05694796,0.0016433822,0.0022121135,0.017122624585570973,0.05772839362269865
1730,0.028597735,-0.029826472,0.0016038687,0.0016002008,-0.0019036722429783943,-0.029442201663648537
1731,0.13641986,-0.6549186,0.004036165,0.016595518,-0.10248730898168296,-0.6703510613684557
1732,-0.06673163,0.2523806,0.005575031,0.020069867,0.061246150313726384,0.2353508406315658
1733,-0.2318696,-0.20657468,0.011059157,0.010690059,0.25508281242663977,-0.2320465450190973
1734,0.07874729,-0.4362758,0.0050141425,0.02902751,-0.04456863076014593,-0.39467656736054596
1735,0.1069233,0.033232834,0.0024238143,0.0015703811,-0.10342831833673506,0.03545998947437502
1736,0.26272994,0.014647542,0.0031158193,0.0016319574,-0.23892321575148961,0.01447997870463881
1737,-0.03802339,-0.017281404,0.00544379,0.005376755,0.02649788147954717,-0.021159922837389215
1738,-0.031244367,0.088727586,0.0016155324,0.0017205559,0.0331081458733128,0.09111487082352489
1739,-0.07925579,0.3527018,0.0016201739,0.0030274221,0.10939372523517421,0.36632796990962807
1740,0.05398058,-0.22767304,0.0015991079,0.004894499,-0.0798084172993312,-0.2379006453087466
1741,0.09649916,-0.04199448,0.0031015582,0.0020665273,-0.02259499704142499,-0.04477447339659163
1742,-0.5434232,0.13414232,0.0028186762,0.0014775413,0.5859824855372948,0.13165863858137591
1743,0.004999132,0.018675378,0.0020531851,0.002482637,0.029415764514960224,0.01957550952154258
1744,0.8194946,-0.16376635,0.0059463717,0.002045701,-0.8252970566369382,-0.16727785540858575
1745,0.13889103,-0.31224495,0.002960008,0.005047486,-0.09704398841307689,-0.35516656870054814
1746,0.6031095,-0.17627552,0.006019368,0.002209255,-0.6073884134912113,-0.18355134690062347
1747,0.010943466,0.25083706,0.0016246967,0.0035618674,-0.024357014584984262,0.26401505525837127
1748,-0.030312348,-0.03894506,0.0047586155,0.0052503296,0.01707424846985226,-0.04934092098629327
1749,-0.19783743,-0.23276906,0.009909095,0.011210684,0.31226118201836495,-0.33492207018962694
1750,0.017744094,-0.08005235,0.0013259196,0.0016004635,-0.0042459304205313885,-0.08225833611545107
1751,0.084218845,-0.1551614,0.0014091338,0.0016986914,-0.0726300753287826,-0.158432235688319
1752,0.12706938,0.70662624,0.0035928464,0.01859623,-0.08219647343734328,0.714251207279125
1753,0.3514618,0.36698925,0.0031892592,0.002779633,-0.34295052691143113,0.3879995996442341
1754,0.037851058,-0.1315796,0.0012756782,0.0023448765,-0.004244068586379718,-0.1340777015097143
1755,0.48056784,-0.35341552,0.008073028,0.004897963,-0.4758329663565441,-0.36514558476138237
1756,-0.0042586764,0.0249754,0.0028115436,0.0037126055,0.018488785771761506,0.02133842917847672
1757,0.046448946,0.0008698384,0.0015875625,0.0014702253,-0.04177295937108138,0.0017586897451564445
1758,0.004613069,0.035865955,0.0047615813,0.006804597,0.03750363517922622,0.029081901263297356
1759,0.11329274,0.035737984,0.002002028,0.0018007513,-0.09772546918462391,0.036018596221795006
1760,0.01478731,0.003350867,0.001893996,0.0019263754,0.02294752056922026,0.004283293812348066
1761,0.1250502,0.31308934,0.002073409,0.003951894,-0.17375433966396137,0.3200638526934703
1762,-0.0652235,-0.2826876,0.0026139522,0.009999489,0.07840011495756001,-0.278519919444596
1763,0.52293134,-0.33315322,0.0038476035,0.0024683182,-0.5047646766821302,-0.3492602462627033
1764,0.03870287,0.053936336,0.0057015135,0.0064014085,-0.018968608331734263,0.07041938269499652
1765,0.060544662,-0.00083229144,0.001727879,0.0013930222,0.018451570420709346,-0.0004634805904930273
1766,-0.06252907,0.08189507,0.002645698,0.0023608096,0.0882357252861374,0.08522775146931132
1767,0.060806096,-0.011864902,0.0013465154,0.0013363716,-0.043382249003563855,-0.011078518570067461
1768,0.6206112,-0.451655,0.007387879,0.0064261453,-0.6729562341187922,-0.5065209210592396
1769,0.114594035,-0.28066728,0.001909107,0.0026554377,-0.09954033584426325,-0.2846507778494976
1770,0.06794874,-0.03795578,0.005770141,0.004520658,-0.057471311528544136,-0.036590126878119134
1771,-0.49589267,-0.00034603302,0.0036408338,0.0015983027,0.547130592862188,0.0005797194255238385
1772,-0.021867964,-0.054438304,0.004795632,0.005903647,-0.04437023625737791,-0.06317502332470953
1773,0.38973227,-0.24692322,0.0075589735,0.004085476,-0.372389258568195,-0.2589411669548739
1774,-0.3371936,-0.2644325,0.01261104,0.011717379,0.3855233950549667,-0.2773977269078214
1775,0.16680302,0.10549346,0.0028996267,0.0020968919,-0.12991528399223315,0.10858679848885856
1776,0.067515425,0.018822616,0.00261526,0.001995048,-0.03301133409432569,0.017942103612525302
1777,0.018462881,0.0013479794,0.0017433495,0.0018974412,0.001802153280888692,0.0016363518484926877
1778,0.08806464,-0.08949994,0.0025323841,0.0023025041,-0.07028791036436756,-0.08872701740389426
1779,-0.0689622,0.0021015462,0.004739632,0.00250897,0.07458090982261617,0.0030368240933958688
1780,0.11968149,-0.19042413,0.0058608092,0.009832059,-0.15815590089319445,-0.16750767274326298
1781,0.028510507,0.009537945,0.0036536613,0.0043840543,0.025736431726570034,0.0050166853218878505
1782,-0.012465089,-0.09243841,0.0016536176,0.0021792997,0.04512552367885048,-0.09528444815413803
1783,0.049233362,0.06669291,0.0020694835,0.0022034275,-0.02294995933514142,0.06822793949074996
1784,-0.23859659,-0.18568638,0.0020014336,0.0015671984,0.27464612851780346,-0.18899797252001663
1785,-0.27987686,-0.14918715,0.038473636,0.017868752,0.3790217561592251,-0.16723492551772126
1786,0.057551164,-0.09451842,0.0016609961,0.0019318346,-0.03797791030632718,-0.0949404428791225
1787,0.06479682,-0.21851444,0.001451155,0.003036686,-0.0177594544597331,-0.2243379173908313
1788,0.23437501,0.48856813,0.0019675258,0.0028018777,-0.21768939424387776,0.49810604173666856
1789,0.2130246,0.13436891,0.0046073324,0.0028220601,-0.2165471877791932,0.14840954107590207
1790,-0.11707655,-0.073197715,0.0028700288,0.002443355,0.14110647743654806,-0.07619645117608237
1791,-0.013139761,0.0072250795,0.0017331154,0.002260494,0.02518664038687689,0.007281083712332481
1792,-0.059403043,0.06880138,0.0014943647,0.0013633153,0.08198487484655873,0.07250570476340966
1793,-0.024504445,0.08213684,0.0015447141,0.0017590869,0.012293639521631953,0.08442697570353172
1794,0.48150367,0.6138751,0.0033722427,0.0034826598,-0.4862655881020937,0.6674788873734537
1795,0.16896763,0.07960331,0.016073558,0.007910581,-0.14450145383287372,0.07053345302375685
1796,0.029281594,0.03302801,0.0015464994,0.0019131864,0.009471920778876161,0.035463185713332374
1797,0.17834927,-0.1779404,0.0028164175,0.002629595,-0.10709183810222202,-0.18287044736598823
1798,0.02826161,0.0033072326,0.0024860087,0.0031870378,-0.012728266010060019,0.003821785715713833
1799,-0.017177284,-0.07427779,0.0016271961,0.0016411134,0.03920752447854048,-0.07589305406112569
1800,-0.38563645,-0.06184547,0.0030597257,0.001495616,0.40827046825239643,-0.0624911969805632
1801,0.18726766,-0.034443736,0.0026764914,0.001994556,-0.19336614525519724,-0.03687189943587905
1802,0.06960443,0.15035169,0.0021203985,0.0030100893,-0.050166634204692875,0.15560048898846324
1803,0.31794253,-0.16173671,0.016000472,0.008874469,-0.3576229591827969,-0.1703227270379075
1804,0.5327282,-0.28436998,0.015713235,0.008569975,-0.5221308613137574,-0.2937617435080898
1805,0.09783214,0.1999195,0.00275781,0.0033901823,-0.07089166230593043,0.21647174849561532
1806,-0.6700836,0.13221039,0.0024324956,0.0014767859,0.6905179864322882,0.13514499048782025
1807,0.022282496,0.019046528,0.0015473329,0.0015468308,0.0007531649805714052,0.01986215447814839
1808,0.022058189,-0.0046195854,0.0032322754,0.0038972152,-0.021039523145167955,-0.005995769247984512
1809,0.4585649,-0.24151833,0.0050719064,0.0032330048,-0.5024298021879279,-0.2699787285783917
1810,0.14956467,-0.06561517,0.010505938,0.0074741645,-0.09905721644900072,-0.0817507852549231
1811,0.3674623,0.0808197,0.0022940622,0.0015699302,-0.34979427724427864,0.08097601545347884
1812,0.15567611,0.07098422,0.0036517608,0.0024176,-0.16240887404252735,0.07472074902694666
1813,-0.14150263,0.27469698,0.0069778888,0.010072265,0.17923410588676547,0.31219680277068323
1814,-0.04389725,-0.0114793945,0.0014477029,0.0013330205,0.06539683671678208,-0.012219582090490183
1815,0.25150794,0.035109293,0.0034423373,0.0015608411,-0.2510317568131769,0.03727473021655714
1816,0.0074066008,0.045601178,0.0017012219,0.0019015246,0.04844300690839944,0.04679839648538687
1817,0.0056024427,-0.045307714,0.0016363603,0.0021733094,0.013973591993522534,-0.047517394820237736
1818,0.044239808,0.3521537,0.0013659205,0.002968334,-0.03456510005547649,0.3622420015211131
1819,-0.23374392,0.019094242,0.0038401217,0.0016563407,0.2367692840841793,0.020529013276244974
1820,-0.61731255,-0.26507968,0.003688818,0.0022982098,0.6476939790799667,-0.27825603881064004
1821,-0.01830171,0.059336144,0.0042815497,0.005554158,-0.010079522211076598,0.07333013651064503
1822,-0.0771427,-0.060953975,0.0015500701,0.0013903235,0.09769333602791334,-0.06212987149583563
1823,0.0054971064,-0.19213358,0.002488149,0.0033465433,0.01891517779656743,-0.21857976526882333
1824,0.060861282,-0.078747906,0.006831439,0.0070298263,0.012280139238388199,-0.08890927658751854
1825,-0.04171094,0.030424653,0.0022048552,0.0020026548,0.05950973295816742,0.03291243775232506
1826,0.0374175,0.003319865,0.0031608583,0.0031329978,-0.013942263328137793,0.004544395146932125
1827,0.32289457,-0.12945403,0.0019151752,0.0014017973,-0.30749415754329606,-0.13516263936972786
1828,0.023112826,0.029809425,0.0038182712,0.004408527,-0.034819763654544915,0.03072481875423848
1829,-0.0029222732,0.009168817,0.00211112,0.002869577,0.022877638608665384,0.00931626925638501
1830,0.021184526,0.3104942,0.002220794,0.0070423074,-0.07551892297049598,0.3254590339444272
1831,-0.4109974,-0.006852722,0.0037243308,0.0018066587,0.4497070360083732,-0.00641692701869889
1832,0.14308982,0.040649887,0.003129961,0.0017984828,-0.12501224997099908,0.043211967000858914
1833,-0.25663465,-0.105450846,0.010467599,0.0046071988,0.31838645630984364,-0.11443098917196723
1834,-0.013133611,0.50433826,0.0013812775,0.004060615,0.0733557817189998,0.5117271121312308
1835,0.053190637,0.028658753,0.001599227,0.0014689163,-0.004327300401815905,0.02922528440003537
1836,0.0061063925,0.1384315,0.002616568,0.0043157437,0.05276167369401741,0.14544351800971228
1837,0.033515207,-0.024411155,0.0031936557,0.0045348345,0.03721774488006876,-0.01658436478806474
1838,0.03551296,-0.037389245,0.006265689,0.0079129515,0.031322367159004265,-0.03396796412444356
1839,-0.013377412,0.02139046,0.0041142865,0.0043054568,0.0411957685141724,0.028456157494582853
1840,-0.436901,-0.08018339,0.004854001,0.0019972206,0.45937361910443886,-0.08535947197819958
1841,0.11158481,-0.12060353,0.0036250362,0.0038055726,-0.09496925415745923,-0.1326984432176232
1842,0.0069951946,-0.0068994034,0.0018281948,0.0023817488,0.007815675724639815,-0.007991650374509818
1843,0.3626001,-0.24814935,0.009329848,0.0068768812,-0.3811960854676207,-0.2726736885912251
1844,-0.03352144,-0.14512087,0.0016933673,0.0030993293,0.06458877405990898,-0.14962943155147312
1845,0.008458384,0.07396563,0.0014340134,0.0022348112,0.019192626398075938,0.07829857934243498
1846,-0.20846693,0.09322895,0.007740448,0.0035097594,0.1591744977606193,0.0993829520761941
1847,0.071874365,0.0058549475,0.0026951577,0.0017269381,-0.0263848531032494,0.0069290985783741115
1848,-0.009729351,-0.35377204,0.0016540935,0.0035719427,0.02763760867259193,-0.3759574357421006
1849,0.0066568786,0.00046236988,0.0022269795,0.0026623504,0.009356709108020559,0.0018825735846311488
1850,0.10921068,0.1940672,0.0019593162,0.0024249176,-0.07711181005775837,0.19825650449329116
1851,0.080522716,0.06530588,0.0021621517,0.0019174023,-0.06811855643467267,0.06739744393204113
1852,-0.04355864,0.27480954,0.0018672238,0.0038011777,0.0438505151357732,0.2674842454614731
1853,0.078429595,0.007291088,0.008191273,0.006264956,0.054950598378291964,0.007245775397767245
1854,0.5370548,-0.13465667,0.005976354,0.0020541558,-0.5387015199603756,-0.14118768365625378
1855,-0.021575686,-0.02778917,0.001986562,0.0023465157,0.010631516458206713,-0.028856675240583003
1856,0.034177527,-0.0017495473,0.0014938884,0.0015528667,-0.009278486961522925,-0.001909277555749694
1857,-0.18363284,-0.18304431,0.010654916,0.009850455,0.19991652024386922,-0.17831759815184062
1858,-0.19238941,0.57085407,0.0027361733,0.005045225,0.22457859615743778,0.5841396997069517
1859,-0.23223872,0.06776566,0.004472404,0.0020150598,0.2708474657628495,0.07212591542479055
1860,0.32328802,-0.21677175,0.003069946,0.0020137746,-0.30849947399919736,-0.22047070547704062
1861,0.45965174,-0.2951683,0.0070724715,0.004350011,-0.47765651638217865,-0.3036563651546781
1862,-0.04382634,-0.34298816,0.0018496135,0.0038687615,0.04709888914287033,-0.35120984313257525
1863,0.014691153,-0.014916247,0.0021638172,0.0021650074,0.005035760890071751,-0.017532944975425662
1864,-0.096452735,-0.41985044,0.0032100547,0.0073050656,0.14621081057173796,-0.4411306208200124
1865,0.06882899,-0.21329515,0.0014588925,0.0018359326,-0.05009114657561278,-0.21470463625526953
1866,0.017788984,-0.0009775629,0.0022847848,0.0026686375,0.0012224488994987965,0.00030871288654131166
1867,0.3320462,0.14693736,0.0028052432,0.0017173658,-0.32947675987747255,0.15527783338187912
1868,0.042384863,0.019820882,0.003261031,0.0035208366,-0.025479333994071422,0.020606745437970437
1869,0.58773863,-0.005237298,0.015525689,0.001937143,-0.5336423643271607,-0.005895494028489255
1870,0.1872716,0.008930827,0.019483443,0.0035189516,-0.14843827618380678,0.011709758175274414
1871,-0.18286039,-0.13214405,0.0029356421,0.0023794286,0.20967883718620772,-0.13218750942989782
1872,-0.07399962,-0.06692751,0.0067735417,0.0054016924,0.08507990029113288,-0.06926708263151149
1873,-0.20531337,-0.03716064,0.0017345436,0.0013266709,0.23095973713627088,-0.03741497387820036
1874,-0.20846693,0.09322895,0.007740448,0.0035097594,0.1591744977606193,0.0993829520761941
1875,-0.052518144,-0.06755597,0.0016618294,0.0017058153,0.07160335564674665,-0.06726736833615822
1876,0.144104,-0.267836,0.0018073712,0.0020193912,-0.1073915137221718,-0.2754477625236074
1877,0.5360314,-0.059097495,0.00737427,0.0017859726,-0.557911209292857,-0.05938172087125304
1878,0.060239743,-0.035824697,0.0018856669,0.0017683558,-0.04242261776058352,-0.03604598124295677
1879,-0.008317846,-0.02582486,0.0045408783,0.0069429497,-0.043470970361284896,-0.03129040276854039
1880,0.09302272,-0.052936073,0.0021264656,0.001986457,-0.0754777852619468,-0.0535358210850319
1881,0.58034754,-0.32282335,0.0027882436,0.00192294,-0.5863188487751739,-0.3356873293269202
1882,0.14801599,-0.58254045,0.0026819604,0.007172857,-0.1492572176579382,-0.6378255409978267
1883,-0.2468025,0.05390495,0.004367605,0.0019114268,0.21770587462346544,0.05829337936358647
1884,-0.11342505,0.032009855,0.0035384423,0.002128256,0.1296446257324975,0.03152818509865834
1885,0.08877617,0.012509009,0.0067743706,0.0034335642,-0.07177574622054453,0.013688950605074997
1886,0.08128151,0.0558687,0.002138361,0.0018437739,-0.07618122675145095,0.05916251978607903
1887,0.11307056,-0.05279255,0.003129961,0.0019185721,-0.11233741250787543,-0.05588739693542544
1888,-0.29026467,-0.06388504,0.015211899,0.0041114828,0.30902325092211635,-0.0709890547412448
1889,0.042384863,0.019820882,0.003261031,0.0035208366,-0.025479333994071422,0.020606745437970437
1890,0.029755354,-0.0084652025,0.0015963702,0.0019971854,0.000947594209748995,-0.01004656135086377
1891,0.02104137,-0.12038773,0.0015325733,0.0024951063,0.021831748155226705,-0.1225875642755811
1892,0.17736532,-0.022744367,0.0061705564,0.001983657,-0.158012100026222,-0.025930543521607955
1893,-0.10041773,-0.17942002,0.01088642,0.018754793,0.1520031605628995,-0.19651760846780789
1894,0.055055726,0.027033674,0.0029868702,0.0030769014,-0.02399195995645568,0.0275490048665787
1895,-0.013882115,0.02292456,0.0016064871,0.0015527493,0.037115005159748145,0.02541979837061494
1896,0.17933625,0.1903419,0.0020642488,0.0019521218,-0.1662165276018715,0.19672502810722522
1897,0.17771596,-0.052609943,0.0031494503,0.0023965247,-0.18447456291573927,-0.05696821747931389
1898,0.12465723,-0.19564106,0.005204145,0.007643794,-0.09973082894905241,-0.20225263962102707
1899,0.76286244,0.57411975,0.0027215506,0.002794283,-0.7674683015306143,0.5844138445490972
1900,0.6476121,0.5776151,0.0021811845,0.0022063884,-0.6435152873664457,0.5945716230032944
1901,0.034157023,-0.060311504,0.0014435365,0.0018644964,-0.002249200869565483,-0.06271037693944549
1902,-0.5425036,-0.56652015,0.00329133,0.0036163866,0.5770045233729572,-0.5540997444525124
1903,0.03966339,0.027005116,0.0064988015,0.0069399686,0.005068332397240529,0.03407684004492664
1904,0.062930666,0.023030018,0.0024313063,0.0017801144,0.015461711206560749,0.024433259892177418
1905,0.1235748,0.11775783,0.0016777769,0.0015527345,-0.08666901722035014,0.12248390995951906
1906,-0.5459547,-0.31677625,0.0041761384,0.0032674791,0.570451488821968,-0.3192413429655826
1907,0.11186926,-0.0068010036,0.0015469756,0.0012564673,-0.09295290717600621,-0.0068767891722174655
1908,-0.6615133,-0.41624442,0.012966246,0.010238663,0.6684316270313887,-0.4654257812281251
1909,0.34956053,-0.15428238,0.008140903,0.003312306,-0.3670298441080294,-0.15957632948480027
1910,-0.34147307,-0.67354697,0.0021761884,0.0029445677,0.36424806398474185,-0.6831454923485221
1911,0.24638088,-0.3529285,0.0034297437,0.004631074,-0.22339286457410132,-0.36979111924631547
1912,-0.05993746,0.47414175,0.001377587,0.0028151772,0.07619290196697313,0.48119678778803765
1913,-0.23821129,0.27070653,0.004769649,0.005021671,0.28065856422433855,0.2778256187278935
1914,-0.3164228,0.43312562,0.03474155,0.041365594,0.3946319277186541,0.5497359218958118
1915,0.010082901,0.012036582,0.0018325978,0.0023891707,-0.0066726654603708494,0.011620150650653312
1916,-0.4808397,-0.15476139,0.006515147,0.0026317544,0.5154590464787515,-0.15496535534968336
1917,0.082297824,-0.09339635,0.0077083902,0.009379932,-0.03145302514594742,-0.1049444170355615
1918,-0.45281646,-0.6935688,0.0025296495,0.0028914672,0.4776389299892624,-0.6941291104304868
1919,0.5385033,0.30643708,0.003418339,0.0022849087,-0.5370381585997663,0.31919174578923143
1920,-0.18533315,0.22212021,0.011037345,0.012688719,0.23421999747644387,0.2198701015614441
1921,0.37590346,-0.40036717,0.010388793,0.011499022,-0.4230797991754477,-0.43151740757124446
1922,0.10954316,-0.066575065,0.0037986762,0.0026121363,-0.09551525891752724,-0.06706616015625401
1923,-0.012631356,-0.028225163,0.0019545574,0.0024450137,0.0051282476483602,-0.030629425590985804
1924,0.006157861,0.017840894,0.002273367,0.0031643324,0.004963873955815689,0.02102900207838858
1925,0.845153,0.4019129,0.0032124312,0.0027452968,-0.8519681378528746,0.41145424827256133
1926,-0.10635924,0.3903261,0.0032395236,0.0061336523,0.15194699036584777,0.4466787870720954
1927,-0.17494799,0.15950222,0.016857468,0.015373095,0.34016204281066664,0.27926642031550997
1928,-0.021471426,0.08672286,0.0014800807,0.0017653757,0.04632693970353393,0.08823282843339919
1929,-0.06764887,-0.109313905,0.0028646796,0.002991623,0.08629671336495405,-0.11499343468158241
1930,-0.101003036,0.47832304,0.0025253682,0.008579518,0.11329058807948716,0.4802607159409025
1931,0.025295414,0.0080224555,0.0022179394,0.0020531835,0.006468245992015389,0.008445056226308471
1932,-0.060242258,-0.16214204,0.001865558,0.0025435945,0.08597672773742043,-0.16782039873524907
1933,0.058839887,-0.12426629,0.003793688,0.007567396,-0.028021301154440237,-0.13235802544840788
1934,-0.13564585,0.3855513,0.0058471793,0.015112685,0.18089308480725097,0.36144429472059864
1935,0.14572895,-0.053319868,0.004704274,0.0022656983,-0.14665392720548134,-0.056211256784614985
1936,-0.4521198,-0.17068805,0.002219129,0.001613604,0.49013106430313297,-0.1732999851700289
1937,0.010490269,-0.12500556,0.0015972033,0.0017753298,0.010364791962066492,-0.13202813999734936
1938,-0.36290547,-0.6547127,0.004266238,0.006406425,0.44047286324495877,-0.7090526672244646
1939,-0.4101435,-0.021230828,0.017947583,0.005657102,0.4420722267693789,-0.02427304364530703
1940,0.045961455,0.0025980081,0.0020514005,0.0019226155,-0.04170683494682878,0.003258410916343032
1941,0.17293297,-0.6211644,0.001778336,0.0027296455,-0.13663006370006495,-0.6376540210031084
1942,0.05779123,-0.22258148,0.00190173,0.0053977007,-0.041524561541792376,-0.24197946596809133
1943,-0.026718505,-0.04300182,0.0031374479,0.0030667502,0.06864736343213504,-0.04940839826789081
1944,0.010040988,0.068392225,0.0035475893,0.0056272843,-0.05181910414943453,0.0800273828574883
1945,0.21188164,0.41139886,0.002146093,0.0026349756,-0.2123861593696855,0.4213772649150166
1946,0.15807,-0.40283516,0.0025027753,0.0056795767,-0.1329691978504071,-0.41142620633885596
1947,0.13601978,0.096601926,0.011560692,0.009473807,-0.14927269723778014,0.11303074313424247
1948,0.006436811,0.0046462435,0.0022530279,0.0027532608,-0.0035902980487089774,0.0033980858594011066
1949,0.00643018,0.05180767,0.0017873797,0.002192103,0.029498097689440332,0.052180843231795594
1950,-0.3678203,-0.021721086,0.009414642,0.0017121532,0.40819567623994013,-0.022701936236466616
1951,0.4337925,0.5551315,0.0045222472,0.004897239,-0.4287286478313137,0.5864775358058487
1952,0.11263827,0.040833253,0.0029053323,0.001966297,-0.018866722969141034,0.04262135637828715
1953,0.45863748,0.11073013,0.004866101,0.002444293,-0.48670474542495556,0.12701671366552159
1954,-0.28164288,-0.2559947,0.004030228,0.003713012,0.21570146102605178,-0.2686701335477253
1955,-0.0077439984,0.16959354,0.0025038456,0.0070763654,-0.03172444412194771,0.17034614054456843
1956,-0.42180935,-0.13122019,0.011521099,0.0035588867,0.473731465545162,-0.13819497400451555
1957,-0.025701597,0.1019277,0.0025776871,0.005137823,0.05676435050918217,0.11007348709545618
1958,0.56632024,0.14812483,0.004336151,0.002088853,-0.560398610342608,0.15244922008790152
1959,0.08951036,0.029368093,0.0026748267,0.002418899,0.11110778444925629,0.03324852092764351
1960,0.006505915,-0.002601141,0.0015989888,0.0020388744,0.04162002617178203,-0.0038182375208959895
1961,0.18527247,-0.0202185,0.014062021,0.0029723947,-0.16037403050110324,-0.01750002997438637
1962,0.28416407,0.83411425,0.0019162458,0.0026206179,-0.24907063618177683,0.859338299807278
1963,0.16163419,-0.20826142,0.0027276136,0.0027734677,-0.17188815220747802,-0.21454107114641044
1964,-0.0040314114,0.07501919,0.0019050615,0.0027951442,0.09621777463300284,0.07764258637861779
1965,-0.038924966,-0.00978932,0.001826172,0.0014790271,0.05959004513899284,-0.009702181409042514
1966,0.30424175,-0.034815595,0.012521454,0.0021697045,-0.2774168901664354,-0.03471144120953422
1967,0.10602257,0.0868106,0.0017200246,0.0015083578,-0.07902681152797394,0.0907957407398479
1968,0.12200648,-0.28650257,0.00403474,0.005324584,-0.11533814425808317,-0.3362191155620835
1969,-0.3282601,-0.23225568,0.0033781826,0.0026429363,0.35913261267872415,-0.23407559478101095
1970,0.107315384,-0.09279458,0.0018748392,0.0017015289,-0.14727936186812596,-0.09484515495661727
1971,0.522265,-0.08845631,0.0048373924,0.0018036444,-0.5115278442295297,-0.09048525316292741
1972,-0.0014407774,0.09738108,0.0015460233,0.0027739478,0.023987559918349572,0.10018759565050044
1973,0.011975677,0.07712714,0.0047682254,0.006211622,0.03992095842087663,0.09233592459978657
1974,-0.1753896,0.00399377,0.011883641,0.0026316405,0.21768475423365025,0.00453155368178455
1975,-0.36688069,-0.3711581,0.012538054,0.012591018,0.3877848683502291,-0.3764828544772431
1976,0.2656752,0.00022431265,0.008473349,0.002027822,-0.2596428690938012,-0.0017679980408362344
1977,0.14775728,-0.004051974,0.0050878,0.0023982048,-0.21289263059083413,-0.003977310854100953
1978,-0.108414754,-0.38357046,0.0059973267,0.022553017,0.10968489855350354,-0.37604996144777403
1979,-0.089256704,0.1987943,0.0019370675,0.002117228,0.18659834911152604,0.20147565650595597
1980,0.13525274,-0.5314192,0.0026303604,0.0077785016,-0.09018361860450949,-0.545328540003484
1981,-0.00438141,0.27288452,0.003205539,0.017664036,0.03524472596499228,0.26766756907060163
1982,0.028826796,0.0010126474,0.004043526,0.004474968,-0.05275600071366089,0.000888802375295923
1983,-0.06447233,0.024319334,0.0038221907,0.0021979124,0.11820146084989072,0.025620082152238287
1984,-0.13059755,-0.07617471,0.0020141634,0.0015315579,0.259985863203779,-0.07491404485510497
1985,0.081495434,-0.017953632,0.0047509037,0.0042956294,-0.033395885578103815,-0.021832192109735502
1986,-0.40082625,0.24113475,0.0056127273,0.0031655573,0.4077538989467236,0.24409717395483813
1987,0.052610517,0.02129559,0.0016088674,0.0017056663,-0.03904732242405759,0.02063657878174088
1988,0.0058845365,-0.08452291,0.0016158896,0.0017391972,0.010539464298257185,-0.08378565096797015
1989,-0.1611423,0.06074711,0.003903891,0.0020477062,0.1325569702991645,0.06428831626314546
1990,0.037632428,-0.12220588,0.0014971023,0.0017128845,-0.040410861367250556,-0.1265600598155717
1991,-0.27208483,-0.12627636,0.0020052406,0.001354073,0.31146344087560834,-0.12733355154130355
1992,-0.10027952,0.17996551,0.011954673,0.018165968,0.06589992765478728,0.15980732360854452
1993,0.36102712,0.31039134,0.0021481155,0.0019296004,-0.3387230099333498,0.31715650431013565
1994,0.11445221,-0.17809647,0.0016496902,0.0019220099,-0.11876916493935906,-0.18233722378032383
1995,0.005759918,-0.032210574,0.0012818691,0.0017753093,-0.0067735268302332,-0.032564264303367445
1996,-0.21555883,0.2137914,0.003317945,0.002592559,0.2561078138025279,0.21993092782711102
1997,-0.60672987,0.02956461,0.009713964,0.0035636174,0.7169492600519979,0.03666873719033779
1998,-0.28781584,-0.34399992,0.0037154227,0.0039944993,0.3004858736051196,-0.3527196624681336
1999,0.20756918,0.34170115,0.0029358796,0.003685659,-0.12116780748996547,0.34988873193323616
