,e1_res_mean,e2_res_mean,e1_res_std,e2_res_std,e1_input,e2_input
0,0.18594804,-0.63656986,0.017017808,0.0051431144,-0.19398495122508477,-0.6522742643945904
1,0.050599355,0.14304337,0.051243644,0.005639754,-0.059128624905946704,0.14032947848690508
2,-0.50169545,0.2188168,0.041210566,0.013484075,0.48657878559783035,0.21229084655916786
3,-0.3190892,0.52352697,0.039013665,0.009668585,0.33367451927054065,0.5316336345154755
4,-0.013854961,0.009737635,0.035159767,0.0019459178,0.010735566403984936,-0.009122904172221396
5,0.012169739,-0.10241253,0.023829594,0.009738524,0.01205251631145268,-0.12952202756331932
6,-0.13905826,-0.06607728,0.020176481,0.002304165,0.16026977848317134,-0.08515772875872393
7,0.19505222,0.060816016,0.019053005,0.0026739023,-0.22287576124947678,0.0429681950254577
8,-0.013736752,-0.06868617,0.055673778,0.0032538087,-0.016474300042647126,-0.09210534954328767
9,0.21587168,0.2786158,0.04286579,0.0040824153,-0.21409297490728416,0.2612729796324253
10,-0.32841703,-0.7321979,0.015132174,0.004894166,0.33819812571262536,-0.7407845735768495
11,0.038906924,0.009457337,0.015154131,0.0023703538,-0.0454157435755677,-0.00893228076971114
12,0.19543207,-0.20462489,0.025160132,0.002959713,-0.1660926998484303,-0.22941068765727635
13,0.08333487,0.16967198,0.01887357,0.0038890792,-0.1151109958393064,0.16581389231356378
14,-0.011431295,-0.17762358,0.015233151,0.0029558204,0.022871362646078364,-0.20370081530660655
15,0.016320512,0.04703461,0.051698487,0.0057119145,0.005068332397240529,0.03407684004492664
16,0.037926022,-0.01831214,0.016264403,0.0018559783,-0.04242261776058352,-0.03604598124295677
17,-0.1219829,0.058464997,0.023235762,0.0022919644,0.13128443774854975,0.04092891944086169
18,-0.016774565,0.014336628,0.02164395,0.0025967578,0.018528799526074283,-0.0017753513542543846
19,0.573547,0.2230734,0.020685261,0.0061290762,-0.5867294313360186,0.21690520798276733
20,0.10622308,-0.14939049,0.03537888,0.0028416289,-0.1388540743501199,-0.17256386686766478
21,-0.18975925,-0.23581275,0.01902821,0.00605126,0.2083574964495393,-0.2624536448506692
22,-0.023250986,-0.038980674,0.053599186,0.0033047756,0.09009414236302504,-0.05823133960838734
23,-0.11835858,0.3115998,0.01603684,0.0044674403,0.13776516989393828,0.3196112581361168
24,0.06358367,-0.0242873,0.013270505,0.0018386251,-0.06327406550937582,-0.047165083774125954
25,-0.0387833,0.027153784,0.026661169,0.0018292549,0.050317706095435046,0.008473566112729081
26,-0.11835858,0.3115998,0.01603684,0.0044674403,0.13776516989393828,0.3196112581361168
27,-0.11650867,-0.01494617,0.05074542,0.0023256307,0.16089754849280347,-0.03681332438380293
28,-0.06321934,-0.19467884,0.05189329,0.0042486554,0.03512278104023765,-0.22106317573429118
29,0.14487316,0.0573974,0.046619613,0.002259006,-0.1828161365290007,0.039512802817050205
30,-0.0125369355,0.046825957,0.0524397,0.0038796258,-0.026335638046065812,0.032998981457348066
31,-0.043105006,-0.009258614,0.019778015,0.0023020178,0.056404788505658096,-0.028089541868605582
32,0.009212368,-0.23109421,0.01714074,0.0036526595,-0.05677251536912779,-0.2556079170009189
33,-0.2701976,-0.087458774,0.039807416,0.0037462497,0.31838645630984364,-0.11443098917196723
34,0.09464091,0.15715414,0.052006695,0.0026199173,-0.14272731395296034,0.14012801269114736
35,-0.29548112,-0.05185708,0.052987847,0.003309366,0.25421533130865465,-0.08156665367888392
36,-0.24408022,0.39789006,0.027858803,0.0056191753,0.24616428675993443,0.3819549650426194
37,0.0028102014,0.5734461,0.020041533,0.005290673,-0.011428224040339796,0.575313817256019
38,0.53764343,-0.00051405386,0.032977667,0.0038029756,-0.5733489855436549,-0.015724263141960668
39,0.12204336,0.072950326,0.022413714,0.004550389,-0.1217223062511441,0.05304137895690413
40,0.09880028,-0.56388944,0.01768644,0.005701175,-0.11271577665274847,-0.5789001855980144
41,-0.026509266,0.00053087843,0.013761292,0.0016460222,0.028625980960007555,-0.01832610251210222
42,0.029744472,0.25893134,0.020206857,0.0056611397,-0.03194456131720981,0.2743290851135689
43,-0.1749894,0.110226795,0.016564496,0.0018656302,0.2095030912272126,0.09240654786163176
44,0.053217247,0.04428561,0.05298197,0.0029125377,0.07189480595589176,0.025940405564714417
45,-0.04428577,-0.004983436,0.04944897,0.003644016,0.024859301811791475,-0.02588636678844717
46,-0.15420926,-0.0324345,0.014641002,0.0018076176,0.16621682157551404,-0.054045355686142216
47,0.06597765,-0.18425184,0.020623952,0.0025567093,-0.07244184888567373,-0.2086618163479693
48,0.14877975,-0.028619729,0.017937278,0.003203875,-0.18447456291573927,-0.05696821747931389
49,0.044861015,-0.39237618,0.013114977,0.005318239,-0.03982667367043585,-0.41100318489805127
50,-0.18156351,-0.12231342,0.023302965,0.003131038,0.19422010062025488,-0.1482327786576026
51,-0.01915582,-0.017613238,0.038480062,0.0017300263,0.009956801653407244,-0.03943254463024618
52,-0.049580324,-0.26458368,0.036026496,0.013951814,0.10232571489590545,-0.2937940038479965
53,0.13569479,-0.08657651,0.055161286,0.0018504817,-0.18193046163380433,-0.10705300421308196
54,-0.04243846,-0.21012817,0.027743556,0.009219287,0.021043325106441513,-0.21524876370791723
55,-0.11891402,-0.5415494,0.022996265,0.004101922,0.13509508724307537,-0.5571302241269764
56,0.121634364,0.017359236,0.016455915,0.0015910107,-0.12185982889978902,-0.0006494210926347787
57,0.024807507,0.06497264,0.017903203,0.0017117208,-1.0716123594589577e-05,0.04688751366388753
58,-0.04471434,0.044706505,0.030943712,0.0018469775,-0.04496943935856809,0.02710419713346894
59,-0.009170045,-0.035862215,0.03713533,0.0021838911,-0.04099203342834515,-0.054122304221428365
60,-0.43674132,-0.44271612,0.01698499,0.0066773915,0.44464046605137786,-0.47849587826593043
61,0.13777143,0.03407459,0.017891262,0.0019620399,-0.13234347589976753,0.01752159703376007
62,-0.053313836,0.24328439,0.054020777,0.003587718,0.04295815311795337,0.2218767625140106
63,-0.00070544705,-0.0048888037,0.051082697,0.0016245687,-0.016060343362876598,-0.024170651614186772
64,0.328548,-0.6565986,0.021582002,0.010068765,-0.3532040136456569,-0.6804268621221017
65,0.13272995,0.20561773,0.021390885,0.012702967,-0.227503558421443,0.2962763761169005
66,-0.033388097,-0.1637343,0.025734931,0.0029185163,0.025995451604840174,-0.18649004197413288
67,-0.02986108,-0.08627853,0.013756707,0.0026738758,0.03730533287389591,-0.11015693129913598
68,-0.03607042,0.039850112,0.05111113,0.0041308445,0.02306470842641322,0.023894324774257042
69,-0.15487215,-0.29548857,0.014983158,0.0043748803,0.15641776201437715,-0.3261977087062
70,0.015013325,0.121182226,0.029934553,0.002668143,0.014576921695952254,0.10355712134539816
71,-0.2506423,-0.14253393,0.052292295,0.006942998,0.2891764583088947,-0.18248753281391397
72,0.32836637,0.48279867,0.014162989,0.005875689,-0.3453173012673597,0.5072199441482783
73,-0.66533905,-0.13297868,0.012655773,0.00433042,0.663498539070839,-0.15119074647773229
74,0.045814607,-0.009671501,0.034513433,0.0037238735,-0.09514697679580665,-0.02873864330850515
75,-0.41388974,-0.42663798,0.035615772,0.028978914,0.3818608933145669,-0.4492313367348697
76,0.06541162,-0.0045072148,0.017958121,0.002730203,-0.07558378813699254,-0.02474455886588498
77,0.5716801,0.40949944,0.008497226,0.004103724,-0.5793252869640556,0.39743653753705827
78,0.005521223,-0.23903789,0.016702494,0.0053956383,0.015689288632023846,-0.25884166477646203
79,0.5750206,0.16412598,0.015047747,0.0026252917,-0.5837581805951112,0.145730545030541
80,0.21961741,-0.09754099,0.061733887,0.0033402145,-0.3149970005048333,-0.12128026405402932
81,-0.05114353,0.07945177,0.023523178,0.0036493745,0.049617771871779175,0.06603673490005407
82,0.018441167,-0.04399305,0.011940185,0.0015885442,-0.020586453751038493,-0.065852828190022
83,0.03687415,-0.042326584,0.010176881,0.0015467819,-0.03764602485190596,-0.06335359806142835
84,-0.0074567427,0.04660504,0.045583338,0.0032943427,-0.013709198722723486,0.03005009011205353
85,-0.11308457,-0.01797598,0.019741666,0.0020321852,0.12898056679079312,-0.03933737283108175
86,0.07969116,-0.028467044,0.05360676,0.0036154725,-0.08116634070963155,-0.04213780135451673
87,-0.013645343,0.019422237,0.038800277,0.0045223706,-0.028130108240005572,-0.0002712209803367114
88,0.18265416,0.16964547,0.015084033,0.0029335052,-0.18319310743168124,0.15600221016166316
89,-0.065108016,0.16665882,0.03691292,0.009743,-0.03843327579402142,0.1623686523708277
90,-0.12738135,-0.10247367,0.046587184,0.002549964,0.17068838746696013,-0.12523703197564096
91,-0.22442803,0.317505,0.031144913,0.006915386,0.2565129005381268,0.3195082735450285
92,-0.22612742,0.75761825,0.029259015,0.01213863,0.21557786518016323,0.7671634358042634
93,-0.03801914,0.11844306,0.05346201,0.003965381,0.005692843558586068,0.10841069087400196
94,0.1067225,-0.03859017,0.025407596,0.0018142217,-0.07936188212613075,-0.060401616778571324
95,0.39063725,0.28220633,0.012017102,0.0030088956,-0.39531441513245097,0.2681065506750803
96,0.2526113,0.2898516,0.051298007,0.008803814,-0.28087178028043364,0.3047755499265934
97,-0.21780233,-0.40888578,0.013943293,0.004915098,0.22408419690831957,-0.4356123560940933
98,0.031795006,-0.017938325,0.024675725,0.0016164879,-0.04973890074770414,-0.03710658103386068
99,-0.07081703,0.5519871,0.046329662,0.004157795,0.02018260174163625,0.5498337388522688
100,0.3037464,0.44509986,0.016574698,0.006150371,-0.3450775088289877,0.47532593436852394
101,0.084312536,0.009979986,0.016287744,0.002131644,-0.07013914773277034,-0.005291796802700579
102,-0.25682792,0.09141078,0.041204732,0.006366618,0.30740131889875333,0.09334304933154212
103,0.01714972,0.005849327,0.05229388,0.0020415755,-0.017808367477876324,-0.01381161660408917
104,0.054436006,-0.40800002,0.030126939,0.0041647996,-0.029238931343528438,-0.42773396635645955
105,0.7663664,-0.14307673,0.012451758,0.00537242,-0.7809944212485976,-0.16724176570500615
106,0.017765963,0.050515097,0.01680296,0.001657925,-0.015369450321044864,0.03285710114486572
107,-0.0052903634,0.028416041,0.027455498,0.0045725326,0.025727538987290032,0.016089082369750797
108,0.016604554,0.003394414,0.043894853,0.0045115636,-0.021071618597725432,-0.021023285795790124
109,0.060811773,-0.04022735,0.04685967,0.0015279201,-0.058433295038926344,-0.06195284034658965
110,-0.013321134,0.07109208,0.017349074,0.0033023818,0.0005923773152459199,0.06273607963076637
111,-0.12488686,0.10924,0.04010682,0.00245948,0.09420905852842078,0.0932425623284715
112,0.001947114,0.023072079,0.017185036,0.0017223771,0.011097889357310061,0.0034928395116813667
113,-0.46741802,-0.28258282,0.042487115,0.006762197,0.44420575075809,-0.30992019399231313
114,-0.0969997,-0.0329784,0.03164722,0.0027396164,0.12718380962550485,-0.061395687280845296
115,-0.21846636,0.1680531,0.060082905,0.0036475167,0.27829367846018904,0.15171025271268462
116,0.5314404,-0.28240913,0.013529278,0.0045878952,-0.5330549563401518,-0.30377145758039703
117,-0.7030828,0.11218856,0.010134042,0.0022825543,0.72214582109361,0.09416282489811421
118,-0.036480702,0.41231182,0.03429194,0.036684573,0.05874478551988703,0.3744196667118699
119,0.010889569,0.06340656,0.01644454,0.001989793,-0.009719497993695161,0.046546416229707226
120,0.07812252,-0.16151945,0.021236265,0.0023550575,-0.058551994104721894,-0.1856533089480034
121,0.0033598011,-0.021427305,0.01562416,0.001811417,0.019640853435219385,-0.03845235843989586
122,0.3518129,0.46759227,0.045771938,0.01061811,-0.30414796086935164,0.4671466063249448
123,0.034771398,-0.1108041,0.015260153,0.0034633486,-0.047571831217840865,-0.14047497716995722
124,-0.014637658,0.26370275,0.025143046,0.0027438712,0.009685039146560302,0.25502427543250383
125,0.016575634,0.024963025,0.048663184,0.0014381108,-0.008985823796586372,0.003554481488893424
126,-0.02100802,0.022745812,0.0591096,0.002456229,-0.02634956366002313,0.0030913076310067926
127,-0.31796026,0.16896869,0.032046873,0.0055900607,0.335020936730282,0.15445155337686844
128,0.010191756,0.03387933,0.030033816,0.002049106,-0.03830897243286846,0.013573019147123597
129,-0.038507693,-0.010160472,0.022022666,0.0035059329,0.03829851849793905,-0.03425303256731635
130,0.03014911,0.14337127,0.03866668,0.009130997,-0.03268568152185978,0.1740218806584183
131,-0.1157397,0.22944736,0.014347853,0.003786713,0.12628424757027076,0.21533019840041204
132,0.023019956,0.022346247,0.020981696,0.0026884805,0.023364752925900817,0.0025934864272796378
133,0.045500714,0.066128545,0.018584585,0.0019875967,-0.04125298173372405,0.04631124585564417
134,0.0031336928,-0.051746055,0.046396922,0.0014734347,-0.0021115641319560566,-0.07489750830553403
135,-0.022870159,0.06412229,0.030580848,0.0018402184,-0.0066813855770423486,0.04412578239688903
136,-0.036311943,-0.4312768,0.039423455,0.049272463,0.048375828523202026,-0.6024436606416994
137,-0.38271317,0.1533616,0.013878986,0.0036680927,0.3960963035564471,0.13380284889872504
138,0.090121426,0.042948626,0.046743516,0.0015856541,-0.0672351285919845,0.022960180805107245
139,0.14115858,0.020099707,0.025762118,0.0029663066,-0.14021218392148885,-0.0004039233012684391
140,-0.053408448,-0.2572411,0.039818756,0.009715595,-0.023455827291135736,-0.3110721541475768
141,-0.09803769,-0.03293149,0.035909653,0.0018914391,0.12496533339571428,-0.05545535641362187
142,-0.07762227,0.49995476,0.034408513,0.0062991558,0.09634294359498288,0.49711199842795273
143,0.09839725,-0.014361931,0.0621609,0.0026830742,-0.09675466686044605,-0.03433091905916425
144,-0.022486016,0.05247774,0.023372492,0.0017490018,0.01880662219872611,0.03461769624641288
145,0.30918664,-0.5244115,0.014776328,0.0049811765,-0.31140463962196496,-0.5485939889310837
146,0.19072683,0.3367758,0.019257547,0.0053949645,-0.20419662310913145,0.33232615492449297
147,0.2009035,0.27148995,0.016734732,0.004022623,-0.23402195281608973,0.2805610786613572
148,-0.035199247,-0.121165,0.013514696,0.0031056288,0.03852818606339005,-0.14933951047925756
149,-0.12320242,0.15866524,0.017527143,0.0027613936,0.13351535607345102,0.14085490739968987
150,-0.4865327,0.09283488,0.011299997,0.0025688186,0.501357289234449,0.07663332372650745
151,-0.22358069,-0.02173568,0.015267667,0.0026798383,0.22588990118772317,-0.044474058214838734
152,0.015053164,0.14773631,0.055223107,0.0023948492,0.02455970473885235,0.131703957714824
153,0.051377755,-0.16670716,0.032424442,0.01023385,-0.04426839075635628,-0.17806105468217268
154,-0.16001344,-0.02975536,0.024854122,0.0033143237,0.17592325545393225,-0.053228137937184374
155,0.048600644,-0.10752762,0.028835773,0.0028173951,-0.02093294558466184,-0.1386760347459161
156,-0.013757319,-0.0057416316,0.020631779,0.0016370129,0.02648160631502063,-0.026819077499657114
157,-0.34280875,-0.120695956,0.042530645,0.0026155796,0.3395133397552683,-0.145465162962834
158,-0.01659269,0.020408353,0.034986194,0.0025228893,0.01208005749475022,-0.0007673128196233579
159,-0.035344873,0.08423205,0.015237141,0.002548059,0.03820995218928689,0.07468892515623021
160,-0.03722811,0.10228393,0.040821195,0.0021912567,0.012293639521631953,0.08442697570353172
161,0.38787943,0.18595567,0.023296095,0.0048857047,-0.3969777682763004,0.1684722459161652
162,0.090924755,-0.63781965,0.059996918,0.012337273,-0.05396534479495333,-0.6547238215399923
163,-0.31687647,-0.05321365,0.012935415,0.0017209044,0.3248877028667941,-0.0746441265079535
164,0.009425075,0.016255694,0.026930539,0.0015873321,0.014789435503910726,-0.004636406011978987
165,0.5759955,0.331775,0.014387337,0.0047946014,-0.5843459381559959,0.3185483595595823
166,-0.07289655,0.013320767,0.04720064,0.0020648045,0.07317150008472895,-0.005852414470513788
167,0.10466578,-0.0008423724,0.06066446,0.0021469218,-0.09611428108671151,-0.021751961992119262
168,-0.109957606,-0.08038977,0.035253335,0.0023605686,0.15811453208260026,-0.10541535915118509
169,0.747876,0.12044911,0.00626557,0.0047439607,-0.7799745372560016,0.09973753078052813
170,-0.6786945,0.1473103,0.0082096,0.006074557,0.6905179864322883,0.13514499048782028
171,0.01957324,-0.13863854,0.050997395,0.0047133397,-0.1038974937971774,-0.16399579986018542
172,-0.4732275,-0.001660972,0.05158743,0.0041146586,0.5007967747938495,-0.021954954787830626
173,-0.13982822,-0.019722307,0.021980802,0.0020887903,0.13548166563394226,-0.03895576058102212
174,-0.001418826,-0.040649384,0.013873579,0.0027978625,-6.278268476017541e-05,-0.06183375789467003
175,-0.05733525,0.083119914,0.031880382,0.0027492058,0.08112613314811382,0.06693334857997445
176,0.00435016,0.056754634,0.020853044,0.0023281628,0.01988347958688954,0.03994235750979854
177,-0.10401044,0.10365073,0.051372748,0.0042156633,0.14243850938186514,0.09261031095369944
178,-0.021121778,0.012594048,0.024626177,0.002978789,0.005522146622181015,-0.009208214908043326
179,-0.012045445,0.057212975,0.04826569,0.006044417,0.10292799503502087,0.0439733111563632
180,0.019105705,0.0073477793,0.015112565,0.0019749634,-0.015454439833725398,-0.008461546698470442
181,-0.5630618,-0.55363333,0.021046247,0.008067084,0.5770045233729572,-0.5540997444525124
182,-0.07589467,-0.28674528,0.047642656,0.0077516655,0.0540316125168427,-0.3091701295491389
183,0.46593583,0.6268342,0.016198955,0.012320886,-0.49655883515392907,0.6514239369321237
184,0.041649237,0.057685472,0.05678188,0.002305229,-0.0706839633417702,0.0399331205232704
185,-0.012641266,0.00692786,0.030806052,0.0015864938,0.02430293731428838,-0.013942437428117337
186,-0.009153364,0.035473205,0.02341686,0.0017571059,0.037364918795842486,0.01618622720117647
187,-0.16492449,0.23098162,0.016026044,0.0033783878,0.16304077107990927,0.23327905946989574
188,0.16308759,0.1761949,0.031026345,0.004316111,-0.15959615665264598,0.15873996306667032
189,-0.031826135,0.6776459,0.014540554,0.0038565504,0.04386453254481412,0.6945326875575334
190,-0.10348565,0.08432904,0.025038062,0.0032272777,0.11562733871924422,0.0732402032261561
191,-0.032946147,0.0143317925,0.03843142,0.0048272586,-0.001997863419445943,-0.001438659349614103
192,0.0023507997,-0.017942637,0.026005717,0.0040414855,0.006827335721812076,-0.04272371163856402
193,-0.015518326,0.014357534,0.018526308,0.0019765364,0.01937685354152219,-0.00665427619125062
194,0.028056862,0.04176475,0.01409423,0.0016430458,-0.03904732242405759,0.02063657878174088
195,-0.27992925,-0.00804925,0.01895604,0.0019683426,0.30622544877634233,-0.02682040219689979
196,-0.6024225,-0.1299272,0.03476251,0.0041320683,0.6219383408353146,-0.15153026579304818
197,-0.49361148,0.34201694,0.011966454,0.0038614797,0.5258119887661769,0.35061629770947783
198,0.23778248,0.33216766,0.052147698,0.008696957,-0.246621444597004,0.33079981667310215
199,-0.0024938034,0.07611757,0.029722577,0.0025029718,0.040370342283775174,0.0618985098011898
200,0.0051566386,-0.014818615,0.014724292,0.0025617024,-0.013073765566284735,-0.03497026529757616
201,-0.32965708,-0.3368119,0.01918048,0.0070666433,0.37789310641662427,-0.4131356564787304
202,0.3088303,0.16816895,0.011884584,0.0025951234,-0.32947675987747255,0.15527783338187912
203,-0.011278585,0.022412864,0.03921199,0.0017704823,0.001202727059211829,0.0044284104777782335
204,-0.14224696,0.6901919,0.026095029,0.009440872,0.19639032895962336,0.6912552441511569
205,0.034660123,-0.3417687,0.02022695,0.010792399,0.008443020653893598,-0.3560713195766866
206,-0.21460888,0.13249974,0.046961352,0.003686302,0.2443410519661597,0.11325687337119208
207,0.17735344,-0.007723745,0.012189057,0.0016155419,-0.18496096919949254,-0.02784297329277998
208,-0.108929366,0.3511867,0.023627033,0.004036108,0.12512337308688215,0.3427915165446792
209,0.14240678,0.08465791,0.0594517,0.004794132,-0.18135994300768335,0.06792329641873653
210,0.005971614,0.028176453,0.018567853,0.0021892854,0.0044609245511409885,0.011133702556346279
211,0.36566767,-0.14430234,0.011411262,0.0022494788,-0.3882351283849024,-0.1743828485263621
212,-0.071727976,-0.109560564,0.054436997,0.0061436775,0.16319015482224827,-0.13214623386922927
213,-0.12389483,-0.061656862,0.036498196,0.0021879722,0.08255737518932026,-0.08450970543754892
214,-0.025528086,-0.19767605,0.049294654,0.0026966212,0.06144146975408965,-0.22127761450029584
215,0.015013325,0.121182226,0.029934553,0.002668143,0.014576921695952254,0.10355712134539816
216,-0.11197451,-0.028649485,0.018657716,0.0023350813,0.12401567571292575,-0.04777830797803308
217,-0.05147344,0.00102712,0.015835978,0.0017166358,0.03704703125044264,-0.018748012926546685
218,0.13045062,-0.038129635,0.025840191,0.004150657,-0.135118277949323,-0.05940092428601325
219,-0.16169804,-0.11880466,0.029677216,0.0065241423,0.16050208129248872,-0.12586162217220695
220,0.08709813,0.07199694,0.056509387,0.002925111,-0.009095848483597338,0.05394381959410277
221,0.021941926,0.0263325,0.018769918,0.0019449666,-0.01607178887801063,0.005302727811828297
222,0.12375661,-0.10359963,0.032555077,0.0029567084,-0.10333354147242474,-0.12231776033221041
223,0.21589541,-0.667091,0.031706236,0.010752848,-0.20221127546433054,-0.6808176020741311
224,-0.06872638,-0.46590468,0.046653636,0.0040294537,0.09637499629910425,-0.4815554300910608
225,-0.0738759,0.17928079,0.017573176,0.0030182558,0.07188079203172641,0.16186831738588464
226,0.047617525,0.034242895,0.05695914,0.0021639087,-0.08456002813856177,0.015333231734511094
227,0.23068252,0.19843733,0.014082239,0.0024000716,-0.23741401841924573,0.18143556590734294
228,-0.11674542,-0.4632459,0.022222638,0.0058686053,0.12143557289136371,-0.4982043306929209
229,-0.032725934,0.1859304,0.01060408,0.0055634137,0.04626510790857867,0.15899979743109105
230,-0.032641403,-0.5210729,0.017693115,0.0051423367,0.04619723785582994,-0.5439095893590996
231,0.0044103544,-0.004254437,0.035374623,0.0023551977,0.02305250905906043,-0.024074013377649344
232,-0.022744583,0.07769326,0.027200421,0.0035108721,0.03603982747665831,0.06000349167018935
233,0.31018648,0.054504767,0.01862039,0.006124617,-0.39801270834626473,0.04169958535095189
234,-0.21371846,0.31254396,0.020616246,0.0048422744,0.21721082015442572,0.2939012478350042
235,-0.0034084967,0.031892214,0.027950384,0.0016968219,0.012757336703071344,0.015304492663250957
236,0.5234592,-0.27287784,0.016282115,0.00604676,-0.5221308613137574,-0.2937617435080898
237,0.7042034,-0.51144344,0.008401359,0.0051631443,-0.6915920161119783,-0.5347049925358184
238,-0.00021157286,0.03269189,0.055792045,0.001711807,-0.020100558360743332,0.013773583926399905
239,-0.0714035,0.09558009,0.0472484,0.0047746096,-0.004731082242965283,0.09111357421278703
240,-0.12438225,0.05072584,0.019190658,0.0018954754,0.13023372790372278,0.03460354820671179
241,-0.11647094,-0.33399534,0.011680413,0.0022320498,0.11717903755441202,-0.358067497807771
242,-0.05644563,-0.20896716,0.022058116,0.012334674,0.04978263424927867,-0.2415660908974588
243,-0.039382186,0.029047228,0.060978334,0.0042220694,-0.008869524211641545,0.007746559261603223
244,-0.008072499,0.07138329,0.05707231,0.002114675,0.05740690881907539,0.053798918406875416
245,-0.016038708,-0.07737148,0.05240022,0.0030321048,0.0023464896326522056,-0.09923159748700486
246,0.041992888,-0.08487733,0.023162732,0.002663056,-0.04142863372231168,-0.10747865810147635
247,0.20714945,0.65245426,0.016351897,0.0042201416,-0.21598264712889167,0.6699620440170806
248,0.013100146,-0.056767628,0.036716096,0.015814355,0.043515758335496216,-0.09604917860215426
249,-0.06471172,0.09996456,0.058274917,0.0020403715,0.11463150360650581,0.08383586005570931
250,0.04922991,0.22281007,0.05336628,0.0029937092,-0.05648137020839549,0.20953133830614304
251,-0.24762885,0.10736137,0.0672653,0.003203956,0.3826422935612065,0.08697480100417408
252,-0.113787286,-0.0983057,0.026498884,0.010420887,0.13041978678273183,-0.10096882867020082
253,0.14414556,-0.072459355,0.020291084,0.0022769277,-0.16117291869277786,-0.09009307435879962
254,0.08754686,-0.017163744,0.051155638,0.001683929,-0.0877548264090429,-0.03883151702159822
255,-0.38182715,-0.27608028,0.018458901,0.0059410157,0.45001477199216566,-0.3100575980190998
256,0.012847767,0.0028653408,0.03276299,0.0038255772,-0.017834753212004055,-0.015081534687322925
257,-0.21159254,-0.21423228,0.019848488,0.0034899507,0.22686334344190467,-0.2352986918642369
258,0.09218943,0.21916457,0.0345823,0.0029629834,-0.09928052515577115,0.20934202545461986
259,0.028478295,0.37178892,0.04549335,0.009974916,-0.008453600503433035,0.3556020315365015
260,0.039336838,0.005749828,0.02117406,0.002562133,-0.02753079830256154,-0.01073463043480267
261,0.018363437,0.4947166,0.024694333,0.0040042275,0.011384576944971952,0.4834837176667984
262,-0.40363958,-0.20991057,0.0216331,0.006590259,0.4561446729724493,-0.276002569946853
263,-0.23203546,0.36952165,0.018651633,0.0036591182,0.23438330354229572,0.3641646609249078
264,0.43102306,0.06873404,0.010551,0.00288076,-0.44080023837631715,0.049693138685961195
265,-0.36859953,-0.4475542,0.023389144,0.006147552,0.31620242564687184,-0.478881859330708
266,-0.33695105,-0.47148004,0.022482017,0.0056440663,0.37372942461116687,-0.48405538656084196
267,-0.010453068,0.060223747,0.051475566,0.0036534546,-0.004515781012734223,0.04368355021682984
268,-0.34784043,-0.45376265,0.014462186,0.004640132,0.35550489314405703,-0.47832779878259296
269,-0.0419761,-0.027287513,0.061734106,0.0035477495,0.13148699332741795,-0.050447592984780604
270,-0.07296195,0.028422741,0.04533444,0.002144191,-0.02716704162042591,0.008306015341380738
271,-0.08136602,-0.19891115,0.016828278,0.0028688428,0.0896665094954212,-0.22501861199123296
272,-0.02497286,-0.43195465,0.033600327,0.031831693,0.025624329976739867,-0.43339399728278233
273,0.03687415,-0.042326584,0.010176881,0.0015467819,-0.03764602485190596,-0.06335359806142835
274,0.2133976,0.24918018,0.012511919,0.0020488738,-0.21894843703668812,0.24001525416881822
275,0.74847704,0.19340764,0.030513903,0.006725582,-0.7861982236035099,0.1670837956112879
276,-0.004907876,-0.028677154,0.021701109,0.0029606787,-0.020515534702623267,-0.04714654224550473
277,0.31694427,0.27047572,0.033975348,0.0053206156,-0.30936762193487616,0.24664953416866944
278,-0.0019302989,0.113973625,0.013471768,0.0032500008,0.004628320952820384,0.10995693607769365
279,0.06823412,0.04098638,0.019791571,0.0018234276,-0.028212928630050312,0.022168010246342705
280,0.10105368,-0.17900896,0.013316973,0.0051923366,-0.10403906059482372,-0.21206111887529436
281,0.03332381,-0.012324872,0.02869076,0.0016246344,-0.041841997364203035,-0.033445813906257275
282,0.20667903,0.04447433,0.04253156,0.0031612471,-0.2114064874578237,0.026719203715011415
283,0.02858192,0.009619491,0.020263046,0.0014782768,-0.027598980417420035,-0.011929669220622155
284,0.18574019,0.16314632,0.056515027,0.0044163894,-0.24169443756575135,0.1474274054949417
285,-0.034219578,0.06829208,0.017552795,0.0034634434,0.10146843206841513,0.054775628501352
286,-0.06791687,0.0018637059,0.016565198,0.0025807058,0.06754379635882551,-0.016708734596406344
287,-0.0652139,0.03849495,0.020573506,0.0016837078,0.07236280038677165,0.018242438838321058
288,-0.06860414,0.07205022,0.03437281,0.0045532403,0.08348871408273005,0.054913411101913424
289,0.6872406,-0.03501018,0.023089929,0.00511377,-0.6862605436361658,-0.05834393755257661
290,-0.07981373,-0.41180578,0.03033686,0.00843917,0.06887500078767926,-0.42454843011952115
291,-0.008808722,0.025860008,0.016734615,0.0026259096,0.019906893298595595,0.0072933794688963376
292,-0.3719426,0.48973545,0.021453662,0.007472071,0.37782804817034865,0.46972016539295375
293,-0.024236085,0.00978492,0.045810077,0.0018518313,-0.012286459234773209,-0.010973056385329114
294,0.029279225,0.011615863,0.023670692,0.0016863043,-0.02690531014365483,-0.007755152899787688
295,-0.21650164,-0.028533364,0.013662638,0.0032768815,0.23314877793929037,-0.04956524564107555
296,-0.22447905,-0.16692585,0.052132424,0.005739851,0.15137815828543713,-0.2095258356920898
297,-0.31635177,0.328226,0.017856015,0.004683017,0.3282383966241853,0.32103848419318615
298,0.11484839,-0.17782038,0.015135698,0.006763708,-0.09973082894905241,-0.20225263962102707
299,-0.014931172,0.04755953,0.039455883,0.0016865256,-0.024023257448017712,0.028966091350623512
300,-0.043166257,-0.12214598,0.047429297,0.002098416,0.03494711488243278,-0.144948460966383
301,0.061612837,-0.09233673,0.018664973,0.0043606088,-0.061188134254681344,-0.12043271436235173
302,-0.009791372,0.017466955,0.018099552,0.0033298584,0.0007573639461904084,0.0012196133504222236
303,0.09448275,0.10369313,0.019829089,0.004036159,-0.1018305995520661,0.09249055327764821
304,0.043473337,-0.18365797,0.025156064,0.0033235613,-0.08495830394343437,-0.2083540924827359
305,0.006426801,0.02966398,0.05065534,0.004804983,0.024977839409543616,0.012804474880617091
306,0.07841716,0.30844748,0.037636008,0.004040965,-0.0955214990512133,0.2922438530171737
307,-0.028874127,-0.007010417,0.032145232,0.002242783,0.05806503476372032,-0.029019318788314746
308,0.093074724,0.0886974,0.029699318,0.0056534526,-0.08678422028730642,0.0786902124256409
309,-0.43674132,-0.44271612,0.01698499,0.0066773915,0.44464046605137786,-0.47849587826593043
310,-0.053894177,0.045719273,0.047328223,0.0020741785,-0.0497339817333326,0.028457284954067342
311,-0.08484966,0.9206282,0.021528682,0.0061531123,0.06983191850900743,0.9240728677251292
312,-0.2715757,0.08293242,0.06346784,0.0025182464,0.2795729974692742,0.06400825837749491
313,0.49247685,0.115772285,0.013347322,0.0031488664,-0.5441688229274192,0.10029097091437869
314,-0.008072499,0.07138329,0.05707231,0.002114675,0.05740690881907539,0.053798918406875416
315,0.084186226,0.2097147,0.024843303,0.0028481581,0.012809565521517248,0.1953168710394845
316,-0.55965245,-0.30044335,0.015192644,0.005409186,0.570451488821968,-0.3192413429655826
317,-0.097580835,-0.03222123,0.019132067,0.0044510523,0.11542444122061256,-0.06115191416425199
318,-0.21052717,0.2945648,0.024665372,0.0037390061,0.23900773454304058,0.2787058883047905
319,-0.020007733,0.024002407,0.016669784,0.0023407077,0.02236121501980755,0.0073195410546693955
320,0.035454113,-0.03177203,0.019330278,0.00234989,-0.0223365675789673,-0.05407517508454694
321,-0.19525568,0.014838134,0.063429795,0.0024576355,0.23454436829364386,-0.005928110275232953
322,0.002488478,0.023132088,0.013523516,0.0019671938,-0.0185143445788959,0.0009625195114099558
323,-0.09974961,-0.2947142,0.014127492,0.0024846895,0.10070269100986287,-0.31599494681453844
324,0.010389419,0.013169526,0.034702405,0.001574572,-0.06137075656017323,-0.007962422833597785
325,-0.018284991,0.08899994,0.03327717,0.0049566743,-0.006584882339323437,0.062486027077862466
326,-0.541515,-0.21055448,0.02307304,0.0035641296,0.5730826475022162,-0.23294049025412725
327,-0.5105669,-0.3564641,0.012724396,0.0057466617,0.5191431882265407,-0.3736104589041946
328,0.16295476,0.84131557,0.026726285,0.008356931,-0.1374883624194351,0.8386700787173708
329,-0.048478175,-0.11948137,0.022024648,0.00606476,0.061686602497098446,-0.15115697026888963
330,-0.09207888,-0.21763535,0.030857371,0.004198437,0.06569927975179791,-0.2484353889813981
331,0.05696569,-0.1752646,0.02657457,0.00666469,-0.01450551572446149,-0.18986936988006206
332,-0.061969705,0.024366654,0.041811086,0.0017665063,0.02556188515636691,0.0064990400575880595
333,-0.12778245,-0.02437784,0.031495444,0.0049773906,0.1497979728028852,-0.04043893606871029
334,0.4244997,-0.34876317,0.050708257,0.010384006,-0.4444119683847194,-0.37709999738528577
335,0.09016655,-0.13251019,0.01648359,0.003979153,-0.10156605605921493,-0.1637317648885399
336,-0.03845939,-0.1601415,0.022623511,0.0022682792,0.05445171891705597,-0.18458069276798802
337,0.076668315,-0.03928293,0.013433893,0.0028185244,-0.0890755958820211,-0.05561376841784232
338,-0.29077756,0.07123014,0.01746166,0.0022495366,0.3292371418466278,0.05322979962645005
339,-0.25132692,-0.23857723,0.015675096,0.0027953538,0.2537189828218123,-0.2630084419170987
340,0.6528349,0.29454374,0.014232799,0.0057088174,-0.6466721615752217,0.2795867935237989
341,-0.022531811,0.015075616,0.023279909,0.0016435588,-0.028903288073829327,-0.00399636130132182
342,-0.47454017,-0.1583915,0.05690025,0.0090623135,0.5344053671315919,-0.22424619778586707
343,0.025165843,-0.104041144,0.042484146,0.0024775637,-0.06715300689576231,-0.1273625379878738
344,-0.0039650095,0.006022907,0.04787349,0.0024318502,0.05164067546328123,-0.012372347162419896
345,0.21821344,-0.22245522,0.059335206,0.007410303,-0.25214408558811235,-0.24324709189360233
346,0.26703247,0.56760436,0.046253636,0.008925658,-0.30327099644214106,0.5579771510745761
347,0.09435753,-0.011215744,0.024757832,0.0026219778,-0.07815536645301625,-0.025401846776315972
348,0.0041017705,0.043608528,0.028833918,0.0015798167,-0.0001884365522952587,0.02365666060004366
349,0.022615016,-0.10780401,0.015592708,0.003625717,-0.013736694329877893,-0.13453353591788525
350,-0.11738733,0.061209418,0.04137952,0.0030848298,0.0789648050960144,0.047165438078287006
351,0.005046228,-0.01800733,0.037963968,0.002283457,-0.014256924596110072,-0.03978742026054915
352,0.00820863,0.028506665,0.016036958,0.0023030222,-0.021125877029519513,0.01129940854755852
353,0.367764,0.07841084,0.046341043,0.0030639467,-0.36852175725894576,0.06368670915794394
354,0.0058817742,0.117914446,0.024854468,0.0060238456,-0.03983426423336961,0.10213019818186594
355,-0.20568955,-0.47701693,0.030113634,0.025470058,0.20434973178143961,-0.5070823412480266
356,0.008978893,0.03184258,0.054016933,0.0016153612,0.004665751571109156,0.011717104898885802
357,0.0025227077,0.014094027,0.04833464,0.0014510818,0.016628861905748697,-0.005033774699009838
358,0.17757377,0.19528879,0.038277462,0.026588548,-0.15610753054380272,0.15595531946789712
359,0.008332806,0.019210901,0.054513186,0.0034236251,-0.05275600071366089,0.000888802375295923
360,0.27794272,-0.10498156,0.030356288,0.002959381,-0.30927036942371916,-0.1338737114104287
361,-0.008248814,0.013052704,0.044666946,0.0015350874,0.023126403110362244,-0.00797428026889149
362,0.00046662893,0.67013705,0.02393319,0.0073477156,-0.023132471916148114,0.6594875265540181
363,-0.56486356,0.33020613,0.022769183,0.008711555,0.5945428296213735,0.3271834225270278
364,-0.48717505,0.035258558,0.02342839,0.0026741154,0.4599769461397275,0.017914648227642195
365,-0.15995972,-0.12675455,0.014484274,0.0017025324,0.18837025556700218,-0.14439687719968464
366,0.14687648,-0.010692404,0.01665923,0.0014343588,-0.14409240572644394,-0.03259915459353894
367,0.020898804,0.036196295,0.052511875,0.0033415677,-0.01881615160412758,0.021044619982399433
368,0.015083152,0.060574777,0.021569053,0.001771553,-0.008998612434617127,0.042370592035029846
369,0.18192336,0.19217385,0.014537382,0.0033199203,-0.18048068413011217,0.17774005052355288
370,-0.50727093,-0.3095463,0.0448507,0.009156509,0.611850914185619,-0.30993720168561334
371,0.4028612,0.24130781,0.029137678,0.010674961,-0.40813051286567553,0.22913153342318912
372,-0.3552592,-0.08550016,0.023613995,0.004279709,0.4287815158626855,-0.12420800283340934
373,-0.19293475,0.18940513,0.06344725,0.005064431,0.17547100758549292,0.15638450145165242
374,0.37822726,0.33924565,0.018094286,0.0051204655,-0.38652030482962435,0.33243770402413897
375,-0.0025510588,-0.07300612,0.054181926,0.002161558,-0.013427354527757295,-0.09656152510566632
376,-0.009346996,0.021656105,0.0138463015,0.0030786826,0.010210835815568033,8.302368398042234e-05
377,-0.579118,0.5045979,0.014341859,0.008548255,0.6417504919963922,0.5368904009764117
378,-0.0011014374,-0.013162117,0.059873406,0.0017043859,0.005343005978861634,-0.03070954253081159
379,0.22773585,-0.73653543,0.040973507,0.0110900365,-0.21549594352777424,-0.7683007313744378
380,-0.17198236,0.40008113,0.036140215,0.009597179,0.1864545687244202,0.38134025925904774
381,0.0052717053,0.006406259,0.04843595,0.0017357826,0.030866456386389726,-0.013355593805551876
382,0.45849398,-0.32151857,0.019191125,0.0057774363,-0.473530424331448,-0.3420293371724526
383,-0.013030647,0.006795164,0.037290268,0.0035710533,0.026372428691862643,-0.0134590148436401
384,-0.35092813,0.18065552,0.015343507,0.0034181383,0.3667281938105154,0.16529186414793484
385,0.04569807,0.037992753,0.037178975,0.0023939104,-0.030484449386554608,0.015225976315200795
386,-0.08131732,0.015464486,0.020092828,0.0032112822,0.09669032232106856,-0.005719940350200266
387,0.010514335,0.011755001,0.015432371,0.0015657736,-0.015390300773687079,-0.008170035509056877
388,-0.041320585,0.20328799,0.05169623,0.0033684724,0.1487625654534287,0.18688249151896383
389,-0.12138816,-0.22176132,0.04188803,0.010365521,0.1805239227315638,-0.26558377830267876
390,-0.015433174,0.030850947,0.0111999195,0.0028730677,0.03310499646464365,0.007380928178737263
391,-0.3404485,0.7444627,0.027156683,0.007873625,0.35093286383084865,0.7618288375446526
392,-0.120456405,0.050901096,0.061827686,0.0020793194,0.13511158832326478,0.03212078911140912
393,-0.63422346,-0.24242152,0.014300611,0.006765322,0.6476939790799667,-0.27825603881064004
394,-0.014886474,0.0037405498,0.031884648,0.0016403195,0.024560114348252126,-0.017173823921754296
395,-0.036037255,-0.04011233,0.05278262,0.002041738,-0.040568292130155136,-0.0636160694138065
396,0.06253791,-0.7261749,0.019483093,0.0059555164,-0.05590622540247901,-0.7489932422660169
397,0.36725074,-0.29626554,0.033785313,0.0074167033,-0.3753211906726738,-0.3370095863701469
398,-0.16001344,-0.02975536,0.024854122,0.0033143237,0.17592325545393225,-0.053228137937184374
399,0.16837561,0.10667421,0.029119728,0.0021852592,-0.14892953609063625,0.08961270909007182
400,-0.15334177,-0.46678644,0.015138279,0.009238427,0.15812702057107975,-0.49280736981778506
401,0.22567512,0.2498347,0.021055706,0.0061273878,-0.23535172926772974,0.240905929595932
402,0.31520376,0.18440773,0.015012632,0.0025729975,-0.3100309347617728,0.1638723483484034
403,-0.0053395187,0.008214574,0.02127314,0.0024318025,0.011865710299288226,-0.01118774894708912
404,0.011012407,0.018472299,0.014909874,0.0014589756,-0.009278486961522925,-0.001909277555749694
405,-0.011764857,0.219987,0.014841869,0.004287702,0.014382014816228259,0.20809464280043172
406,-0.002124595,0.08007163,0.033387512,0.0027677624,0.03746428003448267,0.062365896626736715
407,0.018489055,0.031441048,0.015262502,0.0020151231,-0.02372427743788573,0.01424252386047507
408,-0.030615829,-0.15629141,0.019350976,0.0059965737,0.018950604742563028,-0.20696913990725732
409,0.34181964,0.23608442,0.016649969,0.0028140668,-0.3687927075550731,0.22989446813037495
410,-0.14851083,-0.03981774,0.037886146,0.0060229218,0.08541153087201452,-0.05445795927738763
411,-0.2701976,-0.087458774,0.039807416,0.0037462497,0.31838645630984364,-0.11443098917196723
412,-0.6747136,-0.34002653,0.021778332,0.0068294466,0.6713297875581583,-0.36908032649621636
413,-0.06360349,0.39019135,0.04678834,0.0061269184,0.05760443072535856,0.3984029401218201
414,-0.28443164,-0.67109364,0.037997816,0.008258242,0.2864856898288667,-0.6977446496411865
415,0.05961943,0.045907114,0.03970889,0.015887335,-0.12784595432997167,0.03999435852029267
416,-0.002883179,0.012277017,0.023193946,0.0022687023,0.018255767339246224,-0.010120386083152421
417,0.006284822,-0.04161668,0.011024258,0.0017406804,-0.0036193934439724715,-0.06248516710418766
418,-0.033121005,-0.17660114,0.01835907,0.0029315336,0.031056179340685146,-0.19544410262130366
419,-0.037629668,0.03617705,0.04141143,0.008738764,-0.015954908376808775,0.014381950098200752
420,-0.23825955,0.10707866,0.038592353,0.0022243843,0.295609415543975,0.09022930626037741
421,-0.16713504,0.09972784,0.068469755,0.0024998898,0.22357975893019616,0.08228351254088997
422,-0.0011290364,-0.00653963,0.040548794,0.004305143,-0.014956364090426062,-0.03036203949131733
423,0.116876684,0.29499814,0.018045349,0.0021715085,-0.11835805734458502,0.283404242111385
424,-0.11221569,0.2886783,0.021403253,0.0034796447,0.13559702436049365,0.29738819765428565
425,0.5192501,-0.11867985,0.0156093715,0.0038540473,-0.5387015199603756,-0.14118768365625378
426,0.0638763,0.060380835,0.034611326,0.0026409654,-0.04625335349425896,0.03878976293970471
427,0.032806013,-0.21094035,0.03464955,0.004087438,-0.0798084172993312,-0.2379006453087466
428,-0.21828182,0.09004145,0.014756241,0.00192897,0.24185512156486189,0.07313614388795112
429,0.022394948,-0.025075875,0.03811923,0.0047864,-0.01788659718462836,-0.05210694110692635
430,0.470125,-0.3057755,0.016912205,0.007966293,-0.5575271668380984,-0.38710121310595963
431,0.021157255,0.02320723,0.013253802,0.0017695456,-0.00033266914959322974,0.0021596406608044173
432,-0.14503957,-0.066221,0.023139434,0.0024552525,0.17384826757424054,-0.09111079507699746
433,0.015419143,-0.030002061,0.015216595,0.0015526143,-0.01384406977170864,-0.05145592297073574
434,-0.1390854,0.08426415,0.036097445,0.0027667293,0.1522790078890239,0.06372908554824494
435,0.31007648,-0.07576523,0.016086932,0.003499656,-0.3414728979461512,-0.10862362358611491
436,0.008978893,0.03184258,0.054016933,0.0016153612,0.004665751571109156,0.011717104898885802
437,-0.3313644,0.431891,0.042115618,0.0067403954,0.33637377048963285,0.432724791686219
438,0.0070145167,-0.026044775,0.05184689,0.00374765,0.05918018108482166,-0.05190586893237224
439,-0.14947504,-0.26597604,0.0183785,0.004306927,0.15492857332001933,-0.2922547811534144
440,-0.23301257,0.45679778,0.01342766,0.0034528568,0.2471972196941648,0.4472659434809848
441,0.09626362,-0.02691835,0.03676861,0.002896576,-0.11947926936620379,-0.05005343155873614
442,-0.3666893,-0.74124557,0.01476,0.00591605,0.3705286843445309,-0.7690533567612237
443,0.014347881,-0.03474088,0.017351652,0.002385757,-0.008829165928997275,-0.062025347576272746
444,-0.12510288,-0.05062674,0.016045168,0.0016008166,0.12400244357815829,-0.07149932739221818
445,0.0967784,-0.35207,0.015054674,0.004721645,-0.11212761746259013,-0.3904975717541427
446,0.026534827,0.18937923,0.06232814,0.003682314,0.04733207849405379,0.16749233804453337
447,-0.23683436,-0.04650261,0.020287113,0.0038892566,0.2453013587512604,-0.06413818929416612
448,0.19543207,-0.20462489,0.025160132,0.002959713,-0.1660926998484303,-0.22941068765727635
449,0.03522647,-0.020642795,0.013648292,0.0028865873,-0.050463912489220726,-0.04329221232062133
450,0.12898256,-0.3726124,0.023307858,0.0075504077,-0.13040620454979024,-0.3794990822916227
451,0.30106038,0.0048035355,0.020140732,0.0029861212,-0.3074506310456475,-0.014775992249908327
452,0.12652776,0.60023546,0.026789306,0.017065635,-0.1263816860894362,0.6319045794237381
453,0.49247685,0.115772285,0.013347322,0.0031488664,-0.5441688229274192,0.10029097091437869
454,0.7051678,0.41607004,0.012241224,0.006627174,-0.7315719513469017,0.40543258255134235
455,-0.033388097,-0.1637343,0.025734931,0.0029185163,0.025995451604840174,-0.18649004197413288
456,-0.4569845,0.06547822,0.041983485,0.0055147377,0.45490939617447623,0.04527542606135081
457,-0.020477165,-0.038147055,0.032444756,0.0027704344,0.029382275863820285,-0.05694539550299638
458,0.43501887,-0.08547922,0.014244786,0.002015302,-0.4453128913536429,-0.10856826941489735
459,0.27108815,-0.63518643,0.021214906,0.0064755827,-0.26132817327809954,-0.6612548680949185
460,-0.057587266,0.39758295,0.016380392,0.0042906175,0.06395650534295444,0.4010602634583806
461,-0.039142314,-0.3353629,0.01584959,0.0039047115,0.02763760867259193,-0.3759574357421006
462,0.016346907,0.15807073,0.019080136,0.008194352,2.3833099482315916e-05,0.14003186935734752
463,-0.09089646,0.51451206,0.017491298,0.004886329,0.08484126031325952,0.5053672754957722
464,0.32331088,0.4102064,0.02084954,0.0073404335,-0.3857341291765429,0.4396962517031298
465,-0.64774066,0.422583,0.014603057,0.007672441,0.6457918087425739,0.42625958134354563
466,-0.04773939,0.3975191,0.04621755,0.03786536,0.08531389127120721,0.47132460901006945
467,-0.07057917,0.28715605,0.012632583,0.0026469321,0.07489667707420959,0.2737699625593339
468,0.03172565,-0.032225985,0.035207763,0.0018434873,-0.05077468335166408,-0.05179812567909593
469,0.012295573,-0.0024794112,0.028259626,0.003508992,-0.01152357561348216,-0.027101771377392263
470,-0.008442072,0.01683043,0.014438802,0.0018952985,0.009267870724232432,-0.003410483058993684
471,-0.008735402,-0.05516548,0.020279637,0.0037543022,-0.014879840475690445,-0.07939608968635699
472,-0.17255764,0.09796528,0.061126254,0.0032280171,0.20865359751392382,0.08463500238293732
473,0.027225414,0.00035224657,0.016522752,0.001908995,-0.0404821757797704,-0.019966425881110327
474,0.09435753,-0.011215744,0.024757832,0.0026219778,-0.07815536645301625,-0.025401846776315972
475,-0.08034887,-0.08505059,0.044881932,0.0052472297,0.0338967425516428,-0.11859657719359684
476,0.07582767,0.13532645,0.04883996,0.0054994226,-0.1730731189805698,0.12225319235142043
477,-0.45182782,-0.08331741,0.049506947,0.0035288075,0.41017258712405047,-0.11506308203960493
478,-0.020477165,-0.038147055,0.032444756,0.0027704344,0.029382275863820285,-0.05694539550299638
479,-0.024374016,0.124455556,0.047378697,0.011063946,0.0738468080853191,0.12692878224524454
480,0.07782589,0.25245273,0.01331168,0.003478273,-0.05880909867224478,0.23988432090357195
481,0.029698681,0.037938986,0.019569367,0.0020179306,-0.03484983983993633,0.01715470644037354
482,-0.3057929,0.28648996,0.057870533,0.007881749,0.26589719058215544,0.27744077780504994
483,-0.16317274,0.18765654,0.036601868,0.010964276,0.18024013527491484,0.18514333646879935
484,0.009367265,-0.0011168264,0.052463453,0.010711633,0.07567151449624308,-0.025150744155511353
485,-0.008272521,0.021032033,0.019397626,0.0019196058,-0.008125984523726879,0.0025623738348975627
486,-0.0049409824,-0.015869288,0.05044204,0.002370092,-0.04105521524908026,-0.03723389212181155
487,0.10429628,0.059734013,0.03230384,0.0018314068,-0.11714594947553096,0.04070260358643132
488,0.54121125,0.1537334,0.017051443,0.0037470656,-0.5815775812948041,0.14219006224073982
489,0.31881005,-0.04465648,0.034664173,0.0027059568,-0.301784865078098,-0.0628915608410744
490,-0.0163956,0.0105238585,0.02133861,0.0017739907,0.03235272168074583,-0.00816808006074677
491,-0.2537634,-0.13832635,0.01961005,0.002785522,0.28349378477040194,-0.16250419971764185
492,0.075790726,-0.011209479,0.017536279,0.0019100676,-0.08118004853625296,-0.029763188681530498
493,0.23778248,0.33216766,0.052147698,0.008696957,-0.246621444597004,0.33079981667310215
494,-0.015635965,-0.030804954,0.008752155,0.0021574714,0.01108364074216822,-0.05062140362181458
495,0.110938214,-0.30667168,0.0324054,0.0037463666,-0.11725080533803763,-0.32980027909741627
496,-0.43674132,-0.44271612,0.01698499,0.0066773915,0.44464046605137786,-0.47849587826593043
497,-0.048719153,0.010685136,0.01267637,0.0016987451,0.0637432422413637,-0.010629900608256772
498,0.0119169,0.0027167376,0.031079395,0.004424252,0.003703096408894005,-0.01651790259364689
499,-0.066675596,0.0039590215,0.04315915,0.010676418,0.13023050055637533,-0.018561951374748323
500,-0.08013601,0.17879817,0.019590177,0.0022806362,0.08831010037297266,0.1687094533012945
501,-0.15841605,0.03739684,0.013147684,0.0014304233,0.1727975605604036,0.018705613708791657
502,-0.17463976,0.2723259,0.03563257,0.00459549,0.22269151462647419,0.27729260422026986
503,0.34181964,0.23608442,0.016649969,0.0028140668,-0.3687927075550731,0.22989446813037495
504,-0.04515852,0.15960763,0.02773544,0.0023621747,0.07686689939158664,0.13980101610811077
505,-0.12040197,0.6662917,0.018267421,0.005094028,0.1381429284491069,0.6892680218954352
506,0.007983278,0.0030048273,0.042664073,0.0014912925,-0.04602088544854659,-0.017389426438138372
507,-0.05459375,0.0445267,0.05575338,0.0031242096,0.06012742654017045,0.02772420473237613
508,0.50529903,0.36917558,0.021413174,0.0067581767,-0.5157202922924611,0.35376449653935754
509,0.09945431,0.4973725,0.021693762,0.0048205825,-0.11179618428885882,0.5094463122295423
510,-0.36407205,0.05448003,0.04667002,0.0022678156,0.3601034162432133,0.036085575412469754
511,0.00020648894,0.024320345,0.015764046,0.002189613,-0.0027925953445513897,0.0041097875321549435
512,0.051656075,-0.15461406,0.012927883,0.002393015,-0.050036302776177564,-0.1823612066161976
513,0.07349137,-0.3961364,0.022611625,0.0025823526,-0.08247542056559648,-0.4171398834841516
514,-0.014928069,-0.0466132,0.038546707,0.0036227158,-0.026991471515694913,-0.07554060289847007
515,-0.1862618,0.09429259,0.050321657,0.0028884765,0.1433348040720635,0.0769102707460363
516,0.13569479,-0.08657651,0.055161286,0.0018504817,-0.18193046163380433,-0.10705300421308196
517,0.0471187,-0.7134512,0.03708478,0.025920805,-0.07393965063972996,-0.7119242429241425
518,0.21442077,-0.12436625,0.027830979,0.0061061056,-0.21949943111563996,-0.1584958228155269
519,0.046109732,0.025764503,0.018845497,0.001674718,-0.0263848531032494,0.0069290985783741115
520,-0.2837268,-0.558356,0.013969273,0.0053725634,0.2881724705231164,-0.5845182973350226
521,0.011284977,0.11625505,0.052242965,0.003732124,0.06284649458423032,0.10501614331054604
522,-0.03587644,-0.006782336,0.044602185,0.002358961,0.06459155056376599,-0.028084195931394152
523,0.0029864912,0.010296725,0.037749775,0.0018323368,-0.008875000872248845,-0.01000847967470609
524,0.18681367,0.1869727,0.02565651,0.004928461,-0.18154092840870567,0.17366072406782393
525,-0.0163956,0.0105238585,0.02133861,0.0017739907,0.03235272168074583,-0.00816808006074677
526,-0.04719138,0.6577795,0.026939128,0.010844248,0.05316404563453399,0.6558815009341911
527,-0.6455397,0.3039654,0.011641763,0.007859664,0.6651476569644668,0.2884882923497128
528,0.46788117,0.04813316,0.019219777,0.0022779205,-0.44971067585801605,0.02811460895791129
529,0.2827641,-0.0810844,0.029503845,0.0021934668,-0.2758708641414428,-0.105143219636324
530,0.056729358,0.19923311,0.017912572,0.0033623173,-0.042301238248804454,0.19006166657121534
531,-0.039051272,0.055648338,0.024283236,0.0023763436,0.00919262474271093,0.03473604700716373
532,0.06679158,-0.2564589,0.025404342,0.0026872954,-0.06997490475845058,-0.281595250895795
533,0.030785533,-0.026055587,0.050579406,0.0035990467,-0.031249607589998053,-0.046923845976306784
534,-0.24084678,0.13581397,0.016719023,0.0036064049,0.2656797685712836,0.1330429748241397
535,-0.6369911,0.48783287,0.015105165,0.009079464,0.6513431821257171,0.4758432982441743
536,0.013915445,-0.34064642,0.034552246,0.006135972,-0.034419682490901105,-0.3580828824513195
537,-0.15643287,-0.2225811,0.014032164,0.0033383686,0.16694339159198998,-0.24755106951575578
538,0.019575005,-0.26294586,0.03489675,0.0047315434,-0.024542968004606952,-0.2852160743499986
539,0.3635174,-0.41399348,0.036140334,0.0063983905,-0.3427676706481041,-0.4502701489844239
540,-0.026005875,0.01782146,0.041048337,0.00700207,0.03647103819143311,-0.0037815836952351913
541,0.03948194,-0.016624438,0.052068476,0.0014759642,-0.10558236562637162,-0.036864870527432606
542,0.07402658,0.13472396,0.02210907,0.004725001,-0.03652268088510668,0.1277998218740781
543,-0.40422642,-0.53830403,0.016712574,0.008006733,0.41098480183277963,-0.5616444324047555
544,-0.042897295,-0.07457765,0.011505306,0.0032590127,0.03965813929246271,-0.09677603351078976
545,-0.37206367,-0.43809104,0.01864613,0.005507493,0.36581514017516426,-0.47089769429773654
546,-0.21204619,0.2822193,0.06388059,0.005842405,0.2704923005388405,0.26769744579072297
547,-0.12072352,-0.14963101,0.044554077,0.008194287,0.16793739456170187,-0.18515856639273404
548,0.025853027,0.08987323,0.02809192,0.00218147,-0.025030014815078265,0.06978941950796604
549,0.06834617,0.057572093,0.015371095,0.0020684311,-0.07488882566535976,0.04149372462597799
550,0.34784868,0.74648917,0.014923144,0.005971649,-0.3474509661353538,0.7547049217393634
551,0.008153281,0.05478522,0.052996665,0.0050506755,0.01828475881873727,0.04009145647629328
552,-0.017200124,0.046465978,0.0170382,0.0031069762,0.010185334698347027,0.035925372597598364
553,-0.10887856,0.34632215,0.017989267,0.0033021218,0.11445797098183026,0.3374005337005978
554,-0.053313836,0.24328439,0.054020777,0.003587718,0.04295815311795337,0.2218767625140106
555,-0.25740737,0.06148631,0.035588622,0.0025220066,0.27944708580369004,0.04292694951150331
556,-0.02197176,-0.1552474,0.033843055,0.005891796,0.03924458482446868,-0.1810868265859107
557,-0.13884628,0.5803716,0.020281974,0.0049008783,0.1445322954483972,0.5681841039686827
558,0.39928865,0.72487324,0.016913962,0.0069017946,-0.3964693846088051,0.7373822937978679
559,0.00046662893,0.67013705,0.02393319,0.0073477156,-0.023132471916148114,0.6594875265540181
560,-0.0815462,0.37145537,0.049638096,0.0053702416,0.06702156017553736,0.36061269360386816
561,-0.026073886,-0.06529357,0.049582843,0.0027487022,0.03178389071704762,-0.08811116981563905
562,0.2570872,0.10432159,0.019550897,0.0024246308,-0.2643460742190543,0.08792599458380262
563,-0.53157645,0.14638244,0.009560477,0.0029437202,0.5537188139488768,0.13010052102673175
564,-0.044440743,0.16889204,0.016585836,0.0043005473,0.03262085201568821,0.16731757869281286
565,-0.008735402,-0.05516548,0.020279637,0.0037543022,-0.014879840475690445,-0.07939608968635699
566,-0.25135338,-0.07878878,0.019680535,0.0026621672,0.2689510734277508,-0.1005685303882003
567,-0.011096872,0.037645537,0.013830782,0.0015030404,0.01919993550317013,0.01801475978873155
568,-0.25758925,-0.16549583,0.03181086,0.0031524685,0.28642438710082146,-0.18942508921243717
569,0.05159399,-0.12634063,0.016804364,0.002548857,-0.023421685338602293,-0.14573090655152243
570,-0.04686204,0.02077446,0.039451417,0.0015428875,-0.004351135713658022,-0.00015495598477788242
571,-0.41266835,0.41927287,0.020888535,0.008277201,0.4662973547261825,0.40614600714859195
572,0.06597765,-0.18425184,0.020623952,0.0025567093,-0.07244184888567373,-0.2086618163479693
573,0.07382723,0.109822676,0.032317683,0.002295096,-0.04147465475327149,0.09258263814618878
574,0.025602667,-0.0084092105,0.05925994,0.0035596061,-0.02894731451553533,-0.031461898175785964
575,0.20217812,-0.41764525,0.048678633,0.008587187,-0.19244879213491067,-0.450424541483623
576,-0.3848884,0.20268486,0.043325942,0.005903139,0.3997462801292382,0.2019004182466015
577,0.28108418,0.29514334,0.044251777,0.0037570235,-0.3374327403627783,0.2804344739124908
578,0.106666185,0.19473203,0.018802444,0.0048519387,-0.13657072061930914,0.17782687848034562
579,-0.14345919,0.07034444,0.017400155,0.0024337682,0.14715610788819924,0.051329173431274584
580,0.8317691,0.42531502,0.0075164973,0.009193029,-0.8519681378528746,0.41145424827256133
581,0.11484839,-0.17782038,0.015135698,0.006763708,-0.09973082894905241,-0.20225263962102707
582,0.15881127,-0.13589475,0.030121384,0.0028340174,-0.12907926953366833,-0.1586270741153323
583,0.03729815,-0.36285898,0.013778226,0.005404303,-0.02901277948956936,-0.38300581295295677
584,0.60782224,0.29369837,0.012748525,0.0048717107,-0.6512607608828443,0.2984660159381581
585,-0.002023274,0.20519952,0.014467707,0.005505523,0.0014906594419295187,0.19709192812536375
586,0.08582333,-0.17251003,0.014836936,0.0025434284,-0.09717715052571553,-0.19390541894628288
587,-0.015222736,0.04912749,0.016531311,0.0030205476,0.012037053114950966,0.031336425978663034
588,-0.017134182,0.08247483,0.019502033,0.0028405497,0.017122559949990856,0.0683683197042473
589,0.0034227362,-0.023782799,0.011572714,0.0019439878,0.0020481052239188177,-0.04190931316763328
590,-0.022218496,0.0071655866,0.030455045,0.0018677462,-0.008166670122007502,-0.012094873925662834
591,0.5088979,-0.3855768,0.025814395,0.009275731,-0.5743090671731956,-0.3925180104725518
592,0.3683815,-0.55232185,0.015553741,0.00607407,-0.37768817648409914,-0.5818516778756534
593,0.06184486,-0.086829074,0.039641175,0.0024109264,-0.06872985004768413,-0.10922446824378006
594,-0.1118919,-0.09923803,0.053997517,0.002881581,0.24181212514943104,-0.12023167427138094
595,0.26009482,0.06295937,0.03268465,0.0019550761,-0.3144616944804072,0.04741123353719065
596,0.47219974,0.51197237,0.022454744,0.012423893,-0.4837701841677186,0.501495399318679
597,-0.038717277,-0.2664725,0.014835057,0.008206661,0.041314795783709904,-0.28473882599857425
598,-0.0302983,-0.046701852,0.02703103,0.0042331237,0.07364830979278583,-0.06516779626610028
599,-0.019316955,0.016811347,0.04454199,0.0030888414,-0.0005164138575437738,-0.0021967174687483287
600,0.7166564,-0.078339286,0.008010352,0.0031735604,-0.7360659619703368,-0.09503245392097528
601,0.011518894,-0.1926052,0.030839343,0.0037332007,-0.045339236816070785,-0.21552272292979416
602,0.017598942,-0.06491035,0.04868022,0.0023497895,0.007925596392168343,-0.08897359524176235
603,0.0053510987,0.069359474,0.031649873,0.002528777,-0.030370852789624835,0.05291305691025283
604,0.006156924,0.02621997,0.04508775,0.003403913,0.004628841641615994,0.006978623960157415
605,0.03705086,0.25403908,0.010778754,0.0032874541,-0.04254044515824177,0.23992152954998158
606,0.11764577,-0.1487877,0.053664833,0.004844671,0.009566549159330508,-0.16378816865813264
607,-0.049475156,0.12978242,0.008371334,0.0023864273,0.05078239630167779,0.10933394306461568
608,-0.00417789,0.027632557,0.034938306,0.002963282,-0.011984130252207393,0.011555875898068455
609,-0.0046241204,0.06701825,0.053326506,0.001967581,0.038078150293169334,0.04876951720999769
610,-0.110151544,0.32115668,0.02215128,0.0067413067,0.12889547593778464,0.34042454693403185
611,-0.010291458,-0.049006518,0.039954726,0.0025277461,0.052735610836577594,-0.07683939150981185
612,-0.009967982,-0.14979008,0.015309461,0.006027843,0.001787820879531567,-0.18161463642664913
613,-0.109021634,-0.049840752,0.032543417,0.006702362,0.08081528519679763,-0.055309321003950404
614,-0.022501377,0.1895817,0.013786221,0.0021943243,0.022827873569173786,0.17305576058407454
615,-0.043166257,-0.12214598,0.047429297,0.002098416,0.03494711488243278,-0.144948460966383
616,-0.048545156,-0.05412601,0.034304153,0.0021932747,0.07962753546949225,-0.07295739608496307
617,-0.12072352,-0.14963101,0.044554077,0.008194287,0.16793739456170187,-0.18515856639273404
618,-0.013506036,0.012080921,0.025469653,0.001329872,0.013286082057883557,-0.008884305724095447
619,-0.05302616,0.012234469,0.060695764,0.0016691784,0.02909107610902138,-0.008656885186105455
620,0.12319177,-0.31295097,0.055779647,0.0068432447,-0.042399949569634256,-0.3468619222083867
621,0.044242993,-0.21150674,0.030054409,0.0030799527,-0.053167914886361516,-0.24294372868859812
622,0.10622308,-0.14939049,0.03537888,0.0028416289,-0.1388540743501199,-0.17256386686766478
623,0.005971614,0.028176453,0.018567853,0.0021892854,0.0044609245511409885,0.011133702556346279
624,0.18191089,0.09093259,0.04459033,0.009442758,-0.26447285170671125,0.07807594086936973
625,-0.041663114,-0.048564468,0.056073412,0.002693233,0.03086521605912363,-0.06979122137691365
626,0.34784868,0.74648917,0.014923144,0.005971649,-0.3474509661353538,0.7547049217393634
627,-0.57431424,0.27327812,0.013840071,0.0040035835,0.5953421552466036,0.26365564607228925
628,0.55434835,-0.6865641,0.0129465945,0.0070048277,-0.606311044487592,-0.7507523365178135
629,-0.33655167,-0.15484951,0.013821964,0.0025193405,0.36371296995017904,-0.17617033251381534
630,-0.039807584,-0.064158775,0.017277487,0.0034635647,0.05126623744547584,-0.08036358007536293
631,0.011616863,-0.008015206,0.05448068,0.0026273697,-0.05000682319984342,-0.030173758709119276
632,-0.017079297,0.023843529,0.05825681,0.0029415628,-0.045655054963382964,0.004639421688772006
633,0.051275466,-0.1629572,0.039361224,0.0042128814,-0.006457060168851527,-0.18289209156949554
634,-0.0013590642,-0.0740066,0.053868406,0.0017230941,0.03981600829231221,-0.09409237346804372
635,0.1570768,-0.0947967,0.03312368,0.0021497183,-0.19546881548649941,-0.11785576076524337
636,0.0274616,0.008478605,0.01203795,0.001858419,-0.03385960870147978,-0.01325869250501998
637,-0.53157645,0.14638244,0.009560477,0.0029437202,0.5537188139488768,0.13010052102673175
638,0.024017738,0.17591718,0.051637806,0.0066797873,-0.028520185089768564,0.1595098621282235
639,0.18618253,-0.018683644,0.031259652,0.0028741544,-0.2074971344158268,-0.03597194732807675
640,-0.020814816,-0.0013364656,0.014620326,0.0020374795,0.0317998934056694,-0.022209494701785876
641,0.007574784,0.2961894,0.029781131,0.013674134,0.0189497386071697,0.270907509178014
642,-0.16301343,0.14286211,0.03428112,0.0028212261,0.14450743448368353,0.12400156110172886
643,0.014583498,-0.018986791,0.016564377,0.0020368479,-0.0054029915557043595,-0.041960879875619875
644,0.7064745,-0.23533718,0.009929751,0.0033160064,-0.7119690653918725,-0.26221087638956797
645,-0.19402936,0.016430976,0.055396922,0.0033071132,0.2955510942948185,-0.0014105025167310875
646,-0.05982797,-0.059566375,0.01676111,0.0015933855,0.07681155555796619,-0.08152648149245996
647,-0.23194905,0.3346568,0.015803827,0.003542884,0.22262155407928436,0.3251060542118671
648,-0.17971483,0.22629963,0.030528933,0.0073004737,0.16249344896940793,0.20943821984993272
649,0.030349925,0.18541819,0.03753647,0.0024304425,-0.020273934734366828,0.17039395500880822
650,0.11016321,0.80655605,0.01912926,0.005206091,-0.10404704628393467,0.823821247275247
651,-0.013301988,0.061767735,0.05618251,0.0025131656,0.025608973861627107,0.04322917698744013
652,0.005113448,0.024199095,0.027166659,0.002033876,0.01392095146844984,0.005544331702308915
653,0.0066333204,0.032217104,0.031576306,0.0019802481,-0.0050466353747611725,0.011830029917102872
654,0.01864316,0.034617353,0.02203561,0.0022216884,-0.015747513891302065,0.015536349097489709
655,0.009025378,-0.029439941,0.018026382,0.0018541486,0.023373693231972824,-0.05176372110092317
656,0.008804557,0.012303959,0.013169921,0.0014438289,-0.014429071735543792,-0.008309330997743348
657,0.030742208,0.08436194,0.016122123,0.0021781856,-0.02294995933514142,0.06822793949074996
658,-0.12215386,0.2541639,0.059449118,0.007759129,0.2720861547119091,0.23400952610270448
659,0.019575005,-0.26294586,0.03489675,0.0047315434,-0.024542968004606952,-0.2852160743499986
660,0.006033619,0.08077229,0.050980184,0.0019164135,-0.019731141628469406,0.06246887812986007
661,0.08912582,0.047419365,0.034644138,0.0016610684,-0.09770396394232658,0.030063919086020505
662,0.42584145,0.18881099,0.011440842,0.0019836612,-0.4352774918447613,0.16969773783862235
663,0.02431454,-0.029227702,0.03414887,0.003836117,-0.027497864740786162,-0.06392499474223234
664,0.0043966854,-0.020971686,0.030711837,0.0015138946,0.018238164007523143,-0.044266227254516385
665,-0.017678207,0.028688254,0.016728401,0.001999803,0.012881480336873743,0.009472974785899866
666,-0.21168002,0.1536339,0.03774909,0.0036657138,0.2163176784291584,0.13695136426553162
667,0.23617616,-0.07218063,0.024354436,0.0030253443,-0.2728566816006619,-0.09325100484287312
668,-0.18095782,-0.06701544,0.011530762,0.0047486285,0.19041725957224945,-0.0846088867470388
669,-0.03059715,0.009706704,0.010978391,0.0022022268,0.03734092351322341,-0.011465628052647822
670,0.67707664,-0.2003903,0.027574372,0.008416696,-0.7006173523034278,-0.22472090615451418
671,0.029331157,0.028620614,0.04858858,0.0015265542,0.04962141304058448,0.007705322530605965
672,-0.1968585,-0.1125261,0.016342396,0.0021183726,0.20967883718620772,-0.13218750942989782
673,-0.03850409,0.03764224,0.025451526,0.0019806437,0.05669557278378278,0.019332973522826914
674,0.57861865,0.522122,0.023603985,0.011150867,-0.6200449066079867,0.531576946213026
675,-0.00806596,0.016382938,0.03913576,0.0081922645,0.053129963529691314,-0.00018587860494525516
676,0.019133607,0.018064553,0.026944233,0.0019231837,-0.0007696041895137296,-0.001607096578681906
677,-0.04184674,-0.014816752,0.02975498,0.001540827,0.04074924166211247,-0.03582493339637364
678,-0.0102591105,0.19526857,0.014221753,0.0027196268,0.010566583459722398,0.18013165871929293
679,-0.31628168,-0.101020455,0.0259524,0.0023842135,0.3129580515203851,-0.12176276951792503
680,0.10271452,0.015882444,0.054410692,0.0026087556,-0.21289263059083413,-0.003977310854100953
681,0.4461918,-0.041647036,0.04167217,0.0020543542,-0.46309582635898106,-0.061215508599504136
682,-0.05396167,-0.23145518,0.01636409,0.0071666613,0.08192667832687056,-0.24822608067877272
683,0.024846097,0.04216806,0.04514553,0.00211476,-0.028262273564696728,0.02318243436095582
684,-0.27578217,-0.6743455,0.015028722,0.0038025444,0.2800909291995252,-0.6977993146364998
685,-0.0906207,-0.34353134,0.012185288,0.004299076,0.09670617741908784,-0.37280937666370473
686,0.05122459,0.034920372,0.051266406,0.004056889,-0.05406853051448567,0.016642832809409404
687,-0.14223045,0.056094438,0.01684715,0.00197292,0.1620852204906553,0.03825050721714491
688,0.020816028,0.011438782,0.014274169,0.0014776663,0.006554484472997854,-0.008719803050240338
689,-0.75777894,0.29232258,0.0071903607,0.0061220257,0.7651952515412758,0.281032673832696
690,0.09790708,-0.34000766,0.024773879,0.01740409,-0.09254582417744257,-0.36133444686275695
691,0.22463253,0.36458084,0.018571477,0.006608801,-0.2426276325198356,0.35942048010487293
692,-0.13445659,-0.15606005,0.03435345,0.005070967,0.15019871422647776,-0.19440841302604225
693,-0.0192924,0.07802883,0.051952038,0.0034362576,-0.03623166495064276,0.06661564084607235
694,-0.03703862,0.031404585,0.04693019,0.003319459,0.0008260959885461933,0.01514200165176463
695,-0.04113419,0.15044557,0.015319089,0.0027644394,0.05379368310969574,0.13648040115461588
696,-0.0072710696,0.15003647,0.020337693,0.0040428266,0.01994769498845045,0.13657516830166186
697,-0.35692617,-0.32859078,0.020004261,0.0050146603,0.3778790952359664,-0.3487318919127961
698,-0.17054813,0.058012154,0.013821376,0.0017017798,0.1815935072583152,0.04143828950874424
699,-0.18596016,-0.19767939,0.067089185,0.0044615176,0.15034277634305243,-0.22223872482719856
700,-0.08986466,-0.20988014,0.02305801,0.002711826,0.08665531000239429,-0.2340026424413759
701,0.25576967,-0.052424,0.02012157,0.0023260436,-0.2335160668849556,-0.06957315319027328
702,0.0022652217,0.022342814,0.026501553,0.0027539488,-0.0107261451676357,0.001967536670900215
703,0.025734162,-0.039040133,0.04269195,0.002202306,-0.03799241218268543,-0.06169502783501158
704,0.40818664,-0.13897516,0.017748274,0.0037230311,-0.419175116384566,-0.16461688093988566
705,0.18272094,0.47375548,0.03195947,0.03266734,-0.19251977411533805,0.4955458212329857
706,0.122547984,0.065925024,0.016775763,0.0018801845,-0.11717996777647423,0.04755891332491676
707,-0.1455725,0.083781764,0.013285446,0.0019438432,0.1514501688241579,0.06607432645448619
708,-0.30959997,-0.5583251,0.030677268,0.023162179,0.31704537508462266,-0.5481364463864605
709,-0.11380107,-0.06461172,0.014807573,0.0018003772,0.12180566428326793,-0.08447750974080753
710,0.038385704,0.098000996,0.01325792,0.0028575503,-0.03212716096953622,0.08046609834723925
711,-0.14816138,0.19819707,0.012443633,0.002527098,0.15446607053822117,0.177608427702965
712,-0.14125985,-0.4590475,0.012502029,0.0036643308,0.14705594251023021,-0.48337040539697423
713,-0.005462975,-0.032238986,0.029474445,0.0014212966,0.05308872969122085,-0.05364120500919927
714,-0.32451534,0.33801168,0.017536279,0.004556194,0.3405487883549724,0.3339175916762087
715,-0.0886557,0.116716854,0.019516412,0.0031519993,0.08774834223724848,0.10495094570346758
716,0.019711899,-0.44154084,0.016548434,0.0043901084,-0.028445273831173106,-0.4736519525249505
717,-0.0074315756,0.029324379,0.047419738,0.005861863,0.0314007778386993,0.014998586599229787
718,0.06967803,-0.78077686,0.016220775,0.003273713,-0.061224874695458356,-0.79470988515375
719,-0.097580835,-0.03222123,0.019132067,0.0044510523,0.11542444122061256,-0.06115191416425199
720,0.5248234,-0.646145,0.029584631,0.019593468,-0.5439040454751933,-0.650215663134178
721,0.050497755,-0.0037290368,0.025124328,0.001697902,-0.0684989555402811,-0.023422889876202706
722,0.0545883,0.039606538,0.014671546,0.001636952,-0.05929500563147526,0.01701912799197828
723,0.166382,-0.060295023,0.017827207,0.0018976353,-0.16122176183831,-0.08315214785735943
724,-0.13507266,-0.30363172,0.013157804,0.0034534656,0.14740515428186843,-0.33322712051827524
725,0.24674025,-0.19066615,0.037958223,0.014649639,-0.21971297023659908,-0.1766249755679324
726,0.05412878,-0.42953357,0.022802396,0.0052572684,-0.043762861995832625,-0.4578332565309744
727,0.4163431,-0.29016322,0.029462986,0.0075936187,-0.41792262330014174,-0.3371284714897753
728,0.53079784,0.28986517,0.024732362,0.0105754705,-0.6797133893105617,0.3396658986512972
729,-0.40923238,0.51070654,0.050964653,0.01540479,0.4361286691398963,0.5272608530279506
730,0.32943797,0.10184056,0.053218227,0.0032236392,-0.402055230108182,0.08725756262074519
731,-0.0063736155,0.009819083,0.02061975,0.0018333106,-0.007732859792532068,-0.00973208135947018
732,0.012678347,0.05337107,0.047534447,0.0016841359,-0.03550831929019665,0.035715457878454746
733,0.07606993,-0.25812587,0.012947066,0.0030024282,-0.07072415538679987,-0.2792516767865938
734,-0.00093814696,0.024966173,0.030499447,0.0047955518,-0.014714605963684844,0.007544949636108906
735,-0.541515,-0.21055448,0.02307304,0.0035641296,0.5730826475022162,-0.23294049025412725
736,0.0064250557,-0.016142262,0.0477037,0.0065746764,0.05995851328577028,-0.03858309642042306
737,0.07618601,0.26116073,0.013404842,0.0029341232,-0.08055061464444312,0.2478182522780421
738,0.38441393,0.5783894,0.013234509,0.0066169277,-0.413071880069012,0.598688502150082
739,0.22872943,-0.06206683,0.021753369,0.0027903072,-0.21518017379299587,-0.08671063850971299
740,-0.20123002,0.27392626,0.053269546,0.0036951518,0.18613807214912462,0.2610819094887939
741,-0.32288396,0.07653835,0.013682747,0.0025395772,0.33784868881590985,0.05680057001054823
742,0.031795006,-0.017938325,0.024675725,0.0016164879,-0.04973890074770414,-0.03710658103386068
743,0.039758373,-0.00697616,0.03788959,0.0016162712,0.0004560108644490649,-0.027846974959114295
744,0.032150965,0.0963032,0.014141831,0.0016539061,-0.023583280733080317,0.08063884318824105
745,-0.18061666,-0.16621993,0.05841402,0.0038961477,0.19589754460242506,-0.18902600584833604
746,0.0031891358,0.012335497,0.012306932,0.0017352483,-0.008488721629487238,-0.007952526002078
747,-0.01975307,0.027591575,0.05056739,0.0023742032,-0.027231092444530428,0.005356625324316657
748,0.06469454,0.42450687,0.031493712,0.007877237,-0.05732704137816757,0.39318309330630913
749,-0.24452104,0.6817677,0.017090233,0.005480766,0.2491007441350818,0.6824331868846175
750,-0.10222841,0.08628949,0.02456395,0.005255644,0.08673272163852168,0.07771439561576256
751,-0.0036000586,0.008541515,0.019314377,0.002661646,0.009883296805692209,-0.008755955923402036
752,-0.12961054,0.3934379,0.014678007,0.006727378,0.1268063355304078,0.40696821011179735
753,-0.49608782,0.22702469,0.020236881,0.010186146,0.5567056391873162,0.22721820828473802
754,0.004304979,0.17741868,0.027581329,0.0038191748,-0.02547701968351965,0.16769549198877123
755,0.3340458,-0.043474227,0.020230105,0.0018122069,-0.35929506478081946,-0.06211350184917071
756,0.3025185,-0.42335814,0.011473841,0.005145413,-0.31488807220306003,-0.4573393078904129
757,0.28643975,0.57545394,0.019094175,0.00751448,-0.3438512216035388,0.5533569331786348
758,0.17936033,0.24719815,0.017924165,0.0028616749,-0.17751233767340727,0.2328811774694569
759,0.21761808,-0.24881251,0.05649892,0.00511142,-0.26099210395632205,-0.2730953172718345
760,0.014673409,0.0197819,0.028353607,0.0018954544,-0.037453766107902124,-0.00013174142023245154
761,0.12034078,-0.49681237,0.035137787,0.006364222,-0.11190328600543711,-0.5221702600259774
762,0.025013587,0.0720921,0.03171547,0.0019412619,0.017337082955226815,0.052486966125826255
763,0.13864315,0.13097164,0.012881165,0.0020240895,-0.13148079222668993,0.11576779282094506
764,-0.015080614,0.03909055,0.051614374,0.0031987566,-0.02109027534464938,0.02088625297813664
765,-0.100457,0.453299,0.047225315,0.004644567,0.08757964857621944,0.446072818676866
766,0.059585437,0.049535442,0.02374066,0.002149317,-0.09004150205813295,0.03336741845341936
767,-0.58876777,0.10146289,0.020400183,0.004238505,0.5767663238001113,0.07688679027496431
768,0.10942494,-0.14880022,0.010837246,0.0023916017,-0.09227130153333758,-0.1725686239539613
769,-0.1828956,0.02142541,0.04703449,0.0036423411,0.21768475423365025,0.00453155368178455
770,0.04227228,0.0024492496,0.015674507,0.0013813861,-0.060071688015002525,-0.017585426451012836
771,-0.27578217,-0.6743455,0.015028722,0.0038025444,0.2800909291995252,-0.6977993146364998
772,0.17401536,-0.50736374,0.02041876,0.0053943787,-0.18923195736837556,-0.5392208304723821
773,-0.66533905,-0.13297868,0.012655773,0.00433042,0.663498539070839,-0.15119074647773229
774,0.39391297,0.50097615,0.020910949,0.010555595,-0.3797445430416686,0.4923709825449655
775,-0.001529947,0.028418906,0.041328505,0.0014190252,0.058619555826768914,0.009390730015559389
776,-0.0046989513,-0.0012841555,0.016239068,0.0015767682,0.01194725070877086,-0.022899674907771145
777,-0.13122419,0.16641647,0.035767272,0.0064494703,0.13669637269022145,0.15449898834119608
778,0.12764485,-0.15633957,0.051432647,0.0026539043,-0.13286300173065801,-0.17967739637580687
779,0.48644525,-0.603047,0.017181404,0.012029679,-0.47202422255230897,-0.627363137005294
780,-0.008287925,0.0066477517,0.043523185,0.0015049711,0.009836267136806989,-0.014261399270697948
781,0.0049777892,0.004483967,0.014912808,0.002542147,-0.008326975840578493,-0.012177777048111132
782,-0.017069077,0.023591993,0.04745896,0.0020157495,0.017357589692521432,0.00508953178903892
783,0.15229183,-0.08705589,0.040504143,0.0031513732,-0.17446954854195942,-0.10437378272361017
784,-0.34939703,0.555341,0.015393516,0.006759306,0.35023006865063255,0.54455262158167
785,-0.2693602,-0.6531189,0.02353808,0.0066470844,0.26750381024095876,-0.679400078689752
786,0.08054304,-0.2552216,0.048045523,0.00662439,-0.09758340449973937,-0.29470992158550785
787,0.005793828,0.041588128,0.034006346,0.0016056872,-0.02641157699140555,0.021988390963037802
788,0.08283777,0.08913518,0.031255838,0.005679539,-0.10508641974707332,0.08394133349029707
789,-0.013247731,0.03356787,0.054504722,0.0028401895,-0.0008851858207087743,0.01564126522566805
790,0.14345996,-0.13203785,0.018103769,0.0069918092,-0.10749393348320505,-0.13879687245336697
791,0.10166573,0.13880366,0.048505004,0.0022230328,-0.10198382842475702,0.12431769350589014
792,0.15108073,0.07904033,0.013701679,0.0019461965,-0.16402734133723557,0.06063466331897044
793,-0.5606318,-0.057110686,0.041148566,0.0077454215,0.619383936901163,-0.07945031699817595
794,0.008106101,0.04136818,0.045111682,0.0015864023,0.003112999667873024,0.022657428814631907
795,0.09369251,0.121748276,0.025770599,0.0035407047,-0.09422649417734323,0.10516686731874642
796,-0.13966909,-0.12750074,0.03364505,0.0034002808,0.15075633716141046,-0.154652042831076
797,-0.1201282,0.13428703,0.049235195,0.0042411643,0.16973865403063415,0.13080476012475228
798,0.09486764,-0.02189501,0.020616597,0.002285195,-0.11303665743932621,-0.037690990944159515
799,0.015888114,0.3308463,0.016509736,0.0044558146,-0.0031581045028194533,0.31575431573019763
800,0.24155656,-0.30030075,0.01335085,0.004968997,-0.252384835036592,-0.33074085837574435
801,-0.107552625,-0.021397451,0.025856102,0.0020222983,0.12306812476409071,-0.04174646005684455
802,-0.019801632,-0.051611707,0.043180846,0.0029991702,0.03524099170080277,-0.07726850336601537
803,0.13242559,0.24098761,0.025298346,0.00417653,-0.15757583851294785,0.23916874195377683
804,-0.014886474,0.0037405498,0.031884648,0.0016403195,0.024560114348252126,-0.017173823921754296
805,-0.31422576,0.2705049,0.03240159,0.0075835753,0.32861037168292545,0.26194730223059326
806,-0.0031578187,-0.16706009,0.029429764,0.0077859773,-0.013996032037352543,-0.17735414953501932
807,0.24272357,-0.6702507,0.017359149,0.0068272725,-0.23688373059381387,-0.6937968273610421
808,-0.06977861,0.18125147,0.013339559,0.0027628122,0.07918974067228093,0.1629339979526361
809,-0.75777894,0.29232258,0.0071903607,0.0061220257,0.7651952515412758,0.281032673832696
810,-0.047314912,-0.01855046,0.015205089,0.0018204845,0.046725630740430804,-0.03901973393168916
811,0.09422131,-0.1857917,0.042120643,0.0030545138,-0.10669433182462207,-0.21056792207254763
812,0.050561562,-0.10420638,0.027893929,0.0048173107,-0.034592646996725186,-0.1139443846021425
813,0.48003098,0.43168366,0.017368874,0.006126561,-0.4984900978192503,0.42517218588216743
814,-0.067117386,0.056726404,0.029125515,0.0017980055,0.08070800913440597,0.037569052348282
815,-0.009569106,0.12864389,0.04560179,0.0040496862,0.047610897231818335,0.1186916930918572
816,0.017039211,0.0507714,0.032404475,0.0024211535,-0.011944609569233535,0.030865682567696257
817,-0.00028442673,-0.015405344,0.024680842,0.0034062963,0.024123418492323568,-0.03425143673973304
818,0.092306636,-0.11952166,0.020682342,0.0044236127,-0.07180600960669686,-0.1300914859640908
819,-0.012137762,0.060818333,0.025075616,0.001954853,0.00698813680124349,0.04323981808824997
820,0.26703247,0.56760436,0.046253636,0.008925658,-0.30327099644214106,0.5579771510745761
821,0.037925735,0.03834702,0.020804945,0.0016656187,-0.04369860800845496,0.01879326453546309
822,0.3782218,-0.04160541,0.045458153,0.002134428,-0.37234398067261104,-0.06438953998395071
823,-0.3026524,0.65159374,0.016508447,0.004938494,0.3470609137269041,0.6638493746508388
824,-0.0116020795,0.019792479,0.053292383,0.0045886044,-0.0933994507682022,-0.0017481607593395508
825,0.101734444,-0.1234977,0.016166463,0.0054977266,-0.10375380546108773,-0.14622828874181235
826,0.054325543,0.013839466,0.014465006,0.001818443,-0.06457795728645209,-0.004735205068744665
827,0.034010872,0.4992417,0.03617402,0.0033227329,-0.049308858717921185,0.48894235770184136
828,0.10786615,-0.115695395,0.033863455,0.0021738817,-0.11797154321893562,-0.14047017645170518
829,0.16902308,-0.11786767,0.038688015,0.007800787,-0.1745477931136349,-0.15236407327497983
830,0.049962632,0.16223672,0.03406027,0.006359929,-0.0496170448725868,0.13205513109561481
831,-0.34656116,0.090375505,0.017762449,0.003704643,0.3751623097174722,0.08612153366183112
832,-0.011271557,0.055248097,0.043096237,0.002111262,0.07149523091624324,0.03717300423241895
833,0.20535363,0.09945187,0.019661713,0.0034039565,-0.21745151346146604,0.0875575406033823
834,-0.022109302,-0.03110443,0.015816264,0.0015602136,0.011448044598292038,-0.053526696915139636
835,0.14542776,0.08565628,0.019866368,0.0028373024,-0.11864168837986648,0.06947023688210174
836,-0.10496627,0.09821281,0.029507665,0.003022936,0.15233261264181733,0.08087725339924227
837,0.15947893,-0.078421585,0.039235603,0.0024220862,-0.17733929288179642,-0.10112591055478413
838,-0.2142976,-0.41638896,0.018136548,0.008189646,0.23660567490262,-0.4251748124743788
839,0.10803221,-0.18254901,0.038991306,0.0036686712,-0.11167661225464352,-0.20282648093282282
840,-0.8022926,-0.13941908,0.0057940832,0.0028405224,0.8079236266394696,-0.15782662186644422
841,0.35025787,0.1303807,0.017514843,0.002726777,-0.3508525724618355,0.11412604771296916
842,-0.03493932,-0.24737601,0.02431849,0.006931651,0.03946621487335194,-0.27014697112577585
843,-0.34688193,-0.17165625,0.05330368,0.004042694,0.40474016697921517,-0.18963181140126792
844,-0.16244207,-0.01750107,0.012960597,0.007180613,0.185959667498071,-0.04229347283631812
845,-0.020041537,0.00026357186,0.05581426,0.004619306,-0.030459061556244477,-0.021436553163635366
846,0.10969043,-0.7325103,0.01971642,0.013240137,-0.09379794522920543,-0.7745323745684909
847,-0.012391689,0.0151149025,0.025385981,0.0018545063,0.035350620550436244,-0.0052285087523512115
848,-0.016906274,-0.11441599,0.01449955,0.0022638987,0.010324882215553836,-0.13185661151680086
849,-0.13726752,0.0781156,0.040775765,0.0035929119,0.10954567190866167,0.06373789082897073
850,0.013662794,-0.0072196247,0.010697377,0.0020352006,0.00034350907485821564,-0.025647962083624333
851,-0.35710928,0.2597746,0.01767941,0.0036679113,0.3723679606454652,0.24463080042316812
852,-0.1682121,-0.16916466,0.036656454,0.009446867,0.21047248446729977,-0.1970933188295656
853,-0.08583679,0.027275385,0.04342057,0.00943067,0.10259937881609289,0.023739008827264013
854,0.06853051,0.15800643,0.028109886,0.002490985,-0.039887293129031234,0.14186123461788122
855,-0.6829549,-0.4209558,0.015895937,0.0091142,0.7073070897738081,-0.44747463021761613
856,-0.01380087,0.009615864,0.028568188,0.0031805742,-0.004932579740923094,-0.010074181907951979
857,-0.0068257307,0.02374414,0.051845416,0.0026091333,-0.06671326190999005,0.00488811992022432
858,0.023037074,0.01761342,0.052968398,0.0021174634,-0.04451527270236315,-0.0020520397339351343
859,-0.01038196,0.04345675,0.051223706,0.0031088074,-0.0017297825272688267,0.02590250858086885
860,-0.10596254,0.05876107,0.0270815,0.0038572946,0.10819879065249384,0.04607958212156147
861,0.06636959,-0.0925752,0.0283375,0.0022613506,-0.06302048306239301,-0.1159107297048755
862,0.01929065,0.09582861,0.041237567,0.0079994,0.010553338111703536,0.07911765802174259
863,-0.41978753,-0.06747754,0.04494462,0.002687618,0.5044825636817936,-0.08613120541365529
864,0.04830492,0.0924063,0.02842788,0.0018286152,-0.01166731922865414,0.07383184341029916
865,-0.02514871,-0.00954323,0.04416304,0.0015550187,-0.048202761963106404,-0.031025857282190834
866,-0.47771603,-0.52620775,0.016269915,0.0073027103,0.49162192259153675,-0.561605642850075
867,0.027788792,-0.014920347,0.018446263,0.0022917995,-0.021543725913305847,-0.03593704679783887
868,-0.11466464,-0.32889035,0.03264231,0.003721353,0.11703156587193862,-0.3597203278558144
869,-0.49206686,0.21592478,0.040601898,0.01816131,0.38918068115019044,0.15616974650777268
870,-0.06074363,-0.009863497,0.019193465,0.001792143,0.07078721440727553,-0.028825614277714826
871,-0.06497633,0.5735351,0.026456276,0.009228669,0.07466196224401932,0.5661033735938085
872,-0.022188708,0.009220012,0.05021407,0.0022655101,-0.04780471107719587,-0.0075005448943692415
873,0.010929824,0.041614424,0.04426615,0.0013976131,-0.0029732245062590937,0.021826837430878553
874,-0.38459274,0.19097565,0.01206292,0.008898729,0.39882108549054096,0.17049279429170838
875,-0.04265294,0.026024198,0.02770158,0.0019536673,0.0038810389586808906,0.008603491369857993
876,0.027782328,0.08664187,0.012027351,0.0022409633,-0.028257383957904492,0.06597697009846593
877,0.029048938,-0.018493537,0.027324894,0.0013614596,-0.04933704359340068,-0.0403831964666257
878,-0.02240329,0.07633987,0.046521645,0.0021428133,0.017122624585570973,0.05772839362269865
879,-0.3026524,0.65159374,0.016508447,0.004938494,0.3470609137269041,0.6638493746508388
880,-0.024700936,0.008842345,0.038100533,0.0014662212,-0.0015375427359597001,-0.011427473694540185
881,0.012109034,0.07915992,0.02402397,0.00446835,-0.03218520512882789,0.07332782096879528
882,0.19142532,-0.37067512,0.034008652,0.013541988,-0.22004930102437428,-0.38304976980965755
883,-0.16360492,-0.14163277,0.038357314,0.003920845,0.169913966880164,-0.17295009521660398
884,0.078590274,0.05015617,0.029705103,0.0021754997,-0.0873310397449219,0.03132920803731687
885,0.030735204,0.07664502,0.046211854,0.0023595039,-0.0006303995249688111,0.059620071612474096
886,0.07782589,0.25245273,0.01331168,0.003478273,-0.05880909867224478,0.23988432090357195
887,0.46011075,0.7875385,0.018523617,0.008740453,-0.4776690354296348,0.7936765251872817
888,0.11897961,0.018214576,0.03412859,0.0040897457,-0.16923492470163368,-0.0005403306187549986
889,0.68197817,-0.19627315,0.025375985,0.006554709,-0.6845064807610337,-0.21502139001198242
890,-0.020223398,0.015993232,0.05277437,0.0034688388,-0.02794292521032221,-0.004151395510259476
891,-0.3444887,0.110916525,0.017170154,0.0023383624,0.3589132149082124,0.09044551176894766
892,-0.011608575,0.011967029,0.013563619,0.0016064126,0.014802329618842688,-0.006280690113643099
893,0.008544049,-0.011813138,0.03573368,0.0023342394,-0.005780933130721844,-0.033089123008854714
894,-0.20664094,-0.34649363,0.02851084,0.003132868,0.24288634169621331,-0.3697614292796908
895,0.07610448,0.18426631,0.046298932,0.002415549,-0.04897982440122029,0.16566617697178712
896,-0.15267651,0.18390638,0.037275102,0.015462975,0.12122048664985627,0.1639225207127364
897,-0.00065092964,0.02003605,0.013577616,0.0017439713,0.001802153280888692,0.0016363518484926877
898,0.30076715,-0.109695725,0.03800895,0.004797257,-0.29145501537907925,-0.15003388627698958
899,0.067990564,-0.7835612,0.025142578,0.008409572,-0.057068100030789194,-0.8221461714425214
900,-0.30682296,0.37703773,0.013167214,0.0033941148,0.3268260637821812,0.3709723152800371
901,-0.44258174,-0.08536667,0.014545488,0.0024242909,0.45056250689838373,-0.1060431819330174
902,-0.00070544705,-0.0048888037,0.051082697,0.0016245687,-0.016060343362876598,-0.024170651614186772
903,0.2633792,-0.2130294,0.03254007,0.0030299851,-0.26420803701532586,-0.23931467359575662
904,0.076668315,-0.03928293,0.013433893,0.0028185244,-0.0890755958820211,-0.05561376841784232
905,-0.042709637,0.38244447,0.016972803,0.0037116308,0.05140623837776896,0.37462680759748224
906,0.2951386,-0.39646786,0.033854697,0.008568666,-0.27794302842018037,-0.42322387264155903
907,-0.2773396,0.0021306404,0.05750302,0.004553352,0.3032262816463169,-0.023856092581040746
908,-0.018575223,0.05945165,0.051550075,0.004024768,0.03143035046000165,0.049150946772541206
909,0.017841432,-0.032582734,0.040731356,0.003797024,0.017006768240470083,-0.04998109360048459
910,-0.0150296185,-0.06347921,0.048000075,0.0018677219,0.05088893648441158,-0.0867025676450193
911,0.046198957,0.059250172,0.020174028,0.0015715965,-0.032634116564597165,0.04145920075291213
912,0.08693018,0.042096216,0.019240705,0.0028901438,-0.09554682949735221,0.025067172880784066
913,-0.042788476,-0.16112186,0.010473378,0.0019288434,0.049817944149015046,-0.1817096073427419
914,-0.020003607,0.09510252,0.04450322,0.0027329845,0.07998578402409968,0.08149433186339275
915,-0.09726057,-0.14282444,0.0470859,0.003301109,0.023733804583236935,-0.16659293265094538
916,-0.014351941,0.08740787,0.025824038,0.0016779784,-0.012973027724659239,0.06883923772417981
917,0.052602127,-0.10047306,0.026518622,0.0022582284,-0.03448589166410422,-0.12343818164854803
918,0.017236652,-0.02190246,0.033980995,0.00499808,0.031322367159004265,-0.03396796412444356
919,0.06633164,0.04442765,0.03698323,0.0037730725,-0.06665460021267344,0.02836165885192556
920,0.14115858,0.020099707,0.025762118,0.0029663066,-0.14021218392148885,-0.0004039233012684391
921,0.2994834,-0.14990053,0.030034855,0.0035817386,-0.3101070318748275,-0.17239345743986026
922,-0.031295463,-0.042503674,0.04421459,0.0030997517,0.048547544938418175,-0.06808093527502047
923,0.44737938,0.18590887,0.015638597,0.0027594585,-0.46921485965071086,0.17348650644249317
924,-0.03527462,0.10548667,0.04563777,0.0017762912,0.017962600982431274,0.08689279308091528
925,0.04091027,0.19480488,0.035063777,0.006990039,-0.07400991908012505,0.19248692779086282
926,0.67077816,0.036639825,0.013087444,0.0028947056,-0.6742799172718852,0.015918712275280036
927,0.13476501,0.0016645247,0.052899316,0.0029425174,-0.07235758770891954,-0.016160262748416112
928,0.2209196,0.18081275,0.047424063,0.0027982409,-0.24477280871532997,0.16251282079453203
929,0.33212316,0.25564122,0.036911774,0.0029280535,-0.32801076271625906,0.24815149545796836
930,0.22671545,-0.15612364,0.025037715,0.004569765,-0.2050485452842649,-0.1635383066580148
931,-0.7573686,-0.44608065,0.010598064,0.00456311,0.771047413076865,-0.4886060036451559
932,0.24674025,-0.19066615,0.037958223,0.014649639,-0.21971297023659908,-0.1766249755679324
933,0.23805161,-0.18490972,0.048111424,0.0037689365,-0.2522081401954905,-0.20260676912283956
934,-0.022963326,0.049824517,0.051966522,0.0026061477,0.009937525486426688,0.029901545315311317
935,0.1779993,-0.113389604,0.014647462,0.0022216355,-0.1611297396967548,-0.13004519145230378
936,-0.07505211,-0.35734412,0.015432959,0.0022901378,0.069272795994973,-0.37615452776629893
937,0.07113603,-0.06382477,0.02303797,0.0026449843,-0.07143526653694454,-0.08395130921522387
938,0.416114,0.3593255,0.015510547,0.0043882816,-0.4211290545857915,0.34585725784200544
939,-0.058566023,-0.0534884,0.050230175,0.0024107455,0.10979804051292878,-0.0747329086872478
940,0.015560933,0.04965505,0.04082818,0.005876243,-0.029099969938479592,0.03594365456614952
941,0.076146096,-0.34650028,0.016582787,0.0042112167,-0.07835494007371573,-0.3704027415076247
942,-0.01637904,0.00039708184,0.021637417,0.0016896065,-0.034518636253111676,-0.021625808596168233
943,-0.06371467,-0.024291983,0.016267687,0.001599333,0.0561378466354642,-0.044263536777229634
944,-0.25469622,0.44496465,0.0223883,0.006659959,0.2933032162859157,0.47884507385665864
945,0.005165029,0.032201126,0.023894781,0.0030144772,-0.0010472790248513112,0.014482553061383026
946,-0.31297463,0.45603076,0.014304607,0.004239049,0.33659141803237613,0.4557898869237797
947,0.2344873,0.12362192,0.024784578,0.0051156865,-0.27054546616125386,0.1211642729724841
948,-0.10370125,-0.09173098,0.04711649,0.0026688997,0.12819195767366967,-0.11252436739979431
949,0.0008922372,0.020002225,0.036282554,0.0035661121,0.014733396808419437,0.002066833382896265
950,0.0139473695,-0.019187015,0.043766722,0.0034131296,-0.03201347308728427,-0.04201735126792824
951,-0.11312264,0.14610618,0.017010659,0.0027847174,0.11942293417940505,0.12546060292728692
952,0.28658518,0.038763672,0.024887493,0.0017807791,-0.309869742847402,0.01969163601742768
953,0.041714277,-0.35189715,0.04771961,0.0064632236,-0.03402350960925324,-0.38299222497532814
954,0.05200794,-0.021236453,0.050723214,0.0040577124,-0.0012950245739408001,-0.03385202145683891
955,0.15881127,-0.13589475,0.030121384,0.0028340174,-0.12907926953366833,-0.1586270741153323
956,0.2998618,-0.06971382,0.058018018,0.0027940138,-0.29341750755712576,-0.09517750603873636
957,-0.2448348,-0.20864816,0.04249523,0.007084513,0.21637789315916914,-0.22763234398644142
958,0.06184486,-0.086829074,0.039641175,0.0024109264,-0.06872985004768413,-0.10922446824378006
959,0.013539119,0.012870948,0.04783622,0.0025404538,-0.03510626092398727,-0.009030405945749383
960,-0.002736684,-0.012352308,0.012190705,0.0018734402,0.005682020846810277,-0.03561953759621249
961,0.022325633,0.036271226,0.017151639,0.0026968652,-0.025479333994071422,0.020606745437970437
962,-0.13910034,-0.4092566,0.019524362,0.0055849957,0.11031134216481092,-0.43851281670275183
963,0.18333234,-0.22891183,0.01537955,0.0026805275,-0.18953563297774267,-0.2594043384284434
964,-0.034749802,-0.37571135,0.027341712,0.0048579643,0.042702645968181796,-0.39780084434969537
965,-0.66328263,-0.14153895,0.01096224,0.0030488258,0.6847439879061616,-0.16106058198052642
966,-0.08952928,-0.0722121,0.025323797,0.0036114806,0.13395568666210586,-0.09472863939352051
967,-0.011723049,-0.1408582,0.046024363,0.0075590317,0.07597819226249819,-0.1887894856230965
968,-0.06704218,0.1292063,0.046579793,0.0025846558,0.012894045153941235,0.11681282288546922
969,0.003701095,-0.1287209,0.047442816,0.006022087,0.031056638675255932,-0.15361057445290505
970,0.181805,0.02477924,0.03133464,0.0020242499,-0.22572740097207025,0.0060650423902714285
971,-0.015898682,0.23087968,0.021699477,0.0031292466,0.013826510267956112,0.2148127511134145
972,0.030141741,0.014010037,0.013303211,0.0015236753,-0.027195947214396464,-0.005274139397281733
973,0.16367427,0.31918606,0.0582161,0.011351011,-0.21459001495843205,0.3374627543266854
974,-0.076711215,-0.09276046,0.013983263,0.002218978,0.08712511425202348,-0.11105423097974888
975,0.07354692,-0.032657042,0.030076496,0.001714445,-0.0754777852619468,-0.0535358210850319
976,0.032501034,-0.20258436,0.0327443,0.0049448865,-0.041524561541792376,-0.24197946596809133
977,-0.28688967,-0.15202701,0.029618308,0.0029682391,0.31204153951347724,-0.17502738401289344
978,0.12599179,0.13013701,0.024338266,0.0017589289,-0.09603357589451587,0.1097969942939317
979,-0.42588755,0.41185603,0.011500358,0.005617357,0.44821054450091913,0.4038479030318528
980,0.060598403,-0.113141395,0.013943057,0.0024757779,-0.06239744632980901,-0.13738306895605504
981,-0.009968392,0.067736074,0.014164633,0.002154671,-0.00012949095798944,0.054570312930782044
982,-0.0042561204,0.02763697,0.01354292,0.0017521861,0.006791664555226606,0.008132484254653403
983,-0.2115995,-0.14615059,0.019064935,0.0032571065,0.22145215038142363,-0.17223489250461868
984,-0.1634217,0.39642164,0.016847385,0.005478059,0.15616186218989372,0.39440632941169335
985,-1.9875937e-05,0.02146168,0.03185486,0.004934782,0.0018648959090050413,0.0057638284883241115
986,-0.021028426,-0.013352843,0.020189216,0.0021152326,0.052607392108845547,-0.03472477249810817
987,0.089642465,0.03815137,0.027175479,0.0027746228,-0.08490094189694855,0.022882976324596738
988,-0.049330182,-0.013703744,0.03711603,0.0019046325,0.03460901120298058,-0.034726122339255684
989,-0.012516177,-0.12894529,0.019628284,0.012296251,0.006744067937933625,-0.13425495896826636
990,0.074196495,0.03051233,0.055058394,0.003280379,0.06585226598708425,0.011872316710137032
991,-0.056101512,-0.0038719287,0.025124792,0.0020491874,0.06092948854797657,-0.02529304437942138
992,-0.021203874,0.18624216,0.044901874,0.0056133037,-0.03172444412194771,0.17034614054456843
993,0.01523194,0.11359077,0.045392424,0.005199717,0.009093699021852532,0.1027421312007025
994,0.023279801,0.0028599573,0.0337625,0.0018542404,-0.037741840639716764,-0.018070771035646867
995,0.104789175,0.2140129,0.017370632,0.003030043,-0.10868752821694497,0.2061369635438318
996,0.24228711,0.5730327,0.015796434,0.005911093,-0.263666534628986,0.6095782841431021
997,0.016907485,0.098372914,0.04176547,0.003820513,0.04211619478703044,0.0877461824090802
998,-0.29609522,0.05282956,0.014999363,0.0017769322,0.3048561598763193,0.0353287316917546
999,0.022601072,0.063754454,0.053237334,0.0017251787,0.06370279398955084,0.04395111540386402
1000,-0.29730955,0.28473088,0.016469164,0.0049308836,0.30715140457942647,0.2633706015068872
1001,-0.6017464,0.30668518,0.008825537,0.0078088115,0.6093892753505251,0.29843916802539383
1002,-0.47430912,0.3464781,0.0118903555,0.0061433157,0.4531615043293079,0.3442741567110339
1003,0.2562181,-0.031580266,0.017144375,0.0018011858,-0.257047808744104,-0.051789228303991804
1004,-0.005233274,-0.0040555047,0.012285619,0.0023415408,0.0014743768293315664,-0.025575105039016256
1005,0.14363216,0.91869986,0.025429558,0.007723326,-0.09219924237790605,0.9293160843892107
1006,-0.027896095,-0.101339415,0.024558598,0.0046245903,0.019755920588051708,-0.12258637177145303
1007,-0.014136126,-0.21989529,0.019127388,0.004098375,0.02083347335625844,-0.24428137500895547
1008,0.17981747,0.07356725,0.056800243,0.002427937,-0.19992345283095725,0.0571507187860015
1009,-0.20035622,0.17463113,0.06103385,0.004716993,0.23237024914641013,0.1643927887534312
1010,0.156077,-0.03653158,0.047321167,0.0047772867,-0.24076411221263286,-0.05885334388075811
1011,-0.22450131,-0.124814935,0.017501721,0.0037143563,0.2678958750844775,-0.1456884999930139
1012,-0.072258495,-0.008870558,0.03930896,0.0036077595,0.09180904239760691,-0.028747469943030127
1013,-0.66019636,0.12899269,0.008030337,0.0058851405,0.6743394618528963,0.11628514040604641
1014,-0.030369662,0.3904164,0.02904076,0.00962312,0.00037695351919326555,0.3531354736003602
1015,0.22570735,-0.18375166,0.042979192,0.007426093,-0.2209095979961,-0.20376747245849464
1016,-0.18872365,0.11819583,0.029538333,0.002728766,0.2535328256371106,0.09965728349701186
1017,-0.109014854,-0.016411096,0.07024297,0.0038206489,0.05198981486563221,-0.04134697898381793
1018,0.11431117,-0.20076148,0.029137446,0.0044752546,-0.10149450795284634,-0.22697383674264499
1019,0.025928758,-0.0099492995,0.058815267,0.0019074928,-0.06287872069367845,-0.031087501863563512
1020,-0.52478373,-0.18198532,0.028757012,0.0043348866,0.5091054464266493,-0.2064579201564572
1021,0.09593417,0.37640217,0.018415716,0.0041731135,-0.10132276406056732,0.362923041240063
1022,-0.057562906,0.8068632,0.030507889,0.010427728,0.06768855155225695,0.8353918323025876
1023,-0.11197451,-0.028649485,0.018657716,0.0023350813,0.12401567571292575,-0.04777830797803308
1024,-0.008735402,-0.05516548,0.020279637,0.0037543022,-0.014879840475690445,-0.07939608968635699
1025,-0.033333987,-0.014017744,0.04267619,0.009520401,0.09029994306368982,-0.037897157675500025
1026,-0.3241785,0.5585718,0.020082196,0.012938733,0.35946723000153846,0.625039217727377
1027,0.06039376,0.08920038,0.022883257,0.004792345,-0.08627582826481485,0.07572583141878553
1028,-0.25300226,0.020801697,0.040405456,0.0023023176,0.27541826084394794,0.0032327371593132907
1029,-0.058338407,-0.04769071,0.0173909,0.0022550516,0.04572657543066125,-0.06953125347240735
1030,0.4984111,0.22075811,0.026253086,0.0045665605,-0.47490465934486426,0.2082836400435823
1031,-0.2895153,0.35689068,0.040131904,0.021832824,0.31405957784909655,0.33105300737192717
1032,0.034690283,-0.00871771,0.0308798,0.0046987734,-0.034558840446076176,-0.015113868017588091
1033,0.5793154,-0.42764756,0.013352028,0.006474015,-0.597967664467963,-0.4496795780791945
1034,0.49004087,0.113237254,0.017086368,0.0022898838,-0.4854323192830222,0.09431348870497053
1035,0.051391862,0.11230262,0.016666148,0.003377025,-0.06832357969510036,0.10750000196284308
1036,-0.030004343,0.21244091,0.030727327,0.021117406,0.059233366888576604,0.19096284221144583
1037,-0.103102714,0.49134693,0.022669315,0.007539346,0.12242391873068167,0.4766410624880082
1038,-0.055875286,0.014641588,0.053282432,0.0018389227,0.025612075965136764,-0.0042052800051524996
1039,0.0885041,0.25503498,0.014576269,0.0037481613,-0.08818232833656996,0.236229365308987
1040,0.10093005,0.06983854,0.03782634,0.0040728273,-0.12270087761449028,0.0491997467379502
1041,0.039856885,-0.038339052,0.010323666,0.002274539,-0.032556090396835935,-0.05936861714475375
1042,0.02699365,-0.35705373,0.017065741,0.0059237476,-0.03170705439483077,-0.38221380508797376
1043,-0.21515234,-0.30732402,0.019810855,0.0031013188,0.2419634129532066,-0.32937850632383203
1044,-0.02197176,-0.1552474,0.033843055,0.005891796,0.03924458482446868,-0.1810868265859107
1045,-0.108119205,0.3653056,0.015521227,0.004261018,0.11787473676308481,0.36727969977994707
1046,-0.047286604,-0.043787103,0.04990497,0.004381343,0.018711585668538235,-0.07257888849641211
1047,-0.20734747,0.21357392,0.042694803,0.017149506,0.30353078724709776,0.23440905232774217
1048,0.09364988,0.23191822,0.025634665,0.0074488525,-0.09414348127809845,0.23576622745190298
1049,0.010889569,0.06340656,0.01644454,0.001989793,-0.009719497993695161,0.046546416229707226
1050,0.016942006,0.063869566,0.03178546,0.0017895076,-0.030613192174310744,0.04587873031881466
1051,-0.02927332,0.05209958,0.039505396,0.012713302,0.0500958598979459,0.051806318562224424
1052,0.55434835,-0.6865641,0.0129465945,0.0070048277,-0.606311044487592,-0.7507523365178135
1053,-0.13677678,0.1427974,0.015293379,0.0037145764,0.15038469187339976,0.12693375316313443
1054,-0.046043552,0.032537542,0.05279574,0.0019120601,-0.03817500256090459,0.01334679661220723
1055,-0.048033904,0.31291392,0.018254897,0.0048128986,0.052823059181161425,0.29850175339986135
1056,-0.10476443,-0.04403614,0.026364906,0.0020607044,0.12451281614527976,-0.06929524260195978
1057,0.016130751,0.048183944,0.057439424,0.0019268079,0.07320142032460059,0.030118638572139398
1058,-0.5370143,0.35037637,0.037271664,0.013234267,0.5698214805138724,0.33376317008530004
1059,0.24409522,-0.060227044,0.028296592,0.0021372212,-0.2510520137960697,-0.08163132590545003
1060,-0.12666929,0.029879281,0.012993192,0.003943672,0.13766736372085447,0.014399573597023289
1061,-0.03972424,-0.1274229,0.041709214,0.002716287,0.06458877405990898,-0.14962943155147312
1062,0.4694015,-0.11880021,0.035026025,0.0025499582,-0.48737424956125425,-0.14008963211356648
1063,0.41395912,0.08366187,0.034762394,0.006715791,-0.4138447233572296,0.06799548816483568
1064,-0.08853366,-0.10196426,0.013668165,0.0017542292,0.08389776096582943,-0.12339635945757939
1065,-0.027795032,-0.019413007,0.032335576,0.0027006783,0.07185272045517613,-0.0417587401951697
1066,-0.06437367,0.09205525,0.018218376,0.0022842598,0.11925962411645731,0.07485826785008669
1067,-0.29034245,0.1388268,0.05953583,0.005343317,0.35134764890566306,0.12958616587938462
1068,-0.07661242,0.013509624,0.03950333,0.003299125,0.08845842569394971,-0.0039080110068599435
1069,0.08168741,0.3912124,0.020542441,0.003977701,-0.07663609728936807,0.382466521069244
1070,-0.0009253222,0.015137349,0.04493014,0.005050094,-0.0021696080480542645,-0.0037548452254022847
1071,-0.11909567,-0.050856527,0.022026632,0.0023953898,0.13938737764702494,-0.07076821944207398
1072,0.1258074,-0.056517884,0.018512148,0.0043988363,-0.16154711660153367,-0.09022716480135785
1073,0.01624175,-0.06972478,0.011654607,0.0019106985,-0.012168569002079606,-0.09212103590354376
1074,0.020599626,0.024193281,0.015144619,0.0017790425,-0.04331072074698296,0.006961177856632806
1075,-0.005119181,0.013689301,0.053120565,0.0016325872,-0.0012833577942588069,-0.005116028109397419
1076,-0.13337347,0.0476939,0.042708054,0.00256725,0.09318041235802829,0.02932453625574804
1077,-0.37412155,-0.016357698,0.032321148,0.002823305,0.4193591530985785,-0.039465762181081665
1078,0.021941926,0.0263325,0.018769918,0.0019449666,-0.01607178887801063,0.005302727811828297
1079,0.041928276,0.046210133,0.04352809,0.0019852184,-0.02270073772756115,0.027505637762000195
1080,-0.03391634,0.028610319,0.036486935,0.0018718053,-0.01521883288825833,0.009857419543391012
1081,0.26888102,0.07106144,0.0604369,0.0022216097,-0.24210281285845545,0.05510374693679435
1082,-0.17070091,-0.6582985,0.015097535,0.006661085,0.19130415512856558,-0.6767282261597071
1083,0.028099597,0.0057212785,0.046745222,0.0025370014,-0.001319549625239116,-0.015661515807637173
1084,-0.07247275,0.028314402,0.04412072,0.0028419897,0.08807101280323723,0.01354350778068097
1085,0.2540932,0.025961759,0.050487608,0.0068808976,-0.31385460032223217,-0.00010724892963099111
1086,-0.084327534,-0.14755939,0.059709463,0.0033463498,-0.010644634658474464,-0.1723051008504932
1087,0.0131348455,-0.0066298414,0.05823532,0.0068934597,-0.02895123535505299,-0.02764923121862983
1088,-0.18156351,-0.12231342,0.023302965,0.003131038,0.19422010062025488,-0.1482327786576026
1089,-0.0002832549,-0.17377925,0.026391841,0.0042954045,0.0025901888089313757,-0.21223405909231974
1090,0.6808557,0.24771926,0.02233246,0.0068055405,-0.7185653796152602,0.23702708141523424
1091,0.06466874,0.005211521,0.03061958,0.0015326298,-0.06545635066540055,-0.015526151586196815
1092,-0.029869402,0.026682679,0.014049679,0.0019185536,0.02518664038687689,0.007281083712332481
1093,0.14374113,-0.027614597,0.04142401,0.0017217044,-0.11642246874315919,-0.04995694000654304
1094,-0.5816544,0.1902653,0.011412557,0.005909144,0.5997619019358592,0.17314143891823092
1095,-0.1434545,-0.031952277,0.021327524,0.0022519866,0.15446095921513533,-0.05086306725723461
1096,-0.3444887,0.110916525,0.017170154,0.0023383624,0.3589132149082124,0.09044551176894766
1097,-0.11618756,-0.1350923,0.057565704,0.0054428945,0.14398120357343913,-0.185809456153767
1098,-0.13075237,0.18114747,0.03508772,0.0030829336,0.12710390507550587,0.16353432189031697
1099,-0.035199247,-0.121165,0.013514696,0.0031056288,0.03852818606339005,-0.14933951047925756
1100,0.007574784,0.2961894,0.029781131,0.013674134,0.0189497386071697,0.270907509178014
1101,-0.049330182,-0.013703744,0.03711603,0.0019046325,0.03460901120298058,-0.034726122339255684
1102,0.19467321,-0.22901234,0.05653125,0.0038433098,-0.20092823571776466,-0.25385120473018313
1103,0.097007416,-0.19537112,0.051016655,0.014986138,-0.0863400923701737,-0.23164483303394268
1104,-0.004937881,-0.042317785,0.027899725,0.0030139065,0.03015351683972781,-0.07199650258488537
1105,0.004820598,-0.004819095,0.049547333,0.0020821698,0.047374730706973366,-0.02647703553414212
1106,-0.022842541,0.019253183,0.016861336,0.0016188042,0.028576732919436146,0.0007448123887324361
1107,-0.049058806,0.30984855,0.035459075,0.0035188159,0.040172877277337586,0.3126450047851055
1108,0.18574019,0.16314632,0.056515027,0.0044163894,-0.24169443756575135,0.1474274054949417
1109,0.7604915,-0.049621683,0.006831439,0.0031739725,-0.7808667014112314,-0.06649580079656171
1110,0.20034817,-0.059253752,0.017529016,0.0021249244,-0.18585502916109478,-0.08269559583452973
1111,0.25366935,0.13281158,0.009394448,0.0030721582,-0.25109797087369595,0.11375784116043604
1112,0.030358896,0.023979321,0.032831978,0.0045366623,-0.04053417612459511,-0.0011076245243078942
1113,0.10505479,-0.17160082,0.03342164,0.010312199,-0.15815590089319445,-0.16750767274326298
1114,-0.002856969,-0.010399641,0.033475593,0.0017107396,-0.0025036536220952883,-0.03051544862445801
1115,-0.046881102,0.09075898,0.04854293,0.0028806506,0.05983231413062007,0.07999798342114539
1116,0.019853508,-0.13436134,0.019180013,0.0027317153,-0.034202194149707,-0.1590846705303854
1117,-0.2945242,0.5534647,0.024231456,0.0061801597,0.2741436315213844,0.5580809598146564
1118,-0.3884914,-0.3431968,0.03004596,0.016379556,0.3877848683502291,-0.3764828544772431
1119,-0.02621478,0.1258551,0.015576041,0.00233585,0.046771434272372826,0.10948533014644249
1120,0.024694186,-0.012172083,0.043130945,0.0058002775,-0.03033091956759503,-0.035404707208957276
1121,0.07938736,-0.18269438,0.05382322,0.003923194,-0.14025268695191373,-0.21026935699881047
1122,0.037533615,0.1528602,0.014704673,0.0034588887,-0.044633842944016934,0.14087083847754134
1123,-0.090345025,0.11183847,0.06310628,0.009518503,0.1597105877422151,0.1107028766035151
1124,-0.03137605,-0.0015273002,0.04154501,0.001612894,0.019872795966017688,-0.022343983006287954
1125,-0.3075051,0.07947368,0.024367817,0.002988478,0.31349481253866834,0.05893448553933337
1126,-0.4568593,-0.13721325,0.012262069,0.0023698157,0.4640869589965513,-0.16009867222855007
1127,-0.66160506,0.09164803,0.02116332,0.003460088,0.6884016163660011,0.07492815571533945
1128,0.15063412,0.16258524,0.017246787,0.0022896256,-0.15220513729949,0.14654138223117594
1129,0.04225987,-0.048206612,0.041147877,0.0028335939,-0.04155305701462135,-0.07294572106371429
1130,-0.0038993075,0.013303748,0.022418259,0.0018671905,0.004119582718737801,-0.007719450242611306
1131,-0.11709768,-0.10100846,0.017429441,0.0018567703,0.10546519597509178,-0.12363182816864125
1132,0.058048356,-0.16977662,0.016905056,0.0028913312,-0.06714944806362765,-0.18716134564664572
1133,0.47026205,-0.49299607,0.012280556,0.0052597695,-0.4787893289355072,-0.5169869638810684
1134,-0.1390854,0.08426415,0.036097445,0.0027667293,0.1522790078890239,0.06372908554824494
1135,0.21108365,-0.23429559,0.034587946,0.0041339993,-0.21874031071227223,-0.25748260253886596
1136,-0.09442938,-0.17649369,0.014446794,0.0035400097,0.09503599253601569,-0.2012662808077047
1137,0.115039915,0.2288864,0.047100905,0.0025622176,-0.2009381578871697,0.20878392619117675
1138,0.11312094,0.25117415,0.045632992,0.017523471,-0.10388437717703503,0.26964704520244737
1139,-0.13291623,-0.037986193,0.053803008,0.002146403,0.1738889451626853,-0.05997488219324064
1140,-0.10539849,0.12232103,0.019356823,0.003841065,0.10849100250555026,0.11524002122339976
1141,-0.108929366,0.3511867,0.023627033,0.004036108,0.12512337308688215,0.3427915165446792
1142,0.1829636,0.117198445,0.015226339,0.0019628725,-0.18367605230299264,0.10087660860324334
1143,-0.3919732,0.07952188,0.025799992,0.0030851848,0.4206073817373263,0.05991383324513743
1144,-0.20500848,0.06947412,0.014263594,0.0018939051,0.20886455710121607,0.05324803184932085
1145,-0.020477165,-0.038147055,0.032444756,0.0027704344,0.029382275863820285,-0.05694539550299638
1146,0.03979106,-0.12150357,0.04957887,0.00331559,-0.09765677415088972,-0.14685778189482188
1147,-0.006960884,0.33276838,0.046106227,0.0063242833,-0.01113678510836826,0.35231059366384243
1148,0.6931414,0.47643158,0.014056968,0.011720513,-0.6732228642987508,0.47956267457907187
1149,0.005339481,-0.07605704,0.045576386,0.001412015,0.043817413775469494,-0.09758075197196156
1150,0.047291573,-0.21953341,0.014682119,0.0035098968,-0.05992849342869261,-0.26196674345834237
1151,-0.047536984,-0.0071869344,0.032571927,0.00160966,0.035930629544808725,-0.026693966063050138
1152,-0.5909614,-0.15914315,0.039942697,0.003995453,0.5710684530322084,-0.18464321138293546
1153,-0.05671779,0.28891295,0.04895701,0.0053499797,-0.014069240791759328,0.2829655984811106
1154,-0.31011528,-0.027015613,0.062745504,0.0044410345,0.34509427511510105,-0.04523756702379312
1155,0.039344724,0.021291707,0.02081697,0.0016770881,-0.05730085499923771,0.0013060436141504282
1156,-0.32841703,-0.7321979,0.015132174,0.004894166,0.33819812571262536,-0.7407845735768495
1157,0.0826258,0.053632263,0.023634018,0.0015903901,-0.07689858533232104,0.03469102981472871
1158,-0.035378065,-0.006738195,0.046360962,0.004143648,0.018833847716575265,-0.02672338583089381
1159,-0.0062181135,0.031427767,0.039085094,0.0071102045,0.06917949009580157,0.013522260975982867
1160,0.006142656,0.28533664,0.04471517,0.02540065,-0.0834830528846811,0.30732294638055757
1161,-0.42040765,0.7557099,0.014772921,0.007891221,0.4261689959907422,0.7552830091414457
1162,0.021394078,0.5771261,0.025616884,0.023016943,-0.04131887629919224,0.5407658320417889
1163,-0.015248774,0.12127946,0.04320196,0.0075685563,0.0016332775401241882,0.10692547545422079
1164,-0.009569106,0.12864389,0.04560179,0.0040496862,0.047610897231818335,0.1186916930918572
1165,-0.23570733,0.23349202,0.043494537,0.0036980747,0.23966321579409958,0.22196079366519003
1166,-0.018868044,-0.005158147,0.042046808,0.0028863314,-0.007247639632510741,-0.029583813394173427
1167,-0.33089045,-0.23105057,0.054556422,0.005514516,0.26393089776755624,-0.26196539943700825
1168,-0.32378593,-0.19633143,0.05676341,0.0040170057,0.31077361037985823,-0.22387594544897613
1169,-0.5311936,0.3315336,0.009283195,0.023112692,0.525278401119151,0.3261248597760344
1170,-0.15445785,-0.16433917,0.06186253,0.0040686172,0.1353736768021829,-0.19170548348449565
1171,0.1848247,0.1450531,0.030329803,0.003471591,-0.1653539903719548,0.1347773178356418
1172,-0.036515273,-0.0075231865,0.026542071,0.0018608851,0.010631516458206713,-0.028856675240583003
1173,0.03771375,0.26305103,0.01952892,0.0052533196,-0.054862975829952275,0.2871307151959842
1174,-0.12221977,-0.16845481,0.053443592,0.004136011,0.09958616369556711,-0.19147277679963115
1175,0.0028090877,0.06798892,0.040398818,0.0030835955,-0.01370294541282556,0.050671865591730696
1176,0.06888859,0.065745495,0.039062504,0.0035121324,-0.060915492674851135,0.04860090088419495
1177,0.10047846,-0.19421703,0.024985278,0.0042034173,-0.0980112756803912,-0.21768510341361585
1178,-0.020040274,0.03415646,0.033447806,0.0025075688,0.003127403988557309,0.015157018077741218
1179,0.1396259,-0.13087614,0.0301274,0.0028295696,-0.11167906567549135,-0.15968009988953208
1180,-0.008319494,-0.013253904,0.056894843,0.0025976768,-0.0023698405876233035,-0.03444874356688649
1181,0.5910982,-0.14010793,0.014064841,0.0027843777,-0.5751793039818354,-0.16632207024052148
1182,-0.12488686,0.10924,0.04010682,0.00245948,0.09420905852842078,0.0932425623284715
1183,0.014880634,-0.03620912,0.05401987,0.0021636724,0.0844641505861911,-0.05632900003351766
1184,0.031289242,-0.0026546104,0.0141386585,0.001542149,-0.02931597300885993,-0.0213178445873466
1185,-0.25135338,-0.07878878,0.019680535,0.0026621672,0.2689510734277508,-0.1005685303882003
1186,-0.043490026,-0.20429483,0.053119212,0.003066156,0.10690652998612024,-0.22471698032175041
1187,0.24329926,0.28726172,0.01972308,0.004515582,-0.27451880005506435,0.27449480001622584
1188,-0.015562274,-0.10432668,0.05241221,0.0023249893,-0.0837498285612557,-0.12789506742791365
1189,0.30396244,0.5383222,0.04389302,0.009505526,-0.3417712857542643,0.5316353902348346
1190,-0.09457367,0.031154528,0.037415095,0.0040386943,0.06136199448840691,0.010927717724767106
1191,0.030549329,-0.19154681,0.014231509,0.0030152625,-0.024971336603007932,-0.21606675625043098
1192,-0.061222136,-0.1261241,0.013965745,0.0023562824,0.0518001538635094,-0.1485232969542623
1193,-0.40006226,-0.59095323,0.012642942,0.0063362555,0.40665490826026307,-0.6092687717175324
1194,-0.10664442,-0.5331097,0.014563816,0.0038211693,0.09445554025116833,-0.5675371151635883
1195,-0.620389,0.06185288,0.022043305,0.004278148,0.6356493153806249,0.049872908651061705
1196,-0.10373299,0.09786124,0.02939411,0.0020695499,0.09921622135290237,0.07856572647686268
1197,-0.038061358,-0.20401655,0.0149803385,0.0043206373,0.05558285170442792,-0.23947533723669745
1198,0.41309506,-0.020382991,0.023893615,0.0033908393,-0.43853355936334504,-0.04099486241473385
1199,0.076940626,0.05187075,0.02599468,0.002147854,-0.09553927397715833,0.03450571905192418
1200,-0.08647496,0.1027865,0.041878767,0.0023320387,0.08734749435078365,0.09007350450613806
1201,0.13259804,0.07118502,0.048734043,0.0026911623,-0.22182784730910893,0.05687788089021788
1202,0.0034288596,0.09642602,0.06324115,0.002689159,0.012912483446475227,0.07331101489211056
1203,-0.05940007,-0.39373606,0.012046076,0.0070045562,0.03241322864265133,-0.4233584908577069
1204,-0.0053935465,-0.025850145,0.05444523,0.0022455866,-0.021644955035488765,-0.04819957636906306
1205,0.027484465,-0.051023744,0.039899513,0.0027052704,0.0031751290805075464,-0.07726875653447625
1206,0.05062274,0.026918845,0.034469444,0.0036454762,-0.053311021328840275,0.008986120134004613
1207,0.15617195,-0.23533145,0.013962807,0.0032130198,-0.14772272202130318,-0.25935143089428797
1208,-0.1159255,-0.17769475,0.0147571815,0.0036490266,0.11854752891953803,-0.22103859208253082
1209,0.002928064,0.011364681,0.03608675,0.0018781994,-0.0315439391724245,-0.012327143747385833
1210,0.045489855,-0.03488404,0.025178384,0.0018625826,-0.037212357084790454,-0.055970305830850206
1211,0.7328898,0.06267597,0.0082194125,0.0025476057,-0.7565411270584855,0.046038068685094566
1212,0.17578533,0.31214964,0.013657699,0.003236515,-0.16584087322973032,0.296332298703314
1213,0.20031016,-0.086502455,0.028809022,0.007311512,-0.1231794087345681,-0.10896071073190118
1214,0.030923469,0.01447657,0.022753684,0.0017739924,-0.01998853225120511,-0.007058923152830503
1215,0.030735204,0.07664502,0.046211854,0.0023595039,-0.0006303995249688111,0.059620071612474096
1216,0.0987048,-0.08913943,0.015870826,0.0019441134,-0.09185814978229079,-0.11090955010010231
1217,0.029698681,0.037938986,0.019569367,0.0020179306,-0.03484983983993633,0.01715470644037354
1218,0.2676514,0.3038732,0.020886436,0.011179617,-0.32913412440361545,0.3706770462914605
1219,-0.056253694,0.06984558,0.015218356,0.0017357143,0.06589302682684754,0.05307884330687504
1220,0.22764196,-0.012877078,0.036816187,0.0017314712,-0.29515944544836664,-0.032486267709869496
1221,0.23368351,0.16036339,0.023080496,0.0064836927,-0.2196454252119568,0.1406354689911591
1222,-0.4832227,0.6090269,0.01777006,0.00747129,0.5378264094281087,0.6245332220842466
1223,-0.013736752,-0.06868617,0.055673778,0.0032538087,-0.016474300042647126,-0.09210534954328767
1224,-0.09693918,-0.093781315,0.016878564,0.002764107,0.11921284076146776,-0.11657696314293699
1225,0.0064525926,0.04586833,0.051220883,0.0035556178,-0.034819763654544915,0.03072481875423848
1226,0.01683145,-0.038758058,0.023143627,0.0013597034,0.000224490856034816,-0.06157938792593246
1227,-0.012380278,0.042825032,0.016499419,0.0015336056,-0.003837952007470018,0.02546035292833357
1228,-0.222542,0.33818105,0.020325545,0.00540022,0.22165877911475146,0.32724655801600316
1229,0.044443503,-0.10815545,0.03338509,0.0057870154,0.01326894338642221,-0.11687587826427706
1230,-0.5909614,-0.15914315,0.039942697,0.003995453,0.5710684530322084,-0.18464321138293546
1231,-0.68023574,-0.22919063,0.03219764,0.010744082,0.6802232627218029,-0.2670180352009327
1232,-0.30682296,0.37703773,0.013167214,0.0033941148,0.3268260637821812,0.3709723152800371
1233,-0.6623523,-0.0626987,0.01004282,0.0029696012,0.6879750758889587,-0.08668250076412337
1234,0.08351742,0.026664838,0.031086212,0.0030413554,-0.06214033735586853,0.004398703552341862
1235,-0.666906,-0.015369793,0.01163823,0.002479254,0.6978976247867931,-0.03608164642129873
1236,-0.002698231,0.019541627,0.014242438,0.0018205673,-0.0005872026297683644,0.0001449344767386671
1237,-0.3026524,0.65159374,0.016508447,0.004938494,0.3470609137269041,0.6638493746508388
1238,0.1503763,-0.070757285,0.025319263,0.0064775595,-0.16891137733128936,-0.09675836308919009
1239,0.48121446,-0.26306382,0.027011538,0.008780715,-0.5083404389403863,-0.28328112899999214
1240,0.2925865,-0.01772354,0.022188945,0.0025758317,-0.2774168901664354,-0.03471144120953422
1241,0.618963,-0.49889123,0.010386197,0.0077691,-0.6065936078013291,-0.5302042402043177
1242,0.017496254,0.08272331,0.0063349884,0.006077673,-0.019984821013266593,0.06340800418242001
1243,0.04829594,-0.062286317,0.055767246,0.0019872517,-0.044702619526218235,-0.08408162418113561
1244,0.07236694,-0.0007046553,0.041543983,0.0050264853,-0.05101381597388369,-0.02899464430079128
1245,0.18191089,0.09093259,0.04459033,0.009442758,-0.26447285170671125,0.07807594086936973
1246,0.21059936,0.11860847,0.020077756,0.0021298893,-0.21853902479177234,0.10030387786754169
1247,0.028502706,0.08218336,0.015281991,0.002499672,-0.04318697517345908,0.0669864568149984
1248,0.06568769,-0.18423827,0.035813853,0.021167517,-0.0761879622151207,-0.20619094123494391
1249,-0.025054237,0.007207509,0.014047446,0.0014960461,0.026418417728038324,-0.012147565858490582
1250,0.036644116,-0.013312921,0.008050678,0.004190152,-0.04003817283409298,-0.0376646456657537
1251,-0.243205,0.017738102,0.06364459,0.001972404,0.3254553253930766,-0.0007102016518779641
1252,0.595193,-0.2651957,0.03984476,0.008049725,-0.602336476606499,-0.2971688802396357
1253,0.037890047,-0.045089908,0.018852513,0.0019275065,-0.02527796913779923,-0.06733410520699844
1254,-0.015711755,-0.025776768,0.0147571815,0.0022168853,0.02010477084837281,-0.04242231279955679
1255,0.42930466,-0.25364354,0.013437893,0.0040149433,-0.4731229134387472,-0.29534856699676326
1256,0.008238193,0.033013273,0.055153273,0.0022860651,-0.02545928841141151,0.013643772162222156
1257,0.43583605,-0.022746116,0.021621201,0.0031107313,-0.4587308030709346,-0.039283648149362124
1258,-0.5110882,-0.24875644,0.026414597,0.006329253,0.4994910697710483,-0.2757557391688148
1259,0.13801,0.10116998,0.029989623,0.002016049,-0.18943612595738565,0.08023128737779782
1260,0.025661567,0.10050059,0.024652228,0.0024824513,-0.02292291841661863,0.08359334894640116
1261,0.26137006,0.32990956,0.02671073,0.021084283,-0.2632332355294411,0.3115117035192375
1262,-0.0173237,-0.24862513,0.02301782,0.0030569634,0.015165057095343899,-0.270392020039456
1263,0.046059877,0.120228894,0.044551224,0.0016575761,0.006098008359445245,0.10385673984244231
1264,-0.009208821,0.07045501,0.018637238,0.002278296,0.016191094899188914,0.05218017892300272
1265,-0.0063818768,0.038200367,0.05970037,0.0024065808,0.029415764514960224,0.01957550952154258
1266,-0.37705544,0.05965728,0.020833546,0.0052983556,0.46181122863008606,0.05317426521203736
1267,0.059951633,0.0047085993,0.03276564,0.0030176213,-0.09287248548016408,-0.016417385724167097
1268,-0.105474845,-0.22763896,0.01981179,0.0035232054,0.10386294860131844,-0.2490172791611562
1269,0.8179608,-0.13403918,0.011058097,0.0062290533,-0.8397480621998294,-0.1623734208436206
1270,0.12408513,-0.10837915,0.013815967,0.0022502902,-0.12411656572941562,-0.13309024214126133
1271,-0.17594758,0.06581721,0.026761683,0.0029587762,0.17472632931654675,0.0454473739964926
1272,0.09778952,0.036182564,0.056420386,0.0028980842,-0.0927173202846649,0.020173477394303273
1273,-0.1390854,0.08426415,0.036097445,0.0027667293,0.1522790078890239,0.06372908554824494
1274,-0.01057331,0.034378342,0.025309734,0.001688668,-0.0015726024114393739,0.012147731859388706
1275,-0.058304377,-0.042528383,0.013922014,0.0018654346,0.07046834364941537,-0.06302701219926911
1276,-0.19434664,-0.10057679,0.020147394,0.002317675,0.18872618668462193,-0.12210797662123365
1277,0.20253631,-0.19554135,0.013323207,0.0027492128,-0.18099491030420886,-0.21732308944662823
1278,0.17213704,-0.21781792,0.03105339,0.012258221,-0.17162273306026976,-0.28327834752118614
1279,-0.20888573,-0.15279931,0.04050506,0.0028973005,0.2116196155593137,-0.18024309913408812
1280,0.10065527,0.07044323,0.01325239,0.0022917325,-0.11194143402276097,0.05558375618850219
1281,-0.06538942,-0.00789385,0.04865967,0.0014895018,0.051695614744481075,-0.028688528845590124
1282,-0.03633543,0.047297258,0.062111393,0.0047866884,-0.03718128050112509,0.030197186378306737
1283,-0.075679526,-0.07331141,0.043427538,0.005854446,0.07937505090499394,-0.10759316516522413
1284,0.07493598,0.091869555,0.017851096,0.0017690491,-0.07475153165503279,0.07402403155765758
1285,0.011924998,0.3939165,0.03387775,0.0044032503,0.025224126715007587,0.39125438586339917
1286,-0.13728432,-0.017243803,0.017508047,0.0024708724,0.1456419817977726,-0.041472833771322375
1287,-0.009170045,-0.035862215,0.03713533,0.0021838911,-0.04099203342834515,-0.054122304221428365
1288,0.017918631,0.019849984,0.035984863,0.0037837888,-0.05182772957917735,0.0022428030236058298
1289,-0.27876967,0.05198918,0.03165288,0.0026961877,0.2910031806475175,0.03360198494754425
1290,0.61012053,0.06404508,0.028049381,0.0049757594,-0.5691022326637895,0.042755439905968126
1291,-0.020294761,0.013152467,0.02186161,0.0018249277,-0.027039918641463444,-0.0059500079443351546
1292,-0.05363807,-0.0032780417,0.041985996,0.0035640814,0.10881745309855266,-0.026274208170777507
1293,0.100101665,-0.03054547,0.037300948,0.0018839902,-0.08688242683576883,-0.04936898941292881
1294,-0.026874978,0.011016782,0.0574993,0.0037032077,-0.07352127663312018,-0.006202256559709042
1295,0.23396835,-0.00018367427,0.027198216,0.0016897687,-0.19096743965812898,-0.020439308462719182
1296,0.07203189,0.06162352,0.053038947,0.004137053,-0.08355066843720046,0.046404032903445185
1297,0.02647845,0.14048287,0.01817237,0.00368028,-0.02223216589954929,0.12032183128301872
1298,0.07812252,-0.16151945,0.021236265,0.0023550575,-0.058551994104721894,-0.1856533089480034
1299,0.3227067,-0.015928967,0.016336415,0.0024291384,-0.3107504132217411,-0.036769709945790166
1300,-0.56407815,0.07172267,0.01804324,0.0032968863,0.5845718722812212,0.05313806904007852
1301,-0.48545742,-0.01580432,0.019587956,0.0040292023,0.536468828639996,-0.04725726310945683
1302,0.4598841,-0.50203574,0.01715,0.008237414,-0.40100793475020663,-0.5424326433345802
1303,-0.062077723,0.45942447,0.021947797,0.007864991,0.07933378772773368,0.4514455196845198
1304,-0.020477165,-0.038147055,0.032444756,0.0027704344,0.029382275863820285,-0.05694539550299638
1305,0.43445742,0.1329705,0.013609957,0.0021154943,-0.4497062192963379,0.11430060731768919
1306,-0.31672174,-0.48901224,0.020875808,0.009633294,0.28234461853562315,-0.6015260535063249
1307,0.113736905,-0.27447283,0.033026684,0.010104693,-0.1557933754318099,-0.3300581690099101
1308,-0.69083977,-0.4006838,0.04290119,0.016258013,0.6684316270313887,-0.4654257812281251
1309,0.28241283,-0.072605625,0.012305757,0.0029736664,-0.27226835948011324,-0.09916376597691007
1310,-0.33100837,-0.5539218,0.026441762,0.008045181,0.3359380263956199,-0.5710195351190103
1311,0.21442077,-0.12436625,0.027830979,0.0061061056,-0.21949943111563996,-0.1584958228155269
1312,-0.28583,-0.2488908,0.025783379,0.0043971036,0.3158945791795195,-0.2778690822055558
1313,0.17373008,0.64329535,0.016699094,0.0055084117,-0.18328333665913032,0.6298873056143214
1314,-0.056419197,-0.059940346,0.024323724,0.0016202885,0.05867235103174954,-0.08261385403887045
1315,-0.23646817,0.036772955,0.02952468,0.0023826763,0.2367692840841793,0.020529013276244974
1316,-0.0029367795,0.07083745,0.045841854,0.004596718,-0.053130200918629675,0.044740048448276525
1317,0.012621691,-0.4298216,0.018350877,0.016856382,0.004175032981906656,-0.4657206029037866
1318,0.20031016,-0.086502455,0.028809022,0.007311512,-0.1231794087345681,-0.10896071073190118
1319,0.0022667719,0.07900887,0.05056728,0.0019834482,0.03888392949482748,0.06139258443260126
1320,-0.015462669,0.021306997,0.04987549,0.006888536,-0.029166593377560286,0.005991155788064734
1321,0.0113790445,-0.008382433,0.011653193,0.0015631,-0.0019036722429783943,-0.029442201663648537
1322,-0.02161342,0.02530211,0.022174602,0.0020281198,0.03794817483676476,0.004183883731516249
1323,-0.08986466,-0.20988014,0.02305801,0.002711826,0.08665531000239429,-0.2340026424413759
1324,0.1360121,0.2728246,0.038046133,0.006500781,-0.15717712044591983,0.27751305709535457
1325,-0.02807604,0.21951431,0.026605917,0.009504171,0.028908212827579716,0.19675368346175467
1326,-0.008287936,0.062292024,0.021003991,0.0021851144,-0.005171575829697595,0.04740683224289257
1327,0.24874066,-0.1164986,0.014900948,0.002149569,-0.24179684786406527,-0.13993230554823174
1328,-0.15494862,-0.047818847,0.0629938,0.0029550276,0.21238976180869132,-0.06870934675063449
1329,-0.18414843,-0.46382073,0.03241059,0.0139766,0.19273730190018318,-0.5620414772952378
1330,0.121947125,-0.087156825,0.013504345,0.002839709,-0.1217752006465669,-0.10934739620979234
1331,0.032236498,-0.14692059,0.013626303,0.0034876643,-0.02985972403577472,-0.1675194932930292
1332,-0.47057715,0.16051362,0.04927888,0.006853218,0.46521134440960116,0.15157184657293749
1333,-0.45114997,-0.3215116,0.013990317,0.0043448536,0.4632034638513508,-0.3455077161653531
1334,-0.13302706,-0.05661853,0.021362413,0.0038629936,0.12102888858355293,-0.08188274059071818
1335,-0.13034865,0.051705584,0.0155702885,0.0016315087,0.14272456791781557,0.03305609851704684
1336,0.62193066,-0.17262574,0.032117065,0.012934642,-0.4900028460093511,-0.14577662827175877
1337,0.34130043,-0.39215684,0.017016988,0.006659324,-0.381078629210155,-0.4723027670324903
1338,-0.112633646,0.16235201,0.03588792,0.0035799057,0.10178710192580151,0.14612354182696666
1339,-0.05363807,-0.0032780417,0.041985996,0.0035640814,0.10881745309855266,-0.026274208170777507
1340,0.0659819,0.26583755,0.019022945,0.0031525008,-0.08440679673308947,0.24925064712287667
1341,-0.024259677,-0.20496507,0.030508235,0.0035019992,0.001839499513419587,-0.2291715454732453
1342,0.09757795,0.11124158,0.02863793,0.0048208386,-0.033264973172384214,0.09195140805466143
1343,-0.0076685925,0.044644892,0.05028323,0.0026936138,-0.02580124663032389,0.027337929036229936
1344,-0.0006627863,0.00369469,0.015220471,0.0019079666,-0.00338704025539007,-0.01417850976919978
1345,0.2870597,0.05764798,0.050378785,0.0038925153,-0.2810444282578813,0.0395158797667053
1346,-0.030939609,0.048569273,0.042639744,0.00832719,0.01609443081543621,0.03588686326211771
1347,0.6829508,-0.094144136,0.014113154,0.002710155,-0.6901100338612491,-0.11367394029425218
1348,-0.09608982,0.22276087,0.050589375,0.0057023875,-0.0034730828426883602,0.2219071128527941
1349,0.02680325,0.0440712,0.019806765,0.002137279,-0.015873015969171504,0.028188342062236447
1350,-0.28718066,0.29390997,0.031894006,0.004620116,0.26188727206313706,0.2908430184060248
1351,0.024415763,0.022015894,0.039417725,0.0017673279,-0.05376627243411397,0.0026972632162581642
1352,-0.02300662,0.03739835,0.053870667,0.0016365462,0.006883918012657016,0.01791048031305002
1353,0.3088303,0.16816895,0.011884584,0.0025951234,-0.32947675987747255,0.15527783338187912
1354,-0.11393735,-0.001114981,0.016968934,0.002143254,0.1291999313956921,-0.02157723071181418
1355,-0.0031969743,0.03760422,0.011972343,0.0019322195,0.004768787487767951,0.01785895253474608
1356,0.16489202,0.18357424,0.054021448,0.0031226638,-0.2983334070209074,0.16319690415015833
1357,-0.05533417,-0.033107374,0.050890338,0.002145176,0.22105681819035491,-0.05221779186148093
1358,0.48084903,-0.1689129,0.015945332,0.003485767,-0.49093011430256245,-0.19217453351312924
1359,-0.061859332,0.033313755,0.010672844,0.0020061831,0.06241190218345029,0.011345502338114261
1360,0.10909201,-0.14909443,0.035237454,0.0028102344,-0.043603523695818,-0.17472760610875251
1361,-0.07190442,-0.41941577,0.0127819525,0.0036548697,0.06348380621911917,-0.4559838476575253
1362,0.013924695,0.01397845,0.05423647,0.0016285534,0.0390678738587203,-0.004434139574975699
1363,0.0031384123,0.11776975,0.03519234,0.002692835,-0.05833459922448263,0.10034946697214385
1364,-0.0041883467,-0.06164616,0.056296777,0.003257634,-0.10473195791365536,-0.08032564394228828
1365,0.22740673,0.14702925,0.018281117,0.0040241764,-0.2584378707105369,0.13919194750009045
1366,0.012169739,-0.10241253,0.023829594,0.009738524,0.01205251631145268,-0.12952202756331932
1367,-0.20888573,-0.15279931,0.04050506,0.0028973005,0.2116196155593137,-0.18024309913408812
1368,-0.11584195,-0.04316623,0.04090553,0.0020108062,0.12709385869206263,-0.06766684001063245
1369,-0.015189223,0.09145964,0.052959915,0.0018356396,0.013553487556018378,0.07378471156217686
1370,0.22050418,-0.194772,0.020722859,0.0140960775,-0.28053938633073794,-0.28691272004879387
1371,0.36148474,-0.38838452,0.011594395,0.0036666542,-0.36747825323924727,-0.4151731345071871
1372,-0.152048,-0.7035153,0.017135115,0.003995419,0.16822722143756466,-0.7271172559835732
1373,-0.0021163225,-0.03995039,0.03767183,0.004917033,-0.0052100300327723725,-0.06202886637032992
1374,0.34831727,0.73676723,0.019625364,0.0072912914,-0.3441407011726553,0.7566129909076695
1375,0.0026191454,0.02152096,0.011921691,0.0025039257,-0.004271402204008721,0.002893738355369189
1376,0.009844674,-0.004168551,0.03631325,0.0019995472,0.014983875033192946,-0.025293602340272427
1377,0.42628047,-0.515193,0.039186426,0.010214803,-0.5387390911052462,-0.508268473133433
1378,-0.0419761,-0.027287513,0.061734106,0.0035477495,0.13148699332741795,-0.050447592984780604
1379,0.10942494,-0.14880022,0.010837246,0.0023916017,-0.09227130153333758,-0.1725686239539613
1380,-0.13095301,-0.19258839,0.016246691,0.0032943878,0.14838085229211068,-0.22904755982879602
1381,0.0997919,-0.08949563,0.046832815,0.001891153,-0.08094124775438066,-0.1113955549008217
1382,0.07493598,0.091869555,0.017851096,0.0017690491,-0.07475153165503279,0.07402403155765758
1383,0.5759955,0.331775,0.014387337,0.0047946014,-0.5843459381559959,0.3185483595595823
1384,0.34881702,-0.11802195,0.012174216,0.0024788459,-0.36859627673529166,-0.14992181485924413
1385,-0.055283163,-0.0068857046,0.044493526,0.0014842161,0.09492111518177226,-0.027332423038587805
1386,-0.056419197,-0.059940346,0.024323724,0.0016202885,0.05867235103174954,-0.08261385403887045
1387,0.021500153,0.02265201,0.022894556,0.0017771787,-0.04170683494682878,0.003258410916343032
1388,0.008932397,0.033072084,0.041880596,0.0013976682,0.05893175712560422,0.012819009272275448
1389,0.112141415,0.1297229,0.02509073,0.006347831,-0.16439335638186395,0.11965805713695775
1390,-0.23918977,0.07074792,0.02692381,0.0022546253,0.25546576873151705,0.05300859104680601
1391,-0.26111588,0.1325313,0.020916324,0.002676852,0.2914878586275994,0.11356573760995699
1392,0.0036290474,0.021985244,0.034795206,0.0026480476,-1.2051673844951809e-05,0.003330405734899587
1393,-0.124769755,0.05361611,0.01443516,0.0021056344,0.12796246153515117,0.04008085319397862
1394,0.028633373,-0.058806907,0.03567663,0.0019994066,0.017752588155467455,-0.08208970249648215
1395,0.01523194,0.11359077,0.045392424,0.005199717,0.009093699021852532,0.1027421312007025
1396,0.07411315,0.35443598,0.0147452,0.002371901,-0.07084199841397676,0.34839084556455213
1397,-0.115683526,-0.059941627,0.06263388,0.0024001477,0.20189951147299423,-0.0800361028493044
1398,-0.26447752,-0.69487923,0.012841621,0.003354276,0.27250346143093235,-0.7074589846077795
1399,-0.81117284,-0.38903862,0.006419683,0.00422546,0.8178874387497499,-0.4067577417149866
1400,0.002413481,-0.016884884,0.0402581,0.0031269537,-0.010892324555648735,-0.04196428036241502
1401,-0.033970002,-0.020543965,0.052024912,0.003924261,-0.03730971656097349,-0.046561800815038
1402,0.013634119,0.025037974,0.0332729,0.0016261401,0.004115871190653822,0.005448795449678097
1403,0.008803785,0.009581385,0.016290559,0.0018769644,0.00388762056055339,-0.011790751952228078
1404,-0.73696834,0.47539777,0.010082238,0.0074840253,0.7542274635397351,0.4613569845395736
1405,0.28709257,-0.040027913,0.015811924,0.0016750412,-0.29834883370397525,-0.0595388302245849
1406,-0.008272521,0.021032033,0.019397626,0.0019196058,-0.008125984523726879,0.0025623738348975627
1407,-0.06532311,-0.26490209,0.014864654,0.002689584,0.10055322153287923,-0.2851946055515025
1408,-0.29034245,0.1388268,0.05953583,0.005343317,0.35134764890566306,0.12958616587938462
1409,-0.00033634878,-0.0169296,0.032271747,0.0026196195,-0.009814529928334871,-0.04203427990126676
1410,-0.2036935,0.21330172,0.053356234,0.004786734,0.16928199384450435,0.20753450985394847
1411,-0.21224889,-0.81480956,0.029191285,0.00939926,0.17243612356849242,-0.8438670288386906
1412,-0.255334,0.11883784,0.023031684,0.004759299,0.25747391921506463,0.10469217507832193
1413,-0.722963,-0.044760056,0.023162264,0.0035959217,0.759154568324257,-0.06537833476589515
1414,0.025075251,-0.2259548,0.030537488,0.004293706,-0.022035446589546516,-0.25146798710573376
1415,-0.029707883,0.05674163,0.030958854,0.0019504502,0.09373751475571689,0.038407756481428725
1416,-0.000550573,0.7631258,0.03169838,0.010145237,0.04376147307983348,0.7791072808234303
1417,-0.010800671,0.008463894,0.025032949,0.0014514276,-0.036524358075040855,-0.01285218215494496
1418,-0.6451375,-0.10978306,0.021533702,0.003682529,0.6648934837610692,-0.12880101763782265
1419,0.012711831,0.020825393,0.013852533,0.0020779837,-0.012770430917781303,0.0021870819505365943
1420,-0.06791687,0.0018637059,0.016565198,0.0025807058,0.06754379635882551,-0.016708734596406344
1421,0.2027017,-0.17823778,0.043105714,0.005351615,-0.2975247568379828,-0.22460811020527102
1422,0.028836126,0.024359921,0.030333968,0.0024910774,0.01531292916102377,0.005746498446356652
1423,-0.10185604,0.2426848,0.050655104,0.0059403973,0.026364958458590937,0.22364540233349978
1424,0.0987048,-0.08913943,0.015870826,0.0019441134,-0.09185814978229079,-0.11090955010010231
1425,0.023613883,0.07521936,0.025028879,0.00401424,-0.03298520676444404,0.06625465123378482
1426,-0.04013466,-0.017043432,0.02370166,0.0024138642,0.020172241231866297,-0.04190524870771287
1427,0.28983152,0.4529625,0.016651725,0.0043135392,-0.2978399113109767,0.4385852212394079
1428,0.02965955,0.18966085,0.014402494,0.002486974,-0.025662802737074653,0.1758501173037678
1429,0.06330662,0.045105536,0.058413457,0.0048158653,-0.09824108533198583,0.0262495950261192
1430,0.03797806,0.029077481,0.021749869,0.0015892714,0.026951941578391987,0.010360206262421155
1431,0.19844355,0.44820878,0.02597029,0.010502063,-0.23829776666404892,0.49907911801073696
1432,-0.010512173,0.014096389,0.0313314,0.0026657472,-0.018844830305746123,-0.003040083880403152
1433,0.17104647,0.08040606,0.04611419,0.007655489,-0.20915917360958192,0.07639481214239062
1434,-0.13728432,-0.017243803,0.017508047,0.0024708724,0.1456419817977726,-0.041472833771322375
1435,0.022325633,0.036271226,0.017151639,0.0026968652,-0.025479333994071422,0.020606745437970437
1436,-0.036103327,0.3148833,0.030784205,0.004192879,0.03883235901646161,0.30294145942902884
1437,-0.13905826,-0.06607728,0.020176481,0.002304165,0.16026977848317134,-0.08515772875872393
1438,-0.4162696,-0.28199643,0.014690811,0.0031897926,0.42900803253646197,-0.30396880885021244
1439,-0.27390966,0.31359568,0.024466466,0.005034098,0.28672699624870757,0.3090375589077511
1440,-0.020304114,0.08811102,0.01489707,0.002867493,0.027390932984066488,0.06839288468935407
1441,0.004411754,0.0021296523,0.060675796,0.0028663545,0.006979612272722628,-0.018007205660378285
1442,-0.18265963,-0.072433814,0.01684633,0.0025626484,0.190220676603762,-0.09726175418292123
1443,-0.017926516,0.015163443,0.022546124,0.0015085906,0.02205918358719896,-0.0044186522092322334
1444,0.0854638,-0.1550997,0.05383824,0.002596588,-0.08884553027562955,-0.17480347970754861
1445,0.37970662,-0.13382223,0.01955639,0.008146129,-0.4898142235033787,-0.18879781023335843
1446,-0.70023197,0.28586042,0.01031057,0.0069098016,0.7175521318057609,0.2648041975232587
1447,-0.044597175,0.02713161,0.026319155,0.0030694532,0.014079931748340085,0.010683701598375828
1448,-0.76781905,0.2104411,0.013616775,0.0051659397,0.7831301472099578,0.20101887046254713
1449,0.08211838,0.057501573,0.031021265,0.001907093,-0.06970482891786581,0.036686003224181925
1450,-0.016500758,0.056567125,0.031872418,0.0027284566,-0.005587866870911744,0.039614823337955477
1451,0.0020423327,-0.037758365,0.02340976,0.0026865946,0.016354548061392866,-0.06233690333497537
1452,0.22999536,-0.07558431,0.043235525,0.0022374727,-0.26870744947082703,-0.1003668524114905
1453,-0.055715702,-0.018084448,0.015780712,0.0014809493,0.06679138564649206,-0.03992078208072789
1454,7.702736e-06,0.013571177,0.027707728,0.00138089,0.028585993612214096,-0.006580219263062742
1455,-0.037257347,0.3201106,0.033012383,0.052450158,-0.022146520947260627,0.21028785630254915
1456,0.16915795,-0.110986985,0.0158192,0.0019910962,-0.17766661727219918,-0.13768531998910946
1457,0.04803879,-0.18367071,0.03455213,0.006444788,-0.013257206143265605,-0.19125436916241423
1458,0.107988186,0.42298862,0.044793364,0.009899253,-0.19053067767336893,0.40494685675284015
1459,-0.01659269,0.020408353,0.034986194,0.0025228893,0.01208005749475022,-0.0007673128196233579
1460,0.118165806,-0.6503868,0.038800053,0.014483791,-0.10248730898168296,-0.6703510613684557
1461,0.046864446,-0.025289474,0.030091884,0.0030352848,-0.06462149838894723,-0.045841915865286825
1462,0.029698681,0.037938986,0.019569367,0.0020179306,-0.03484983983993633,0.01715470644037354
1463,0.0129876165,-0.052718922,0.012262421,0.002373302,-0.007669613834583044,-0.07382155450325054
1464,0.18480422,-0.8587702,0.018478677,0.00692088,-0.2016022761950512,-0.8863387262006907
1465,-0.115683526,-0.059941627,0.06263388,0.0024001477,0.20189951147299423,-0.0800361028493044
1466,0.008153281,0.05478522,0.052996665,0.0050506755,0.01828475881873727,0.04009145647629328
1467,-0.0936732,0.034485463,0.035951518,0.00533318,0.13190624495448272,0.023780190407094625
1468,0.07034587,0.4175979,0.028928082,0.013755439,-0.07869817335906515,0.3903151651418414
1469,-0.27959645,-0.07855605,0.035168517,0.0040728627,0.27665763203209637,-0.10336248322387526
1470,-0.5816544,0.1902653,0.011412557,0.005909144,0.5997619019358592,0.17314143891823092
1471,0.54168874,0.006748532,0.04120508,0.008533637,-0.5875884134996422,-0.01446178857884223
1472,0.252385,-0.317588,0.05068638,0.0053076423,-0.29867845383010055,-0.3336326830057069
1473,-0.17124064,0.07943743,0.059169147,0.0027588368,0.20206734354289416,0.06036691803815125
1474,0.07008953,0.15293281,0.03100254,0.007616092,-0.09131722790826535,0.15196470763428793
1475,0.08166891,0.06316936,0.018222474,0.0034189087,-0.0977405070954816,0.050440530144785896
1476,0.0027198032,-0.01226006,0.027490873,0.0017765827,0.018505503428966973,-0.03180085310575748
1477,0.08081034,0.025424995,0.028267853,0.001810629,-0.037110904946044194,0.007417250721103508
1478,-0.0018666516,0.07869263,0.043259274,0.0035685468,-0.03311489301811767,0.057709951755379414
1479,-0.15833531,0.2964813,0.017535342,0.004802277,0.1740014382723288,0.3192322703831355
1480,-0.0037851068,0.019244779,0.018628346,0.0018986537,0.030848703200340152,-0.0003052736317313933
1481,-0.3866288,0.083936006,0.01705039,0.0031545076,0.4188539267166752,0.07535387125208427
1482,0.22872943,-0.06206683,0.021753369,0.0027903072,-0.21518017379299587,-0.08671063850971299
1483,-0.067381345,-0.17592914,0.03749766,0.0026742842,0.136179990773928,-0.19864138283228977
1484,0.040854327,0.04968936,0.03351087,0.0034047142,-0.08103952573451005,0.03558472953923543
1485,0.24697748,0.17493907,0.0146488715,0.0032568958,-0.2605579220867606,0.16087127519010813
1486,-0.1968585,-0.1125261,0.016342396,0.0021183726,0.20967883718620772,-0.13218750942989782
1487,0.06965034,0.034433257,0.041550726,0.0019367613,-0.1253371873815076,0.013097733861229104
1488,-0.015080614,0.03909055,0.051614374,0.0031987566,-0.02109027534464938,0.02088625297813664
1489,0.48717254,-0.08112936,0.019430483,0.0055149533,-0.5902766010763992,-0.12323673937987903
1490,0.43897757,-0.06979489,0.018101195,0.002563822,-0.4331596556777666,-0.09187952516173063
1491,-0.322334,0.12149387,0.038261056,0.0028063213,0.31893164140431557,0.10122849054597026
1492,-0.095322624,-0.0022481494,0.05940239,0.003895927,0.052275796723995696,-0.02439407461204983
1493,-0.035073902,0.2801624,0.04961461,0.002373886,0.07689922317298979,0.269785474077612
1494,0.020599626,0.024193281,0.015144619,0.0017790425,-0.04331072074698296,0.006961177856632806
1495,0.06489344,-0.06034432,0.015741516,0.0027784328,-0.06420931874880863,-0.0890823397252761
1496,-0.051688038,0.05452431,0.049521133,0.0027515348,0.08512445688415105,0.039300252688016464
1497,-0.07864119,0.09578197,0.028729212,0.0022257615,0.045736971872328926,0.08055466201176462
1498,0.15608901,0.18131775,0.054360673,0.013538043,-0.1650158482564354,0.16248343837414445
1499,-0.08484966,0.9206282,0.021528682,0.0061531123,0.06983191850900743,0.9240728677251292
1500,-0.037921596,0.1183608,0.052449316,0.007442777,-0.005214558205807063,0.11322702741396225
1501,0.24370997,0.8674473,0.014625261,0.0039950376,-0.25646086574989296,0.8714207893970016
1502,0.042088248,-0.18235768,0.012529931,0.0031398837,-0.028332954484939256,-0.20579010946530418
1503,0.10570936,0.24695975,0.029921016,0.0045039165,-0.11145115234698398,0.2320886233378968
1504,-0.2685159,0.22118072,0.01596774,0.002472871,0.2945547383314785,0.20408658114870884
1505,-0.2290394,0.4375468,0.03884019,0.008024065,0.2538699814511121,0.427272688550182
1506,0.011221429,-0.056072842,0.04578252,0.0029996522,-0.0912458313178076,-0.08565724144056715
1507,0.026114624,0.008940863,0.043349348,0.0013097955,-0.010753323005008565,-0.011814533234304907
1508,-0.00070544705,-0.0048888037,0.051082697,0.0016245687,-0.016060343362876598,-0.024170651614186772
1509,0.09532805,-0.09876112,0.05494218,0.002193089,-0.13349812331436786,-0.12205986821751691
1510,-0.021984814,-0.0816861,0.016285632,0.0027241588,0.037929250756355004,-0.0928711881356131
1511,0.038934905,-0.00071614626,0.052204948,0.0019164186,-0.03152584217179445,-0.021262355780386658
1512,0.18102951,0.040981513,0.048700884,0.0019002864,-0.17081421650261142,0.021810931421293967
1513,0.110351294,0.12981112,0.053776793,0.0071350695,-0.17859323904289878,0.11306057510377311
1514,0.23501065,-0.32619938,0.03973742,0.0045383195,-0.26445814436369236,-0.3554757347009265
1515,0.3088303,0.16816895,0.011884584,0.0025951234,-0.32947675987747255,0.15527783338187912
1516,0.15444642,0.0032892528,0.01796339,0.0026525264,-0.1693436929736941,-0.011918520958926669
1517,-0.32280675,0.16486335,0.024761086,0.0037651937,0.35891385597389835,0.1534132016400246
1518,0.0564222,0.120474674,0.014709018,0.0021725346,-0.06521831552204824,0.10471710717657189
1519,-0.009248327,0.024172463,0.024729922,0.0022869199,-0.011079248836226787,0.005918523012347429
1520,0.15426171,0.08909633,0.031376112,0.0028421758,-0.15509212362191985,0.0775816669113453
1521,0.0017819824,0.017553722,0.01879835,0.0029713511,0.006962065660393747,-0.0016079791639801817
1522,0.21186514,0.08870032,0.046360504,0.0054465756,-0.18145429173338024,0.07086070705035168
1523,-0.12686078,0.1493126,0.016390244,0.003409389,0.11730130138996749,0.1393374251984049
1524,0.2998618,-0.06971382,0.058018018,0.0027940138,-0.29341750755712576,-0.09517750603873636
1525,0.46038663,0.27226642,0.012205778,0.0027946562,-0.49129857512306174,0.26873380937014957
1526,-0.13728432,-0.017243803,0.017508047,0.0024708724,0.1456419817977726,-0.041472833771322375
1527,0.016210137,-0.0023384537,0.016675998,0.0023104546,0.007344994358650564,-0.020774676783735777
1528,-0.03223332,-0.050145436,0.051929396,0.0022280135,0.08106299555391927,-0.07327876642052557
1529,0.5692673,-0.023713693,0.014370768,0.0026905788,-0.6165369799246123,-0.04758858212822106
1530,0.42917234,-0.74850875,0.021267073,0.01013466,-0.41347315841048354,-0.7776363455956835
1531,0.0013912227,-0.017587526,0.05105393,0.001987164,0.03653296720437299,-0.03887754593585424
1532,0.21473739,-0.6033317,0.028028054,0.010042863,-0.21074032551789043,-0.6296080108797732
1533,0.14261292,-0.051991396,0.016523223,0.0026589318,-0.152332648433014,-0.07605225970341611
1534,0.07071514,0.72466177,0.019466374,0.0053938297,-0.07022061754741965,0.740415672583368
1535,0.0082778195,0.43856657,0.02598597,0.013342682,0.013288027838875217,0.424474313779249
1536,0.05595838,0.23200874,0.013602311,0.0028736107,-0.05754243224857378,0.22092241971326987
1537,-0.35886654,0.06495831,0.027502932,0.003946951,0.4019104873058385,0.054066721604704805
1538,-0.33172804,0.47424072,0.015073344,0.0052883215,0.3454638065905635,0.4673809444006795
1539,0.04632987,-0.05818161,0.014737565,0.002049207,-0.04850621676266997,-0.07921065578980732
1540,-0.40917152,-0.5337837,0.012577844,0.004954844,0.40714818730457786,-0.5606136303566597
1541,-0.11477675,0.6079855,0.019091483,0.0034984478,0.12867578230315935,0.6144532698259491
1542,-0.12389483,-0.061656862,0.036498196,0.0021879722,0.08255737518932026,-0.08450970543754892
1543,-0.047609497,0.030548386,0.058179546,0.0020553889,0.03398443748885096,0.01235215877062654
1544,-0.12845315,-0.04251232,0.02160055,0.00205986,0.16237644142688468,-0.062421903974153356
1545,-0.36961356,0.12615259,0.028666196,0.003543769,0.40682326181960543,0.10736292943192632
1546,-0.24150218,0.07899881,0.032341573,0.003786225,0.25174487626769604,0.060150428146734713
1547,0.2413161,0.748966,0.020752052,0.005851364,-0.24880533120815043,0.7525327829977526
1548,0.5500207,-0.034892775,0.01156258,0.002818584,-0.5599825293430274,-0.05594729887998904
1549,-0.034560423,0.15884717,0.056658763,0.004852251,0.009292334896928229,0.14453876467025306
1550,0.41563672,-0.16944219,0.023521895,0.005468702,-0.40859033827672625,-0.18657292713588794
1551,0.30407193,-0.003974146,0.012164796,0.0017261903,-0.3065888231084854,-0.023037699017451417
1552,-0.04128904,-0.020638281,0.029287148,0.0020604848,0.06695238027839763,-0.04312949273140468
1553,0.049061306,0.17477274,0.042381655,0.0020946884,0.0002563710693640104,0.15864668618687833
1554,-0.00031718018,0.022071093,0.015852755,0.0017252349,0.003089606437618323,0.0036712229053819647
1555,-0.07057917,0.28715605,0.012632583,0.0026469321,0.07489667707420959,0.2737699625593339
1556,-0.2925896,-0.36787477,0.014777033,0.004975524,0.30934326192166844,-0.3964518294602362
1557,-0.0149516035,0.012696364,0.017176365,0.0051215906,0.024942243262912295,-0.012534358497395677
1558,-0.0011014374,-0.013162117,0.059873406,0.0017043859,0.005343005978861634,-0.03070954253081159
1559,0.38254774,0.19511195,0.035142045,0.0031794407,-0.40935516596458205,0.17674249988271604
1560,-0.06554114,0.02745782,0.059250165,0.0060338546,0.055854746828653185,0.01817174842357768
1561,0.10697922,-0.013756343,0.025483133,0.0018548334,-0.16473796644506675,-0.034275115465263885
1562,0.017044676,0.11102426,0.01825747,0.0021847903,-0.030456956177030207,0.09126361310833189
1563,0.077037476,0.45085728,0.01672676,0.005075107,-0.07521372881547966,0.45088397397540825
1564,0.21445827,0.3206671,0.017050974,0.0047267578,-0.22654555440417787,0.30775090466563887
1565,-0.2925896,-0.36787477,0.014777033,0.004975524,0.30934326192166844,-0.3964518294602362
1566,-0.11312264,0.14610618,0.017010659,0.0027847174,0.11942293417940505,0.12546060292728692
1567,-0.24439742,-0.15195452,0.016842345,0.0022817408,0.2608700600266783,-0.17363741220905715
1568,0.07481817,0.109621495,0.053020064,0.0020281835,-0.0714789542844026,0.09157493046139102
1569,-0.91463655,0.18303424,0.004776412,0.004336691,0.9254707777623845,0.16465678571600542
1570,-0.58876777,0.10146289,0.020400183,0.004238505,0.5767663238001113,0.07688679027496431
1571,-0.4363737,0.19880275,0.031805664,0.0038438973,0.44507799514389645,0.18641670277186279
1572,-0.0138468575,0.09627424,0.04589139,0.001639705,0.0778686711894183,0.07880295360780798
1573,-0.061969705,0.024366654,0.041811086,0.0017665063,0.02556188515636691,0.0064990400575880595
1574,0.2750244,-0.3092228,0.035345398,0.007258934,-0.2947590837065042,-0.3415004077788275
1575,0.017770931,-0.019570403,0.023378663,0.003339627,-0.03698563386045669,-0.04774188356436626
1576,0.40370646,0.031298324,0.013411428,0.0027071538,-0.40928828284176405,0.01166057449698404
1577,0.26397863,0.032692213,0.02071889,0.002356833,-0.2618574767388027,0.014459071248344392
1578,-0.7280147,0.22868668,0.02961275,0.008438639,0.7437672176094706,0.21919808234762092
1579,-0.009170045,-0.035862215,0.03713533,0.0021838911,-0.04099203342834515,-0.054122304221428365
1580,-0.55081874,0.070779145,0.024465421,0.0045289723,0.578369904871296,0.05090786958646884
1581,-0.34441918,0.084321104,0.055980533,0.0042080213,0.3482342817647465,0.06836558188689035
1582,0.07203189,0.06162352,0.053038947,0.004137053,-0.08355066843720046,0.046404032903445185
1583,-0.23129597,0.375425,0.012529577,0.0052331104,0.2413923409018693,0.3640679191432265
1584,0.06466874,0.005211521,0.03061958,0.0015326298,-0.06545635066540055,-0.015526151586196815
1585,0.00435016,0.056754634,0.020853044,0.0023281628,0.01988347958688954,0.03994235750979854
1586,0.09316616,0.087928355,0.021796176,0.0025693765,-0.10273473422855041,0.07281642241472114
1587,-0.040443685,0.095990255,0.037714995,0.002516853,-0.0047402872622130466,0.08223202513287424
1588,-0.076253854,-0.041921824,0.051512364,0.002191525,0.05815007433063293,-0.061765315088556934
1589,0.07820685,0.91694325,0.022825463,0.0049957046,-0.07122910712902913,0.932965171554274
1590,-0.03956928,-0.054837164,0.029519701,0.0040176488,0.02527174405827047,-0.08883078049404049
1591,-0.025157355,-0.021582685,0.048666928,0.0050324355,-0.013902852474719831,-0.04141812861943954
1592,0.05203259,-0.6252654,0.0497429,0.0070301276,0.005759254880620739,-0.6412742781442823
1593,0.060811773,-0.04022735,0.04685967,0.0015279201,-0.058433295038926344,-0.06195284034658965
1594,0.049916726,0.19409674,0.047450777,0.0022398352,-0.09553496711889188,0.1787532267354672
1595,-0.08146499,0.068432845,0.016786547,0.0028691269,0.07358558178675341,0.05331254385254941
1596,-0.017678207,0.028688254,0.016728401,0.001999803,0.012881480336873743,0.009472974785899866
1597,-0.10785347,-0.46338394,0.04624783,0.008928753,0.12152304872997258,-0.49237916263248754
1598,-0.010623215,-0.058723472,0.012746052,0.0015036145,0.010603185777803933,-0.07954555484594335
1599,-0.0489636,0.0018110818,0.034820538,0.004451443,0.04003675106054603,-0.021396497969518563
1600,0.053683843,0.023352573,0.03153899,0.0014706354,-0.00415444275093987,0.005105996159870564
1601,0.014747121,-0.06478303,0.047430772,0.002164133,0.021963916067504932,-0.08652187220013312
1602,0.4232333,-0.4704738,0.036508888,0.019508872,-0.4588819101639928,-0.49279741081839723
1603,-0.14170708,0.010335313,0.047508646,0.0040659457,0.1439308548794045,-0.0014644461436682495
1604,0.0047730035,1.6688486e-05,0.013383081,0.0019901625,-0.0107331790454578,-0.022631327852223708
1605,-0.022362964,0.013425969,0.03918345,0.0077412967,0.09001934340954049,-0.009651331736358642
1606,-0.06085705,-0.08523979,0.017604802,0.003844823,0.06713516209861407,-0.10040503920393219
1607,-0.36156195,0.11805146,0.03291953,0.0037891997,0.3869606497034619,0.09901329263742231
1608,-0.071560286,0.09229254,0.014276873,0.0022818132,0.07139781379877073,0.07918024031804596
1609,-0.01019074,0.36575162,0.015607261,0.0047851685,0.009554952345355798,0.35370332237230556
1610,-0.038291078,0.2740501,0.023342678,0.005846849,0.05626699292230191,0.26323588333645614
1611,-0.14507407,0.0732233,0.034822725,0.003910597,0.11863318107395014,0.0492354279728647
1612,-0.0012145095,-0.28346425,0.03541018,0.027063131,0.027820044043453472,-0.27957489605178587
1613,0.028726578,0.059931636,0.03661911,0.0053909523,0.031483163242439285,0.044136455398724
1614,-0.07578666,0.540069,0.019081308,0.005640567,0.08361203790257016,0.5310968909821472
1615,0.13635369,-0.030083546,0.02922961,0.0023577535,-0.12276955628864922,-0.05358929205324407
1616,0.10105295,0.013582547,0.032788254,0.0018335595,-0.09962880619813935,-0.0076408765291593045
1617,0.054325543,0.013839466,0.014465006,0.001818443,-0.06457795728645209,-0.004735205068744665
1618,-0.006214104,-0.20519572,0.03349473,0.0022887334,-0.0059204580040586085,-0.2318991669118056
1619,0.0688446,-0.035801686,0.012119806,0.0032219605,-0.061822681969177715,-0.07158461739732079
1620,-0.4569845,0.06547822,0.041983485,0.0055147377,0.45490939617447623,0.04527542606135081
1621,0.23112625,0.17364666,0.015505501,0.0018981447,-0.2359636841383028,0.1586517965249106
1622,-0.14146213,-0.14793018,0.019133937,0.0027252017,0.1800896826374038,-0.1743905911497894
1623,-0.09583926,-0.23595418,0.016484879,0.0036519945,0.08962448127460357,-0.25907315536227077
1624,-0.03355411,-0.15457971,0.038942926,0.011892207,0.06774868233792292,-0.1973474801408573
1625,0.16791815,0.20555213,0.045695864,0.0073685013,-0.1894801212196027,0.20121044574656452
1626,-0.0055747433,0.009235149,0.031146646,0.0029370002,-0.0023507852249017593,-0.011234375955627145
1627,-0.3509532,-0.10219961,0.02392411,0.0036675476,0.3583966206255772,-0.12448290324551795
1628,0.009808189,-0.23280567,0.017422413,0.0046104323,-0.0010174329865893896,-0.2832914925107695
1629,0.5833305,-0.018130412,0.01174427,0.002322269,-0.6388346760316376,-0.03796504375985969
1630,-0.6013957,0.043821152,0.023793511,0.0034609917,0.6461724330110694,0.026023945385403598
1631,-0.020517057,0.21599303,0.04886358,0.004554502,0.03052349660028407,0.20594058460868142
1632,0.015451682,-0.0057194857,0.03719701,0.0018119034,0.020175157987883063,-0.026750785034914792
1633,0.16742904,-0.23464926,0.020463608,0.0050542494,-0.17844647986576714,-0.2788905848248206
1634,0.03591903,0.20530975,0.014793125,0.0034472265,-0.025850710392915928,0.18882773395743713
1635,0.0027723908,0.04046293,0.03738501,0.0029595061,0.02979525727021582,0.022207690570860417
1636,-0.0076685925,0.044644892,0.05028323,0.0026936138,-0.02580124663032389,0.027337929036229936
1637,-0.04411762,-0.017052148,0.05898812,0.004124882,-0.002932210159191355,-0.036043034245529064
1638,-0.2794798,0.22225331,0.017831072,0.0034303782,0.32812347428076155,0.2000188409397662
1639,-0.08840381,-0.000998394,0.040547527,0.0029536253,0.10259808836842471,-0.01964891533607509
1640,0.09455561,0.5142998,0.049130097,0.007838203,-0.08597257346935566,0.5086292971100405
1641,-0.0025390517,-0.008563584,0.032902,0.0021005552,-0.02722925133498683,-0.030685095690891003
1642,0.5159864,0.38843086,0.00955906,0.0040990664,-0.5321997166012258,0.3781009725200249
1643,0.026971946,-0.16442369,0.053192906,0.0031798223,0.01595425604932073,-0.18913024618425428
1644,0.0779708,-0.22168735,0.014532212,0.0033466972,-0.06680891911652174,-0.24462353993128835
1645,-0.12482823,0.15017003,0.018407876,0.004161382,0.1201691502397837,0.140824490065805
1646,-0.015798887,0.061224557,0.022583073,0.002202026,-0.009593590714137661,0.04304137456633851
1647,-0.1234425,0.018097864,0.01719769,0.0016611515,0.14190666042954123,-0.0005315183764814543
1648,0.058772836,0.19115165,0.034764584,0.0022214786,-0.10876472714022542,0.17813817491162912
1649,-0.031881258,0.07015812,0.05874029,0.0041780397,-0.006211024084802219,0.04458023222845613
1650,-0.020266185,0.061709955,0.037758276,0.0027593672,0.00433198493623365,0.033637388608441454
1651,-0.27876967,0.05198918,0.03165288,0.0026961877,0.2910031806475175,0.03360198494754425
1652,0.013541308,-0.038618192,0.028698979,0.0024502857,-0.03393427384289472,-0.05880071082870096
1653,-0.2895153,0.35689068,0.040131904,0.021832824,0.31405957784909655,0.33105300737192717
1654,-0.45908055,-0.35072058,0.024462515,0.005858658,0.4555207748728537,-0.37552026517060155
1655,-0.006924339,0.095529266,0.036985647,0.0032495633,-0.03412758648829107,0.081175234496209
1656,0.03410245,0.02963732,0.043380965,0.001463014,-0.05692727428382482,0.010852908008025028
1657,-0.03451425,0.03665723,0.041732773,0.007527717,0.006877743402309682,0.01922571771162296
1658,-0.30721238,-0.25158045,0.014705143,0.0040154434,0.3079590400624023,-0.27310023958428625
1659,-0.11674542,-0.4632459,0.022222638,0.0058686053,0.12143557289136371,-0.4982043306929209
1660,0.09448275,0.10369313,0.019829089,0.004036159,-0.1018305995520661,0.09249055327764821
1661,-0.10785347,-0.46338394,0.04624783,0.008928753,0.12152304872997258,-0.49237916263248754
1662,-0.053739835,0.011465778,0.012241224,0.0016072893,0.05959004513899284,-0.009702181409042514
1663,0.2214819,-0.32412726,0.022622697,0.00798566,-0.2258667477922357,-0.3470148984709473
1664,-0.1991297,0.12119926,0.028194144,0.0029988182,0.23995402049088993,0.10328328047843921
1665,0.1779993,-0.113389604,0.014647462,0.0022216355,-0.1611297396967548,-0.13004519145230378
1666,0.25576967,-0.052424,0.02012157,0.0023260436,-0.2335160668849556,-0.06957315319027328
1667,-0.40656242,-0.3069386,0.022408,0.003845193,0.4677162205799744,-0.321624464218854
1668,0.4773505,0.4100359,0.011305536,0.0046033384,-0.4867423744179721,0.4011721356248077
1669,-0.013433552,0.035429925,0.025506375,0.001870492,-0.011404007368894992,0.01585681401262277
1670,0.19561222,0.16640362,0.021214906,0.0031017188,-0.21329873429373128,0.15520822678318816
1671,-0.030792497,-0.0011020231,0.026661517,0.0015706159,0.03113227044409786,-0.022466882812113394
1672,-0.0052456353,0.018117903,0.012044897,0.0018099367,0.00902075429531854,-0.003971067933821589
1673,-0.123443276,0.15339853,0.04039046,0.0027979414,0.1588817535924283,0.13441827842031723
1674,0.2526113,0.2898516,0.051298007,0.008803814,-0.28087178028043364,0.3047755499265934
1675,0.080829374,-0.04918735,0.021929368,0.0019983696,-0.048940913592398494,-0.07329207098342552
1676,-0.021731503,0.012886808,0.05073092,0.0016217127,-0.09612800431617746,-0.004928185182571343
1677,-0.123397104,-0.07559666,0.049000368,0.0017657367,0.18544998161373824,-0.09749239026189943
1678,-0.039446693,-0.1638528,0.01408706,0.003757959,0.03487887432449669,-0.1868547576804035
1679,0.024893988,0.064363375,0.03884099,0.012442183,0.03883925544091787,0.023147125299256305
1680,-0.21911004,0.21067455,0.023684314,0.005674662,0.23229424322476222,0.20771987040842949
1681,-0.0005165995,-0.18492323,0.03702861,0.005129589,0.0010410821016269567,-0.19998337396694096
1682,0.13541748,0.10954026,0.015267784,0.0020015347,-0.1464245982061171,0.09282052376974191
1683,-0.074401595,0.20922756,0.024844818,0.0023103242,0.051181733888623265,0.19500522734685471
1684,-0.5504661,0.54265314,0.012319061,0.0073751784,0.5718397173221809,0.5439665691572727
1685,0.002837787,0.16394007,0.047984615,0.0048455535,-0.0018277033189702497,0.15697096147306575
1686,-0.33708662,0.21931425,0.031001154,0.004398258,0.3652420735108823,0.20372923231547851
1687,-0.060308743,0.048383337,0.035803847,0.0077802218,0.09596031044804955,0.03587342166283831
1688,0.24141037,0.0444012,0.015438712,0.0022323523,-0.24372059858312317,0.025869106813856114
1689,0.0089184875,0.06786288,0.024399577,0.005954393,0.012212601795571033,0.04956427553401018
1690,-0.07081518,0.025212806,0.01999164,0.0016480341,0.09353263627052759,0.005779407928143582
1691,-0.91490793,0.009591285,0.008870674,0.005705312,0.9394024089972483,-0.011633928405283604
1692,-0.024266122,0.016804775,0.019076863,0.002576006,-0.021259609960011732,-0.001649301056964948
1693,0.5736967,-0.19041613,0.008789141,0.0031225178,-0.5876759595278813,-0.21549467146492116
1694,-0.012354122,0.010763813,0.03810661,0.005486026,-0.018697563926114904,-0.01302501582667918
1695,-0.21351928,0.25480482,0.013069559,0.0023337982,0.23021302442874492,0.23807113883177242
1696,0.21862486,-0.17740871,0.042622954,0.0030603546,-0.19542919823938273,-0.20068272269140272
1697,0.05404685,0.0011362461,0.034394573,0.0033788385,-0.05118417821726835,-0.019524025432020708
1698,0.26108253,0.17604354,0.0253847,0.0021785782,-0.2852235638759159,0.15605957671737722
1699,-0.008505702,-0.034572054,0.013818788,0.0017341102,0.012806021552662602,-0.054963847597973105
1700,-0.009208821,0.07045501,0.018637238,0.002278296,0.016191094899188914,0.05218017892300272
1701,-0.040946003,0.26313514,0.02372995,0.0054614143,0.028058383763499447,0.2909630808133265
1702,0.14420459,0.39495677,0.049846,0.01463471,-0.10004145226870842,0.4157104471572643
1703,0.5718335,-0.18780175,0.011908851,0.002416201,-0.5836975885760827,-0.2086278904610807
1704,0.04569807,0.037992753,0.037178975,0.0023939104,-0.030484449386554608,0.015225976315200795
1705,0.13527024,0.28024554,0.019337997,0.0045314147,-0.14987545527561308,0.2799194330962466
1706,0.16595611,-0.24438474,0.01522587,0.0029026147,-0.16520625964624797,-0.2668884233741939
1707,0.3247328,-0.4440936,0.01757786,0.0076024816,-0.33835588055100513,-0.4905907801928115
1708,-0.57872766,-0.34279898,0.0348096,0.0073091285,0.6335963972226738,-0.3505310020182308
1709,0.059951633,0.0047085993,0.03276564,0.0030176213,-0.09287248548016408,-0.016417385724167097
1710,0.4936957,0.03826247,0.03094984,0.004577981,-0.45395889324572436,0.026333408328048532
1711,0.073933646,0.16716477,0.01826824,0.003803958,-0.07515946229392112,0.1531574540186903
1712,0.021368017,-0.042749144,0.013327796,0.0018447835,-0.017376966362217233,-0.06381643361005632
1713,0.4672099,-0.029819386,0.025984228,0.0055857874,-0.5089820755723841,-0.0592803295897652
1714,0.18102951,0.040981513,0.048700884,0.0019002864,-0.17081421650261142,0.021810931421293967
1715,-0.14612684,-0.27922496,0.03161985,0.0048034103,0.14183169404304236,-0.30202477568740654
1716,0.021368321,-0.09324387,0.013480706,0.0027059466,-0.020030773054157597,-0.11101669050923979
1717,-0.38600048,0.28562832,0.0168223,0.0036518907,0.43221496611573906,0.2714789238235132
1718,0.041992888,-0.08487733,0.023162732,0.002663056,-0.04142863372231168,-0.10747865810147635
1719,-0.39942983,-0.025161726,0.010207561,0.0024862315,0.40702734097616516,-0.04444093050144717
1720,-0.073371984,0.10415995,0.05479864,0.004896645,-0.07508333706586726,0.09594207418013946
1721,0.07236694,-0.0007046553,0.041543983,0.0050264853,-0.05101381597388369,-0.02899464430079128
1722,0.034299083,0.04068173,0.029399553,0.0015381954,-0.046768780300249786,0.02080269927142564
1723,-0.01709783,0.019265106,0.052487437,0.0036116235,0.0008290556151685016,-0.0012982840123443634
1724,-0.22576967,0.28273994,0.016393764,0.002981797,0.24833080320928969,0.2667207774924505
1725,-0.027065182,0.078995354,0.03432604,0.0028167753,0.017699697488204314,0.0628090040513358
1726,0.03273755,0.020120086,0.047250107,0.0019560556,-0.03911992842054073,-0.0003737528893977064
1727,0.03360667,0.36451027,0.019043647,0.0043624407,-0.022771627155752365,0.35257898563307466
1728,-0.14263025,-0.08579684,0.051819835,0.011362349,0.15390144421415308,-0.111172720657817
1729,-0.02240329,0.07633987,0.046521645,0.0021428133,0.017122624585570973,0.05772839362269865
1730,0.0113790445,-0.008382433,0.011653193,0.0015631,-0.0019036722429783943,-0.029442201663648537
1731,0.118165806,-0.6503868,0.038800053,0.014483791,-0.10248730898168296,-0.6703510613684557
1732,-0.08433833,0.26767892,0.027926736,0.016879555,0.061246150313726384,0.2353508406315658
1733,-0.25551525,-0.18833746,0.035893325,0.0101138465,0.25508281242663977,-0.2320465450190973
1734,0.06359027,-0.40600684,0.03222431,0.029009135,-0.04456863076014593,-0.39467656736054596
1735,0.068734,0.054050073,0.039276753,0.0015964514,-0.10342831833673506,0.03545998947437502
1736,0.24210757,0.036779474,0.016550425,0.0020219842,-0.23892321575148961,0.01447997870463881
1737,-0.043972954,0.00033161486,0.047178805,0.003908148,0.02649788147954717,-0.021159922837389215
1738,-0.050154045,0.10874021,0.012372518,0.0017613325,0.0331081458733128,0.09111487082352489
1739,-0.09588244,0.37005922,0.015362175,0.00331424,0.10939372523517421,0.36632796990962807
1740,0.032806013,-0.21094035,0.03464955,0.004087438,-0.0798084172993312,-0.2379006453087466
1741,0.062287074,-0.023615835,0.045227453,0.0018442242,-0.02259499704142499,-0.04477447339659163
1742,-0.5536785,0.1507061,0.012484723,0.0022383868,0.5859824855372948,0.13165863858137591
1743,-0.0063818768,0.038200367,0.05970037,0.0024065808,0.029415764514960224,0.01957550952154258
1744,0.8136371,-0.14710969,0.012014157,0.0050032367,-0.8252970566369382,-0.16727785540858575
1745,0.10977117,-0.29423055,0.017397575,0.00726738,-0.09704398841307689,-0.35516656870054814
1746,0.5862855,-0.15918508,0.02011573,0.0039236415,-0.6073884134912113,-0.18355134690062347
1747,-0.007214189,0.26842463,0.048768662,0.0030899036,-0.024357014584984262,0.26401505525837127
1748,-0.0402118,-0.019803338,0.048091087,0.0044948678,0.01707424846985226,-0.04934092098629327
1749,-0.26675636,-0.24613567,0.02021048,0.014549077,0.31226118201836495,-0.33492207018962694
1750,0.0005139038,-0.06027286,0.049666904,0.001623946,-0.0042459304205313885,-0.08225833611545107
1751,0.06358677,-0.13500755,0.023908978,0.0020739802,-0.0726300753287826,-0.158432235688319
1752,0.0937015,0.7040192,0.024606636,0.021110674,-0.08219647343734328,0.714251207279125
1753,0.3277524,0.3870443,0.014220696,0.003332226,-0.34295052691143113,0.3879995996442341
1754,0.018781045,-0.11054425,0.024274275,0.0018899399,-0.004244068586379718,-0.1340777015097143
1755,0.45484498,-0.34314024,0.0183476,0.0062616467,-0.4758329663565441,-0.36514558476138237
1756,-0.019589534,0.040823508,0.017243508,0.0028936625,0.018488785771761506,0.02133842917847672
1757,0.020925855,0.021927696,0.028396828,0.001331496,-0.04177295937108138,0.0017586897451564445
1758,-0.005541069,0.052239727,0.0317962,0.007420389,0.03750363517922622,0.029081901263297356
1759,0.09644074,0.054436117,0.009528359,0.0028911857,-0.09772546918462391,0.036018596221795006
1760,-0.0033212658,0.022603974,0.016733795,0.0018941523,0.02294752056922026,0.004283293812348066
1761,0.096043885,0.3298226,0.04567718,0.0046941256,-0.17375433966396137,0.3200638526934703
1762,-0.08200077,-0.26507482,0.03173003,0.008125031,0.07840011495756001,-0.278519919444596
1763,0.5020057,-0.32135037,0.037819453,0.007927455,-0.5047646766821302,-0.3492602462627033
1764,0.015753131,0.079108655,0.049972445,0.0057668807,-0.018968608331734263,0.07041938269499652
1765,0.035497252,0.021055438,0.028203188,0.0013740397,0.018451570420709346,-0.0004634805904930273
1766,-0.07473983,0.102922015,0.038299605,0.002732112,0.0882357252861374,0.08522775146931132
1767,0.03969154,0.009070996,0.013755296,0.0013826699,-0.043382249003563855,-0.011078518570067461
1768,0.6061622,-0.44146314,0.02136638,0.011334464,-0.6729562341187922,-0.5065209210592396
1769,0.09840463,-0.26445454,0.026659893,0.0035192822,-0.09954033584426325,-0.2846507778494976
1770,0.0487435,-0.016296932,0.02906241,0.0027421266,-0.057471311528544136,-0.036590126878119134
1771,-0.50797534,0.0185839,0.018372996,0.0028984926,0.547130592862188,0.0005797194255238385
1772,-0.0293825,-0.0361716,0.054107282,0.0045180526,-0.04437023625737791,-0.06317502332470953
1773,0.3678962,-0.22504224,0.050629836,0.006221341,-0.372389258568195,-0.2589411669548739
1774,-0.37103814,-0.2409921,0.020668095,0.009286511,0.3855233950549667,-0.2773977269078214
1775,0.13225289,0.124945655,0.04974744,0.0026034145,-0.12991528399223315,0.10858679848885856
1776,0.043913733,0.037189208,0.018925274,0.0018430584,-0.03301133409432569,0.017942103612525302
1777,-0.00065092964,0.02003605,0.013577616,0.0017439713,0.001802153280888692,0.0016363518484926877
1778,0.071883745,-0.0702115,0.016876223,0.0020727543,-0.07028791036436756,-0.08872701740389426
1779,-0.07975896,0.02071911,0.03760754,0.0028218355,0.07458090982261617,0.0030368240933958688
1780,0.10505479,-0.17160082,0.03342164,0.010312199,-0.15815590089319445,-0.16750767274326298
1781,0.0111542335,0.02427306,0.03771167,0.0039986814,0.025736431726570034,0.0050166853218878505
1782,-0.01992262,-0.07451603,0.053956512,0.0022213252,0.04512552367885048,-0.09528444815413803
1783,0.030742208,0.08436194,0.016122123,0.0021781856,-0.02294995933514142,0.06822793949074996
1784,-0.23773523,-0.1662884,0.047930762,0.002929974,0.27464612851780346,-0.18899797252001663
1785,-0.2957873,-0.13567492,0.053581223,0.013079901,0.3790217561592251,-0.16723492551772126
1786,0.040674362,-0.07386841,0.01079715,0.0023899882,-0.03797791030632718,-0.0949404428791225
1787,0.040139887,-0.19901414,0.050966468,0.0033795848,-0.0177594544597331,-0.2243379173908313
1788,0.21498471,0.5059611,0.015655495,0.0027362558,-0.21768939424387776,0.49810604173666856
1789,0.18716975,0.15316513,0.01723929,0.0035892276,-0.2165471877791932,0.14840954107590207
1790,-0.13434398,-0.053203937,0.02183735,0.0023786975,0.14110647743654806,-0.07619645117608237
1791,-0.029869402,0.026682679,0.014049679,0.0019185536,0.02518664038687689,0.007281083712332481
1792,-0.077496596,0.09113848,0.016296303,0.001853256,0.08198487484655873,0.07250570476340966
1793,-0.03722811,0.10228393,0.040821195,0.0021912567,0.012293639521631953,0.08442697570353172
1794,0.4579979,0.6363664,0.0131802745,0.009407902,-0.4862655881020938,0.6674788873734538
1795,0.14789373,0.09816347,0.02751975,0.006634224,-0.14450145383287372,0.07053345302375685
1796,0.008623594,0.053859632,0.035488993,0.0016681857,0.009471920778876161,0.035463185713332374
1797,0.14633064,-0.15999435,0.0491057,0.0033457573,-0.10709183810222202,-0.18287044736598823
1798,0.010684536,0.020653587,0.028422438,0.002450857,-0.012728266010060019,0.003821785715713833
1799,-0.03288719,-0.053752974,0.017918544,0.0018901675,0.03920752447854048,-0.07589305406112569
1800,-0.39277712,-0.04008026,0.025080848,0.0023257914,0.40827046825239643,-0.0624911969805632
1801,0.16210574,-0.01292261,0.0146426475,0.0034528489,-0.19336614525519724,-0.03687189943587905
1802,0.047249325,0.16947427,0.015924564,0.0029321832,-0.050166634204692875,0.15560048898846324
1803,0.30844113,-0.13554864,0.036862828,0.008886961,-0.3576229591827969,-0.1703227270379075
1804,0.5234592,-0.27287784,0.016282115,0.00604676,-0.5221308613137574,-0.2937617435080898
1805,0.07423038,0.21838407,0.018055651,0.0042999806,-0.07089166230593043,0.21647174849561532
1806,-0.6786945,0.1473103,0.0082096,0.006074557,0.6905179864322883,0.13514499048782028
1807,0.0039578015,0.038464837,0.049265265,0.0015582996,0.0007531649805714052,0.01986215447814839
1808,0.0035088565,0.01545352,0.048833832,0.0030621446,-0.021039523145167955,-0.005995769247984512
1809,0.43838993,-0.22473554,0.013821964,0.0047115106,-0.5024298021879279,-0.2699787285783917
1810,0.13735758,-0.048161723,0.04726693,0.0069148857,-0.09905721644900072,-0.0817507852549231
1811,0.3452933,0.10082524,0.015738465,0.0019865474,-0.34979427724427864,0.08097601545347884
1812,0.119417146,0.09155388,0.04551705,0.0022068415,-0.16240887404252735,0.07472074902694666
1813,-0.15852322,0.2958259,0.058284022,0.010201873,0.17923410588676547,0.31219680277068323
1814,-0.058748852,0.0060754847,0.013210039,0.0014872978,0.06539683671678208,-0.012219582090490183
1815,0.21775106,0.055780765,0.038783196,0.001779959,-0.2510317568131769,0.03727473021655714
1816,-0.011927386,0.066543795,0.020316198,0.002033311,0.04844300690839944,0.04679839648538687
1817,-0.011044151,-0.025655888,0.016956862,0.0019188222,0.013973591993522534,-0.047517394820237736
1818,0.019556874,0.36994934,0.034510095,0.0033763368,-0.03456510005547649,0.3622420015211131
1819,-0.23646817,0.036772955,0.02952468,0.0023826763,0.2367692840841793,0.020529013276244974
1820,-0.63422346,-0.24242152,0.014300611,0.006765322,0.6476939790799667,-0.27825603881064004
1821,-0.033515368,0.07695904,0.04374047,0.0051657506,-0.010079522211076598,0.07333013651064503
1822,-0.09343645,-0.040429547,0.012849624,0.0015492911,0.09769333602791334,-0.06212987149583563
1823,-0.023342947,-0.17453487,0.016728401,0.004275111,0.01891517779656743,-0.21857976526882333
1824,0.038387023,-0.05925284,0.05200579,0.0054820715,0.012280139238388199,-0.08890927658751854
1825,-0.054053776,0.049243517,0.033464525,0.0020467942,0.05950973295816742,0.03291243775232506
1826,0.017528953,0.019916978,0.022142189,0.0030241325,-0.013942263328137793,0.004544395146932125
1827,0.29881462,-0.10979671,0.012304811,0.001833435,-0.30749415754329606,-0.13516263936972786
1828,0.0064525926,0.04586833,0.051220883,0.0035556178,-0.034819763654544915,0.03072481875423848
1829,-0.020603403,0.026981696,0.015422747,0.0021992903,0.022877638608665384,0.00931626925638501
1830,0.00026708748,0.32307246,0.048308514,0.0071826265,-0.07551892297049598,0.3254590339444272
1831,-0.43356365,0.016003508,0.012931179,0.0038321025,0.4497070360083732,-0.00641692701869889
1832,0.11049064,0.060982402,0.029454421,0.0022891369,-0.12501224997099908,0.043211967000858914
1833,-0.2701976,-0.087458774,0.039807416,0.0037462497,0.31838645630984364,-0.11443098917196723
1834,-0.031735014,0.52167565,0.021438492,0.004988593,0.0733557817189998,0.5117271121312308
1835,0.031129997,0.049216386,0.041085068,0.001464818,-0.004327300401815905,0.02922528440003537
1836,-0.008302974,0.15468553,0.05594007,0.0048716906,0.05276167369401741,0.14544351800971228
1837,0.015708422,-0.006362401,0.05318783,0.0030457494,0.03721774488006876,-0.01658436478806474
1838,0.017236652,-0.02190246,0.033980995,0.00499808,0.031322367159004265,-0.03396796412444356
1839,-0.0422096,0.045751706,0.018556852,0.0056529636,0.0411957685141724,0.028456157494582853
1840,-0.44401452,-0.059484802,0.024900982,0.0027564699,0.45937361910443886,-0.08535947197819958
1841,0.087736994,-0.105337426,0.022565126,0.0028809574,-0.09496925415745923,-0.1326984432176232
1842,-0.01015644,0.014658394,0.036907867,0.0019000488,0.007815675724639815,-0.007991650374509818
1843,0.3555953,-0.23832788,0.01891662,0.006694199,-0.3811960854676207,-0.2726736885912251
1844,-0.03972424,-0.1274229,0.041709214,0.002716287,0.06458877405990898,-0.14962943155147312
1845,-0.011809223,0.09651812,0.019637402,0.0020172491,0.019192626398075938,0.07829857934243498
1846,-0.20492977,0.11071841,0.0640528,0.00453329,0.1591744977606193,0.0993829520761941
1847,0.046109732,0.025764503,0.018845497,0.001674718,-0.0263848531032494,0.0069290985783741115
1848,-0.039142314,-0.3353629,0.01584959,0.0039047115,0.02763760867259193,-0.3759574357421006
1849,-0.012029368,0.020928424,0.028251627,0.002880616,0.009356709108020559,0.0018825735846311488
1850,0.08989125,0.21567842,0.018899538,0.0021528546,-0.07711181005775837,0.19825650449329116
1851,0.05973663,0.0863529,0.013327324,0.0020344094,-0.06811855643467267,0.06739744393204113
1852,-0.06425673,0.2920222,0.019373305,0.0048839888,0.0438505151357732,0.2674842454614731
1853,0.052807957,0.026139587,0.05297043,0.005065914,0.054950598378291964,0.007245775397767245
1854,0.5192501,-0.11867985,0.0156093715,0.0038540473,-0.5387015199603756,-0.14118768365625378
1855,-0.036515273,-0.0075231865,0.026542071,0.0018608851,0.010631516458206713,-0.028856675240583003
1856,0.011012407,0.018472299,0.014909874,0.0014589756,-0.009278486961522925,-0.001909277555749694
1857,-0.19815296,-0.16510224,0.028894378,0.008617451,0.19991652024386922,-0.17831759815184062
1858,-0.21339893,0.5773901,0.014359721,0.00669411,0.22457859615743778,0.5841396997069517
1859,-0.23854625,0.08622532,0.04763039,0.0031541688,0.2708474657628495,0.07212591542479055
1860,0.3059353,-0.2020317,0.013627947,0.0029622018,-0.30849947399919736,-0.22047070547704062
1861,0.4403528,-0.2794051,0.01850653,0.0060289707,-0.47765651638217865,-0.3036563651546781
1862,-0.06503773,-0.32274795,0.016352247,0.006181577,0.04709888914287033,-0.35120984313257525
1863,-0.009269084,0.0027463112,0.019162355,0.0024391504,0.005035760890071751,-0.017532944975425662
1864,-0.111724876,-0.4080385,0.05173585,0.008608104,0.14621081057173796,-0.4411306208200124
1865,0.050978515,-0.19230385,0.017026598,0.002683549,-0.05009114657561278,-0.21470463625526953
1866,-0.004604223,0.018750401,0.014789364,0.0023690031,0.0012224488994987965,0.00030871288654131166
1867,0.3088303,0.16816895,0.011884584,0.0025951234,-0.32947675987747255,0.15527783338187912
1868,0.022325633,0.036271226,0.017151639,0.0026968652,-0.025479333994071422,0.020606745437970437
1869,0.5766743,0.012224888,0.028320232,0.0034667433,-0.5336423643271607,-0.005895494028489255
1870,0.16433874,0.025163803,0.039735474,0.0054298136,-0.14843827618380678,0.011709758175274414
1871,-0.1968585,-0.1125261,0.016342396,0.0021183726,0.20967883718620772,-0.13218750942989782
1872,-0.09336911,-0.050219063,0.017794298,0.0030662038,0.08507990029113288,-0.06926708263151149
1873,-0.22000416,-0.015907219,0.014573333,0.0016620882,0.23095973713627088,-0.03741497387820036
1874,-0.20492977,0.11071841,0.0640528,0.00453329,0.1591744977606193,0.0993829520761941
1875,-0.06764695,-0.046316594,0.013164156,0.0016984555,0.07160335564674665,-0.06726736833615822
1876,0.12811878,-0.249559,0.014995605,0.003266799,-0.1073915137221718,-0.2754477625236074
1877,0.5166064,-0.03929053,0.030838184,0.0026042257,-0.557911209292857,-0.05938172087125304
1878,0.037926022,-0.01831214,0.016264403,0.0018559783,-0.04242261776058352,-0.03604598124295677
1879,-0.02072202,-0.007827269,0.034178473,0.005573777,-0.043470970361284896,-0.03129040276854039
1880,0.07354692,-0.032657042,0.030076496,0.001714445,-0.0754777852619468,-0.0535358210850319
1881,0.564593,-0.31044376,0.0083331475,0.0038182822,-0.5863188487751739,-0.3356873293269202
1882,0.13247052,-0.5853901,0.017867958,0.006188764,-0.1492572176579382,-0.6378255409978267
1883,-0.25171682,0.07517037,0.04561591,0.002872717,0.21770587462346544,0.05829337936358647
1884,-0.12728582,0.051981103,0.03270772,0.0028861593,0.1296446257324975,0.03152818509865834
1885,0.064553596,0.03142239,0.024256937,0.0033258977,-0.07177574622054453,0.013688950605074997
1886,0.05074607,0.07943537,0.03147153,0.002454596,-0.07618122675145095,0.05916251978607903
1887,0.08485618,-0.035692416,0.0303453,0.0017505477,-0.11233741250787543,-0.05588739693542544
1888,-0.29578784,-0.045119524,0.05072457,0.0038348278,0.30902325092211635,-0.0709890547412448
1889,0.022325633,0.036271226,0.017151639,0.0026968652,-0.025479333994071422,0.020606745437970437
1890,0.010172812,0.010862454,0.051707774,0.0017385909,0.000947594209748995,-0.01004656135086377
1891,0.00066800544,-0.100112855,0.054987542,0.0023269593,0.021831748155226705,-0.1225875642755811
1892,0.14956191,-0.004838731,0.037109017,0.002749554,-0.158012100026222,-0.025930543521607955
1893,-0.11429254,-0.1629455,0.03239455,0.0216026,0.1520031605628995,-0.19651760846780789
1894,0.031514,0.046975482,0.015902858,0.00260986,-0.02399195995645568,0.0275490048665787
1895,-0.037956253,0.04359337,0.013072854,0.0019424066,0.037115005159748145,0.02541979837061494
1896,0.15477946,0.21012627,0.021530904,0.0026984164,-0.1662165276018715,0.19672502810722522
1897,0.14877975,-0.028619729,0.017937278,0.003203875,-0.18447456291573927,-0.05696821747931389
1898,0.11484839,-0.17782038,0.015135698,0.006763708,-0.09973082894905241,-0.20225263962102707
1899,0.7537999,0.59415054,0.007996042,0.01185486,-0.7674683015306143,0.5844138445490972
1900,0.62513566,0.59867805,0.008954799,0.008724819,-0.6435152873664457,0.5945716230032944
1901,0.0156719,-0.03937516,0.018015493,0.0015670847,-0.002249200869565483,-0.06271037693944549
1902,-0.5630618,-0.55363333,0.021046247,0.008067084,0.5770045233729572,-0.5540997444525124
1903,0.016320512,0.04703461,0.051698487,0.0057119145,0.005068332397240529,0.03407684004492664
1904,0.034907985,0.04491807,0.03438352,0.001735366,0.015461711206560749,0.024433259892177418
1905,0.098413534,0.13869005,0.014913044,0.0017364315,-0.08666901722035014,0.12248390995951906
1906,-0.55965245,-0.30044335,0.015192644,0.005409186,0.570451488821968,-0.3192413429655826
1907,0.07450918,0.012958364,0.042202476,0.0013481101,-0.09295290717600621,-0.0068767891722174655
1908,-0.69083977,-0.4006838,0.04290119,0.016258013,0.6684316270313887,-0.4654257812281251
1909,0.3361269,-0.13821857,0.022927647,0.0033994983,-0.3670298441080294,-0.15957632948480027
1910,-0.35627434,-0.6624061,0.013188863,0.005153446,0.36424806398474185,-0.6831454923485221
1911,0.23169878,-0.34203285,0.015552097,0.004162213,-0.22339286457410132,-0.36979111924631547
1912,-0.075704955,0.49710232,0.014028167,0.0047127595,0.07619290196697313,0.48119678778803765
1913,-0.24817075,0.28854296,0.026353177,0.005592299,0.28065856422433855,0.2778256187278935
1914,-0.31268632,0.44143656,0.043172166,0.040172942,0.3946319277186541,0.5497359218958118
1915,-0.009299242,0.030569449,0.026300926,0.002142625,-0.0066726654603708494,0.011620150650653312
1916,-0.49325225,-0.13281533,0.017052263,0.0027968036,0.5154590464787515,-0.15496535534968336
1917,0.06210384,-0.07403067,0.03418066,0.009084553,-0.03145302514594742,-0.1049444170355615
1918,-0.4682242,-0.68100387,0.013027671,0.009817057,0.4776389299892624,-0.6941291104304868
1919,0.5167448,0.32642877,0.012301046,0.0037218116,-0.5370381585997663,0.31919174578923143
1920,-0.19366322,0.23726892,0.034200832,0.010615534,0.23421999747644387,0.2198701015614441
1921,0.34353378,-0.37148252,0.047111258,0.014157569,-0.4230797991754477,-0.43151740757124446
1922,0.082561605,-0.046283744,0.03374164,0.0020202058,-0.09551525891752724,-0.06706616015625401
1923,-0.030257314,-0.011560066,0.014430225,0.0023655405,0.0051282476483602,-0.030629425590985804
1924,-0.0115739275,0.03739809,0.020168185,0.0034568962,0.004963873955815689,0.02102900207838858
1925,0.8317691,0.42531502,0.0075164973,0.009193029,-0.8519681378528746,0.41145424827256133
1926,-0.13260886,0.42138433,0.014677067,0.006619148,0.15194699036584777,0.4466787870720954
1927,-0.2250675,0.1973453,0.052317522,0.019987205,0.34016204281066664,0.27926642031550997
1928,-0.040656567,0.10753699,0.012538171,0.001997433,0.04632693970353393,0.08823282843339919
1929,-0.06353787,-0.08849982,0.056417227,0.0032234464,0.08629671336495405,-0.11499343468158241
1930,-0.11705743,0.49061415,0.025919762,0.0076881144,0.11329058807948716,0.4802607159409025
1931,0.004408073,0.02650821,0.019955184,0.0020367522,0.006468245992015389,0.008445056226308471
1932,-0.081034236,-0.14317353,0.015214013,0.00261208,0.08597672773742043,-0.16782039873524907
1933,0.042217612,-0.108740285,0.020747148,0.0045996523,-0.028021301154440237,-0.13235802544840788
1934,-0.14704633,0.39638034,0.037738986,0.018310443,0.18089308480725097,0.36144429472059864
1935,0.11633315,-0.034439005,0.039685175,0.0023336303,-0.14665392720548134,-0.056211256784614985
1936,-0.46508825,-0.15078416,0.010797504,0.0025417225,0.4901310643031331,-0.17329998517002893
1937,-0.013341875,-0.10447924,0.013082384,0.0023336378,0.010364791962066492,-0.13202813999734936
1938,-0.38285676,-0.6266593,0.020248212,0.010567518,0.44047286324495877,-0.7090526672244646
1939,-0.424524,-0.006760937,0.05219194,0.0066311196,0.4420722267693789,-0.02427304364530703
1940,0.021500153,0.02265201,0.022894556,0.0017771787,-0.04170683494682878,0.003258410916343032
1941,0.1612433,-0.6148358,0.017347435,0.003160946,-0.13663006370006495,-0.6376540210031084
1942,0.032501034,-0.20258436,0.0327443,0.0049448865,-0.041524561541792376,-0.24197946596809133
1943,-0.040120203,-0.026698,0.019418206,0.0030030764,0.06864736343213504,-0.04940839826789081
1944,-0.0039228145,0.08831028,0.032204915,0.0059582666,-0.05181910414943453,0.0800273828574883
1945,0.18156555,0.4330191,0.04862549,0.0060041538,-0.2123861593696855,0.4213772649150166
1946,0.13952334,-0.38955554,0.016795574,0.0043370854,-0.1329691978504071,-0.41142620633885596
1947,0.109831,0.11445632,0.03712993,0.006657252,-0.14927269723778014,0.11303074313424247
1948,-0.0026601292,0.022829272,0.05992866,0.002581709,-0.0035902980487089774,0.0033980858594011066
1949,-0.012148429,0.07140753,0.017142618,0.0021381918,0.029498097689440332,0.052180843231795594
1950,-0.37052047,-0.0015622687,0.026312537,0.0031119655,0.40819567623994013,-0.022701936236466616
1951,0.4188243,0.57518893,0.015423686,0.005276509,-0.4287286478313137,0.5864775358058487
1952,0.08793168,0.061604604,0.04056447,0.0023577649,-0.018866722969141034,0.04262135637828715
1953,0.43936533,0.13693376,0.013449419,0.005130133,-0.48670474542495556,0.12701671366552159
1954,-0.2775603,-0.2392879,0.05207018,0.0058603473,0.21570146102605178,-0.2686701335477253
1955,-0.021203874,0.18624216,0.044901874,0.0056133037,-0.03172444412194771,0.17034614054456843
1956,-0.43883574,-0.10944346,0.018308625,0.0042347168,0.473731465545162,-0.13819497400451555
1957,-0.037296895,0.11994049,0.024415981,0.005812099,0.05676435050918217,0.11007348709545618
1958,0.54970676,0.16677698,0.013432952,0.0025120769,-0.560398610342608,0.15244922008790152
1959,0.056424405,0.04939091,0.04324203,0.0023495688,0.11110778444925629,0.03324852092764351
1960,-0.010252914,0.016849395,0.049567193,0.0017573353,0.04162002617178203,-0.0038182375208959895
1961,0.16770932,-0.001397724,0.028948579,0.0035219388,-0.16037403050110324,-0.01750002997438637
1962,0.25548595,0.8459594,0.015883613,0.0056098225,-0.24907063618177683,0.859338299807278
1963,0.13120183,-0.19117595,0.051637467,0.0037013027,-0.17188815220747802,-0.21454107114641044
1964,-0.014366396,0.09591639,0.055312663,0.002485745,0.09621777463300284,0.07764258637861779
1965,-0.053739835,0.011465778,0.012241224,0.0016072893,0.05959004513899284,-0.009702181409042514
1966,0.2925865,-0.01772354,0.022188945,0.0025758317,-0.2774168901664354,-0.03471144120953422
1967,0.082291394,0.10588514,0.017954959,0.0018252902,-0.07902681152797394,0.0907957407398479
1968,0.1025609,-0.27757293,0.016225463,0.005925121,-0.11533814425808317,-0.3362191155620835
1969,-0.3436922,-0.21393524,0.015714526,0.0029185894,0.35913261267872415,-0.23407559478101095
1970,0.07170183,-0.07386705,0.05679213,0.0018543956,-0.14727936186812596,-0.09484515495661727
1971,0.5014715,-0.06725178,0.015612776,0.004089591,-0.5115278442295297,-0.09048525316292741
1972,-0.019885853,0.11562899,0.036472682,0.002958862,0.023987559918349572,0.10018759565050044
1973,-0.0019314253,0.09623083,0.049612567,0.0053880312,0.03992095842087663,0.09233592459978657
1974,-0.1828956,0.02142541,0.04703449,0.0036423411,0.21768475423365025,0.00453155368178455
1975,-0.3884914,-0.3431968,0.03004596,0.016379556,0.3877848683502291,-0.3764828544772431
1976,0.25007653,0.016273478,0.022109652,0.0025569918,-0.2596428690938012,-0.0017679980408362344
1977,0.10271452,0.015882444,0.054410692,0.0026087556,-0.21289263059083413,-0.003977310854100953
1978,-0.12415711,-0.3626373,0.03131673,0.017509896,0.10968489855350354,-0.37604996144777403
1979,-0.09701554,0.22017105,0.045537546,0.002750558,0.18659834911152604,0.20147565650595597
1980,0.11409635,-0.51493436,0.020656185,0.01071797,-0.09018361860450949,-0.545328540003484
1981,-0.017828066,0.28140807,0.028489403,0.01925851,0.03524472596499228,0.26766756907060163
1982,0.008332806,0.019210901,0.054513186,0.0034236251,-0.05275600071366089,0.000888802375295923
1983,-0.08202892,0.04571221,0.026166685,0.0025528301,0.11820146084989072,0.025620082152238287
1984,-0.12901767,-0.0532647,0.04565919,0.0017634003,0.259985863203779,-0.07491404485510497
1985,0.05016032,0.0027707217,0.049210005,0.0030640664,-0.033395885578103815,-0.021832192109735502
1986,-0.39231998,0.25855643,0.05167415,0.009479484,0.4077538989467235,0.24409717395483807
1987,0.028056862,0.04176475,0.01409423,0.0016430458,-0.03904732242405759,0.02063657878174088
1988,-0.0133394515,-0.062839,0.013636767,0.0017951202,0.010539464298257185,-0.08378565096797015
1989,-0.15779798,0.07921712,0.057833746,0.0025232327,0.1325569702991645,0.06428831626314546
1990,0.019029649,-0.101495504,0.015043283,0.0020465865,-0.040410861367250556,-0.1265600598155717
1991,-0.28053865,-0.106432,0.024940517,0.0023154402,0.31146344087560834,-0.12733355154130355
1992,-0.11877141,0.19670339,0.037443463,0.016576517,0.06589992765478728,0.15980732360854452
1993,0.334733,0.3291837,0.014047682,0.0026676033,-0.3387230099333498,0.31715650431013565
1994,0.09514945,-0.1579702,0.029100161,0.0022816842,-0.11876916493935906,-0.18233722378032383
1995,-0.009789282,-0.010977845,0.02768059,0.0016035362,-0.0067735268302332,-0.032564264303367445
1996,-0.2208102,0.23254903,0.04923723,0.005281989,0.2561078138025279,0.21993092782711102
1997,-0.6246933,0.055255163,0.01725874,0.005087849,0.7169492600519979,0.03666873719033779
1998,-0.30501303,-0.32569215,0.015325664,0.0045882156,0.3004858736051196,-0.3527196624681336
1999,0.17775889,0.3583863,0.033512022,0.0036667755,-0.12116780748996547,0.34988873193323616
